method	analysis_scope	tissue	gene_id	gene_symbol	comparison_role	independently_selected_gene	n_retained_pathways	retained_pathway_ids	retained_pathway_terms	retained_pathway_labels	n_concordant_pathways	n_discordant_pathways	any_concordant_bh_fdr	minimum_gene_fdr	project_balanced_gene_log2cpm_effect	gene_flt_gc_direction	analysis_roles	pathway_robustness_statuses
expiMap	canonical_tissue	liver	ENSMUSG00000037649	H2-DMa	member_of_retained_expimap_pathway	False	1	R-MMU-2132295	R-MMU-2132295_MHC_CLASS_II_ANTIGEN_PRESENTATION	MHC class II antigen presentation	1	0	False	0.1390023235969076	-0.5702545685437019	FLT_lower	main	triangulated
expiMap	canonical_tissue	liver	ENSMUSG00000079547	H2-DMb1	member_of_retained_expimap_pathway	False	1	R-MMU-2132295	R-MMU-2132295_MHC_CLASS_II_ANTIGEN_PRESENTATION	MHC class II antigen presentation	1	0	False	0.1390023235969076	-0.5348973560852215	FLT_lower	main	triangulated
expiMap	canonical_tissue	liver	ENSMUSG00000036594	H2-Aa	member_of_retained_expimap_pathway	False	2	R-MMU-202403;R-MMU-2132295	R-MMU-202403_TCR_SIGNALING;R-MMU-2132295_MHC_CLASS_II_ANTIGEN_PRESENTATION	MHC class II antigen presentation;T-cell receptor signaling	2	0	False	0.1420565951642209	-0.6082635723122992	FLT_lower	main	triangulated
expiMap	canonical_tissue	liver	ENSMUSG00000024610	Cd74	member_of_retained_expimap_pathway	False	1	R-MMU-2132295	R-MMU-2132295_MHC_CLASS_II_ANTIGEN_PRESENTATION	MHC class II antigen presentation	1	0	False	0.1441339492246389	-0.6462108310963541	FLT_lower	main	triangulated
expiMap	canonical_tissue	liver	ENSMUSG00000060586	H2-Eb1	member_of_retained_expimap_pathway	False	2	R-MMU-202403;R-MMU-2132295	R-MMU-202403_TCR_SIGNALING;R-MMU-2132295_MHC_CLASS_II_ANTIGEN_PRESENTATION	MHC class II antigen presentation;T-cell receptor signaling	2	0	False	0.1441339492246389	-0.6171867976610891	FLT_lower	main	triangulated
expiMap	canonical_tissue	liver	ENSMUSG00000073421	H2-Ab1	member_of_retained_expimap_pathway	False	2	R-MMU-202403;R-MMU-2132295	R-MMU-202403_TCR_SIGNALING;R-MMU-2132295_MHC_CLASS_II_ANTIGEN_PRESENTATION	MHC class II antigen presentation;T-cell receptor signaling	2	0	False	0.1500905453769624	-0.6130032957882562	FLT_lower	main	triangulated
expiMap	canonical_tissue	liver	ENSMUSG00000038642	Ctss	member_of_retained_expimap_pathway	False	1	R-MMU-2132295	R-MMU-2132295_MHC_CLASS_II_ANTIGEN_PRESENTATION	MHC class II antigen presentation	1	0	False	0.1591265600907747	-0.4292562449935054	FLT_lower	main	triangulated
expiMap	canonical_tissue	liver	ENSMUSG00000030137	Tuba8	member_of_retained_expimap_pathway	False	1	R-MMU-2132295	R-MMU-2132295_MHC_CLASS_II_ANTIGEN_PRESENTATION	MHC class II antigen presentation	0	1	False	0.1654635672138117	0.3822662229170424	FLT_higher	main	triangulated
expiMap	canonical_tissue	liver	ENSMUSG00000023274	Cd4	member_of_retained_expimap_pathway	False	1	R-MMU-202403	R-MMU-202403_TCR_SIGNALING	T-cell receptor signaling	1	0	False	0.17725780646366	-0.5976144946627759	FLT_lower	main	triangulated
expiMap	canonical_tissue	liver	ENSMUSG00000026395	Ptprc	member_of_retained_expimap_pathway	False	1	R-MMU-202403	R-MMU-202403_TCR_SIGNALING	T-cell receptor signaling	1	0	False	0.17725780646366	-0.4699494380983866	FLT_lower	main	triangulated
expiMap	canonical_tissue	liver	ENSMUSG00000031838	Ifi30	member_of_retained_expimap_pathway	False	1	R-MMU-2132295	R-MMU-2132295_MHC_CLASS_II_ANTIGEN_PRESENTATION	MHC class II antigen presentation	1	0	False	0.17725780646366	-0.3245070223133751	FLT_lower	main	triangulated
expiMap	canonical_tissue	liver	ENSMUSG00000002699	Lcp2	member_of_retained_expimap_pathway	False	1	R-MMU-202403	R-MMU-202403_TCR_SIGNALING	T-cell receptor signaling	1	0	False	0.1939995727842712	-0.3083111958297196	FLT_lower	main	triangulated
expiMap	canonical_tissue	liver	ENSMUSG00000021190	Lgmn	member_of_retained_expimap_pathway	False	1	R-MMU-2132295	R-MMU-2132295_MHC_CLASS_II_ANTIGEN_PRESENTATION	MHC class II antigen presentation	1	0	False	0.1939995727842712	-0.1537303602710282	FLT_lower	main	triangulated
expiMap	canonical_tissue	liver	ENSMUSG00000008348	Ubc	member_of_retained_expimap_pathway	False	1	R-MMU-202403	R-MMU-202403_TCR_SIGNALING	T-cell receptor signaling	1	0	False	0.2300478031429421	-0.2369899703171956	FLT_lower	main	triangulated
expiMap	canonical_tissue	liver	ENSMUSG00000034311	Kif4	member_of_retained_expimap_pathway	False	1	R-MMU-2132295	R-MMU-2132295_MHC_CLASS_II_ANTIGEN_PRESENTATION	MHC class II antigen presentation	1	0	False	0.2349855413992914	-0.2788889792834813	FLT_lower	main	triangulated
expiMap	canonical_tissue	liver	ENSMUSG00000023015	Racgap1	member_of_retained_expimap_pathway	False	1	R-MMU-2132295	R-MMU-2132295_MHC_CLASS_II_ANTIGEN_PRESENTATION	MHC class II antigen presentation	1	0	False	0.2396870361271395	-0.3471967911040571	FLT_lower	main	triangulated
expiMap	canonical_tissue	liver	ENSMUSG00000022148	Fyb1	member_of_retained_expimap_pathway	False	1	R-MMU-202403	R-MMU-202403_TCR_SIGNALING	T-cell receptor signaling	1	0	False	0.247625393183439	-0.2164063837604599	FLT_lower	main	triangulated
expiMap	canonical_tissue	liver	ENSMUSG00000032254	Kif23	member_of_retained_expimap_pathway	False	1	R-MMU-2132295	R-MMU-2132295_MHC_CLASS_II_ANTIGEN_PRESENTATION	MHC class II antigen presentation	1	0	False	0.2559664535087575	-0.3073339334979011	FLT_lower	main	triangulated
expiMap	canonical_tissue	liver	ENSMUSG00000034330	Plcg2	member_of_retained_expimap_pathway	False	1	R-MMU-202403	R-MMU-202403_TCR_SIGNALING	T-cell receptor signaling	1	0	False	0.2559664535087575	-0.2998475110833586	FLT_lower	main	triangulated
expiMap	canonical_tissue	liver	ENSMUSG00000026288	Inpp5d	member_of_retained_expimap_pathway	False	1	R-MMU-202403	R-MMU-202403_TCR_SIGNALING	T-cell receptor signaling	1	0	False	0.2984540012890468	-0.211145510227297	FLT_lower	main	triangulated
expiMap	canonical_tissue	liver	ENSMUSG00000030774	Pak1	member_of_retained_expimap_pathway	False	1	R-MMU-202403	R-MMU-202403_TCR_SIGNALING	T-cell receptor signaling	1	0	False	0.2987977330498545	-0.1979792220779549	FLT_lower	main	triangulated
expiMap	canonical_tissue	liver	ENSMUSG00000028678	Kif2c	member_of_retained_expimap_pathway	False	1	R-MMU-2132295	R-MMU-2132295_MHC_CLASS_II_ANTIGEN_PRESENTATION	MHC class II antigen presentation	1	0	False	0.2994488022153574	-0.1604172079835936	FLT_lower	main	triangulated
expiMap	canonical_tissue	liver	ENSMUSG00000005763	Cd247	member_of_retained_expimap_pathway	False	1	R-MMU-202403	R-MMU-202403_TCR_SIGNALING	T-cell receptor signaling	1	0	False	0.3234095964480633	-0.2260282544392556	FLT_lower	main	triangulated
expiMap	canonical_tissue	liver	ENSMUSG00000072235	Tuba1a	member_of_retained_expimap_pathway	False	1	R-MMU-2132295	R-MMU-2132295_MHC_CLASS_II_ANTIGEN_PRESENTATION	MHC class II antigen presentation	1	0	False	0.3246913518859365	-0.2716021159252567	FLT_lower	main	triangulated
expiMap	canonical_tissue	liver	ENSMUSG00000031367	Ap1s2	member_of_retained_expimap_pathway	False	1	R-MMU-2132295	R-MMU-2132295_MHC_CLASS_II_ANTIGEN_PRESENTATION	MHC class II antigen presentation	1	0	False	0.3330951610296853	-0.1339080101628486	FLT_lower	main	triangulated
expiMap	canonical_tissue	liver	ENSMUSG00000012443	Kif11	member_of_retained_expimap_pathway	False	1	R-MMU-2132295	R-MMU-2132295_MHC_CLASS_II_ANTIGEN_PRESENTATION	MHC class II antigen presentation	1	0	False	0.3552036286992117	-0.2667234756001179	FLT_lower	main	triangulated
expiMap	canonical_tissue	liver	ENSMUSG00000026117	Zap70	member_of_retained_expimap_pathway	False	1	R-MMU-202403	R-MMU-202403_TCR_SIGNALING	T-cell receptor signaling	1	0	False	0.3696414209069336	-0.2315918788880843	FLT_lower	main	triangulated
expiMap	canonical_tissue	liver	ENSMUSG00000076498	Trbc2	member_of_retained_expimap_pathway	False	1	R-MMU-202403	R-MMU-202403_TCR_SIGNALING	T-cell receptor signaling	1	0	False	0.3736826025287874	-0.2840782436414065	FLT_lower	main	triangulated
expiMap	canonical_tissue	liver	ENSMUSG00000045328	Cenpe	member_of_retained_expimap_pathway	False	1	R-MMU-2132295	R-MMU-2132295_MHC_CLASS_II_ANTIGEN_PRESENTATION	MHC class II antigen presentation	1	0	False	0.4332198614748037	-0.2734155390070817	FLT_lower	main	triangulated
expiMap	canonical_tissue	liver	ENSMUSG00000030560	Ctsc	member_of_retained_expimap_pathway	False	1	R-MMU-2132295	R-MMU-2132295_MHC_CLASS_II_ANTIGEN_PRESENTATION	MHC class II antigen presentation	1	0	False	0.4422358156012957	-0.1759306318751178	FLT_lower	main	triangulated
expiMap	canonical_tissue	liver	ENSMUSG00000023004	Tuba1b	member_of_retained_expimap_pathway	False	1	R-MMU-2132295	R-MMU-2132295_MHC_CLASS_II_ANTIGEN_PRESENTATION	MHC class II antigen presentation	1	0	False	0.4714404256899159	-0.2358070077014273	FLT_lower	main	triangulated
expiMap	canonical_tissue	liver	ENSMUSG00000058672	Tubb2a	member_of_retained_expimap_pathway	False	1	R-MMU-2132295	R-MMU-2132295_MHC_CLASS_II_ANTIGEN_PRESENTATION	MHC class II antigen presentation	0	1	False	0.4789351594267495	0.3444335786445285	FLT_higher	main	triangulated
expiMap	canonical_tissue	liver	ENSMUSG00000030677	Kif22	member_of_retained_expimap_pathway	False	1	R-MMU-2132295	R-MMU-2132295_MHC_CLASS_II_ANTIGEN_PRESENTATION	MHC class II antigen presentation	1	0	False	0.5184748404386635	-0.1552337906874552	FLT_lower	main	triangulated
expiMap	canonical_tissue	liver	ENSMUSG00000041417	Pik3r1	member_of_retained_expimap_pathway	False	1	R-MMU-202403	R-MMU-202403_TCR_SIGNALING	T-cell receptor signaling	1	0	False	0.5453514591594429	-0.0722501244921264	FLT_lower	main	triangulated
expiMap	canonical_tissue	liver	ENSMUSG00000003779	Kif20a	member_of_retained_expimap_pathway	False	1	R-MMU-2132295	R-MMU-2132295_MHC_CLASS_II_ANTIGEN_PRESENTATION	MHC class II antigen presentation	1	0	False	0.5529227735175649	-0.1332881048164914	FLT_lower	main	triangulated
expiMap	canonical_tissue	liver	ENSMUSG00000036752	Tubb4b	member_of_retained_expimap_pathway	False	1	R-MMU-2132295	R-MMU-2132295_MHC_CLASS_II_ANTIGEN_PRESENTATION	MHC class II antigen presentation	0	1	False	0.6154486706909879	0.1650080450547483	FLT_higher	main	triangulated
expiMap	canonical_tissue	liver	ENSMUSG00000001473	Tubb6	member_of_retained_expimap_pathway	False	1	R-MMU-2132295	R-MMU-2132295_MHC_CLASS_II_ANTIGEN_PRESENTATION	MHC class II antigen presentation	1	0	False	0.7214600053734048	-0.1038236997877227	FLT_lower	main	triangulated
expiMap	canonical_tissue	liver	ENSMUSG00000009013	Dynll1	member_of_retained_expimap_pathway	False	1	R-MMU-2132295	R-MMU-2132295_MHC_CLASS_II_ANTIGEN_PRESENTATION	MHC class II antigen presentation	1	0	False	0.786458749432176	-0.1013657622579087	FLT_lower	main	triangulated
expiMap	canonical_tissue	liver	ENSMUSG00000026825	Dnm1	member_of_retained_expimap_pathway	False	1	R-MMU-2132295	R-MMU-2132295_MHC_CLASS_II_ANTIGEN_PRESENTATION	MHC class II antigen presentation	0	1	False	0.8053228602657161	0.0280793377261127	FLT_higher	main	triangulated
expiMap	canonical_tissue	liver	ENSMUSG00000043091	Tuba1c	member_of_retained_expimap_pathway	False	1	R-MMU-2132295	R-MMU-2132295_MHC_CLASS_II_ANTIGEN_PRESENTATION	MHC class II antigen presentation	0	1	False	0.8498772841821642	0.0703863984941416	FLT_higher	main	triangulated
expiMap	canonical_tissue	liver	ENSMUSG00000026202	Tuba4a	member_of_retained_expimap_pathway	False	1	R-MMU-2132295	R-MMU-2132295_MHC_CLASS_II_ANTIGEN_PRESENTATION	MHC class II antigen presentation	0	1	False	0.8723397437716558	0.0667701100011797	FLT_higher	main	triangulated
expiMap	canonical_tissue	liver	ENSMUSG00000021025	Nfkbia	member_of_retained_expimap_pathway	False	1	R-MMU-202403	R-MMU-202403_TCR_SIGNALING	T-cell receptor signaling	0	1	False	0.8877381800318399	0.0221825542260596	FLT_higher	main	triangulated
expiMap	canonical_tissue	liver	ENSMUSG00000045136	Tubb2b	member_of_retained_expimap_pathway	False	1	R-MMU-2132295	R-MMU-2132295_MHC_CLASS_II_ANTIGEN_PRESENTATION	MHC class II antigen presentation	1	0	False	0.8877381800318399	-0.0193103522336754	FLT_lower	main	triangulated
expiMap	canonical_tissue	liver	ENSMUSG00000062380	Tubb3	member_of_retained_expimap_pathway	False	1	R-MMU-2132295	R-MMU-2132295_MHC_CLASS_II_ANTIGEN_PRESENTATION	MHC class II antigen presentation	1	0	False	0.923087215231164	-0.0053859330338252	FLT_lower	main	triangulated
expiMap	canonical_tissue	liver	ENSMUSG00000067889	Sptbn2	member_of_retained_expimap_pathway	False	1	R-MMU-2132295	R-MMU-2132295_MHC_CLASS_II_ANTIGEN_PRESENTATION	MHC class II antigen presentation	0	1	False	0.9448561944697844	0.0176866993625984	FLT_higher	main	triangulated
expiMap	canonical_tissue	liver	ENSMUSG00000031284	Pak3	member_of_retained_expimap_pathway	False	1	R-MMU-202403	R-MMU-202403_TCR_SIGNALING	T-cell receptor signaling	0	1	False	0.9895332779051518	0.0010001043033874	FLT_higher	main	triangulated
expiMap	canonical_tissue	liver	ENSMUSG00000004552	Ctse	member_of_retained_expimap_pathway	False	1	R-MMU-2132295	R-MMU-2132295_MHC_CLASS_II_ANTIGEN_PRESENTATION	MHC class II antigen presentation	1	0	False	0.9947393976793256	-0.001024376257417	FLT_lower	main	triangulated
expiMap	canonical_tissue	skin	ENSMUSG00000000275	Trim25	member_of_retained_expimap_pathway	False	1	R-MMU-73894	R-MMU-73894_DNA_REPAIR	DNA repair	0	1	False	0.5869713003186572	0.149561339855885	FLT_higher	main	triangulated
expiMap	canonical_tissue	skin	ENSMUSG00000001657	Hoxc8	member_of_retained_expimap_pathway	False	1	R-MMU-421270	R-MMU-421270_CELL_CELL_JUNCTION_ORGANIZATION	Cell-cell junction organization	0	1	False	0.5869713003186572	0.3209537264821538	FLT_higher	main	internally robust, incomplete conventional support
expiMap	canonical_tissue	skin	ENSMUSG00000002028	Kmt2a	member_of_retained_expimap_pathway	False	1	R-MMU-3247509	R-MMU-3247509_CHROMATIN_MODIFYING_ENZYMES	Chromatin-modifying enzymes	0	1	False	0.5869713003186572	0.1259250199362969	FLT_higher	main	triangulated
expiMap	canonical_tissue	skin	ENSMUSG00000002289	Angptl4	member_of_retained_expimap_pathway	False	1	R-MMU-421270	R-MMU-421270_CELL_CELL_JUNCTION_ORGANIZATION	Cell-cell junction organization	0	1	False	0.5869713003186572	0.2757117173418943	FLT_higher	main	internally robust, incomplete conventional support
expiMap	canonical_tissue	skin	ENSMUSG00000002633	Shh	member_of_retained_expimap_pathway	False	1	R-MMU-5358351	R-MMU-5358351_SIGNALING_BY_HEDGEHOG	Hedgehog signaling	1	0	False	0.5869713003186572	-0.5923101922681314	FLT_lower	main	triangulated
expiMap	canonical_tissue	skin	ENSMUSG00000005338	Cadm3	member_of_retained_expimap_pathway	False	1	R-MMU-421270	R-MMU-421270_CELL_CELL_JUNCTION_ORGANIZATION	Cell-cell junction organization	0	1	False	0.5869713003186572	0.1725039647094578	FLT_higher	main	internally robust, incomplete conventional support
expiMap	canonical_tissue	skin	ENSMUSG00000008206	Cers4	member_of_retained_expimap_pathway	False	1	R-MMU-428157	R-MMU-428157_SPHINGOLIPID_METABOLISM	Sphingolipid metabolism	1	0	False	0.5869713003186572	-0.1127341581848773	FLT_lower	main	triangulated
expiMap	canonical_tissue	skin	ENSMUSG00000017929	B4galt5	member_of_retained_expimap_pathway	False	1	R-MMU-428157	R-MMU-428157_SPHINGOLIPID_METABOLISM	Sphingolipid metabolism	0	1	False	0.5869713003186572	0.2218384023743677	FLT_higher	main	triangulated
expiMap	canonical_tissue	skin	ENSMUSG00000018909	Arrb1	member_of_retained_expimap_pathway	False	1	R-MMU-5358351	R-MMU-5358351_SIGNALING_BY_HEDGEHOG	Hedgehog signaling	0	1	False	0.5869713003186572	0.1592861151207376	FLT_higher	main	triangulated
expiMap	canonical_tissue	skin	ENSMUSG00000020431	Adcy1	member_of_retained_expimap_pathway	False	1	R-MMU-5358351	R-MMU-5358351_SIGNALING_BY_HEDGEHOG	Hedgehog signaling	0	1	False	0.5869713003186572	0.291382122299535	FLT_higher	main	triangulated
expiMap	canonical_tissue	skin	ENSMUSG00000021263	Degs2	member_of_retained_expimap_pathway	False	1	R-MMU-428157	R-MMU-428157_SPHINGOLIPID_METABOLISM	Sphingolipid metabolism	1	0	False	0.5869713003186572	-0.2616925454132774	FLT_lower	main	triangulated
expiMap	canonical_tissue	skin	ENSMUSG00000021318	Gli3	member_of_retained_expimap_pathway	False	1	R-MMU-5358351	R-MMU-5358351_SIGNALING_BY_HEDGEHOG	Hedgehog signaling	1	0	False	0.5869713003186572	-0.213324284682546	FLT_lower	main	triangulated
expiMap	canonical_tissue	skin	ENSMUSG00000021477	Ctsl	member_of_retained_expimap_pathway	False	1	R-MMU-421270	R-MMU-421270_CELL_CELL_JUNCTION_ORGANIZATION	Cell-cell junction organization	1	0	False	0.5869713003186572	-0.1080531130679235	FLT_lower	main	internally robust, incomplete conventional support
expiMap	canonical_tissue	skin	ENSMUSG00000021756	Il6st	member_of_retained_expimap_pathway	False	1	R-MMU-421270	R-MMU-421270_CELL_CELL_JUNCTION_ORGANIZATION	Cell-cell junction organization	0	1	False	0.5869713003186572	0.1851515501995795	FLT_higher	main	internally robust, incomplete conventional support
expiMap	canonical_tissue	skin	ENSMUSG00000021759	Plpp1	member_of_retained_expimap_pathway	False	1	R-MMU-428157	R-MMU-428157_SPHINGOLIPID_METABOLISM	Sphingolipid metabolism	0	1	False	0.5869713003186572	0.1414662441420965	FLT_higher	main	triangulated
expiMap	canonical_tissue	skin	ENSMUSG00000022840	Adcy5	member_of_retained_expimap_pathway	False	1	R-MMU-5358351	R-MMU-5358351_SIGNALING_BY_HEDGEHOG	Hedgehog signaling	0	1	False	0.5869713003186572	0.3060715662173701	FLT_higher	main	triangulated
expiMap	canonical_tissue	skin	ENSMUSG00000024238	Zeb1	member_of_retained_expimap_pathway	False	1	R-MMU-421270	R-MMU-421270_CELL_CELL_JUNCTION_ORGANIZATION	Cell-cell junction organization	0	1	False	0.5869713003186572	0.2155251125754652	FLT_higher	main	internally robust, incomplete conventional support
expiMap	canonical_tissue	skin	ENSMUSG00000024304	Cdh2	member_of_retained_expimap_pathway	False	1	R-MMU-421270	R-MMU-421270_CELL_CELL_JUNCTION_ORGANIZATION	Cell-cell junction organization	0	1	False	0.5869713003186572	0.1981040262236935	FLT_higher	main	internally robust, incomplete conventional support
expiMap	canonical_tissue	skin	ENSMUSG00000025328	Padi3	member_of_retained_expimap_pathway	False	1	R-MMU-3247509	R-MMU-3247509_CHROMATIN_MODIFYING_ENZYMES	Chromatin-modifying enzymes	1	0	False	0.5869713003186572	-1.5278227371392568	FLT_lower	main	triangulated
expiMap	canonical_tissue	skin	ENSMUSG00000025329	Padi1	member_of_retained_expimap_pathway	False	1	R-MMU-3247509	R-MMU-3247509_CHROMATIN_MODIFYING_ENZYMES	Chromatin-modifying enzymes	1	0	False	0.5869713003186572	-1.3119279239561483	FLT_lower	main	triangulated
expiMap	canonical_tissue	skin	ENSMUSG00000025330	Padi4	member_of_retained_expimap_pathway	False	1	R-MMU-3247509	R-MMU-3247509_CHROMATIN_MODIFYING_ENZYMES	Chromatin-modifying enzymes	1	0	False	0.5869713003186572	-0.7898941860728804	FLT_lower	main	triangulated
expiMap	canonical_tissue	skin	ENSMUSG00000025407	Gli1	member_of_retained_expimap_pathway	False	1	R-MMU-5358351	R-MMU-5358351_SIGNALING_BY_HEDGEHOG	Hedgehog signaling	1	0	False	0.5869713003186572	-0.282942219555502	FLT_lower	main	triangulated
expiMap	canonical_tissue	skin	ENSMUSG00000026872	Zeb2	member_of_retained_expimap_pathway	False	1	R-MMU-421270	R-MMU-421270_CELL_CELL_JUNCTION_ORGANIZATION	Cell-cell junction organization	0	1	False	0.5869713003186572	0.16876288225952	FLT_higher	main	internally robust, incomplete conventional support
expiMap	canonical_tissue	skin	ENSMUSG00000027318	Adam33	member_of_retained_expimap_pathway	False	1	R-MMU-421270	R-MMU-421270_CELL_CELL_JUNCTION_ORGANIZATION	Cell-cell junction organization	0	1	False	0.5869713003186572	0.0888322310423164	FLT_higher	main	internally robust, incomplete conventional support
expiMap	canonical_tissue	skin	ENSMUSG00000027715	Ccna2	member_of_retained_expimap_pathway	False	1	R-MMU-73894	R-MMU-73894_DNA_REPAIR	DNA repair	1	0	False	0.5869713003186572	-0.3398591883435671	FLT_lower	main	triangulated
expiMap	canonical_tissue	skin	ENSMUSG00000028517	Plpp3	member_of_retained_expimap_pathway	False	1	R-MMU-428157	R-MMU-428157_SPHINGOLIPID_METABOLISM	Sphingolipid metabolism	0	1	False	0.5869713003186572	0.2100835872206152	FLT_higher	main	triangulated
expiMap	canonical_tissue	skin	ENSMUSG00000028793	Rnf19b	member_of_retained_expimap_pathway	False	1	R-MMU-421270	R-MMU-421270_CELL_CELL_JUNCTION_ORGANIZATION	Cell-cell junction organization	1	0	False	0.5869713003186572	-0.0989307708407379	FLT_lower	main	internally robust, incomplete conventional support
expiMap	canonical_tissue	skin	ENSMUSG00000028927	Padi2	member_of_retained_expimap_pathway	False	1	R-MMU-3247509	R-MMU-3247509_CHROMATIN_MODIFYING_ENZYMES	Chromatin-modifying enzymes	0	1	False	0.5869713003186572	0.2388250968643737	FLT_higher	main	triangulated
expiMap	canonical_tissue	skin	ENSMUSG00000030510	Cers3	member_of_retained_expimap_pathway	False	1	R-MMU-428157	R-MMU-428157_SPHINGOLIPID_METABOLISM	Sphingolipid metabolism	1	0	False	0.5869713003186572	-0.1567147008353622	FLT_lower	main	triangulated
expiMap	canonical_tissue	skin	ENSMUSG00000030513	Pcsk6	member_of_retained_expimap_pathway	False	1	R-MMU-421270	R-MMU-421270_CELL_CELL_JUNCTION_ORGANIZATION	Cell-cell junction organization	1	0	False	0.5869713003186572	-0.0892294516669348	FLT_lower	main	internally robust, incomplete conventional support
expiMap	canonical_tissue	skin	ENSMUSG00000031871	Cdh5	member_of_retained_expimap_pathway	False	1	R-MMU-421270	R-MMU-421270_CELL_CELL_JUNCTION_ORGANIZATION	Cell-cell junction organization	0	1	False	0.5869713003186572	0.3113129390772496	FLT_higher	main	internally robust, incomplete conventional support
expiMap	canonical_tissue	skin	ENSMUSG00000031962	Cdh15	member_of_retained_expimap_pathway	False	1	R-MMU-421270	R-MMU-421270_CELL_CELL_JUNCTION_ORGANIZATION	Cell-cell junction organization	0	1	False	0.5869713003186572	0.5407731978440049	FLT_higher	main	internally robust, incomplete conventional support
expiMap	canonical_tissue	skin	ENSMUSG00000032596	Uba7	member_of_retained_expimap_pathway	False	1	R-MMU-73894	R-MMU-73894_DNA_REPAIR	DNA repair	0	1	False	0.5869713003186572	0.2404778825062479	FLT_higher	main	triangulated
expiMap	canonical_tissue	skin	ENSMUSG00000035692	Isg15	member_of_retained_expimap_pathway	False	1	R-MMU-73894	R-MMU-73894_DNA_REPAIR	DNA repair	0	1	False	0.5869713003186572	0.1448003030467695	FLT_higher	main	triangulated
expiMap	canonical_tissue	skin	ENSMUSG00000035783	Acta2	member_of_retained_expimap_pathway	False	1	R-MMU-421270	R-MMU-421270_CELL_CELL_JUNCTION_ORGANIZATION	Cell-cell junction organization	0	1	False	0.5869713003186572	0.2729459569436023	FLT_higher	main	internally robust, incomplete conventional support
expiMap	canonical_tissue	skin	ENSMUSG00000038119	Cdon	member_of_retained_expimap_pathway	False	1	R-MMU-5358351	R-MMU-5358351_SIGNALING_BY_HEDGEHOG	Hedgehog signaling	0	1	False	0.5869713003186572	0.1628826168453591	FLT_higher	main	triangulated
expiMap	canonical_tissue	skin	ENSMUSG00000039385	Cdh6	member_of_retained_expimap_pathway	False	1	R-MMU-421270	R-MMU-421270_CELL_CELL_JUNCTION_ORGANIZATION	Cell-cell junction organization	1	0	False	0.5869713003186572	-0.6321626101636784	FLT_lower	main	internally robust, incomplete conventional support
expiMap	canonical_tissue	skin	ENSMUSG00000040204	Pclaf	member_of_retained_expimap_pathway	False	1	R-MMU-73894	R-MMU-73894_DNA_REPAIR	DNA repair	1	0	False	0.5869713003186572	-0.4229698592063157	FLT_lower	main	triangulated
expiMap	canonical_tissue	skin	ENSMUSG00000041112	Elmo1	member_of_retained_expimap_pathway	False	1	R-MMU-421270	R-MMU-421270_CELL_CELL_JUNCTION_ORGANIZATION	Cell-cell junction organization	0	1	False	0.5869713003186572	0.1248163159581721	FLT_higher	main	internally robust, incomplete conventional support
expiMap	canonical_tissue	skin	ENSMUSG00000041688	Amot	member_of_retained_expimap_pathway	False	1	R-MMU-421270	R-MMU-421270_CELL_CELL_JUNCTION_ORGANIZATION	Cell-cell junction organization	0	1	False	0.5869713003186572	0.4738726936603032	FLT_higher	main	internally robust, incomplete conventional support
expiMap	canonical_tissue	skin	ENSMUSG00000042489	Clspn	member_of_retained_expimap_pathway	False	1	R-MMU-73894	R-MMU-73894_DNA_REPAIR	DNA repair	1	0	False	0.5869713003186572	-0.3763407694763597	FLT_lower	main	triangulated
expiMap	canonical_tissue	skin	ENSMUSG00000043461	Sptssb	member_of_retained_expimap_pathway	False	1	R-MMU-428157	R-MMU-428157_SPHINGOLIPID_METABOLISM	Sphingolipid metabolism	1	0	False	0.5869713003186572	-0.6902432528819196	FLT_lower	main	triangulated
expiMap	canonical_tissue	skin	ENSMUSG00000045019	Acer1	member_of_retained_expimap_pathway	False	1	R-MMU-428157	R-MMU-428157_SPHINGOLIPID_METABOLISM	Sphingolipid metabolism	1	0	False	0.5869713003186572	-0.0929231349987215	FLT_lower	main	triangulated
expiMap	canonical_tissue	skin	ENSMUSG00000058672	Tubb2a	member_of_retained_expimap_pathway	False	1	R-MMU-5358351	R-MMU-5358351_SIGNALING_BY_HEDGEHOG	Hedgehog signaling	1	0	False	0.5869713003186572	-0.2175680904915496	FLT_lower	main	triangulated
expiMap	canonical_tissue	skin	ENSMUSG00000059430	Actg2	member_of_retained_expimap_pathway	False	1	R-MMU-421270	R-MMU-421270_CELL_CELL_JUNCTION_ORGANIZATION	Cell-cell junction organization	0	1	False	0.5869713003186572	0.2930059490925112	FLT_higher	main	internally robust, incomplete conventional support
expiMap	canonical_tissue	skin	ENSMUSG00000062380	Tubb3	member_of_retained_expimap_pathway	False	1	R-MMU-5358351	R-MMU-5358351_SIGNALING_BY_HEDGEHOG	Hedgehog signaling	1	0	False	0.5869713003186572	-0.8240039143065229	FLT_lower	main	triangulated
expiMap	canonical_tissue	skin	ENSMUSG00000062727	H2bc12	member_of_retained_expimap_pathway	False	3	R-MMU-3247509;R-MMU-421270;R-MMU-73894	R-MMU-3247509_CHROMATIN_MODIFYING_ENZYMES;R-MMU-421270_CELL_CELL_JUNCTION_ORGANIZATION;R-MMU-73894_DNA_REPAIR	Cell-cell junction organization;Chromatin-modifying enzymes;DNA repair	3	0	False	0.5869713003186572	-0.5347674904930895	FLT_lower	main	internally robust, incomplete conventional support;triangulated
expiMap	canonical_tissue	skin	ENSMUSG00000068457	Uty	member_of_retained_expimap_pathway	False	1	R-MMU-3247509	R-MMU-3247509_CHROMATIN_MODIFYING_ENZYMES	Chromatin-modifying enzymes	0	1	False	0.5869713003186572	0.137781988660386	FLT_higher	main	triangulated
expiMap	canonical_tissue	skin	ENSMUSG00000069265	H3c1	member_of_retained_expimap_pathway	False	2	R-MMU-3247509;R-MMU-421270	R-MMU-3247509_CHROMATIN_MODIFYING_ENZYMES;R-MMU-421270_CELL_CELL_JUNCTION_ORGANIZATION	Cell-cell junction organization;Chromatin-modifying enzymes	2	0	False	0.5869713003186572	-0.4173398294836678	FLT_lower	main	internally robust, incomplete conventional support;triangulated
expiMap	canonical_tissue	skin	ENSMUSG00000069267	H3c2	member_of_retained_expimap_pathway	False	2	R-MMU-3247509;R-MMU-421270	R-MMU-3247509_CHROMATIN_MODIFYING_ENZYMES;R-MMU-421270_CELL_CELL_JUNCTION_ORGANIZATION	Cell-cell junction organization;Chromatin-modifying enzymes	2	0	False	0.5869713003186572	-0.545610583192609	FLT_lower	main	internally robust, incomplete conventional support;triangulated
expiMap	canonical_tissue	skin	ENSMUSG00000069303	H2bc24	member_of_retained_expimap_pathway	False	3	R-MMU-3247509;R-MMU-421270;R-MMU-73894	R-MMU-3247509_CHROMATIN_MODIFYING_ENZYMES;R-MMU-421270_CELL_CELL_JUNCTION_ORGANIZATION;R-MMU-73894_DNA_REPAIR	Cell-cell junction organization;Chromatin-modifying enzymes;DNA repair	3	0	False	0.5869713003186572	-0.6133049140877292	FLT_lower	main	internally robust, incomplete conventional support;triangulated
expiMap	canonical_tissue	skin	ENSMUSG00000075296	Aldh3b2	member_of_retained_expimap_pathway	False	1	R-MMU-428157	R-MMU-428157_SPHINGOLIPID_METABOLISM	Sphingolipid metabolism	1	0	False	0.5869713003186572	-0.1854559349935852	FLT_lower	main	triangulated
expiMap	canonical_tissue	skin	ENSMUSG00000094338	H2bc13	member_of_retained_expimap_pathway	False	3	R-MMU-3247509;R-MMU-421270;R-MMU-73894	R-MMU-3247509_CHROMATIN_MODIFYING_ENZYMES;R-MMU-421270_CELL_CELL_JUNCTION_ORGANIZATION;R-MMU-73894_DNA_REPAIR	Cell-cell junction organization;Chromatin-modifying enzymes;DNA repair	3	0	False	0.5869713003186572	-0.4983158128824089	FLT_lower	main	internally robust, incomplete conventional support;triangulated
expiMap	canonical_tissue	skin	ENSMUSG00000094777	H2ac24	member_of_retained_expimap_pathway	False	3	R-MMU-3247509;R-MMU-421270;R-MMU-73894	R-MMU-3247509_CHROMATIN_MODIFYING_ENZYMES;R-MMU-421270_CELL_CELL_JUNCTION_ORGANIZATION;R-MMU-73894_DNA_REPAIR	Cell-cell junction organization;Chromatin-modifying enzymes;DNA repair	3	0	False	0.5869713003186572	-0.5397827330626888	FLT_lower	main	internally robust, incomplete conventional support;triangulated
expiMap	canonical_tissue	skin	ENSMUSG00000095217	H2bc15	member_of_retained_expimap_pathway	False	3	R-MMU-3247509;R-MMU-421270;R-MMU-73894	R-MMU-3247509_CHROMATIN_MODIFYING_ENZYMES;R-MMU-421270_CELL_CELL_JUNCTION_ORGANIZATION;R-MMU-73894_DNA_REPAIR	Cell-cell junction organization;Chromatin-modifying enzymes;DNA repair	3	0	False	0.5869713003186572	-0.4530829879728177	FLT_lower	main	internally robust, incomplete conventional support;triangulated
expiMap	canonical_tissue	skin	ENSMUSG00000017146	Brca1	member_of_retained_expimap_pathway	False	1	R-MMU-73894	R-MMU-73894_DNA_REPAIR	DNA repair	1	0	False	0.5887989680728599	-0.3347037066588509	FLT_lower	main	triangulated
expiMap	canonical_tissue	skin	ENSMUSG00000021536	Adcy2	member_of_retained_expimap_pathway	False	1	R-MMU-5358351	R-MMU-5358351_SIGNALING_BY_HEDGEHOG	Hedgehog signaling	0	1	False	0.5909715492757674	0.3205334903664512	FLT_higher	main	triangulated
expiMap	canonical_tissue	skin	ENSMUSG00000027323	Rad51	member_of_retained_expimap_pathway	False	1	R-MMU-73894	R-MMU-73894_DNA_REPAIR	DNA repair	1	0	False	0.5909715492757674	-0.2547479399901626	FLT_lower	main	triangulated
expiMap	canonical_tissue	skin	ENSMUSG00000035455	Fignl1	member_of_retained_expimap_pathway	False	1	R-MMU-73894	R-MMU-73894_DNA_REPAIR	DNA repair	1	0	False	0.5909715492757674	-0.3007709689671925	FLT_lower	main	triangulated
expiMap	canonical_tissue	skin	ENSMUSG00000064220	H2ac18	member_of_retained_expimap_pathway	False	3	R-MMU-3247509;R-MMU-421270;R-MMU-73894	R-MMU-3247509_CHROMATIN_MODIFYING_ENZYMES;R-MMU-421270_CELL_CELL_JUNCTION_ORGANIZATION;R-MMU-73894_DNA_REPAIR	Cell-cell junction organization;Chromatin-modifying enzymes;DNA repair	3	0	False	0.5909715492757674	-0.3119422870703973	FLT_lower	main	internally robust, incomplete conventional support;triangulated
expiMap	canonical_tissue	skin	ENSMUSG00000069274	H4c6	member_of_retained_expimap_pathway	False	3	R-MMU-3247509;R-MMU-421270;R-MMU-73894	R-MMU-3247509_CHROMATIN_MODIFYING_ENZYMES;R-MMU-421270_CELL_CELL_JUNCTION_ORGANIZATION;R-MMU-73894_DNA_REPAIR	Cell-cell junction organization;Chromatin-modifying enzymes;DNA repair	3	0	False	0.5909715492757674	-0.4203584197630701	FLT_lower	main	internally robust, incomplete conventional support;triangulated
expiMap	canonical_tissue	skin	ENSMUSG00000069310	H3c3	member_of_retained_expimap_pathway	False	2	R-MMU-3247509;R-MMU-421270	R-MMU-3247509_CHROMATIN_MODIFYING_ENZYMES;R-MMU-421270_CELL_CELL_JUNCTION_ORGANIZATION	Cell-cell junction organization;Chromatin-modifying enzymes	2	0	False	0.5909715492757674	-0.4475492121894556	FLT_lower	main	internally robust, incomplete conventional support;triangulated
expiMap	canonical_tissue	skin	ENSMUSG00000079434	Neu2	member_of_retained_expimap_pathway	False	1	R-MMU-428157	R-MMU-428157_SPHINGOLIPID_METABOLISM	Sphingolipid metabolism	0	1	False	0.5909715492757674	0.4618426802904445	FLT_higher	main	triangulated
expiMap	canonical_tissue	skin	ENSMUSG00000021823	Vcl	member_of_retained_expimap_pathway	False	1	R-MMU-421270	R-MMU-421270_CELL_CELL_JUNCTION_ORGANIZATION	Cell-cell junction organization	0	1	False	0.5928186063526332	0.0914724127051069	FLT_higher	main	internally robust, incomplete conventional support
expiMap	canonical_tissue	skin	ENSMUSG00000037474	Dtl	member_of_retained_expimap_pathway	False	1	R-MMU-73894	R-MMU-73894_DNA_REPAIR	DNA repair	1	0	False	0.5932312454941773	-0.2983801585979918	FLT_lower	main	triangulated
expiMap	canonical_tissue	skin	ENSMUSG00000002997	Prkar2b	member_of_retained_expimap_pathway	False	1	R-MMU-5358351	R-MMU-5358351_SIGNALING_BY_HEDGEHOG	Hedgehog signaling	0	1	False	0.5936141152037087	0.1908936357672046	FLT_higher	main	triangulated
expiMap	canonical_tissue	skin	ENSMUSG00000018362	Kpna2	member_of_retained_expimap_pathway	False	1	R-MMU-73894	R-MMU-73894_DNA_REPAIR	DNA repair	1	0	False	0.5936141152037087	-0.2203850136469238	FLT_lower	main	triangulated
expiMap	canonical_tissue	skin	ENSMUSG00000031972	Acta1	member_of_retained_expimap_pathway	False	1	R-MMU-421270	R-MMU-421270_CELL_CELL_JUNCTION_ORGANIZATION	Cell-cell junction organization	0	1	False	0.5936141152037087	0.5985095083741175	FLT_higher	main	internally robust, incomplete conventional support
expiMap	canonical_tissue	skin	ENSMUSG00000074403	H3c13	member_of_retained_expimap_pathway	False	2	R-MMU-3247509;R-MMU-421270	R-MMU-3247509_CHROMATIN_MODIFYING_ENZYMES;R-MMU-421270_CELL_CELL_JUNCTION_ORGANIZATION	Cell-cell junction organization;Chromatin-modifying enzymes	2	0	False	0.5936141152037087	-0.3818473268496014	FLT_lower	main	internally robust, incomplete conventional support;triangulated
expiMap	canonical_tissue	skin	ENSMUSG00000081058	H3c15	member_of_retained_expimap_pathway	False	2	R-MMU-3247509;R-MMU-421270	R-MMU-3247509_CHROMATIN_MODIFYING_ENZYMES;R-MMU-421270_CELL_CELL_JUNCTION_ORGANIZATION	Cell-cell junction organization;Chromatin-modifying enzymes	2	0	False	0.5936141152037087	-0.3669457220278875	FLT_lower	main	internally robust, incomplete conventional support;triangulated
expiMap	canonical_tissue	skin	ENSMUSG00000045136	Tubb2b	member_of_retained_expimap_pathway	False	1	R-MMU-5358351	R-MMU-5358351_SIGNALING_BY_HEDGEHOG	Hedgehog signaling	1	0	False	0.5971645780872262	-0.1317223213697141	FLT_lower	main	triangulated
expiMap	canonical_tissue	skin	ENSMUSG00000027947	Il6ra	member_of_retained_expimap_pathway	False	1	R-MMU-421270	R-MMU-421270_CELL_CELL_JUNCTION_ORGANIZATION	Cell-cell junction organization	0	1	False	0.597636472348996	0.1379112652001429	FLT_higher	main	internally robust, incomplete conventional support
expiMap	canonical_tissue	skin	ENSMUSG00000056394	Lig1	member_of_retained_expimap_pathway	False	1	R-MMU-73894	R-MMU-73894_DNA_REPAIR	DNA repair	1	0	False	0.597636472348996	-0.1778249494568395	FLT_lower	main	triangulated
expiMap	canonical_tissue	skin	ENSMUSG00000061048	Cdh3	member_of_retained_expimap_pathway	False	1	R-MMU-421270	R-MMU-421270_CELL_CELL_JUNCTION_ORGANIZATION	Cell-cell junction organization	1	0	False	0.597636472348996	-0.2131158223306064	FLT_lower	main	internally robust, incomplete conventional support
expiMap	canonical_tissue	skin	ENSMUSG00000061615	H2ac4	member_of_retained_expimap_pathway	False	3	R-MMU-3247509;R-MMU-421270;R-MMU-73894	R-MMU-3247509_CHROMATIN_MODIFYING_ENZYMES;R-MMU-421270_CELL_CELL_JUNCTION_ORGANIZATION;R-MMU-73894_DNA_REPAIR	Cell-cell junction organization;Chromatin-modifying enzymes;DNA repair	3	0	False	0.6114453929860875	-0.4023452328818042	FLT_lower	main	internally robust, incomplete conventional support;triangulated
expiMap	canonical_tissue	skin	ENSMUSG00000007080	Pole	member_of_retained_expimap_pathway	False	1	R-MMU-73894	R-MMU-73894_DNA_REPAIR	DNA repair	1	0	False	0.6168051741066477	-0.2207590920461471	FLT_lower	main	triangulated
expiMap	canonical_tissue	skin	ENSMUSG00000101972	H3c11	member_of_retained_expimap_pathway	False	2	R-MMU-3247509;R-MMU-421270	R-MMU-3247509_CHROMATIN_MODIFYING_ENZYMES;R-MMU-421270_CELL_CELL_JUNCTION_ORGANIZATION	Cell-cell junction organization;Chromatin-modifying enzymes	2	0	False	0.6175316817955723	-0.386918040868102	FLT_lower	main	internally robust, incomplete conventional support;triangulated
expiMap	canonical_tissue	skin	ENSMUSG00000006731	B4galnt1	member_of_retained_expimap_pathway	False	1	R-MMU-428157	R-MMU-428157_SPHINGOLIPID_METABOLISM	Sphingolipid metabolism	0	1	False	0.6176287484617112	0.0934443645730547	FLT_higher	main	triangulated
expiMap	canonical_tissue	skin	ENSMUSG00000031673	Cdh11	member_of_retained_expimap_pathway	False	1	R-MMU-421270	R-MMU-421270_CELL_CELL_JUNCTION_ORGANIZATION	Cell-cell junction organization	1	0	False	0.6176287484617112	-0.1412891139501426	FLT_lower	main	internally robust, incomplete conventional support
expiMap	canonical_tissue	skin	ENSMUSG00000069300	H2bc11	member_of_retained_expimap_pathway	False	3	R-MMU-3247509;R-MMU-421270;R-MMU-73894	R-MMU-3247509_CHROMATIN_MODIFYING_ENZYMES;R-MMU-421270_CELL_CELL_JUNCTION_ORGANIZATION;R-MMU-73894_DNA_REPAIR	Cell-cell junction organization;Chromatin-modifying enzymes;DNA repair	3	0	False	0.6176287484617112	-0.4297137590593776	FLT_lower	main	internally robust, incomplete conventional support;triangulated
expiMap	canonical_tissue	skin	ENSMUSG00000069266	H4c2	member_of_retained_expimap_pathway	False	3	R-MMU-3247509;R-MMU-421270;R-MMU-73894	R-MMU-3247509_CHROMATIN_MODIFYING_ENZYMES;R-MMU-421270_CELL_CELL_JUNCTION_ORGANIZATION;R-MMU-73894_DNA_REPAIR	Cell-cell junction organization;Chromatin-modifying enzymes;DNA repair	3	0	False	0.6201188088392987	-0.3553654876876039	FLT_lower	main	internally robust, incomplete conventional support;triangulated
expiMap	canonical_tissue	skin	ENSMUSG00000070348	Ccnd1	member_of_retained_expimap_pathway	False	1	R-MMU-3247509	R-MMU-3247509_CHROMATIN_MODIFYING_ENZYMES	Chromatin-modifying enzymes	1	0	False	0.6201188088392987	-0.1767154080410051	FLT_lower	main	triangulated
expiMap	canonical_tissue	skin	ENSMUSG00000027078	Ube2l6	member_of_retained_expimap_pathway	False	1	R-MMU-73894	R-MMU-73894_DNA_REPAIR	DNA repair	0	1	False	0.6246482988515789	0.1069897430077868	FLT_higher	main	triangulated
expiMap	canonical_tissue	skin	ENSMUSG00000101355	H3c10	member_of_retained_expimap_pathway	False	2	R-MMU-3247509;R-MMU-421270	R-MMU-3247509_CHROMATIN_MODIFYING_ENZYMES;R-MMU-421270_CELL_CELL_JUNCTION_ORGANIZATION	Cell-cell junction organization;Chromatin-modifying enzymes	2	0	False	0.6246482988515789	-0.3523991429121384	FLT_lower	main	internally robust, incomplete conventional support;triangulated
expiMap	canonical_tissue	skin	ENSMUSG00000057406	Nsd2	member_of_retained_expimap_pathway	False	2	R-MMU-3247509;R-MMU-73894	R-MMU-3247509_CHROMATIN_MODIFYING_ENZYMES;R-MMU-73894_DNA_REPAIR	Chromatin-modifying enzymes;DNA repair	2	0	False	0.629785807542891	-0.1095710338793587	FLT_lower	main	triangulated
expiMap	canonical_tissue	skin	ENSMUSG00000069301	H2ac11	member_of_retained_expimap_pathway	False	3	R-MMU-3247509;R-MMU-421270;R-MMU-73894	R-MMU-3247509_CHROMATIN_MODIFYING_ENZYMES;R-MMU-421270_CELL_CELL_JUNCTION_ORGANIZATION;R-MMU-73894_DNA_REPAIR	Cell-cell junction organization;Chromatin-modifying enzymes;DNA repair	3	0	False	0.629785807542891	-0.3603296930039462	FLT_lower	main	internally robust, incomplete conventional support;triangulated
expiMap	canonical_tissue	skin	ENSMUSG00000069308	H2bc22	member_of_retained_expimap_pathway	False	3	R-MMU-3247509;R-MMU-421270;R-MMU-73894	R-MMU-3247509_CHROMATIN_MODIFYING_ENZYMES;R-MMU-421270_CELL_CELL_JUNCTION_ORGANIZATION;R-MMU-73894_DNA_REPAIR	Cell-cell junction organization;Chromatin-modifying enzymes;DNA repair	3	0	False	0.630886975248091	-0.2895565380514662	FLT_lower	main	internally robust, incomplete conventional support;triangulated
expiMap	canonical_tissue	skin	ENSMUSG00000101645	Gm28635	member_of_retained_expimap_pathway	False	1	R-MMU-421270	R-MMU-421270_CELL_CELL_JUNCTION_ORGANIZATION	Cell-cell junction organization	1	0	False	0.6323847278947675	-0.0690781635631149	FLT_lower	main	internally robust, incomplete conventional support
expiMap	canonical_tissue	skin	ENSMUSG00000006411	Nectin4	member_of_retained_expimap_pathway	False	1	R-MMU-421270	R-MMU-421270_CELL_CELL_JUNCTION_ORGANIZATION	Cell-cell junction organization	1	0	False	0.6337228337943146	-0.1230162847552861	FLT_lower	main	internally robust, incomplete conventional support
expiMap	canonical_tissue	skin	ENSMUSG00000061878	Sphk1	member_of_retained_expimap_pathway	False	1	R-MMU-428157	R-MMU-428157_SPHINGOLIPID_METABOLISM	Sphingolipid metabolism	1	0	False	0.6353631925831507	-0.0634221155659749	FLT_lower	main	triangulated
expiMap	canonical_tissue	skin	ENSMUSG00000043091	Tuba1c	member_of_retained_expimap_pathway	False	1	R-MMU-5358351	R-MMU-5358351_SIGNALING_BY_HEDGEHOG	Hedgehog signaling	1	0	False	0.6479349484420985	-0.1545587601181006	FLT_lower	main	triangulated
expiMap	canonical_tissue	skin	ENSMUSG00000039092	Sptlc3	member_of_retained_expimap_pathway	False	1	R-MMU-428157	R-MMU-428157_SPHINGOLIPID_METABOLISM	Sphingolipid metabolism	0	1	False	0.6513029646938112	0.0918599077713966	FLT_higher	main	triangulated
expiMap	canonical_tissue	skin	ENSMUSG00000001552	Jup	member_of_retained_expimap_pathway	False	1	R-MMU-421270	R-MMU-421270_CELL_CELL_JUNCTION_ORGANIZATION	Cell-cell junction organization	1	0	False	0.6525206772560375	-0.1102268110398299	FLT_lower	main	internally robust, incomplete conventional support
expiMap	canonical_tissue	skin	ENSMUSG00000031906	Smpd3	member_of_retained_expimap_pathway	False	1	R-MMU-428157	R-MMU-428157_SPHINGOLIPID_METABOLISM	Sphingolipid metabolism	1	0	False	0.6555625128488395	-0.0573044443673661	FLT_lower	main	triangulated
expiMap	canonical_tissue	skin	ENSMUSG00000048402	Gli2	member_of_retained_expimap_pathway	False	1	R-MMU-5358351	R-MMU-5358351_SIGNALING_BY_HEDGEHOG	Hedgehog signaling	1	0	False	0.6619747622783776	-0.1280041452847893	FLT_lower	main	triangulated
expiMap	canonical_tissue	skin	ENSMUSG00000038007	Acer2	member_of_retained_expimap_pathway	False	1	R-MMU-428157	R-MMU-428157_SPHINGOLIPID_METABOLISM	Sphingolipid metabolism	1	0	False	0.6632461406860252	-0.0927936601666588	FLT_lower	main	triangulated
expiMap	canonical_tissue	skin	ENSMUSG00000064288	H4c12	member_of_retained_expimap_pathway	False	3	R-MMU-3247509;R-MMU-421270;R-MMU-73894	R-MMU-3247509_CHROMATIN_MODIFYING_ENZYMES;R-MMU-421270_CELL_CELL_JUNCTION_ORGANIZATION;R-MMU-73894_DNA_REPAIR	Cell-cell junction organization;Chromatin-modifying enzymes;DNA repair	3	0	False	0.6857785714958605	-0.257782614163455	FLT_lower	main	internally robust, incomplete conventional support;triangulated
expiMap	canonical_tissue	skin	ENSMUSG00000035799	Twist1	member_of_retained_expimap_pathway	False	1	R-MMU-421270	R-MMU-421270_CELL_CELL_JUNCTION_ORGANIZATION	Cell-cell junction organization	0	1	False	0.6874780020837366	0.1016540712812214	FLT_higher	main	internally robust, incomplete conventional support
expiMap	canonical_tissue	skin	ENSMUSG00000049932	H2ax	member_of_retained_expimap_pathway	False	2	R-MMU-421270;R-MMU-73894	R-MMU-421270_CELL_CELL_JUNCTION_ORGANIZATION;R-MMU-73894_DNA_REPAIR	Cell-cell junction organization;DNA repair	2	0	False	0.6874780020837366	-0.2095393337593609	FLT_lower	main	internally robust, incomplete conventional support;triangulated
expiMap	canonical_tissue	skin	ENSMUSG00000011256	Adam19	member_of_retained_expimap_pathway	False	1	R-MMU-421270	R-MMU-421270_CELL_CELL_JUNCTION_ORGANIZATION	Cell-cell junction organization	0	1	False	0.6970877244787581	0.0804862140722207	FLT_higher	main	internally robust, incomplete conventional support
expiMap	canonical_tissue	skin	ENSMUSG00000039994	Timeless	member_of_retained_expimap_pathway	False	1	R-MMU-73894	R-MMU-73894_DNA_REPAIR	DNA repair	1	0	False	0.6970877244787581	-0.1599897184817907	FLT_lower	main	triangulated
expiMap	canonical_tissue	skin	ENSMUSG00000019947	Arid5b	member_of_retained_expimap_pathway	False	1	R-MMU-3247509	R-MMU-3247509_CHROMATIN_MODIFYING_ENZYMES	Chromatin-modifying enzymes	0	1	False	0.6985560297574038	0.0508747982840255	FLT_higher	main	triangulated
expiMap	canonical_tissue	skin	ENSMUSG00000021466	Ptch1	member_of_retained_expimap_pathway	False	1	R-MMU-5358351	R-MMU-5358351_SIGNALING_BY_HEDGEHOG	Hedgehog signaling	1	0	False	0.6995092831490081	-0.1291164422855774	FLT_lower	main	triangulated
expiMap	canonical_tissue	skin	ENSMUSG00000068614	Actc1	member_of_retained_expimap_pathway	False	1	R-MMU-421270	R-MMU-421270_CELL_CELL_JUNCTION_ORGANIZATION	Cell-cell junction organization	0	1	False	0.6995462927199243	0.1776946744354217	FLT_higher	main	internally robust, incomplete conventional support
expiMap	canonical_tissue	skin	ENSMUSG00000069305	H4c18	member_of_retained_expimap_pathway	False	3	R-MMU-3247509;R-MMU-421270;R-MMU-73894	R-MMU-3247509_CHROMATIN_MODIFYING_ENZYMES;R-MMU-421270_CELL_CELL_JUNCTION_ORGANIZATION;R-MMU-73894_DNA_REPAIR	Cell-cell junction organization;Chromatin-modifying enzymes;DNA repair	3	0	False	0.6995462927199243	-0.2518601606393184	FLT_lower	main	internally robust, incomplete conventional support;triangulated
expiMap	canonical_tissue	skin	ENSMUSG00000061991	H2ac10	member_of_retained_expimap_pathway	False	3	R-MMU-3247509;R-MMU-421270;R-MMU-73894	R-MMU-3247509_CHROMATIN_MODIFYING_ENZYMES;R-MMU-421270_CELL_CELL_JUNCTION_ORGANIZATION;R-MMU-73894_DNA_REPAIR	Cell-cell junction organization;Chromatin-modifying enzymes;DNA repair	3	0	False	0.7207754186585471	-0.1883675800640762	FLT_lower	main	internally robust, incomplete conventional support;triangulated
expiMap	canonical_tissue	skin	ENSMUSG00000071478	H2ac7	member_of_retained_expimap_pathway	False	3	R-MMU-3247509;R-MMU-421270;R-MMU-73894	R-MMU-3247509_CHROMATIN_MODIFYING_ENZYMES;R-MMU-421270_CELL_CELL_JUNCTION_ORGANIZATION;R-MMU-73894_DNA_REPAIR	Cell-cell junction organization;Chromatin-modifying enzymes;DNA repair	3	0	False	0.7215317980224437	-0.2413599446993468	FLT_lower	main	internally robust, incomplete conventional support;triangulated
expiMap	canonical_tissue	skin	ENSMUSG00000063954	H2ac19	member_of_retained_expimap_pathway	False	3	R-MMU-3247509;R-MMU-421270;R-MMU-73894	R-MMU-3247509_CHROMATIN_MODIFYING_ENZYMES;R-MMU-421270_CELL_CELL_JUNCTION_ORGANIZATION;R-MMU-73894_DNA_REPAIR	Cell-cell junction organization;Chromatin-modifying enzymes;DNA repair	3	0	False	0.7265167233943911	-0.1666137326152095	FLT_lower	main	internally robust, incomplete conventional support;triangulated
expiMap	canonical_tissue	skin	ENSMUSG00000001473	Tubb6	member_of_retained_expimap_pathway	False	1	R-MMU-5358351	R-MMU-5358351_SIGNALING_BY_HEDGEHOG	Hedgehog signaling	1	0	False	0.7271140223857869	-0.1729977718688117	FLT_lower	main	triangulated
expiMap	canonical_tissue	skin	ENSMUSG00000066878	Kpna2rt	member_of_retained_expimap_pathway	False	1	R-MMU-73894	R-MMU-73894_DNA_REPAIR	DNA repair	1	0	False	0.7483314704862921	-0.1319203276554272	FLT_lower	main	triangulated
expiMap	canonical_tissue	skin	ENSMUSG00000040035	Disp2	member_of_retained_expimap_pathway	False	1	R-MMU-5358351	R-MMU-5358351_SIGNALING_BY_HEDGEHOG	Hedgehog signaling	0	1	False	0.7518867390165964	0.0433892680660101	FLT_higher	main	triangulated
expiMap	canonical_tissue	skin	ENSMUSG00000032076	Cadm1	member_of_retained_expimap_pathway	False	1	R-MMU-421270	R-MMU-421270_CELL_CELL_JUNCTION_ORGANIZATION	Cell-cell junction organization	0	1	False	0.7608833421644108	0.0341609056526891	FLT_higher	main	internally robust, incomplete conventional support
expiMap	canonical_tissue	skin	ENSMUSG00000030530	Furin	member_of_retained_expimap_pathway	False	1	R-MMU-421270	R-MMU-421270_CELL_CELL_JUNCTION_ORGANIZATION	Cell-cell junction organization	1	0	False	0.7651014378605534	-0.0605739410127861	FLT_lower	main	internally robust, incomplete conventional support
expiMap	canonical_tissue	skin	ENSMUSG00000007279	Scube2	member_of_retained_expimap_pathway	False	1	R-MMU-5358351	R-MMU-5358351_SIGNALING_BY_HEDGEHOG	Hedgehog signaling	1	0	False	0.7696050676229939	-0.050690104059739	FLT_lower	main	triangulated
expiMap	canonical_tissue	skin	ENSMUSG00000064325	Hhip	member_of_retained_expimap_pathway	False	1	R-MMU-5358351	R-MMU-5358351_SIGNALING_BY_HEDGEHOG	Hedgehog signaling	1	0	False	0.7712098634701623	-0.121513445041731	FLT_lower	main	triangulated
expiMap	canonical_tissue	skin	ENSMUSG00000069309	H2ac22	member_of_retained_expimap_pathway	False	3	R-MMU-3247509;R-MMU-421270;R-MMU-73894	R-MMU-3247509_CHROMATIN_MODIFYING_ENZYMES;R-MMU-421270_CELL_CELL_JUNCTION_ORGANIZATION;R-MMU-73894_DNA_REPAIR	Cell-cell junction organization;Chromatin-modifying enzymes;DNA repair	3	0	False	0.7712098634701623	-0.1511697884507333	FLT_lower	main	internally robust, incomplete conventional support;triangulated
expiMap	canonical_tissue	skin	ENSMUSG00000032908	Sgpp2	member_of_retained_expimap_pathway	False	1	R-MMU-428157	R-MMU-428157_SPHINGOLIPID_METABOLISM	Sphingolipid metabolism	1	0	False	0.7726293405311406	-0.0693212027404993	FLT_lower	main	triangulated
expiMap	canonical_tissue	skin	ENSMUSG00000018474	Chd3	member_of_retained_expimap_pathway	False	1	R-MMU-3247509	R-MMU-3247509_CHROMATIN_MODIFYING_ENZYMES	Chromatin-modifying enzymes	1	0	False	0.7879048802912886	-0.0527374673606312	FLT_lower	main	triangulated
expiMap	canonical_tissue	skin	ENSMUSG00000036395	Glb1l2	member_of_retained_expimap_pathway	False	1	R-MMU-428157	R-MMU-428157_SPHINGOLIPID_METABOLISM	Sphingolipid metabolism	1	0	False	0.8057901973109675	-0.0687722184877435	FLT_lower	main	triangulated
expiMap	canonical_tissue	skin	ENSMUSG00000017897	Eya2	member_of_retained_expimap_pathway	False	1	R-MMU-73894	R-MMU-73894_DNA_REPAIR	DNA repair	1	0	False	0.8151691701805637	-0.108217317477264	FLT_lower	main	triangulated
expiMap	canonical_tissue	skin	ENSMUSG00000024887	Asah2	member_of_retained_expimap_pathway	False	1	R-MMU-428157	R-MMU-428157_SPHINGOLIPID_METABOLISM	Sphingolipid metabolism	0	1	False	0.8151691701805637	0.0316824592421901	FLT_higher	main	triangulated
expiMap	canonical_tissue	skin	ENSMUSG00000026202	Tuba4a	member_of_retained_expimap_pathway	False	1	R-MMU-5358351	R-MMU-5358351_SIGNALING_BY_HEDGEHOG	Hedgehog signaling	1	0	False	0.8225653784121487	-0.0390256924749466	FLT_lower	main	triangulated
expiMap	canonical_tissue	skin	ENSMUSG00000055978	Fut2	member_of_retained_expimap_pathway	False	1	R-MMU-428157	R-MMU-428157_SPHINGOLIPID_METABOLISM	Sphingolipid metabolism	1	0	False	0.8225653784121487	-0.0195209733473059	FLT_lower	main	triangulated
expiMap	canonical_tissue	skin	ENSMUSG00000020387	Jade2	member_of_retained_expimap_pathway	False	1	R-MMU-3247509	R-MMU-3247509_CHROMATIN_MODIFYING_ENZYMES	Chromatin-modifying enzymes	0	1	False	0.8229778352110128	0.0519101980678173	FLT_higher	main	triangulated
expiMap	canonical_tissue	skin	ENSMUSG00000022686	B3gnt5	member_of_retained_expimap_pathway	False	1	R-MMU-428157	R-MMU-428157_SPHINGOLIPID_METABOLISM	Sphingolipid metabolism	1	0	False	0.8442466691327317	-0.1347096796717156	FLT_lower	main	triangulated
expiMap	canonical_tissue	skin	ENSMUSG00000052957	Gas1	member_of_retained_expimap_pathway	False	1	R-MMU-5358351	R-MMU-5358351_SIGNALING_BY_HEDGEHOG	Hedgehog signaling	0	1	False	0.8456921199749257	0.0255150182875318	FLT_higher	main	triangulated
expiMap	canonical_tissue	skin	ENSMUSG00000042082	Arsb	member_of_retained_expimap_pathway	False	1	R-MMU-428157	R-MMU-428157_SPHINGOLIPID_METABOLISM	Sphingolipid metabolism	0	1	False	0.8466560391020866	0.0434314290671677	FLT_higher	main	triangulated
expiMap	canonical_tissue	skin	ENSMUSG00000008461	Fut1	member_of_retained_expimap_pathway	False	1	R-MMU-428157	R-MMU-428157_SPHINGOLIPID_METABOLISM	Sphingolipid metabolism	0	1	False	0.8504614354279968	0.0341099443789299	FLT_higher	main	triangulated
expiMap	canonical_tissue	skin	ENSMUSG00000038642	Ctss	member_of_retained_expimap_pathway	False	1	R-MMU-421270	R-MMU-421270_CELL_CELL_JUNCTION_ORGANIZATION	Cell-cell junction organization	0	1	False	0.855797038474914	0.0492129722250263	FLT_higher	main	internally robust, incomplete conventional support
expiMap	canonical_tissue	skin	ENSMUSG00000062300	Nectin2	member_of_retained_expimap_pathway	False	1	R-MMU-421270	R-MMU-421270_CELL_CELL_JUNCTION_ORGANIZATION	Cell-cell junction organization	1	0	False	0.8595171442652234	-0.0514376668823768	FLT_lower	main	internally robust, incomplete conventional support
expiMap	canonical_tissue	skin	ENSMUSG00000094248	H2ac23	member_of_retained_expimap_pathway	False	3	R-MMU-3247509;R-MMU-421270;R-MMU-73894	R-MMU-3247509_CHROMATIN_MODIFYING_ENZYMES;R-MMU-421270_CELL_CELL_JUNCTION_ORGANIZATION;R-MMU-73894_DNA_REPAIR	Cell-cell junction organization;Chromatin-modifying enzymes;DNA repair	3	0	False	0.8595171442652234	-0.1817317318482322	FLT_lower	main	internally robust, incomplete conventional support;triangulated
expiMap	canonical_tissue	skin	ENSMUSG00000048154	Kmt2d	member_of_retained_expimap_pathway	False	1	R-MMU-3247509	R-MMU-3247509_CHROMATIN_MODIFYING_ENZYMES	Chromatin-modifying enzymes	0	1	False	0.8595456393493699	0.0384363124739642	FLT_higher	main	triangulated
expiMap	canonical_tissue	skin	ENSMUSG00000093769	H3c14	member_of_retained_expimap_pathway	False	2	R-MMU-3247509;R-MMU-421270	R-MMU-3247509_CHROMATIN_MODIFYING_ENZYMES;R-MMU-421270_CELL_CELL_JUNCTION_ORGANIZATION	Cell-cell junction organization;Chromatin-modifying enzymes	2	0	False	0.8605013993894094	-0.0312324462597213	FLT_lower	main	internally robust, incomplete conventional support;triangulated
expiMap	canonical_tissue	skin	ENSMUSG00000028381	Ugcg	member_of_retained_expimap_pathway	False	1	R-MMU-428157	R-MMU-428157_SPHINGOLIPID_METABOLISM	Sphingolipid metabolism	1	0	False	0.8645644612118528	-0.0154138973323757	FLT_lower	main	triangulated
expiMap	canonical_tissue	skin	ENSMUSG00000000594	Gm2a	member_of_retained_expimap_pathway	False	1	R-MMU-428157	R-MMU-428157_SPHINGOLIPID_METABOLISM	Sphingolipid metabolism	0	1	False	0.8657237371227584	0.0251380128646946	FLT_higher	main	triangulated
expiMap	canonical_tissue	skin	ENSMUSG00000036412	Arsi	member_of_retained_expimap_pathway	False	1	R-MMU-428157	R-MMU-428157_SPHINGOLIPID_METABOLISM	Sphingolipid metabolism	1	0	False	0.8720965901213604	-0.0550999478187003	FLT_lower	main	triangulated
expiMap	canonical_tissue	skin	ENSMUSG00000040447	Spns2	member_of_retained_expimap_pathway	False	1	R-MMU-428157	R-MMU-428157_SPHINGOLIPID_METABOLISM	Sphingolipid metabolism	0	1	False	0.8790283200863022	0.0261709282916484	FLT_higher	main	triangulated
expiMap	canonical_tissue	skin	ENSMUSG00000031659	Adcy7	member_of_retained_expimap_pathway	False	1	R-MMU-5358351	R-MMU-5358351_SIGNALING_BY_HEDGEHOG	Hedgehog signaling	1	0	False	0.8912533004048986	-0.0112085745832134	FLT_lower	main	triangulated
expiMap	canonical_tissue	skin	ENSMUSG00000025746	Il6	member_of_retained_expimap_pathway	False	1	R-MMU-421270	R-MMU-421270_CELL_CELL_JUNCTION_ORGANIZATION	Cell-cell junction organization	1	0	False	0.907330275141304	-0.03671190636814	FLT_lower	main	internally robust, incomplete conventional support
expiMap	canonical_tissue	skin	ENSMUSG00000025232	Hexa	member_of_retained_expimap_pathway	False	1	R-MMU-428157	R-MMU-428157_SPHINGOLIPID_METABOLISM	Sphingolipid metabolism	0	1	False	0.9140365901440128	0.0208377534924448	FLT_higher	main	triangulated
expiMap	canonical_tissue	skin	ENSMUSG00000069306	H4c17	member_of_retained_expimap_pathway	False	3	R-MMU-3247509;R-MMU-421270;R-MMU-73894	R-MMU-3247509_CHROMATIN_MODIFYING_ENZYMES;R-MMU-421270_CELL_CELL_JUNCTION_ORGANIZATION;R-MMU-73894_DNA_REPAIR	Cell-cell junction organization;Chromatin-modifying enzymes;DNA repair	3	0	False	0.9140365901440128	-0.0412250769585915	FLT_lower	main	internally robust, incomplete conventional support;triangulated
expiMap	canonical_tissue	skin	ENSMUSG00000041592	Sdk2	member_of_retained_expimap_pathway	False	1	R-MMU-421270	R-MMU-421270_CELL_CELL_JUNCTION_ORGANIZATION	Cell-cell junction organization	0	1	False	0.9317478172062142	0.0218581605904203	FLT_higher	main	internally robust, incomplete conventional support
expiMap	canonical_tissue	skin	ENSMUSG00000044641	Pard6b	member_of_retained_expimap_pathway	False	1	R-MMU-421270	R-MMU-421270_CELL_CELL_JUNCTION_ORGANIZATION	Cell-cell junction organization	0	1	False	0.9317478172062142	0.0242887010423188	FLT_higher	main	internally robust, incomplete conventional support
expiMap	canonical_tissue	skin	ENSMUSG00000031841	Cdh13	member_of_retained_expimap_pathway	False	1	R-MMU-421270	R-MMU-421270_CELL_CELL_JUNCTION_ORGANIZATION	Cell-cell junction organization	0	1	False	0.9346944454432176	0.0171052199231229	FLT_higher	main	internally robust, incomplete conventional support
expiMap	canonical_tissue	skin	ENSMUSG00000042988	Notum	member_of_retained_expimap_pathway	False	1	R-MMU-5358351	R-MMU-5358351_SIGNALING_BY_HEDGEHOG	Hedgehog signaling	0	1	False	0.941380440375756	0.0249953493784413	FLT_higher	main	triangulated
expiMap	canonical_tissue	skin	ENSMUSG00000072235	Tuba1a	member_of_retained_expimap_pathway	False	1	R-MMU-5358351	R-MMU-5358351_SIGNALING_BY_HEDGEHOG	Hedgehog signaling	0	1	False	0.954554630640834	0.012383345316467	FLT_higher	main	triangulated
expiMap	canonical_tissue	skin	ENSMUSG00000018476	Kdm6b	member_of_retained_expimap_pathway	False	1	R-MMU-3247509	R-MMU-3247509_CHROMATIN_MODIFYING_ENZYMES	Chromatin-modifying enzymes	1	0	False	0.9611542660491594	-0.0139066695608158	FLT_lower	main	triangulated
expiMap	canonical_tissue	skin	ENSMUSG00000071516	H2ac13	member_of_retained_expimap_pathway	False	3	R-MMU-3247509;R-MMU-421270;R-MMU-73894	R-MMU-3247509_CHROMATIN_MODIFYING_ENZYMES;R-MMU-421270_CELL_CELL_JUNCTION_ORGANIZATION;R-MMU-73894_DNA_REPAIR	Cell-cell junction organization;Chromatin-modifying enzymes;DNA repair	0	3	False	0.9677822851689778	0.0163908874389691	FLT_higher	main	internally robust, incomplete conventional support;triangulated
expiMap	canonical_tissue	skin	ENSMUSG00000000305	Cdh4	member_of_retained_expimap_pathway	False	1	R-MMU-421270	R-MMU-421270_CELL_CELL_JUNCTION_ORGANIZATION	Cell-cell junction organization	0	1	False	0.9797847988837236	0.0117310167010476	FLT_higher	main	internally robust, incomplete conventional support
expiMap	canonical_tissue	skin	ENSMUSG00000069302	H2ac12	member_of_retained_expimap_pathway	False	3	R-MMU-3247509;R-MMU-421270;R-MMU-73894	R-MMU-3247509_CHROMATIN_MODIFYING_ENZYMES;R-MMU-421270_CELL_CELL_JUNCTION_ORGANIZATION;R-MMU-73894_DNA_REPAIR	Cell-cell junction organization;Chromatin-modifying enzymes;DNA repair	3	0	False	0.9853052172388372	-0.0125468511881272	FLT_lower	main	internally robust, incomplete conventional support;triangulated
expiMap	canonical_tissue	skin	ENSMUSG00000033579	Fa2h	member_of_retained_expimap_pathway	False	1	R-MMU-428157	R-MMU-428157_SPHINGOLIPID_METABOLISM	Sphingolipid metabolism	0	1	False	0.9893115785844548	0.0048613374106706	FLT_higher	main	triangulated
expiMap	canonical_tissue	skin	ENSMUSG00000042599	Kdm7a	member_of_retained_expimap_pathway	False	1	R-MMU-3247509	R-MMU-3247509_CHROMATIN_MODIFYING_ENZYMES	Chromatin-modifying enzymes	0	1	False	0.9955806225510164	0.0006745224121189	FLT_higher	main	triangulated
expiMap	canonical_tissue	spleen	ENSMUSG00000000409	Lck	member_of_retained_expimap_pathway	False	1	R-MMU-202403	R-MMU-202403_TCR_SIGNALING	T-cell receptor signaling	1	0	False	NA	-0.0534456389775357	FLT_lower	main	triangulated
expiMap	canonical_tissue	spleen	ENSMUSG00000000594	Gm2a	member_of_retained_expimap_pathway	False	1	R-MMU-6798695	R-MMU-6798695_NEUTROPHIL_DEGRANULATION	Neutrophil degranulation program	1	0	False	NA	-0.110296739585063	FLT_lower	main	triangulated
expiMap	canonical_tissue	spleen	ENSMUSG00000001128	Cfp	member_of_retained_expimap_pathway	False	1	R-MMU-6798695	R-MMU-6798695_NEUTROPHIL_DEGRANULATION	Neutrophil degranulation program	0	1	False	NA	0.0631774640071135	FLT_higher	main	triangulated
expiMap	canonical_tissue	spleen	ENSMUSG00000001525	Tubb5	member_of_retained_expimap_pathway	False	1	R-MMU-6798695	R-MMU-6798695_NEUTROPHIL_DEGRANULATION	Neutrophil degranulation program	0	1	False	NA	0.0096280810878223	FLT_higher	main	triangulated
expiMap	canonical_tissue	spleen	ENSMUSG00000001552	Jup	member_of_retained_expimap_pathway	False	1	R-MMU-6798695	R-MMU-6798695_NEUTROPHIL_DEGRANULATION	Neutrophil degranulation program	0	1	False	NA	0.0507361571678117	FLT_higher	main	triangulated
expiMap	canonical_tissue	spleen	ENSMUSG00000001750	Tcirg1	member_of_retained_expimap_pathway	False	1	R-MMU-6798695	R-MMU-6798695_NEUTROPHIL_DEGRANULATION	Neutrophil degranulation program	0	1	False	NA	0.0628737881352467	FLT_higher	main	triangulated
expiMap	canonical_tissue	spleen	ENSMUSG00000002033	Cd3g	member_of_retained_expimap_pathway	False	1	R-MMU-202403	R-MMU-202403_TCR_SIGNALING	T-cell receptor signaling	1	0	False	NA	-0.1367229836827743	FLT_lower	main	triangulated
expiMap	canonical_tissue	spleen	ENSMUSG00000002885	Adgre5	member_of_retained_expimap_pathway	False	1	R-MMU-6798695	R-MMU-6798695_NEUTROPHIL_DEGRANULATION	Neutrophil degranulation program	1	0	False	NA	-0.0087596733592395	FLT_lower	main	triangulated
expiMap	canonical_tissue	spleen	ENSMUSG00000002944	Cd36	member_of_retained_expimap_pathway	False	1	R-MMU-6798695	R-MMU-6798695_NEUTROPHIL_DEGRANULATION	Neutrophil degranulation program	0	1	False	NA	0.1929031290721557	FLT_higher	main	triangulated
expiMap	canonical_tissue	spleen	ENSMUSG00000002983	Relb	member_of_retained_expimap_pathway	False	1	R-MMU-5621481	R-MMU-5621481_C_TYPE_LECTIN_RECEPTORS_CLRS	C-type lectin receptor signaling	0	1	False	NA	0.0026564089326058	FLT_higher	main	triangulated
expiMap	canonical_tissue	spleen	ENSMUSG00000003153	Slc2a3	member_of_retained_expimap_pathway	False	1	R-MMU-6798695	R-MMU-6798695_NEUTROPHIL_DEGRANULATION	Neutrophil degranulation program	1	0	False	NA	-0.0506784280226934	FLT_lower	main	triangulated
expiMap	canonical_tissue	spleen	ENSMUSG00000004207	Psap	member_of_retained_expimap_pathway	False	1	R-MMU-6798695	R-MMU-6798695_NEUTROPHIL_DEGRANULATION	Neutrophil degranulation program	1	0	False	NA	-0.0064208163449574	FLT_lower	main	triangulated
expiMap	canonical_tissue	spleen	ENSMUSG00000004668	Abca13	member_of_retained_expimap_pathway	False	1	R-MMU-6798695	R-MMU-6798695_NEUTROPHIL_DEGRANULATION	Neutrophil degranulation program	1	0	False	NA	-0.1404904093068362	FLT_lower	main	triangulated
expiMap	canonical_tissue	spleen	ENSMUSG00000005087	Cd44	member_of_retained_expimap_pathway	False	1	R-MMU-6798695	R-MMU-6798695_NEUTROPHIL_DEGRANULATION	Neutrophil degranulation program	1	0	False	NA	-0.0175613997743901	FLT_lower	main	triangulated
expiMap	canonical_tissue	spleen	ENSMUSG00000005686	Ampd3	member_of_retained_expimap_pathway	False	1	R-MMU-6798695	R-MMU-6798695_NEUTROPHIL_DEGRANULATION	Neutrophil degranulation program	0	1	False	NA	0.2324175113919483	FLT_higher	main	triangulated
expiMap	canonical_tissue	spleen	ENSMUSG00000005763	Cd247	member_of_retained_expimap_pathway	False	1	R-MMU-202403	R-MMU-202403_TCR_SIGNALING	T-cell receptor signaling	1	0	False	NA	-0.0790713765264898	FLT_lower	main	triangulated
expiMap	canonical_tissue	spleen	ENSMUSG00000005800	Mmp8	member_of_retained_expimap_pathway	False	1	R-MMU-6798695	R-MMU-6798695_NEUTROPHIL_DEGRANULATION	Neutrophil degranulation program	1	0	False	NA	-0.1200752462799315	FLT_lower	main	triangulated
expiMap	canonical_tissue	spleen	ENSMUSG00000007891	Ctsd	member_of_retained_expimap_pathway	False	1	R-MMU-6798695	R-MMU-6798695_NEUTROPHIL_DEGRANULATION	Neutrophil degranulation program	1	0	False	NA	-0.0519507087691355	FLT_lower	main	triangulated
expiMap	canonical_tissue	spleen	ENSMUSG00000008540	Mgst1	member_of_retained_expimap_pathway	False	1	R-MMU-6798695	R-MMU-6798695_NEUTROPHIL_DEGRANULATION	Neutrophil degranulation program	0	1	False	NA	0.0433809237461435	FLT_higher	main	triangulated
expiMap	canonical_tissue	spleen	ENSMUSG00000009292	Trpm2	member_of_retained_expimap_pathway	False	1	R-MMU-6798695	R-MMU-6798695_NEUTROPHIL_DEGRANULATION	Neutrophil degranulation program	0	1	False	NA	0.1635297136759325	FLT_higher	main	triangulated
expiMap	canonical_tissue	spleen	ENSMUSG00000009350	Mpo	member_of_retained_expimap_pathway	False	1	R-MMU-6798695	R-MMU-6798695_NEUTROPHIL_DEGRANULATION	Neutrophil degranulation program	1	0	False	NA	-0.6284826233625052	FLT_lower	main	triangulated
expiMap	canonical_tissue	spleen	ENSMUSG00000011752	Pgam1	member_of_retained_expimap_pathway	False	1	R-MMU-6798695	R-MMU-6798695_NEUTROPHIL_DEGRANULATION	Neutrophil degranulation program	0	1	False	NA	0.0434469668199639	FLT_higher	main	triangulated
expiMap	canonical_tissue	spleen	ENSMUSG00000013974	Mcemp1	member_of_retained_expimap_pathway	False	1	R-MMU-6798695	R-MMU-6798695_NEUTROPHIL_DEGRANULATION	Neutrophil degranulation program	1	0	False	NA	-0.3337255119032694	FLT_lower	main	triangulated
expiMap	canonical_tissue	spleen	ENSMUSG00000015340	Cybb	member_of_retained_expimap_pathway	False	1	R-MMU-6798695	R-MMU-6798695_NEUTROPHIL_DEGRANULATION	Neutrophil degranulation program	0	1	False	NA	0.0036774389432267	FLT_higher	main	triangulated
expiMap	canonical_tissue	spleen	ENSMUSG00000015656	Hspa8	member_of_retained_expimap_pathway	False	1	R-MMU-6798695	R-MMU-6798695_NEUTROPHIL_DEGRANULATION	Neutrophil degranulation program	0	1	False	NA	0.0366699697965323	FLT_higher	main	triangulated
expiMap	canonical_tissue	spleen	ENSMUSG00000016283	H2-M2	member_of_retained_expimap_pathway	False	1	R-MMU-6798695	R-MMU-6798695_NEUTROPHIL_DEGRANULATION	Neutrophil degranulation program	1	0	False	NA	-0.1788788118699026	FLT_lower	main	triangulated
expiMap	canonical_tissue	spleen	ENSMUSG00000016933	Plcg1	member_of_retained_expimap_pathway	False	1	R-MMU-202403	R-MMU-202403_TCR_SIGNALING	T-cell receptor signaling	0	1	False	NA	0.1335252114050103	FLT_higher	main	triangulated
expiMap	canonical_tissue	spleen	ENSMUSG00000017002	Slpi	member_of_retained_expimap_pathway	False	1	R-MMU-6798695	R-MMU-6798695_NEUTROPHIL_DEGRANULATION	Neutrophil degranulation program	1	0	False	NA	-0.0630883731502171	FLT_lower	main	triangulated
expiMap	canonical_tissue	spleen	ENSMUSG00000017390	Aldoc	member_of_retained_expimap_pathway	False	1	R-MMU-6798695	R-MMU-6798695_NEUTROPHIL_DEGRANULATION	Neutrophil degranulation program	0	1	False	NA	0.0624653060273941	FLT_higher	main	triangulated
expiMap	canonical_tissue	spleen	ENSMUSG00000017466	Timp2	member_of_retained_expimap_pathway	False	1	R-MMU-6798695	R-MMU-6798695_NEUTROPHIL_DEGRANULATION	Neutrophil degranulation program	0	1	False	NA	0.1750129061298494	FLT_higher	main	triangulated
expiMap	canonical_tissue	spleen	ENSMUSG00000017737	Mmp9	member_of_retained_expimap_pathway	False	1	R-MMU-6798695	R-MMU-6798695_NEUTROPHIL_DEGRANULATION	Neutrophil degranulation program	1	0	False	NA	-0.3239175003684732	FLT_lower	main	triangulated
expiMap	canonical_tissue	spleen	ENSMUSG00000018774	Cd68	member_of_retained_expimap_pathway	False	1	R-MMU-6798695	R-MMU-6798695_NEUTROPHIL_DEGRANULATION	Neutrophil degranulation program	1	0	False	NA	-0.1306067256042709	FLT_lower	main	triangulated
expiMap	canonical_tissue	spleen	ENSMUSG00000019302	Atp6v0a1	member_of_retained_expimap_pathway	False	1	R-MMU-6798695	R-MMU-6798695_NEUTROPHIL_DEGRANULATION	Neutrophil degranulation program	0	1	False	NA	0.0814980373735164	FLT_higher	main	triangulated
expiMap	canonical_tissue	spleen	ENSMUSG00000019843	Fyn	member_of_retained_expimap_pathway	False	1	R-MMU-5621481	R-MMU-5621481_C_TYPE_LECTIN_RECEPTORS_CLRS	C-type lectin receptor signaling	0	1	False	NA	0.0367230351886497	FLT_higher	main	triangulated
expiMap	canonical_tissue	spleen	ENSMUSG00000020125	Elane	member_of_retained_expimap_pathway	False	1	R-MMU-6798695	R-MMU-6798695_NEUTROPHIL_DEGRANULATION	Neutrophil degranulation program	1	0	False	NA	-0.7965130565792468	FLT_lower	main	triangulated
expiMap	canonical_tissue	spleen	ENSMUSG00000020154	Ptprb	member_of_retained_expimap_pathway	False	1	R-MMU-6798695	R-MMU-6798695_NEUTROPHIL_DEGRANULATION	Neutrophil degranulation program	0	1	False	NA	0.234632706484901	FLT_higher	main	triangulated
expiMap	canonical_tissue	spleen	ENSMUSG00000020272	Stk10	member_of_retained_expimap_pathway	False	1	R-MMU-6798695	R-MMU-6798695_NEUTROPHIL_DEGRANULATION	Neutrophil degranulation program	0	1	False	NA	0.0528067178087756	FLT_higher	main	triangulated
expiMap	canonical_tissue	spleen	ENSMUSG00000020395	Itk	member_of_retained_expimap_pathway	False	1	R-MMU-202403	R-MMU-202403_TCR_SIGNALING	T-cell receptor signaling	0	1	False	NA	0.0342508272583797	FLT_higher	main	triangulated
expiMap	canonical_tissue	spleen	ENSMUSG00000020717	Pecam1	member_of_retained_expimap_pathway	False	1	R-MMU-6798695	R-MMU-6798695_NEUTROPHIL_DEGRANULATION	Neutrophil degranulation program	0	1	False	NA	0.071073843652222	FLT_higher	main	triangulated
expiMap	canonical_tissue	spleen	ENSMUSG00000020732	Rab37	member_of_retained_expimap_pathway	False	1	R-MMU-6798695	R-MMU-6798695_NEUTROPHIL_DEGRANULATION	Neutrophil degranulation program	1	0	False	NA	-0.1765356552444954	FLT_lower	main	triangulated
expiMap	canonical_tissue	spleen	ENSMUSG00000020857	Nme2	member_of_retained_expimap_pathway	False	1	R-MMU-6798695	R-MMU-6798695_NEUTROPHIL_DEGRANULATION	Neutrophil degranulation program	1	0	False	NA	-0.0480853760736309	FLT_lower	main	triangulated
expiMap	canonical_tissue	spleen	ENSMUSG00000020941	Map3k14	member_of_retained_expimap_pathway	False	1	R-MMU-5621481	R-MMU-5621481_C_TYPE_LECTIN_RECEPTORS_CLRS	C-type lectin receptor signaling	1	0	False	NA	-0.0515333239611468	FLT_lower	main	triangulated
expiMap	canonical_tissue	spleen	ENSMUSG00000021025	Nfkbia	member_of_retained_expimap_pathway	False	2	R-MMU-202403;R-MMU-5621481	R-MMU-202403_TCR_SIGNALING;R-MMU-5621481_C_TYPE_LECTIN_RECEPTORS_CLRS	C-type lectin receptor signaling;T-cell receptor signaling	0	2	False	NA	0.0316518923033708	FLT_higher	main	triangulated
expiMap	canonical_tissue	spleen	ENSMUSG00000021069	Pygl	member_of_retained_expimap_pathway	False	1	R-MMU-6798695	R-MMU-6798695_NEUTROPHIL_DEGRANULATION	Neutrophil degranulation program	1	0	False	NA	-0.1272046014535016	FLT_lower	main	triangulated
expiMap	canonical_tissue	spleen	ENSMUSG00000021180	Rps6ka5	member_of_retained_expimap_pathway	False	1	R-MMU-5621481	R-MMU-5621481_C_TYPE_LECTIN_RECEPTORS_CLRS	C-type lectin receptor signaling	1	0	False	NA	-0.0250081305099012	FLT_lower	main	triangulated
expiMap	canonical_tissue	spleen	ENSMUSG00000021270	Hsp90aa1	member_of_retained_expimap_pathway	False	1	R-MMU-6798695	R-MMU-6798695_NEUTROPHIL_DEGRANULATION	Neutrophil degranulation program	0	1	False	NA	0.0334435376919504	FLT_higher	main	triangulated
expiMap	canonical_tissue	spleen	ENSMUSG00000021457	Syk	member_of_retained_expimap_pathway	False	1	R-MMU-5621481	R-MMU-5621481_C_TYPE_LECTIN_RECEPTORS_CLRS	C-type lectin receptor signaling	0	1	False	NA	0.0484502482235196	FLT_higher	main	triangulated
expiMap	canonical_tissue	spleen	ENSMUSG00000021665	Hexb	member_of_retained_expimap_pathway	False	1	R-MMU-6798695	R-MMU-6798695_NEUTROPHIL_DEGRANULATION	Neutrophil degranulation program	1	0	False	NA	-0.0831156037216519	FLT_lower	main	triangulated
expiMap	canonical_tissue	spleen	ENSMUSG00000021676	Iqgap2	member_of_retained_expimap_pathway	False	1	R-MMU-6798695	R-MMU-6798695_NEUTROPHIL_DEGRANULATION	Neutrophil degranulation program	0	1	False	NA	0.2143888636189114	FLT_higher	main	triangulated
expiMap	canonical_tissue	spleen	ENSMUSG00000021822	Plau	member_of_retained_expimap_pathway	False	1	R-MMU-6798695	R-MMU-6798695_NEUTROPHIL_DEGRANULATION	Neutrophil degranulation program	1	0	False	NA	-0.1806106554719742	FLT_lower	main	triangulated
expiMap	canonical_tissue	spleen	ENSMUSG00000021823	Vcl	member_of_retained_expimap_pathway	False	1	R-MMU-6798695	R-MMU-6798695_NEUTROPHIL_DEGRANULATION	Neutrophil degranulation program	0	1	False	NA	0.285225884199373	FLT_higher	main	triangulated
expiMap	canonical_tissue	spleen	ENSMUSG00000021939	Ctsb	member_of_retained_expimap_pathway	False	1	R-MMU-6798695	R-MMU-6798695_NEUTROPHIL_DEGRANULATION	Neutrophil degranulation program	0	1	False	NA	0.0564730403667542	FLT_higher	main	triangulated
expiMap	canonical_tissue	spleen	ENSMUSG00000022026	Olfm4	member_of_retained_expimap_pathway	False	1	R-MMU-6798695	R-MMU-6798695_NEUTROPHIL_DEGRANULATION	Neutrophil degranulation program	1	0	False	NA	-0.307190717739395	FLT_lower	main	triangulated
expiMap	canonical_tissue	spleen	ENSMUSG00000022148	Fyb	member_of_retained_expimap_pathway	False	1	R-MMU-202403	R-MMU-202403_TCR_SIGNALING	T-cell receptor signaling	0	1	False	NA	0.0267147484972245	FLT_higher	main	triangulated
expiMap	canonical_tissue	spleen	ENSMUSG00000022555	Dgat1	member_of_retained_expimap_pathway	False	1	R-MMU-6798695	R-MMU-6798695_NEUTROPHIL_DEGRANULATION	Neutrophil degranulation program	1	0	False	NA	-0.0368802107055683	FLT_lower	main	triangulated
expiMap	canonical_tissue	spleen	ENSMUSG00000023274	Cd4	member_of_retained_expimap_pathway	False	1	R-MMU-202403	R-MMU-202403_TCR_SIGNALING	T-cell receptor signaling	1	0	False	NA	-0.0002355302775304	FLT_lower	main	triangulated
expiMap	canonical_tissue	spleen	ENSMUSG00000023349	Clec4n	member_of_retained_expimap_pathway	False	2	R-MMU-5621481;R-MMU-6798695	R-MMU-5621481_C_TYPE_LECTIN_RECEPTORS_CLRS;R-MMU-6798695_NEUTROPHIL_DEGRANULATION	C-type lectin receptor signaling;Neutrophil degranulation program	2	0	False	NA	-0.0650480620163417	FLT_lower	main	triangulated
expiMap	canonical_tissue	spleen	ENSMUSG00000023830	Igf2r	member_of_retained_expimap_pathway	False	1	R-MMU-6798695	R-MMU-6798695_NEUTROPHIL_DEGRANULATION	Neutrophil degranulation program	0	1	False	NA	0.0989757374783332	FLT_higher	main	triangulated
expiMap	canonical_tissue	spleen	ENSMUSG00000023903	Mmp25	member_of_retained_expimap_pathway	False	1	R-MMU-6798695	R-MMU-6798695_NEUTROPHIL_DEGRANULATION	Neutrophil degranulation program	1	0	False	NA	-0.422256104832389	FLT_lower	main	triangulated
expiMap	canonical_tissue	spleen	ENSMUSG00000024084	Qpct	member_of_retained_expimap_pathway	False	1	R-MMU-6798695	R-MMU-6798695_NEUTROPHIL_DEGRANULATION	Neutrophil degranulation program	1	0	False	NA	-0.2000920571875439	FLT_lower	main	triangulated
expiMap	canonical_tissue	spleen	ENSMUSG00000024164	C3	member_of_retained_expimap_pathway	False	1	R-MMU-6798695	R-MMU-6798695_NEUTROPHIL_DEGRANULATION	Neutrophil degranulation program	0	1	False	NA	0.1932688947938274	FLT_higher	main	triangulated
expiMap	canonical_tissue	spleen	ENSMUSG00000024681	Ms4a3	member_of_retained_expimap_pathway	False	1	R-MMU-6798695	R-MMU-6798695_NEUTROPHIL_DEGRANULATION	Neutrophil degranulation program	1	0	False	NA	-0.5388153070172937	FLT_lower	main	triangulated
expiMap	canonical_tissue	spleen	ENSMUSG00000024885	Aldh3b1	member_of_retained_expimap_pathway	False	1	R-MMU-6798695	R-MMU-6798695_NEUTROPHIL_DEGRANULATION	Neutrophil degranulation program	0	1	False	NA	0.0143804193119487	FLT_higher	main	triangulated
expiMap	canonical_tissue	spleen	ENSMUSG00000025225	Nfkb2	member_of_retained_expimap_pathway	False	1	R-MMU-5621481	R-MMU-5621481_C_TYPE_LECTIN_RECEPTORS_CLRS	C-type lectin receptor signaling	0	1	False	NA	0.0150767627092045	FLT_higher	main	triangulated
expiMap	canonical_tissue	spleen	ENSMUSG00000025289	Prdx4	member_of_retained_expimap_pathway	False	1	R-MMU-6798695	R-MMU-6798695_NEUTROPHIL_DEGRANULATION	Neutrophil degranulation program	0	1	False	NA	0.0117604668902215	FLT_higher	main	triangulated
expiMap	canonical_tissue	spleen	ENSMUSG00000025314	Ptprj	member_of_retained_expimap_pathway	False	2	R-MMU-202403;R-MMU-6798695	R-MMU-202403_TCR_SIGNALING;R-MMU-6798695_NEUTROPHIL_DEGRANULATION	Neutrophil degranulation program;T-cell receptor signaling	0	2	False	NA	0.0919334890914964	FLT_higher	main	triangulated
expiMap	canonical_tissue	spleen	ENSMUSG00000025351	Cd63	member_of_retained_expimap_pathway	False	1	R-MMU-6798695	R-MMU-6798695_NEUTROPHIL_DEGRANULATION	Neutrophil degranulation program	1	0	False	NA	-0.0614727920378204	FLT_lower	main	triangulated
expiMap	canonical_tissue	spleen	ENSMUSG00000025364	Pa2g4	member_of_retained_expimap_pathway	False	1	R-MMU-6798695	R-MMU-6798695_NEUTROPHIL_DEGRANULATION	Neutrophil degranulation program	0	1	False	NA	0.043835545263904	FLT_higher	main	triangulated
expiMap	canonical_tissue	spleen	ENSMUSG00000025473	Adam8	member_of_retained_expimap_pathway	False	1	R-MMU-6798695	R-MMU-6798695_NEUTROPHIL_DEGRANULATION	Neutrophil degranulation program	1	0	False	NA	-0.525508064597858	FLT_lower	main	triangulated
expiMap	canonical_tissue	spleen	ENSMUSG00000025572	Tmc6	member_of_retained_expimap_pathway	False	1	R-MMU-6798695	R-MMU-6798695_NEUTROPHIL_DEGRANULATION	Neutrophil degranulation program	0	1	False	NA	0.2567143741800999	FLT_higher	main	triangulated
expiMap	canonical_tissue	spleen	ENSMUSG00000025701	Alox5	member_of_retained_expimap_pathway	False	1	R-MMU-6798695	R-MMU-6798695_NEUTROPHIL_DEGRANULATION	Neutrophil degranulation program	1	0	False	NA	-0.174556163472039	FLT_lower	main	triangulated
expiMap	canonical_tissue	spleen	ENSMUSG00000025877	Hk3	member_of_retained_expimap_pathway	False	1	R-MMU-6798695	R-MMU-6798695_NEUTROPHIL_DEGRANULATION	Neutrophil degranulation program	0	1	False	NA	0.0281354531941401	FLT_higher	main	triangulated
expiMap	canonical_tissue	spleen	ENSMUSG00000026117	Zap70	member_of_retained_expimap_pathway	False	1	R-MMU-202403	R-MMU-202403_TCR_SIGNALING	T-cell receptor signaling	0	1	False	NA	0.0673610601931073	FLT_higher	main	triangulated
expiMap	canonical_tissue	spleen	ENSMUSG00000026177	Slc11a1	member_of_retained_expimap_pathway	False	1	R-MMU-6798695	R-MMU-6798695_NEUTROPHIL_DEGRANULATION	Neutrophil degranulation program	0	1	False	NA	0.1364663379608469	FLT_higher	main	triangulated
expiMap	canonical_tissue	spleen	ENSMUSG00000026180	Cxcr2	member_of_retained_expimap_pathway	False	1	R-MMU-6798695	R-MMU-6798695_NEUTROPHIL_DEGRANULATION	Neutrophil degranulation program	1	0	False	NA	-0.2079196384298272	FLT_lower	main	triangulated
expiMap	canonical_tissue	spleen	ENSMUSG00000026399	Cd55	member_of_retained_expimap_pathway	False	1	R-MMU-6798695	R-MMU-6798695_NEUTROPHIL_DEGRANULATION	Neutrophil degranulation program	1	0	False	NA	-0.1182986714104274	FLT_lower	main	triangulated
expiMap	canonical_tissue	spleen	ENSMUSG00000026417	Pigr	member_of_retained_expimap_pathway	False	1	R-MMU-6798695	R-MMU-6798695_NEUTROPHIL_DEGRANULATION	Neutrophil degranulation program	1	0	False	NA	-0.0520916817531927	FLT_lower	main	triangulated
expiMap	canonical_tissue	spleen	ENSMUSG00000026450	Chit1	member_of_retained_expimap_pathway	False	1	R-MMU-6798695	R-MMU-6798695_NEUTROPHIL_DEGRANULATION	Neutrophil degranulation program	1	0	False	NA	-0.0581675733039711	FLT_lower	main	triangulated
expiMap	canonical_tissue	spleen	ENSMUSG00000026536	Ifi211	member_of_retained_expimap_pathway	False	1	R-MMU-6798695	R-MMU-6798695_NEUTROPHIL_DEGRANULATION	Neutrophil degranulation program	1	0	False	NA	-0.0173449024084836	FLT_lower	main	triangulated
expiMap	canonical_tissue	spleen	ENSMUSG00000026581	Sell	member_of_retained_expimap_pathway	False	1	R-MMU-6798695	R-MMU-6798695_NEUTROPHIL_DEGRANULATION	Neutrophil degranulation program	1	0	False	NA	-0.0902160905044656	FLT_lower	main	triangulated
expiMap	canonical_tissue	spleen	ENSMUSG00000026656	Fcgr2b	member_of_retained_expimap_pathway	False	1	R-MMU-6798695	R-MMU-6798695_NEUTROPHIL_DEGRANULATION	Neutrophil degranulation program	0	1	False	NA	0.0221681559928878	FLT_higher	main	triangulated
expiMap	canonical_tissue	spleen	ENSMUSG00000026822	Lcn2	member_of_retained_expimap_pathway	False	1	R-MMU-6798695	R-MMU-6798695_NEUTROPHIL_DEGRANULATION	Neutrophil degranulation program	1	0	False	NA	-0.6884007598043885	FLT_lower	main	triangulated
expiMap	canonical_tissue	spleen	ENSMUSG00000026835	Fcnb	member_of_retained_expimap_pathway	False	1	R-MMU-6798695	R-MMU-6798695_NEUTROPHIL_DEGRANULATION	Neutrophil degranulation program	1	0	False	NA	-0.5236059632514346	FLT_lower	main	triangulated
expiMap	canonical_tissue	spleen	ENSMUSG00000026879	Gsn	member_of_retained_expimap_pathway	False	1	R-MMU-6798695	R-MMU-6798695_NEUTROPHIL_DEGRANULATION	Neutrophil degranulation program	0	1	False	NA	0.1134890670779611	FLT_higher	main	triangulated
expiMap	canonical_tissue	spleen	ENSMUSG00000026880	Stom	member_of_retained_expimap_pathway	False	1	R-MMU-6798695	R-MMU-6798695_NEUTROPHIL_DEGRANULATION	Neutrophil degranulation program	0	1	False	NA	0.3281490548512785	FLT_higher	main	triangulated
expiMap	canonical_tissue	spleen	ENSMUSG00000026938	Fcna	member_of_retained_expimap_pathway	False	1	R-MMU-6798695	R-MMU-6798695_NEUTROPHIL_DEGRANULATION	Neutrophil degranulation program	0	1	False	NA	0.055868773041184	FLT_higher	main	triangulated
expiMap	canonical_tissue	spleen	ENSMUSG00000027073	Prg2	member_of_retained_expimap_pathway	False	1	R-MMU-6798695	R-MMU-6798695_NEUTROPHIL_DEGRANULATION	Neutrophil degranulation program	1	0	False	NA	-0.0893387607782798	FLT_lower	main	triangulated
expiMap	canonical_tissue	spleen	ENSMUSG00000027087	Itgav	member_of_retained_expimap_pathway	False	1	R-MMU-6798695	R-MMU-6798695_NEUTROPHIL_DEGRANULATION	Neutrophil degranulation program	1	0	False	NA	-0.0015215618114678	FLT_lower	main	triangulated
expiMap	canonical_tissue	spleen	ENSMUSG00000027398	Il1b	member_of_retained_expimap_pathway	False	1	R-MMU-5621481	R-MMU-5621481_C_TYPE_LECTIN_RECEPTORS_CLRS	C-type lectin receptor signaling	1	0	False	NA	-0.0823605045937934	FLT_lower	main	triangulated
expiMap	canonical_tissue	spleen	ENSMUSG00000027435	Cd93	member_of_retained_expimap_pathway	False	1	R-MMU-6798695	R-MMU-6798695_NEUTROPHIL_DEGRANULATION	Neutrophil degranulation program	0	1	False	NA	0.1217873516770637	FLT_higher	main	triangulated
expiMap	canonical_tissue	spleen	ENSMUSG00000027447	Cst3	member_of_retained_expimap_pathway	False	1	R-MMU-6798695	R-MMU-6798695_NEUTROPHIL_DEGRANULATION	Neutrophil degranulation program	1	0	False	NA	-0.2035553288845047	FLT_lower	main	triangulated
expiMap	canonical_tissue	spleen	ENSMUSG00000027508	Pag1	member_of_retained_expimap_pathway	False	1	R-MMU-202403	R-MMU-202403_TCR_SIGNALING	T-cell receptor signaling	0	1	False	NA	0.0869788996808416	FLT_higher	main	triangulated
expiMap	canonical_tissue	spleen	ENSMUSG00000027533	Fabp5	member_of_retained_expimap_pathway	False	1	R-MMU-6798695	R-MMU-6798695_NEUTROPHIL_DEGRANULATION	Neutrophil degranulation program	1	0	False	NA	-0.1952747137303536	FLT_lower	main	triangulated
expiMap	canonical_tissue	spleen	ENSMUSG00000027544	Nfatc2	member_of_retained_expimap_pathway	False	1	R-MMU-5621481	R-MMU-5621481_C_TYPE_LECTIN_RECEPTORS_CLRS	C-type lectin receptor signaling	0	1	False	NA	0.1049505834442451	FLT_higher	main	triangulated
expiMap	canonical_tissue	spleen	ENSMUSG00000027843	Ptpn22	member_of_retained_expimap_pathway	False	1	R-MMU-202403	R-MMU-202403_TCR_SIGNALING	T-cell receptor signaling	0	1	False	NA	0.1174515107017057	FLT_higher	main	triangulated
expiMap	canonical_tissue	spleen	ENSMUSG00000027907	S100a11	member_of_retained_expimap_pathway	False	1	R-MMU-6798695	R-MMU-6798695_NEUTROPHIL_DEGRANULATION	Neutrophil degranulation program	1	0	False	NA	-0.2307576861915983	FLT_lower	main	triangulated
expiMap	canonical_tissue	spleen	ENSMUSG00000028161	Ppp3ca	member_of_retained_expimap_pathway	False	1	R-MMU-5621481	R-MMU-5621481_C_TYPE_LECTIN_RECEPTORS_CLRS	C-type lectin receptor signaling	1	0	False	NA	-0.0666653571498642	FLT_lower	main	triangulated
expiMap	canonical_tissue	spleen	ENSMUSG00000028599	Tnfrsf1b	member_of_retained_expimap_pathway	False	1	R-MMU-6798695	R-MMU-6798695_NEUTROPHIL_DEGRANULATION	Neutrophil degranulation program	0	1	False	NA	0.034099354698492	FLT_higher	main	triangulated
expiMap	canonical_tissue	spleen	ENSMUSG00000028874	Fgr	member_of_retained_expimap_pathway	False	1	R-MMU-6798695	R-MMU-6798695_NEUTROPHIL_DEGRANULATION	Neutrophil degranulation program	1	0	False	NA	-0.0464261169034545	FLT_lower	main	triangulated
expiMap	canonical_tissue	spleen	ENSMUSG00000028927	Padi2	member_of_retained_expimap_pathway	False	1	R-MMU-6798695	R-MMU-6798695_NEUTROPHIL_DEGRANULATION	Neutrophil degranulation program	0	1	False	NA	0.0360069953263471	FLT_higher	main	triangulated
expiMap	canonical_tissue	spleen	ENSMUSG00000029036	Atad3a	member_of_retained_expimap_pathway	False	1	R-MMU-6798695	R-MMU-6798695_NEUTROPHIL_DEGRANULATION	Neutrophil degranulation program	0	1	False	NA	0.0449014313021798	FLT_higher	main	triangulated
expiMap	canonical_tissue	spleen	ENSMUSG00000029082	Bst1	member_of_retained_expimap_pathway	False	1	R-MMU-6798695	R-MMU-6798695_NEUTROPHIL_DEGRANULATION	Neutrophil degranulation program	1	0	False	NA	-0.3066596319423033	FLT_lower	main	triangulated
expiMap	canonical_tissue	spleen	ENSMUSG00000029322	Plac8	member_of_retained_expimap_pathway	False	1	R-MMU-6798695	R-MMU-6798695_NEUTROPHIL_DEGRANULATION	Neutrophil degranulation program	1	0	False	NA	-0.2160896547116042	FLT_lower	main	triangulated
expiMap	canonical_tissue	spleen	ENSMUSG00000029372	Ppbp	member_of_retained_expimap_pathway	False	1	R-MMU-6798695	R-MMU-6798695_NEUTROPHIL_DEGRANULATION	Neutrophil degranulation program	1	0	False	NA	-0.1534788184684306	FLT_lower	main	triangulated
expiMap	canonical_tissue	spleen	ENSMUSG00000029915	Clec5a	member_of_retained_expimap_pathway	False	1	R-MMU-6798695	R-MMU-6798695_NEUTROPHIL_DEGRANULATION	Neutrophil degranulation program	1	0	False	NA	-0.1039376818637377	FLT_lower	main	triangulated
expiMap	canonical_tissue	spleen	ENSMUSG00000030142	Clec4e	member_of_retained_expimap_pathway	False	1	R-MMU-5621481	R-MMU-5621481_C_TYPE_LECTIN_RECEPTORS_CLRS	C-type lectin receptor signaling	1	0	False	NA	-0.3637097023893704	FLT_lower	main	triangulated
expiMap	canonical_tissue	spleen	ENSMUSG00000030144	Clec4d	member_of_retained_expimap_pathway	False	2	R-MMU-5621481;R-MMU-6798695	R-MMU-5621481_C_TYPE_LECTIN_RECEPTORS_CLRS;R-MMU-6798695_NEUTROPHIL_DEGRANULATION	C-type lectin receptor signaling;Neutrophil degranulation program	2	0	False	NA	-0.3426749873059607	FLT_lower	main	triangulated
expiMap	canonical_tissue	spleen	ENSMUSG00000030148	Clec4a2	member_of_retained_expimap_pathway	False	1	R-MMU-6798695	R-MMU-6798695_NEUTROPHIL_DEGRANULATION	Neutrophil degranulation program	1	0	False	NA	-0.1119845048790445	FLT_lower	main	triangulated
expiMap	canonical_tissue	spleen	ENSMUSG00000030162	Olr1	member_of_retained_expimap_pathway	False	1	R-MMU-6798695	R-MMU-6798695_NEUTROPHIL_DEGRANULATION	Neutrophil degranulation program	1	0	False	NA	-0.2330108449584585	FLT_lower	main	triangulated
expiMap	canonical_tissue	spleen	ENSMUSG00000030263	Irag2	member_of_retained_expimap_pathway	False	1	R-MMU-6798695	R-MMU-6798695_NEUTROPHIL_DEGRANULATION	Neutrophil degranulation program	1	0	False	NA	-0.0691048030794707	FLT_lower	main	triangulated
expiMap	canonical_tissue	spleen	ENSMUSG00000030413	Pglyrp1	member_of_retained_expimap_pathway	False	1	R-MMU-6798695	R-MMU-6798695_NEUTROPHIL_DEGRANULATION	Neutrophil degranulation program	1	0	False	NA	-0.3363901374913089	FLT_lower	main	triangulated
expiMap	canonical_tissue	spleen	ENSMUSG00000030447	Cyfip1	member_of_retained_expimap_pathway	False	1	R-MMU-6798695	R-MMU-6798695_NEUTROPHIL_DEGRANULATION	Neutrophil degranulation program	0	1	False	NA	0.0371135118589791	FLT_higher	main	triangulated
expiMap	canonical_tissue	spleen	ENSMUSG00000030474	Siglece	member_of_retained_expimap_pathway	False	1	R-MMU-6798695	R-MMU-6798695_NEUTROPHIL_DEGRANULATION	Neutrophil degranulation program	0	1	False	NA	0.1428954075649716	FLT_higher	main	triangulated
expiMap	canonical_tissue	spleen	ENSMUSG00000030560	Ctsc	member_of_retained_expimap_pathway	False	1	R-MMU-6798695	R-MMU-6798695_NEUTROPHIL_DEGRANULATION	Neutrophil degranulation program	0	1	False	NA	0.0242118740118773	FLT_higher	main	triangulated
expiMap	canonical_tissue	spleen	ENSMUSG00000030579	Tyrobp	member_of_retained_expimap_pathway	False	1	R-MMU-6798695	R-MMU-6798695_NEUTROPHIL_DEGRANULATION	Neutrophil degranulation program	1	0	False	NA	-0.1311074803564825	FLT_lower	main	triangulated
expiMap	canonical_tissue	spleen	ENSMUSG00000030775	Trat1	member_of_retained_expimap_pathway	False	1	R-MMU-202403	R-MMU-202403_TCR_SIGNALING	T-cell receptor signaling	1	0	False	NA	-0.1767566526346332	FLT_lower	main	triangulated
expiMap	canonical_tissue	spleen	ENSMUSG00000030786	Itgam	member_of_retained_expimap_pathway	False	1	R-MMU-6798695	R-MMU-6798695_NEUTROPHIL_DEGRANULATION	Neutrophil degranulation program	1	0	False	NA	-0.1824486236847429	FLT_lower	main	triangulated
expiMap	canonical_tissue	spleen	ENSMUSG00000030789	Itgax	member_of_retained_expimap_pathway	False	1	R-MMU-6798695	R-MMU-6798695_NEUTROPHIL_DEGRANULATION	Neutrophil degranulation program	1	0	False	NA	-0.0626058863797563	FLT_lower	main	triangulated
expiMap	canonical_tissue	spleen	ENSMUSG00000030793	Pycard	member_of_retained_expimap_pathway	False	2	R-MMU-5621481;R-MMU-6798695	R-MMU-5621481_C_TYPE_LECTIN_RECEPTORS_CLRS;R-MMU-6798695_NEUTROPHIL_DEGRANULATION	C-type lectin receptor signaling;Neutrophil degranulation program	2	0	False	NA	-0.1487594889707189	FLT_lower	main	triangulated
expiMap	canonical_tissue	spleen	ENSMUSG00000030830	Itgal	member_of_retained_expimap_pathway	False	1	R-MMU-6798695	R-MMU-6798695_NEUTROPHIL_DEGRANULATION	Neutrophil degranulation program	0	1	False	NA	0.0625938715787704	FLT_higher	main	triangulated
expiMap	canonical_tissue	spleen	ENSMUSG00000031441	Atp11a	member_of_retained_expimap_pathway	False	1	R-MMU-6798695	R-MMU-6798695_NEUTROPHIL_DEGRANULATION	Neutrophil degranulation program	0	1	False	NA	0.1979799769727702	FLT_higher	main	triangulated
expiMap	canonical_tissue	spleen	ENSMUSG00000031494	Cd209a	member_of_retained_expimap_pathway	False	1	R-MMU-5621481	R-MMU-5621481_C_TYPE_LECTIN_RECEPTORS_CLRS	C-type lectin receptor signaling	1	0	False	NA	-0.0785941438212033	FLT_lower	main	triangulated
expiMap	canonical_tissue	spleen	ENSMUSG00000031722	Hp	member_of_retained_expimap_pathway	False	1	R-MMU-6798695	R-MMU-6798695_NEUTROPHIL_DEGRANULATION	Neutrophil degranulation program	1	0	False	NA	-0.3214244665854693	FLT_lower	main	triangulated
expiMap	canonical_tissue	spleen	ENSMUSG00000031825	Crispld2	member_of_retained_expimap_pathway	False	1	R-MMU-6798695	R-MMU-6798695_NEUTROPHIL_DEGRANULATION	Neutrophil degranulation program	0	1	False	NA	0.4261347607909034	FLT_higher	main	triangulated
expiMap	canonical_tissue	spleen	ENSMUSG00000031827	Cotl1	member_of_retained_expimap_pathway	False	1	R-MMU-6798695	R-MMU-6798695_NEUTROPHIL_DEGRANULATION	Neutrophil degranulation program	1	0	False	NA	-0.031650262826059	FLT_lower	main	triangulated
expiMap	canonical_tissue	spleen	ENSMUSG00000032093	Cd3e	member_of_retained_expimap_pathway	False	1	R-MMU-202403	R-MMU-202403_TCR_SIGNALING	T-cell receptor signaling	1	0	False	NA	-0.0015872193625101	FLT_lower	main	triangulated
expiMap	canonical_tissue	spleen	ENSMUSG00000032231	Anxa2	member_of_retained_expimap_pathway	False	1	R-MMU-6798695	R-MMU-6798695_NEUTROPHIL_DEGRANULATION	Neutrophil degranulation program	1	0	False	NA	-0.2051858508791438	FLT_lower	main	triangulated
expiMap	canonical_tissue	spleen	ENSMUSG00000032294	Pkm	member_of_retained_expimap_pathway	False	1	R-MMU-6798695	R-MMU-6798695_NEUTROPHIL_DEGRANULATION	Neutrophil degranulation program	0	1	False	NA	0.0071069507264382	FLT_higher	main	triangulated
expiMap	canonical_tissue	spleen	ENSMUSG00000032359	Ctsh	member_of_retained_expimap_pathway	False	1	R-MMU-6798695	R-MMU-6798695_NEUTROPHIL_DEGRANULATION	Neutrophil degranulation program	1	0	False	NA	-0.1124582764540161	FLT_lower	main	triangulated
expiMap	canonical_tissue	spleen	ENSMUSG00000032496	Ltf	member_of_retained_expimap_pathway	False	1	R-MMU-6798695	R-MMU-6798695_NEUTROPHIL_DEGRANULATION	Neutrophil degranulation program	1	0	False	NA	-0.813183254668677	FLT_lower	main	triangulated
expiMap	canonical_tissue	spleen	ENSMUSG00000032561	Acpp	member_of_retained_expimap_pathway	False	1	R-MMU-6798695	R-MMU-6798695_NEUTROPHIL_DEGRANULATION	Neutrophil degranulation program	1	0	False	NA	-0.0329135245719048	FLT_lower	main	triangulated
expiMap	canonical_tissue	spleen	ENSMUSG00000032688	Malt1	member_of_retained_expimap_pathway	False	2	R-MMU-202403;R-MMU-5621481	R-MMU-202403_TCR_SIGNALING;R-MMU-5621481_C_TYPE_LECTIN_RECEPTORS_CLRS	C-type lectin receptor signaling;T-cell receptor signaling	2	0	False	NA	-0.0156008785463399	FLT_lower	main	triangulated
expiMap	canonical_tissue	spleen	ENSMUSG00000033307	Mif	member_of_retained_expimap_pathway	False	1	R-MMU-6798695	R-MMU-6798695_NEUTROPHIL_DEGRANULATION	Neutrophil degranulation program	1	0	False	NA	-0.0368315865398152	FLT_lower	main	triangulated
expiMap	canonical_tissue	spleen	ENSMUSG00000034330	Plcg2	member_of_retained_expimap_pathway	False	2	R-MMU-202403;R-MMU-5621481	R-MMU-202403_TCR_SIGNALING;R-MMU-5621481_C_TYPE_LECTIN_RECEPTORS_CLRS	C-type lectin receptor signaling;T-cell receptor signaling	0	2	False	NA	0.0150799206155891	FLT_higher	main	triangulated
expiMap	canonical_tissue	spleen	ENSMUSG00000034707	Gns	member_of_retained_expimap_pathway	False	1	R-MMU-6798695	R-MMU-6798695_NEUTROPHIL_DEGRANULATION	Neutrophil degranulation program	0	1	False	NA	0.0651050537634272	FLT_higher	main	triangulated
expiMap	canonical_tissue	spleen	ENSMUSG00000034708	Grn	member_of_retained_expimap_pathway	False	1	R-MMU-6798695	R-MMU-6798695_NEUTROPHIL_DEGRANULATION	Neutrophil degranulation program	0	1	False	NA	0.0945329220123937	FLT_higher	main	triangulated
expiMap	canonical_tissue	spleen	ENSMUSG00000035273	Hpse	member_of_retained_expimap_pathway	False	1	R-MMU-6798695	R-MMU-6798695_NEUTROPHIL_DEGRANULATION	Neutrophil degranulation program	1	0	False	NA	-0.1333337216271768	FLT_lower	main	triangulated
expiMap	canonical_tissue	spleen	ENSMUSG00000035697	Arhgap45	member_of_retained_expimap_pathway	False	1	R-MMU-6798695	R-MMU-6798695_NEUTROPHIL_DEGRANULATION	Neutrophil degranulation program	1	0	False	NA	-0.031774987582159	FLT_lower	main	triangulated
expiMap	canonical_tissue	spleen	ENSMUSG00000035711	Dok3	member_of_retained_expimap_pathway	False	1	R-MMU-6798695	R-MMU-6798695_NEUTROPHIL_DEGRANULATION	Neutrophil degranulation program	0	1	False	NA	0.0033817232813262	FLT_higher	main	triangulated
expiMap	canonical_tissue	spleen	ENSMUSG00000036526	Card11	member_of_retained_expimap_pathway	False	2	R-MMU-202403;R-MMU-5621481	R-MMU-202403_TCR_SIGNALING;R-MMU-5621481_C_TYPE_LECTIN_RECEPTORS_CLRS	C-type lectin receptor signaling;T-cell receptor signaling	2	0	False	NA	-0.0165258421048882	FLT_lower	main	triangulated
expiMap	canonical_tissue	spleen	ENSMUSG00000036594	H2-Aa	member_of_retained_expimap_pathway	False	1	R-MMU-202403	R-MMU-202403_TCR_SIGNALING	T-cell receptor signaling	1	0	False	NA	-0.1911230662592903	FLT_lower	main	triangulated
expiMap	canonical_tissue	spleen	ENSMUSG00000036752	Tubb4b	member_of_retained_expimap_pathway	False	1	R-MMU-6798695	R-MMU-6798695_NEUTROPHIL_DEGRANULATION	Neutrophil degranulation program	0	1	False	NA	0.0909827763569502	FLT_higher	main	triangulated
expiMap	canonical_tissue	spleen	ENSMUSG00000036938	Try5	member_of_retained_expimap_pathway	False	1	R-MMU-6798695	R-MMU-6798695_NEUTROPHIL_DEGRANULATION	Neutrophil degranulation program	1	0	False	NA	-0.1937917469689221	FLT_lower	main	triangulated
expiMap	canonical_tissue	spleen	ENSMUSG00000037685	Atp8a1	member_of_retained_expimap_pathway	False	1	R-MMU-6798695	R-MMU-6798695_NEUTROPHIL_DEGRANULATION	Neutrophil degranulation program	0	1	False	NA	0.1005859838545912	FLT_higher	main	triangulated
expiMap	canonical_tissue	spleen	ENSMUSG00000037902	Sirpa	member_of_retained_expimap_pathway	False	1	R-MMU-6798695	R-MMU-6798695_NEUTROPHIL_DEGRANULATION	Neutrophil degranulation program	0	1	False	NA	0.0036337702241535	FLT_higher	main	triangulated
expiMap	canonical_tissue	spleen	ENSMUSG00000038357	Camp	member_of_retained_expimap_pathway	False	1	R-MMU-6798695	R-MMU-6798695_NEUTROPHIL_DEGRANULATION	Neutrophil degranulation program	1	0	False	NA	-0.7753467890771624	FLT_lower	main	triangulated
expiMap	canonical_tissue	spleen	ENSMUSG00000038642	Ctss	member_of_retained_expimap_pathway	False	1	R-MMU-6798695	R-MMU-6798695_NEUTROPHIL_DEGRANULATION	Neutrophil degranulation program	1	0	False	NA	-0.0801247545366429	FLT_lower	main	triangulated
expiMap	canonical_tissue	spleen	ENSMUSG00000038991	Txndc5	member_of_retained_expimap_pathway	False	1	R-MMU-6798695	R-MMU-6798695_NEUTROPHIL_DEGRANULATION	Neutrophil degranulation program	0	1	False	NA	0.0670241589657099	FLT_higher	main	triangulated
expiMap	canonical_tissue	spleen	ENSMUSG00000039062	Anpep	member_of_retained_expimap_pathway	False	1	R-MMU-6798695	R-MMU-6798695_NEUTROPHIL_DEGRANULATION	Neutrophil degranulation program	0	1	False	NA	0.0070917824438922	FLT_higher	main	triangulated
expiMap	canonical_tissue	spleen	ENSMUSG00000039196	Orm1	member_of_retained_expimap_pathway	False	1	R-MMU-6798695	R-MMU-6798695_NEUTROPHIL_DEGRANULATION	Neutrophil degranulation program	1	0	False	NA	-0.3179260932570457	FLT_lower	main	triangulated
expiMap	canonical_tissue	spleen	ENSMUSG00000039899	Fgl2	member_of_retained_expimap_pathway	False	1	R-MMU-6798695	R-MMU-6798695_NEUTROPHIL_DEGRANULATION	Neutrophil degranulation program	0	1	False	NA	0.1329677770155926	FLT_higher	main	triangulated
expiMap	canonical_tissue	spleen	ENSMUSG00000040247	Tbc1d10c	member_of_retained_expimap_pathway	False	1	R-MMU-6798695	R-MMU-6798695_NEUTROPHIL_DEGRANULATION	Neutrophil degranulation program	1	0	False	NA	-0.0555510852546465	FLT_lower	main	triangulated
expiMap	canonical_tissue	spleen	ENSMUSG00000040314	Ctsg	member_of_retained_expimap_pathway	False	1	R-MMU-6798695	R-MMU-6798695_NEUTROPHIL_DEGRANULATION	Neutrophil degranulation program	1	0	False	NA	-0.6818795121385461	FLT_lower	main	triangulated
expiMap	canonical_tissue	spleen	ENSMUSG00000040693	Slco4c1	member_of_retained_expimap_pathway	False	1	R-MMU-6798695	R-MMU-6798695_NEUTROPHIL_DEGRANULATION	Neutrophil degranulation program	1	0	False	NA	-0.3096889718063422	FLT_lower	main	triangulated
expiMap	canonical_tissue	spleen	ENSMUSG00000040713	Creg1	member_of_retained_expimap_pathway	False	1	R-MMU-6798695	R-MMU-6798695_NEUTROPHIL_DEGRANULATION	Neutrophil degranulation program	0	1	False	NA	0.0890602487791167	FLT_higher	main	triangulated
expiMap	canonical_tissue	spleen	ENSMUSG00000040747	Cd53	member_of_retained_expimap_pathway	False	1	R-MMU-6798695	R-MMU-6798695_NEUTROPHIL_DEGRANULATION	Neutrophil degranulation program	1	0	False	NA	-0.1720930862019447	FLT_lower	main	triangulated
expiMap	canonical_tissue	spleen	ENSMUSG00000041417	Pik3r1	member_of_retained_expimap_pathway	False	1	R-MMU-202403	R-MMU-202403_TCR_SIGNALING	T-cell receptor signaling	0	1	False	NA	0.2053677969776838	FLT_higher	main	triangulated
expiMap	canonical_tissue	spleen	ENSMUSG00000042082	Arsb	member_of_retained_expimap_pathway	False	1	R-MMU-6798695	R-MMU-6798695_NEUTROPHIL_DEGRANULATION	Neutrophil degranulation program	1	0	False	NA	-0.0080904080136045	FLT_lower	main	triangulated
expiMap	canonical_tissue	spleen	ENSMUSG00000042228	Lyn	member_of_retained_expimap_pathway	False	1	R-MMU-5621481	R-MMU-5621481_C_TYPE_LECTIN_RECEPTORS_CLRS	C-type lectin receptor signaling	0	1	False	NA	0.0014009507227211	FLT_higher	main	triangulated
expiMap	canonical_tissue	spleen	ENSMUSG00000042351	Grap2	member_of_retained_expimap_pathway	False	1	R-MMU-202403	R-MMU-202403_TCR_SIGNALING	T-cell receptor signaling	0	1	False	NA	0.0082725068368004	FLT_higher	main	triangulated
expiMap	canonical_tissue	spleen	ENSMUSG00000043832	Clec4a3	member_of_retained_expimap_pathway	False	1	R-MMU-6798695	R-MMU-6798695_NEUTROPHIL_DEGRANULATION	Neutrophil degranulation program	1	0	False	NA	-0.0503984877819567	FLT_lower	main	triangulated
expiMap	canonical_tissue	spleen	ENSMUSG00000044734	Serpinb1a	member_of_retained_expimap_pathway	False	1	R-MMU-6798695	R-MMU-6798695_NEUTROPHIL_DEGRANULATION	Neutrophil degranulation program	1	0	False	NA	-0.0917066702914169	FLT_lower	main	triangulated
expiMap	canonical_tissue	spleen	ENSMUSG00000045551	Fpr1	member_of_retained_expimap_pathway	False	1	R-MMU-6798695	R-MMU-6798695_NEUTROPHIL_DEGRANULATION	Neutrophil degranulation program	0	1	False	NA	0.0102085168206448	FLT_higher	main	triangulated
expiMap	canonical_tissue	spleen	ENSMUSG00000046223	Plaur	member_of_retained_expimap_pathway	False	1	R-MMU-6798695	R-MMU-6798695_NEUTROPHIL_DEGRANULATION	Neutrophil degranulation program	1	0	False	NA	-0.0509943791010499	FLT_lower	main	triangulated
expiMap	canonical_tissue	spleen	ENSMUSG00000046718	Bst2	member_of_retained_expimap_pathway	False	1	R-MMU-6798695	R-MMU-6798695_NEUTROPHIL_DEGRANULATION	Neutrophil degranulation program	1	0	False	NA	-0.160833880296701	FLT_lower	main	triangulated
expiMap	canonical_tissue	spleen	ENSMUSG00000046841	Ckap4	member_of_retained_expimap_pathway	False	1	R-MMU-6798695	R-MMU-6798695_NEUTROPHIL_DEGRANULATION	Neutrophil degranulation program	0	1	False	NA	0.11696718002836	FLT_higher	main	triangulated
expiMap	canonical_tissue	spleen	ENSMUSG00000049130	C5ar1	member_of_retained_expimap_pathway	False	1	R-MMU-6798695	R-MMU-6798695_NEUTROPHIL_DEGRANULATION	Neutrophil degranulation program	1	0	False	NA	-0.1129901119571926	FLT_lower	main	triangulated
expiMap	canonical_tissue	spleen	ENSMUSG00000051439	Cd14	member_of_retained_expimap_pathway	False	1	R-MMU-6798695	R-MMU-6798695_NEUTROPHIL_DEGRANULATION	Neutrophil degranulation program	0	1	False	NA	0.1723188951456301	FLT_higher	main	triangulated
expiMap	canonical_tissue	spleen	ENSMUSG00000052212	Cd177	member_of_retained_expimap_pathway	False	1	R-MMU-6798695	R-MMU-6798695_NEUTROPHIL_DEGRANULATION	Neutrophil degranulation program	1	0	False	NA	-0.6393445198909328	FLT_lower	main	triangulated
expiMap	canonical_tissue	spleen	ENSMUSG00000052234	Epx	member_of_retained_expimap_pathway	False	1	R-MMU-6798695	R-MMU-6798695_NEUTROPHIL_DEGRANULATION	Neutrophil degranulation program	1	0	False	NA	-0.3309654824345406	FLT_lower	main	triangulated
expiMap	canonical_tissue	spleen	ENSMUSG00000052270	Fpr2	member_of_retained_expimap_pathway	False	1	R-MMU-6798695	R-MMU-6798695_NEUTROPHIL_DEGRANULATION	Neutrophil degranulation program	1	0	False	NA	-0.1847083262148921	FLT_lower	main	triangulated
expiMap	canonical_tissue	spleen	ENSMUSG00000052305	Hbb-bs	member_of_retained_expimap_pathway	False	1	R-MMU-6798695	R-MMU-6798695_NEUTROPHIL_DEGRANULATION	Neutrophil degranulation program	1	0	False	NA	-0.5012442316953791	FLT_lower	main	triangulated
expiMap	canonical_tissue	spleen	ENSMUSG00000053063	Clec12a	member_of_retained_expimap_pathway	False	1	R-MMU-6798695	R-MMU-6798695_NEUTROPHIL_DEGRANULATION	Neutrophil degranulation program	1	0	False	NA	-0.1971616345879033	FLT_lower	main	triangulated
expiMap	canonical_tissue	spleen	ENSMUSG00000054203	Ifi205	member_of_retained_expimap_pathway	False	1	R-MMU-6798695	R-MMU-6798695_NEUTROPHIL_DEGRANULATION	Neutrophil degranulation program	1	0	False	NA	-0.1331993932336178	FLT_lower	main	triangulated
expiMap	canonical_tissue	spleen	ENSMUSG00000054385	Ceacam2	member_of_retained_expimap_pathway	False	1	R-MMU-6798695	R-MMU-6798695_NEUTROPHIL_DEGRANULATION	Neutrophil degranulation program	1	0	False	NA	-0.0664436841124488	FLT_lower	main	triangulated
expiMap	canonical_tissue	spleen	ENSMUSG00000054889	Dsp	member_of_retained_expimap_pathway	False	1	R-MMU-6798695	R-MMU-6798695_NEUTROPHIL_DEGRANULATION	Neutrophil degranulation program	0	1	False	NA	0.1472504693207518	FLT_higher	main	triangulated
expiMap	canonical_tissue	spleen	ENSMUSG00000055541	Lair1	member_of_retained_expimap_pathway	False	1	R-MMU-6798695	R-MMU-6798695_NEUTROPHIL_DEGRANULATION	Neutrophil degranulation program	1	0	False	NA	-0.0921453462932955	FLT_lower	main	triangulated
expiMap	canonical_tissue	spleen	ENSMUSG00000056054	S100a8	member_of_retained_expimap_pathway	False	1	R-MMU-6798695	R-MMU-6798695_NEUTROPHIL_DEGRANULATION	Neutrophil degranulation program	1	0	False	NA	-0.7398611996278797	FLT_lower	main	triangulated
expiMap	canonical_tissue	spleen	ENSMUSG00000056071	S100a9	member_of_retained_expimap_pathway	False	1	R-MMU-6798695	R-MMU-6798695_NEUTROPHIL_DEGRANULATION	Neutrophil degranulation program	1	0	False	NA	-0.6870370447191331	FLT_lower	main	triangulated
expiMap	canonical_tissue	spleen	ENSMUSG00000056116	H2-T22	member_of_retained_expimap_pathway	False	1	R-MMU-6798695	R-MMU-6798695_NEUTROPHIL_DEGRANULATION	Neutrophil degranulation program	1	0	False	NA	-0.0564361918290529	FLT_lower	main	triangulated
expiMap	canonical_tissue	spleen	ENSMUSG00000056529	Ptafr	member_of_retained_expimap_pathway	False	1	R-MMU-6798695	R-MMU-6798695_NEUTROPHIL_DEGRANULATION	Neutrophil degranulation program	1	0	False	NA	-0.0948813041815631	FLT_lower	main	triangulated
expiMap	canonical_tissue	spleen	ENSMUSG00000056724	Nbeal2	member_of_retained_expimap_pathway	False	1	R-MMU-6798695	R-MMU-6798695_NEUTROPHIL_DEGRANULATION	Neutrophil degranulation program	0	1	False	NA	0.066607820978376	FLT_higher	main	triangulated
expiMap	canonical_tissue	spleen	ENSMUSG00000056888	Glipr1	member_of_retained_expimap_pathway	False	1	R-MMU-6798695	R-MMU-6798695_NEUTROPHIL_DEGRANULATION	Neutrophil degranulation program	1	0	False	NA	-0.1390975310077991	FLT_lower	main	triangulated
expiMap	canonical_tissue	spleen	ENSMUSG00000057163	Prss2	member_of_retained_expimap_pathway	False	1	R-MMU-6798695	R-MMU-6798695_NEUTROPHIL_DEGRANULATION	Neutrophil degranulation program	1	0	False	NA	-0.5565131511126601	FLT_lower	main	triangulated
expiMap	canonical_tissue	spleen	ENSMUSG00000057729	Prtn3	member_of_retained_expimap_pathway	False	1	R-MMU-6798695	R-MMU-6798695_NEUTROPHIL_DEGRANULATION	Neutrophil degranulation program	1	0	False	NA	-0.358906903642424	FLT_lower	main	triangulated
expiMap	canonical_tissue	spleen	ENSMUSG00000058099	Nfam1	member_of_retained_expimap_pathway	False	1	R-MMU-6798695	R-MMU-6798695_NEUTROPHIL_DEGRANULATION	Neutrophil degranulation program	1	0	False	NA	-0.0177794158251769	FLT_lower	main	triangulated
expiMap	canonical_tissue	spleen	ENSMUSG00000058715	Fcer1g	member_of_retained_expimap_pathway	False	2	R-MMU-5621481;R-MMU-6798695	R-MMU-5621481_C_TYPE_LECTIN_RECEPTORS_CLRS;R-MMU-6798695_NEUTROPHIL_DEGRANULATION	C-type lectin receptor signaling;Neutrophil degranulation program	2	0	False	NA	-0.088957654611929	FLT_lower	main	triangulated
expiMap	canonical_tissue	spleen	ENSMUSG00000059089	Fcgr4	member_of_retained_expimap_pathway	False	1	R-MMU-6798695	R-MMU-6798695_NEUTROPHIL_DEGRANULATION	Neutrophil degranulation program	1	0	False	NA	-0.173449183409857	FLT_lower	main	triangulated
expiMap	canonical_tissue	spleen	ENSMUSG00000060131	Atp8b4	member_of_retained_expimap_pathway	False	1	R-MMU-6798695	R-MMU-6798695_NEUTROPHIL_DEGRANULATION	Neutrophil degranulation program	1	0	False	NA	-0.1289163767037109	FLT_lower	main	triangulated
expiMap	canonical_tissue	spleen	ENSMUSG00000060147	Serpinb6a	member_of_retained_expimap_pathway	False	1	R-MMU-6798695	R-MMU-6798695_NEUTROPHIL_DEGRANULATION	Neutrophil degranulation program	0	1	False	NA	0.031238152769675	FLT_higher	main	triangulated
expiMap	canonical_tissue	spleen	ENSMUSG00000060470	Adgrg3	member_of_retained_expimap_pathway	False	1	R-MMU-6798695	R-MMU-6798695_NEUTROPHIL_DEGRANULATION	Neutrophil degranulation program	1	0	False	NA	-0.0499007495592946	FLT_lower	main	triangulated
expiMap	canonical_tissue	spleen	ENSMUSG00000060550	H2-Q7	member_of_retained_expimap_pathway	False	1	R-MMU-6798695	R-MMU-6798695_NEUTROPHIL_DEGRANULATION	Neutrophil degranulation program	1	0	False	NA	-0.0502146258378584	FLT_lower	main	triangulated
expiMap	canonical_tissue	spleen	ENSMUSG00000060586	H2-Eb1	member_of_retained_expimap_pathway	False	1	R-MMU-202403	R-MMU-202403_TCR_SIGNALING	T-cell receptor signaling	1	0	False	NA	-0.18980116641677	FLT_lower	main	triangulated
expiMap	canonical_tissue	spleen	ENSMUSG00000060791	Gmfg	member_of_retained_expimap_pathway	False	1	R-MMU-6798695	R-MMU-6798695_NEUTROPHIL_DEGRANULATION	Neutrophil degranulation program	1	0	False	NA	-0.1652560537183674	FLT_lower	main	triangulated
expiMap	canonical_tissue	spleen	ENSMUSG00000061414	Cracr2a	member_of_retained_expimap_pathway	False	1	R-MMU-6798695	R-MMU-6798695_NEUTROPHIL_DEGRANULATION	Neutrophil degranulation program	1	0	False	NA	-0.016931560401821	FLT_lower	main	triangulated
expiMap	canonical_tissue	spleen	ENSMUSG00000063234	Gpr84	member_of_retained_expimap_pathway	False	1	R-MMU-6798695	R-MMU-6798695_NEUTROPHIL_DEGRANULATION	Neutrophil degranulation program	1	0	False	NA	-0.2422880083686534	FLT_lower	main	triangulated
expiMap	canonical_tissue	spleen	ENSMUSG00000064147	Rab44	member_of_retained_expimap_pathway	False	1	R-MMU-6798695	R-MMU-6798695_NEUTROPHIL_DEGRANULATION	Neutrophil degranulation program	1	0	False	NA	-0.1431143456191895	FLT_lower	main	triangulated
expiMap	canonical_tissue	spleen	ENSMUSG00000064246	Chil1	member_of_retained_expimap_pathway	False	1	R-MMU-6798695	R-MMU-6798695_NEUTROPHIL_DEGRANULATION	Neutrophil degranulation program	1	0	False	NA	-0.3632495298720868	FLT_lower	main	triangulated
expiMap	canonical_tissue	spleen	ENSMUSG00000064267	Hvcn1	member_of_retained_expimap_pathway	False	1	R-MMU-6798695	R-MMU-6798695_NEUTROPHIL_DEGRANULATION	Neutrophil degranulation program	1	0	False	NA	-0.0770517227832527	FLT_lower	main	triangulated
expiMap	canonical_tissue	spleen	ENSMUSG00000066036	Ubr4	member_of_retained_expimap_pathway	False	1	R-MMU-6798695	R-MMU-6798695_NEUTROPHIL_DEGRANULATION	Neutrophil degranulation program	0	1	False	NA	0.1794996229931673	FLT_higher	main	triangulated
expiMap	canonical_tissue	spleen	ENSMUSG00000067235	H2-Q10	member_of_retained_expimap_pathway	False	1	R-MMU-6798695	R-MMU-6798695_NEUTROPHIL_DEGRANULATION	Neutrophil degranulation program	1	0	False	NA	-0.1416830665697726	FLT_lower	main	triangulated
expiMap	canonical_tissue	spleen	ENSMUSG00000067341	H2-Eb2	member_of_retained_expimap_pathway	False	1	R-MMU-202403	R-MMU-202403_TCR_SIGNALING	T-cell receptor signaling	1	0	False	NA	-0.0270630375666499	FLT_lower	main	triangulated
expiMap	canonical_tissue	spleen	ENSMUSG00000068240	Gm11808	member_of_retained_expimap_pathway	False	2	R-MMU-202403;R-MMU-5621481	R-MMU-202403_TCR_SIGNALING;R-MMU-5621481_C_TYPE_LECTIN_RECEPTORS_CLRS	C-type lectin receptor signaling;T-cell receptor signaling	2	0	False	NA	-0.1356635678989795	FLT_lower	main	triangulated
expiMap	canonical_tissue	spleen	ENSMUSG00000068587	Mgam	member_of_retained_expimap_pathway	False	1	R-MMU-6798695	R-MMU-6798695_NEUTROPHIL_DEGRANULATION	Neutrophil degranulation program	1	0	False	NA	-0.2805561218171831	FLT_lower	main	triangulated
expiMap	canonical_tissue	spleen	ENSMUSG00000069516	Lyz2	member_of_retained_expimap_pathway	False	1	R-MMU-6798695	R-MMU-6798695_NEUTROPHIL_DEGRANULATION	Neutrophil degranulation program	1	0	False	NA	-0.1859846610156694	FLT_lower	main	triangulated
expiMap	canonical_tissue	spleen	ENSMUSG00000070873	Lilra5	member_of_retained_expimap_pathway	False	1	R-MMU-6798695	R-MMU-6798695_NEUTROPHIL_DEGRANULATION	Neutrophil degranulation program	0	1	False	NA	0.3253561875923187	FLT_higher	main	triangulated
expiMap	canonical_tissue	spleen	ENSMUSG00000072596	Ear2	member_of_retained_expimap_pathway	False	1	R-MMU-6798695	R-MMU-6798695_NEUTROPHIL_DEGRANULATION	Neutrophil degranulation program	1	0	False	NA	-0.058687528975682	FLT_lower	main	triangulated
expiMap	canonical_tissue	spleen	ENSMUSG00000073421	H2-Ab1	member_of_retained_expimap_pathway	False	1	R-MMU-202403	R-MMU-202403_TCR_SIGNALING	T-cell receptor signaling	1	0	False	NA	-0.1581182404349967	FLT_lower	main	triangulated
expiMap	canonical_tissue	spleen	ENSMUSG00000073489	Ifi204	member_of_retained_expimap_pathway	False	1	R-MMU-6798695	R-MMU-6798695_NEUTROPHIL_DEGRANULATION	Neutrophil degranulation program	1	0	False	NA	-0.0496439407184668	FLT_lower	main	triangulated
expiMap	canonical_tissue	spleen	ENSMUSG00000073940	Hbb-bt	member_of_retained_expimap_pathway	False	1	R-MMU-6798695	R-MMU-6798695_NEUTROPHIL_DEGRANULATION	Neutrophil degranulation program	1	0	False	NA	-0.525978385311744	FLT_lower	main	triangulated
expiMap	canonical_tissue	spleen	ENSMUSG00000074272	Ceacam1	member_of_retained_expimap_pathway	False	1	R-MMU-6798695	R-MMU-6798695_NEUTROPHIL_DEGRANULATION	Neutrophil degranulation program	0	1	False	NA	0.023080869731398	FLT_higher	main	triangulated
expiMap	canonical_tissue	spleen	ENSMUSG00000076473	Trbv16	member_of_retained_expimap_pathway	False	1	R-MMU-202403	R-MMU-202403_TCR_SIGNALING	T-cell receptor signaling	1	0	False	NA	-0.0140401717185794	FLT_lower	main	triangulated
expiMap	canonical_tissue	spleen	ENSMUSG00000076490	Trbc1	member_of_retained_expimap_pathway	False	1	R-MMU-202403	R-MMU-202403_TCR_SIGNALING	T-cell receptor signaling	1	0	False	NA	-0.2001903560525408	FLT_lower	main	triangulated
expiMap	canonical_tissue	spleen	ENSMUSG00000076498	Trbc2	member_of_retained_expimap_pathway	False	1	R-MMU-202403	R-MMU-202403_TCR_SIGNALING	T-cell receptor signaling	1	0	False	NA	-0.1740967886766535	FLT_lower	main	triangulated
expiMap	canonical_tissue	spleen	ENSMUSG00000076928	Trac	member_of_retained_expimap_pathway	False	1	R-MMU-202403	R-MMU-202403_TCR_SIGNALING	T-cell receptor signaling	1	0	False	NA	-0.1669403502569533	FLT_lower	main	triangulated
expiMap	canonical_tissue	spleen	ENSMUSG00000086564	Cd101	member_of_retained_expimap_pathway	False	1	R-MMU-202403	R-MMU-202403_TCR_SIGNALING	T-cell receptor signaling	1	0	False	NA	-0.0883738637058085	FLT_lower	main	triangulated
expiMap	canonical_tissue	spleen	ENSMUSG00000090272	Mndal	member_of_retained_expimap_pathway	False	1	R-MMU-6798695	R-MMU-6798695_NEUTROPHIL_DEGRANULATION	Neutrophil degranulation program	1	0	False	NA	-0.0920781244353577	FLT_lower	main	triangulated
expiMap	canonical_tissue	spleen	ENSMUSG00000090877	Hspa1b	member_of_retained_expimap_pathway	False	1	R-MMU-6798695	R-MMU-6798695_NEUTROPHIL_DEGRANULATION	Neutrophil degranulation program	0	1	False	NA	0.3683447692826962	FLT_higher	main	triangulated
expiMap	canonical_tissue	spleen	ENSMUSG00000091971	Hspa1a	member_of_retained_expimap_pathway	False	1	R-MMU-6798695	R-MMU-6798695_NEUTROPHIL_DEGRANULATION	Neutrophil degranulation program	0	1	False	NA	0.7386961258896599	FLT_higher	main	triangulated
expiMap	canonical_tissue	spleen	ENSMUSG00000092572	Serpinb10	member_of_retained_expimap_pathway	False	1	R-MMU-6798695	R-MMU-6798695_NEUTROPHIL_DEGRANULATION	Neutrophil degranulation program	1	0	False	NA	-0.1670760943752052	FLT_lower	main	triangulated
expiMap	canonical_tissue	spleen	ENSMUSG00000096255	Dynlt1b	member_of_retained_expimap_pathway	False	1	R-MMU-6798695	R-MMU-6798695_NEUTROPHIL_DEGRANULATION	Neutrophil degranulation program	0	1	False	NA	0.022628494078393	FLT_higher	main	triangulated
expiMap	canonical_tissue	spleen	ENSMUSG00000116876	Gm49721	member_of_retained_expimap_pathway	False	1	R-MMU-6798695	R-MMU-6798695_NEUTROPHIL_DEGRANULATION	Neutrophil degranulation program	0	1	False	NA	0.5603950727808458	FLT_higher	main	triangulated
expiMap	canonical_tissue	spleen	ENSMUSG00000116988	Gm49673	member_of_retained_expimap_pathway	False	1	R-MMU-6798695	R-MMU-6798695_NEUTROPHIL_DEGRANULATION	Neutrophil degranulation program	1	0	False	NA	-0.2271905018105823	FLT_lower	main	triangulated
expiMap	canonical_tissue	thymus	ENSMUSG00000094248	H2ac23	member_of_retained_expimap_pathway	False	1	R-MMU-73894	R-MMU-73894_DNA_REPAIR	DNA repair	1	0	True	0.0316341516046691	-0.7719805451970764	FLT_lower	main	triangulated
expiMap	canonical_tissue	thymus	ENSMUSG00000022661	Cd200	member_of_retained_expimap_pathway	False	1	R-MMU-198933	R-MMU-198933_IMMUNOREGULATORY_INTERACTIONS_BETWEEN_A_LYMPHOID_AND_A_NON_LYMPHOID_CELL	Lymphoid-stromal interactions	0	1	False	0.0316341516046691	0.5800273511553072	FLT_higher	main	internally robust, incomplete conventional support
expiMap	canonical_tissue	thymus	ENSMUSG00000022865	Cxadr	member_of_retained_expimap_pathway	False	1	R-MMU-198933	R-MMU-198933_IMMUNOREGULATORY_INTERACTIONS_BETWEEN_A_LYMPHOID_AND_A_NON_LYMPHOID_CELL	Lymphoid-stromal interactions	0	1	False	0.0316341516046691	0.5769608013934857	FLT_higher	main	internally robust, incomplete conventional support
expiMap	canonical_tissue	thymus	ENSMUSG00000029108	Pcdh7	member_of_retained_expimap_pathway	False	1	R-MMU-8980692	R-MMU-8980692_RHOA_GTPASE_CYCLE	RHOA cytoskeletal cycle	0	1	False	0.0764110323063697	0.8524494895248361	FLT_higher	main	triangulated
expiMap	canonical_tissue	thymus	ENSMUSG00000067235	H2-Q10	member_of_retained_expimap_pathway	False	1	R-MMU-198933	R-MMU-198933_IMMUNOREGULATORY_INTERACTIONS_BETWEEN_A_LYMPHOID_AND_A_NON_LYMPHOID_CELL	Lymphoid-stromal interactions	0	1	False	0.0764110323063697	0.8246540888234151	FLT_higher	main	internally robust, incomplete conventional support
expiMap	canonical_tissue	thymus	ENSMUSG00000037709	Fam13a	member_of_retained_expimap_pathway	False	1	R-MMU-8980692	R-MMU-8980692_RHOA_GTPASE_CYCLE	RHOA cytoskeletal cycle	0	1	False	0.0826357349654337	0.7165376657992997	FLT_higher	main	triangulated
expiMap	canonical_tissue	thymus	ENSMUSG00000098188	Sowahc	member_of_retained_expimap_pathway	False	1	R-MMU-8980692	R-MMU-8980692_RHOA_GTPASE_CYCLE	RHOA cytoskeletal cycle	0	1	False	0.0826357349654337	0.5369946989940919	FLT_higher	main	triangulated
expiMap	canonical_tissue	thymus	ENSMUSG00000021662	Arhgef28	member_of_retained_expimap_pathway	False	1	R-MMU-8980692	R-MMU-8980692_RHOA_GTPASE_CYCLE	RHOA cytoskeletal cycle	0	1	False	0.084755123887487	0.7169852310611728	FLT_higher	main	triangulated
expiMap	canonical_tissue	thymus	ENSMUSG00000056895	H2bc27	member_of_retained_expimap_pathway	False	1	R-MMU-73894	R-MMU-73894_DNA_REPAIR	DNA repair	1	0	False	0.145041053754386	-1.287133957840589	FLT_lower	main	triangulated
expiMap	canonical_tissue	thymus	ENSMUSG00000020121	Srgap1	member_of_retained_expimap_pathway	False	1	R-MMU-8980692	R-MMU-8980692_RHOA_GTPASE_CYCLE	RHOA cytoskeletal cycle	0	1	False	0.1471765060421749	0.5050626198422783	FLT_higher	main	triangulated
expiMap	canonical_tissue	thymus	ENSMUSG00000025491	Ifitm1	member_of_retained_expimap_pathway	False	1	R-MMU-198933	R-MMU-198933_IMMUNOREGULATORY_INTERACTIONS_BETWEEN_A_LYMPHOID_AND_A_NON_LYMPHOID_CELL	Lymphoid-stromal interactions	0	1	False	0.1471765060421749	0.6737522405443358	FLT_higher	main	internally robust, incomplete conventional support
expiMap	canonical_tissue	thymus	ENSMUSG00000079685	Ulbp1	member_of_retained_expimap_pathway	False	1	R-MMU-198933	R-MMU-198933_IMMUNOREGULATORY_INTERACTIONS_BETWEEN_A_LYMPHOID_AND_A_NON_LYMPHOID_CELL	Lymphoid-stromal interactions	1	0	False	0.1471765060421749	-1.0450183095208712	FLT_lower	main	internally robust, incomplete conventional support
expiMap	canonical_tissue	thymus	ENSMUSG00000024451	Arap3	member_of_retained_expimap_pathway	False	1	R-MMU-8980692	R-MMU-8980692_RHOA_GTPASE_CYCLE	RHOA cytoskeletal cycle	0	1	False	0.1495698477914014	0.5983931018478543	FLT_higher	main	triangulated
expiMap	canonical_tissue	thymus	ENSMUSG00000025064	Col17a1	member_of_retained_expimap_pathway	False	1	R-MMU-198933	R-MMU-198933_IMMUNOREGULATORY_INTERACTIONS_BETWEEN_A_LYMPHOID_AND_A_NON_LYMPHOID_CELL	Lymphoid-stromal interactions	0	1	False	0.1495698477914014	0.4567949781889767	FLT_higher	main	internally robust, incomplete conventional support
expiMap	canonical_tissue	thymus	ENSMUSG00000027699	Ect2	member_of_retained_expimap_pathway	False	1	R-MMU-8980692	R-MMU-8980692_RHOA_GTPASE_CYCLE	RHOA cytoskeletal cycle	1	0	False	0.1495698477914014	-1.2967016612792857	FLT_lower	main	triangulated
expiMap	canonical_tissue	thymus	ENSMUSG00000031442	Mcf2l	member_of_retained_expimap_pathway	False	1	R-MMU-8980692	R-MMU-8980692_RHOA_GTPASE_CYCLE	RHOA cytoskeletal cycle	0	1	False	0.1495698477914014	0.4042009513946711	FLT_higher	main	triangulated
expiMap	canonical_tissue	thymus	ENSMUSG00000032875	Arhgef17	member_of_retained_expimap_pathway	False	1	R-MMU-8980692	R-MMU-8980692_RHOA_GTPASE_CYCLE	RHOA cytoskeletal cycle	0	1	False	0.1495698477914014	0.7107372129690561	FLT_higher	main	triangulated
expiMap	canonical_tissue	thymus	ENSMUSG00000069305	H4c18	member_of_retained_expimap_pathway	False	1	R-MMU-73894	R-MMU-73894_DNA_REPAIR	DNA repair	1	0	False	0.1558800792647864	-1.26051701262634	FLT_lower	main	triangulated
expiMap	canonical_tissue	thymus	ENSMUSG00000076498	Trbc2	member_of_retained_expimap_pathway	False	1	R-MMU-198933	R-MMU-198933_IMMUNOREGULATORY_INTERACTIONS_BETWEEN_A_LYMPHOID_AND_A_NON_LYMPHOID_CELL	Lymphoid-stromal interactions	1	0	False	0.1558800792647864	-0.7064557282141137	FLT_lower	main	internally robust, incomplete conventional support
expiMap	canonical_tissue	thymus	ENSMUSG00000027078	Ube2l6	member_of_retained_expimap_pathway	False	1	R-MMU-73894	R-MMU-73894_DNA_REPAIR	DNA repair	0	1	False	0.1645198992014727	0.5971513047326372	FLT_higher	main	triangulated
expiMap	canonical_tissue	thymus	ENSMUSG00000076473	Trbv16	member_of_retained_expimap_pathway	False	1	R-MMU-198933	R-MMU-198933_IMMUNOREGULATORY_INTERACTIONS_BETWEEN_A_LYMPHOID_AND_A_NON_LYMPHOID_CELL	Lymphoid-stromal interactions	1	0	False	0.1648453172779707	-0.6496204462351415	FLT_lower	main	internally robust, incomplete conventional support
expiMap	canonical_tissue	thymus	ENSMUSG00000053044	Cd8b1	member_of_retained_expimap_pathway	False	1	R-MMU-198933	R-MMU-198933_IMMUNOREGULATORY_INTERACTIONS_BETWEEN_A_LYMPHOID_AND_A_NON_LYMPHOID_CELL	Lymphoid-stromal interactions	1	0	False	0.1657378706384862	-0.7513206123666727	FLT_lower	main	internally robust, incomplete conventional support
expiMap	canonical_tissue	thymus	ENSMUSG00000059495	Arhgef12	member_of_retained_expimap_pathway	False	1	R-MMU-8980692	R-MMU-8980692_RHOA_GTPASE_CYCLE	RHOA cytoskeletal cycle	0	1	False	0.1671958687481663	0.5935910362527391	FLT_higher	main	triangulated
expiMap	canonical_tissue	thymus	ENSMUSG00000076490	Trbc1	member_of_retained_expimap_pathway	False	1	R-MMU-198933	R-MMU-198933_IMMUNOREGULATORY_INTERACTIONS_BETWEEN_A_LYMPHOID_AND_A_NON_LYMPHOID_CELL	Lymphoid-stromal interactions	1	0	False	0.1709456034653925	-0.7295534622243732	FLT_lower	main	internally robust, incomplete conventional support
expiMap	canonical_tissue	thymus	ENSMUSG00000053977	Cd8a	member_of_retained_expimap_pathway	False	1	R-MMU-198933	R-MMU-198933_IMMUNOREGULATORY_INTERACTIONS_BETWEEN_A_LYMPHOID_AND_A_NON_LYMPHOID_CELL	Lymphoid-stromal interactions	1	0	False	0.1752043361113099	-0.7954326385984342	FLT_lower	main	internally robust, incomplete conventional support
expiMap	canonical_tissue	thymus	ENSMUSG00000064220	H2ac18	member_of_retained_expimap_pathway	False	1	R-MMU-73894	R-MMU-73894_DNA_REPAIR	DNA repair	1	0	False	0.1763883202339911	-1.662842021933141	FLT_lower	main	triangulated
expiMap	canonical_tissue	thymus	ENSMUSG00000025154	Arhgap19	member_of_retained_expimap_pathway	False	1	R-MMU-8980692	R-MMU-8980692_RHOA_GTPASE_CYCLE	RHOA cytoskeletal cycle	1	0	False	0.179472748101463	-0.9540947384058278	FLT_lower	main	triangulated
expiMap	canonical_tissue	thymus	ENSMUSG00000041219	Arhgap11a	member_of_retained_expimap_pathway	False	1	R-MMU-8980692	R-MMU-8980692_RHOA_GTPASE_CYCLE	RHOA cytoskeletal cycle	1	0	False	0.179472748101463	-0.9671574676311688	FLT_lower	main	triangulated
expiMap	canonical_tissue	thymus	ENSMUSG00000060591	Ifitm2	member_of_retained_expimap_pathway	False	1	R-MMU-198933	R-MMU-198933_IMMUNOREGULATORY_INTERACTIONS_BETWEEN_A_LYMPHOID_AND_A_NON_LYMPHOID_CELL	Lymphoid-stromal interactions	0	1	False	0.1814539208608118	0.610013240782504	FLT_higher	main	internally robust, incomplete conventional support
expiMap	canonical_tissue	thymus	ENSMUSG00000075031	H2bc3	member_of_retained_expimap_pathway	False	1	R-MMU-73894	R-MMU-73894_DNA_REPAIR	DNA repair	1	0	False	0.1814539208608118	-1.703054530743065	FLT_lower	main	triangulated
expiMap	canonical_tissue	thymus	ENSMUSG00000021697	Depdc1b	member_of_retained_expimap_pathway	False	1	R-MMU-8980692	R-MMU-8980692_RHOA_GTPASE_CYCLE	RHOA cytoskeletal cycle	1	0	False	0.1853993351100956	-1.484424002141878	FLT_lower	main	triangulated
expiMap	canonical_tissue	thymus	ENSMUSG00000057406	Nsd2	member_of_retained_expimap_pathway	False	1	R-MMU-73894	R-MMU-73894_DNA_REPAIR	DNA repair	1	0	False	0.1860772102159064	-0.9328032033411824	FLT_lower	main	triangulated
expiMap	canonical_tissue	thymus	ENSMUSG00000027342	Pcna	member_of_retained_expimap_pathway	False	1	R-MMU-73894	R-MMU-73894_DNA_REPAIR	DNA repair	1	0	False	0.1947234579329245	-1.0037571004079984	FLT_lower	main	triangulated
expiMap	canonical_tissue	thymus	ENSMUSG00000032094	Cd3d	member_of_retained_expimap_pathway	False	1	R-MMU-198933	R-MMU-198933_IMMUNOREGULATORY_INTERACTIONS_BETWEEN_A_LYMPHOID_AND_A_NON_LYMPHOID_CELL	Lymphoid-stromal interactions	1	0	False	0.1947234579329245	-0.5636290186860344	FLT_lower	main	internally robust, incomplete conventional support
expiMap	canonical_tissue	thymus	ENSMUSG00000049932	H2ax	member_of_retained_expimap_pathway	False	1	R-MMU-73894	R-MMU-73894_DNA_REPAIR	DNA repair	1	0	False	0.1947234579329245	-1.3251441571051088	FLT_lower	main	triangulated
expiMap	canonical_tissue	thymus	ENSMUSG00000105827	H2bc18	member_of_retained_expimap_pathway	False	1	R-MMU-73894	R-MMU-73894_DNA_REPAIR	DNA repair	1	0	False	0.1947234579329245	-1.603342991778499	FLT_lower	main	triangulated
expiMap	canonical_tissue	thymus	ENSMUSG00000039831	Arhgap29	member_of_retained_expimap_pathway	False	1	R-MMU-8980692	R-MMU-8980692_RHOA_GTPASE_CYCLE	RHOA cytoskeletal cycle	0	1	False	0.1954668428457115	0.5498102382657871	FLT_higher	main	triangulated
expiMap	canonical_tissue	thymus	ENSMUSG00000035133	Arhgap5	member_of_retained_expimap_pathway	False	1	R-MMU-8980692	R-MMU-8980692_RHOA_GTPASE_CYCLE	RHOA cytoskeletal cycle	0	1	False	0.1988828896947281	0.4756819171012033	FLT_higher	main	triangulated
expiMap	canonical_tissue	thymus	ENSMUSG00000066878	Kpna2rt	member_of_retained_expimap_pathway	False	1	R-MMU-73894	R-MMU-73894_DNA_REPAIR	DNA repair	1	0	False	0.1988828896947281	-1.1077903782884706	FLT_lower	main	triangulated
expiMap	canonical_tissue	thymus	ENSMUSG00000028068	Iqgap3	member_of_retained_expimap_pathway	False	1	R-MMU-8980692	R-MMU-8980692_RHOA_GTPASE_CYCLE	RHOA cytoskeletal cycle	1	0	False	0.1996014154286021	-1.0525408569861026	FLT_lower	main	triangulated
expiMap	canonical_tissue	thymus	ENSMUSG00000039396	Neil3	member_of_retained_expimap_pathway	False	1	R-MMU-73894	R-MMU-73894_DNA_REPAIR	DNA repair	1	0	False	0.1996014154286021	-1.5580261022786135	FLT_lower	main	triangulated
expiMap	canonical_tissue	thymus	ENSMUSG00000069274	H4c6	member_of_retained_expimap_pathway	False	1	R-MMU-73894	R-MMU-73894_DNA_REPAIR	DNA repair	1	0	False	0.1996014154286021	-1.2648035824364363	FLT_lower	main	triangulated
expiMap	canonical_tissue	thymus	ENSMUSG00000023015	Racgap1	member_of_retained_expimap_pathway	False	1	R-MMU-8980692	R-MMU-8980692_RHOA_GTPASE_CYCLE	RHOA cytoskeletal cycle	1	0	False	0.2010125003460091	-1.1660843349897845	FLT_lower	main	triangulated
expiMap	canonical_tissue	thymus	ENSMUSG00000071478	H2ac7	member_of_retained_expimap_pathway	False	1	R-MMU-73894	R-MMU-73894_DNA_REPAIR	DNA repair	1	0	False	0.2010125003460091	-1.7073315722777074	FLT_lower	main	triangulated
expiMap	canonical_tissue	thymus	ENSMUSG00000094777	H2ac24	member_of_retained_expimap_pathway	False	1	R-MMU-73894	R-MMU-73894_DNA_REPAIR	DNA repair	1	0	False	0.2034657996198688	-1.7294085365925824	FLT_lower	main	triangulated
expiMap	canonical_tissue	thymus	ENSMUSG00000042489	Clspn	member_of_retained_expimap_pathway	False	1	R-MMU-73894	R-MMU-73894_DNA_REPAIR	DNA repair	1	0	False	0.2062875450327521	-1.3331496533555072	FLT_lower	main	triangulated
expiMap	canonical_tissue	thymus	ENSMUSG00000005763	Cd247	member_of_retained_expimap_pathway	False	1	R-MMU-198933	R-MMU-198933_IMMUNOREGULATORY_INTERACTIONS_BETWEEN_A_LYMPHOID_AND_A_NON_LYMPHOID_CELL	Lymphoid-stromal interactions	1	0	False	0.2067517082857109	-0.5068151365462515	FLT_lower	main	internally robust, incomplete conventional support
expiMap	canonical_tissue	thymus	ENSMUSG00000007655	Cav1	member_of_retained_expimap_pathway	False	1	R-MMU-8980692	R-MMU-8980692_RHOA_GTPASE_CYCLE	RHOA cytoskeletal cycle	0	1	False	0.2067517082857109	0.5598335077940023	FLT_higher	main	triangulated
expiMap	canonical_tissue	thymus	ENSMUSG00000022657	Cd96	member_of_retained_expimap_pathway	False	1	R-MMU-198933	R-MMU-198933_IMMUNOREGULATORY_INTERACTIONS_BETWEEN_A_LYMPHOID_AND_A_NON_LYMPHOID_CELL	Lymphoid-stromal interactions	1	0	False	0.2067517082857109	-0.4961280736024173	FLT_lower	main	internally robust, incomplete conventional support
expiMap	canonical_tissue	thymus	ENSMUSG00000032021	Crtam	member_of_retained_expimap_pathway	False	1	R-MMU-198933	R-MMU-198933_IMMUNOREGULATORY_INTERACTIONS_BETWEEN_A_LYMPHOID_AND_A_NON_LYMPHOID_CELL	Lymphoid-stromal interactions	0	1	False	0.2095505839518996	0.5006029590758315	FLT_higher	main	internally robust, incomplete conventional support
expiMap	canonical_tissue	thymus	ENSMUSG00000069272	H2ac8	member_of_retained_expimap_pathway	False	1	R-MMU-73894	R-MMU-73894_DNA_REPAIR	DNA repair	1	0	False	0.2095505839518996	-1.657773612386451	FLT_lower	main	triangulated
expiMap	canonical_tissue	thymus	ENSMUSG00000061462	Obscn	member_of_retained_expimap_pathway	False	1	R-MMU-8980692	R-MMU-8980692_RHOA_GTPASE_CYCLE	RHOA cytoskeletal cycle	0	1	False	0.209627314012118	0.6111773625693852	FLT_higher	main	triangulated
expiMap	canonical_tissue	thymus	ENSMUSG00000021708	Rasgrf2	member_of_retained_expimap_pathway	False	1	R-MMU-8980692	R-MMU-8980692_RHOA_GTPASE_CYCLE	RHOA cytoskeletal cycle	0	1	False	0.209695431208223	0.5279568265977495	FLT_higher	main	triangulated
expiMap	canonical_tissue	thymus	ENSMUSG00000035455	Fignl1	member_of_retained_expimap_pathway	False	1	R-MMU-73894	R-MMU-73894_DNA_REPAIR	DNA repair	1	0	False	0.2112908981406918	-1.5022794762632203	FLT_lower	main	triangulated
expiMap	canonical_tissue	thymus	ENSMUSG00000058385	H2bc8	member_of_retained_expimap_pathway	False	1	R-MMU-73894	R-MMU-73894_DNA_REPAIR	DNA repair	1	0	False	0.213271348132225	-1.4108598827250085	FLT_lower	main	triangulated
expiMap	canonical_tissue	thymus	ENSMUSG00000069266	H4c2	member_of_retained_expimap_pathway	False	1	R-MMU-73894	R-MMU-73894_DNA_REPAIR	DNA repair	1	0	False	0.213271348132225	-1.1761974888836364	FLT_lower	main	triangulated
expiMap	canonical_tissue	thymus	ENSMUSG00000040204	Pclaf	member_of_retained_expimap_pathway	False	1	R-MMU-73894	R-MMU-73894_DNA_REPAIR	DNA repair	1	0	False	0.2135615069161519	-1.7129946508244516	FLT_lower	main	triangulated
expiMap	canonical_tissue	thymus	ENSMUSG00000027715	Ccna2	member_of_retained_expimap_pathway	False	1	R-MMU-73894	R-MMU-73894_DNA_REPAIR	DNA repair	1	0	False	0.2136573161415126	-1.8377400873528729	FLT_lower	main	triangulated
expiMap	canonical_tissue	thymus	ENSMUSG00000037474	Dtl	member_of_retained_expimap_pathway	False	1	R-MMU-73894	R-MMU-73894_DNA_REPAIR	DNA repair	1	0	False	0.2136573161415126	-1.050774800492685	FLT_lower	main	triangulated
expiMap	canonical_tissue	thymus	ENSMUSG00000061615	H2ac4	member_of_retained_expimap_pathway	False	1	R-MMU-73894	R-MMU-73894_DNA_REPAIR	DNA repair	1	0	False	0.2136573161415126	-1.800684999305649	FLT_lower	main	triangulated
expiMap	canonical_tissue	thymus	ENSMUSG00000095217	H2bc15	member_of_retained_expimap_pathway	False	1	R-MMU-73894	R-MMU-73894_DNA_REPAIR	DNA repair	1	0	False	0.2136573161415126	-1.4911585273943406	FLT_lower	main	triangulated
expiMap	canonical_tissue	thymus	ENSMUSG00000018362	Kpna2	member_of_retained_expimap_pathway	False	1	R-MMU-73894	R-MMU-73894_DNA_REPAIR	DNA repair	1	0	False	0.2158114342334011	-1.2858009208567895	FLT_lower	main	triangulated
expiMap	canonical_tissue	thymus	ENSMUSG00000036875	Dna2	member_of_retained_expimap_pathway	False	1	R-MMU-73894	R-MMU-73894_DNA_REPAIR	DNA repair	1	0	False	0.2164289712734309	-0.9808291619848752	FLT_lower	main	triangulated
expiMap	canonical_tissue	thymus	ENSMUSG00000036777	Anln	member_of_retained_expimap_pathway	False	1	R-MMU-8980692	R-MMU-8980692_RHOA_GTPASE_CYCLE	RHOA cytoskeletal cycle	1	0	False	0.2176837012886274	-1.409938877717808	FLT_lower	main	triangulated
expiMap	canonical_tissue	thymus	ENSMUSG00000062727	H2bc12	member_of_retained_expimap_pathway	False	1	R-MMU-73894	R-MMU-73894_DNA_REPAIR	DNA repair	1	0	False	0.219313789283498	-1.902847128852891	FLT_lower	main	triangulated
expiMap	canonical_tissue	thymus	ENSMUSG00000022021	Diaph3	member_of_retained_expimap_pathway	False	1	R-MMU-8980692	R-MMU-8980692_RHOA_GTPASE_CYCLE	RHOA cytoskeletal cycle	1	0	False	0.2200421000863311	-1.3500325428449984	FLT_lower	main	triangulated
expiMap	canonical_tissue	thymus	ENSMUSG00000026656	Fcgr2b	member_of_retained_expimap_pathway	False	1	R-MMU-198933	R-MMU-198933_IMMUNOREGULATORY_INTERACTIONS_BETWEEN_A_LYMPHOID_AND_A_NON_LYMPHOID_CELL	Lymphoid-stromal interactions	0	1	False	0.2226592853646166	0.4562391775333937	FLT_higher	main	internally robust, incomplete conventional support
expiMap	canonical_tissue	thymus	ENSMUSG00000069300	H2bc11	member_of_retained_expimap_pathway	False	1	R-MMU-73894	R-MMU-73894_DNA_REPAIR	DNA repair	1	0	False	0.2226592853646166	-1.7206233635900752	FLT_lower	main	triangulated
expiMap	canonical_tissue	thymus	ENSMUSG00000069301	H2ac11	member_of_retained_expimap_pathway	False	1	R-MMU-73894	R-MMU-73894_DNA_REPAIR	DNA repair	1	0	False	0.2226592853646166	-2.123754604767909	FLT_lower	main	triangulated
expiMap	canonical_tissue	thymus	ENSMUSG00000034329	Brip1	member_of_retained_expimap_pathway	False	1	R-MMU-73894	R-MMU-73894_DNA_REPAIR	DNA repair	1	0	False	0.2228244940589362	-1.1312265999808535	FLT_lower	main	triangulated
expiMap	canonical_tissue	thymus	ENSMUSG00000027323	Rad51	member_of_retained_expimap_pathway	False	1	R-MMU-73894	R-MMU-73894_DNA_REPAIR	DNA repair	1	0	False	0.2250848177817437	-1.2839878582494957	FLT_lower	main	triangulated
expiMap	canonical_tissue	thymus	ENSMUSG00000071516	H2ac13	member_of_retained_expimap_pathway	False	1	R-MMU-73894	R-MMU-73894_DNA_REPAIR	DNA repair	1	0	False	0.2250848177817437	-1.3168146924512985	FLT_lower	main	triangulated
expiMap	canonical_tissue	thymus	ENSMUSG00000004044	Cavin1	member_of_retained_expimap_pathway	False	1	R-MMU-8980692	R-MMU-8980692_RHOA_GTPASE_CYCLE	RHOA cytoskeletal cycle	0	1	False	0.2269030788909125	0.4919504206032396	FLT_higher	main	triangulated
expiMap	canonical_tissue	thymus	ENSMUSG00000061991	H2ac10	member_of_retained_expimap_pathway	False	1	R-MMU-73894	R-MMU-73894_DNA_REPAIR	DNA repair	1	0	False	0.227954645595184	-1.27088137187546	FLT_lower	main	triangulated
expiMap	canonical_tissue	thymus	ENSMUSG00000094338	H2bc13	member_of_retained_expimap_pathway	False	1	R-MMU-73894	R-MMU-73894_DNA_REPAIR	DNA repair	1	0	False	0.227954645595184	-1.2974017874108583	FLT_lower	main	triangulated
expiMap	canonical_tissue	thymus	ENSMUSG00000017146	Brca1	member_of_retained_expimap_pathway	False	1	R-MMU-73894	R-MMU-73894_DNA_REPAIR	DNA repair	1	0	False	0.2280936784848303	-1.2991653403865346	FLT_lower	main	triangulated
expiMap	canonical_tissue	thymus	ENSMUSG00000061482	H4c4	member_of_retained_expimap_pathway	False	1	R-MMU-73894	R-MMU-73894_DNA_REPAIR	DNA repair	1	0	False	0.2280936784848303	-1.2366071130185854	FLT_lower	main	triangulated
expiMap	canonical_tissue	thymus	ENSMUSG00000022797	Tfrc	member_of_retained_expimap_pathway	False	1	R-MMU-8980692	R-MMU-8980692_RHOA_GTPASE_CYCLE	RHOA cytoskeletal cycle	1	0	False	0.22892637888778	-0.3117035103676633	FLT_lower	main	triangulated
expiMap	canonical_tissue	thymus	ENSMUSG00000032113	Chek1	member_of_retained_expimap_pathway	False	1	R-MMU-73894	R-MMU-73894_DNA_REPAIR	DNA repair	1	0	False	0.2300851788154122	-1.2274457014149305	FLT_lower	main	triangulated
expiMap	canonical_tissue	thymus	ENSMUSG00000069309	H2ac22	member_of_retained_expimap_pathway	False	1	R-MMU-73894	R-MMU-73894_DNA_REPAIR	DNA repair	1	0	False	0.2314743408855069	-1.7229603448838915	FLT_lower	main	triangulated
expiMap	canonical_tissue	thymus	ENSMUSG00000034206	Polq	member_of_retained_expimap_pathway	False	1	R-MMU-73894	R-MMU-73894_DNA_REPAIR	DNA repair	1	0	False	0.2379160225751851	-1.163290048565631	FLT_lower	main	triangulated
expiMap	canonical_tissue	thymus	ENSMUSG00000039748	Exo1	member_of_retained_expimap_pathway	False	1	R-MMU-73894	R-MMU-73894_DNA_REPAIR	DNA repair	1	0	False	0.2405509281363917	-1.3986003044448592	FLT_lower	main	triangulated
expiMap	canonical_tissue	thymus	ENSMUSG00000069306	H4c17	member_of_retained_expimap_pathway	False	1	R-MMU-73894	R-MMU-73894_DNA_REPAIR	DNA repair	1	0	False	0.2405509281363917	-1.0766070757643906	FLT_lower	main	triangulated
expiMap	canonical_tissue	thymus	ENSMUSG00000024742	Fen1	member_of_retained_expimap_pathway	False	1	R-MMU-73894	R-MMU-73894_DNA_REPAIR	DNA repair	1	0	False	0.2482691789461132	-0.9729139251610744	FLT_lower	main	triangulated
expiMap	canonical_tissue	thymus	ENSMUSG00000034023	Fancd2	member_of_retained_expimap_pathway	False	1	R-MMU-73894	R-MMU-73894_DNA_REPAIR	DNA repair	1	0	False	0.2508518141724842	-1.5062558864513034	FLT_lower	main	triangulated
expiMap	canonical_tissue	thymus	ENSMUSG00000002033	Cd3g	member_of_retained_expimap_pathway	False	1	R-MMU-198933	R-MMU-198933_IMMUNOREGULATORY_INTERACTIONS_BETWEEN_A_LYMPHOID_AND_A_NON_LYMPHOID_CELL	Lymphoid-stromal interactions	1	0	False	0.2607527292586609	-0.4931336373459693	FLT_lower	main	internally robust, incomplete conventional support
expiMap	canonical_tissue	thymus	ENSMUSG00000021895	Arhgef3	member_of_retained_expimap_pathway	False	1	R-MMU-8980692	R-MMU-8980692_RHOA_GTPASE_CYCLE	RHOA cytoskeletal cycle	0	1	False	0.2618113116798348	0.1669437021623546	FLT_higher	main	triangulated
expiMap	canonical_tissue	thymus	ENSMUSG00000030528	Blm	member_of_retained_expimap_pathway	False	1	R-MMU-73894	R-MMU-73894_DNA_REPAIR	DNA repair	1	0	False	0.2618113116798348	-1.1810931280199406	FLT_lower	main	triangulated
expiMap	canonical_tissue	thymus	ENSMUSG00000071176	Arhgef10	member_of_retained_expimap_pathway	False	1	R-MMU-8980692	R-MMU-8980692_RHOA_GTPASE_CYCLE	RHOA cytoskeletal cycle	0	1	False	0.262121801826663	0.3331317887247282	FLT_higher	main	triangulated
expiMap	canonical_tissue	thymus	ENSMUSG00000063193	Cd300lb	member_of_retained_expimap_pathway	False	1	R-MMU-198933	R-MMU-198933_IMMUNOREGULATORY_INTERACTIONS_BETWEEN_A_LYMPHOID_AND_A_NON_LYMPHOID_CELL	Lymphoid-stromal interactions	0	1	False	0.2627146788423872	0.736772276633779	FLT_higher	main	internally robust, incomplete conventional support
expiMap	canonical_tissue	thymus	ENSMUSG00000056394	Lig1	member_of_retained_expimap_pathway	False	1	R-MMU-73894	R-MMU-73894_DNA_REPAIR	DNA repair	1	0	False	0.266655766076056	-1.131507326143249	FLT_lower	main	triangulated
expiMap	canonical_tissue	thymus	ENSMUSG00000015314	Slamf6	member_of_retained_expimap_pathway	False	1	R-MMU-198933	R-MMU-198933_IMMUNOREGULATORY_INTERACTIONS_BETWEEN_A_LYMPHOID_AND_A_NON_LYMPHOID_CELL	Lymphoid-stromal interactions	1	0	False	0.2709326771768405	-0.3179020552146486	FLT_lower	main	internally robust, incomplete conventional support
expiMap	canonical_tissue	thymus	ENSMUSG00000022263	Trio	member_of_retained_expimap_pathway	False	1	R-MMU-8980692	R-MMU-8980692_RHOA_GTPASE_CYCLE	RHOA cytoskeletal cycle	0	1	False	0.2709326771768405	0.2654929661675009	FLT_higher	main	triangulated
expiMap	canonical_tissue	thymus	ENSMUSG00000068240	Uba52rt	member_of_retained_expimap_pathway	False	1	R-MMU-73894	R-MMU-73894_DNA_REPAIR	DNA repair	1	0	False	0.2709326771768405	-0.3365016367540331	FLT_lower	main	triangulated
expiMap	canonical_tissue	thymus	ENSMUSG00000035692	Isg15	member_of_retained_expimap_pathway	False	1	R-MMU-73894	R-MMU-73894_DNA_REPAIR	DNA repair	0	1	False	0.2768811826454064	0.294764283629117	FLT_higher	main	triangulated
expiMap	canonical_tissue	thymus	ENSMUSG00000040511	Pvr	member_of_retained_expimap_pathway	False	1	R-MMU-198933	R-MMU-198933_IMMUNOREGULATORY_INTERACTIONS_BETWEEN_A_LYMPHOID_AND_A_NON_LYMPHOID_CELL	Lymphoid-stromal interactions	1	0	False	0.2799324280666925	-0.3649379582289898	FLT_lower	main	internally robust, incomplete conventional support
expiMap	canonical_tissue	thymus	ENSMUSG00000007080	Pole	member_of_retained_expimap_pathway	False	1	R-MMU-73894	R-MMU-73894_DNA_REPAIR	DNA repair	1	0	False	0.2800905882742935	-1.2962085783526167	FLT_lower	main	triangulated
expiMap	canonical_tissue	thymus	ENSMUSG00000016494	Cd34	member_of_retained_expimap_pathway	False	1	R-MMU-198933	R-MMU-198933_IMMUNOREGULATORY_INTERACTIONS_BETWEEN_A_LYMPHOID_AND_A_NON_LYMPHOID_CELL	Lymphoid-stromal interactions	0	1	False	0.2800905882742935	0.4085540668023767	FLT_higher	main	internally robust, incomplete conventional support
expiMap	canonical_tissue	thymus	ENSMUSG00000064288	H4c12	member_of_retained_expimap_pathway	False	1	R-MMU-73894	R-MMU-73894_DNA_REPAIR	DNA repair	1	0	False	0.2800905882742935	-1.552993962200111	FLT_lower	main	triangulated
expiMap	canonical_tissue	thymus	ENSMUSG00000069302	H2ac12	member_of_retained_expimap_pathway	False	1	R-MMU-73894	R-MMU-73894_DNA_REPAIR	DNA repair	1	0	False	0.290023072884658	-1.805493572662877	FLT_lower	main	triangulated
expiMap	canonical_tissue	thymus	ENSMUSG00000025492	Ifitm3	member_of_retained_expimap_pathway	False	1	R-MMU-198933	R-MMU-198933_IMMUNOREGULATORY_INTERACTIONS_BETWEEN_A_LYMPHOID_AND_A_NON_LYMPHOID_CELL	Lymphoid-stromal interactions	0	1	False	0.2900724898531608	0.4566080398765438	FLT_higher	main	internally robust, incomplete conventional support
expiMap	canonical_tissue	thymus	ENSMUSG00000036452	Arhgap26	member_of_retained_expimap_pathway	False	1	R-MMU-8980692	R-MMU-8980692_RHOA_GTPASE_CYCLE	RHOA cytoskeletal cycle	0	1	False	0.3011645350984274	0.2052111458852888	FLT_higher	main	triangulated
expiMap	canonical_tissue	thymus	ENSMUSG00000095519	Ighv1-66	member_of_retained_expimap_pathway	False	1	R-MMU-198933	R-MMU-198933_IMMUNOREGULATORY_INTERACTIONS_BETWEEN_A_LYMPHOID_AND_A_NON_LYMPHOID_CELL	Lymphoid-stromal interactions	0	1	False	0.3011645350984274	0.3686330457745778	FLT_higher	main	internally robust, incomplete conventional support
expiMap	canonical_tissue	thymus	ENSMUSG00000096452	Ighv1-77	member_of_retained_expimap_pathway	False	1	R-MMU-198933	R-MMU-198933_IMMUNOREGULATORY_INTERACTIONS_BETWEEN_A_LYMPHOID_AND_A_NON_LYMPHOID_CELL	Lymphoid-stromal interactions	0	1	False	0.305630118442453	0.4659823036563887	FLT_higher	main	internally robust, incomplete conventional support
expiMap	canonical_tissue	thymus	ENSMUSG00000105906	Iglc1	member_of_retained_expimap_pathway	False	1	R-MMU-198933	R-MMU-198933_IMMUNOREGULATORY_INTERACTIONS_BETWEEN_A_LYMPHOID_AND_A_NON_LYMPHOID_CELL	Lymphoid-stromal interactions	0	1	False	0.3175931550807886	0.4211692044181808	FLT_higher	main	internally robust, incomplete conventional support
expiMap	canonical_tissue	thymus	ENSMUSG00000024164	C3	member_of_retained_expimap_pathway	False	1	R-MMU-198933	R-MMU-198933_IMMUNOREGULATORY_INTERACTIONS_BETWEEN_A_LYMPHOID_AND_A_NON_LYMPHOID_CELL	Lymphoid-stromal interactions	0	1	False	0.3195736099278811	0.5948818187621192	FLT_higher	main	internally robust, incomplete conventional support
expiMap	canonical_tissue	thymus	ENSMUSG00000060802	B2m	member_of_retained_expimap_pathway	False	1	R-MMU-198933	R-MMU-198933_IMMUNOREGULATORY_INTERACTIONS_BETWEEN_A_LYMPHOID_AND_A_NON_LYMPHOID_CELL	Lymphoid-stromal interactions	0	1	False	0.3252853584276814	0.3025016124440345	FLT_higher	main	internally robust, incomplete conventional support
expiMap	canonical_tissue	thymus	ENSMUSG00000018102	H2bc4	member_of_retained_expimap_pathway	False	1	R-MMU-73894	R-MMU-73894_DNA_REPAIR	DNA repair	1	0	False	0.3254307013786351	-0.4397756547249608	FLT_lower	main	triangulated
expiMap	canonical_tissue	thymus	ENSMUSG00000025932	Eya1	member_of_retained_expimap_pathway	False	1	R-MMU-73894	R-MMU-73894_DNA_REPAIR	DNA repair	0	1	False	0.3278505953243058	0.4956039200681645	FLT_higher	main	triangulated
expiMap	canonical_tissue	thymus	ENSMUSG00000060981	H4c8	member_of_retained_expimap_pathway	False	1	R-MMU-73894	R-MMU-73894_DNA_REPAIR	DNA repair	1	0	False	0.3281762429524951	-0.5525380321005604	FLT_lower	main	triangulated
expiMap	canonical_tissue	thymus	ENSMUSG00000034028	Cd226	member_of_retained_expimap_pathway	False	1	R-MMU-198933	R-MMU-198933_IMMUNOREGULATORY_INTERACTIONS_BETWEEN_A_LYMPHOID_AND_A_NON_LYMPHOID_CELL	Lymphoid-stromal interactions	0	1	False	0.3295646163000759	0.3594316662822576	FLT_higher	main	internally robust, incomplete conventional support
expiMap	canonical_tissue	thymus	ENSMUSG00000038179	Slamf7	member_of_retained_expimap_pathway	False	1	R-MMU-198933	R-MMU-198933_IMMUNOREGULATORY_INTERACTIONS_BETWEEN_A_LYMPHOID_AND_A_NON_LYMPHOID_CELL	Lymphoid-stromal interactions	0	1	False	0.3436235139252156	0.2941167537622723	FLT_higher	main	internally robust, incomplete conventional support
expiMap	canonical_tissue	thymus	ENSMUSG00000053199	Arhgap20	member_of_retained_expimap_pathway	False	1	R-MMU-8980692	R-MMU-8980692_RHOA_GTPASE_CYCLE	RHOA cytoskeletal cycle	0	1	False	0.3570808238579637	0.1519860656773466	FLT_higher	main	triangulated
expiMap	canonical_tissue	thymus	ENSMUSG00000038304	Cd160	member_of_retained_expimap_pathway	False	1	R-MMU-198933	R-MMU-198933_IMMUNOREGULATORY_INTERACTIONS_BETWEEN_A_LYMPHOID_AND_A_NON_LYMPHOID_CELL	Lymphoid-stromal interactions	0	1	False	0.3582166085960073	0.3426488141321771	FLT_higher	main	internally robust, incomplete conventional support
expiMap	canonical_tissue	thymus	ENSMUSG00000017652	Cd40	member_of_retained_expimap_pathway	False	1	R-MMU-198933	R-MMU-198933_IMMUNOREGULATORY_INTERACTIONS_BETWEEN_A_LYMPHOID_AND_A_NON_LYMPHOID_CELL	Lymphoid-stromal interactions	0	1	False	0.3584388577380442	0.3262602629308312	FLT_higher	main	internally robust, incomplete conventional support
expiMap	canonical_tissue	thymus	ENSMUSG00000076928	Trac	member_of_retained_expimap_pathway	False	1	R-MMU-198933	R-MMU-198933_IMMUNOREGULATORY_INTERACTIONS_BETWEEN_A_LYMPHOID_AND_A_NON_LYMPHOID_CELL	Lymphoid-stromal interactions	1	0	False	0.3613008266697204	-0.3435143930721683	FLT_lower	main	internally robust, incomplete conventional support
expiMap	canonical_tissue	thymus	ENSMUSG00000033450	Tagap	member_of_retained_expimap_pathway	False	1	R-MMU-8980692	R-MMU-8980692_RHOA_GTPASE_CYCLE	RHOA cytoskeletal cycle	0	1	False	0.3670670558645361	0.3856614021312971	FLT_higher	main	triangulated
expiMap	canonical_tissue	thymus	ENSMUSG00000040548	Tex2	member_of_retained_expimap_pathway	False	1	R-MMU-8980692	R-MMU-8980692_RHOA_GTPASE_CYCLE	RHOA cytoskeletal cycle	0	1	False	0.3673548576000428	0.1303431736575401	FLT_higher	main	triangulated
expiMap	canonical_tissue	thymus	ENSMUSG00000024812	Tjp2	member_of_retained_expimap_pathway	False	1	R-MMU-8980692	R-MMU-8980692_RHOA_GTPASE_CYCLE	RHOA cytoskeletal cycle	0	1	False	0.3682193033603485	0.3620833150795077	FLT_higher	main	triangulated
expiMap	canonical_tissue	thymus	ENSMUSG00000020310	Madcam1	member_of_retained_expimap_pathway	False	1	R-MMU-198933	R-MMU-198933_IMMUNOREGULATORY_INTERACTIONS_BETWEEN_A_LYMPHOID_AND_A_NON_LYMPHOID_CELL	Lymphoid-stromal interactions	0	1	False	0.3739391321576034	0.2988364401586261	FLT_higher	main	internally robust, incomplete conventional support
expiMap	canonical_tissue	thymus	ENSMUSG00000060550	H2-Q7	member_of_retained_expimap_pathway	False	1	R-MMU-198933	R-MMU-198933_IMMUNOREGULATORY_INTERACTIONS_BETWEEN_A_LYMPHOID_AND_A_NON_LYMPHOID_CELL	Lymphoid-stromal interactions	0	1	False	0.3743188288038955	0.3559679250634392	FLT_higher	main	internally robust, incomplete conventional support
expiMap	canonical_tissue	thymus	ENSMUSG00000039621	Prex1	member_of_retained_expimap_pathway	False	1	R-MMU-8980692	R-MMU-8980692_RHOA_GTPASE_CYCLE	RHOA cytoskeletal cycle	1	0	False	0.3961238617245702	-0.2543162738142827	FLT_lower	main	triangulated
expiMap	canonical_tissue	thymus	ENSMUSG00000038644	Pold1	member_of_retained_expimap_pathway	False	1	R-MMU-73894	R-MMU-73894_DNA_REPAIR	DNA repair	1	0	False	0.4015286784377844	-0.6801166498570478	FLT_lower	main	triangulated
expiMap	canonical_tissue	thymus	ENSMUSG00000030830	Itgal	member_of_retained_expimap_pathway	False	1	R-MMU-198933	R-MMU-198933_IMMUNOREGULATORY_INTERACTIONS_BETWEEN_A_LYMPHOID_AND_A_NON_LYMPHOID_CELL	Lymphoid-stromal interactions	1	0	False	0.4023789298208001	-0.3140228989462056	FLT_lower	main	internally robust, incomplete conventional support
expiMap	canonical_tissue	thymus	ENSMUSG00000094075	Ighv1-80	member_of_retained_expimap_pathway	False	1	R-MMU-198933	R-MMU-198933_IMMUNOREGULATORY_INTERACTIONS_BETWEEN_A_LYMPHOID_AND_A_NON_LYMPHOID_CELL	Lymphoid-stromal interactions	0	1	False	0.4074069739436249	0.5820114294767872	FLT_higher	main	internally robust, incomplete conventional support
expiMap	canonical_tissue	thymus	ENSMUSG00000023008	Fmnl3	member_of_retained_expimap_pathway	False	1	R-MMU-8980692	R-MMU-8980692_RHOA_GTPASE_CYCLE	RHOA cytoskeletal cycle	1	0	False	0.4170503557702093	-0.3486126233029877	FLT_lower	main	triangulated
expiMap	canonical_tissue	thymus	ENSMUSG00000063954	H2ac19	member_of_retained_expimap_pathway	False	1	R-MMU-73894	R-MMU-73894_DNA_REPAIR	DNA repair	1	0	False	0.4201753382875636	-0.4222856970360825	FLT_lower	main	triangulated
expiMap	canonical_tissue	thymus	ENSMUSG00000001281	Itgb7	member_of_retained_expimap_pathway	False	1	R-MMU-198933	R-MMU-198933_IMMUNOREGULATORY_INTERACTIONS_BETWEEN_A_LYMPHOID_AND_A_NON_LYMPHOID_CELL	Lymphoid-stromal interactions	0	1	False	0.4208881594845119	0.3968561292242255	FLT_higher	main	internally robust, incomplete conventional support
expiMap	canonical_tissue	thymus	ENSMUSG00000096108	Ighv11-2	member_of_retained_expimap_pathway	False	1	R-MMU-198933	R-MMU-198933_IMMUNOREGULATORY_INTERACTIONS_BETWEEN_A_LYMPHOID_AND_A_NON_LYMPHOID_CELL	Lymphoid-stromal interactions	0	1	False	0.4279239243319733	0.7342934501474632	FLT_higher	main	internally robust, incomplete conventional support
expiMap	canonical_tissue	thymus	ENSMUSG00000056116	H2-T22	member_of_retained_expimap_pathway	False	1	R-MMU-198933	R-MMU-198933_IMMUNOREGULATORY_INTERACTIONS_BETWEEN_A_LYMPHOID_AND_A_NON_LYMPHOID_CELL	Lymphoid-stromal interactions	0	1	False	0.4299457722565332	0.1373729882520647	FLT_higher	main	internally robust, incomplete conventional support
expiMap	canonical_tissue	thymus	ENSMUSG00000031389	Arhgap4	member_of_retained_expimap_pathway	False	1	R-MMU-8980692	R-MMU-8980692_RHOA_GTPASE_CYCLE	RHOA cytoskeletal cycle	1	0	False	0.4406567550529394	-0.2187977479555979	FLT_lower	main	triangulated
expiMap	canonical_tissue	thymus	ENSMUSG00000076672	Ighv3-6	member_of_retained_expimap_pathway	False	1	R-MMU-198933	R-MMU-198933_IMMUNOREGULATORY_INTERACTIONS_BETWEEN_A_LYMPHOID_AND_A_NON_LYMPHOID_CELL	Lymphoid-stromal interactions	0	1	False	0.4462928793036186	0.3179905498467794	FLT_higher	main	internally robust, incomplete conventional support
expiMap	canonical_tissue	thymus	ENSMUSG00000076937	Iglc2	member_of_retained_expimap_pathway	False	1	R-MMU-198933	R-MMU-198933_IMMUNOREGULATORY_INTERACTIONS_BETWEEN_A_LYMPHOID_AND_A_NON_LYMPHOID_CELL	Lymphoid-stromal interactions	0	1	False	0.4586212152555585	0.3878786977722089	FLT_higher	main	internally robust, incomplete conventional support
expiMap	canonical_tissue	thymus	ENSMUSG00000095583	Ighv14-2	member_of_retained_expimap_pathway	False	1	R-MMU-198933	R-MMU-198933_IMMUNOREGULATORY_INTERACTIONS_BETWEEN_A_LYMPHOID_AND_A_NON_LYMPHOID_CELL	Lymphoid-stromal interactions	0	1	False	0.464505004858563	0.392751315276315	FLT_higher	main	internally robust, incomplete conventional support
expiMap	canonical_tissue	thymus	ENSMUSG00000095127	Ighv1-82	member_of_retained_expimap_pathway	False	1	R-MMU-198933	R-MMU-198933_IMMUNOREGULATORY_INTERACTIONS_BETWEEN_A_LYMPHOID_AND_A_NON_LYMPHOID_CELL	Lymphoid-stromal interactions	0	1	False	0.4726668926530854	0.4114197280023262	FLT_higher	main	internally robust, incomplete conventional support
expiMap	canonical_tissue	thymus	ENSMUSG00000052609	Plekhg3	member_of_retained_expimap_pathway	False	1	R-MMU-8980692	R-MMU-8980692_RHOA_GTPASE_CYCLE	RHOA cytoskeletal cycle	0	1	False	0.4731508990420382	0.1609310930745619	FLT_higher	main	triangulated
expiMap	canonical_tissue	thymus	ENSMUSG00000035697	Arhgap45	member_of_retained_expimap_pathway	False	1	R-MMU-8980692	R-MMU-8980692_RHOA_GTPASE_CYCLE	RHOA cytoskeletal cycle	1	0	False	0.4957815430839694	-0.2560240085198974	FLT_lower	main	triangulated
expiMap	canonical_tissue	thymus	ENSMUSG00000040940	Arhgef1	member_of_retained_expimap_pathway	False	1	R-MMU-8980692	R-MMU-8980692_RHOA_GTPASE_CYCLE	RHOA cytoskeletal cycle	1	0	False	0.4976499991064641	-0.2394087303437747	FLT_lower	main	triangulated
expiMap	canonical_tissue	thymus	ENSMUSG00000048534	Jaml	member_of_retained_expimap_pathway	False	1	R-MMU-198933	R-MMU-198933_IMMUNOREGULATORY_INTERACTIONS_BETWEEN_A_LYMPHOID_AND_A_NON_LYMPHOID_CELL	Lymphoid-stromal interactions	0	1	False	0.5077179593870205	0.1420637213896242	FLT_higher	main	internally robust, incomplete conventional support
expiMap	canonical_tissue	thymus	ENSMUSG00000076666	Ighv14-4	member_of_retained_expimap_pathway	False	1	R-MMU-198933	R-MMU-198933_IMMUNOREGULATORY_INTERACTIONS_BETWEEN_A_LYMPHOID_AND_A_NON_LYMPHOID_CELL	Lymphoid-stromal interactions	0	1	False	0.5163198912663258	0.3617800018077038	FLT_higher	main	internally robust, incomplete conventional support
expiMap	canonical_tissue	thymus	ENSMUSG00000094194	Ighv5-16	member_of_retained_expimap_pathway	False	1	R-MMU-198933	R-MMU-198933_IMMUNOREGULATORY_INTERACTIONS_BETWEEN_A_LYMPHOID_AND_A_NON_LYMPHOID_CELL	Lymphoid-stromal interactions	0	1	False	0.5205164745598477	0.3791120502423392	FLT_higher	main	internally robust, incomplete conventional support
expiMap	canonical_tissue	thymus	ENSMUSG00000094088	Ighv1-64	member_of_retained_expimap_pathway	False	1	R-MMU-198933	R-MMU-198933_IMMUNOREGULATORY_INTERACTIONS_BETWEEN_A_LYMPHOID_AND_A_NON_LYMPHOID_CELL	Lymphoid-stromal interactions	0	1	False	0.5530753744746864	0.3499069480938239	FLT_higher	main	internally robust, incomplete conventional support
expiMap	canonical_tissue	thymus	ENSMUSG00000027962	Vcam1	member_of_retained_expimap_pathway	False	1	R-MMU-198933	R-MMU-198933_IMMUNOREGULATORY_INTERACTIONS_BETWEEN_A_LYMPHOID_AND_A_NON_LYMPHOID_CELL	Lymphoid-stromal interactions	0	1	False	0.5582237231640776	0.2343512260598636	FLT_higher	main	internally robust, incomplete conventional support
expiMap	canonical_tissue	thymus	ENSMUSG00000016283	H2-M2	member_of_retained_expimap_pathway	False	1	R-MMU-198933	R-MMU-198933_IMMUNOREGULATORY_INTERACTIONS_BETWEEN_A_LYMPHOID_AND_A_NON_LYMPHOID_CELL	Lymphoid-stromal interactions	0	1	False	0.5929996316391226	0.2342857543373434	FLT_higher	main	internally robust, incomplete conventional support
expiMap	canonical_tissue	thymus	ENSMUSG00000096336	Igkv1-135	member_of_retained_expimap_pathway	False	1	R-MMU-198933	R-MMU-198933_IMMUNOREGULATORY_INTERACTIONS_BETWEEN_A_LYMPHOID_AND_A_NON_LYMPHOID_CELL	Lymphoid-stromal interactions	0	1	False	0.5962560140119019	0.203185826248306	FLT_higher	main	internally robust, incomplete conventional support
expiMap	canonical_tissue	thymus	ENSMUSG00000105606	Igkv2-109	member_of_retained_expimap_pathway	False	1	R-MMU-198933	R-MMU-198933_IMMUNOREGULATORY_INTERACTIONS_BETWEEN_A_LYMPHOID_AND_A_NON_LYMPHOID_CELL	Lymphoid-stromal interactions	0	1	False	0.6042081392926401	0.2291983108448678	FLT_higher	main	internally robust, incomplete conventional support
expiMap	canonical_tissue	thymus	ENSMUSG00000030361	Klrb1a	member_of_retained_expimap_pathway	False	1	R-MMU-198933	R-MMU-198933_IMMUNOREGULATORY_INTERACTIONS_BETWEEN_A_LYMPHOID_AND_A_NON_LYMPHOID_CELL	Lymphoid-stromal interactions	0	1	False	0.605591246572216	0.1614539530064892	FLT_higher	main	internally robust, incomplete conventional support
expiMap	canonical_tissue	thymus	ENSMUSG00000069303	H2bc24	member_of_retained_expimap_pathway	False	1	R-MMU-73894	R-MMU-73894_DNA_REPAIR	DNA repair	1	0	False	0.6108524912584586	-0.6824839270923304	FLT_lower	main	triangulated
expiMap	canonical_tissue	thymus	ENSMUSG00000030577	Cd22	member_of_retained_expimap_pathway	False	1	R-MMU-198933	R-MMU-198933_IMMUNOREGULATORY_INTERACTIONS_BETWEEN_A_LYMPHOID_AND_A_NON_LYMPHOID_CELL	Lymphoid-stromal interactions	0	1	False	0.6146750738333403	0.2993573140614279	FLT_higher	main	internally robust, incomplete conventional support
expiMap	canonical_tissue	thymus	ENSMUSG00000032596	Uba7	member_of_retained_expimap_pathway	False	1	R-MMU-73894	R-MMU-73894_DNA_REPAIR	DNA repair	0	1	False	0.621031729491555	0.135636946633454	FLT_higher	main	triangulated
expiMap	canonical_tissue	thymus	ENSMUSG00000034218	Atm	member_of_retained_expimap_pathway	False	1	R-MMU-73894	R-MMU-73894_DNA_REPAIR	DNA repair	1	0	False	0.6213197890098875	-0.1495516979879287	FLT_lower	main	triangulated
expiMap	canonical_tissue	thymus	ENSMUSG00000030724	Cd19	member_of_retained_expimap_pathway	False	1	R-MMU-198933	R-MMU-198933_IMMUNOREGULATORY_INTERACTIONS_BETWEEN_A_LYMPHOID_AND_A_NON_LYMPHOID_CELL	Lymphoid-stromal interactions	0	1	False	0.6243218693220262	0.2945681462684783	FLT_higher	main	internally robust, incomplete conventional support
expiMap	canonical_tissue	thymus	ENSMUSG00000027009	Itga4	member_of_retained_expimap_pathway	False	1	R-MMU-198933	R-MMU-198933_IMMUNOREGULATORY_INTERACTIONS_BETWEEN_A_LYMPHOID_AND_A_NON_LYMPHOID_CELL	Lymphoid-stromal interactions	1	0	False	0.625413791021299	-0.1157716468414939	FLT_lower	main	internally robust, incomplete conventional support
expiMap	canonical_tissue	thymus	ENSMUSG00000095612	Ighv5-4	member_of_retained_expimap_pathway	False	1	R-MMU-198933	R-MMU-198933_IMMUNOREGULATORY_INTERACTIONS_BETWEEN_A_LYMPHOID_AND_A_NON_LYMPHOID_CELL	Lymphoid-stromal interactions	0	1	False	0.625413791021299	0.2070075079862892	FLT_higher	main	internally robust, incomplete conventional support
expiMap	canonical_tissue	thymus	ENSMUSG00000095204	Ighv1-52	member_of_retained_expimap_pathway	False	1	R-MMU-198933	R-MMU-198933_IMMUNOREGULATORY_INTERACTIONS_BETWEEN_A_LYMPHOID_AND_A_NON_LYMPHOID_CELL	Lymphoid-stromal interactions	0	1	False	0.6330318577647852	0.3527935269346108	FLT_higher	main	internally robust, incomplete conventional support
expiMap	canonical_tissue	thymus	ENSMUSG00000004568	Arhgef18	member_of_retained_expimap_pathway	False	1	R-MMU-8980692	R-MMU-8980692_RHOA_GTPASE_CYCLE	RHOA cytoskeletal cycle	1	0	False	0.6410956882317999	-0.1086330697388225	FLT_lower	main	triangulated
expiMap	canonical_tissue	thymus	ENSMUSG00000076695	Ighv1-18	member_of_retained_expimap_pathway	False	1	R-MMU-198933	R-MMU-198933_IMMUNOREGULATORY_INTERACTIONS_BETWEEN_A_LYMPHOID_AND_A_NON_LYMPHOID_CELL	Lymphoid-stromal interactions	0	1	False	0.6456424775388281	0.2323322523699384	FLT_higher	main	internally robust, incomplete conventional support
expiMap	canonical_tissue	thymus	ENSMUSG00000095210	Ighv5-9-1	member_of_retained_expimap_pathway	False	1	R-MMU-198933	R-MMU-198933_IMMUNOREGULATORY_INTERACTIONS_BETWEEN_A_LYMPHOID_AND_A_NON_LYMPHOID_CELL	Lymphoid-stromal interactions	1	0	False	0.6646954372459122	-0.3337009438347067	FLT_lower	main	internally robust, incomplete conventional support
expiMap	canonical_tissue	thymus	ENSMUSG00000071068	Treml2	member_of_retained_expimap_pathway	False	1	R-MMU-198933	R-MMU-198933_IMMUNOREGULATORY_INTERACTIONS_BETWEEN_A_LYMPHOID_AND_A_NON_LYMPHOID_CELL	Lymphoid-stromal interactions	1	0	False	0.6793168954707427	-0.0888431794716709	FLT_lower	main	internally robust, incomplete conventional support
expiMap	canonical_tissue	thymus	ENSMUSG00000000290	Itgb2	member_of_retained_expimap_pathway	False	1	R-MMU-198933	R-MMU-198933_IMMUNOREGULATORY_INTERACTIONS_BETWEEN_A_LYMPHOID_AND_A_NON_LYMPHOID_CELL	Lymphoid-stromal interactions	1	0	False	0.6857813085771916	-0.1089915272699992	FLT_lower	main	internally robust, incomplete conventional support
expiMap	canonical_tissue	thymus	ENSMUSG00000030149	Klrk1	member_of_retained_expimap_pathway	False	1	R-MMU-198933	R-MMU-198933_IMMUNOREGULATORY_INTERACTIONS_BETWEEN_A_LYMPHOID_AND_A_NON_LYMPHOID_CELL	Lymphoid-stromal interactions	0	1	False	0.6944979502331906	0.1354234347374992	FLT_higher	main	internally robust, incomplete conventional support
expiMap	canonical_tissue	thymus	ENSMUSG00000057315	Arhgap24	member_of_retained_expimap_pathway	False	1	R-MMU-8980692	R-MMU-8980692_RHOA_GTPASE_CYCLE	RHOA cytoskeletal cycle	0	1	False	0.7054865022362699	0.0493922151663435	FLT_higher	main	triangulated
expiMap	canonical_tissue	thymus	ENSMUSG00000026581	Sell	member_of_retained_expimap_pathway	False	1	R-MMU-198933	R-MMU-198933_IMMUNOREGULATORY_INTERACTIONS_BETWEEN_A_LYMPHOID_AND_A_NON_LYMPHOID_CELL	Lymphoid-stromal interactions	1	0	False	0.7068173019477755	-0.0715437551659018	FLT_lower	main	internally robust, incomplete conventional support
expiMap	canonical_tissue	thymus	ENSMUSG00000093894	Ighv1-53	member_of_retained_expimap_pathway	False	1	R-MMU-198933	R-MMU-198933_IMMUNOREGULATORY_INTERACTIONS_BETWEEN_A_LYMPHOID_AND_A_NON_LYMPHOID_CELL	Lymphoid-stromal interactions	0	1	False	0.7098846439287887	0.1207775751306189	FLT_higher	main	internally robust, incomplete conventional support
expiMap	canonical_tissue	thymus	ENSMUSG00000039713	Plekhg5	member_of_retained_expimap_pathway	False	1	R-MMU-8980692	R-MMU-8980692_RHOA_GTPASE_CYCLE	RHOA cytoskeletal cycle	0	1	False	0.7104812404164332	0.1742633744418638	FLT_higher	main	triangulated
expiMap	canonical_tissue	thymus	ENSMUSG00000076523	Igkv15-103	member_of_retained_expimap_pathway	False	1	R-MMU-198933	R-MMU-198933_IMMUNOREGULATORY_INTERACTIONS_BETWEEN_A_LYMPHOID_AND_A_NON_LYMPHOID_CELL	Lymphoid-stromal interactions	0	1	False	0.7319936707301865	0.1157433752825647	FLT_higher	main	internally robust, incomplete conventional support
expiMap	canonical_tissue	thymus	ENSMUSG00000076501	Igkv2-137	member_of_retained_expimap_pathway	False	1	R-MMU-198933	R-MMU-198933_IMMUNOREGULATORY_INTERACTIONS_BETWEEN_A_LYMPHOID_AND_A_NON_LYMPHOID_CELL	Lymphoid-stromal interactions	1	0	False	0.7436532916229457	-0.137739350066802	FLT_lower	main	internally robust, incomplete conventional support
expiMap	canonical_tissue	thymus	ENSMUSG00000096074	Ighv1-72	member_of_retained_expimap_pathway	False	1	R-MMU-198933	R-MMU-198933_IMMUNOREGULATORY_INTERACTIONS_BETWEEN_A_LYMPHOID_AND_A_NON_LYMPHOID_CELL	Lymphoid-stromal interactions	0	1	False	0.7481227121505009	0.2552952531825979	FLT_higher	main	internally robust, incomplete conventional support
expiMap	canonical_tissue	thymus	ENSMUSG00000094546	Ighv1-26	member_of_retained_expimap_pathway	False	1	R-MMU-198933	R-MMU-198933_IMMUNOREGULATORY_INTERACTIONS_BETWEEN_A_LYMPHOID_AND_A_NON_LYMPHOID_CELL	Lymphoid-stromal interactions	0	1	False	0.7581507568648289	0.1232482396642071	FLT_higher	main	internally robust, incomplete conventional support
expiMap	canonical_tissue	thymus	ENSMUSG00000103254	Ighv1-15	member_of_retained_expimap_pathway	False	1	R-MMU-198933	R-MMU-198933_IMMUNOREGULATORY_INTERACTIONS_BETWEEN_A_LYMPHOID_AND_A_NON_LYMPHOID_CELL	Lymphoid-stromal interactions	0	1	False	0.7707225504745684	0.1778324905513746	FLT_higher	main	internally robust, incomplete conventional support
expiMap	canonical_tissue	thymus	ENSMUSG00000069607	Cd300ld3	member_of_retained_expimap_pathway	False	1	R-MMU-198933	R-MMU-198933_IMMUNOREGULATORY_INTERACTIONS_BETWEEN_A_LYMPHOID_AND_A_NON_LYMPHOID_CELL	Lymphoid-stromal interactions	0	1	False	0.7802271479846679	0.1402041505471856	FLT_higher	main	internally robust, incomplete conventional support
expiMap	canonical_tissue	thymus	ENSMUSG00000041417	Pik3r1	member_of_retained_expimap_pathway	False	1	R-MMU-8980692	R-MMU-8980692_RHOA_GTPASE_CYCLE	RHOA cytoskeletal cycle	1	0	False	0.7859082439490901	-0.0415594796490218	FLT_lower	main	triangulated
expiMap	canonical_tissue	thymus	ENSMUSG00000104452	Ighv8-8	member_of_retained_expimap_pathway	False	1	R-MMU-198933	R-MMU-198933_IMMUNOREGULATORY_INTERACTIONS_BETWEEN_A_LYMPHOID_AND_A_NON_LYMPHOID_CELL	Lymphoid-stromal interactions	0	1	False	0.7906137739759245	0.1767342134002325	FLT_higher	main	internally robust, incomplete conventional support
expiMap	canonical_tissue	thymus	ENSMUSG00000031132	Cd40lg	member_of_retained_expimap_pathway	False	1	R-MMU-198933	R-MMU-198933_IMMUNOREGULATORY_INTERACTIONS_BETWEEN_A_LYMPHOID_AND_A_NON_LYMPHOID_CELL	Lymphoid-stromal interactions	1	0	False	0.8207938896362377	-0.1037595064752794	FLT_lower	main	internally robust, incomplete conventional support
expiMap	canonical_tissue	thymus	ENSMUSG00000095589	Ighv1-55	member_of_retained_expimap_pathway	False	1	R-MMU-198933	R-MMU-198933_IMMUNOREGULATORY_INTERACTIONS_BETWEEN_A_LYMPHOID_AND_A_NON_LYMPHOID_CELL	Lymphoid-stromal interactions	0	1	False	0.8262537073678298	0.1060104180180277	FLT_higher	main	internally robust, incomplete conventional support
expiMap	canonical_tissue	thymus	ENSMUSG00000076514	Igkv17-121	member_of_retained_expimap_pathway	False	1	R-MMU-198933	R-MMU-198933_IMMUNOREGULATORY_INTERACTIONS_BETWEEN_A_LYMPHOID_AND_A_NON_LYMPHOID_CELL	Lymphoid-stromal interactions	0	1	False	0.8281663971965694	0.1725285581726131	FLT_higher	main	internally robust, incomplete conventional support
expiMap	canonical_tissue	thymus	ENSMUSG00000001552	Jup	member_of_retained_expimap_pathway	False	1	R-MMU-8980692	R-MMU-8980692_RHOA_GTPASE_CYCLE	RHOA cytoskeletal cycle	0	1	False	0.8315198480047555	0.0584260563680699	FLT_higher	main	triangulated
expiMap	canonical_tissue	thymus	ENSMUSG00000037706	Cd81	member_of_retained_expimap_pathway	False	1	R-MMU-198933	R-MMU-198933_IMMUNOREGULATORY_INTERACTIONS_BETWEEN_A_LYMPHOID_AND_A_NON_LYMPHOID_CELL	Lymphoid-stromal interactions	0	1	False	0.8315198480047555	0.0491757944241587	FLT_higher	main	internally robust, incomplete conventional support
expiMap	canonical_tissue	thymus	ENSMUSG00000037999	Arap2	member_of_retained_expimap_pathway	False	1	R-MMU-8980692	R-MMU-8980692_RHOA_GTPASE_CYCLE	RHOA cytoskeletal cycle	0	1	False	0.8445456260984776	0.074083891833748	FLT_higher	main	triangulated
expiMap	canonical_tissue	thymus	ENSMUSG00000017897	Eya2	member_of_retained_expimap_pathway	False	1	R-MMU-73894	R-MMU-73894_DNA_REPAIR	DNA repair	1	0	False	0.8471586670692995	-0.0523564533173715	FLT_lower	main	triangulated
expiMap	canonical_tissue	thymus	ENSMUSG00000022799	Arhgap31	member_of_retained_expimap_pathway	False	1	R-MMU-8980692	R-MMU-8980692_RHOA_GTPASE_CYCLE	RHOA cytoskeletal cycle	0	1	False	0.8499969874540089	0.0500812002843536	FLT_higher	main	triangulated
expiMap	canonical_tissue	thymus	ENSMUSG00000096410	Ighv1-19	member_of_retained_expimap_pathway	False	1	R-MMU-198933	R-MMU-198933_IMMUNOREGULATORY_INTERACTIONS_BETWEEN_A_LYMPHOID_AND_A_NON_LYMPHOID_CELL	Lymphoid-stromal interactions	0	1	False	0.8582500451525997	0.123592869896822	FLT_higher	main	internally robust, incomplete conventional support
expiMap	canonical_tissue	thymus	ENSMUSG00000076731	Ighv8-12	member_of_retained_expimap_pathway	False	1	R-MMU-198933	R-MMU-198933_IMMUNOREGULATORY_INTERACTIONS_BETWEEN_A_LYMPHOID_AND_A_NON_LYMPHOID_CELL	Lymphoid-stromal interactions	0	1	False	0.8639348396192594	0.0435368955083174	FLT_higher	main	internally robust, incomplete conventional support
expiMap	canonical_tissue	thymus	ENSMUSG00000025555	Farp1	member_of_retained_expimap_pathway	False	1	R-MMU-8980692	R-MMU-8980692_RHOA_GTPASE_CYCLE	RHOA cytoskeletal cycle	0	1	False	0.8710908318667322	0.1132928444395576	FLT_higher	main	triangulated
expiMap	canonical_tissue	thymus	ENSMUSG00000040964	Arhgef10l	member_of_retained_expimap_pathway	False	1	R-MMU-8980692	R-MMU-8980692_RHOA_GTPASE_CYCLE	RHOA cytoskeletal cycle	1	0	False	0.8750532134493794	-0.0970159341507726	FLT_lower	main	triangulated
expiMap	canonical_tissue	thymus	ENSMUSG00000032135	Mcam	member_of_retained_expimap_pathway	False	1	R-MMU-8980692	R-MMU-8980692_RHOA_GTPASE_CYCLE	RHOA cytoskeletal cycle	0	1	False	0.8783095345003177	0.0886215159278338	FLT_higher	main	triangulated
expiMap	canonical_tissue	thymus	ENSMUSG00000037355	Uvssa	member_of_retained_expimap_pathway	False	1	R-MMU-73894	R-MMU-73894_DNA_REPAIR	DNA repair	1	0	False	0.9126653398245094	-0.0210927928441575	FLT_lower	main	triangulated
expiMap	canonical_tissue	thymus	ENSMUSG00000008348	Ubc	member_of_retained_expimap_pathway	False	1	R-MMU-73894	R-MMU-73894_DNA_REPAIR	DNA repair	0	1	False	0.927147311985681	0.0403542672017337	FLT_higher	main	triangulated
expiMap	canonical_tissue	thymus	ENSMUSG00000026880	Stom	member_of_retained_expimap_pathway	False	1	R-MMU-8980692	R-MMU-8980692_RHOA_GTPASE_CYCLE	RHOA cytoskeletal cycle	0	1	False	0.9473811065092504	0.01850126789863	FLT_higher	main	triangulated
expiMap	canonical_tissue	thymus	ENSMUSG00000037405	Icam1	member_of_retained_expimap_pathway	False	1	R-MMU-198933	R-MMU-198933_IMMUNOREGULATORY_INTERACTIONS_BETWEEN_A_LYMPHOID_AND_A_NON_LYMPHOID_CELL	Lymphoid-stromal interactions	0	1	False	0.9733537188797694	0.0168224797967413	FLT_higher	main	internally robust, incomplete conventional support
expiMap	canonical_tissue	kidney	ENSMUSG00000000142	Axin2	member_of_retained_expimap_pathway	False	1	R-MMU-195721	R-MMU-195721_SIGNALING_BY_WNT	WNT signaling	1	0	False	NA	0.1286649962653419	FLT_higher	secondary_exploratory	triangulated
expiMap	canonical_tissue	kidney	ENSMUSG00000000567	Sox9	member_of_retained_expimap_pathway	False	1	R-MMU-195721	R-MMU-195721_SIGNALING_BY_WNT	WNT signaling	0	1	False	NA	-0.1148450034646215	FLT_lower	secondary_exploratory	triangulated
expiMap	canonical_tissue	kidney	ENSMUSG00000000782	Tcf7	member_of_retained_expimap_pathway	False	1	R-MMU-195721	R-MMU-195721_SIGNALING_BY_WNT	WNT signaling	1	0	False	NA	0.1550061096449954	FLT_higher	secondary_exploratory	triangulated
expiMap	canonical_tissue	kidney	ENSMUSG00000001119	Col6a1	member_of_retained_expimap_pathway	False	1	R-MMU-3000178	R-MMU-3000178_ECM_PROTEOGLYCANS	ECM proteoglycans	1	0	False	NA	0.2368039696348393	FLT_higher	secondary_exploratory	triangulated
expiMap	canonical_tissue	kidney	ENSMUSG00000001131	Timp1	member_of_retained_expimap_pathway	False	1	R-MMU-381426	R-MMU-381426_REGULATION_OF_INSULIN_LIKE_GROWTH_FACTOR_IGF_TRANSPORT_AND_UPTAKE_BY_INSULIN_LIKE_GROWTH_FACTOR_BINDING_PROTEINS_IGFBPS	IGF transport and uptake	1	0	False	NA	0.0828245489355108	FLT_higher	secondary_exploratory	triangulated
expiMap	canonical_tissue	kidney	ENSMUSG00000001870	Ltbp1	member_of_retained_expimap_pathway	False	1	R-MMU-381426	R-MMU-381426_REGULATION_OF_INSULIN_LIKE_GROWTH_FACTOR_IGF_TRANSPORT_AND_UPTAKE_BY_INSULIN_LIKE_GROWTH_FACTOR_BINDING_PROTEINS_IGFBPS	IGF transport and uptake	1	0	False	NA	0.1506012162759313	FLT_higher	secondary_exploratory	triangulated
expiMap	canonical_tissue	kidney	ENSMUSG00000002985	Apoe	member_of_retained_expimap_pathway	False	1	R-MMU-381426	R-MMU-381426_REGULATION_OF_INSULIN_LIKE_GROWTH_FACTOR_IGF_TRANSPORT_AND_UPTAKE_BY_INSULIN_LIKE_GROWTH_FACTOR_BINDING_PROTEINS_IGFBPS	IGF transport and uptake	1	0	False	NA	0.1229701369212561	FLT_higher	secondary_exploratory	triangulated
expiMap	canonical_tissue	kidney	ENSMUSG00000003617	Cp	member_of_retained_expimap_pathway	False	1	R-MMU-381426	R-MMU-381426_REGULATION_OF_INSULIN_LIKE_GROWTH_FACTOR_IGF_TRANSPORT_AND_UPTAKE_BY_INSULIN_LIKE_GROWTH_FACTOR_BINDING_PROTEINS_IGFBPS	IGF transport and uptake	1	0	False	NA	0.2332066816884547	FLT_higher	secondary_exploratory	triangulated
expiMap	canonical_tissue	kidney	ENSMUSG00000004098	Col5a3	member_of_retained_expimap_pathway	False	1	R-MMU-3000178	R-MMU-3000178_ECM_PROTEOGLYCANS	ECM proteoglycans	1	0	False	NA	0.327034925635605	FLT_higher	secondary_exploratory	triangulated
expiMap	canonical_tissue	kidney	ENSMUSG00000005973	Rcn1	member_of_retained_expimap_pathway	False	1	R-MMU-381426	R-MMU-381426_REGULATION_OF_INSULIN_LIKE_GROWTH_FACTOR_IGF_TRANSPORT_AND_UPTAKE_BY_INSULIN_LIKE_GROWTH_FACTOR_BINDING_PROTEINS_IGFBPS	IGF transport and uptake	1	0	False	NA	0.0230968588731366	FLT_higher	secondary_exploratory	triangulated
expiMap	canonical_tissue	kidney	ENSMUSG00000007655	Cav1	member_of_retained_expimap_pathway	False	1	R-MMU-195721	R-MMU-195721_SIGNALING_BY_WNT	WNT signaling	1	0	False	NA	0.0539553751206907	FLT_higher	secondary_exploratory	triangulated
expiMap	canonical_tissue	kidney	ENSMUSG00000014599	Csf1	member_of_retained_expimap_pathway	False	1	R-MMU-381426	R-MMU-381426_REGULATION_OF_INSULIN_LIKE_GROWTH_FACTOR_IGF_TRANSPORT_AND_UPTAKE_BY_INSULIN_LIKE_GROWTH_FACTOR_BINDING_PROTEINS_IGFBPS	IGF transport and uptake	1	0	False	NA	0.1950323701940483	FLT_higher	secondary_exploratory	triangulated
expiMap	canonical_tissue	kidney	ENSMUSG00000015533	Itga2	member_of_retained_expimap_pathway	False	1	R-MMU-3000178	R-MMU-3000178_ECM_PROTEOGLYCANS	ECM proteoglycans	1	0	False	NA	0.3661734194040655	FLT_higher	secondary_exploratory	triangulated
expiMap	canonical_tissue	kidney	ENSMUSG00000015957	Wnt11	member_of_retained_expimap_pathway	False	1	R-MMU-195721	R-MMU-195721_SIGNALING_BY_WNT	WNT signaling	0	1	False	NA	-0.0791930068339657	FLT_lower	secondary_exploratory	triangulated
expiMap	canonical_tissue	kidney	ENSMUSG00000017344	Vtn	member_of_retained_expimap_pathway	False	1	R-MMU-3000178	R-MMU-3000178_ECM_PROTEOGLYCANS	ECM proteoglycans	1	0	False	NA	0.1015455239686124	FLT_higher	secondary_exploratory	triangulated
expiMap	canonical_tissue	kidney	ENSMUSG00000017493	Igfbp4	member_of_retained_expimap_pathway	False	1	R-MMU-381426	R-MMU-381426_REGULATION_OF_INSULIN_LIKE_GROWTH_FACTOR_IGF_TRANSPORT_AND_UPTAKE_BY_INSULIN_LIKE_GROWTH_FACTOR_BINDING_PROTEINS_IGFBPS	IGF transport and uptake	1	0	False	NA	0.0445969080105372	FLT_higher	secondary_exploratory	triangulated
expiMap	canonical_tissue	kidney	ENSMUSG00000018486	Wnt9b	member_of_retained_expimap_pathway	False	1	R-MMU-195721	R-MMU-195721_SIGNALING_BY_WNT	WNT signaling	1	0	False	NA	0.2136053068715102	FLT_higher	secondary_exploratory	triangulated
expiMap	canonical_tissue	kidney	ENSMUSG00000019810	Fuca2	member_of_retained_expimap_pathway	False	1	R-MMU-381426	R-MMU-381426_REGULATION_OF_INSULIN_LIKE_GROWTH_FACTOR_IGF_TRANSPORT_AND_UPTAKE_BY_INSULIN_LIKE_GROWTH_FACTOR_BINDING_PROTEINS_IGFBPS	IGF transport and uptake	0	1	False	NA	-0.0720083598484932	FLT_lower	secondary_exploratory	triangulated
expiMap	canonical_tissue	kidney	ENSMUSG00000019880	Rspo3	member_of_retained_expimap_pathway	False	1	R-MMU-195721	R-MMU-195721_SIGNALING_BY_WNT	WNT signaling	1	0	False	NA	0.1727405674277197	FLT_higher	secondary_exploratory	triangulated
expiMap	canonical_tissue	kidney	ENSMUSG00000019929	Dcn	member_of_retained_expimap_pathway	False	1	R-MMU-3000178	R-MMU-3000178_ECM_PROTEOGLYCANS	ECM proteoglycans	1	0	False	NA	0.0344368815077367	FLT_higher	secondary_exploratory	triangulated
expiMap	canonical_tissue	kidney	ENSMUSG00000020053	Igf1	member_of_retained_expimap_pathway	False	1	R-MMU-381426	R-MMU-381426_REGULATION_OF_INSULIN_LIKE_GROWTH_FACTOR_IGF_TRANSPORT_AND_UPTAKE_BY_INSULIN_LIKE_GROWTH_FACTOR_BINDING_PROTEINS_IGFBPS	IGF transport and uptake	0	1	False	NA	-0.0178611238756739	FLT_lower	secondary_exploratory	triangulated
expiMap	canonical_tissue	kidney	ENSMUSG00000020241	Col6a2	member_of_retained_expimap_pathway	False	1	R-MMU-3000178	R-MMU-3000178_ECM_PROTEOGLYCANS	ECM proteoglycans	1	0	False	NA	0.232345183921081	FLT_higher	secondary_exploratory	triangulated
expiMap	canonical_tissue	kidney	ENSMUSG00000020303	Stc2	member_of_retained_expimap_pathway	False	1	R-MMU-381426	R-MMU-381426_REGULATION_OF_INSULIN_LIKE_GROWTH_FACTOR_IGF_TRANSPORT_AND_UPTAKE_BY_INSULIN_LIKE_GROWTH_FACTOR_BINDING_PROTEINS_IGFBPS	IGF transport and uptake	1	0	False	NA	0.2157046081111072	FLT_higher	secondary_exploratory	triangulated
expiMap	canonical_tissue	kidney	ENSMUSG00000020427	Igfbp3	member_of_retained_expimap_pathway	False	1	R-MMU-381426	R-MMU-381426_REGULATION_OF_INSULIN_LIKE_GROWTH_FACTOR_IGF_TRANSPORT_AND_UPTAKE_BY_INSULIN_LIKE_GROWTH_FACTOR_BINDING_PROTEINS_IGFBPS	IGF transport and uptake	1	0	False	NA	0.2121163472895778	FLT_higher	secondary_exploratory	triangulated
expiMap	canonical_tissue	kidney	ENSMUSG00000020429	Igfbp1	member_of_retained_expimap_pathway	False	1	R-MMU-381426	R-MMU-381426_REGULATION_OF_INSULIN_LIKE_GROWTH_FACTOR_IGF_TRANSPORT_AND_UPTAKE_BY_INSULIN_LIKE_GROWTH_FACTOR_BINDING_PROTEINS_IGFBPS	IGF transport and uptake	1	0	False	NA	0.0893342117967796	FLT_higher	secondary_exploratory	triangulated
expiMap	canonical_tissue	kidney	ENSMUSG00000020609	Apob	member_of_retained_expimap_pathway	False	1	R-MMU-381426	R-MMU-381426_REGULATION_OF_INSULIN_LIKE_GROWTH_FACTOR_IGF_TRANSPORT_AND_UPTAKE_BY_INSULIN_LIKE_GROWTH_FACTOR_BINDING_PROTEINS_IGFBPS	IGF transport and uptake	1	0	False	NA	0.0474989101968992	FLT_higher	secondary_exploratory	triangulated
expiMap	canonical_tissue	kidney	ENSMUSG00000020689	Itgb3	member_of_retained_expimap_pathway	False	1	R-MMU-3000178	R-MMU-3000178_ECM_PROTEOGLYCANS	ECM proteoglycans	1	0	False	NA	0.2255523410729574	FLT_higher	secondary_exploratory	triangulated
expiMap	canonical_tissue	kidney	ENSMUSG00000021556	Golm1	member_of_retained_expimap_pathway	False	1	R-MMU-381426	R-MMU-381426_REGULATION_OF_INSULIN_LIKE_GROWTH_FACTOR_IGF_TRANSPORT_AND_UPTAKE_BY_INSULIN_LIKE_GROWTH_FACTOR_BINDING_PROTEINS_IGFBPS	IGF transport and uptake	1	0	False	NA	0.1519860043907508	FLT_higher	secondary_exploratory	triangulated
expiMap	canonical_tissue	kidney	ENSMUSG00000021613	Hapln1	member_of_retained_expimap_pathway	False	1	R-MMU-3000178	R-MMU-3000178_ECM_PROTEOGLYCANS	ECM proteoglycans	0	1	False	NA	-0.0960144764854317	FLT_lower	secondary_exploratory	triangulated
expiMap	canonical_tissue	kidney	ENSMUSG00000021614	Vcan	member_of_retained_expimap_pathway	False	2	R-MMU-3000178;R-MMU-381426	R-MMU-3000178_ECM_PROTEOGLYCANS;R-MMU-381426_REGULATION_OF_INSULIN_LIKE_GROWTH_FACTOR_IGF_TRANSPORT_AND_UPTAKE_BY_INSULIN_LIKE_GROWTH_FACTOR_BINDING_PROTEINS_IGFBPS	ECM proteoglycans;IGF transport and uptake	2	0	False	NA	0.3060730171369272	FLT_higher	secondary_exploratory	triangulated
expiMap	canonical_tissue	kidney	ENSMUSG00000021835	Bmp4	member_of_retained_expimap_pathway	False	1	R-MMU-381426	R-MMU-381426_REGULATION_OF_INSULIN_LIKE_GROWTH_FACTOR_IGF_TRANSPORT_AND_UPTAKE_BY_INSULIN_LIKE_GROWTH_FACTOR_BINDING_PROTEINS_IGFBPS	IGF transport and uptake	1	0	False	NA	0.135801179938781	FLT_higher	secondary_exploratory	triangulated
expiMap	canonical_tissue	kidney	ENSMUSG00000021994	Wnt5a	member_of_retained_expimap_pathway	False	1	R-MMU-195721	R-MMU-195721_SIGNALING_BY_WNT	WNT signaling	1	0	False	NA	0.0627512444772362	FLT_higher	secondary_exploratory	triangulated
expiMap	canonical_tissue	kidney	ENSMUSG00000022261	Sdc2	member_of_retained_expimap_pathway	False	1	R-MMU-381426	R-MMU-381426_REGULATION_OF_INSULIN_LIKE_GROWTH_FACTOR_IGF_TRANSPORT_AND_UPTAKE_BY_INSULIN_LIKE_GROWTH_FACTOR_BINDING_PROTEINS_IGFBPS	IGF transport and uptake	1	0	False	NA	0.0563728664911257	FLT_higher	secondary_exploratory	triangulated
expiMap	canonical_tissue	kidney	ENSMUSG00000022382	Wnt7b	member_of_retained_expimap_pathway	False	1	R-MMU-195721	R-MMU-195721_SIGNALING_BY_WNT	WNT signaling	1	0	False	NA	0.2210340722897489	FLT_higher	secondary_exploratory	triangulated
expiMap	canonical_tissue	kidney	ENSMUSG00000022483	Col2a1	member_of_retained_expimap_pathway	False	1	R-MMU-3000178	R-MMU-3000178_ECM_PROTEOGLYCANS	ECM proteoglycans	0	1	False	NA	-0.0187649257842042	FLT_lower	secondary_exploratory	triangulated
expiMap	canonical_tissue	kidney	ENSMUSG00000022816	Fstl1	member_of_retained_expimap_pathway	False	1	R-MMU-381426	R-MMU-381426_REGULATION_OF_INSULIN_LIKE_GROWTH_FACTOR_IGF_TRANSPORT_AND_UPTAKE_BY_INSULIN_LIKE_GROWTH_FACTOR_BINDING_PROTEINS_IGFBPS	IGF transport and uptake	1	0	False	NA	0.1307134213706513	FLT_higher	secondary_exploratory	triangulated
expiMap	canonical_tissue	kidney	ENSMUSG00000022868	Ahsg	member_of_retained_expimap_pathway	False	1	R-MMU-381426	R-MMU-381426_REGULATION_OF_INSULIN_LIKE_GROWTH_FACTOR_IGF_TRANSPORT_AND_UPTAKE_BY_INSULIN_LIKE_GROWTH_FACTOR_BINDING_PROTEINS_IGFBPS	IGF transport and uptake	1	0	False	NA	0.3632767380361495	FLT_higher	secondary_exploratory	triangulated
expiMap	canonical_tissue	kidney	ENSMUSG00000023046	Igfbp6	member_of_retained_expimap_pathway	False	1	R-MMU-381426	R-MMU-381426_REGULATION_OF_INSULIN_LIKE_GROWTH_FACTOR_IGF_TRANSPORT_AND_UPTAKE_BY_INSULIN_LIKE_GROWTH_FACTOR_BINDING_PROTEINS_IGFBPS	IGF transport and uptake	0	1	False	NA	-0.0620352458091609	FLT_lower	secondary_exploratory	triangulated
expiMap	canonical_tissue	kidney	ENSMUSG00000024164	C3	member_of_retained_expimap_pathway	False	1	R-MMU-381426	R-MMU-381426_REGULATION_OF_INSULIN_LIKE_GROWTH_FACTOR_IGF_TRANSPORT_AND_UPTAKE_BY_INSULIN_LIKE_GROWTH_FACTOR_BINDING_PROTEINS_IGFBPS	IGF transport and uptake	1	0	False	NA	0.2889842955464259	FLT_higher	secondary_exploratory	triangulated
expiMap	canonical_tissue	kidney	ENSMUSG00000024304	Cdh2	member_of_retained_expimap_pathway	False	1	R-MMU-381426	R-MMU-381426_REGULATION_OF_INSULIN_LIKE_GROWTH_FACTOR_IGF_TRANSPORT_AND_UPTAKE_BY_INSULIN_LIKE_GROWTH_FACTOR_BINDING_PROTEINS_IGFBPS	IGF transport and uptake	0	1	False	NA	-0.0277413647464566	FLT_lower	secondary_exploratory	triangulated
expiMap	canonical_tissue	kidney	ENSMUSG00000024386	Proc	member_of_retained_expimap_pathway	False	1	R-MMU-381426	R-MMU-381426_REGULATION_OF_INSULIN_LIKE_GROWTH_FACTOR_IGF_TRANSPORT_AND_UPTAKE_BY_INSULIN_LIKE_GROWTH_FACTOR_BINDING_PROTEINS_IGFBPS	IGF transport and uptake	1	0	False	NA	0.0840603540554298	FLT_higher	secondary_exploratory	triangulated
expiMap	canonical_tissue	kidney	ENSMUSG00000024736	Tmem132a	member_of_retained_expimap_pathway	False	1	R-MMU-381426	R-MMU-381426_REGULATION_OF_INSULIN_LIKE_GROWTH_FACTOR_IGF_TRANSPORT_AND_UPTAKE_BY_INSULIN_LIKE_GROWTH_FACTOR_BINDING_PROTEINS_IGFBPS	IGF transport and uptake	1	0	False	NA	0.1808838068201609	FLT_higher	secondary_exploratory	triangulated
expiMap	canonical_tissue	kidney	ENSMUSG00000024868	Dkk1	member_of_retained_expimap_pathway	False	1	R-MMU-195721	R-MMU-195721_SIGNALING_BY_WNT	WNT signaling	0	1	False	NA	-0.0401296282790228	FLT_lower	secondary_exploratory	triangulated
expiMap	canonical_tissue	kidney	ENSMUSG00000025348	Itga7	member_of_retained_expimap_pathway	False	1	R-MMU-3000178	R-MMU-3000178_ECM_PROTEOGLYCANS	ECM proteoglycans	1	0	False	NA	0.2103469268904449	FLT_higher	secondary_exploratory	triangulated
expiMap	canonical_tissue	kidney	ENSMUSG00000025509	Pnpla2	member_of_retained_expimap_pathway	False	1	R-MMU-381426	R-MMU-381426_REGULATION_OF_INSULIN_LIKE_GROWTH_FACTOR_IGF_TRANSPORT_AND_UPTAKE_BY_INSULIN_LIKE_GROWTH_FACTOR_BINDING_PROTEINS_IGFBPS	IGF transport and uptake	1	0	False	NA	0.1614216855769545	FLT_higher	secondary_exploratory	triangulated
expiMap	canonical_tissue	kidney	ENSMUSG00000025746	Il6	member_of_retained_expimap_pathway	False	1	R-MMU-381426	R-MMU-381426_REGULATION_OF_INSULIN_LIKE_GROWTH_FACTOR_IGF_TRANSPORT_AND_UPTAKE_BY_INSULIN_LIKE_GROWTH_FACTOR_BINDING_PROTEINS_IGFBPS	IGF transport and uptake	0	1	False	NA	-0.0823039612947863	FLT_lower	secondary_exploratory	triangulated
expiMap	canonical_tissue	kidney	ENSMUSG00000025854	Fam20c	member_of_retained_expimap_pathway	False	1	R-MMU-381426	R-MMU-381426_REGULATION_OF_INSULIN_LIKE_GROWTH_FACTOR_IGF_TRANSPORT_AND_UPTAKE_BY_INSULIN_LIKE_GROWTH_FACTOR_BINDING_PROTEINS_IGFBPS	IGF transport and uptake	1	0	False	NA	0.1016512002174877	FLT_higher	secondary_exploratory	triangulated
expiMap	canonical_tissue	kidney	ENSMUSG00000026042	Col5a2	member_of_retained_expimap_pathway	False	1	R-MMU-3000178	R-MMU-3000178_ECM_PROTEOGLYCANS	ECM proteoglycans	1	0	False	NA	0.0560290819428677	FLT_higher	secondary_exploratory	triangulated
expiMap	canonical_tissue	kidney	ENSMUSG00000026043	Col3a1	member_of_retained_expimap_pathway	False	1	R-MMU-3000178	R-MMU-3000178_ECM_PROTEOGLYCANS	ECM proteoglycans	1	0	False	NA	0.057661481525619	FLT_higher	secondary_exploratory	triangulated
expiMap	canonical_tissue	kidney	ENSMUSG00000026110	Mgat4a	member_of_retained_expimap_pathway	False	1	R-MMU-381426	R-MMU-381426_REGULATION_OF_INSULIN_LIKE_GROWTH_FACTOR_IGF_TRANSPORT_AND_UPTAKE_BY_INSULIN_LIKE_GROWTH_FACTOR_BINDING_PROTEINS_IGFBPS	IGF transport and uptake	1	0	False	NA	0.1131700007820084	FLT_higher	secondary_exploratory	triangulated
expiMap	canonical_tissue	kidney	ENSMUSG00000026185	Igfbp5	member_of_retained_expimap_pathway	False	1	R-MMU-381426	R-MMU-381426_REGULATION_OF_INSULIN_LIKE_GROWTH_FACTOR_IGF_TRANSPORT_AND_UPTAKE_BY_INSULIN_LIKE_GROWTH_FACTOR_BINDING_PROTEINS_IGFBPS	IGF transport and uptake	1	0	False	NA	0.3119237086959113	FLT_higher	secondary_exploratory	triangulated
expiMap	canonical_tissue	kidney	ENSMUSG00000026193	Fn1	member_of_retained_expimap_pathway	False	2	R-MMU-3000178;R-MMU-381426	R-MMU-3000178_ECM_PROTEOGLYCANS;R-MMU-381426_REGULATION_OF_INSULIN_LIKE_GROWTH_FACTOR_IGF_TRANSPORT_AND_UPTAKE_BY_INSULIN_LIKE_GROWTH_FACTOR_BINDING_PROTEINS_IGFBPS	ECM proteoglycans;IGF transport and uptake	2	0	False	NA	0.2714578415918747	FLT_higher	secondary_exploratory	triangulated
expiMap	canonical_tissue	kidney	ENSMUSG00000026295	Spp2	member_of_retained_expimap_pathway	False	1	R-MMU-381426	R-MMU-381426_REGULATION_OF_INSULIN_LIKE_GROWTH_FACTOR_IGF_TRANSPORT_AND_UPTAKE_BY_INSULIN_LIKE_GROWTH_FACTOR_BINDING_PROTEINS_IGFBPS	IGF transport and uptake	0	1	False	NA	-0.0272789265362692	FLT_lower	secondary_exploratory	triangulated
expiMap	canonical_tissue	kidney	ENSMUSG00000026579	F5	member_of_retained_expimap_pathway	False	1	R-MMU-381426	R-MMU-381426_REGULATION_OF_INSULIN_LIKE_GROWTH_FACTOR_IGF_TRANSPORT_AND_UPTAKE_BY_INSULIN_LIKE_GROWTH_FACTOR_BINDING_PROTEINS_IGFBPS	IGF transport and uptake	0	1	False	NA	-0.0688994784780501	FLT_lower	secondary_exploratory	triangulated
expiMap	canonical_tissue	kidney	ENSMUSG00000026725	Tnn	member_of_retained_expimap_pathway	False	1	R-MMU-3000178	R-MMU-3000178_ECM_PROTEOGLYCANS	ECM proteoglycans	1	0	False	NA	0.3754584132650889	FLT_higher	secondary_exploratory	triangulated
expiMap	canonical_tissue	kidney	ENSMUSG00000026768	Itga8	member_of_retained_expimap_pathway	False	1	R-MMU-3000178	R-MMU-3000178_ECM_PROTEOGLYCANS	ECM proteoglycans	1	0	False	NA	0.0973149605165818	FLT_higher	secondary_exploratory	triangulated
expiMap	canonical_tissue	kidney	ENSMUSG00000026837	Col5a1	member_of_retained_expimap_pathway	False	1	R-MMU-3000178	R-MMU-3000178_ECM_PROTEOGLYCANS	ECM proteoglycans	1	0	False	NA	0.2851573454119626	FLT_higher	secondary_exploratory	triangulated
expiMap	canonical_tissue	kidney	ENSMUSG00000026971	Itgb6	member_of_retained_expimap_pathway	False	1	R-MMU-3000178	R-MMU-3000178_ECM_PROTEOGLYCANS	ECM proteoglycans	1	0	False	NA	0.1401199987908445	FLT_higher	secondary_exploratory	triangulated
expiMap	canonical_tissue	kidney	ENSMUSG00000027204	Fbn1	member_of_retained_expimap_pathway	False	1	R-MMU-381426	R-MMU-381426_REGULATION_OF_INSULIN_LIKE_GROWTH_FACTOR_IGF_TRANSPORT_AND_UPTAKE_BY_INSULIN_LIKE_GROWTH_FACTOR_BINDING_PROTEINS_IGFBPS	IGF transport and uptake	1	0	False	NA	0.3159414559566376	FLT_higher	secondary_exploratory	triangulated
expiMap	canonical_tissue	kidney	ENSMUSG00000027350	Chgb	member_of_retained_expimap_pathway	False	1	R-MMU-381426	R-MMU-381426_REGULATION_OF_INSULIN_LIKE_GROWTH_FACTOR_IGF_TRANSPORT_AND_UPTAKE_BY_INSULIN_LIKE_GROWTH_FACTOR_BINDING_PROTEINS_IGFBPS	IGF transport and uptake	1	0	False	NA	0.057283229215084	FLT_higher	secondary_exploratory	triangulated
expiMap	canonical_tissue	kidney	ENSMUSG00000027447	Cst3	member_of_retained_expimap_pathway	False	1	R-MMU-381426	R-MMU-381426_REGULATION_OF_INSULIN_LIKE_GROWTH_FACTOR_IGF_TRANSPORT_AND_UPTAKE_BY_INSULIN_LIKE_GROWTH_FACTOR_BINDING_PROTEINS_IGFBPS	IGF transport and uptake	1	0	False	NA	0.0656639564886105	FLT_higher	secondary_exploratory	triangulated
expiMap	canonical_tissue	kidney	ENSMUSG00000027985	Lef1	member_of_retained_expimap_pathway	False	1	R-MMU-195721	R-MMU-195721_SIGNALING_BY_WNT	WNT signaling	0	1	False	NA	-0.1252893793476083	FLT_lower	secondary_exploratory	triangulated
expiMap	canonical_tissue	kidney	ENSMUSG00000028001	Fga	member_of_retained_expimap_pathway	False	1	R-MMU-381426	R-MMU-381426_REGULATION_OF_INSULIN_LIKE_GROWTH_FACTOR_IGF_TRANSPORT_AND_UPTAKE_BY_INSULIN_LIKE_GROWTH_FACTOR_BINDING_PROTEINS_IGFBPS	IGF transport and uptake	1	0	False	NA	0.3903611700586678	FLT_higher	secondary_exploratory	triangulated
expiMap	canonical_tissue	kidney	ENSMUSG00000028031	Dkk2	member_of_retained_expimap_pathway	False	1	R-MMU-195721	R-MMU-195721_SIGNALING_BY_WNT	WNT signaling	1	0	False	NA	0.1660684664468573	FLT_higher	secondary_exploratory	triangulated
expiMap	canonical_tissue	kidney	ENSMUSG00000028195	Ccn1	member_of_retained_expimap_pathway	False	1	R-MMU-381426	R-MMU-381426_REGULATION_OF_INSULIN_LIKE_GROWTH_FACTOR_IGF_TRANSPORT_AND_UPTAKE_BY_INSULIN_LIKE_GROWTH_FACTOR_BINDING_PROTEINS_IGFBPS	IGF transport and uptake	1	0	False	NA	0.0410179255868808	FLT_higher	secondary_exploratory	triangulated
expiMap	canonical_tissue	kidney	ENSMUSG00000028364	Tnc	member_of_retained_expimap_pathway	False	2	R-MMU-3000178;R-MMU-381426	R-MMU-3000178_ECM_PROTEOGLYCANS;R-MMU-381426_REGULATION_OF_INSULIN_LIKE_GROWTH_FACTOR_IGF_TRANSPORT_AND_UPTAKE_BY_INSULIN_LIKE_GROWTH_FACTOR_BINDING_PROTEINS_IGFBPS	ECM proteoglycans;IGF transport and uptake	2	0	False	NA	0.3445355803554824	FLT_higher	secondary_exploratory	triangulated
expiMap	canonical_tissue	kidney	ENSMUSG00000028370	Pappa	member_of_retained_expimap_pathway	False	1	R-MMU-381426	R-MMU-381426_REGULATION_OF_INSULIN_LIKE_GROWTH_FACTOR_IGF_TRANSPORT_AND_UPTAKE_BY_INSULIN_LIKE_GROWTH_FACTOR_BINDING_PROTEINS_IGFBPS	IGF transport and uptake	0	1	False	NA	-0.0690084313112691	FLT_lower	secondary_exploratory	triangulated
expiMap	canonical_tissue	kidney	ENSMUSG00000029070	Mxra8	member_of_retained_expimap_pathway	False	1	R-MMU-381426	R-MMU-381426_REGULATION_OF_INSULIN_LIKE_GROWTH_FACTOR_IGF_TRANSPORT_AND_UPTAKE_BY_INSULIN_LIKE_GROWTH_FACTOR_BINDING_PROTEINS_IGFBPS	IGF transport and uptake	1	0	False	NA	0.244248037054263	FLT_higher	secondary_exploratory	triangulated
expiMap	canonical_tissue	kidney	ENSMUSG00000029304	Spp1	member_of_retained_expimap_pathway	False	1	R-MMU-381426	R-MMU-381426_REGULATION_OF_INSULIN_LIKE_GROWTH_FACTOR_IGF_TRANSPORT_AND_UPTAKE_BY_INSULIN_LIKE_GROWTH_FACTOR_BINDING_PROTEINS_IGFBPS	IGF transport and uptake	1	0	False	NA	0.086793665712169	FLT_higher	secondary_exploratory	triangulated
expiMap	canonical_tissue	kidney	ENSMUSG00000029309	Sparcl1	member_of_retained_expimap_pathway	False	1	R-MMU-381426	R-MMU-381426_REGULATION_OF_INSULIN_LIKE_GROWTH_FACTOR_IGF_TRANSPORT_AND_UPTAKE_BY_INSULIN_LIKE_GROWTH_FACTOR_BINDING_PROTEINS_IGFBPS	IGF transport and uptake	1	0	False	NA	0.2332949475605376	FLT_higher	secondary_exploratory	triangulated
expiMap	canonical_tissue	kidney	ENSMUSG00000029368	Alb	member_of_retained_expimap_pathway	False	1	R-MMU-381426	R-MMU-381426_REGULATION_OF_INSULIN_LIKE_GROWTH_FACTOR_IGF_TRANSPORT_AND_UPTAKE_BY_INSULIN_LIKE_GROWTH_FACTOR_BINDING_PROTEINS_IGFBPS	IGF transport and uptake	1	0	False	NA	0.1461742924260051	FLT_higher	secondary_exploratory	triangulated
expiMap	canonical_tissue	kidney	ENSMUSG00000030093	Wnt7a	member_of_retained_expimap_pathway	False	1	R-MMU-195721	R-MMU-195721_SIGNALING_BY_WNT	WNT signaling	1	0	False	NA	0.0407970032422946	FLT_higher	secondary_exploratory	triangulated
expiMap	canonical_tissue	kidney	ENSMUSG00000030605	Mfge8	member_of_retained_expimap_pathway	False	1	R-MMU-381426	R-MMU-381426_REGULATION_OF_INSULIN_LIKE_GROWTH_FACTOR_IGF_TRANSPORT_AND_UPTAKE_BY_INSULIN_LIKE_GROWTH_FACTOR_BINDING_PROTEINS_IGFBPS	IGF transport and uptake	1	0	False	NA	0.1761426618374491	FLT_higher	secondary_exploratory	triangulated
expiMap	canonical_tissue	kidney	ENSMUSG00000030789	Itgax	member_of_retained_expimap_pathway	False	1	R-MMU-3000178	R-MMU-3000178_ECM_PROTEOGLYCANS	ECM proteoglycans	0	1	False	NA	-0.0689955724829444	FLT_lower	secondary_exploratory	triangulated
expiMap	canonical_tissue	kidney	ENSMUSG00000031283	Chrdl1	member_of_retained_expimap_pathway	False	1	R-MMU-381426	R-MMU-381426_REGULATION_OF_INSULIN_LIKE_GROWTH_FACTOR_IGF_TRANSPORT_AND_UPTAKE_BY_INSULIN_LIKE_GROWTH_FACTOR_BINDING_PROTEINS_IGFBPS	IGF transport and uptake	0	1	False	NA	-0.0052169412844501	FLT_lower	secondary_exploratory	triangulated
expiMap	canonical_tissue	kidney	ENSMUSG00000031375	Bgn	member_of_retained_expimap_pathway	False	1	R-MMU-3000178	R-MMU-3000178_ECM_PROTEOGLYCANS	ECM proteoglycans	1	0	False	NA	0.2858395952404711	FLT_higher	secondary_exploratory	triangulated
expiMap	canonical_tissue	kidney	ENSMUSG00000031451	Gas6	member_of_retained_expimap_pathway	False	1	R-MMU-381426	R-MMU-381426_REGULATION_OF_INSULIN_LIKE_GROWTH_FACTOR_IGF_TRANSPORT_AND_UPTAKE_BY_INSULIN_LIKE_GROWTH_FACTOR_BINDING_PROTEINS_IGFBPS	IGF transport and uptake	1	0	False	NA	0.0106004911415672	FLT_higher	secondary_exploratory	triangulated
expiMap	canonical_tissue	kidney	ENSMUSG00000031748	Gnao1	member_of_retained_expimap_pathway	False	1	R-MMU-195721	R-MMU-195721_SIGNALING_BY_WNT	WNT signaling	1	0	False	NA	0.2622661841298528	FLT_higher	secondary_exploratory	triangulated
expiMap	canonical_tissue	kidney	ENSMUSG00000032079	Apoa5	member_of_retained_expimap_pathway	False	1	R-MMU-381426	R-MMU-381426_REGULATION_OF_INSULIN_LIKE_GROWTH_FACTOR_IGF_TRANSPORT_AND_UPTAKE_BY_INSULIN_LIKE_GROWTH_FACTOR_BINDING_PROTEINS_IGFBPS	IGF transport and uptake	1	0	False	NA	0.1051148212209043	FLT_higher	secondary_exploratory	triangulated
expiMap	canonical_tissue	kidney	ENSMUSG00000032083	Apoa1	member_of_retained_expimap_pathway	False	1	R-MMU-381426	R-MMU-381426_REGULATION_OF_INSULIN_LIKE_GROWTH_FACTOR_IGF_TRANSPORT_AND_UPTAKE_BY_INSULIN_LIKE_GROWTH_FACTOR_BINDING_PROTEINS_IGFBPS	IGF transport and uptake	1	0	False	NA	0.3464389093091475	FLT_higher	secondary_exploratory	triangulated
expiMap	canonical_tissue	kidney	ENSMUSG00000032181	Scg3	member_of_retained_expimap_pathway	False	1	R-MMU-381426	R-MMU-381426_REGULATION_OF_INSULIN_LIKE_GROWTH_FACTOR_IGF_TRANSPORT_AND_UPTAKE_BY_INSULIN_LIKE_GROWTH_FACTOR_BINDING_PROTEINS_IGFBPS	IGF transport and uptake	0	1	False	NA	-0.0529875838458215	FLT_lower	secondary_exploratory	triangulated
expiMap	canonical_tissue	kidney	ENSMUSG00000032554	Trf	member_of_retained_expimap_pathway	False	1	R-MMU-381426	R-MMU-381426_REGULATION_OF_INSULIN_LIKE_GROWTH_FACTOR_IGF_TRANSPORT_AND_UPTAKE_BY_INSULIN_LIKE_GROWTH_FACTOR_BINDING_PROTEINS_IGFBPS	IGF transport and uptake	1	0	False	NA	0.0894603556696133	FLT_higher	secondary_exploratory	triangulated
expiMap	canonical_tissue	kidney	ENSMUSG00000032766	Gng11	member_of_retained_expimap_pathway	False	1	R-MMU-195721	R-MMU-195721_SIGNALING_BY_WNT	WNT signaling	1	0	False	NA	0.0458337809874258	FLT_higher	secondary_exploratory	triangulated
expiMap	canonical_tissue	kidney	ENSMUSG00000033220	Rac2	member_of_retained_expimap_pathway	False	1	R-MMU-195721	R-MMU-195721_SIGNALING_BY_WNT	WNT signaling	1	0	False	NA	0.0241576281444877	FLT_higher	secondary_exploratory	triangulated
expiMap	canonical_tissue	kidney	ENSMUSG00000033327	Tnxb	member_of_retained_expimap_pathway	False	1	R-MMU-3000178	R-MMU-3000178_ECM_PROTEOGLYCANS	ECM proteoglycans	1	0	False	NA	0.1393654227619158	FLT_higher	secondary_exploratory	triangulated
expiMap	canonical_tissue	kidney	ENSMUSG00000033684	Qsox1	member_of_retained_expimap_pathway	False	1	R-MMU-381426	R-MMU-381426_REGULATION_OF_INSULIN_LIKE_GROWTH_FACTOR_IGF_TRANSPORT_AND_UPTAKE_BY_INSULIN_LIKE_GROWTH_FACTOR_BINDING_PROTEINS_IGFBPS	IGF transport and uptake	1	0	False	NA	0.1172903095744873	FLT_higher	secondary_exploratory	triangulated
expiMap	canonical_tissue	kidney	ENSMUSG00000033860	Fgg	member_of_retained_expimap_pathway	False	1	R-MMU-381426	R-MMU-381426_REGULATION_OF_INSULIN_LIKE_GROWTH_FACTOR_IGF_TRANSPORT_AND_UPTAKE_BY_INSULIN_LIKE_GROWTH_FACTOR_BINDING_PROTEINS_IGFBPS	IGF transport and uptake	1	0	False	NA	0.531655614822236	FLT_higher	secondary_exploratory	triangulated
expiMap	canonical_tissue	kidney	ENSMUSG00000034771	Tle2	member_of_retained_expimap_pathway	False	1	R-MMU-195721	R-MMU-195721_SIGNALING_BY_WNT	WNT signaling	1	0	False	NA	0.0460805198501947	FLT_higher	secondary_exploratory	triangulated
expiMap	canonical_tissue	kidney	ENSMUSG00000035305	Ror1	member_of_retained_expimap_pathway	False	1	R-MMU-195721	R-MMU-195721_SIGNALING_BY_WNT	WNT signaling	1	0	False	NA	0.0652659761919719	FLT_higher	secondary_exploratory	triangulated
expiMap	canonical_tissue	kidney	ENSMUSG00000036158	Prickle1	member_of_retained_expimap_pathway	False	1	R-MMU-195721	R-MMU-195721_SIGNALING_BY_WNT	WNT signaling	1	0	False	NA	0.0933607118513982	FLT_higher	secondary_exploratory	triangulated
expiMap	canonical_tissue	kidney	ENSMUSG00000036256	Igfbp7	member_of_retained_expimap_pathway	False	1	R-MMU-381426	R-MMU-381426_REGULATION_OF_INSULIN_LIKE_GROWTH_FACTOR_IGF_TRANSPORT_AND_UPTAKE_BY_INSULIN_LIKE_GROWTH_FACTOR_BINDING_PROTEINS_IGFBPS	IGF transport and uptake	1	0	False	NA	0.1333231983183231	FLT_higher	secondary_exploratory	triangulated
expiMap	canonical_tissue	kidney	ENSMUSG00000036856	Wnt4	member_of_retained_expimap_pathway	False	1	R-MMU-195721	R-MMU-195721_SIGNALING_BY_WNT	WNT signaling	1	0	False	NA	0.2505140632902808	FLT_higher	secondary_exploratory	triangulated
expiMap	canonical_tissue	kidney	ENSMUSG00000037254	Itih2	member_of_retained_expimap_pathway	False	1	R-MMU-381426	R-MMU-381426_REGULATION_OF_INSULIN_LIKE_GROWTH_FACTOR_IGF_TRANSPORT_AND_UPTAKE_BY_INSULIN_LIKE_GROWTH_FACTOR_BINDING_PROTEINS_IGFBPS	IGF transport and uptake	1	0	False	NA	0.0558528423514435	FLT_higher	secondary_exploratory	triangulated
expiMap	canonical_tissue	kidney	ENSMUSG00000037411	Serpine1	member_of_retained_expimap_pathway	False	1	R-MMU-3000178	R-MMU-3000178_ECM_PROTEOGLYCANS	ECM proteoglycans	1	0	False	NA	0.1335992936417322	FLT_higher	secondary_exploratory	triangulated
expiMap	canonical_tissue	kidney	ENSMUSG00000037428	Vgf	member_of_retained_expimap_pathway	False	1	R-MMU-381426	R-MMU-381426_REGULATION_OF_INSULIN_LIKE_GROWTH_FACTOR_IGF_TRANSPORT_AND_UPTAKE_BY_INSULIN_LIKE_GROWTH_FACTOR_BINDING_PROTEINS_IGFBPS	IGF transport and uptake	1	0	False	NA	0.002995782870675	FLT_higher	secondary_exploratory	triangulated
expiMap	canonical_tissue	kidney	ENSMUSG00000039115	Itga9	member_of_retained_expimap_pathway	False	1	R-MMU-3000178	R-MMU-3000178_ECM_PROTEOGLYCANS	ECM proteoglycans	1	0	False	NA	0.2567867663399668	FLT_higher	secondary_exploratory	triangulated
expiMap	canonical_tissue	kidney	ENSMUSG00000039323	Igfbp2	member_of_retained_expimap_pathway	False	1	R-MMU-381426	R-MMU-381426_REGULATION_OF_INSULIN_LIKE_GROWTH_FACTOR_IGF_TRANSPORT_AND_UPTAKE_BY_INSULIN_LIKE_GROWTH_FACTOR_BINDING_PROTEINS_IGFBPS	IGF transport and uptake	1	0	False	NA	0.3133726223556983	FLT_higher	secondary_exploratory	triangulated
expiMap	canonical_tissue	kidney	ENSMUSG00000039405	Prss23	member_of_retained_expimap_pathway	False	1	R-MMU-381426	R-MMU-381426_REGULATION_OF_INSULIN_LIKE_GROWTH_FACTOR_IGF_TRANSPORT_AND_UPTAKE_BY_INSULIN_LIKE_GROWTH_FACTOR_BINDING_PROTEINS_IGFBPS	IGF transport and uptake	1	0	False	NA	0.0316613613459283	FLT_higher	secondary_exploratory	triangulated
expiMap	canonical_tissue	kidney	ENSMUSG00000041936	Agrn	member_of_retained_expimap_pathway	False	1	R-MMU-3000178	R-MMU-3000178_ECM_PROTEOGLYCANS	ECM proteoglycans	1	0	False	NA	0.0872522178901483	FLT_higher	secondary_exploratory	triangulated
expiMap	canonical_tissue	kidney	ENSMUSG00000042116	Vwa1	member_of_retained_expimap_pathway	False	1	R-MMU-381426	R-MMU-381426_REGULATION_OF_INSULIN_LIKE_GROWTH_FACTOR_IGF_TRANSPORT_AND_UPTAKE_BY_INSULIN_LIKE_GROWTH_FACTOR_BINDING_PROTEINS_IGFBPS	IGF transport and uptake	1	0	False	NA	0.0281435964293475	FLT_higher	secondary_exploratory	triangulated
expiMap	canonical_tissue	kidney	ENSMUSG00000042988	Notum	member_of_retained_expimap_pathway	False	1	R-MMU-381426	R-MMU-381426_REGULATION_OF_INSULIN_LIKE_GROWTH_FACTOR_IGF_TRANSPORT_AND_UPTAKE_BY_INSULIN_LIKE_GROWTH_FACTOR_BINDING_PROTEINS_IGFBPS	IGF transport and uptake	1	0	False	NA	0.0494466605755924	FLT_higher	secondary_exploratory	triangulated
expiMap	canonical_tissue	kidney	ENSMUSG00000043004	Gng2	member_of_retained_expimap_pathway	False	1	R-MMU-195721	R-MMU-195721_SIGNALING_BY_WNT	WNT signaling	1	0	False	NA	0.0334481805477455	FLT_higher	secondary_exploratory	triangulated
expiMap	canonical_tissue	kidney	ENSMUSG00000043719	Col6a6	member_of_retained_expimap_pathway	False	1	R-MMU-3000178	R-MMU-3000178_ECM_PROTEOGLYCANS	ECM proteoglycans	1	0	False	NA	0.0256147272045802	FLT_higher	secondary_exploratory	triangulated
expiMap	canonical_tissue	kidney	ENSMUSG00000044254	Pcsk9	member_of_retained_expimap_pathway	False	1	R-MMU-381426	R-MMU-381426_REGULATION_OF_INSULIN_LIKE_GROWTH_FACTOR_IGF_TRANSPORT_AND_UPTAKE_BY_INSULIN_LIKE_GROWTH_FACTOR_BINDING_PROTEINS_IGFBPS	IGF transport and uptake	1	0	False	NA	0.0162814446101517	FLT_higher	secondary_exploratory	triangulated
expiMap	canonical_tissue	kidney	ENSMUSG00000044548	Dact1	member_of_retained_expimap_pathway	False	1	R-MMU-195721	R-MMU-195721_SIGNALING_BY_WNT	WNT signaling	1	0	False	NA	0.1963457171088762	FLT_higher	secondary_exploratory	triangulated
expiMap	canonical_tissue	kidney	ENSMUSG00000044674	Fzd1	member_of_retained_expimap_pathway	False	1	R-MMU-195721	R-MMU-195721_SIGNALING_BY_WNT	WNT signaling	1	0	False	NA	0.079882011493159	FLT_higher	secondary_exploratory	triangulated
expiMap	canonical_tissue	kidney	ENSMUSG00000045573	Penk	member_of_retained_expimap_pathway	False	1	R-MMU-381426	R-MMU-381426_REGULATION_OF_INSULIN_LIKE_GROWTH_FACTOR_IGF_TRANSPORT_AND_UPTAKE_BY_INSULIN_LIKE_GROWTH_FACTOR_BINDING_PROTEINS_IGFBPS	IGF transport and uptake	1	0	False	NA	0.1930602893137735	FLT_higher	secondary_exploratory	triangulated
expiMap	canonical_tissue	kidney	ENSMUSG00000046070	Igfals	member_of_retained_expimap_pathway	False	1	R-MMU-195721	R-MMU-195721_SIGNALING_BY_WNT	WNT signaling	1	0	False	NA	0.2638878593682295	FLT_higher	secondary_exploratory	triangulated
expiMap	canonical_tissue	kidney	ENSMUSG00000046841	Ckap4	member_of_retained_expimap_pathway	False	1	R-MMU-381426	R-MMU-381426_REGULATION_OF_INSULIN_LIKE_GROWTH_FACTOR_IGF_TRANSPORT_AND_UPTAKE_BY_INSULIN_LIKE_GROWTH_FACTOR_BINDING_PROTEINS_IGFBPS	IGF transport and uptake	1	0	False	NA	0.1306919369834192	FLT_higher	secondary_exploratory	triangulated
expiMap	canonical_tissue	kidney	ENSMUSG00000048126	Col6a3	member_of_retained_expimap_pathway	False	1	R-MMU-3000178	R-MMU-3000178_ECM_PROTEOGLYCANS	ECM proteoglycans	1	0	False	NA	0.1777109669661984	FLT_higher	secondary_exploratory	triangulated
expiMap	canonical_tissue	kidney	ENSMUSG00000048583	Igf2	member_of_retained_expimap_pathway	False	1	R-MMU-381426	R-MMU-381426_REGULATION_OF_INSULIN_LIKE_GROWTH_FACTOR_IGF_TRANSPORT_AND_UPTAKE_BY_INSULIN_LIKE_GROWTH_FACTOR_BINDING_PROTEINS_IGFBPS	IGF transport and uptake	1	0	False	NA	0.1489190594512325	FLT_higher	secondary_exploratory	triangulated
expiMap	canonical_tissue	kidney	ENSMUSG00000049791	Fzd4	member_of_retained_expimap_pathway	False	1	R-MMU-195721	R-MMU-195721_SIGNALING_BY_WNT	WNT signaling	1	0	False	NA	0.0245510182468195	FLT_higher	secondary_exploratory	triangulated
expiMap	canonical_tissue	kidney	ENSMUSG00000050288	Fzd2	member_of_retained_expimap_pathway	False	1	R-MMU-195721	R-MMU-195721_SIGNALING_BY_WNT	WNT signaling	1	0	False	NA	0.1333147730770445	FLT_higher	secondary_exploratory	triangulated
expiMap	canonical_tissue	kidney	ENSMUSG00000050711	Scg2	member_of_retained_expimap_pathway	False	1	R-MMU-381426	R-MMU-381426_REGULATION_OF_INSULIN_LIKE_GROWTH_FACTOR_IGF_TRANSPORT_AND_UPTAKE_BY_INSULIN_LIKE_GROWTH_FACTOR_BINDING_PROTEINS_IGFBPS	IGF transport and uptake	0	1	False	NA	-0.0058552180383792	FLT_lower	secondary_exploratory	triangulated
expiMap	canonical_tissue	kidney	ENSMUSG00000051177	Plcb1	member_of_retained_expimap_pathway	False	1	R-MMU-195721	R-MMU-195721_SIGNALING_BY_WNT	WNT signaling	0	1	False	NA	-0.0400069069645396	FLT_lower	secondary_exploratory	triangulated
expiMap	canonical_tissue	kidney	ENSMUSG00000051910	Sox6	member_of_retained_expimap_pathway	False	1	R-MMU-195721	R-MMU-195721_SIGNALING_BY_WNT	WNT signaling	1	0	False	NA	0.0527716202312233	FLT_higher	secondary_exploratory	triangulated
expiMap	canonical_tissue	kidney	ENSMUSG00000055653	Gpc3	member_of_retained_expimap_pathway	False	1	R-MMU-381426	R-MMU-381426_REGULATION_OF_INSULIN_LIKE_GROWTH_FACTOR_IGF_TRANSPORT_AND_UPTAKE_BY_INSULIN_LIKE_GROWTH_FACTOR_BINDING_PROTEINS_IGFBPS	IGF transport and uptake	1	0	False	NA	0.0553020991246396	FLT_higher	secondary_exploratory	triangulated
expiMap	canonical_tissue	kidney	ENSMUSG00000057346	Apol9a	member_of_retained_expimap_pathway	False	1	R-MMU-381426	R-MMU-381426_REGULATION_OF_INSULIN_LIKE_GROWTH_FACTOR_IGF_TRANSPORT_AND_UPTAKE_BY_INSULIN_LIKE_GROWTH_FACTOR_BINDING_PROTEINS_IGFBPS	IGF transport and uptake	1	0	False	NA	0.1394434479867489	FLT_higher	secondary_exploratory	triangulated
expiMap	canonical_tissue	kidney	ENSMUSG00000060459	Kng2	member_of_retained_expimap_pathway	False	1	R-MMU-381426	R-MMU-381426_REGULATION_OF_INSULIN_LIKE_GROWTH_FACTOR_IGF_TRANSPORT_AND_UPTAKE_BY_INSULIN_LIKE_GROWTH_FACTOR_BINDING_PROTEINS_IGFBPS	IGF transport and uptake	1	0	False	NA	0.0534720362761023	FLT_higher	secondary_exploratory	triangulated
expiMap	canonical_tissue	kidney	ENSMUSG00000061947	Serpina10	member_of_retained_expimap_pathway	False	1	R-MMU-381426	R-MMU-381426_REGULATION_OF_INSULIN_LIKE_GROWTH_FACTOR_IGF_TRANSPORT_AND_UPTAKE_BY_INSULIN_LIKE_GROWTH_FACTOR_BINDING_PROTEINS_IGFBPS	IGF transport and uptake	1	0	False	NA	0.0571575074484884	FLT_higher	secondary_exploratory	triangulated
expiMap	canonical_tissue	kidney	ENSMUSG00000063011	Msln	member_of_retained_expimap_pathway	False	1	R-MMU-381426	R-MMU-381426_REGULATION_OF_INSULIN_LIKE_GROWTH_FACTOR_IGF_TRANSPORT_AND_UPTAKE_BY_INSULIN_LIKE_GROWTH_FACTOR_BINDING_PROTEINS_IGFBPS	IGF transport and uptake	1	0	False	NA	0.1597892122234422	FLT_higher	secondary_exploratory	triangulated
expiMap	canonical_tissue	kidney	ENSMUSG00000063382	Bcl9l	member_of_retained_expimap_pathway	False	1	R-MMU-195721	R-MMU-195721_SIGNALING_BY_WNT	WNT signaling	1	0	False	NA	0.127946349409221	FLT_higher	secondary_exploratory	triangulated
expiMap	canonical_tissue	kidney	ENSMUSG00000068220	Lgals1	member_of_retained_expimap_pathway	False	1	R-MMU-381426	R-MMU-381426_REGULATION_OF_INSULIN_LIKE_GROWTH_FACTOR_IGF_TRANSPORT_AND_UPTAKE_BY_INSULIN_LIKE_GROWTH_FACTOR_BINDING_PROTEINS_IGFBPS	IGF transport and uptake	1	0	False	NA	0.1248431210157622	FLT_higher	secondary_exploratory	triangulated
expiMap	canonical_tissue	kidney	ENSMUSG00000068240	Gm11808	member_of_retained_expimap_pathway	False	1	R-MMU-195721	R-MMU-195721_SIGNALING_BY_WNT	WNT signaling	1	0	False	NA	0.0038839302679859	FLT_higher	secondary_exploratory	triangulated
expiMap	canonical_tissue	kidney	ENSMUSG00000068246	Apol9b	member_of_retained_expimap_pathway	False	1	R-MMU-381426	R-MMU-381426_REGULATION_OF_INSULIN_LIKE_GROWTH_FACTOR_IGF_TRANSPORT_AND_UPTAKE_BY_INSULIN_LIKE_GROWTH_FACTOR_BINDING_PROTEINS_IGFBPS	IGF transport and uptake	0	1	False	NA	-0.0511679698897269	FLT_lower	secondary_exploratory	triangulated
expiMap	canonical_tissue	kidney	ENSMUSG00000068252	Apol7b	member_of_retained_expimap_pathway	False	1	R-MMU-381426	R-MMU-381426_REGULATION_OF_INSULIN_LIKE_GROWTH_FACTOR_IGF_TRANSPORT_AND_UPTAKE_BY_INSULIN_LIKE_GROWTH_FACTOR_BINDING_PROTEINS_IGFBPS	IGF transport and uptake	0	1	False	NA	-0.071508711247141	FLT_lower	secondary_exploratory	triangulated
expiMap	canonical_tissue	kidney	ENSMUSG00000073418	C4b	member_of_retained_expimap_pathway	False	1	R-MMU-381426	R-MMU-381426_REGULATION_OF_INSULIN_LIKE_GROWTH_FACTOR_IGF_TRANSPORT_AND_UPTAKE_BY_INSULIN_LIKE_GROWTH_FACTOR_BINDING_PROTEINS_IGFBPS	IGF transport and uptake	0	1	False	NA	-0.0687694537832871	FLT_lower	secondary_exploratory	triangulated
expiMap	canonical_tissue	kidney	ENSMUSG00000073530	Pappa2	member_of_retained_expimap_pathway	False	1	R-MMU-381426	R-MMU-381426_REGULATION_OF_INSULIN_LIKE_GROWTH_FACTOR_IGF_TRANSPORT_AND_UPTAKE_BY_INSULIN_LIKE_GROWTH_FACTOR_BINDING_PROTEINS_IGFBPS	IGF transport and uptake	1	0	False	NA	0.1660169677943419	FLT_higher	secondary_exploratory	triangulated
expiMap	canonical_tissue	kidney	ENSMUSG00000076431	Sox4	member_of_retained_expimap_pathway	False	1	R-MMU-195721	R-MMU-195721_SIGNALING_BY_WNT	WNT signaling	1	0	False	NA	0.0805649831667983	FLT_higher	secondary_exploratory	triangulated
expiMap	canonical_tissue	kidney	ENSMUSG00000079015	Serpina1c	member_of_retained_expimap_pathway	False	1	R-MMU-381426	R-MMU-381426_REGULATION_OF_INSULIN_LIKE_GROWTH_FACTOR_IGF_TRANSPORT_AND_UPTAKE_BY_INSULIN_LIKE_GROWTH_FACTOR_BINDING_PROTEINS_IGFBPS	IGF transport and uptake	1	0	False	NA	0.202781727586788	FLT_higher	secondary_exploratory	triangulated
expiMap	canonical_tissue	kidney	ENSMUSG00000091345	Col6a5	member_of_retained_expimap_pathway	False	1	R-MMU-3000178	R-MMU-3000178_ECM_PROTEOGLYCANS	ECM proteoglycans	0	1	False	NA	-0.0945324252214362	FLT_lower	secondary_exploratory	triangulated
