method	feature_type	scope	tissue	arm	gene	symbol	minimum_selection_frequency	minimum_coefficient_sign_agreement	real_selection_frequency	arm_selection_frequency	real_coefficient_sign_agreement	arm_coefficient_sign_agreement	real_stable	arm_stable	real_coefficient	arm_coefficient	coefficient_direction_match	real_permutation_roc_auc	arm_real_permutation_roc_auc	arm_real_positive_repeat_fraction	arm_synthetic_permutation_roc_auc	arm_synthetic_positive_repeat_fraction	arm_minus_real_permutation_roc_auc	pattern	selected_arm	generated_arm_eligible_all_metrics	analysis_scope	real_linear_shap_mean_absolute	real_linear_shap_flight_minus_ground	selected_linear_shap_mean_absolute	selected_linear_shap_flight_minus_ground	selected_arm_importance_rank	real_only_importance_rank	matched_statuses	matched_literature_classification	matched_interpretation	matched_primary	consensus_selection_status	consensus_literature_classification	consensus_interpretation	consensus_secondary	flt_gc_direction	meta_effect	meta_fdr	n_accessions
conditional_DDIM_classifier	selected_gene_feature	tissue	adrenal_gland	generated_only	ENSMUSG00000004951	Hspb1	0.5	0.75	1.0	1.0	1.0	1.0	True	True	-0.0543408803641796	-0.6082895994186401	True	0.0234375	0.08671875	0.75	0.0712239583333333	1.0	0.06328125	shared_reinforced	generated_only	True	canonical_tissue	0.112852250771447	0.1185841343279199	0.7260561761220654	0.8436625573746145	1.0	5.0	NA	NA	NA	False	NA	NA	NA	False	NA	NA	NA	NA
conditional_DDIM_classifier	selected_gene_feature	tissue	adrenal_gland	generated_only	ENSMUSG00000090877	Hspa1b	0.5	0.75	0.625	1.0	1.0	1.0	True	True	-0.3095391988754272	-0.3974513411521911	True	0.01125	0.076953125	0.75	0.0599392361111111	1.0	0.065703125	shared_reinforced	generated_only	True	canonical_tissue	0.2426959657272593	0.1197194729540854	0.6063033623076406	0.5011415088399152	2.0	11.0	NA	NA	NA	False	NA	NA	NA	False	NA	NA	NA	NA
conditional_DDIM_classifier	selected_gene_feature	tissue	adrenal_gland	generated_only	ENSMUSG00000023067	Cdkn1a	0.5	0.75	0.0	0.625	0.0	1.0	False	True	NA	0.3234620988368988	False	0.0	0.0475	0.6	0.0114583333333333	0.8	0.0475	synthetic_emergent_real_transfer	generated_only	True	canonical_tissue	NA	NA	0.3594183120008402	0.2570171336533186	6.0	21.0	NA	NA	NA	False	NA	NA	NA	False	NA	NA	NA	NA
conditional_DDIM_classifier	selected_gene_feature	tissue	adrenal_gland	generated_only	ENSMUSG00000003541	Ier3	0.5	0.75	0.0	0.875	0.0	1.0	False	True	NA	0.3826489150524139	False	0.0	0.0357142857142857	0.7142857142857143	0.015625	0.8571428571428571	0.0357142857142857	synthetic_emergent_real_transfer	generated_only	True	canonical_tissue	NA	NA	0.4933663642481506	0.0855164105503922	9.0	21.0	NA	NA	NA	False	NA	NA	NA	False	NA	NA	NA	NA
conditional_DDIM_classifier	selected_gene_feature	tissue	adrenal_gland	generated_only	ENSMUSG00000025511	Tspan4	0.5	0.75	0.875	1.0	1.0	1.0	True	True	-0.0466879233717918	-0.2572892904281616	True	0.0299107142857142	0.033984375	0.625	0.0131944444444444	0.875	0.0040736607142857	shared_reinforced	generated_only	True	canonical_tissue	0.0854316823802804	0.1332476012788174	0.2944603043158673	0.4404811541578076	11.0	2.0	NA	NA	NA	False	reinforced	unmatched	A literature-unmatched adrenal candidate; its statistical association does not by itself establish a mechanism.	True	FLT_lower	-0.0069320174967941	0.0168006876355464	3.0
conditional_DDIM_classifier	selected_gene_feature	tissue	adrenal_gland	generated_only	ENSMUSG00000037242	Clic4	0.5	0.75	0.875	0.5	1.0	1.0	True	True	-0.0547697655856609	-0.0851752310991287	True	0.0129464285714285	0.021875	0.5	-0.0032118055555555	0.5	0.0089285714285714	shared_reinforced	generated_only	True	canonical_tissue	0.0752196047458062	0.0620764608814213	0.2033705376857967	0.2752885165815613	17.0	10.0	NA	NA	NA	False	NA	NA	NA	False	NA	NA	NA	NA
conditional_DDIM_classifier	selected_gene_feature	tissue	adrenal_gland	generated_only	ENSMUSG00000037649	H2-DMa	0.5	0.75	1.0	0.375	1.0	1.0	True	False	-0.0560636445879936	-0.1021988242864608	True	0.029296875	0.0197916666666666	0.6666666666666666	0.0194444444444444	1.0	-0.0095052083333333	real_only	generated_only	True	canonical_tissue	0.1204812051862307	0.226117794093522	0.243494080787442	0.4168981019646853	19.0	3.0	NA	NA	NA	False	NA	NA	NA	False	NA	NA	NA	NA
conditional_DDIM_classifier	selected_gene_feature	tissue	adrenal_gland	generated_only	ENSMUSG00000024338	Psmb8	0.5	0.75	0.125	1.0	1.0	1.0	False	True	-0.2295744121074676	-0.2247413545846939	True	-0.021875	0.015625	0.375	0.0134548611111111	1.0	0.0375	synthetic_domain_only	generated_only	True	canonical_tissue	0.1132794281917848	0.1015759917509462	0.1577602049972106	0.1450492589706044	23.0	204.0	NA	NA	NA	False	promoted	unmatched	A biologically plausible immune, proteostasis, or composition candidate that remains unmatched in the searched adrenal spaceflight literature.	True	FLT_lower	-0.0037952402628091	0.0182849971007691	3.0
conditional_DDIM_classifier	selected_gene_feature	tissue	adrenal_gland	generated_only	ENSMUSG00000021457	Syk	0.5	0.75	1.0	0.375	1.0	1.0	True	False	-0.0604550391435623	-0.1287714391946792	True	0.0281249999999999	0.0135416666666666	0.6666666666666666	0.0297453703703703	1.0	-0.0145833333333333	real_only	generated_only	True	canonical_tissue	0.1334418498434629	0.2008706753062109	0.1563669953651021	0.21695258159493	29.0	4.0	NA	NA	NA	False	NA	NA	NA	False	NA	NA	NA	NA
conditional_DDIM_classifier	selected_gene_feature	tissue	adrenal_gland	generated_only	ENSMUSG00000004040	Stat3	0.5	0.75	0.25	0.75	0.0	1.0	False	True	-0.0180090274661779	-0.1404050290584564	True	0.0	0.0124999999999999	0.5	0.0167824074074074	0.8333333333333334	0.0124999999999999	synthetic_emergent_real_transfer	generated_only	True	canonical_tissue	0.0279270508978176	0.0025159231586653	0.2808733986970002	0.2479896516057041	31.0	21.0	NA	NA	NA	False	NA	NA	NA	False	NA	NA	NA	NA
conditional_DDIM_classifier	selected_gene_feature	tissue	adrenal_gland	generated_only	ENSMUSG00000023272	Creld2	0.5	0.75	0.5	0.75	1.0	1.0	True	True	-0.0872338563203811	-0.1255450546741485	True	0.00546875	0.0072916666666666	0.3333333333333333	-0.0015046296296296	0.5	0.0018229166666666	shared_no_positive_importance	generated_only	True	canonical_tissue	0.0760229618541475	0.0594515223341237	0.1425380138011411	0.1398766794299647	40.0	17.0	NA	NA	NA	False	NA	NA	NA	False	NA	NA	NA	NA
conditional_DDIM_classifier	selected_gene_feature	tissue	adrenal_gland	generated_only	ENSMUSG00000026203	Dnajb2	0.5	0.75	0.5	1.0	1.0	0.75	True	True	-0.086966186761856	-0.0456851124763488	True	0.021875	0.002734375	0.25	0.0036024305555555	0.375	-0.0191406249999999	shared_no_positive_importance	generated_only	True	canonical_tissue	0.0844249790028262	0.036740573607386	0.05408076022798	0.044531108049457	49.0	7.0	NA	NA	NA	False	NA	NA	NA	False	NA	NA	NA	NA
conditional_DDIM_classifier	selected_gene_feature	tissue	adrenal_gland	generated_only	ENSMUSG00000021835	Bmp4	0.5	0.75	0.75	0.5	1.0	1.0	True	True	-0.076400876045227	-0.0972644612193107	True	0.0140624999999999	0.00234375	0.5	-0.0046006944444444	0.25	-0.0117187499999999	shared_attenuated	generated_only	True	canonical_tissue	0.0866119290422322	0.0909398623252129	0.0897536657190014	0.1072900976321975	51.0	9.0	NA	NA	NA	False	NA	NA	NA	False	NA	NA	NA	NA
conditional_DDIM_classifier	selected_gene_feature	tissue	adrenal_gland	generated_only	ENSMUSG00000005667	Mthfd2	0.5	0.75	0.625	0.375	1.0	1.0	True	False	0.1632259488105774	0.2116707116365432	True	0.039375	0.0020833333333333	0.3333333333333333	0.0230324074074074	1.0	-0.0372916666666666	real_only	generated_only	True	canonical_tissue	0.2895631137761941	0.3352986578412641	0.1772529261391354	0.2641465378457961	52.0	1.0	NA	NA	NA	False	NA	NA	NA	False	NA	NA	NA	NA
conditional_DDIM_classifier	selected_gene_feature	tissue	adrenal_gland	generated_only	ENSMUSG00000082815	Gm5678	0.5	0.75	0.0	0.625	0.0	1.0	False	True	NA	-0.0541712865233421	False	0.0	0.00125	0.4	0.0070833333333333	0.6	0.00125	synthetic_domain_only	generated_only	True	canonical_tissue	NA	NA	0.329183121882371	0.0784334710987932	55.0	21.0	NA	NA	NA	False	NA	NA	NA	False	NA	NA	NA	NA
conditional_DDIM_classifier	selected_gene_feature	tissue	adrenal_gland	generated_only	ENSMUSG00000019960	Dusp6	0.5	0.75	0.0	0.625	0.0	1.0	False	True	NA	-0.0229561477899551	False	0.0	0.0	0.0	-0.0005555555555555	0.4	0.0	synthetic_emergent_no_positive_importance	generated_only	True	canonical_tissue	NA	NA	0.0376803243576305	0.014647914829589	58.0	21.0	NA	NA	NA	False	NA	NA	NA	False	NA	NA	NA	NA
conditional_DDIM_classifier	selected_gene_feature	tissue	adrenal_gland	generated_only	ENSMUSG00000026395	Ptprc	0.5	0.75	0.5	0.0	1.0	0.0	True	False	-0.1010749116539955	NA	False	-0.0015624999999999	0.0	0.0	0.0	0.0	0.0015624999999999	real_only	generated_only	True	canonical_tissue	0.073242106194031	0.1005097367461375	NA	NA	58.0	182.0	NA	NA	NA	False	NA	NA	NA	False	FLT_lower	-0.0007704554502736	1.4451984911601137e-06	3.0
conditional_DDIM_classifier	selected_gene_feature	tissue	adrenal_gland	generated_only	ENSMUSG00000032715	Trib3	0.5	0.75	0.75	0.0	1.0	0.0	True	False	0.1068071126937866	NA	False	0.0234375	0.0	0.0	0.0	0.0	-0.0234375	real_only	generated_only	True	canonical_tissue	0.1664447735171967	0.2308572249780942	NA	NA	58.0	5.0	NA	NA	NA	False	NA	NA	NA	False	NA	NA	NA	NA
conditional_DDIM_classifier	selected_gene_feature	tissue	bone	guided_real_only	ENSMUSG00000019960	Dusp6	0.5	0.75	0.375	0.75	1.0	1.0	False	True	0.03800555691123	0.2813979983329773	True	0.03125	0.075	1.0	0.0540509259259259	0.8333333333333334	0.04375	synthetic_emergent_real_transfer	guided_real_only	True	canonical_tissue	0.0266042382458555	0.0366249456710323	0.4047159533792464	0.7058088687674182	2.0	4.0	NA	NA	NA	False	NA	NA	NA	False	NA	NA	NA	NA
conditional_DDIM_classifier	selected_gene_feature	tissue	bone	guided_real_only	ENSMUSG00000028771	Ptpn12	0.5	0.75	1.0	1.0	1.0	1.0	True	True	0.0506294518709182	0.2792645692825317	True	0.034375	0.0507812499999999	1.0	0.0594184027777777	1.0	0.0164062499999999	shared_reinforced	guided_real_only	True	canonical_tissue	0.1104884679585099	0.1341865854928758	0.3500291354481766	0.6231140460860882	5.0	2.0	NA	NA	NA	False	NA	NA	NA	False	NA	NA	NA	NA
conditional_DDIM_classifier	selected_gene_feature	tissue	bone	guided_real_only	ENSMUSG00000050244	Heatr1	0.5	0.75	0.625	0.25	1.0	1.0	True	False	0.0326752960681915	0.1243521496653556	True	0.015625	0.040625	0.5	0.0031249999999999	1.0	0.025	real_only	guided_real_only	True	canonical_tissue	0.0447530917033988	0.0273220082155871	0.1186775376046672	0.1493459007912567	7.0	8.0	NA	NA	NA	False	NA	NA	NA	False	NA	NA	NA	NA
conditional_DDIM_classifier	selected_gene_feature	tissue	bone	guided_real_only	ENSMUSG00000026727	Rsu1	0.5	0.75	0.125	0.875	1.0	1.0	False	True	0.0345882624387741	0.0475532636046409	True	0.015625	0.0223214285714285	0.5714285714285714	0.019890873015873	1.0	0.0066964285714285	synthetic_emergent_real_transfer	guided_real_only	True	canonical_tissue	0.0113149233429747	0.0091291455014663	0.177187428625585	0.253690410031618	8.0	8.0	NA	NA	NA	False	NA	NA	NA	False	NA	NA	NA	NA
conditional_DDIM_classifier	selected_gene_feature	tissue	bone	guided_real_only	ENSMUSG00000030890	Ilk	0.5	0.75	0.375	0.5	1.0	1.0	False	True	0.0430526137351989	0.052651546895504	True	-0.0302083333333333	0.0164062499999999	0.5	0.0127604166666666	0.75	0.0466145833333333	synthetic_emergent_real_transfer	guided_real_only	True	canonical_tissue	0.0352528949642622	0.0292641220951702	0.0512721730541658	0.0567607073206169	11.0	100.0	NA	NA	NA	False	NA	NA	NA	False	NA	NA	NA	NA
conditional_DDIM_classifier	selected_gene_feature	tissue	bone	guided_real_only	ENSMUSG00000001785	Pwp1	0.5	0.75	1.0	0.125	1.0	1.0	True	False	0.0533854290843009	0.6314308643341064	True	0.031640625	0.009375	1.0	0.0013888888888887	1.0	-0.0222656249999999	real_only	guided_real_only	True	canonical_tissue	0.0978580474235315	0.1400064496005359	0.5733427198582853	1.1414829199501506	15.0	3.0	NA	NA	NA	False	NA	NA	NA	False	NA	NA	NA	NA
conditional_DDIM_classifier	selected_gene_feature	tissue	bone	guided_real_only	ENSMUSG00000027540	Ptpn1	0.5	0.75	0.75	0.125	1.0	1.0	True	False	0.0391925200819969	0.4092340767383575	True	0.0161458333333333	0.003125	1.0	-0.0128472222222223	0.0	-0.0130208333333333	real_only	guided_real_only	True	canonical_tissue	0.0664723855522425	0.0384764883571654	0.4114386929418301	0.5703946202616705	19.0	7.0	NA	NA	NA	False	NA	NA	NA	False	NA	NA	NA	NA
conditional_DDIM_classifier	selected_gene_feature	tissue	bone	guided_real_only	ENSMUSG00000039756	Dnttip2	0.5	0.75	1.0	0.0	1.0	0.0	True	False	0.0437964275479316	NA	False	0.0171875	0.0	0.0	0.0	0.0	-0.0171875	real_only	guided_real_only	True	canonical_tissue	0.0705921407687329	0.0682801008118632	NA	NA	24.0	6.0	NA	NA	NA	False	NA	NA	NA	False	NA	NA	NA	NA
conditional_DDIM_classifier	selected_gene_feature	tissue	bone	guided_real_only	ENSMUSG00000022570	Gfus	0.5	0.75	0.5	0.0	1.0	0.0	True	False	0.0425922237336635	NA	False	0.003125	0.0	0.0	0.0	0.0	-0.003125	real_only	guided_real_only	True	canonical_tissue	0.0348409282191321	0.03633833848145	NA	NA	24.0	32.0	NA	NA	NA	False	NA	NA	NA	False	NA	NA	NA	NA
conditional_DDIM_classifier	selected_gene_feature	tissue	bone	guided_real_only	ENSMUSG00000027398	Il1b	0.5	0.75	0.5	0.0	1.0	0.0	True	False	0.0347023420035839	NA	False	0.0101562499999999	0.0	0.0	0.0	0.0	-0.0101562499999999	real_only	guided_real_only	True	canonical_tissue	0.1000849878687734	0.0732807332688766	NA	NA	24.0	19.0	NA	NA	NA	False	NA	NA	NA	False	NA	NA	NA	NA
conditional_DDIM_classifier	selected_gene_feature	tissue	bone	guided_real_only	ENSMUSG00000027509	Rae1	0.5	0.75	0.5	0.0	1.0	0.0	True	False	0.0359103754162788	NA	False	0.0078125	0.0	0.0	0.0	0.0	-0.0078125	real_only	guided_real_only	True	canonical_tissue	0.0284010089639956	0.033292866645953	NA	NA	24.0	22.0	NA	NA	NA	False	NA	NA	NA	False	NA	NA	NA	NA
conditional_DDIM_classifier	selected_gene_feature	tissue	bone	guided_real_only	ENSMUSG00000063785	Utp14a	0.5	0.75	0.625	0.0	1.0	0.0	True	False	0.0407140739262104	NA	False	0.003125	0.0	0.0	0.0	0.0	-0.003125	real_only	guided_real_only	True	canonical_tissue	0.0297376281049569	0.02790642690049	NA	NA	24.0	32.0	NA	NA	NA	False	NA	NA	NA	False	NA	NA	NA	NA
conditional_DDIM_classifier	selected_gene_feature	tissue	bone	guided_real_only	ENSMUSG00000094870	Zfp131	0.5	0.75	0.625	0.0	1.0	0.0	True	False	0.0300946403294801	NA	False	0.00375	0.0	0.0	0.0	0.0	-0.00375	real_only	guided_real_only	True	canonical_tissue	0.023571513346652	0.0155048930415823	NA	NA	24.0	31.0	NA	NA	NA	False	NA	NA	NA	False	NA	NA	NA	NA
conditional_DDIM_classifier	selected_gene_feature	tissue	bone	guided_real_only	ENSMUSG00000004626	Stxbp2	0.5	0.75	0.5	0.375	1.0	0.3333333432674408	True	False	0.0357915610074996	0.0575546845793724	True	0.00703125	-0.0062499999999999	0.0	0.0109953703703703	0.6666666666666666	-0.01328125	real_only	guided_real_only	True	canonical_tissue	0.0300279773186787	0.0330889703240956	0.0430364190010853	0.0407084413143834	91.0	25.0	NA	NA	NA	False	NA	NA	NA	False	NA	NA	NA	NA
conditional_DDIM_classifier	selected_gene_feature	tissue	bone_marrow	generated_only	ENSMUSG00000026198	Abcb6	0.5	0.75	0.625	0.0	1.0	0.0	True	False	-0.0522789061069488	NA	False	0.0	0.0	0.0	0.0	0.0	0.0	real_only	generated_only	True	canonical_tissue	0.0418231798384698	0.0836463596769397	NA	NA	1.0	1.0	NA	NA	NA	False	NA	NA	NA	False	NA	NA	NA	NA
conditional_DDIM_classifier	selected_gene_feature	tissue	bone_marrow	generated_only	ENSMUSG00000059495	Arhgef12	0.5	0.75	0.875	0.0	1.0	0.0	True	False	-0.051475454121828	NA	False	0.0	0.0	0.0	0.0	0.0	0.0	real_only	generated_only	True	canonical_tissue	0.0433088940933094	0.0865258673273426	NA	NA	1.0	1.0	NA	NA	NA	False	NA	NA	NA	False	NA	NA	NA	NA
conditional_DDIM_classifier	selected_gene_feature	tissue	bone_marrow	generated_only	ENSMUSG00000041570	Camsap2	0.5	0.75	0.5	0.0	1.0	0.0	True	False	-0.0523667186498642	NA	False	0.0	0.0	0.0	0.0	0.0	0.0	real_only	generated_only	True	canonical_tissue	0.0412691101153432	0.0811482617090659	NA	NA	1.0	1.0	NA	NA	NA	False	NA	NA	NA	False	NA	NA	NA	NA
conditional_DDIM_classifier	selected_gene_feature	tissue	bone_marrow	generated_only	ENSMUSG00000027715	Ccna2	0.5	0.75	0.125	0.625	1.0	1.0	False	True	-0.0225559100508689	-0.1093501150608062	True	0.0	0.0	0.0	0.0011111111111111	0.4	0.0	synthetic_emergent_no_positive_importance	generated_only	True	canonical_tissue	0.0270866768782427	0.0541733537564854	0.1108189413431769	0.2145408122397141	1.0	1.0	NA	NA	NA	False	NA	NA	NA	False	NA	NA	NA	NA
conditional_DDIM_classifier	selected_gene_feature	tissue	bone_marrow	generated_only	ENSMUSG00000028212	Ccne2	0.5	0.75	0.0	1.0	0.0	1.0	False	True	NA	-0.0980339497327804	False	0.0	0.0	0.0	0.0006944444444444	0.5	0.0	synthetic_domain_only	generated_only	True	canonical_tissue	NA	NA	0.0824436697654218	0.1527877393471609	1.0	1.0	NA	NA	NA	False	NA	NA	NA	False	NA	NA	NA	NA
conditional_DDIM_classifier	selected_gene_feature	tissue	bone_marrow	generated_only	ENSMUSG00000033904	Ccp110	0.5	0.75	0.125	0.625	1.0	1.0	False	True	-0.0263353157788515	-0.1012677252292633	True	0.0	0.0	0.0	0.0033333333333333	0.8	0.0	synthetic_domain_only	generated_only	True	canonical_tissue	0.0320688212184206	0.0641376424368413	0.1083382869655901	0.2048234778376155	1.0	1.0	NA	NA	NA	False	NA	NA	NA	False	NA	NA	NA	NA
conditional_DDIM_classifier	selected_gene_feature	tissue	bone_marrow	generated_only	ENSMUSG00000027330	Cdc25b	0.5	0.75	0.5	0.0	1.0	0.0	True	False	-0.0519898682832717	NA	False	0.0	0.0	0.0	0.0	0.0	0.0	real_only	generated_only	True	canonical_tissue	0.0433785785054779	0.0789264183235386	NA	NA	1.0	1.0	NA	NA	NA	False	NA	NA	NA	False	NA	NA	NA	NA
conditional_DDIM_classifier	selected_gene_feature	tissue	bone_marrow	generated_only	ENSMUSG00000029366	Dck	0.5	0.75	0.25	0.875	1.0	1.0	False	True	-0.039425753057003	-0.115999199450016	True	0.0	0.0	0.0	0.0061507936507936	0.5714285714285714	0.0	synthetic_domain_only	generated_only	True	canonical_tissue	0.0423750769050032	0.0756783517108128	0.1133878096750815	0.2252903841851342	1.0	1.0	NA	NA	NA	False	NA	NA	NA	False	NA	NA	NA	NA
conditional_DDIM_classifier	selected_gene_feature	tissue	bone_marrow	generated_only	ENSMUSG00000026203	Dnajb2	0.5	0.75	1.0	0.375	1.0	1.0	True	False	-0.054007351398468	-0.0853705704212188	True	0.0	0.0	0.0	0.0018518518518518	0.3333333333333333	0.0	real_only	generated_only	True	canonical_tissue	0.0463021391538034	0.0916445848007038	0.0815474815669398	0.1630949631338797	1.0	1.0	NA	NA	NA	False	NA	NA	NA	False	NA	NA	NA	NA
conditional_DDIM_classifier	selected_gene_feature	tissue	bone_marrow	generated_only	ENSMUSG00000016526	Dyrk3	0.5	0.75	1.0	0.0	1.0	0.0	True	False	-0.0545806176960468	NA	False	0.0	0.0	0.0	0.0	0.0	0.0	real_only	generated_only	True	canonical_tissue	0.0476203603900606	0.0951172315760143	NA	NA	1.0	1.0	NA	NA	NA	False	NA	NA	NA	False	NA	NA	NA	NA
conditional_DDIM_classifier	selected_gene_feature	tissue	bone_marrow	generated_only	ENSMUSG00000001786	Fbxo7	0.5	0.75	1.0	0.625	1.0	1.0	True	True	-0.0552360564470291	-0.1004910841584205	True	0.0	0.0	0.0	4.440892098500626e-17	0.4	0.0	shared_no_positive_importance	generated_only	True	canonical_tissue	0.046334452713472	0.092668905426944	0.0831483084825825	0.166296616965165	1.0	1.0	NA	NA	NA	False	NA	NA	NA	False	NA	NA	NA	NA
conditional_DDIM_classifier	selected_gene_feature	tissue	bone_marrow	generated_only	ENSMUSG00000048756	Foxo3	0.5	0.75	0.0	0.75	0.0	1.0	False	True	NA	-0.0811083018779754	False	0.0	0.0	0.0	0.0027777777777777	0.5	0.0	synthetic_domain_only	generated_only	True	canonical_tissue	NA	NA	0.0850859907069652	0.1483874348617499	1.0	1.0	NA	NA	NA	False	NA	NA	NA	False	NA	NA	NA	NA
conditional_DDIM_classifier	selected_gene_feature	tissue	bone_marrow	generated_only	ENSMUSG00000010048	Ifrd2	0.5	0.75	0.75	0.625	1.0	1.0	True	True	-0.0528189167380332	-0.0979843884706497	True	0.0	0.0	0.0	0.0019444444444444	0.4	0.0	shared_no_positive_importance	generated_only	True	canonical_tissue	0.0460530397531787	0.0919337641930659	0.0840949527294511	0.1681899054589022	1.0	1.0	NA	NA	NA	False	NA	NA	NA	False	NA	NA	NA	NA
conditional_DDIM_classifier	selected_gene_feature	tissue	bone_marrow	generated_only	ENSMUSG00000028587	Orc1	0.5	0.75	0.875	0.625	1.0	1.0	True	True	-0.0529622882604599	-0.0996181517839431	True	0.0	0.0	0.0	0.005	0.8	0.0	shared_synthetic_domain_only	generated_only	True	canonical_tissue	0.0454322201852987	0.0892768519133681	0.110191709633113	0.2183356470161614	1.0	1.0	NA	NA	NA	False	NA	NA	NA	False	NA	NA	NA	NA
conditional_DDIM_classifier	selected_gene_feature	tissue	bone_marrow	generated_only	ENSMUSG00000068417	Pnp2	0.5	0.75	0.125	0.5	1.0	1.0	False	True	-0.0300429984927177	-0.0808469876646995	True	0.0	0.0	0.0	0.0017361111111111	0.5	0.0	synthetic_domain_only	generated_only	True	canonical_tissue	0.0313731670450485	0.0627463340900971	0.0742137463867789	0.1447413451217878	1.0	1.0	NA	NA	NA	False	NA	NA	NA	False	NA	NA	NA	NA
conditional_DDIM_classifier	selected_gene_feature	tissue	bone_marrow	generated_only	ENSMUSG00000062729	Ppox	0.5	0.75	0.75	0.5	1.0	1.0	True	True	-0.0522807016968727	-0.0942970663309097	True	0.0	0.0	0.0	0.0034722222222222	0.5	0.0	shared_synthetic_domain_only	generated_only	True	canonical_tissue	0.0411903735986581	0.078483247824063	0.0812792762054296	0.1625585524108593	1.0	1.0	NA	NA	NA	False	NA	NA	NA	False	NA	NA	NA	NA
conditional_DDIM_classifier	selected_gene_feature	tissue	bone_marrow	generated_only	ENSMUSG00000022105	Rb1	0.5	0.75	0.125	0.75	1.0	1.0	False	True	-0.0250176209956407	-0.0921489745378494	True	0.0	0.0	0.0	0.0002314814814815	0.3333333333333333	0.0	synthetic_emergent_no_positive_importance	generated_only	True	canonical_tissue	0.0269358332373172	0.0538716664746345	0.0805909688536331	0.1602150200109806	1.0	1.0	NA	NA	NA	False	NA	NA	NA	False	NA	NA	NA	NA
conditional_DDIM_classifier	selected_gene_feature	tissue	bone_marrow	generated_only	ENSMUSG00000023030	Slc11a2	0.5	0.75	0.5	0.0	1.0	0.0	True	False	-0.0519064031541347	NA	False	0.0	0.0	0.0	0.0	0.0	0.0	real_only	generated_only	True	canonical_tissue	0.0355364175539694	0.0709281490425946	NA	NA	1.0	1.0	NA	NA	NA	False	NA	NA	NA	False	NA	NA	NA	NA
conditional_DDIM_classifier	selected_gene_feature	tissue	bone_marrow	generated_only	ENSMUSG00000022100	Xpo7	0.5	0.75	0.125	1.0	1.0	1.0	False	True	-0.0277373921126127	-0.0868655443191528	True	0.0	0.0	0.0	0.0022569444444444	0.5	0.0	synthetic_domain_only	generated_only	True	canonical_tissue	0.0257972911251621	0.0515945822503242	0.0829515425311843	0.1659030850623686	1.0	1.0	NA	NA	NA	False	NA	NA	NA	False	NA	NA	NA	NA
conditional_DDIM_classifier	selected_gene_feature	tissue	brain	generated_only	ENSMUSG00000021767	Kat6b	0.5	0.75	1.0	1.0	1.0	1.0	True	True	0.2965727150440216	0.5936203002929688	True	0.0491319444444444	0.0986111111111111	0.875	0.0273533950617283	1.0	0.0494791666666667	shared_reinforced	generated_only	True	canonical_tissue	0.2097757227054211	0.3235207250139283	0.4808321835404839	0.7025523344103834	2.0	3.0	NA	NA	NA	False	NA	NA	NA	False	NA	NA	NA	NA
conditional_DDIM_classifier	selected_gene_feature	tissue	brain	generated_only	ENSMUSG00000004151	Etv1	0.5	0.75	0.625	0.875	1.0	1.0	True	True	-0.19374680519104	-1.320653796195984	True	0.0119444444444444	0.0418650793650794	0.8571428571428571	0.0332892416225749	0.8571428571428571	0.0299206349206349	shared_reinforced	generated_only	True	canonical_tissue	0.1108529160502177	0.0609555381143798	0.5442662534780741	0.3770322726677539	5.0	39.0	NA	NA	NA	False	NA	NA	NA	False	NA	NA	NA	NA
conditional_DDIM_classifier	selected_gene_feature	tissue	brain	generated_only	ENSMUSG00000025813	Homer2	0.5	0.75	0.875	1.0	1.0	1.0	True	True	0.2071665227413177	0.6800960302352905	True	0.0172619047619047	0.040625	0.875	0.0372878086419753	1.0	0.0233630952380952	shared_reinforced	generated_only	True	canonical_tissue	0.1170936901242708	0.0798917777206839	0.468977661448462	0.4766139957468731	8.0	21.0	NA	NA	NA	False	NA	NA	NA	False	NA	NA	NA	NA
conditional_DDIM_classifier	selected_gene_feature	tissue	brain	generated_only	ENSMUSG00000041075	Fzd7	0.5	0.75	0.5	0.125	1.0	1.0	True	False	0.0157379265874624	-0.446165919303894	False	0.0006944444444444	0.038888888888889	1.0	-0.0064814814814814	0.0	0.0381944444444445	real_only	generated_only	True	canonical_tissue	0.012244563628603	-0.0029263073548934	0.2292347063853079	0.1122132599122116	9.0	108.0	NA	NA	NA	False	NA	NA	NA	False	NA	NA	NA	NA
conditional_DDIM_classifier	selected_gene_feature	tissue	brain	generated_only	ENSMUSG00000027793	Ccna1	0.5	0.75	0.75	1.0	1.0	1.0	True	True	0.2742546200752258	0.9782453775405884	True	-0.0071759259259258	0.0366319444444445	0.75	0.0400077160493827	1.0	0.0438078703703704	shared_reinforced	generated_only	True	canonical_tissue	0.1975051854349286	0.028065230847821	0.7507316331039899	0.3552474363166473	11.0	234.0	NA	NA	NA	False	NA	NA	NA	False	NA	NA	NA	NA
conditional_DDIM_classifier	selected_gene_feature	tissue	brain	generated_only	ENSMUSG00000031431	Tsc22d3	0.5	0.75	0.125	0.5	1.0	1.0	False	True	-0.1671261936426162	-0.5454726219177246	True	0.0152777777777778	0.0357638888888889	0.75	0.0225308641975308	1.0	0.0204861111111111	synthetic_emergent_real_transfer	generated_only	True	canonical_tissue	0.1803861059607186	0.0099211576983972	0.4249945353411447	0.0866742763698576	12.0	24.0	NA	NA	NA	False	NA	NA	NA	False	NA	NA	NA	NA
conditional_DDIM_classifier	selected_gene_feature	tissue	brain	generated_only	ENSMUSG00000025486	Sirt3	0.5	0.75	0.25	0.875	1.0	1.0	False	True	0.1324872374534607	0.4742024540901184	True	0.0083333333333334	0.0357142857142857	0.7142857142857143	0.0399691358024691	1.0	0.0273809523809523	synthetic_emergent_real_transfer	generated_only	True	canonical_tissue	0.1369257076076227	-0.0355520496345437	0.4731344995118847	0.1237041102389226	13.0	49.0	NA	NA	NA	False	NA	NA	NA	False	NA	NA	NA	NA
conditional_DDIM_classifier	selected_gene_feature	tissue	brain	generated_only	ENSMUSG00000074923	Pak6	0.5	0.75	0.625	1.0	0.2000000029802322	1.0	False	True	-0.0044442014768719	0.4363875985145569	False	0.0075	0.0296875	0.625	0.0292438271604938	1.0	0.0221875	synthetic_emergent_real_transfer	generated_only	True	canonical_tissue	0.066985724428203	-0.0109679738100088	0.4774092757168303	0.3456712014390501	14.0	57.0	NA	NA	NA	False	NA	NA	NA	False	NA	NA	NA	NA
conditional_DDIM_classifier	selected_gene_feature	tissue	brain	generated_only	ENSMUSG00000039662	Icmt	0.5	0.75	0.125	0.625	1.0	1.0	False	True	-0.0531157068908214	-0.1574203222990036	True	0.0027777777777778	0.0216666666666667	0.8	0.0021913580246913	0.6	0.0188888888888889	synthetic_emergent_real_transfer	generated_only	True	canonical_tissue	0.0243413135089373	-0.0010294204626301	0.1897850705171072	0.1433752733225841	20.0	89.0	NA	NA	NA	False	NA	NA	NA	False	NA	NA	NA	NA
conditional_DDIM_classifier	selected_gene_feature	tissue	brain	generated_only	ENSMUSG00000029577	Ube3b	0.5	0.75	0.5	0.625	1.0	0.2000000029802322	True	False	0.0217563193291425	0.0622285604476928	True	0.0076388888888889	0.0152777777777778	0.8	0.0018518518518518	0.6	0.0076388888888889	real_only	generated_only	True	canonical_tissue	0.0494064998913792	0.0168039546515204	0.2043348133723549	-0.0284024216765044	26.0	56.0	NA	NA	NA	False	NA	NA	NA	False	NA	NA	NA	NA
conditional_DDIM_classifier	selected_gene_feature	tissue	brain	generated_only	ENSMUSG00000045193	Cirbp	0.5	0.75	0.875	0.25	1.0	1.0	True	False	-0.5225160121917725	-0.2951984107494354	True	0.0474206349206349	0.0125	0.5	-0.0040123456790123	0.0	-0.0349206349206348	real_only	generated_only	True	canonical_tissue	0.4989086984151537	0.4147354659890364	0.2124155033274041	0.1794439567180422	32.0	4.0	NA	NA	NA	False	NA	NA	NA	False	NA	NA	NA	NA
conditional_DDIM_classifier	selected_gene_feature	tissue	brain	generated_only	ENSMUSG00000002274	Metrn	0.5	0.75	0.5	1.0	0.0	1.0	False	True	0.0086906356737017	-0.2840389013290405	False	0.0006944444444444	0.0118055555555556	0.875	0.0080439814814814	0.625	0.0111111111111111	synthetic_emergent_real_transfer	generated_only	True	canonical_tissue	0.0143245733454159	-0.0055676249928221	0.2261628097091554	0.1522357608088377	34.0	108.0	NA	NA	NA	False	NA	NA	NA	False	NA	NA	NA	NA
conditional_DDIM_classifier	selected_gene_feature	tissue	brain	generated_only	ENSMUSG00000028698	Pik3r3	0.5	0.75	0.5	0.75	1.0	0.3333333432674408	True	False	-0.0775623396039009	-0.0693933963775634	True	0.0010416666666667	0.0101851851851852	0.8333333333333334	-0.0016460905349794	0.3333333333333333	0.0091435185185185	real_only	generated_only	True	canonical_tissue	0.0347780330796407	0.0160114665288268	0.0738729203275123	0.0588500265769777	40.0	104.0	NA	NA	NA	False	NA	NA	NA	False	NA	NA	NA	NA
conditional_DDIM_classifier	selected_gene_feature	tissue	brain	generated_only	ENSMUSG00000025104	Hdgfl3	0.5	0.75	0.625	0.5	1.0	0.0	True	False	-0.1237195432186126	-0.0798565149307251	True	0.0013888888888889	0.0072916666666667	0.75	-0.0032793209876543	0.25	0.0059027777777778	real_only	generated_only	True	canonical_tissue	0.1084123625068062	-0.032721006238106	0.1119471441504401	-0.0924551143188609	50.0	101.0	NA	NA	NA	False	NA	NA	NA	False	NA	NA	NA	NA
conditional_DDIM_classifier	selected_gene_feature	tissue	brain	generated_only	ENSMUSG00000003644	Rps6ka1	0.5	0.75	0.5	0.5	1.0	0.5	True	False	-0.0361836589872837	-0.0752420872449874	True	0.0003472222222222	0.00625	0.75	0.0020447530864197	0.5	0.0059027777777778	real_only	generated_only	True	canonical_tissue	0.0171051726793535	0.0055677966498289	0.0441653198743029	0.0125852504823266	53.0	115.0	NA	NA	NA	False	NA	NA	NA	False	NA	NA	NA	NA
conditional_DDIM_classifier	selected_gene_feature	tissue	brain	generated_only	ENSMUSG00000004880	Lbr	0.5	0.75	0.625	0.125	1.0	1.0	True	False	-0.3069519698619842	-0.112426109611988	True	0.0036111111111111	0.0055555555555556	1.0	-0.0026234567901234	0.0	0.0019444444444445	real_only	generated_only	True	canonical_tissue	0.1485598578814076	0.0641207426087373	0.1216910901378929	0.0121664514881223	55.0	84.0	NA	NA	NA	False	NA	NA	NA	False	NA	NA	NA	NA
conditional_DDIM_classifier	selected_gene_feature	tissue	brain	generated_only	ENSMUSG00000010277	2610507B11Rik	0.5	0.75	0.5	0.5	1.0	0.0	True	False	0.0444768033921718	-0.0237102322280406	False	0.0097222222222222	0.0038194444444445	0.75	0.0028163580246913	0.75	-0.0059027777777777	real_only	generated_only	True	canonical_tissue	0.0486041447327226	0.0237818176207375	0.1065685892812831	-0.0462676934568867	61.0	44.0	NA	NA	NA	False	NA	NA	NA	False	NA	NA	NA	NA
conditional_DDIM_classifier	selected_gene_feature	tissue	brain	generated_only	ENSMUSG00000025511	Tspan4	0.5	0.75	0.625	0.625	1.0	1.0	True	True	-0.1222880184650421	-0.1626040488481521	True	0.0061111111111111	0.0033333333333334	0.8	-0.0005555555555555	0.4	-0.0027777777777777	shared_attenuated	generated_only	True	canonical_tissue	0.0529431825545006	0.0427974127317379	0.1120897373650451	0.1121448636401882	62.0	64.0	NA	NA	NA	False	NA	NA	NA	False	NA	NA	NA	NA
conditional_DDIM_classifier	selected_gene_feature	tissue	brain	generated_only	ENSMUSG00000005583	Mef2c	0.5	0.75	0.375	0.625	0.3333333432674408	1.0	False	True	0.0092273633927106	0.0731326788663864	True	5.551115123125783e-17	0.0022222222222223	0.8	-0.0023148148148148	0.2	0.0022222222222222	synthetic_emergent_real_transfer	generated_only	True	canonical_tissue	0.0218915597199131	-0.0030323891937274	0.1007891244287132	0.0041005462426945	70.0	122.0	NA	NA	NA	False	NA	NA	NA	False	NA	NA	NA	NA
conditional_DDIM_classifier	selected_gene_feature	tissue	brain	generated_only	ENSMUSG00000017652	Cd40	0.5	0.75	0.625	0.125	1.0	1.0	True	False	0.5062673687934875	-0.0632321387529373	False	0.0233333333333333	0.001388888888889	1.0	-0.0145061728395061	0.0	-0.0219444444444443	real_only	generated_only	True	canonical_tissue	0.3065568937139469	0.019330679312053	0.3624770167171813	0.0013454756380886	74.0	16.0	NA	NA	NA	False	NA	NA	NA	False	NA	NA	NA	NA
conditional_DDIM_classifier	selected_gene_feature	tissue	brain	generated_only	ENSMUSG00000031012	Cask	0.5	0.75	0.5	0.0	1.0	0.0	True	False	0.1074249297380447	NA	False	0.0055555555555555	0.0	0.0	0.0	0.0	-0.0055555555555555	real_only	generated_only	True	canonical_tissue	0.0712155488785346	0.0188645389723873	NA	NA	98.0	67.0	NA	NA	NA	False	NA	NA	NA	False	NA	NA	NA	NA
conditional_DDIM_classifier	selected_gene_feature	tissue	brain	generated_only	ENSMUSG00000031628	Casp3	0.5	0.75	0.625	0.0	1.0	0.0	True	False	0.47884601354599	NA	False	0.0277777777777778	0.0	0.0	0.0	0.0	-0.0277777777777778	real_only	generated_only	True	canonical_tissue	0.3683889549791831	0.1006970698177498	NA	NA	98.0	12.0	NA	NA	NA	False	NA	NA	NA	False	NA	NA	NA	NA
conditional_DDIM_classifier	selected_gene_feature	tissue	brain	generated_only	ENSMUSG00000035385	Ccl2	0.5	0.75	0.5	0.0	1.0	0.0	True	False	0.3780705332756042	NA	False	-0.0847222222222221	0.0	0.0	0.0	0.0	0.0847222222222221	real_only	generated_only	True	canonical_tissue	0.5113871918536635	-0.3253747711997664	NA	NA	98.0	249.0	NA	NA	NA	False	NA	NA	NA	False	NA	NA	NA	NA
conditional_DDIM_classifier	selected_gene_feature	tissue	brain	generated_only	ENSMUSG00000006398	Cdc20	0.5	0.75	0.5	0.0	1.0	0.0	True	False	-0.5566189289093018	NA	False	-0.0027777777777777	0.0	0.0	0.0	0.0	0.0027777777777777	real_only	generated_only	True	canonical_tissue	0.4984889826017612	0.0935540394113722	NA	NA	98.0	230.0	NA	NA	NA	False	NA	NA	NA	False	NA	NA	NA	NA
conditional_DDIM_classifier	selected_gene_feature	tissue	brain	generated_only	ENSMUSG00000030630	Fah	0.5	0.75	0.625	0.0	1.0	0.0	True	False	0.1571431457996368	NA	False	0.0169444444444444	0.0	0.0	0.0	0.0	-0.0169444444444444	real_only	generated_only	True	canonical_tissue	0.167116609531344	0.024065126854746	NA	NA	98.0	22.0	NA	NA	NA	False	NA	NA	NA	False	NA	NA	NA	NA
conditional_DDIM_classifier	selected_gene_feature	tissue	brain	generated_only	ENSMUSG00000008461	Fut1	0.5	0.75	1.0	0.0	1.0	0.0	True	False	-0.3545855283737182	NA	False	0.0345486111111111	0.0	0.0	0.0	0.0	-0.0345486111111111	real_only	generated_only	True	canonical_tissue	0.241443884740821	0.3473202449521887	NA	NA	98.0	11.0	NA	NA	NA	False	NA	NA	NA	False	NA	NA	NA	NA
conditional_DDIM_classifier	selected_gene_feature	tissue	brain	generated_only	ENSMUSG00000019312	Grb7	0.5	0.75	0.625	0.0	1.0	0.0	True	False	-0.3323348760604858	NA	False	0.0088888888888889	0.0	0.0	0.0	0.0	-0.0088888888888889	real_only	generated_only	True	canonical_tissue	0.2266603710401551	0.0850772404577855	NA	NA	98.0	48.0	NA	NA	NA	False	NA	NA	NA	False	NA	NA	NA	NA
conditional_DDIM_classifier	selected_gene_feature	tissue	brain	generated_only	ENSMUSG00000056758	Hmga2	0.5	0.75	0.75	0.0	1.0	0.0	True	False	0.3129865527153015	NA	False	0.0016203703703704	0.0	0.0	0.0	0.0	-0.0016203703703704	real_only	generated_only	True	canonical_tissue	0.2165587074753897	0.1071963600360512	NA	NA	98.0	100.0	NA	NA	NA	False	NA	NA	NA	False	NA	NA	NA	NA
conditional_DDIM_classifier	selected_gene_feature	tissue	brain	generated_only	ENSMUSG00000027398	Il1b	0.5	0.75	0.625	0.0	1.0	0.0	True	False	0.2762203514575958	NA	False	0.0222222222222222	0.0	0.0	0.0	0.0	-0.0222222222222222	real_only	generated_only	True	canonical_tissue	0.1858333421903203	0.0535035818024821	NA	NA	98.0	17.0	NA	NA	NA	False	NA	NA	NA	False	NA	NA	NA	NA
conditional_DDIM_classifier	selected_gene_feature	tissue	brain	generated_only	ENSMUSG00000041498	Kif14	0.5	0.75	0.5	0.0	1.0	0.0	True	False	0.3909721672534942	NA	False	0.0253472222222222	0.0	0.0	0.0	0.0	-0.0253472222222222	real_only	generated_only	True	canonical_tissue	0.2583493247443429	0.095057585102402	NA	NA	98.0	14.0	NA	NA	NA	False	NA	NA	NA	False	NA	NA	NA	NA
conditional_DDIM_classifier	selected_gene_feature	tissue	brain	generated_only	ENSMUSG00000028678	Kif2c	0.5	0.75	0.5	0.0	1.0	0.0	True	False	0.1017438918352127	NA	False	0.0159722222222222	0.0	0.0	0.0	0.0	-0.0159722222222222	real_only	generated_only	True	canonical_tissue	0.0712827652345972	0.0268290905878488	NA	NA	98.0	23.0	NA	NA	NA	False	NA	NA	NA	False	NA	NA	NA	NA
conditional_DDIM_classifier	selected_gene_feature	tissue	brain	generated_only	ENSMUSG00000024421	Lama3	0.5	0.75	0.875	0.0	1.0	0.0	True	False	0.2392968535423278	NA	False	0.0025793650793651	0.0	0.0	0.0	0.0	-0.0025793650793651	real_only	generated_only	True	canonical_tissue	0.1825471305730664	0.0824890083045954	NA	NA	98.0	95.0	NA	NA	NA	False	NA	NA	NA	False	NA	NA	NA	NA
conditional_DDIM_classifier	selected_gene_feature	tissue	brain	generated_only	ENSMUSG00000004864	Mapk13	0.5	0.75	0.625	0.0	1.0	0.0	True	False	-0.0772289112210273	NA	False	-0.0002777777777777	0.0	0.0	0.0	0.0	0.0002777777777777	real_only	generated_only	True	canonical_tissue	0.0705574155891829	0.0511549322236543	NA	NA	98.0	226.0	NA	NA	NA	False	NA	NA	NA	False	NA	NA	NA	NA
conditional_DDIM_classifier	selected_gene_feature	tissue	brain	generated_only	ENSMUSG00000021069	Pygl	0.5	0.75	0.875	0.0	1.0	0.0	True	False	0.1235563457012176	NA	False	0.0347222222222222	0.0	0.0	0.0	0.0	-0.0347222222222222	real_only	generated_only	True	canonical_tissue	0.1753519348947687	0.1319595405451774	NA	NA	98.0	8.0	NA	NA	NA	False	NA	NA	NA	False	NA	NA	NA	NA
conditional_DDIM_classifier	selected_gene_feature	tissue	brain	generated_only	ENSMUSG00000029798	Herc6	0.5	0.75	0.25	0.5	1.0	1.0	False	True	0.2586286067962646	0.3039597868919372	True	-0.0249999999999999	-0.0034722222222221	0.5	-0.0008487654320987	0.5	0.0215277777777778	synthetic_emergent_no_positive_importance	generated_only	True	canonical_tissue	0.2860899043492475	-0.2718851189781269	0.2737113572108235	-0.1196924041562969	195.0	244.0	NA	NA	NA	False	NA	NA	NA	False	NA	NA	NA	NA
conditional_DDIM_classifier	selected_gene_feature	tissue	brain	generated_only	ENSMUSG00000031897	Psmb10	0.5	0.75	0.25	0.875	1.0	1.0	False	True	-0.0700463950634002	0.4685821831226349	False	0.0131944444444445	-0.0073412698412697	0.4285714285714285	0.0076058201058201	0.5714285714285714	-0.0205357142857142	synthetic_domain_only	generated_only	True	canonical_tissue	0.085076336202963	0.0426320691209645	0.4465120766323441	-0.0658230695408917	207.0	32.0	NA	NA	NA	False	NA	NA	NA	False	NA	NA	NA	NA
conditional_DDIM_classifier	selected_gene_feature	tissue	brain	generated_only	ENSMUSG00000062480	Acat3	0.5	0.75	1.0	0.125	1.0	1.0	True	False	0.3997023999691009	0.1087475344538688	True	0.0651041666666667	-0.0083333333333332	0.0	0.0248456790123457	1.0	-0.0734374999999999	real_only	generated_only	True	canonical_tissue	0.3052821684646213	0.3741389282147645	0.0863712843211789	0.0112597116362697	210.0	1.0	NA	NA	NA	False	NA	NA	NA	False	NA	NA	NA	NA
conditional_DDIM_classifier	selected_gene_feature	tissue	brain	generated_only	ENSMUSG00000028431	Elp1	0.5	0.75	0.125	0.625	1.0	1.0	False	True	0.0142134670168161	0.2857008874416351	True	0.0	-0.008611111111111	0.0	0.0089814814814814	0.8	-0.008611111111111	synthetic_domain_only	generated_only	True	canonical_tissue	0.0172309663421744	-0.0053256129630884	0.3360737753045179	0.0083032834596049	213.0	134.0	NA	NA	NA	False	NA	NA	NA	False	NA	NA	NA	NA
conditional_DDIM_classifier	selected_gene_feature	tissue	brain	generated_only	ENSMUSG00000028212	Ccne2	0.5	0.75	0.5	0.25	1.0	0.0	True	False	-0.1878452450037002	-0.0175715088844299	True	4.7184478546569146e-17	-0.0097222222222222	0.0	-0.0091820987654321	0.5	-0.0097222222222222	real_only	generated_only	True	canonical_tissue	0.0833479312134487	0.0372106408367369	0.0755587956579161	0.0702871336443294	216.0	129.0	NA	NA	NA	False	NA	NA	NA	False	NA	NA	NA	NA
conditional_DDIM_classifier	selected_gene_feature	tissue	brain	generated_only	ENSMUSG00000003810	Mast2	0.5	0.75	0.5	0.375	1.0	1.0	True	False	0.0847837254405021	0.1098029166460037	True	0.0034722222222222	-0.0162037037037036	0.3333333333333333	0.001954732510288	0.6666666666666666	-0.0196759259259258	real_only	generated_only	True	canonical_tissue	0.0707359872001973	0.0245733186686122	0.1323244395004378	0.0714020731507983	228.0	86.0	NA	NA	NA	False	NA	NA	NA	False	NA	NA	NA	NA
conditional_DDIM_classifier	selected_gene_feature	tissue	brain	generated_only	ENSMUSG00000020807	4933427D14Rik	0.5	0.75	0.875	0.375	1.0	1.0	True	False	0.2295389920473098	0.1167753711342811	True	0.0117063492063492	-0.0212962962962962	0.0	-0.0001543209876543	0.6666666666666666	-0.0330026455026454	real_only	generated_only	True	canonical_tissue	0.23602506690571	0.0686181510722785	0.2151016607568965	0.0957944483457549	236.0	40.0	NA	NA	NA	False	NA	NA	NA	False	NA	NA	NA	NA
conditional_DDIM_classifier	selected_gene_feature	tissue	brown_adipose_tissue	generated_only	ENSMUSG00000030847	Bag3	0.5	0.75	0.0	0.625	0.0	1.0	False	True	NA	0.1044892817735672	False	0.0	0.0025	0.2	0.0	0.0	0.0025	synthetic_emergent_no_positive_importance	generated_only	True	canonical_tissue	NA	NA	0.3394384333040205	0.6492869851685511	1.0	1.0	NA	NA	NA	False	NA	NA	NA	False	NA	NA	NA	NA
conditional_DDIM_classifier	selected_gene_feature	tissue	brown_adipose_tissue	generated_only	ENSMUSG00000035596	Mboat7	0.5	0.75	0.0	0.625	0.0	1.0	False	True	NA	0.1169270649552345	False	0.0	0.0025	0.2	0.0041666666666666	0.4	0.0025	synthetic_emergent_no_positive_importance	generated_only	True	canonical_tissue	NA	NA	0.1350157810878151	0.2694082684162501	1.0	1.0	NA	NA	NA	False	NA	NA	NA	False	NA	NA	NA	NA
conditional_DDIM_classifier	selected_gene_feature	tissue	brown_adipose_tissue	generated_only	ENSMUSG00000030103	Bhlhe40	0.5	0.75	0.0	1.0	0.0	1.0	False	True	NA	-0.072452887892723	False	0.0	0.0	0.0	0.0064236111111111	0.25	0.0	synthetic_emergent_no_positive_importance	generated_only	True	canonical_tissue	NA	NA	0.0626869577703514	0.1067407683075996	3.0	1.0	NA	NA	NA	False	NA	NA	NA	False	NA	NA	NA	NA
conditional_DDIM_classifier	selected_gene_feature	tissue	brown_adipose_tissue	generated_only	ENSMUSG00000024081	Cebpz	0.5	0.75	0.5	0.0	1.0	0.0	True	False	0.055907167494297	NA	False	0.0	0.0	0.0	0.0	0.0	0.0	real_only	generated_only	True	canonical_tissue	0.0586412327663801	0.1172824655327602	NA	NA	3.0	1.0	NA	NA	NA	False	NA	NA	NA	False	NA	NA	NA	NA
conditional_DDIM_classifier	selected_gene_feature	tissue	brown_adipose_tissue	generated_only	ENSMUSG00000014077	Chp1	0.5	0.75	0.75	0.0	1.0	0.0	True	False	0.0563671886920928	NA	False	0.0	0.0	0.0	0.0	0.0	0.0	real_only	generated_only	True	canonical_tissue	0.0496218330867806	0.0992436661735613	NA	NA	3.0	1.0	NA	NA	NA	False	NA	NA	NA	False	NA	NA	NA	NA
conditional_DDIM_classifier	selected_gene_feature	tissue	brown_adipose_tissue	generated_only	ENSMUSG00000047547	Cltb	0.5	0.75	1.0	0.0	1.0	0.0	True	False	0.0570435039699077	NA	False	0.0	0.0	0.0	0.0	0.0	0.0	real_only	generated_only	True	canonical_tissue	0.0546113542220671	0.1092227084441342	NA	NA	3.0	1.0	NA	NA	NA	False	NA	NA	NA	False	NA	NA	NA	NA
conditional_DDIM_classifier	selected_gene_feature	tissue	brown_adipose_tissue	generated_only	ENSMUSG00000053289	Ddx10	0.5	0.75	0.625	0.0	1.0	0.0	True	False	0.0564002618193626	NA	False	0.0	0.0	0.0	0.0	0.0	0.0	real_only	generated_only	True	canonical_tissue	0.0598572531729116	0.1197145063458233	NA	NA	3.0	1.0	NA	NA	NA	False	NA	NA	NA	False	NA	NA	NA	NA
conditional_DDIM_classifier	selected_gene_feature	tissue	brown_adipose_tissue	generated_only	ENSMUSG00000028974	Dffa	0.5	0.75	0.875	0.0	1.0	0.0	True	False	0.0562723614275455	NA	False	0.0	0.0	0.0	0.0	0.0	0.0	real_only	generated_only	True	canonical_tissue	0.0503456345472989	0.1006912690945978	NA	NA	3.0	1.0	NA	NA	NA	False	NA	NA	NA	False	NA	NA	NA	NA
conditional_DDIM_classifier	selected_gene_feature	tissue	brown_adipose_tissue	generated_only	ENSMUSG00000045983	Eif4g1	0.5	0.75	0.0	0.625	0.0	1.0	False	True	NA	0.0977097600698471	False	0.0	0.0	0.0	0.0130555555555555	0.6	0.0	synthetic_domain_only	generated_only	True	canonical_tissue	NA	NA	0.0829706822583085	0.165941364516617	3.0	1.0	NA	NA	NA	False	NA	NA	NA	False	NA	NA	NA	NA
conditional_DDIM_classifier	selected_gene_feature	tissue	brown_adipose_tissue	generated_only	ENSMUSG00000079043	Fastkd5	0.5	0.75	0.0	0.875	0.0	1.0	False	True	NA	0.0870988219976425	False	0.0	0.0	0.0	0.0023809523809523	0.2857142857142857	0.0	synthetic_emergent_no_positive_importance	generated_only	True	canonical_tissue	NA	NA	0.1442328938711152	0.2527181962292634	3.0	1.0	NA	NA	NA	False	NA	NA	NA	False	NA	NA	NA	NA
conditional_DDIM_classifier	selected_gene_feature	tissue	brown_adipose_tissue	generated_only	ENSMUSG00000058927	Gm10053	0.5	0.75	0.0	0.75	0.0	1.0	False	True	NA	-0.1431240439414978	False	0.0	0.0	0.0	0.0071759259259259	0.5	0.0	synthetic_domain_only	generated_only	True	canonical_tissue	NA	NA	0.5291039939863517	1.020617404963162	3.0	1.0	NA	NA	NA	False	NA	NA	NA	False	NA	NA	NA	NA
conditional_DDIM_classifier	selected_gene_feature	tissue	brown_adipose_tissue	generated_only	ENSMUSG00000027523	Gnas	0.5	0.75	0.0	1.0	0.0	1.0	False	True	NA	0.1010958403348922	False	0.0	0.0	0.0	0.0067708333333333	0.375	0.0	synthetic_emergent_no_positive_importance	generated_only	True	canonical_tissue	NA	NA	0.1388812305672108	0.2738582299966807	3.0	1.0	NA	NA	NA	False	NA	NA	NA	False	NA	NA	NA	NA
conditional_DDIM_classifier	selected_gene_feature	tissue	brown_adipose_tissue	generated_only	ENSMUSG00000003437	Paf1	0.5	0.75	1.0	0.0	1.0	0.0	True	False	0.0572808124125003	NA	False	0.0	0.0	0.0	0.0	0.0	0.0	real_only	generated_only	True	canonical_tissue	0.0627448400664089	0.1254896801328179	NA	NA	3.0	1.0	NA	NA	NA	False	NA	NA	NA	False	NA	NA	NA	NA
conditional_DDIM_classifier	selected_gene_feature	tissue	brown_adipose_tissue	generated_only	ENSMUSG00000034681	Rnps1	0.5	0.75	1.0	0.0	1.0	0.0	True	False	0.0569842234253883	NA	False	0.0	0.0	0.0	0.0	0.0	0.0	real_only	generated_only	True	canonical_tissue	0.0565589638885947	0.1131179277771894	NA	NA	3.0	1.0	NA	NA	NA	False	NA	NA	NA	False	NA	NA	NA	NA
conditional_DDIM_classifier	selected_gene_feature	tissue	brown_adipose_tissue	generated_only	ENSMUSG00000034620	Rxylt1	0.5	0.75	0.0	0.5	0.0	1.0	False	True	NA	0.1174009889364242	False	0.0	0.0	0.0	0.0	0.0	0.0	synthetic_emergent_no_positive_importance	generated_only	True	canonical_tissue	NA	NA	0.2261900352220662	0.4500520984967935	3.0	1.0	NA	NA	NA	False	NA	NA	NA	False	NA	NA	NA	NA
conditional_DDIM_classifier	selected_gene_feature	tissue	brown_adipose_tissue	generated_only	ENSMUSG00000028458	Tesk1	0.5	0.75	0.0	1.0	0.0	1.0	False	True	NA	0.0919846594333648	False	0.0	0.0	0.0	0.00625	0.375	0.0	synthetic_emergent_no_positive_importance	generated_only	True	canonical_tissue	NA	NA	0.0814053425032027	0.1573653872677789	3.0	1.0	NA	NA	NA	False	NA	NA	NA	False	NA	NA	NA	NA
conditional_DDIM_classifier	selected_gene_feature	tissue	brown_adipose_tissue	generated_only	ENSMUSG00000020694	Tlk2	0.5	0.75	0.5	0.0	1.0	0.0	True	False	0.0562656037509441	NA	False	0.0	0.0	0.0	0.0	0.0	0.0	real_only	generated_only	True	canonical_tissue	0.0622098434602189	0.1244196869204378	NA	NA	3.0	1.0	NA	NA	NA	False	NA	NA	NA	False	NA	NA	NA	NA
conditional_DDIM_classifier	selected_gene_feature	tissue	brown_adipose_tissue	generated_only	ENSMUSG00000021248	Tmed10	0.5	0.75	0.625	0.0	1.0	0.0	True	False	0.0563578605651855	NA	False	0.0	0.0	0.0	0.0	0.0	0.0	real_only	generated_only	True	canonical_tissue	0.050595617980608	0.1011912359612161	NA	NA	3.0	1.0	NA	NA	NA	False	NA	NA	NA	False	NA	NA	NA	NA
conditional_DDIM_classifier	selected_gene_feature	tissue	brown_adipose_tissue	generated_only	ENSMUSG00000032501	Trib1	0.5	0.75	0.0	1.0	0.0	1.0	False	True	NA	0.0886852517724037	False	0.0	0.0	0.0	0.0046875	0.375	0.0	synthetic_emergent_no_positive_importance	generated_only	True	canonical_tissue	NA	NA	0.1907672821573793	0.310891399734832	3.0	1.0	NA	NA	NA	False	NA	NA	NA	False	NA	NA	NA	NA
conditional_DDIM_classifier	selected_gene_feature	tissue	cerebellum	generated_only	ENSMUSG00000020484	Xbp1	0.5	0.75	0.625	1.0	1.0	1.0	True	True	-0.4029412269592285	-2.2518868446350098	True	0.0133333333333333	0.1070833333333333	0.875	0.1969675925925925	1.0	0.0937499999999999	shared_reinforced	generated_only	True	canonical_tissue	0.2423985671632494	0.0301175613956922	1.3311841966630718	0.7916618922257462	1.0	30.0	NA	NA	NA	False	NA	NA	NA	False	NA	NA	NA	NA
conditional_DDIM_classifier	selected_gene_feature	tissue	cerebellum	generated_only	ENSMUSG00000021079	Timm9	0.5	0.75	0.25	0.5	1.0	1.0	False	True	0.061053991317749	0.6490539312362671	True	-0.0358333333333333	0.0991666666666666	1.0	0.0114814814814814	1.0	0.1349999999999999	synthetic_emergent_real_transfer	generated_only	True	canonical_tissue	0.056163631470482	-0.0418048995785689	0.6009468532571217	0.5632556206761691	2.0	369.0	NA	NA	NA	False	NA	NA	NA	False	NA	NA	NA	NA
conditional_DDIM_classifier	selected_gene_feature	tissue	cerebellum	generated_only	ENSMUSG00000031149	Praf2	0.5	0.75	0.25	0.625	1.0	1.0	False	True	0.0117106297984719	0.4162423610687256	True	-0.0024999999999999	0.0393333333333332	0.8	0.0024074074074074	0.8	0.0418333333333332	synthetic_emergent_real_transfer	generated_only	True	canonical_tissue	0.0062556248931639	-0.0063890986817466	0.2724693556477038	0.2983962341594106	13.0	208.0	NA	NA	NA	False	NA	NA	NA	False	NA	NA	NA	NA
conditional_DDIM_classifier	selected_gene_feature	tissue	cerebellum	generated_only	ENSMUSG00000041859	Mcm3	0.5	0.75	0.0	0.75	0.0	1.0	False	True	NA	0.1048950105905532	False	0.0	0.0297222222222221	0.5	0.0103395061728394	0.6666666666666666	0.0297222222222221	synthetic_emergent_real_transfer	generated_only	True	canonical_tissue	NA	NA	0.1780754047255507	0.0155813455427504	20.0	61.0	NA	NA	NA	False	NA	NA	NA	False	NA	NA	NA	NA
conditional_DDIM_classifier	selected_gene_feature	tissue	cerebellum	generated_only	ENSMUSG00000034285	Nipsnap1	0.5	0.75	0.375	0.5	1.0	1.0	False	True	0.0717950761318206	0.0904367715120315	True	-0.0083333333333333	0.0254166666666666	0.75	-0.0037037037037036	0.5	0.0337499999999999	synthetic_emergent_real_transfer	generated_only	True	canonical_tissue	0.0793187147494954	-0.0005460840082641	0.1521408125338526	0.1849538898124872	29.0	247.0	NA	NA	NA	False	NA	NA	NA	False	NA	NA	NA	NA
conditional_DDIM_classifier	selected_gene_feature	tissue	cerebellum	generated_only	ENSMUSG00000004446	Bid	0.5	0.75	0.625	0.375	1.0	1.0	True	False	0.1698565632104873	0.3874662220478058	True	0.0146666666666666	0.0249999999999999	1.0	-0.0017283950617283	0.6666666666666666	0.0103333333333332	real_only	generated_only	True	canonical_tissue	0.2058506863890259	0.0911134251897716	0.2786875539731252	0.2149921388316361	30.0	28.0	NA	NA	NA	False	NA	NA	NA	False	NA	NA	NA	NA
conditional_DDIM_classifier	selected_gene_feature	tissue	cerebellum	generated_only	ENSMUSG00000029310	Nudt9	0.5	0.75	0.25	0.75	0.0	1.0	False	True	-0.0016985386610031	0.1954797506332397	False	-0.0024999999999999	0.0222222222222221	1.0	-0.0020061728395061	0.5	0.0247222222222221	synthetic_emergent_real_transfer	generated_only	True	canonical_tissue	0.0322958048195889	-0.0282969640295418	0.1307529853948155	0.1555742568480435	36.0	208.0	NA	NA	NA	False	NA	NA	NA	False	NA	NA	NA	NA
conditional_DDIM_classifier	selected_gene_feature	tissue	cerebellum	generated_only	ENSMUSG00000049866	Arl4c	0.5	0.75	0.125	0.5	1.0	1.0	False	True	-0.0747206211090087	0.3454629778861999	False	-0.0016666666666666	0.0104166666666666	0.75	-0.0012962962962962	0.5	0.0120833333333332	synthetic_emergent_real_transfer	generated_only	True	canonical_tissue	0.0539774042938486	0.0104259984519686	0.3233518763093253	0.1353860435488119	75.0	204.0	NA	NA	NA	False	NA	NA	NA	False	NA	NA	NA	NA
conditional_DDIM_classifier	selected_gene_feature	tissue	cerebellum	generated_only	ENSMUSG00000045996	Polr2k	0.5	0.75	0.5	1.0	1.0	1.0	True	True	-0.3235165178775787	-1.3470497131347656	True	-0.0220833333333333	0.0093749999999999	0.375	0.070162037037037	0.875	0.0314583333333332	shared_synthetic_domain_only	generated_only	True	canonical_tissue	0.3201487425122759	-0.0645922396655037	0.9351507033887416	0.3883223230049267	81.0	336.0	NA	NA	NA	False	NA	NA	NA	False	NA	NA	NA	NA
conditional_DDIM_classifier	selected_gene_feature	tissue	cerebellum	generated_only	ENSMUSG00000005774	Rfx5	0.5	0.75	0.25	1.0	0.0	1.0	False	True	0.0267116874456405	0.1898329854011535	True	0.0	0.0093749999999999	0.5	0.0057638888888888	0.625	0.0093749999999999	synthetic_emergent_real_transfer	generated_only	True	canonical_tissue	0.0244489256018101	0.0030437067448217	0.151573942212689	0.0332880417782749	81.0	61.0	NA	NA	NA	False	NA	NA	NA	False	NA	NA	NA	NA
conditional_DDIM_classifier	selected_gene_feature	tissue	cerebellum	generated_only	ENSMUSG00000020232	Hmg20b	0.5	0.75	0.0	0.5	0.0	1.0	False	True	NA	0.5475983619689941	False	0.0	0.0083333333333332	0.75	0.0112962962962963	0.75	0.0083333333333332	synthetic_emergent_real_transfer	generated_only	True	canonical_tissue	NA	NA	0.2794354288268368	0.1006204616749069	86.0	61.0	NA	NA	NA	False	NA	NA	NA	False	NA	NA	NA	NA
conditional_DDIM_classifier	selected_gene_feature	tissue	cerebellum	generated_only	ENSMUSG00000043909	Trp53bp1	0.5	0.75	0.125	0.75	1.0	1.0	False	True	-0.0520907938480377	0.2576067149639129	False	-0.0083333333333333	0.0002777777777777	0.6666666666666666	0.0065123456790123	0.6666666666666666	0.008611111111111	synthetic_emergent_real_transfer	generated_only	True	canonical_tissue	0.054668600903311	0.0727260666790819	0.1980278173818927	-0.0342076607183657	118.0	247.0	NA	NA	NA	False	NA	NA	NA	False	NA	NA	NA	NA
conditional_DDIM_classifier	selected_gene_feature	tissue	cerebellum	generated_only	ENSMUSG00000005087	Cd44	0.5	0.75	0.625	0.0	1.0	0.0	True	False	-0.1722785234451294	NA	False	0.0183333333333333	0.0	0.0	0.0	0.0	-0.0183333333333333	real_only	generated_only	True	canonical_tissue	0.0993498292724729	0.0624792321684494	NA	NA	119.0	24.0	NA	NA	NA	False	NA	NA	NA	False	NA	NA	NA	NA
conditional_DDIM_classifier	selected_gene_feature	tissue	cerebellum	generated_only	ENSMUSG00000061048	Cdh3	0.5	0.75	0.75	0.0	1.0	0.0	True	False	-0.1350196450948715	NA	False	0.0177777777777777	0.0	0.0	0.0	0.0	-0.0177777777777777	real_only	generated_only	True	canonical_tissue	0.1271974681074046	0.1380197176180945	NA	NA	119.0	25.0	NA	NA	NA	False	NA	NA	NA	False	NA	NA	NA	NA
conditional_DDIM_classifier	selected_gene_feature	tissue	cerebellum	generated_only	ENSMUSG00000052504	Epha3	0.5	0.75	0.5	0.0	1.0	0.0	True	False	-0.2740780115127563	NA	False	0.02875	0.0	0.0	0.0	0.0	-0.02875	real_only	generated_only	True	canonical_tissue	0.1793912130761552	0.0560555589648765	NA	NA	119.0	11.0	NA	NA	NA	False	NA	NA	NA	False	NA	NA	NA	NA
conditional_DDIM_classifier	selected_gene_feature	tissue	cerebellum	generated_only	ENSMUSG00000015619	Gata3	0.5	0.75	1.0	0.125	1.0	1.0	True	False	0.2319014221429824	0.0063709425739943	True	0.0285416666666666	0.0	0.0	-0.002037037037037	0.0	-0.0285416666666666	real_only	generated_only	True	canonical_tissue	0.1766233087639749	0.1322900912507481	0.0784785755800131	0.0027804024170867	119.0	12.0	NA	NA	NA	False	NA	NA	NA	False	NA	NA	NA	NA
conditional_DDIM_classifier	selected_gene_feature	tissue	cerebellum	generated_only	ENSMUSG00000110469	Gm10358	0.5	0.75	1.0	0.0	1.0	0.0	True	False	0.2034382969141006	NA	False	0.028125	0.0	0.0	0.0	0.0	-0.028125	real_only	generated_only	True	canonical_tissue	0.2435911047601148	0.1589574344670107	NA	NA	119.0	15.0	NA	NA	NA	False	NA	NA	NA	False	NA	NA	NA	NA
conditional_DDIM_classifier	selected_gene_feature	tissue	cerebellum	generated_only	ENSMUSG00000021215	Net1	0.5	0.75	1.0	0.0	1.0	0.0	True	False	0.2009798884391784	NA	False	0.0452083333333333	0.0	0.0	0.0	0.0	-0.0452083333333333	real_only	generated_only	True	canonical_tissue	0.4563708876652004	0.2565197572867089	NA	NA	119.0	2.0	NA	NA	NA	False	NA	NA	NA	False	NA	NA	NA	NA
conditional_DDIM_classifier	selected_gene_feature	tissue	cerebellum	generated_only	ENSMUSG00000028587	Orc1	0.5	0.75	0.5	0.125	1.0	1.0	True	False	-0.5441997051239014	0.002175701316446	False	0.0112499999999999	0.0	0.0	-0.0127777777777777	0.0	-0.0112499999999999	real_only	generated_only	True	canonical_tissue	0.3128828048517582	-0.128976899246132	0.0197326752099827	0.0012349102327736	119.0	35.0	NA	NA	NA	False	NA	NA	NA	False	NA	NA	NA	NA
conditional_DDIM_classifier	selected_gene_feature	tissue	cerebellum	generated_only	ENSMUSG00000030867	Plk1	0.5	0.75	0.625	0.0	1.0	0.0	True	False	-0.0331347361207008	NA	False	-0.013	0.0	0.0	0.0	0.0	0.013	real_only	generated_only	True	canonical_tissue	0.1124363380917818	-0.0498458724313861	NA	NA	119.0	288.0	NA	NA	NA	False	NA	NA	NA	False	NA	NA	NA	NA
conditional_DDIM_classifier	selected_gene_feature	tissue	cerebellum	generated_only	ENSMUSG00000024538	Ppic	0.5	0.75	0.5	0.0	1.0	0.0	True	False	-0.3409976065158844	NA	False	0.0141666666666666	0.0	0.0	0.0	0.0	-0.0141666666666666	real_only	generated_only	True	canonical_tissue	0.2750105278238633	0.0635609328210755	NA	NA	119.0	29.0	NA	NA	NA	False	NA	NA	NA	False	NA	NA	NA	NA
conditional_DDIM_classifier	selected_gene_feature	tissue	cerebellum	generated_only	ENSMUSG00000029499	Pxmp2	0.5	0.75	0.5	0.0	1.0	0.0	True	False	0.1131471097469329	NA	False	0.01	0.0	0.0	0.0	0.0	-0.01	real_only	generated_only	True	canonical_tissue	0.1378365860867358	0.0161973573557235	NA	NA	119.0	37.0	NA	NA	NA	False	NA	NA	NA	False	NA	NA	NA	NA
conditional_DDIM_classifier	selected_gene_feature	tissue	cerebellum	generated_only	ENSMUSG00000032218	Ccnb2	0.5	0.75	0.875	0.125	1.0	1.0	True	False	-0.2733777463436126	-0.0195401608943939	True	0.0171428571428571	-1.1102230246251563e-16	0.0	0.0079629629629629	1.0	-0.0171428571428572	real_only	generated_only	True	canonical_tissue	0.1720648972193843	0.122772090757884	0.1453596747700704	0.0178338288642983	298.0	26.0	NA	NA	NA	False	NA	NA	NA	False	NA	NA	NA	NA
conditional_DDIM_classifier	selected_gene_feature	tissue	cerebellum	generated_only	ENSMUSG00000051674	Dcun1d4	0.5	0.75	0.125	0.625	1.0	1.0	False	True	0.0141554223373532	0.393103152513504	True	-0.0166666666666666	-0.003	0.8	0.0134814814814814	1.0	0.0136666666666666	synthetic_domain_only	generated_only	True	canonical_tissue	0.0152448499052995	-0.0189984079100722	0.3284539706650163	-0.0286297689619174	334.0	310.0	NA	NA	NA	False	NA	NA	NA	False	NA	NA	NA	NA
conditional_DDIM_classifier	selected_gene_feature	tissue	cerebellum	generated_only	ENSMUSG00000021250	Fos	0.5	0.75	0.25	0.5	1.0	1.0	False	True	-0.1851673871278762	-0.0615413561463356	True	0.0241666666666666	-0.0033333333333333	0.5	0.0025462962962962	0.5	-0.0275	synthetic_domain_only	generated_only	True	canonical_tissue	0.3830159453190125	0.1364074447814128	0.1407903326603028	0.0238254162633815	335.0	18.0	NA	NA	NA	False	NA	NA	NA	False	NA	NA	NA	NA
conditional_DDIM_classifier	selected_gene_feature	tissue	cerebellum	generated_only	ENSMUSG00000090877	Hspa1b	0.5	0.75	0.875	0.125	1.0	1.0	True	False	-0.3681057393550873	-0.0551605634391307	True	0.0664285714285714	-0.0116666666666667	0.0	-0.0016666666666666	0.0	-0.0780952380952381	real_only	generated_only	True	canonical_tissue	0.3429766429729478	0.3534677219077061	0.3758674350791125	0.0610959245351246	343.0	1.0	NA	NA	NA	False	NA	NA	NA	False	NA	NA	NA	NA
conditional_DDIM_classifier	selected_gene_feature	tissue	cerebellum	generated_only	ENSMUSG00000003992	Ssbp2	0.5	0.75	0.25	0.5	1.0	1.0	False	True	0.0489140935242176	0.424828290939331	True	0.0	-0.0241666666666666	0.5	0.0159722222222222	0.75	-0.0241666666666666	synthetic_domain_only	generated_only	True	canonical_tissue	0.0348289074526037	-0.000551367884028	0.3575066379069744	-0.0722653045931945	357.0	61.0	NA	NA	NA	False	NA	NA	NA	False	NA	NA	NA	NA
conditional_DDIM_classifier	selected_gene_feature	tissue	cerebellum	generated_only	ENSMUSG00000091625	Lsm5	0.5	0.75	0.25	1.0	1.0	1.0	False	True	-0.2466449290513992	-0.9617133140563964	True	-0.0024999999999999	-0.024375	0.375	0.037199074074074	1.0	-0.021875	synthetic_domain_only	generated_only	True	canonical_tissue	0.2088276361210838	-0.0396671419966231	0.581160941401258	0.0354760192131534	358.0	208.0	NA	NA	NA	False	NA	NA	NA	False	NA	NA	NA	NA
conditional_DDIM_classifier	selected_gene_feature	tissue	cerebellum	generated_only	ENSMUSG00000020176	Grb10	0.5	0.75	0.25	0.5	0.0	1.0	False	True	-0.0053454954177141	0.1701529324054718	False	-0.0066666666666666	-0.0441666666666666	0.5	0.0125462962962963	1.0	-0.0375	synthetic_domain_only	generated_only	True	canonical_tissue	0.0260234904775576	0.0202835244086653	0.2368545298193059	-0.1871252491815987	371.0	232.0	NA	NA	NA	False	NA	NA	NA	False	NA	NA	NA	NA
conditional_DDIM_classifier	selected_gene_feature	tissue	eye	generated_only	ENSMUSG00000073700	Klhl21	0.5	0.75	0.875	1.0	1.0	1.0	True	True	-0.0370441079139709	-0.107783555984497	True	0.0428571428571428	0.034375	0.375	0.0399305555555555	0.75	-0.0084821428571428	shared_synthetic_domain_only	generated_only	True	canonical_tissue	0.0667113939493122	0.1066379708348603	0.1715819806804824	0.2816645567047191	3.0	8.0	NA	NA	NA	False	reinforced	aligning	Aligns with a flight-lower proliferative program in the eye, but is not an exact prior gene replication.	True	FLT_lower	-0.0060721659089043	5.987559332400223e-05	2.0
conditional_DDIM_classifier	selected_gene_feature	tissue	eye	generated_only	ENSMUSG00000026489	Coq8a	0.5	0.75	1.0	0.875	1.0	1.0	True	True	-0.0396379306912422	-0.1259390413761139	True	0.1078124999999999	0.0124999999999999	0.2857142857142857	0.0367063492063492	0.7142857142857143	-0.0953125	shared_synthetic_domain_only	generated_only	True	canonical_tissue	0.07195280623744	0.1053460025603583	0.2076746732075669	0.279462082816037	5.0	4.0	NA	NA	NA	False	NA	NA	NA	False	NA	NA	NA	NA
conditional_DDIM_classifier	selected_gene_feature	tissue	eye	generated_only	ENSMUSG00000042903	Foxo4	0.5	0.75	0.5	0.625	1.0	1.0	True	True	-0.0718377381563186	-0.0895125344395637	True	0.03125	0.0075	0.2	0.0197222222222222	0.4	-0.02375	shared_no_positive_importance	generated_only	True	canonical_tissue	0.069671131217195	0.0747241681636738	0.1682831066370916	0.1955545103182	6.0	9.0	NA	NA	NA	False	NA	NA	NA	False	NA	NA	NA	NA
conditional_DDIM_classifier	selected_gene_feature	tissue	eye	generated_only	ENSMUSG00000021814	Anxa7	0.5	0.75	0.125	0.75	1.0	1.0	False	True	-0.0431357659399509	-0.0308248493820428	True	0.0	0.0	0.0	-0.0023148148148147	0.1666666666666666	0.0	synthetic_emergent_no_positive_importance	generated_only	True	canonical_tissue	0.0445065852481356	-0.0279869224930416	0.1571897316274766	0.1096752792809943	8.0	20.0	NA	NA	NA	False	NA	NA	NA	False	NA	NA	NA	NA
conditional_DDIM_classifier	selected_gene_feature	tissue	eye	generated_only	ENSMUSG00000047379	B4gat1	0.5	0.75	0.875	0.125	1.0	1.0	True	False	-0.0316101461648941	-0.14736208319664	True	0.0607142857142857	0.0	0.0	0.0347222222222222	1.0	-0.0607142857142857	real_only	generated_only	True	canonical_tissue	0.0301328303268184	0.0516728248779551	0.0779875754005654	0.1510822471738309	8.0	5.0	NA	NA	NA	False	NA	NA	NA	False	NA	NA	NA	NA
conditional_DDIM_classifier	selected_gene_feature	tissue	eye	generated_only	ENSMUSG00000021585	Cast	0.5	0.75	0.125	0.5	1.0	1.0	False	True	-0.0402692928910255	-0.0363258905708789	True	0.0	0.0	0.0	0.0166666666666666	0.75	0.0	synthetic_domain_only	generated_only	True	canonical_tissue	0.0246698644600369	-0.0186212258710912	0.0763162743493845	-0.0366474945487726	8.0	20.0	NA	NA	NA	False	NA	NA	NA	False	NA	NA	NA	NA
conditional_DDIM_classifier	selected_gene_feature	tissue	eye	generated_only	ENSMUSG00000028540	Dph2	0.5	0.75	0.75	0.0	1.0	0.0	True	False	-0.0304658580571413	NA	False	0.0270833333333333	0.0	0.0	0.0	0.0	-0.0270833333333333	real_only	generated_only	True	canonical_tissue	0.02616715560372	0.0382464467054647	NA	NA	8.0	10.0	NA	NA	NA	False	NA	NA	NA	False	NA	NA	NA	NA
conditional_DDIM_classifier	selected_gene_feature	tissue	eye	generated_only	ENSMUSG00000032035	Ets1	0.5	0.75	0.5	0.0	1.0	0.0	True	False	-0.0299557633697986	NA	False	0.0	0.0	0.0	0.0	0.0	0.0	real_only	generated_only	True	canonical_tissue	0.0288920064303775	-0.0129762665047897	NA	NA	8.0	20.0	NA	NA	NA	False	NA	NA	NA	False	NA	NA	NA	NA
conditional_DDIM_classifier	selected_gene_feature	tissue	eye	generated_only	ENSMUSG00000001082	Mfsd10	0.5	0.75	0.5	0.25	1.0	1.0	True	False	-0.0544090270996093	-0.1210159435868263	True	-0.0343749999999999	0.0	0.0	0.0423611111111111	1.0	0.0343749999999999	real_only	generated_only	True	canonical_tissue	0.0584721690284832	0.0091854831284665	0.0568583840196011	0.0576918432604324	8.0	172.0	NA	NA	NA	False	NA	NA	NA	False	NA	NA	NA	NA
conditional_DDIM_classifier	selected_gene_feature	tissue	eye	generated_only	ENSMUSG00000005667	Mthfd2	0.5	0.75	0.625	0.0	1.0	0.0	True	False	0.0359150022268295	NA	False	0.0	0.0	0.0	0.0	0.0	0.0	real_only	generated_only	True	canonical_tissue	0.0361382333875616	0.0137064600010276	NA	NA	8.0	20.0	NA	NA	NA	False	NA	NA	NA	False	NA	NA	NA	NA
conditional_DDIM_classifier	selected_gene_feature	tissue	eye	generated_only	ENSMUSG00000056749	Nfil3	0.5	0.75	0.5	0.0	1.0	0.0	True	False	0.040802851319313	NA	False	0.0249999999999999	0.0	0.0	0.0	0.0	-0.0249999999999999	real_only	generated_only	True	canonical_tissue	0.0615001968640056	0.0050161988375802	NA	NA	8.0	11.0	NA	NA	NA	False	NA	NA	NA	False	FLT_higher	0.0009536918794192	0.0049381087755231	2.0
conditional_DDIM_classifier	selected_gene_feature	tissue	eye	generated_only	ENSMUSG00000025225	Nfkb2	0.5	0.75	0.5	0.0	1.0	0.0	True	False	-0.040962591767311	NA	False	0.0	0.0	0.0	0.0	0.0	0.0	real_only	generated_only	True	canonical_tissue	0.0799988843446831	-0.0516420961459735	NA	NA	8.0	20.0	NA	NA	NA	False	NA	NA	NA	False	NA	NA	NA	NA
conditional_DDIM_classifier	selected_gene_feature	tissue	eye	generated_only	ENSMUSG00000024431	Nr3c1	0.5	0.75	0.5	0.25	1.0	1.0	True	False	-0.0338754579424858	-0.1224924623966217	True	0.0	0.0	0.0	-0.0208333333333333	0.0	0.0	real_only	generated_only	True	canonical_tissue	0.035012598693068	-0.0141425655360572	0.15443626362575	0.0038040377635304	8.0	20.0	NA	NA	NA	False	NA	NA	NA	False	NA	NA	NA	NA
conditional_DDIM_classifier	selected_gene_feature	tissue	eye	generated_only	ENSMUSG00000026778	Prkcq	0.5	0.75	0.625	0.25	1.0	1.0	True	False	-0.0328728780150413	-0.0441272482275962	True	0.1275	0.0	0.0	0.0013888888888889	0.5	-0.1275	real_only	generated_only	True	canonical_tissue	0.0553661527602732	0.0762977974066444	0.0302751093795518	0.0605502187591037	8.0	2.0	NA	NA	NA	False	NA	NA	NA	False	NA	NA	NA	NA
conditional_DDIM_classifier	selected_gene_feature	tissue	eye	generated_only	ENSMUSG00000036442	Thap11	0.5	0.75	0.5	0.0	1.0	0.0	True	False	-0.027566822245717	NA	False	0.11875	0.0	0.0	0.0	0.0	-0.11875	real_only	generated_only	True	canonical_tissue	0.03299097956917	0.0359885997501765	NA	NA	8.0	3.0	NA	NA	NA	False	NA	NA	NA	False	NA	NA	NA	NA
conditional_DDIM_classifier	selected_gene_feature	tissue	eye	generated_only	ENSMUSG00000023277	Twf2	0.5	0.75	0.5	0.375	1.0	1.0	True	False	-0.0348698645830154	-0.1037381961941719	True	0.0	-0.0041666666666666	0.0	-0.0138888888888888	0.0	-0.0041666666666666	real_only	generated_only	True	canonical_tissue	0.0446122533115311	-0.0045307417843837	0.152865182559218	-0.0382708789446029	167.0	20.0	NA	NA	NA	False	NA	NA	NA	False	NA	NA	NA	NA
conditional_DDIM_classifier	selected_gene_feature	tissue	eye	generated_only	ENSMUSG00000030401	Rtn2	0.5	0.75	0.25	0.5	1.0	1.0	False	True	-0.0388017557561397	-0.0907435938715934	True	0.0	-0.00625	0.0	-0.0256944444444444	0.0	-0.00625	synthetic_emergent_no_positive_importance	generated_only	True	canonical_tissue	0.0273811266006684	-0.004590987012026	0.101183600787773	0.0096506040131258	168.0	20.0	NA	NA	NA	False	NA	NA	NA	False	NA	NA	NA	NA
conditional_DDIM_classifier	selected_gene_feature	tissue	eye	generated_only	ENSMUSG00000022528	Hes1	0.5	0.75	0.0	0.5	0.0	1.0	False	True	NA	-0.0792812705039978	False	0.0	-0.009375	0.0	0.0142361111111111	0.5	-0.009375	synthetic_domain_only	generated_only	True	canonical_tissue	NA	NA	0.2513061442969845	0.0173758547808569	169.0	20.0	NA	NA	NA	False	NA	NA	NA	False	NA	NA	NA	NA
conditional_DDIM_classifier	selected_gene_feature	tissue	eye	generated_only	ENSMUSG00000034792	Gna15	0.5	0.75	0.125	0.625	1.0	1.0	False	True	-0.0264323949813842	-0.0292697194963693	True	0.0	-0.0125	0.0	0.0033333333333333	0.4	-0.0125	synthetic_emergent_no_positive_importance	generated_only	True	canonical_tissue	0.0263821782075459	-0.0330136733129045	0.1539727705877389	-0.0188578361212502	170.0	20.0	NA	NA	NA	False	NA	NA	NA	False	NA	NA	NA	NA
conditional_DDIM_classifier	selected_gene_feature	tissue	eye	generated_only	ENSMUSG00000014776	Nol3	0.5	0.75	0.0	0.75	0.0	1.0	False	True	NA	-0.0679828226566314	False	0.0	-0.0125	0.1666666666666666	0.0219907407407407	0.6666666666666666	-0.0125	synthetic_domain_only	generated_only	True	canonical_tissue	NA	NA	0.1277365473813315	0.0353606553104497	170.0	20.0	NA	NA	NA	False	NA	NA	NA	False	NA	NA	NA	NA
conditional_DDIM_classifier	selected_gene_feature	tissue	eye	generated_only	ENSMUSG00000019960	Dusp6	0.5	0.75	0.875	0.375	1.0	1.0	True	False	-0.0370846651494503	-0.0863264724612236	True	-0.0071428571428571	-0.0166666666666666	0.0	-0.0375	0.0	-0.0095238095238095	real_only	generated_only	True	canonical_tissue	0.0370447269152581	0.032369783874427	0.0457842951036863	0.0501401943383146	172.0	166.0	NA	NA	NA	False	NA	NA	NA	False	NA	NA	NA	NA
conditional_DDIM_classifier	selected_gene_feature	tissue	eye	generated_only	ENSMUSG00000020400	Tnip1	0.5	0.75	0.0	0.75	0.0	1.0	False	True	NA	0.0573592223227024	False	0.0	-0.0416666666666666	0.0	0.0173611111111111	0.6666666666666666	-0.0416666666666666	synthetic_domain_only	generated_only	True	canonical_tissue	NA	NA	0.1744868852044853	-0.0538064254592744	176.0	20.0	NA	NA	NA	False	NA	NA	NA	False	NA	NA	NA	NA
conditional_DDIM_classifier	selected_gene_feature	tissue	eye	generated_only	ENSMUSG00000034659	Tmem109	0.5	0.75	0.125	0.5	1.0	1.0	False	True	-0.0142556270584464	-0.1554657071828842	True	0.0	-0.046875	0.0	-0.0010416666666666	0.0	-0.046875	synthetic_emergent_no_positive_importance	generated_only	True	canonical_tissue	0.0077725643925023	-0.0034412247252454	0.18220501711706	-0.2629400304108208	177.0	20.0	NA	NA	NA	False	NA	NA	NA	False	NA	NA	NA	NA
conditional_DDIM_classifier	selected_gene_feature	tissue	eye	generated_only	ENSMUSG00000024413	Npc1	0.5	0.75	0.125	0.75	1.0	1.0	False	True	0.0207221563905477	0.0586564838886261	True	0.0	-0.0604166666666666	0.0	0.0076388888888889	0.6666666666666666	-0.0604166666666666	synthetic_domain_only	generated_only	True	canonical_tissue	0.0257087486151149	-0.0457027663316147	0.0941402041216518	-0.0192550248325523	178.0	20.0	NA	NA	NA	False	NA	NA	NA	False	NA	NA	NA	NA
conditional_DDIM_classifier	selected_gene_feature	tissue	heart	generated_only	ENSMUSG00000028944	Prkag2	0.5	0.75	0.0	0.625	0.0	1.0	False	True	NA	-0.3977180123329162	False	0.0	0.0983333333333334	1.0	0.0936728395061728	1.0	0.0983333333333334	synthetic_emergent_real_transfer	generated_only	True	canonical_tissue	NA	NA	0.7691578015104126	0.7498911478423944	1.0	62.0	NA	NA	NA	False	NA	NA	NA	False	NA	NA	NA	NA
conditional_DDIM_classifier	selected_gene_feature	tissue	heart	generated_only	ENSMUSG00000025511	Tspan4	0.5	0.75	0.25	1.0	1.0	1.0	False	True	-0.7284937500953674	-0.591804027557373	True	-0.0125	0.0815972222222222	0.875	0.0761188271604938	1.0	0.0940972222222222	synthetic_emergent_real_transfer	generated_only	True	canonical_tissue	0.5206802804468342	0.0820162459812064	0.7014394149387289	0.7009670351477317	2.0	246.0	NA	NA	NA	False	NA	NA	NA	False	NA	NA	NA	NA
conditional_DDIM_classifier	selected_gene_feature	tissue	heart	generated_only	ENSMUSG00000020108	Ddit4	0.5	0.75	0.75	0.125	1.0	1.0	True	False	0.7294936180114746	0.2555204927921295	True	0.0717592592592592	0.0347222222222222	1.0	-0.0618827160493827	0.0	-0.0370370370370369	real_only	generated_only	True	canonical_tissue	0.4300005552864181	0.36041254403467	0.1986268259464283	0.1430987613023547	10.0	4.0	NA	NA	NA	False	NA	NA	NA	False	NA	NA	NA	NA
conditional_DDIM_classifier	selected_gene_feature	tissue	heart	generated_only	ENSMUSG00000025889	Snca	0.5	0.75	0.125	1.0	1.0	1.0	False	True	0.0829896330833435	0.6957294344902039	True	-0.0013888888888888	0.028125	0.875	0.0661072530864197	1.0	0.0295138888888889	synthetic_emergent_real_transfer	generated_only	True	canonical_tissue	0.0391794187634414	-0.0079235783099718	0.6784530984819869	0.1873937236637985	14.0	234.0	NA	NA	NA	False	NA	NA	NA	False	NA	NA	NA	NA
conditional_DDIM_classifier	selected_gene_feature	tissue	heart	generated_only	ENSMUSG00000000440	Pparg	0.5	0.75	0.5	0.125	1.0	1.0	True	False	0.094071127474308	0.4405458569526672	True	0.0069444444444444	0.0152777777777778	1.0	0.0108024691358024	1.0	0.0083333333333334	real_only	generated_only	True	canonical_tissue	0.0598732515971222	0.0042576269353587	0.2278872766971605	-0.0201570083587248	37.0	36.0	NA	NA	NA	False	NA	NA	NA	False	NA	NA	NA	NA
conditional_DDIM_classifier	selected_gene_feature	tissue	heart	generated_only	ENSMUSG00000012848	Rps5	0.5	0.75	0.0	0.625	0.0	1.0	False	True	NA	-0.4005303084850311	False	0.0	0.0133333333333334	0.6	0.0362962962962962	1.0	0.0133333333333334	synthetic_emergent_real_transfer	generated_only	True	canonical_tissue	NA	NA	0.461010167533046	0.2958572678041476	43.0	62.0	NA	NA	NA	False	NA	NA	NA	False	NA	NA	NA	NA
conditional_DDIM_classifier	selected_gene_feature	tissue	heart	generated_only	ENSMUSG00000020917	Acly	0.5	0.75	0.125	0.625	1.0	1.0	False	True	0.0554238073527812	0.3744921386241913	True	0.0	0.0113888888888889	0.8	-0.0009259259259259	0.4	0.0113888888888889	synthetic_emergent_real_transfer	generated_only	True	canonical_tissue	0.0189888011712682	0.0104700423499171	0.3786432453662758	0.1965893735179389	46.0	62.0	NA	NA	NA	False	NA	NA	NA	False	NA	NA	NA	NA
conditional_DDIM_classifier	selected_gene_feature	tissue	heart	generated_only	ENSMUSG00000024421	Lama3	0.5	0.75	0.5	0.125	1.0	1.0	True	False	0.0397703796625137	-0.0873822271823883	False	-0.0180555555555555	0.0013888888888888	1.0	0.0047839506172839	1.0	0.0194444444444444	real_only	generated_only	True	canonical_tissue	0.0553136476718305	-0.0346038321156177	0.3431931371038352	-0.0648667794231595	76.0	248.0	NA	NA	NA	False	NA	NA	NA	False	NA	NA	NA	NA
conditional_DDIM_classifier	selected_gene_feature	tissue	heart	generated_only	ENSMUSG00000023067	Cdkn1a	0.5	0.75	0.5	0.0	1.0	0.0	True	False	0.2896895408630371	NA	False	0.0680555555555555	0.0	0.0	0.0	0.0	-0.0680555555555555	real_only	generated_only	True	canonical_tissue	0.2993442611321155	0.0420445429006467	NA	NA	105.0	6.0	NA	NA	NA	False	NA	NA	NA	False	NA	NA	NA	NA
conditional_DDIM_classifier	selected_gene_feature	tissue	heart	generated_only	ENSMUSG00000016526	Dyrk3	0.5	0.75	0.625	0.0	1.0	0.0	True	False	0.3528808951377868	NA	False	-0.0044444444444444	0.0	0.0	0.0	0.0	0.0044444444444444	real_only	generated_only	True	canonical_tissue	0.1596144382401067	-0.0166231899544745	NA	NA	105.0	240.0	NA	NA	NA	False	NA	NA	NA	False	NA	NA	NA	NA
conditional_DDIM_classifier	selected_gene_feature	tissue	heart	generated_only	ENSMUSG00000021250	Fos	0.5	0.75	0.625	0.125	1.0	1.0	True	False	0.2646398544311523	0.122448556125164	True	0.0055555555555555	0.0	0.0	-0.0050925925925926	0.0	-0.0055555555555555	real_only	generated_only	True	canonical_tissue	0.2837368274894755	-0.2109423059816859	0.7961045970724768	-0.0247657330550242	105.0	41.0	NA	NA	NA	False	NA	NA	NA	False	NA	NA	NA	NA
conditional_DDIM_classifier	selected_gene_feature	tissue	heart	generated_only	ENSMUSG00000028671	Gale	0.5	0.75	0.75	0.0	1.0	0.0	True	False	0.372644305229187	NA	False	0.0148148148148148	0.0	0.0	0.0	0.0	-0.0148148148148148	real_only	generated_only	True	canonical_tissue	0.1336517819585466	0.1074099338449752	NA	NA	105.0	26.0	NA	NA	NA	False	NA	NA	NA	False	NA	NA	NA	NA
conditional_DDIM_classifier	selected_gene_feature	tissue	heart	generated_only	ENSMUSG00000019312	Grb7	0.5	0.75	0.75	0.0	1.0	0.0	True	False	0.4882797002792358	NA	False	0.0256944444444444	0.0	0.0	0.0	0.0	-0.0256944444444444	real_only	generated_only	True	canonical_tissue	0.2118025192187604	0.2034369047064166	NA	NA	105.0	14.0	NA	NA	NA	False	NA	NA	NA	False	NA	NA	NA	NA
conditional_DDIM_classifier	selected_gene_feature	tissue	heart	generated_only	ENSMUSG00000033998	Kcnk1	0.5	0.75	0.875	0.0	1.0	0.0	True	False	0.6718679070472717	NA	False	0.0107142857142857	0.0	0.0	0.0	0.0	-0.0107142857142857	real_only	generated_only	True	canonical_tissue	0.2899156258077443	0.0657545891568966	NA	NA	105.0	31.0	NA	NA	NA	False	NA	NA	NA	False	NA	NA	NA	NA
conditional_DDIM_classifier	selected_gene_feature	tissue	heart	generated_only	ENSMUSG00000004864	Mapk13	0.5	0.75	0.75	0.0	1.0	0.0	True	False	0.301534354686737	NA	False	0.0013888888888888	0.0	0.0	0.0	0.0	-0.0013888888888888	real_only	generated_only	True	canonical_tissue	0.1901263290157837	0.0702640306254086	NA	NA	105.0	56.0	NA	NA	NA	False	NA	NA	NA	False	NA	NA	NA	NA
conditional_DDIM_classifier	selected_gene_feature	tissue	heart	generated_only	ENSMUSG00000005667	Mthfd2	0.5	0.75	1.0	0.125	1.0	1.0	True	False	0.5344923734664917	0.0084689240902662	True	0.0605902777777777	0.0	0.0	0.0004629629629629	1.0	-0.0605902777777777	real_only	generated_only	True	canonical_tissue	0.2462344454390149	0.3151776427345079	0.0216483530437072	0.0132714349608359	105.0	8.0	NA	NA	NA	False	NA	NA	NA	False	NA	NA	NA	NA
conditional_DDIM_classifier	selected_gene_feature	tissue	heart	generated_only	ENSMUSG00000020974	Pole2	0.5	0.75	0.5	0.0	1.0	0.0	True	False	0.1732613146305084	NA	False	0.0232638888888889	0.0	0.0	0.0	0.0	-0.0232638888888889	real_only	generated_only	True	canonical_tissue	0.1396109328117685	0.0441202137510288	NA	NA	105.0	16.0	NA	NA	NA	False	NA	NA	NA	False	NA	NA	NA	NA
conditional_DDIM_classifier	selected_gene_feature	tissue	heart	generated_only	ENSMUSG00000027932	Slc27a3	0.5	0.75	0.75	0.0	1.0	0.0	True	False	0.3794920444488525	NA	False	0.0298611111111111	0.0	0.0	0.0	0.0	-0.0298611111111111	real_only	generated_only	True	canonical_tissue	0.4431519685732177	-0.226808581385944	NA	NA	105.0	12.0	NA	NA	NA	False	NA	NA	NA	False	NA	NA	NA	NA
conditional_DDIM_classifier	selected_gene_feature	tissue	heart	generated_only	ENSMUSG00000074637	Sox2	0.5	0.75	0.625	0.0	1.0	0.0	True	False	0.2594233751296997	NA	False	0.0147222222222222	0.0	0.0	0.0	0.0	-0.0147222222222222	real_only	generated_only	True	canonical_tissue	0.1380620282252142	0.054625057031981	NA	NA	105.0	27.0	NA	NA	NA	False	NA	NA	NA	False	NA	NA	NA	NA
conditional_DDIM_classifier	selected_gene_feature	tissue	heart	generated_only	ENSMUSG00000027078	Ube2l6	0.5	0.75	0.125	1.0	1.0	1.0	False	True	0.0574536621570587	0.4183054268360138	True	0.0	-0.0015624999999999	0.5	0.0118248456790123	0.75	-0.0015624999999999	synthetic_domain_only	generated_only	True	canonical_tissue	0.0291986706430506	-0.0091724549289758	0.2964351900886749	0.0806025456467174	223.0	62.0	NA	NA	NA	False	NA	NA	NA	False	NA	NA	NA	NA
conditional_DDIM_classifier	selected_gene_feature	tissue	heart	generated_only	ENSMUSG00000031781	Ciapin1	0.5	0.75	0.5	0.5	1.0	1.0	True	True	0.1271946430206298	0.2691709995269775	True	0.0083333333333333	-0.0263888888888888	0.25	-0.0082561728395062	0.5	-0.0347222222222221	shared_no_positive_importance	generated_only	True	canonical_tissue	0.0896842492624147	-0.0278835624331093	0.2304957970019054	-0.0351674515938259	253.0	34.0	NA	NA	NA	False	NA	NA	NA	False	NA	NA	NA	NA
conditional_DDIM_classifier	selected_gene_feature	tissue	hippocampus	generated_only	ENSMUSG00000045671	Spred2	0.5	0.75	0.0	0.5	0.0	1.0	False	True	NA	-0.0686815232038497	False	0.0	0.0072916666666667	0.75	0.0010416666666666	0.75	0.0072916666666667	synthetic_emergent_real_transfer	generated_only	True	canonical_tissue	NA	NA	0.0573920807532536	-0.0306239879428832	11.0	59.0	NA	NA	NA	False	NA	NA	NA	False	NA	NA	NA	NA
conditional_DDIM_classifier	selected_gene_feature	tissue	hippocampus	generated_only	ENSMUSG00000023067	Cdkn1a	0.5	0.75	1.0	0.625	1.0	1.0	True	True	0.2214547097682953	0.0889808908104896	True	0.0880208333333333	0.0058333333333333	0.6	-0.0175925925925925	0.6	-0.0821874999999999	shared_attenuated	generated_only	True	canonical_tissue	0.3354603582166414	0.3644582686912744	0.3771153023195965	0.0711702344164759	12.0	18.0	NA	NA	NA	False	NA	NA	NA	False	NA	NA	NA	NA
conditional_DDIM_classifier	selected_gene_feature	tissue	hippocampus	generated_only	ENSMUSG00000027793	Ccna1	0.5	0.75	0.0	0.625	0.0	1.0	False	True	NA	-0.0465933345258235	False	0.0	0.005	0.4	0.002037037037037	0.6	0.005	synthetic_domain_only	generated_only	True	canonical_tissue	NA	NA	0.0403246002750995	-0.0031928131685307	14.0	59.0	NA	NA	NA	False	NA	NA	NA	False	NA	NA	NA	NA
conditional_DDIM_classifier	selected_gene_feature	tissue	hippocampus	generated_only	ENSMUSG00000040618	Pck2	0.5	0.75	0.0	0.5	0.0	1.0	False	True	NA	0.1257600933313369	False	0.0	0.003125	0.75	0.0335648148148148	1.0	0.003125	synthetic_emergent_real_transfer	generated_only	True	canonical_tissue	NA	NA	0.1980207188858861	0.1304028787789757	18.0	59.0	NA	NA	NA	False	NA	NA	NA	False	NA	NA	NA	NA
conditional_DDIM_classifier	selected_gene_feature	tissue	hippocampus	generated_only	ENSMUSG00000047281	Sfn	0.5	0.75	0.75	0.25	1.0	1.0	True	False	0.1337638795375824	0.0058916029520332	True	0.0361111111111111	1.1102230246251563e-16	1.0	0.0064814814814814	1.0	-0.036111111111111	real_only	generated_only	True	canonical_tissue	0.1530068657972409	0.1246448570124629	0.3172659808052274	0.0076249073646256	20.0	34.0	NA	NA	NA	False	NA	NA	NA	False	NA	NA	NA	NA
conditional_DDIM_classifier	selected_gene_feature	tissue	hippocampus	generated_only	ENSMUSG00000026874	Hc	0.5	0.75	0.5	0.0	1.0	0.0	True	False	0.1883013546466827	NA	False	0.0166666666666666	0.0	0.0	0.0	0.0	-0.0166666666666666	real_only	generated_only	True	canonical_tissue	0.1402527451110649	0.0620467287333195	NA	NA	68.0	50.0	NA	NA	NA	False	NA	NA	NA	False	NA	NA	NA	NA
conditional_DDIM_classifier	selected_gene_feature	tissue	hippocampus	generated_only	ENSMUSG00000021025	Nfkbia	0.5	0.75	0.875	0.0	1.0	0.0	True	False	0.0877220779657363	NA	False	0.0142857142857142	0.0	0.0	0.0	0.0	-0.0142857142857142	real_only	generated_only	True	canonical_tissue	0.1039839955519389	0.0270911832264747	NA	NA	68.0	53.0	NA	NA	NA	False	NA	NA	NA	False	NA	NA	NA	NA
conditional_DDIM_classifier	selected_gene_feature	tissue	hippocampus	generated_only	ENSMUSG00000068744	Psrc1	0.5	0.75	0.625	0.0	1.0	0.0	True	False	0.1503804922103881	NA	False	0.0433333333333333	0.0	0.0	0.0	0.0	-0.0433333333333333	real_only	generated_only	True	canonical_tissue	0.1883599030406561	0.1211164094682475	NA	NA	68.0	30.0	NA	NA	NA	False	NA	NA	NA	False	NA	NA	NA	NA
conditional_DDIM_classifier	selected_gene_feature	tissue	hippocampus	generated_only	ENSMUSG00000001020	S100a4	0.5	0.75	1.0	0.125	1.0	1.0	True	False	-0.2213942408561706	-0.0435237921774387	True	0.14375	0.0	0.0	-0.0101851851851851	0.0	-0.14375	real_only	generated_only	True	canonical_tissue	0.2786687746014987	0.4677446503997376	0.2017188731602457	0.0126373736213611	68.0	5.0	NA	NA	NA	False	NA	NA	NA	False	NA	NA	NA	NA
conditional_DDIM_classifier	selected_gene_feature	tissue	hippocampus	generated_only	ENSMUSG00000029304	Spp1	0.5	0.75	0.5	0.0	1.0	0.0	True	False	0.0765234231948852	NA	False	0.0270833333333333	0.0	0.0	0.0	0.0	-0.0270833333333333	real_only	generated_only	True	canonical_tissue	0.0582935845726335	0.039561343712032	NA	NA	68.0	42.0	NA	NA	NA	False	NA	NA	NA	False	NA	NA	NA	NA
conditional_DDIM_classifier	selected_gene_feature	tissue	hippocampus	generated_only	ENSMUSG00000012848	Rps5	0.5	0.75	0.0	1.0	0.0	1.0	False	True	NA	-0.0694637596607208	False	0.0	-0.0156249999999999	0.25	0.0092013888888889	0.75	-0.0156249999999999	synthetic_domain_only	generated_only	True	canonical_tissue	NA	NA	0.1354933850695812	0.1266511915953243	140.0	59.0	NA	NA	NA	False	NA	NA	NA	False	NA	NA	NA	NA
conditional_DDIM_classifier	selected_gene_feature	tissue	hippocampus	generated_only	ENSMUSG00000047379	B4gat1	0.5	0.75	0.25	0.5	1.0	1.0	False	True	0.0503302700817585	0.0487200208008289	True	0.0520833333333333	-0.0208333333333332	0.0	0.0047453703703703	0.75	-0.0729166666666666	synthetic_domain_only	generated_only	True	canonical_tissue	0.0325335373490328	0.0399795767311394	0.0920311539344839	0.0999436889310437	148.0	27.0	NA	NA	NA	False	NA	NA	NA	False	NA	NA	NA	NA
conditional_DDIM_classifier	selected_gene_feature	tissue	hippocampus	generated_only	ENSMUSG00000024914	Drap1	0.5	0.75	0.0	1.0	0.0	1.0	False	True	NA	-0.0694757401943206	False	0.0	-0.0317708333333332	0.5	0.0222222222222222	0.625	-0.0317708333333332	synthetic_domain_only	generated_only	True	canonical_tissue	NA	NA	0.2665897087927797	-0.0231798150568044	160.0	59.0	NA	NA	NA	False	NA	NA	NA	False	NA	NA	NA	NA
conditional_DDIM_classifier	selected_gene_feature	tissue	hippocampus	generated_only	ENSMUSG00000028495	Rps6	0.5	0.75	0.0	1.0	0.0	1.0	False	True	NA	-0.0921478569507598	False	0.0	-0.0338541666666666	0.25	0.0277777777777778	0.75	-0.0338541666666666	synthetic_domain_only	generated_only	True	canonical_tissue	NA	NA	0.3766788528791882	0.0859980886793948	162.0	59.0	NA	NA	NA	False	NA	NA	NA	False	NA	NA	NA	NA
conditional_DDIM_classifier	selected_gene_feature	tissue	hippocampus	generated_only	ENSMUSG00000021767	Kat6b	0.5	0.75	0.0	1.0	0.0	1.0	False	True	NA	-0.0851172804832458	False	0.0	-0.0432291666666666	0.375	0.0550925925925926	0.75	-0.0432291666666666	synthetic_domain_only	generated_only	True	canonical_tissue	NA	NA	0.5429339013738415	0.1971482476551338	173.0	59.0	NA	NA	NA	False	NA	NA	NA	False	NA	NA	NA	NA
conditional_DDIM_classifier	selected_gene_feature	tissue	kidney	guided_low_weight	ENSMUSG00000032114	Slc37a4	0.5	0.75	1.0	1.0	1.0	1.0	True	True	0.1507516503334045	0.6997771263122559	True	0.0355399408284023	0.0723372781065088	0.875	0.0328525641025641	0.875	0.0367973372781065	shared_reinforced	guided_low_weight	True	canonical_tissue	0.3782456423354296	0.1623949762443819	0.5316360927917964	0.2234264792386785	7.0	8.0	NA	NA	NA	False	reinforced	complementary	Adds an endoplasmic-reticulum glucose-transport candidate to the renal metabolic response.	True	FLT_higher	0.014332034367675	0.0011792070230749	6.0
conditional_DDIM_classifier	selected_gene_feature	tissue	kidney	guided_low_weight	ENSMUSG00000023067	Cdkn1a	0.5	0.75	1.0	0.125	1.0	1.0	True	False	0.1299414336681366	0.3418640792369842	True	0.0190458579881656	0.0692307692307692	1.0	0.0171268902038132	1.0	0.0501849112426035	real_only	guided_low_weight	True	canonical_tissue	0.0959961128932973	0.0503313119378242	0.1913592615309855	0.0601023920955806	9.0	27.0	NA	NA	NA	False	NA	NA	NA	False	NA	NA	NA	NA
conditional_DDIM_classifier	selected_gene_feature	tissue	kidney	guided_low_weight	ENSMUSG00000044786	Zfp36	0.5	0.75	1.0	0.75	1.0	1.0	True	True	0.132235050201416	0.3653107285499573	True	0.0171597633136094	0.0547337278106508	0.8333333333333334	0.0164091606399298	0.6666666666666666	0.0375739644970414	shared_reinforced	guided_low_weight	True	canonical_tissue	0.1416112270051066	0.0744581470335054	0.344008414708451	0.1961140486167422	15.0	30.0	NA	NA	NA	False	NA	NA	NA	False	NA	NA	NA	NA
conditional_DDIM_classifier	selected_gene_feature	tissue	kidney	guided_low_weight	ENSMUSG00000025889	Snca	0.5	0.75	0.875	0.875	1.0	1.0	True	True	0.1870316714048385	0.3328506052494049	True	0.0137362637362637	0.0439983093829247	0.8571428571428571	0.0141119564196487	0.7142857142857143	0.030262045646661	shared_reinforced	guided_low_weight	True	canonical_tissue	0.1428345764924404	0.0570659723539991	0.2339967128382873	0.1409543106016144	17.0	40.0	NA	NA	NA	False	NA	NA	NA	False	NA	NA	NA	NA
conditional_DDIM_classifier	selected_gene_feature	tissue	kidney	guided_low_weight	ENSMUSG00000020873	Slc35b1	0.5	0.75	0.625	0.5	1.0	1.0	True	True	-0.0883102342486381	-0.5173718333244324	True	0.0154437869822484	0.0394970414201182	0.5	-0.0164529914529914	0.0	0.0240532544378697	shared_reinforced	guided_low_weight	True	canonical_tissue	0.2194902787047027	-0.0420559714524544	0.4818597346785555	-0.2036208681299127	18.0	35.0	NA	NA	NA	False	NA	NA	NA	False	NA	NA	NA	NA
conditional_DDIM_classifier	selected_gene_feature	tissue	kidney	guided_low_weight	ENSMUSG00000031349	Nsdhl	0.5	0.75	1.0	0.875	1.0	1.0	True	True	0.1312400996685028	0.3428855538368225	True	0.0100591715976331	0.0346576500422654	0.8571428571428571	0.0243824551516859	1.0	0.0245984784446322	shared_reinforced	guided_low_weight	True	canonical_tissue	0.1651715389813686	0.0415403519938707	0.442039289074088	0.1130048977278275	20.0	45.0	NA	NA	NA	False	NA	NA	NA	False	NA	NA	NA	NA
conditional_DDIM_classifier	selected_gene_feature	tissue	kidney	guided_low_weight	ENSMUSG00000007656	Arpp19	0.5	0.75	0.875	0.875	1.0	1.0	True	True	0.3275156319141388	0.0777147486805915	True	0.0281910397295012	0.0305579036348266	0.7142857142857143	0.0127265896496665	0.8571428571428571	0.0023668639053254	shared_reinforced	guided_low_weight	True	canonical_tissue	0.3490286904286683	0.1199915594598512	0.2195836209535243	0.0917360402343428	22.0	13.0	NA	NA	NA	False	NA	NA	NA	False	NA	NA	NA	NA
conditional_DDIM_classifier	selected_gene_feature	tissue	kidney	guided_low_weight	ENSMUSG00000025511	Tspan4	0.5	0.75	0.25	0.75	1.0	1.0	False	True	-0.4242212772369385	-0.527563214302063	True	0.007396449704142	0.0301775147928994	0.8333333333333334	0.010042735042735	1.0	0.0227810650887573	synthetic_emergent_real_transfer	guided_low_weight	True	canonical_tissue	0.39908122261315	-0.1508348009438093	0.4862814656876664	-0.0047131586700487	23.0	58.0	NA	NA	NA	False	NA	NA	NA	False	NA	NA	NA	NA
conditional_DDIM_classifier	selected_gene_feature	tissue	kidney	guided_low_weight	ENSMUSG00000038418	Egr1	0.5	0.75	1.0	0.5	1.0	1.0	True	True	0.1966880857944488	0.4900164306163788	True	0.0420118343195266	0.0297337278106508	0.75	0.0037557527942143	0.5	-0.0122781065088757	shared_attenuated	guided_low_weight	True	canonical_tissue	0.1976477317855536	0.1006516507010549	0.2951061505534569	0.1146356917207284	24.0	2.0	NA	NA	NA	False	NA	NA	NA	False	NA	NA	NA	NA
conditional_DDIM_classifier	selected_gene_feature	tissue	kidney	guided_low_weight	ENSMUSG00000037649	H2-DMa	0.5	0.75	0.25	0.5	1.0	1.0	False	True	-0.5675639510154724	-0.6859856843948364	True	-0.0146449704142011	0.0297337278106508	0.75	0.0079963839579224	0.75	0.044378698224852	synthetic_emergent_real_transfer	guided_low_weight	True	canonical_tissue	0.4453318246402332	-0.160529465942145	0.4928723675354076	0.0236959825068802	24.0	289.0	NA	NA	NA	False	NA	NA	NA	False	NA	NA	NA	NA
conditional_DDIM_classifier	selected_gene_feature	tissue	kidney	guided_low_weight	ENSMUSG00000020484	Xbp1	0.5	0.75	1.0	0.875	1.0	1.0	True	True	0.0518772937357425	0.3420065939426422	True	0.0161982248520709	0.0237109044801352	0.5714285714285714	0.0141401333709026	1.0	0.0075126796280642	shared_reinforced	guided_low_weight	True	canonical_tissue	0.1476257279361277	0.0236381998465856	0.2594975577243891	0.1005030041446678	28.0	34.0	NA	NA	NA	False	NA	NA	NA	False	NA	NA	NA	NA
conditional_DDIM_classifier	selected_gene_feature	tissue	kidney	guided_low_weight	ENSMUSG00000032786	Alas1	0.5	0.75	1.0	0.625	0.75	0.6000000238418579	True	False	0.0871548801660537	0.2468568682670593	True	0.0120192307692307	0.0194674556213017	0.8	0.0022222222222222	0.6	0.0074482248520709	real_only	guided_low_weight	True	canonical_tissue	0.137345025211764	0.0679169256685503	0.2074695906855715	0.1167898292481766	35.0	42.0	NA	NA	NA	False	NA	NA	NA	False	NA	NA	NA	NA
conditional_DDIM_classifier	selected_gene_feature	tissue	kidney	guided_low_weight	ENSMUSG00000010651	Acaa1b	0.5	0.75	0.0	0.75	0.0	1.0	False	True	NA	-0.3666397333145141	False	0.0	0.0187376725838264	0.8333333333333334	0.0006738987508218	0.5	0.0187376725838264	synthetic_emergent_real_transfer	guided_low_weight	True	canonical_tissue	NA	NA	0.3464997213771129	0.0035244543682304	37.0	123.0	NA	NA	NA	False	NA	NA	NA	False	NA	NA	NA	NA
conditional_DDIM_classifier	selected_gene_feature	tissue	kidney	guided_low_weight	ENSMUSG00000070348	Ccnd1	0.5	0.75	0.0	0.5	0.0	1.0	False	True	NA	-0.5416786074638367	False	0.0	0.0178994082840236	1.0	0.0035831689677843	0.75	0.0178994082840236	synthetic_emergent_real_transfer	guided_low_weight	True	canonical_tissue	NA	NA	0.581911825364261	-0.1308516048194928	39.0	123.0	NA	NA	NA	False	NA	NA	NA	False	NA	NA	NA	NA
conditional_DDIM_classifier	selected_gene_feature	tissue	kidney	guided_low_weight	ENSMUSG00000037940	Inpp4b	0.5	0.75	0.125	0.75	1.0	1.0	False	True	0.1577560752630233	0.4482481479644775	True	-0.0097633136094674	0.0173076923076923	0.8333333333333334	0.0169460880999342	0.6666666666666666	0.0270710059171597	synthetic_emergent_real_transfer	guided_low_weight	True	canonical_tissue	0.1430414101618866	-0.0198258789785925	0.4619543727676775	0.0323476259393493	41.0	278.0	NA	NA	NA	False	promoted	complementary	Adds a focused phosphoinositide-signaling candidate to prior renal pathway findings.	True	FLT_higher	0.000194350136523	3.362888946744105e-05	6.0
conditional_DDIM_classifier	selected_gene_feature	tissue	kidney	guided_low_weight	ENSMUSG00000041351	Rap1gap	0.5	0.75	0.0	0.625	0.0	1.0	False	True	NA	-0.6642627120018005	False	0.0	0.0151479289940828	0.6	0.0101051939513478	1.0	0.0151479289940828	synthetic_emergent_real_transfer	guided_low_weight	True	canonical_tissue	NA	NA	0.4263977715818171	-0.0586261319688966	46.0	123.0	NA	NA	NA	False	NA	NA	NA	False	NA	NA	NA	NA
conditional_DDIM_classifier	selected_gene_feature	tissue	kidney	guided_low_weight	ENSMUSG00000018906	P4ha2	0.5	0.75	0.625	0.625	0.2000000029802322	1.0	False	True	-0.0385731384158134	0.034793920814991	False	-0.0011242603550296	0.014378698224852	0.6	0.0105917159763313	0.6	0.0155029585798816	synthetic_emergent_real_transfer	guided_low_weight	True	canonical_tissue	0.0527729696385815	-0.0163365849380371	0.1369422977770608	0.0663677984598666	48.0	233.0	NA	NA	NA	False	NA	NA	NA	False	NA	NA	NA	NA
conditional_DDIM_classifier	selected_gene_feature	tissue	kidney	guided_low_weight	ENSMUSG00000032115	Hyou1	0.5	0.75	0.875	0.5	0.1428571492433548	1.0	False	True	0.0080823525786399	0.1806590259075164	True	-0.0044378698224852	0.0119822485207099	0.5	0.0068129520052597	0.75	0.0164201183431952	synthetic_emergent_real_transfer	guided_low_weight	True	canonical_tissue	0.0484079058450412	-0.0161648635123931	0.1539681589866778	0.0743035426008361	52.0	257.0	NA	NA	NA	False	NA	NA	NA	False	NA	NA	NA	NA
conditional_DDIM_classifier	selected_gene_feature	tissue	kidney	guided_low_weight	ENSMUSG00000024338	Psmb8	0.5	0.75	0.25	0.5	1.0	1.0	False	True	-0.2968835234642029	-0.2585414350032806	True	-0.0115384615384615	0.0116124260355029	0.75	0.0092209072978303	1.0	0.0231508875739644	synthetic_emergent_real_transfer	guided_low_weight	True	canonical_tissue	0.24250623007213	-0.0577157617853601	0.3098363301541535	-0.0499297700269479	56.0	285.0	NA	NA	NA	False	NA	NA	NA	False	NA	NA	NA	NA
conditional_DDIM_classifier	selected_gene_feature	tissue	kidney	guided_low_weight	ENSMUSG00000020917	Acly	0.5	0.75	1.0	0.625	1.0	1.0	True	True	0.0899557322263717	0.3689237236976623	True	0.0035502958579881	0.0110650887573964	0.6	-0.0004273504273504	0.8	0.0075147928994082	shared_reinforced	guided_low_weight	True	canonical_tissue	0.0769886436200496	0.0318977265931928	0.2729763101284298	0.070418274516493	58.0	87.0	NA	NA	NA	False	NA	NA	NA	False	NA	NA	NA	NA
conditional_DDIM_classifier	selected_gene_feature	tissue	kidney	guided_low_weight	ENSMUSG00000091625	Lsm5	0.5	0.75	0.0	0.625	0.0	1.0	False	True	NA	0.2367478907108307	False	0.0	0.0110650887573964	1.0	0.00310322156476	0.6	0.0110650887573964	synthetic_emergent_real_transfer	guided_low_weight	True	canonical_tissue	NA	NA	0.2237146497232321	0.0394128473619484	58.0	123.0	NA	NA	NA	False	NA	NA	NA	False	NA	NA	NA	NA
conditional_DDIM_classifier	selected_gene_feature	tissue	kidney	guided_low_weight	ENSMUSG00000054894	Dmac2l	0.5	0.75	0.125	0.5	1.0	1.0	False	True	-0.3146554231643677	-0.0580950751900672	True	-0.0236686390532544	0.0105029585798816	0.75	-0.0016600920447074	0.5	0.034171597633136	synthetic_emergent_real_transfer	guided_low_weight	True	canonical_tissue	0.2375409640923095	-0.0183414787205673	0.1242431343298958	-0.0057627861877179	61.0	294.0	NA	NA	NA	False	NA	NA	NA	False	NA	NA	NA	NA
conditional_DDIM_classifier	selected_gene_feature	tissue	kidney	guided_low_weight	ENSMUSG00000015289	Lage3	0.5	0.75	0.0	0.5	0.0	1.0	False	True	NA	0.0783531963825225	False	0.0	0.0088757396449704	1.0	0.0045118343195266	0.75	0.0088757396449704	synthetic_emergent_real_transfer	guided_low_weight	True	canonical_tissue	NA	NA	0.1089140538243916	0.0599793086578115	69.0	123.0	NA	NA	NA	False	NA	NA	NA	False	NA	NA	NA	NA
conditional_DDIM_classifier	selected_gene_feature	tissue	kidney	guided_low_weight	ENSMUSG00000049866	Arl4c	0.5	0.75	0.0	0.625	0.0	1.0	False	True	NA	-0.3575147092342376	False	0.0	0.0066272189349112	0.6	0.0050230111768573	0.6	0.0066272189349112	synthetic_emergent_real_transfer	guided_low_weight	True	canonical_tissue	NA	NA	0.2138403563780696	-0.034135490010594	82.0	123.0	NA	NA	NA	False	NA	NA	NA	False	NA	NA	NA	NA
conditional_DDIM_classifier	selected_gene_feature	tissue	kidney	guided_low_weight	ENSMUSG00000024778	Fas	0.5	0.75	0.5	0.125	1.0	1.0	True	False	0.3024530708789825	0.0288414731621742	True	0.0152366863905325	0.0062130177514793	1.0	0.0032544378698224	1.0	-0.0090236686390531	real_only	guided_low_weight	True	canonical_tissue	0.3059782110633964	0.0442759500129907	0.0233126879846231	0.0133598926187122	83.0	36.0	NA	NA	NA	False	NA	NA	NA	False	NA	NA	NA	NA
conditional_DDIM_classifier	selected_gene_feature	tissue	kidney	guided_low_weight	ENSMUSG00000028587	Orc1	0.5	0.75	0.25	0.75	1.0	1.0	False	True	-0.3209502100944519	-0.106089636683464	True	-0.0051775147928994	0.0059664694280078	0.8333333333333334	0.0137354810431733	0.6666666666666666	0.0111439842209073	synthetic_emergent_real_transfer	guided_low_weight	True	canonical_tissue	0.2770839207317248	-0.0027510728514702	0.1250269621076054	0.0062676895174508	86.0	263.0	NA	NA	NA	False	NA	NA	NA	False	NA	NA	NA	NA
conditional_DDIM_classifier	selected_gene_feature	tissue	kidney	guided_low_weight	ENSMUSG00000063694	Cycs	0.5	0.75	0.125	0.75	1.0	1.0	False	True	0.2584262788295746	0.1432847678661346	True	0.0059171597633136	0.0040927021696252	0.6666666666666666	0.0028983125136971	0.5	-0.0018244575936883	synthetic_emergent_real_transfer	guided_low_weight	True	canonical_tissue	0.1883825573981757	-0.0139639551348649	0.1023699242971658	0.0157460726559518	95.0	68.0	NA	NA	NA	False	NA	NA	NA	False	NA	NA	NA	NA
conditional_DDIM_classifier	selected_gene_feature	tissue	kidney	guided_low_weight	ENSMUSG00000021250	Fos	0.5	0.75	0.875	0.625	1.0	0.2000000029802322	True	False	0.0422902628779411	-0.0135713387280702	False	0.0079459002535925	0.0039644970414201	0.6	0.011163708086785	0.8	-0.0039814032121724	real_only	guided_low_weight	True	canonical_tissue	0.0638071666417589	0.0375458221523807	0.0376872939985411	-0.009956423018345	97.0	56.0	NA	NA	NA	False	NA	NA	NA	False	NA	NA	NA	NA
conditional_DDIM_classifier	selected_gene_feature	tissue	kidney	guided_low_weight	ENSMUSG00000022364	Tbc1d31	0.5	0.75	0.5	0.875	0.5	1.0	False	True	0.0495774522423744	0.199055016040802	True	0.0083579881656804	0.0036770921386305	0.8571428571428571	0.0039212923828308	0.5714285714285714	-0.0046808960270498	synthetic_emergent_real_transfer	guided_low_weight	True	canonical_tissue	0.1441594885971329	0.0500618998970534	0.1474296553114245	0.0321443877759154	100.0	54.0	NA	NA	NA	False	NA	NA	NA	False	NA	NA	NA	NA
conditional_DDIM_classifier	selected_gene_feature	tissue	kidney	guided_low_weight	ENSMUSG00000022346	Myc	0.5	0.75	0.0	0.5	0.0	1.0	False	True	NA	-0.1826629638671875	False	0.0	0.0035502958579881	0.5	-0.0032873109796186	0.25	0.0035502958579881	synthetic_emergent_real_transfer	guided_low_weight	True	canonical_tissue	NA	NA	0.1158163589297549	0.0009137636988011	103.0	123.0	NA	NA	NA	False	NA	NA	NA	False	NA	NA	NA	NA
conditional_DDIM_classifier	selected_gene_feature	tissue	kidney	guided_low_weight	ENSMUSG00000031740	Mmp2	0.5	0.75	0.125	0.625	1.0	1.0	False	True	0.004986417479813	0.1045454889535904	True	-0.0056213017751479	0.0015384615384615	0.6	0.005680473372781	0.6	0.0071597633136095	synthetic_emergent_real_transfer	guided_low_weight	True	canonical_tissue	0.0044493880615249	-5.893816834939277e-05	0.1051689029462688	0.0314657437655893	122.0	264.0	NA	NA	NA	False	NA	NA	NA	False	NA	NA	NA	NA
conditional_DDIM_classifier	selected_gene_feature	tissue	kidney	guided_low_weight	ENSMUSG00000030103	Bhlhe40	0.5	0.75	0.5	0.0	1.0	0.0	True	False	-0.017457416281104	NA	False	-0.0056952662721893	0.0	0.0	0.0	0.0	0.0056952662721893	real_only	guided_low_weight	True	canonical_tissue	0.052718895653979	-0.019559946288362	NA	NA	133.0	266.0	NA	NA	NA	False	NA	NA	NA	False	NA	NA	NA	NA
conditional_DDIM_classifier	selected_gene_feature	tissue	kidney	guided_low_weight	ENSMUSG00000027793	Ccna1	0.5	0.75	0.5	0.0	1.0	0.0	True	False	-0.1331578940153122	NA	False	0.0006656804733727	0.0	0.0	0.0	0.0	-0.0006656804733727	real_only	guided_low_weight	True	canonical_tissue	0.1061591282484532	-0.0254862106921361	NA	NA	133.0	116.0	NA	NA	NA	False	NA	NA	NA	False	NA	NA	NA	NA
conditional_DDIM_classifier	selected_gene_feature	tissue	kidney	guided_low_weight	ENSMUSG00000020108	Ddit4	0.5	0.75	1.0	0.0	0.75	0.0	True	False	0.0675432458519935	NA	False	0.0094674556213017	0.0	0.0	0.0	0.0	-0.0094674556213017	real_only	guided_low_weight	True	canonical_tissue	0.0635261271383408	0.0219195646306212	NA	NA	133.0	47.0	NA	NA	NA	False	NA	NA	NA	False	NA	NA	NA	NA
conditional_DDIM_classifier	selected_gene_feature	tissue	kidney	guided_low_weight	ENSMUSG00000040028	Elavl1	0.5	0.75	0.5	0.0	1.0	0.0	True	False	-0.0509837605059146	NA	False	-0.0075443786982248	0.0	0.0	0.0	0.0	0.0075443786982248	real_only	guided_low_weight	True	canonical_tissue	0.1007033145356937	-0.0338383534327652	NA	NA	133.0	272.0	NA	NA	NA	False	NA	NA	NA	False	NA	NA	NA	NA
conditional_DDIM_classifier	selected_gene_feature	tissue	kidney	guided_low_weight	ENSMUSG00000110469	Gm10358	0.5	0.75	0.75	0.0	1.0	0.0	True	False	0.2104927450418472	NA	False	-0.003007889546351	0.0	0.0	0.0	0.0	0.003007889546351	real_only	guided_low_weight	True	canonical_tissue	0.0765192305195489	0.0145853823918268	NA	NA	133.0	250.0	NA	NA	NA	False	NA	NA	NA	False	NA	NA	NA	NA
conditional_DDIM_classifier	selected_gene_feature	tissue	kidney	guided_low_weight	ENSMUSG00000025813	Homer2	0.5	0.75	0.75	0.0	1.0	0.0	True	False	0.1048547998070716	NA	False	0.0038954635108481	0.0	0.0	0.0	0.0	-0.0038954635108481	real_only	guided_low_weight	True	canonical_tissue	0.1239193878067629	0.0143712379068707	NA	NA	133.0	83.0	NA	NA	NA	False	NA	NA	NA	False	NA	NA	NA	NA
conditional_DDIM_classifier	selected_gene_feature	tissue	kidney	guided_low_weight	ENSMUSG00000055044	Pdlim1	0.5	0.75	0.5	0.0	1.0	0.0	True	False	-0.0259073283523321	NA	False	0.0171597633136094	0.0	0.0	0.0	0.0	-0.0171597633136094	real_only	guided_low_weight	True	canonical_tissue	0.0913540237162975	0.0004537847534174	NA	NA	133.0	30.0	NA	NA	NA	False	NA	NA	NA	False	NA	NA	NA	NA
conditional_DDIM_classifier	selected_gene_feature	tissue	kidney	guided_low_weight	ENSMUSG00000024215	Spdef	0.5	0.75	0.5	0.0	1.0	0.0	True	False	-0.1684263795614242	NA	False	0.0199704142011834	0.0	0.0	0.0	0.0	-0.0199704142011834	real_only	guided_low_weight	True	canonical_tissue	0.1306961822210399	-0.0017623594635906	NA	NA	133.0	26.0	NA	NA	NA	False	NA	NA	NA	False	NA	NA	NA	NA
conditional_DDIM_classifier	selected_gene_feature	tissue	kidney	guided_low_weight	ENSMUSG00000074637	Sox2	0.5	0.75	0.875	0.5	1.0	1.0	True	True	-0.3540106415748596	-0.0075181364081799	True	0.0297125950972104	-0.0011094674556212	0.25	0.0038132807363576	0.5	-0.0308220625528317	shared_synthetic_domain_only	guided_low_weight	True	canonical_tissue	0.2157841352891527	0.0448937992988993	0.0080751492774824	0.0035472581560228	255.0	12.0	NA	NA	NA	False	NA	NA	NA	False	NA	NA	NA	NA
conditional_DDIM_classifier	selected_gene_feature	tissue	kidney	guided_low_weight	ENSMUSG00000026421	Csrp1	0.5	0.75	0.625	0.5	0.6000000238418579	1.0	False	True	0.0295775756239891	0.1706679314374923	True	0.0037278106508875	-0.0035502958579881	0.5	-3.2873109796188954e-05	0.5	-0.0072781065088757	synthetic_emergent_no_positive_importance	guided_low_weight	True	canonical_tissue	0.0602560315930596	0.0038530896705302	0.2492391268887842	0.0618738035637555	263.0	85.0	NA	NA	NA	False	NA	NA	NA	False	NA	NA	NA	NA
conditional_DDIM_classifier	selected_gene_feature	tissue	kidney	guided_low_weight	ENSMUSG00000059401	Mamld1	0.5	0.75	0.625	0.125	1.0	1.0	True	False	0.0791638866066932	0.1189825236797332	True	0.009585798816568	-0.0035502958579882	0.0	-0.0242274819197895	0.0	-0.0131360946745563	real_only	guided_low_weight	True	canonical_tissue	0.1088827729278155	0.0454286739363365	0.1082614619403979	0.0674684455178313	264.0	46.0	NA	NA	NA	False	NA	NA	NA	False	FLT_higher	0.0003956418743623	0.0006250971788221	6.0
conditional_DDIM_classifier	selected_gene_feature	tissue	kidney	guided_low_weight	ENSMUSG00000020176	Grb10	0.5	0.75	0.75	0.375	1.0	1.0	True	False	0.0449762232601642	0.0921531170606613	True	-0.0006410256410256	-0.017258382642998	0.3333333333333333	0.0029037913653298	0.6666666666666666	-0.0166173570019724	real_only	guided_low_weight	True	canonical_tissue	0.0619884085609002	0.00022146530935	0.1609789569858374	0.0241119782553361	289.0	229.0	NA	NA	NA	False	NA	NA	NA	False	NA	NA	NA	NA
conditional_DDIM_classifier	selected_gene_feature	tissue	lung	generated_only	ENSMUSG00000025511	Tspan4	0.5	0.75	1.0	1.0	1.0	1.0	True	True	-0.2240316271781921	-0.7397243976593018	True	0.030078125	0.06552734375	0.875	0.05498046875	1.0	0.03544921875	shared_reinforced	generated_only	True	canonical_tissue	0.2143648914040222	0.2121294695902358	0.8073926243786509	0.8845405188816086	1.0	7.0	NA	NA	NA	False	NA	NA	NA	False	NA	NA	NA	NA
conditional_DDIM_classifier	selected_gene_feature	tissue	lung	generated_only	ENSMUSG00000028007	Snx7	0.5	0.75	0.5	0.125	1.0	1.0	True	False	0.0920191630721092	0.6438066363334656	True	-0.0033203125	0.03515625	1.0	0.0027777777777777	1.0	0.0384765625	real_only	generated_only	True	canonical_tissue	0.0723148467379927	0.0169400254473054	0.4572076047114907	0.5004266877625103	5.0	357.0	NA	NA	NA	False	NA	NA	NA	False	NA	NA	NA	NA
conditional_DDIM_classifier	selected_gene_feature	tissue	lung	generated_only	ENSMUSG00000071637	Cebpd	0.5	0.75	0.625	1.0	1.0	1.0	True	True	0.2020609378814697	0.6637176275253296	True	-0.0021874999999999	0.03056640625	0.75	0.0480685763888889	1.0	0.03275390625	shared_reinforced	generated_only	True	canonical_tissue	0.1672899213070978	-0.0083480771135779	0.7122056816206345	0.2590913523713373	12.0	343.0	NA	NA	NA	False	NA	NA	NA	False	NA	NA	NA	NA
conditional_DDIM_classifier	selected_gene_feature	tissue	lung	generated_only	ENSMUSG00000030357	Fkbp4	0.5	0.75	1.0	1.0	1.0	1.0	True	True	-0.3039673566818237	-0.3765453100204468	True	0.0251953125	0.02890625	0.875	0.0186306423611111	0.875	0.0037109375	shared_reinforced	generated_only	True	canonical_tissue	0.2601060900168038	0.3377476590354519	0.3075326661774646	0.4273561307406328	14.0	14.0	NA	NA	NA	False	NA	NA	NA	False	NA	NA	NA	NA
conditional_DDIM_classifier	selected_gene_feature	tissue	lung	generated_only	ENSMUSG00000023067	Cdkn1a	0.5	0.75	1.0	0.375	1.0	1.0	True	False	0.3368158340454101	0.4863938391208648	True	0.0228515625	0.0177083333333333	1.0	0.0046296296296296	0.6666666666666666	-0.0051432291666666	real_only	generated_only	True	canonical_tissue	0.2898007892308797	0.2338180893062121	0.3286509419922309	0.3019124662611289	37.0	15.0	NA	NA	NA	False	NA	NA	NA	False	NA	NA	NA	NA
conditional_DDIM_classifier	selected_gene_feature	tissue	lung	generated_only	ENSMUSG00000004951	Hspb1	0.5	0.75	1.0	1.0	1.0	1.0	True	True	-0.2372578680515289	-0.1312460005283355	True	0.030859375	0.01669921875	0.875	0.0119466145833333	0.75	-0.01416015625	shared_attenuated	generated_only	True	canonical_tissue	0.2304275542571801	0.3094161702674178	0.1200423495177881	0.1634011127413113	43.0	5.0	NA	NA	NA	False	NA	NA	NA	False	NA	NA	NA	NA
conditional_DDIM_classifier	selected_gene_feature	tissue	lung	generated_only	ENSMUSG00000015656	Hspa8	0.5	0.75	0.625	1.0	1.0	1.0	True	True	-0.0155510166659951	-0.2292821705341339	True	-0.0017187499999999	0.01591796875	0.75	0.0089626736111111	1.0	0.01763671875	shared_reinforced	generated_only	True	canonical_tissue	0.0936188527128785	0.0319546831090171	0.2467777183453052	0.2681942995595364	48.0	339.0	NA	NA	NA	False	NA	NA	NA	False	NA	NA	NA	NA
conditional_DDIM_classifier	selected_gene_feature	tissue	lung	generated_only	ENSMUSG00000069808	Tlcd3a	0.5	0.75	0.25	1.0	1.0	1.0	False	True	-0.1533022671937942	-0.9980431199073792	True	0.009765625	0.0146484375	0.625	0.0670464409722222	1.0	0.0048828125	synthetic_emergent_real_transfer	generated_only	True	canonical_tissue	0.0408242391139203	0.0130223703212309	0.5182166710851785	0.3836080792802357	53.0	50.0	NA	NA	NA	False	NA	NA	NA	False	NA	NA	NA	NA
conditional_DDIM_classifier	selected_gene_feature	tissue	lung	generated_only	ENSMUSG00000055044	Pdlim1	0.5	0.75	0.0	0.75	0.0	1.0	False	True	NA	-0.4100150763988495	False	0.0	0.0130208333333333	0.6666666666666666	0.0141927083333333	1.0	0.0130208333333333	synthetic_emergent_real_transfer	generated_only	True	canonical_tissue	NA	NA	0.3159699206233042	0.2284064167066701	61.0	111.0	NA	NA	NA	False	NA	NA	NA	False	NA	NA	NA	NA
conditional_DDIM_classifier	selected_gene_feature	tissue	lung	generated_only	ENSMUSG00000029366	Dck	0.5	0.75	0.75	0.25	1.0	1.0	True	False	-0.1108174324035644	-0.3188806176185608	True	0.009375	0.0109375	1.0	0.0014322916666666	0.5	0.0015624999999999	real_only	generated_only	True	canonical_tissue	0.0797107902403131	0.0346619139583895	0.2529264548606812	0.2286867001127513	76.0	52.0	NA	NA	NA	False	NA	NA	NA	False	NA	NA	NA	NA
conditional_DDIM_classifier	selected_gene_feature	tissue	lung	generated_only	ENSMUSG00000005483	Dnajb1	0.5	0.75	0.75	0.25	1.0	1.0	True	False	-0.1628129035234451	-0.3540802597999573	True	0.009765625	0.009765625	0.5	-0.0044270833333333	0.0	0.0	real_only	generated_only	True	canonical_tissue	0.2800216307528337	0.1275800502561632	0.3223573789583854	0.2646047765455467	83.0	50.0	NA	NA	NA	False	NA	NA	NA	False	NA	NA	NA	NA
conditional_DDIM_classifier	selected_gene_feature	tissue	lung	generated_only	ENSMUSG00000014776	Nol3	0.5	0.75	0.0	1.0	0.0	1.0	False	True	NA	-0.3455623984336853	False	0.0	0.0095703125	0.5	0.0044596354166666	0.625	0.0095703125	synthetic_emergent_real_transfer	generated_only	True	canonical_tissue	NA	NA	0.3075066991036756	0.1970442584136059	85.0	111.0	NA	NA	NA	False	NA	NA	NA	False	NA	NA	NA	NA
conditional_DDIM_classifier	selected_gene_feature	tissue	lung	generated_only	ENSMUSG00000025980	Hspd1	0.5	0.75	0.875	0.5	0.7142857313156128	1.0	False	True	-0.0843267664313316	-0.1529511213302612	True	0.00390625	0.009375	0.5	0.0009765624999999	0.75	0.00546875	synthetic_emergent_real_transfer	generated_only	True	canonical_tissue	0.1220612471596613	0.053354395313101	0.0946305583445972	0.0794585834513959	86.0	81.0	NA	NA	NA	False	NA	NA	NA	False	NA	NA	NA	NA
conditional_DDIM_classifier	selected_gene_feature	tissue	lung	generated_only	ENSMUSG00000037649	H2-DMa	0.5	0.75	0.5	0.75	1.0	1.0	True	True	-0.093909740447998	-0.1083594262599945	True	0.0025390625	0.0092447916666666	0.8333333333333334	0.0020543981481481	0.8333333333333334	0.0067057291666666	shared_reinforced	generated_only	True	canonical_tissue	0.0780597854827215	0.0285340772732726	0.1935311155850823	0.2593180505366022	90.0	92.0	NA	NA	NA	False	NA	NA	NA	False	NA	NA	NA	NA
conditional_DDIM_classifier	selected_gene_feature	tissue	lung	generated_only	ENSMUSG00000030888	Rrp8	0.5	0.75	0.0	0.75	0.0	1.0	False	True	NA	-0.1220824569463729	False	0.0	0.0087239583333333	0.6666666666666666	0.0011429398148148	0.6666666666666666	0.0087239583333333	synthetic_emergent_real_transfer	generated_only	True	canonical_tissue	NA	NA	0.1474199938732673	0.0737336056725464	92.0	111.0	NA	NA	NA	False	NA	NA	NA	False	NA	NA	NA	NA
conditional_DDIM_classifier	selected_gene_feature	tissue	lung	generated_only	ENSMUSG00000000827	Tpd52l2	0.5	0.75	0.125	1.0	1.0	0.75	False	True	-0.1459411531686782	-0.1297512948513031	True	0.0109375	0.00869140625	0.625	0.0016059027777778	0.625	-0.0022460937499999	synthetic_emergent_real_transfer	generated_only	True	canonical_tissue	0.1408297828850747	0.0470570152387576	0.1062994196620099	0.0674326413128034	93.0	43.0	NA	NA	NA	False	NA	NA	NA	False	NA	NA	NA	NA
conditional_DDIM_classifier	selected_gene_feature	tissue	lung	generated_only	ENSMUSG00000024912	Fosl1	0.5	0.75	0.5	0.125	1.0	1.0	True	False	0.1410505026578903	0.0510749593377113	True	0.0111328125	0.00859375	1.0	-0.0113715277777776	0.0	-0.0025390624999999	real_only	generated_only	True	canonical_tissue	0.1035620163101593	0.0391735087203517	0.2060255905446103	0.0556914396807428	94.0	42.0	NA	NA	NA	False	NA	NA	NA	False	NA	NA	NA	NA
conditional_DDIM_classifier	selected_gene_feature	tissue	lung	generated_only	ENSMUSG00000067148	Polr1c	0.5	0.75	0.0	0.5	0.0	1.0	False	True	NA	0.2116208970546722	False	0.0	0.0076171874999999	0.75	0.0024522569444444	0.75	0.0076171874999999	synthetic_emergent_real_transfer	generated_only	True	canonical_tissue	NA	NA	0.1871248704469548	-0.1368019049458227	107.0	111.0	NA	NA	NA	False	NA	NA	NA	False	NA	NA	NA	NA
conditional_DDIM_classifier	selected_gene_feature	tissue	lung	generated_only	ENSMUSG00000030103	Bhlhe40	0.5	0.75	0.5	1.0	1.0	1.0	True	True	-0.2678415775299072	-0.2366892993450164	True	0.0068359375	0.005859375	0.5	0.0194118923611111	1.0	-0.0009765625	shared_attenuated	generated_only	True	canonical_tissue	0.2216562483194099	0.0743219675007688	0.2895412339739438	0.2353916584414184	129.0	67.0	NA	NA	NA	False	NA	NA	NA	False	NA	NA	NA	NA
conditional_DDIM_classifier	selected_gene_feature	tissue	lung	generated_only	ENSMUSG00000022892	App	0.5	0.75	0.0	0.75	0.0	1.0	False	True	NA	-0.1767636239528656	False	0.0	0.0053385416666666	0.5	0.0055555555555555	1.0	0.0053385416666666	synthetic_emergent_real_transfer	generated_only	True	canonical_tissue	NA	NA	0.1940502348997644	0.116783271603494	133.0	111.0	NA	NA	NA	False	NA	NA	NA	False	NA	NA	NA	NA
conditional_DDIM_classifier	selected_gene_feature	tissue	lung	generated_only	ENSMUSG00000037405	Icam1	0.5	0.75	0.0	0.75	0.0	1.0	False	True	NA	-0.2990520000457763	False	0.0	0.0050781249999999	0.5	0.0059751157407407	1.0	0.0050781249999999	synthetic_emergent_real_transfer	generated_only	True	canonical_tissue	NA	NA	0.235950607513352	0.1590594974657931	136.0	111.0	NA	NA	NA	False	NA	NA	NA	False	NA	NA	NA	NA
conditional_DDIM_classifier	selected_gene_feature	tissue	lung	generated_only	ENSMUSG00000005583	Mef2c	0.5	0.75	0.25	0.625	1.0	1.0	False	True	-0.0477495901286602	-0.6875469088554382	True	-0.002734375	0.0046875	0.6	0.0073611111111111	0.8	0.007421875	synthetic_emergent_real_transfer	generated_only	True	canonical_tissue	0.0313261148579559	-0.0138276960525876	0.3978071208057144	-0.0593884774812926	138.0	350.0	NA	NA	NA	False	NA	NA	NA	False	NA	NA	NA	NA
conditional_DDIM_classifier	selected_gene_feature	tissue	lung	generated_only	ENSMUSG00000015839	Nfe2l2	0.5	0.75	0.125	1.0	1.0	1.0	False	True	-0.0291866548359394	-0.3255282640457153	True	0.009375	0.0044921875	0.625	0.0075954861111111	0.75	-0.0048828125	synthetic_emergent_real_transfer	generated_only	True	canonical_tissue	0.0237777034791593	-0.0035676054783307	0.2379514273874447	0.1036048339154469	145.0	52.0	NA	NA	NA	False	NA	NA	NA	False	NA	NA	NA	NA
conditional_DDIM_classifier	selected_gene_feature	tissue	lung	generated_only	ENSMUSG00000021359	Tfap2a	0.5	0.75	0.75	0.25	1.0	1.0	True	False	-0.199368268251419	0.0199518054723739	False	0.003125	0.001953125	0.5	-0.0007378472222221	0.5	-0.001171875	real_only	generated_only	True	canonical_tissue	0.1564952249129866	0.0681713152097017	0.0659347366634193	-0.0030134058409981	175.0	88.0	NA	NA	NA	False	NA	NA	NA	False	NA	NA	NA	NA
conditional_DDIM_classifier	selected_gene_feature	tissue	lung	generated_only	ENSMUSG00000047379	B4gat1	0.5	0.75	0.0	0.5	0.0	1.0	False	True	NA	-0.2970653176307678	False	0.0	0.0019531249999999	0.25	0.0007161458333333	0.75	0.0019531249999999	synthetic_domain_only	generated_only	True	canonical_tissue	NA	NA	0.290688402229287	0.0796357099503534	176.0	111.0	NA	NA	NA	False	NA	NA	NA	False	NA	NA	NA	NA
conditional_DDIM_classifier	selected_gene_feature	tissue	lung	generated_only	ENSMUSG00000033365	Ipo13	0.5	0.75	0.0	0.625	0.0	1.0	False	True	NA	-0.0481715723872184	False	0.0	0.0001562499999999	0.6	0.0041840277777777	0.6	0.0001562499999999	synthetic_emergent_real_transfer	generated_only	True	canonical_tissue	NA	NA	0.1518508866836057	0.0308401848276251	194.0	111.0	NA	NA	NA	False	NA	NA	NA	False	NA	NA	NA	NA
conditional_DDIM_classifier	selected_gene_feature	tissue	lung	generated_only	ENSMUSG00000028212	Ccne2	0.5	0.75	0.625	0.0	1.0	0.0	True	False	-0.1820895820856094	NA	False	6.93889390390723e-19	0.0	0.0	0.0	0.0	-6.93889390390723e-19	real_only	generated_only	True	canonical_tissue	0.2115030403741162	0.0089996438461732	NA	NA	195.0	110.0	NA	NA	NA	False	NA	NA	NA	False	NA	NA	NA	NA
conditional_DDIM_classifier	selected_gene_feature	tissue	lung	generated_only	ENSMUSG00000044303	Cdkn2a	0.5	0.75	0.5	0.0	1.0	0.0	True	False	-0.3815846443176269	NA	False	-0.0033203125	0.0	0.0	0.0	0.0	0.0033203125	real_only	generated_only	True	canonical_tissue	0.2774254341380596	0.0449194605146848	NA	NA	195.0	357.0	NA	NA	NA	False	NA	NA	NA	False	NA	NA	NA	NA
conditional_DDIM_classifier	selected_gene_feature	tissue	lung	generated_only	ENSMUSG00000027313	Chac1	0.5	0.75	0.75	0.0	1.0	0.0	True	False	-0.1985835283994674	NA	False	0.0276041666666666	0.0	0.0	0.0	0.0	-0.0276041666666666	real_only	generated_only	True	canonical_tissue	0.1797466964473464	0.1493484490810505	NA	NA	195.0	13.0	NA	NA	NA	False	NA	NA	NA	False	NA	NA	NA	NA
conditional_DDIM_classifier	selected_gene_feature	tissue	lung	generated_only	ENSMUSG00000020108	Ddit4	0.5	0.75	0.5	0.0	1.0	0.0	True	False	0.643396258354187	NA	False	-0.0201171875	0.0	0.0	0.0	0.0	0.0201171875	real_only	generated_only	True	canonical_tissue	0.4470418523726404	-0.063966062453169	NA	NA	195.0	404.0	NA	NA	NA	False	NA	NA	NA	False	NA	NA	NA	NA
conditional_DDIM_classifier	selected_gene_feature	tissue	lung	generated_only	ENSMUSG00000016526	Dyrk3	0.5	0.75	0.5	0.0	1.0	0.0	True	False	0.0608257576823234	NA	False	-0.0064453125	0.0	0.0	0.0	0.0	0.0064453125	real_only	generated_only	True	canonical_tissue	0.0887007325838906	-0.0178955706422545	NA	NA	195.0	378.0	NA	NA	NA	False	NA	NA	NA	False	NA	NA	NA	NA
conditional_DDIM_classifier	selected_gene_feature	tissue	lung	generated_only	ENSMUSG00000097148	Gm3839	0.5	0.75	0.625	0.125	1.0	1.0	True	False	-0.2504429519176483	-0.014785761013627	True	0.00359375	0.0	0.0	-0.0107638888888889	0.0	-0.00359375	real_only	generated_only	True	canonical_tissue	0.133439166989983	-0.0094799849998136	0.3540950104607767	0.0003562585016904	195.0	86.0	NA	NA	NA	False	NA	NA	NA	False	NA	NA	NA	NA
conditional_DDIM_classifier	selected_gene_feature	tissue	lung	generated_only	ENSMUSG00000090877	Hspa1b	0.5	0.75	1.0	0.0	1.0	0.0	True	False	-0.3290964663028717	NA	False	0.0279296874999999	0.0	0.0	0.0	0.0	-0.0279296874999999	real_only	generated_only	True	canonical_tissue	0.2732929166721445	0.2281771566148024	NA	NA	195.0	12.0	NA	NA	NA	False	NA	NA	NA	False	NA	NA	NA	NA
conditional_DDIM_classifier	selected_gene_feature	tissue	lung	generated_only	ENSMUSG00000021215	Net1	0.5	0.75	0.5	0.0	1.0	0.0	True	False	0.0882389619946479	NA	False	-0.0027343749999999	0.0	0.0	0.0	0.0	0.0027343749999999	real_only	generated_only	True	canonical_tissue	0.0962948883729853	-0.0060231340083956	NA	NA	195.0	348.0	NA	NA	NA	False	NA	NA	NA	False	NA	NA	NA	NA
conditional_DDIM_classifier	selected_gene_feature	tissue	lung	generated_only	ENSMUSG00000027257	Pacsin3	0.5	0.75	0.0	0.5	0.0	1.0	False	True	NA	-0.1805632561445236	False	0.0	0.0	0.5	-0.0024522569444444	0.25	0.0	synthetic_emergent_no_positive_importance	generated_only	True	canonical_tissue	NA	NA	0.1414400915801203	0.0946648429168598	195.0	111.0	NA	NA	NA	False	NA	NA	NA	False	NA	NA	NA	NA
conditional_DDIM_classifier	selected_gene_feature	tissue	lung	generated_only	ENSMUSG00000032202	Rab27a	0.5	0.75	1.0	0.0	1.0	0.0	True	False	0.2319093495607376	NA	False	0.01513671875	0.0	0.0	0.0	0.0	-0.01513671875	real_only	generated_only	True	canonical_tissue	0.1875751825611994	0.1405003405819417	NA	NA	195.0	30.0	NA	NA	NA	False	NA	NA	NA	False	NA	NA	NA	NA
conditional_DDIM_classifier	selected_gene_feature	tissue	lung	generated_only	ENSMUSG00000033220	Rac2	0.5	0.75	0.5	0.0	1.0	0.0	True	False	-0.0616148449480533	NA	False	0.0033203125	0.0	0.0	0.0	0.0	-0.0033203125	real_only	generated_only	True	canonical_tissue	0.0689480505295232	0.0008043403672823	NA	NA	195.0	87.0	NA	NA	NA	False	NA	NA	NA	False	NA	NA	NA	NA
conditional_DDIM_classifier	selected_gene_feature	tissue	lung	generated_only	ENSMUSG00000020142	Slc1a4	0.5	0.75	0.625	0.0	1.0	0.0	True	False	0.1145007237792015	NA	False	-0.02578125	0.0	0.0	0.0	0.0	0.02578125	real_only	generated_only	True	canonical_tissue	0.2165730492111901	-0.0624109073436828	NA	NA	195.0	413.0	NA	NA	NA	False	NA	NA	NA	False	NA	NA	NA	NA
conditional_DDIM_classifier	selected_gene_feature	tissue	lung	generated_only	ENSMUSG00000038932	Tcfl5	0.5	0.75	0.5	0.0	1.0	0.0	True	False	0.2869465351104736	NA	False	0.0171875	0.0	0.0	0.0	0.0	-0.0171875	real_only	generated_only	True	canonical_tissue	0.3685955855084067	-0.092113169881363	NA	NA	195.0	24.0	NA	NA	NA	False	NA	NA	NA	False	NA	NA	NA	NA
conditional_DDIM_classifier	selected_gene_feature	tissue	lung	generated_only	ENSMUSG00000008305	Tle1	0.5	0.75	0.625	0.0	1.0	0.0	True	False	0.0837981700897216	NA	False	-0.005625	0.0	0.0	0.0	0.0	0.005625	real_only	generated_only	True	canonical_tissue	0.095376780667005	-0.0111409656322061	NA	NA	195.0	374.0	NA	NA	NA	False	NA	NA	NA	False	NA	NA	NA	NA
conditional_DDIM_classifier	selected_gene_feature	tissue	lung	generated_only	ENSMUSG00000020936	Nmt1	0.5	0.75	0.0	0.5	0.0	1.0	False	True	NA	0.1873665601015091	False	0.0	-0.0005859374999999	0.25	0.0023220486111111	0.75	-0.0005859374999999	synthetic_domain_only	generated_only	True	canonical_tissue	NA	NA	0.1617183732963008	-0.1150741356121694	372.0	111.0	NA	NA	NA	False	NA	NA	NA	False	NA	NA	NA	NA
conditional_DDIM_classifier	selected_gene_feature	tissue	lung	generated_only	ENSMUSG00000027932	Slc27a3	0.5	0.75	0.0	0.75	0.0	1.0	False	True	NA	-0.2444112598896026	False	0.0	-0.002734375	0.6666666666666666	0.0229166666666666	0.8333333333333334	-0.002734375	synthetic_domain_only	generated_only	True	canonical_tissue	NA	NA	0.2513964661160601	0.131923951217767	384.0	111.0	NA	NA	NA	False	NA	NA	NA	False	NA	NA	NA	NA
conditional_DDIM_classifier	selected_gene_feature	tissue	lung	generated_only	ENSMUSG00000056999	Ide	0.5	0.75	0.0	0.5	0.0	1.0	False	True	NA	-0.2207438200712204	False	0.0	-0.0029296875	0.25	0.0031249999999999	0.5	-0.0029296875	synthetic_domain_only	generated_only	True	canonical_tissue	NA	NA	0.1445020347892635	0.0338077071234853	386.0	111.0	NA	NA	NA	False	NA	NA	NA	False	NA	NA	NA	NA
conditional_DDIM_classifier	selected_gene_feature	tissue	lung	generated_only	ENSMUSG00000037242	Clic4	0.5	0.75	0.0	0.5	0.0	1.0	False	True	NA	0.1706528961658477	False	0.0	-0.0037109374999999	0.75	0.0093532986111111	0.75	-0.0037109374999999	synthetic_domain_only	generated_only	True	canonical_tissue	NA	NA	0.1781806595275986	-0.1207887896947731	389.0	111.0	NA	NA	NA	False	NA	NA	NA	False	NA	NA	NA	NA
conditional_DDIM_classifier	selected_gene_feature	tissue	lung	generated_only	ENSMUSG00000051855	Mest	0.5	0.75	0.5	0.25	1.0	1.0	True	False	-0.1073887199163436	0.0386754646897316	False	0.0021484374999999	-0.00546875	0.0	0.0009982638888889	1.0	-0.0076171874999999	real_only	generated_only	True	canonical_tissue	0.0405877128054859	-0.0065525366762134	0.0938216112376738	-0.0698930706332574	398.0	96.0	NA	NA	NA	False	NA	NA	NA	False	NA	NA	NA	NA
conditional_DDIM_classifier	selected_gene_feature	tissue	mammary_gland	generated_only	ENSMUSG00000031740	Mmp2	0.5	0.75	0.375	1.0	1.0	1.0	False	True	-0.095637209713459	-0.1878696382045745	True	-0.0249999999999999	0.1416666666666666	0.75	0.0311342592592592	1.0	0.1666666666666666	synthetic_emergent_real_transfer	generated_only	True	canonical_tissue	0.0712433486809085	0.1116590610916871	0.2727522274303353	0.3913387415684202	2.0	78.0	NA	NA	NA	False	NA	NA	NA	False	NA	NA	NA	NA
conditional_DDIM_classifier	selected_gene_feature	tissue	mammary_gland	generated_only	ENSMUSG00000033400	Agl	0.5	0.75	1.0	0.75	1.0	1.0	True	True	0.0478734374046325	0.1322007626295089	True	0.0125	0.0277777777777777	0.5	0.0405864197530864	1.0	0.0152777777777777	shared_reinforced	generated_only	True	canonical_tissue	0.0556849405804825	0.0982129962209257	0.1403828028730114	0.2572325241917052	4.0	7.0	NA	NA	NA	False	NA	NA	NA	False	NA	NA	NA	NA
conditional_DDIM_classifier	selected_gene_feature	tissue	mammary_gland	generated_only	ENSMUSG00000031530	Dusp4	0.5	0.75	0.875	0.875	1.0	1.0	True	True	0.0482411161065101	0.0877465903759002	True	0.0178571428571428	0.0154761904761904	0.2857142857142857	-0.0019841269841269	0.4285714285714285	-0.0023809523809524	shared_no_positive_importance	generated_only	True	canonical_tissue	0.0591236525899994	0.0968529863527476	0.106270942804886	0.1858380212837657	7.0	5.0	NA	NA	NA	False	NA	NA	NA	False	NA	NA	NA	NA
conditional_DDIM_classifier	selected_gene_feature	tissue	mammary_gland	generated_only	ENSMUSG00000031897	Psmb10	0.5	0.75	0.0	0.75	0.0	1.0	False	True	NA	0.1339229643344879	False	0.0	0.0069444444444444	0.1666666666666666	-0.0081790123456789	0.3333333333333333	0.0069444444444444	synthetic_emergent_no_positive_importance	generated_only	True	canonical_tissue	NA	NA	0.109396056413391	0.0132685131064941	10.0	10.0	NA	NA	NA	False	NA	NA	NA	False	NA	NA	NA	NA
conditional_DDIM_classifier	selected_gene_feature	tissue	mammary_gland	generated_only	ENSMUSG00000022364	Tbc1d31	0.5	0.75	0.875	0.875	1.0	1.0	True	True	0.0417181476950645	0.0884803384542465	True	0.0285714285714285	0.0047619047619047	0.1428571428571428	0.0076719576719576	0.5714285714285714	-0.0238095238095238	shared_synthetic_domain_only	generated_only	True	canonical_tissue	0.0720287771628445	0.1056207188482521	0.0891559144215662	0.154424245519395	11.0	4.0	NA	NA	NA	False	NA	NA	NA	False	NA	NA	NA	NA
conditional_DDIM_classifier	selected_gene_feature	tissue	mammary_gland	generated_only	ENSMUSG00000039209	Rpl39l	0.5	0.75	0.25	0.625	1.0	1.0	False	True	0.1035968363285064	0.1025707349181175	True	0.0	0.0033333333333333	0.2	-0.0061111111111111	0.4	0.0033333333333333	synthetic_emergent_no_positive_importance	generated_only	True	canonical_tissue	0.0677468495378075	0.1048383660412733	0.0615156702129171	0.0647697411246092	12.0	10.0	NA	NA	NA	False	NA	NA	NA	False	NA	NA	NA	NA
conditional_DDIM_classifier	selected_gene_feature	tissue	mammary_gland	generated_only	ENSMUSG00000020917	Acly	0.5	0.75	0.625	0.875	1.0	1.0	True	True	0.0421948283910751	0.0662692114710807	True	0.0	0.0023809523809523	0.1428571428571428	0.0015873015873015	0.5714285714285714	0.0023809523809523	shared_synthetic_domain_only	generated_only	True	canonical_tissue	0.0696981733194821	0.0634633502952704	0.0515839442060377	0.075986427596289	13.0	10.0	NA	NA	NA	False	NA	NA	NA	False	NA	NA	NA	NA
conditional_DDIM_classifier	selected_gene_feature	tissue	mammary_gland	generated_only	ENSMUSG00000038539	Atf5	0.5	0.75	0.75	0.0	1.0	0.0	True	False	0.0433394275605678	NA	False	-0.0055555555555555	0.0	0.0	0.0	0.0	0.0055555555555555	real_only	generated_only	True	canonical_tissue	0.0485384227088662	0.0586596989595568	NA	NA	14.0	72.0	NA	NA	NA	False	NA	NA	NA	False	NA	NA	NA	NA
conditional_DDIM_classifier	selected_gene_feature	tissue	mammary_gland	generated_only	ENSMUSG00000020122	Egfr	0.5	0.75	0.5	0.0	1.0	0.0	True	False	-0.0871155560016632	NA	False	-0.0020833333333333	0.0	0.0	0.0	0.0	0.0020833333333333	real_only	generated_only	True	canonical_tissue	0.0808156301786336	0.105333239983962	NA	NA	14.0	70.0	NA	NA	NA	False	NA	NA	NA	False	NA	NA	NA	NA
conditional_DDIM_classifier	selected_gene_feature	tissue	mammary_gland	generated_only	ENSMUSG00000039405	Prss23	0.5	0.75	0.625	0.0	1.0	0.0	True	False	-0.0429345145821571	NA	False	-0.0116666666666666	0.0	0.0	0.0	0.0	0.0116666666666666	real_only	generated_only	True	canonical_tissue	0.0605112443664361	0.0875647912190489	NA	NA	14.0	74.0	NA	NA	NA	False	NA	NA	NA	False	NA	NA	NA	NA
conditional_DDIM_classifier	selected_gene_feature	tissue	mammary_gland	generated_only	ENSMUSG00000008305	Tle1	0.5	0.75	0.75	0.0	1.0	0.0	True	False	-0.0449624843895435	NA	False	0.0138888888888889	0.0	0.0	0.0	0.0	-0.0138888888888889	real_only	generated_only	True	canonical_tissue	0.084184656288106	0.1417179181613053	NA	NA	14.0	6.0	NA	NA	NA	False	NA	NA	NA	False	NA	NA	NA	NA
conditional_DDIM_classifier	selected_gene_feature	tissue	mammary_gland	generated_only	ENSMUSG00000031431	Tsc22d3	0.5	0.75	0.625	0.0	1.0	0.0	True	False	-0.0517503097653389	NA	False	-0.0116666666666666	0.0	0.0	0.0	0.0	0.0116666666666666	real_only	generated_only	True	canonical_tissue	0.1108601945080619	0.1800269300595782	NA	NA	14.0	74.0	NA	NA	NA	False	NA	NA	NA	False	NA	NA	NA	NA
conditional_DDIM_classifier	selected_gene_feature	tissue	mammary_gland	generated_only	ENSMUSG00000024338	Psmb8	0.5	0.75	0.0	1.0	0.0	1.0	False	True	NA	0.0959380269050598	False	0.0	-0.0083333333333333	0.25	0.008449074074074	0.625	-0.0083333333333333	synthetic_domain_only	generated_only	True	canonical_tissue	NA	NA	0.1377379907657764	-0.0302515815538628	92.0	10.0	NA	NA	NA	False	NA	NA	NA	False	NA	NA	NA	NA
conditional_DDIM_classifier	selected_gene_feature	tissue	mammary_gland	generated_only	ENSMUSG00000028708	Mknk1	0.5	0.75	0.0	0.5	0.0	1.0	False	True	NA	0.2005494832992553	False	0.0	-0.0145833333333333	0.25	-0.0050925925925925	0.5	-0.0145833333333333	synthetic_emergent_no_positive_importance	generated_only	True	canonical_tissue	NA	NA	0.1411715533316387	0.0305961646970328	93.0	10.0	NA	NA	NA	False	NA	NA	NA	False	NA	NA	NA	NA
conditional_DDIM_classifier	selected_gene_feature	tissue	mammary_gland	generated_only	ENSMUSG00000023832	Acat2	0.5	0.75	0.125	0.5	1.0	1.0	False	True	0.1018427684903144	0.0959992408752441	True	0.0	-0.0166666666666666	0.0	0.0143518518518518	0.5	-0.0166666666666666	synthetic_domain_only	generated_only	True	canonical_tissue	0.0783028316870751	0.033565738917525	0.0611935210629934	0.1182574174827312	94.0	10.0	NA	NA	NA	False	NA	NA	NA	False	NA	NA	NA	NA
conditional_DDIM_classifier	selected_gene_feature	tissue	optic_nerve	guided_low_weight	ENSMUSG00000023067	Cdkn1a	0.5	0.75	0.25	0.5	1.0	1.0	False	True	0.4119957387447357	0.12294602394104	True	0.1175	0.0849999999999999	0.5	0.0609722222222222	0.75	-0.0325	synthetic_emergent_real_transfer	guided_low_weight	True	canonical_tissue	0.7715201834206759	1.0316357446763478	0.8414125653275158	1.1194154147861488	2.0	1.0	NA	NA	NA	False	NA	NA	NA	False	NA	NA	NA	NA
conditional_DDIM_classifier	selected_gene_feature	tissue	optic_nerve	guided_low_weight	ENSMUSG00000030103	Bhlhe40	0.5	0.75	1.0	1.0	1.0	1.0	True	True	-0.0885170474648475	-0.0752612203359603	True	0.0168749999999999	0.035	0.625	0.0373611111111111	0.875	0.018125	shared_reinforced	guided_low_weight	True	canonical_tissue	0.131392098197822	0.2123566068534693	0.1153466140257084	0.1998852577254123	8.0	55.0	NA	NA	NA	False	NA	NA	NA	False	NA	NA	NA	NA
conditional_DDIM_classifier	selected_gene_feature	tissue	optic_nerve	guided_low_weight	ENSMUSG00000021190	Lgmn	0.5	0.75	1.0	0.625	1.0	1.0	True	True	-0.0636237263679504	-0.0741998553276062	True	0.015	0.034	0.6	0.0057777777777777	0.4	0.019	shared_reinforced	guided_low_weight	True	canonical_tissue	0.1355413467372835	0.2681414350183053	0.0522876173359977	0.097269344650346	9.0	56.0	NA	NA	NA	False	NA	NA	NA	False	NA	NA	NA	NA
conditional_DDIM_classifier	selected_gene_feature	tissue	optic_nerve	guided_low_weight	ENSMUSG00000022637	Cblb	0.5	0.75	0.25	0.75	1.0	1.0	False	True	0.3058408498764038	0.0496483705937862	True	0.0574999999999999	0.03	0.6666666666666666	0.0166666666666666	0.6666666666666666	-0.0274999999999999	synthetic_emergent_real_transfer	guided_low_weight	True	canonical_tissue	0.3019267925977729	0.3156097750297189	0.0903467156921552	0.0934959743149152	10.0	12.0	NA	NA	NA	False	NA	NA	NA	False	NA	NA	NA	NA
conditional_DDIM_classifier	selected_gene_feature	tissue	optic_nerve	guided_low_weight	ENSMUSG00000022013	Dnajc15	0.5	0.75	1.0	0.625	1.0	1.0	True	True	-0.071053996682167	-0.0665596947073936	True	0.02375	0.027	0.4	0.0192222222222222	0.8	0.00325	shared_synthetic_domain_only	guided_low_weight	True	canonical_tissue	0.2351518786541551	0.3731867980327498	0.3496188263745797	0.5377298565736887	13.0	42.0	NA	NA	NA	False	NA	NA	NA	False	NA	NA	NA	NA
conditional_DDIM_classifier	selected_gene_feature	tissue	optic_nerve	guided_low_weight	ENSMUSG00000015656	Hspa8	0.5	0.75	1.0	1.0	1.0	1.0	True	True	-0.089039608836174	-0.0743234679102897	True	0.021875	0.0225	0.5	0.0329166666666666	0.875	0.0006249999999999	shared_reinforced	guided_low_weight	True	canonical_tissue	0.1696553363316736	0.2180699134331672	0.1243030708548044	0.1662260880930148	16.0	46.0	NA	NA	NA	False	NA	NA	NA	False	NA	NA	NA	NA
conditional_DDIM_classifier	selected_gene_feature	tissue	optic_nerve	guided_low_weight	ENSMUSG00000052102	Gnpda1	0.5	0.75	0.625	1.0	1.0	1.0	True	True	-0.1471944451332092	-0.0600875616073608	True	0.0079999999999999	0.016875	0.375	0.0334722222222222	0.875	0.008875	shared_synthetic_domain_only	guided_low_weight	True	canonical_tissue	0.1426243541000157	0.1884420779652859	0.1096821160581099	0.1542684815596874	20.0	79.0	NA	NA	NA	False	NA	NA	NA	False	NA	NA	NA	NA
conditional_DDIM_classifier	selected_gene_feature	tissue	optic_nerve	guided_low_weight	ENSMUSG00000021591	Glrx	0.5	0.75	0.625	0.125	1.0	1.0	True	False	-0.1168844178318977	-0.1794394850730896	True	0.015	0.0049999999999999	1.0	0.0072222222222222	1.0	-0.01	real_only	guided_low_weight	True	canonical_tissue	0.1022987618326675	0.1514159653472035	0.1512339008757237	0.2366714925614508	28.0	56.0	NA	NA	NA	False	NA	NA	NA	False	NA	NA	NA	NA
conditional_DDIM_classifier	selected_gene_feature	tissue	optic_nerve	guided_low_weight	ENSMUSG00000031683	Lsm6	0.5	0.75	0.75	0.375	1.0	1.0	True	False	-0.138841763138771	-0.0637847483158111	True	0.0224999999999999	0.0033333333333333	0.3333333333333333	0.0112962962962962	0.3333333333333333	-0.0191666666666666	real_only	guided_low_weight	True	canonical_tissue	0.1034945540211987	0.2048638380188339	0.0630486783235206	0.1315324650393325	33.0	45.0	NA	NA	NA	False	NA	NA	NA	False	NA	NA	NA	NA
conditional_DDIM_classifier	selected_gene_feature	tissue	optic_nerve	guided_low_weight	ENSMUSG00000035385	Ccl2	0.5	0.75	1.0	0.0	1.0	0.0	True	False	-0.2125047147274017	NA	False	0.0237499999999999	0.0	0.0	0.0	0.0	-0.0237499999999999	real_only	guided_low_weight	True	canonical_tissue	0.1778690962312534	0.3403196655218373	NA	NA	38.0	43.0	NA	NA	NA	False	NA	NA	NA	False	NA	NA	NA	NA
conditional_DDIM_classifier	selected_gene_feature	tissue	optic_nerve	guided_low_weight	ENSMUSG00000069255	Dusp22	0.5	0.75	0.75	0.25	1.0	1.0	True	False	-0.0716077089309692	-0.1009620204567909	True	0.0008333333333333	0.0	0.0	0.0	0.0	-0.0008333333333333	real_only	guided_low_weight	True	canonical_tissue	0.0652759575805483	0.0780061421483991	0.0915994865366231	0.1166097465226838	38.0	96.0	NA	NA	NA	False	NA	NA	NA	False	NA	NA	NA	NA
conditional_DDIM_classifier	selected_gene_feature	tissue	optic_nerve	guided_low_weight	ENSMUSG00000008136	Fhl2	0.5	0.75	0.625	0.125	1.0	1.0	True	False	-0.0590485371649265	-0.1924044340848922	True	0.0099999999999999	0.0	0.0	-0.0033333333333333	0.0	-0.0099999999999999	real_only	guided_low_weight	True	canonical_tissue	0.0409481531316324	0.0430482339720839	0.15389209393844	0.1068162613125659	38.0	67.0	NA	NA	NA	False	NA	NA	NA	False	NA	NA	NA	NA
conditional_DDIM_classifier	selected_gene_feature	tissue	optic_nerve	guided_low_weight	ENSMUSG00000030045	Mrpl19	0.5	0.75	1.0	0.0	1.0	0.0	True	False	-0.1220462620258331	NA	False	0.016875	0.0	0.0	0.0	0.0	-0.016875	real_only	guided_low_weight	True	canonical_tissue	0.1394372502929958	0.2433548510709127	NA	NA	38.0	54.0	NA	NA	NA	False	NA	NA	NA	False	NA	NA	NA	NA
conditional_DDIM_classifier	selected_gene_feature	tissue	optic_nerve	guided_low_weight	ENSMUSG00000030079	Ruvbl1	0.5	0.75	0.5	0.0	1.0	0.0	True	False	-0.129838690161705	NA	False	0.0212499999999999	0.0	0.0	0.0	0.0	-0.0212499999999999	real_only	guided_low_weight	True	canonical_tissue	0.0974921484575084	0.1047229783097424	NA	NA	38.0	47.0	NA	NA	NA	False	NA	NA	NA	False	NA	NA	NA	NA
conditional_DDIM_classifier	selected_gene_feature	tissue	retina	guided_low_weight	ENSMUSG00000021190	Lgmn	0.5	0.75	0.875	0.5	1.0	1.0	True	True	0.0955195128917694	0.7880491018295288	True	0.0053061224489796	0.0548214285714285	1.0	0.0314285714285714	1.0	0.0495153061224489	shared_reinforced	guided_low_weight	True	canonical_tissue	0.1588667206217052	0.080917005555285	0.5951949910887103	0.3193592848531763	1.0	17.0	NA	NA	NA	False	NA	NA	NA	False	NA	NA	NA	NA
conditional_DDIM_classifier	selected_gene_feature	tissue	retina	guided_low_weight	ENSMUSG00000031683	Lsm6	0.5	0.75	0.0	0.75	0.0	1.0	False	True	NA	-0.2136466205120086	False	0.0	0.0266666666666666	0.6666666666666666	0.011600529100529	0.6666666666666666	0.0266666666666666	synthetic_emergent_real_transfer	guided_low_weight	True	canonical_tissue	NA	NA	0.2996681225700197	0.0226267576111503	4.0	50.0	NA	NA	NA	False	NA	NA	NA	False	NA	NA	NA	NA
conditional_DDIM_classifier	selected_gene_feature	tissue	retina	guided_low_weight	ENSMUSG00000045193	Cirbp	0.5	0.75	1.0	0.875	1.0	1.0	True	True	0.1179926544427871	0.4639806449413299	True	0.0033035714285714	0.0255102040816326	0.8571428571428571	0.030204081632653	1.0	0.0222066326530612	shared_reinforced	guided_low_weight	True	canonical_tissue	0.1922547349458246	0.1587200534783987	0.4194818182381271	0.3548281053064711	8.0	29.0	NA	NA	NA	False	NA	NA	NA	False	NA	NA	NA	NA
conditional_DDIM_classifier	selected_gene_feature	tissue	retina	guided_low_weight	ENSMUSG00000021248	Tmed10	0.5	0.75	0.5	0.75	1.0	1.0	True	True	0.1311490535736084	0.128437802195549	True	0.0092857142857143	0.0244047619047619	0.5	0.0111904761904761	1.0	0.0151190476190475	shared_reinforced	guided_low_weight	True	canonical_tissue	0.1510572274496114	0.122562299284331	0.153992750356047	0.1225161219553251	10.0	12.0	NA	NA	NA	False	NA	NA	NA	False	NA	NA	NA	NA
conditional_DDIM_classifier	selected_gene_feature	tissue	retina	guided_low_weight	ENSMUSG00000025140	Pycr1	0.5	0.75	1.0	0.25	1.0	1.0	True	False	0.1845554113388061	0.1739917397499084	True	0.003125	0.0199999999999999	1.0	0.0100396825396825	0.5	0.0168749999999999	real_only	guided_low_weight	True	canonical_tissue	0.1951222528680591	0.1650560554417968	0.1421505573226325	0.1305992255345157	14.0	30.0	NA	NA	NA	False	NA	NA	NA	False	NA	NA	NA	NA
conditional_DDIM_classifier	selected_gene_feature	tissue	retina	guided_low_weight	ENSMUSG00000015656	Hspa8	0.5	0.75	1.0	1.0	1.0	1.0	True	True	-0.2718258500099182	-0.1755389869213104	True	0.0210714285714285	0.0191071428571428	0.625	0.0172916666666666	0.625	-0.0019642857142857	shared_attenuated	guided_low_weight	True	canonical_tissue	0.2428133669015049	0.1202092770175126	0.3112779732149878	0.1355858607091639	16.0	3.0	NA	NA	NA	False	NA	NA	NA	False	NA	NA	NA	NA
conditional_DDIM_classifier	selected_gene_feature	tissue	retina	guided_low_weight	ENSMUSG00000020108	Ddit4	0.5	0.75	0.0	0.625	0.0	1.0	False	True	NA	0.0359645336866378	False	0.0	0.0147142857142857	0.6	0.0063174603174602	0.8	0.0147142857142857	synthetic_emergent_real_transfer	guided_low_weight	True	canonical_tissue	NA	NA	0.148427256328186	0.0629262367635417	22.0	50.0	NA	NA	NA	False	NA	NA	NA	False	NA	NA	NA	NA
conditional_DDIM_classifier	selected_gene_feature	tissue	retina	guided_low_weight	ENSMUSG00000033581	Igf2bp2	0.5	0.75	0.0	0.625	0.0	1.0	False	True	NA	0.0697215571999549	False	0.0	0.0138571428571428	0.8	0.006047619047619	0.8	0.0138571428571428	synthetic_emergent_real_transfer	guided_low_weight	True	canonical_tissue	NA	NA	0.0831998368138159	0.0022236875801099	24.0	50.0	NA	NA	NA	False	NA	NA	NA	False	NA	NA	NA	NA
conditional_DDIM_classifier	selected_gene_feature	tissue	retina	guided_low_weight	ENSMUSG00000030002	Dusp11	0.5	0.75	0.25	0.875	1.0	1.0	False	True	0.2031096965074539	0.2397516518831253	True	0.0082142857142857	0.0120408163265306	0.5714285714285714	0.0247278911564625	1.0	0.0038265306122448	synthetic_emergent_real_transfer	guided_low_weight	True	canonical_tissue	0.1378834728791971	0.0339919022763218	0.1859807576131471	0.0575363975241007	28.0	14.0	NA	NA	NA	False	NA	NA	NA	False	NA	NA	NA	NA
conditional_DDIM_classifier	selected_gene_feature	tissue	retina	guided_low_weight	ENSMUSG00000056999	Ide	0.5	0.75	0.875	0.75	1.0	1.0	True	True	0.1706357300281524	0.1987477242946624	True	0.0195918367346939	0.0101190476190476	0.8333333333333334	0.0153439153439153	0.8333333333333334	-0.0094727891156462	shared_attenuated	guided_low_weight	True	canonical_tissue	0.2424011519904618	0.1243096952193293	0.2305705603975462	0.1308940601730547	31.0	4.0	NA	NA	NA	False	NA	NA	NA	False	NA	NA	NA	NA
conditional_DDIM_classifier	selected_gene_feature	tissue	retina	guided_low_weight	ENSMUSG00000026727	Rsu1	0.5	0.75	0.0	0.5	0.0	1.0	False	True	NA	-0.0733609274029731	False	0.0	0.0098214285714286	0.75	0.0008928571428571	0.5	0.0098214285714286	synthetic_emergent_real_transfer	guided_low_weight	True	canonical_tissue	NA	NA	0.0681856178282179	0.0026615187284457	34.0	50.0	NA	NA	NA	False	NA	NA	NA	False	NA	NA	NA	NA
conditional_DDIM_classifier	selected_gene_feature	tissue	retina	guided_low_weight	ENSMUSG00000055044	Pdlim1	0.5	0.75	0.125	0.625	1.0	1.0	False	True	0.0582147501409053	0.0305549465119838	True	-0.0135714285714284	0.0081428571428571	0.6	0.0128412698412698	0.4	0.0217142857142856	synthetic_emergent_real_transfer	guided_low_weight	True	canonical_tissue	0.0982986081397552	0.0460617221392014	0.0677994690601513	0.0325256940426397	43.0	244.0	NA	NA	NA	False	NA	NA	NA	False	NA	NA	NA	NA
conditional_DDIM_classifier	selected_gene_feature	tissue	retina	guided_low_weight	ENSMUSG00000024521	Pmaip1	0.5	0.75	1.0	0.375	1.0	1.0	True	False	0.0997218638658523	0.0960503816604614	True	0.0040178571428571	0.008095238095238	0.6666666666666666	0.0186772486772486	1.0	0.0040773809523809	real_only	guided_low_weight	True	canonical_tissue	0.0639343428534762	0.0614383447146975	0.0625009964000653	0.0635505404728471	44.0	22.0	NA	NA	NA	False	NA	NA	NA	False	NA	NA	NA	NA
conditional_DDIM_classifier	selected_gene_feature	tissue	retina	guided_low_weight	ENSMUSG00000032192	Gnb5	0.5	0.75	0.875	0.875	1.0	1.0	True	True	0.0913059115409851	0.3829796612262726	True	0.003469387755102	0.006734693877551	0.5714285714285714	0.0184240362811791	1.0	0.0032653061224489	shared_reinforced	guided_low_weight	True	canonical_tissue	0.116504677563904	0.0940346724187992	0.3326682230920923	0.2870622911446382	48.0	27.0	NA	NA	NA	False	NA	NA	NA	False	NA	NA	NA	NA
conditional_DDIM_classifier	selected_gene_feature	tissue	retina	guided_low_weight	ENSMUSG00000023067	Cdkn1a	0.5	0.75	1.0	0.25	1.0	1.0	True	False	0.0726992040872573	0.0723647475242614	True	0.0026785714285714	0.0064285714285715	1.0	-0.0016269841269841	0.5	0.00375	real_only	guided_low_weight	True	canonical_tissue	0.0608842685973175	0.0559236207591073	0.049104773155548	0.0385870222663529	49.0	34.0	NA	NA	NA	False	NA	NA	NA	False	NA	NA	NA	NA
conditional_DDIM_classifier	selected_gene_feature	tissue	retina	guided_low_weight	ENSMUSG00000028729	Ebna1bp2	0.5	0.75	0.0	0.625	0.0	1.0	False	True	NA	-0.0983128026127815	False	0.0	0.0061428571428571	0.6	0.0072063492063491	0.8	0.0061428571428571	synthetic_emergent_real_transfer	guided_low_weight	True	canonical_tissue	NA	NA	0.1681811209247488	0.0433375055066793	54.0	50.0	NA	NA	NA	False	NA	NA	NA	False	NA	NA	NA	NA
conditional_DDIM_classifier	selected_gene_feature	tissue	retina	guided_low_weight	ENSMUSG00000015053	Gata2	0.5	0.75	0.875	0.75	1.0	1.0	True	True	0.2046567499637603	0.0867409035563469	True	0.0128571428571428	0.0046428571428571	0.5	-0.0089153439153439	0.3333333333333333	-0.0082142857142857	shared_attenuated	guided_low_weight	True	canonical_tissue	0.1910119283804516	0.102222307838042	0.0690960441312081	0.0350065242851567	62.0	8.0	NA	NA	NA	False	NA	NA	NA	False	NA	NA	NA	NA
conditional_DDIM_classifier	selected_gene_feature	tissue	retina	guided_low_weight	ENSMUSG00000030867	Plk1	0.5	0.75	0.375	0.5	1.0	1.0	False	True	0.1981874257326126	0.104637511074543	True	0.0045238095238095	0.0046428571428571	0.5	0.0083333333333333	0.75	0.0001190476190475	synthetic_emergent_real_transfer	guided_low_weight	True	canonical_tissue	0.0939697065105907	0.0433406194072042	0.0941730502319008	0.0791949835813664	62.0	20.0	NA	NA	NA	False	NA	NA	NA	False	NA	NA	NA	NA
conditional_DDIM_classifier	selected_gene_feature	tissue	retina	guided_low_weight	ENSMUSG00000022105	Rb1	0.5	0.75	1.0	0.875	0.75	0.4285714328289032	True	False	0.033854316920042	0.0552185215055942	True	-0.0058035714285714	0.0045918367346938	0.4285714285714285	0.0088662131519274	0.7142857142857143	0.0103954081632652	real_only	guided_low_weight	True	canonical_tissue	0.0467468356437563	0.0223175922309554	0.1216726639487049	0.0619047042903505	64.0	223.0	NA	NA	NA	False	NA	NA	NA	False	NA	NA	NA	NA
conditional_DDIM_classifier	selected_gene_feature	tissue	retina	guided_low_weight	ENSMUSG00000054733	Msra	0.5	0.75	0.0	0.5	0.0	1.0	False	True	NA	-0.1230796575546264	False	0.0	0.0042857142857143	0.75	0.0112103174603174	1.0	0.0042857142857143	synthetic_emergent_real_transfer	guided_low_weight	True	canonical_tissue	NA	NA	0.125108549063079	0.0632886170350496	67.0	50.0	NA	NA	NA	False	NA	NA	NA	False	NA	NA	NA	NA
conditional_DDIM_classifier	selected_gene_feature	tissue	retina	guided_low_weight	ENSMUSG00000019370	Calm3	0.5	0.75	0.0	0.625	0.0	1.0	False	True	NA	-0.0830194801092147	False	0.0	0.0037142857142857	0.6	0.0018730158730158	0.6	0.0037142857142857	synthetic_emergent_real_transfer	guided_low_weight	True	canonical_tissue	NA	NA	0.0907069998747758	-0.0051200644278966	75.0	50.0	NA	NA	NA	False	NA	NA	NA	False	NA	NA	NA	NA
conditional_DDIM_classifier	selected_gene_feature	tissue	retina	guided_low_weight	ENSMUSG00000026189	Pecr	0.5	0.75	0.375	0.625	1.0	1.0	False	True	0.1086790114641189	0.1409162431955337	True	-0.0028571428571428	0.0037142857142857	0.6	-0.0254126984126984	0.2	0.0065714285714285	synthetic_emergent_real_transfer	guided_low_weight	True	canonical_tissue	0.0925531852705437	-0.0062194563971154	0.0990385088780158	0.0111608980546149	75.0	203.0	NA	NA	NA	False	NA	NA	NA	False	NA	NA	NA	NA
conditional_DDIM_classifier	selected_gene_feature	tissue	retina	guided_low_weight	ENSMUSG00000031785	Adgrg1	0.5	0.75	0.375	0.625	1.0	1.0	False	True	0.0743066519498825	0.1269937008619308	True	0.0035714285714285	0.0031428571428571	0.6	0.0135714285714285	0.8	-0.0004285714285714	synthetic_emergent_real_transfer	guided_low_weight	True	canonical_tissue	0.0476888830485503	0.0136819216586447	0.0718790526543663	0.0434484772263239	79.0	26.0	NA	NA	NA	False	NA	NA	NA	False	NA	NA	NA	NA
conditional_DDIM_classifier	selected_gene_feature	tissue	retina	guided_low_weight	ENSMUSG00000020132	Rab21	0.5	0.75	0.25	0.625	1.0	1.0	False	True	0.0396067984402179	0.0598776675760746	True	0.0046428571428571	0.0011428571428571	0.6	0.0055714285714285	1.0	-0.0034999999999999	synthetic_emergent_real_transfer	guided_low_weight	True	canonical_tissue	0.0250772331910001	0.0193977992327663	0.0420102940316113	0.0335909967456621	90.0	19.0	NA	NA	NA	False	NA	NA	NA	False	NA	NA	NA	NA
conditional_DDIM_classifier	selected_gene_feature	tissue	retina	guided_low_weight	ENSMUSG00000030357	Fkbp4	0.5	0.75	0.0	0.625	0.0	1.0	False	True	NA	-0.1246679499745369	False	0.0	0.0005714285714285	0.6	0.0029841269841269	0.6	0.0005714285714285	synthetic_emergent_real_transfer	guided_low_weight	True	canonical_tissue	NA	NA	0.1288997242499386	0.0193757827648055	93.0	50.0	NA	NA	NA	False	NA	NA	NA	False	NA	NA	NA	NA
conditional_DDIM_classifier	selected_gene_feature	tissue	retina	guided_low_weight	ENSMUSG00000030062	Rpn1	0.5	0.75	0.0	0.5	0.0	1.0	False	True	NA	-0.1208210214972496	False	0.0	2.949029909160572e-17	0.5	0.0031150793650793	0.5	2.949029909160572e-17	synthetic_emergent_real_transfer	guided_low_weight	True	canonical_tissue	NA	NA	0.1779615745981974	-0.019900028121839	98.0	50.0	NA	NA	NA	False	NA	NA	NA	False	NA	NA	NA	NA
conditional_DDIM_classifier	selected_gene_feature	tissue	retina	guided_low_weight	ENSMUSG00000020232	Hmg20b	0.5	0.75	0.75	0.0	1.0	0.0	True	False	-0.2292186468839645	NA	False	-0.0108333333333333	0.0	0.0	0.0	0.0	0.0108333333333333	real_only	guided_low_weight	True	canonical_tissue	0.2311167332745496	-0.1207306461579582	NA	NA	99.0	239.0	NA	NA	NA	False	NA	NA	NA	False	NA	NA	NA	NA
conditional_DDIM_classifier	selected_gene_feature	tissue	retina	guided_low_weight	ENSMUSG00000030922	Lyrm1	0.5	0.75	1.0	0.0	0.75	0.0	True	False	0.1206264570355415	NA	False	-0.0028571428571428	0.0	0.0	0.0	0.0	0.0028571428571428	real_only	guided_low_weight	True	canonical_tissue	0.0933969180218947	0.0188527021895303	NA	NA	99.0	203.0	NA	NA	NA	False	NA	NA	NA	False	NA	NA	NA	NA
conditional_DDIM_classifier	selected_gene_feature	tissue	retina	guided_low_weight	ENSMUSG00000032688	Malt1	0.5	0.75	0.5	0.0	1.0	0.0	True	False	-0.2020458281040191	NA	False	-0.0048214285714285	0.0	0.0	0.0	0.0	0.0048214285714285	real_only	guided_low_weight	True	canonical_tissue	0.1709322633558682	-0.0419511033461856	NA	NA	99.0	217.0	NA	NA	NA	False	NA	NA	NA	False	NA	NA	NA	NA
conditional_DDIM_classifier	selected_gene_feature	tissue	retina	guided_low_weight	ENSMUSG00000074997	Pin1rt1	0.5	0.75	0.5	0.0	1.0	0.0	True	False	-0.1404671669006347	NA	False	-0.0137499999999999	0.0	0.0	0.0	0.0	0.0137499999999999	real_only	guided_low_weight	True	canonical_tissue	0.0723769558316746	-0.0671013675533724	NA	NA	99.0	245.0	NA	NA	NA	False	NA	NA	NA	False	NA	NA	NA	NA
conditional_DDIM_classifier	selected_gene_feature	tissue	retina	guided_low_weight	ENSMUSG00000066892	Fbxl12	0.5	0.75	0.625	1.0	1.0	1.0	True	True	0.1234344169497489	0.0942765474319458	True	-0.0099999999999999	-0.0009821428571428	0.625	0.0080257936507936	1.0	0.009017857142857	shared_synthetic_domain_only	guided_low_weight	True	canonical_tissue	0.1842918267774657	0.0694181656823386	0.0986863131666816	0.0429536032409666	171.0	236.0	NA	NA	NA	False	NA	NA	NA	False	NA	NA	NA	NA
conditional_DDIM_classifier	selected_gene_feature	tissue	retina	guided_low_weight	ENSMUSG00000021338	Carmil1	0.5	0.75	0.5	0.375	1.0	0.3333333432674408	True	False	-0.060810811817646	-0.0205186735838651	True	0.0033928571428571	-0.0011904761904761	0.6666666666666666	-0.0062962962962963	0.0	-0.0045833333333333	real_only	guided_low_weight	True	canonical_tissue	0.0516950675501807	-0.0094288822269372	0.0335347773126679	0.008715540920835	172.0	28.0	NA	NA	NA	False	NA	NA	NA	False	NA	NA	NA	NA
conditional_DDIM_classifier	selected_gene_feature	tissue	retina	guided_low_weight	ENSMUSG00000028017	Egf	0.5	0.75	1.0	0.375	1.0	0.3333333432674408	True	False	0.1209412068128585	0.0037010924424976	True	-0.0023214285714285	-0.0011904761904762	0.0	-0.0088095238095238	0.3333333333333333	0.0011309523809523	real_only	guided_low_weight	True	canonical_tissue	0.135634933040332	0.0639985715339893	0.0029553781592556	0.0013283394365053	173.0	200.0	NA	NA	NA	False	NA	NA	NA	False	FLT_higher	1.704038577394744e-05	0.0237821834980075	4.0
conditional_DDIM_classifier	selected_gene_feature	tissue	retina	guided_low_weight	ENSMUSG00000028978	Nos3	0.5	0.75	0.0	0.5	0.0	1.0	False	True	NA	0.1190136969089508	False	0.0	-0.0012499999999999	0.5	0.0100198412698412	1.0	-0.0012499999999999	synthetic_domain_only	guided_low_weight	True	canonical_tissue	NA	NA	0.1849191022281451	-0.0006756056921714	175.0	50.0	NA	NA	NA	False	NA	NA	NA	False	NA	NA	NA	NA
conditional_DDIM_classifier	selected_gene_feature	tissue	retina	guided_low_weight	ENSMUSG00000032869	Psmf1	0.5	0.75	1.0	0.875	0.75	1.0	True	True	0.0338723808526992	0.1339907199144363	True	0.0015178571428571	-0.001938775510204	0.7142857142857143	0.0111224489795918	0.8571428571428571	-0.0034566326530612	shared_synthetic_domain_only	guided_low_weight	True	canonical_tissue	0.1417568604329554	0.0884762964007834	0.2500168273353218	0.1691044584758755	180.0	42.0	NA	NA	NA	False	NA	NA	NA	False	NA	NA	NA	NA
conditional_DDIM_classifier	selected_gene_feature	tissue	retina	guided_low_weight	ENSMUSG00000029681	Bcl7b	0.5	0.75	0.5	0.75	1.0	1.0	True	True	-0.1642678678035736	-0.1295947134494781	True	0.0112499999999999	-0.0021428571428571	0.5	0.0067195767195766	0.6666666666666666	-0.0133928571428571	shared_synthetic_domain_only	guided_low_weight	True	canonical_tissue	0.1029965581970141	-0.0377649226954195	0.1443488284321253	-0.0035475006293072	182.0	9.0	NA	NA	NA	False	NA	NA	NA	False	NA	NA	NA	NA
conditional_DDIM_classifier	selected_gene_feature	tissue	retina	guided_low_weight	ENSMUSG00000057286	St6galnac2	0.5	0.75	0.0	0.625	0.0	1.0	False	True	NA	0.0404677204787731	False	0.0	-0.0022857142857142	0.6	0.0028412698412697	0.8	-0.0022857142857142	synthetic_domain_only	guided_low_weight	True	canonical_tissue	NA	NA	0.0739452872733574	0.0182604548100442	184.0	50.0	NA	NA	NA	False	NA	NA	NA	False	NA	NA	NA	NA
conditional_DDIM_classifier	selected_gene_feature	tissue	retina	guided_low_weight	ENSMUSG00000031562	Dctd	0.5	0.75	0.0	0.75	0.0	1.0	False	True	NA	0.0634427219629287	False	0.0	-0.0026190476190476	0.3333333333333333	0.009047619047619	0.8333333333333334	-0.0026190476190476	synthetic_domain_only	guided_low_weight	True	canonical_tissue	NA	NA	0.0683340414690477	0.0052541227821536	185.0	50.0	NA	NA	NA	False	NA	NA	NA	False	NA	NA	NA	NA
conditional_DDIM_classifier	selected_gene_feature	tissue	retina	guided_low_weight	ENSMUSG00000041498	Kif14	0.5	0.75	1.0	0.5	0.5	1.0	False	True	0.0321864783763885	0.0833325013518333	True	-0.0039285714285714	-0.0026785714285713	0.25	-3.968253968257031e-05	0.5	0.00125	synthetic_emergent_no_positive_importance	guided_low_weight	True	canonical_tissue	0.0796199079395894	-0.000744930934895	0.0672387416535189	0.0578549246124855	186.0	212.0	NA	NA	NA	False	NA	NA	NA	False	NA	NA	NA	NA
conditional_DDIM_classifier	selected_gene_feature	tissue	retina	guided_low_weight	ENSMUSG00000022668	Gtpbp8	0.5	0.75	0.75	0.625	1.0	1.0	True	True	0.0341366529464721	0.1280464828014373	True	-0.0059523809523809	-0.0032857142857142	0.4	0.0071904761904761	0.8	0.0026666666666666	shared_synthetic_domain_only	guided_low_weight	True	canonical_tissue	0.0520392532448654	0.0170382615525973	0.139827458278179	0.0551130368047414	191.0	224.0	NA	NA	NA	False	NA	NA	NA	False	NA	NA	NA	NA
conditional_DDIM_classifier	selected_gene_feature	tissue	retina	guided_low_weight	ENSMUSG00000011589	Fsd1	0.5	0.75	0.0	0.5	0.0	1.0	False	True	NA	-0.0941579937934875	False	0.0	-0.0035714285714285	0.5	0.0067658730158729	1.0	-0.0035714285714285	synthetic_domain_only	guided_low_weight	True	canonical_tissue	NA	NA	0.0937156652355423	0.04400060235165	193.0	50.0	NA	NA	NA	False	NA	NA	NA	False	NA	NA	NA	NA
conditional_DDIM_classifier	selected_gene_feature	tissue	retina	guided_low_weight	ENSMUSG00000031960	Aars	0.5	0.75	0.0	0.625	0.0	1.0	False	True	NA	-0.1366260051727295	False	0.0	-0.0037142857142857	0.6	0.0009841269841269	0.2	-0.0037142857142857	synthetic_emergent_no_positive_importance	guided_low_weight	True	canonical_tissue	NA	NA	0.1599936204502617	-0.0624134626498087	194.0	50.0	NA	NA	NA	False	NA	NA	NA	False	NA	NA	NA	NA
conditional_DDIM_classifier	selected_gene_feature	tissue	retina	guided_low_weight	ENSMUSG00000053470	Kdm3a	0.5	0.75	0.0	0.5	0.0	1.0	False	True	NA	0.0902832597494125	False	0.0	-0.0037499999999999	0.5	0.0047023809523809	1.0	-0.0037499999999999	synthetic_domain_only	guided_low_weight	True	canonical_tissue	NA	NA	0.0970174686788065	0.032920705520291	195.0	50.0	NA	NA	NA	False	NA	NA	NA	False	NA	NA	NA	NA
conditional_DDIM_classifier	selected_gene_feature	tissue	retina	guided_low_weight	ENSMUSG00000032463	Faim	0.5	0.75	0.125	0.625	1.0	1.0	False	True	-0.2750571370124817	-0.1789523661136627	True	-0.0342857142857142	-0.0047142857142856	0.4	0.0157142857142856	1.0	0.0295714285714285	synthetic_domain_only	guided_low_weight	True	canonical_tissue	0.2224320155919448	-0.097369000799619	0.2784621894105959	-0.0526227628226511	200.0	259.0	NA	NA	NA	False	NA	NA	NA	False	NA	NA	NA	NA
conditional_DDIM_classifier	selected_gene_feature	tissue	retina	guided_low_weight	ENSMUSG00000015619	Gata3	0.5	0.75	0.5	0.5	1.0	1.0	True	True	0.0730576291680336	0.0022320048883557	True	-0.0051785714285714	-0.0060714285714285	0.25	0.0014484126984126	0.25	-0.0008928571428571	shared_no_positive_importance	guided_low_weight	True	canonical_tissue	0.0671318050784054	-0.0153556152141039	0.0080703263499336	-0.0034099212201035	206.0	219.0	NA	NA	NA	False	NA	NA	NA	False	NA	NA	NA	NA
conditional_DDIM_classifier	selected_gene_feature	tissue	retina	guided_low_weight	ENSMUSG00000048490	Nrip1	0.5	0.75	0.5	0.25	1.0	1.0	True	False	-0.1329759806394577	-0.3189983367919922	True	0.0041071428571428	-0.0089285714285714	0.5	-0.0108333333333333	0.0	-0.0130357142857143	real_only	guided_low_weight	True	canonical_tissue	0.0832306964816036	-0.0217713651075284	0.1857654308491891	-0.0805958983677263	215.0	21.0	NA	NA	NA	False	NA	NA	NA	False	NA	NA	NA	NA
conditional_DDIM_classifier	selected_gene_feature	tissue	retina	guided_low_weight	ENSMUSG00000044813	Shb	0.5	0.75	0.0	0.5	0.0	1.0	False	True	NA	0.108485460281372	False	0.0	-0.0116071428571428	0.0	0.0019047619047618	0.75	-0.0116071428571428	synthetic_domain_only	guided_low_weight	True	canonical_tissue	NA	NA	0.0620836151095935	-0.028760873006705	222.0	50.0	NA	NA	NA	False	NA	NA	NA	False	NA	NA	NA	NA
conditional_DDIM_classifier	selected_gene_feature	tissue	retina	guided_low_weight	ENSMUSG00000059456	Ptk2b	0.5	0.75	0.625	0.5	0.6000000238418579	1.0	False	True	0.0383198522031307	0.1020501106977462	True	0.0015714285714285	-0.0137499999999999	0.25	-0.0121230158730159	0.0	-0.0153214285714285	synthetic_emergent_no_positive_importance	guided_low_weight	True	canonical_tissue	0.0588636034841627	-0.0067358557832883	0.1414217437265792	0.0282999917361299	230.0	41.0	NA	NA	NA	False	NA	NA	NA	False	NA	NA	NA	NA
conditional_DDIM_classifier	selected_gene_feature	tissue	retina	guided_low_weight	ENSMUSG00000039263	Npepl1	0.5	0.75	1.0	0.25	1.0	1.0	True	False	0.1699969470500946	0.2368301749229431	True	0.0091964285714285	-0.0203571428571428	0.0	0.0136507936507936	0.5	-0.0295535714285713	real_only	guided_low_weight	True	canonical_tissue	0.1613265885700153	0.0985787300379109	0.2024882483993884	0.0675281660543765	245.0	13.0	NA	NA	NA	False	NA	NA	NA	False	NA	NA	NA	NA
conditional_DDIM_classifier	selected_gene_feature	tissue	retina	guided_low_weight	ENSMUSG00000046229	Scand1	0.5	0.75	0.875	0.875	1.0	1.0	True	True	-0.1208622977137565	-0.1360930800437927	True	0.0048979591836734	-0.0325510204081632	0.4285714285714285	0.0200566893424036	0.7142857142857143	-0.0374489795918367	shared_synthetic_domain_only	guided_low_weight	True	canonical_tissue	0.0872784764658489	0.0070185108625623	0.1751733708305633	-0.0298538191943446	256.0	18.0	NA	NA	NA	False	NA	NA	NA	False	NA	NA	NA	NA
conditional_DDIM_classifier	selected_gene_feature	tissue	skeletal_muscle	guided_real_only	ENSMUSG00000038332	Sesn1	0.5	0.75	1.0	1.0	1.0	1.0	True	True	0.8119171261787415	0.983598291873932	True	0.0847953216374269	0.0237390350877193	1.0	0.0338470597790773	1.0	-0.0610562865497075	shared_attenuated	guided_real_only	True	canonical_tissue	0.8411539166702886	1.0990486898922476	0.7123328962628321	0.9006230742871142	3.0	1.0	NA	NA	NA	False	reinforced	aligning	Same-gene and same-direction alignment in another anatomical muscle context.	True	FLT_higher	0.0056292509724262	0.0075999764551464	13.0
conditional_DDIM_classifier	selected_gene_feature	tissue	skeletal_muscle	guided_real_only	ENSMUSG00000030922	Lyrm1	0.5	0.75	0.0	1.0	0.0	1.0	False	True	NA	-0.7191075086593628	False	0.0	0.0203399122807017	1.0	0.0093323586744639	0.875	0.0203399122807017	synthetic_emergent_real_transfer	guided_real_only	True	canonical_tissue	NA	NA	0.5344098662426223	0.1302620764618609	4.0	130.0	NA	NA	NA	False	NA	NA	NA	False	NA	NA	NA	NA
conditional_DDIM_classifier	selected_gene_feature	tissue	skeletal_muscle	guided_real_only	ENSMUSG00000038286	Bphl	0.5	0.75	0.5	1.0	1.0	1.0	True	True	-0.9750351905822754	-0.7513805627822876	True	0.083406432748538	0.0135416666666666	0.875	0.0118725633528264	0.875	-0.0698647660818713	shared_attenuated	guided_real_only	True	canonical_tissue	0.8907302362054254	0.2859554551300456	0.5834759880198661	0.2303820938703887	7.0	2.0	NA	NA	NA	False	reinforced	unmatched	A literature-unmatched pooled-muscle candidate that requires independent functional context.	True	FLT_lower	-0.0016388454274583	0.0006598677226508	13.0
conditional_DDIM_classifier	selected_gene_feature	tissue	skeletal_muscle	guided_real_only	ENSMUSG00000022186	Oxct1	0.5	0.75	0.0	0.875	0.0	1.0	False	True	NA	-0.5912183523178101	False	0.0	0.0119883040935672	0.7142857142857143	0.0049614777684953	0.8571428571428571	0.0119883040935672	synthetic_emergent_real_transfer	guided_real_only	True	canonical_tissue	NA	NA	0.4734654629333439	0.2046624586227252	9.0	130.0	NA	NA	NA	False	NA	NA	NA	False	NA	NA	NA	NA
conditional_DDIM_classifier	selected_gene_feature	tissue	skeletal_muscle	guided_real_only	ENSMUSG00000022817	Itgb5	0.5	0.75	0.0	0.875	0.0	1.0	False	True	NA	-0.6996026635169983	False	0.0	0.0108187134502924	0.5714285714285714	0.0084934558618769	1.0	0.0108187134502924	synthetic_emergent_real_transfer	guided_real_only	True	canonical_tissue	NA	NA	0.6017888489508898	0.092038436291816	10.0	130.0	NA	NA	NA	False	promoted	complementary	Adds a specific integrin subunit to established unloading-sensitive adhesion and mechanotransduction biology.	True	FLT_lower	-0.0007233805981551	0.0376714445050372	13.0
conditional_DDIM_classifier	selected_gene_feature	tissue	skeletal_muscle	guided_real_only	ENSMUSG00000032114	Slc37a4	0.5	0.75	0.0	0.875	0.0	1.0	False	True	NA	0.5795279741287231	False	0.0	0.0106307435254804	0.7142857142857143	0.0053118908382066	1.0	0.0106307435254804	synthetic_emergent_real_transfer	guided_real_only	True	canonical_tissue	NA	NA	0.5517477097698692	0.1643737236224469	11.0	130.0	NA	NA	NA	False	NA	NA	NA	False	NA	NA	NA	NA
conditional_DDIM_classifier	selected_gene_feature	tissue	skeletal_muscle	guided_real_only	ENSMUSG00000021215	Net1	0.5	0.75	0.875	0.25	1.0	1.0	True	False	-0.1293232440948486	-0.4789013266563415	True	0.0137844611528822	0.0100877192982456	1.0	0.0008203378817414	0.5	-0.0036967418546365	real_only	guided_real_only	True	canonical_tissue	0.4272149377267382	-0.3481160453221111	0.3781392885292504	-0.2178122177467882	14.0	16.0	NA	NA	NA	False	NA	NA	NA	False	NA	NA	NA	NA
conditional_DDIM_classifier	selected_gene_feature	tissue	skeletal_muscle	guided_real_only	ENSMUSG00000073700	Klhl21	0.5	0.75	0.0	1.0	0.0	1.0	False	True	NA	-0.7389841079711914	False	0.0	0.0096491228070175	0.75	0.006755604288499	1.0	0.0096491228070175	synthetic_emergent_real_transfer	guided_real_only	True	canonical_tissue	NA	NA	0.5502237863980047	0.1381369040046328	15.0	130.0	NA	NA	NA	False	promoted	complementary	Extends a prior muscle-model feature to a directionally defined pooled-muscle association.	True	FLT_lower	-0.0110727649769785	0.0009889327032653	13.0
conditional_DDIM_classifier	selected_gene_feature	tissue	skeletal_muscle	guided_real_only	ENSMUSG00000021948	Prkcd	0.5	0.75	1.0	1.0	1.0	1.0	True	True	0.8748630285263062	0.6771390438079834	True	0.0549342105263157	0.0088267543859649	0.75	0.0185550682261208	1.0	-0.0461074561403508	shared_attenuated	guided_real_only	True	canonical_tissue	0.652075468833699	0.7681046020576044	0.4914127870536028	0.5462629330837446	21.0	3.0	NA	NA	NA	False	reinforced	aligning	Same-gene and same-direction alignment in another anatomical muscle context.	True	FLT_higher	0.0015446022593304	0.0010281793599763	13.0
conditional_DDIM_classifier	selected_gene_feature	tissue	skeletal_muscle	guided_real_only	ENSMUSG00000027078	Ube2l6	0.5	0.75	1.0	0.625	1.0	1.0	True	True	0.1722673624753952	0.4493236839771271	True	0.0056652046783625	0.0081578947368421	0.8	0.002043534762833	0.6	0.0024926900584795	shared_reinforced	guided_real_only	True	canonical_tissue	0.1606097955159526	0.1034312588594568	0.3162212451042662	0.2595144945338531	24.0	51.0	NA	NA	NA	False	NA	NA	NA	False	NA	NA	NA	NA
conditional_DDIM_classifier	selected_gene_feature	tissue	skeletal_muscle	guided_real_only	ENSMUSG00000066571	Garre1	0.5	0.75	0.625	0.125	1.0	1.0	True	False	-0.1915186941623687	-0.190248817205429	True	0.0201169590643275	0.0068713450292397	1.0	0.0001786874593891	1.0	-0.0132456140350877	real_only	guided_real_only	True	canonical_tissue	0.2301158225406502	-0.0745083644368594	0.1836176169212103	-0.0730943231381797	28.0	12.0	NA	NA	NA	False	NA	NA	NA	False	NA	NA	NA	NA
conditional_DDIM_classifier	selected_gene_feature	tissue	skeletal_muscle	guided_real_only	ENSMUSG00000071637	Cebpd	0.5	0.75	1.0	1.0	1.0	1.0	True	True	0.402001142501831	0.4596714675426483	True	0.0140716374269005	0.0065606725146199	0.875	0.0080490578297595	1.0	-0.0075109649122806	shared_attenuated	guided_real_only	True	canonical_tissue	0.2799604347663088	0.2238508435117729	0.3584540059999729	0.2978381318888621	29.0	15.0	NA	NA	NA	False	reinforced	aligning	Same-gene and same-direction alignment across multiple anatomical muscle contexts.	True	FLT_higher	0.0017785503283676	0.000125082611281	13.0
conditional_DDIM_classifier	selected_gene_feature	tissue	skeletal_muscle	guided_real_only	ENSMUSG00000025889	Snca	0.5	0.75	1.0	0.875	1.0	1.0	True	True	0.4510239958763122	0.551995575428009	True	0.0216739766081871	0.0060985797827903	0.5714285714285714	0.0096676877378631	0.8571428571428571	-0.0155753968253967	shared_attenuated	guided_real_only	True	canonical_tissue	0.3215882244444263	0.3258697195555647	0.3062536854991867	0.2909771795702818	33.0	6.0	NA	NA	NA	False	NA	NA	NA	False	NA	NA	NA	NA
conditional_DDIM_classifier	selected_gene_feature	tissue	skeletal_muscle	guided_real_only	ENSMUSG00000057286	St6galnac2	0.5	0.75	0.0	0.875	0.0	1.0	False	True	NA	-0.260567843914032	False	0.0	0.0057852965747702	0.5714285714285714	0.0047549429128376	0.8571428571428571	0.0057852965747702	synthetic_emergent_real_transfer	guided_real_only	True	canonical_tissue	NA	NA	0.2087555274015269	0.0197423240825714	34.0	130.0	NA	NA	NA	False	NA	NA	NA	False	NA	NA	NA	NA
conditional_DDIM_classifier	selected_gene_feature	tissue	skeletal_muscle	guided_real_only	ENSMUSG00000031770	Herpud1	0.5	0.75	0.0	0.625	0.0	1.0	False	True	NA	-0.1497730761766433	False	0.0	0.0052046783625731	0.6	0.0034470435347628	0.8	0.0052046783625731	synthetic_emergent_real_transfer	guided_real_only	True	canonical_tissue	NA	NA	0.2465365201453298	0.0367234113462813	36.0	130.0	NA	NA	NA	False	NA	NA	NA	False	NA	NA	NA	NA
conditional_DDIM_classifier	selected_gene_feature	tissue	skeletal_muscle	guided_real_only	ENSMUSG00000021892	Sh3bp5	0.5	0.75	1.0	1.0	1.0	1.0	True	True	0.2119473069906234	0.610980749130249	True	0.0074926900584795	0.0047514619883041	0.75	0.009417641325536	1.0	-0.0027412280701754	shared_attenuated	guided_real_only	True	canonical_tissue	0.2692731429595287	0.1340703680243128	0.4985315039951507	0.2334432764582565	37.0	40.0	NA	NA	NA	False	reinforced	complementary	Adds a mitochondrial stress-signaling candidate to established muscle remodeling.	True	FLT_higher	0.0025567662828889	0.000125082611281	13.0
conditional_DDIM_classifier	selected_gene_feature	tissue	skeletal_muscle	guided_real_only	ENSMUSG00000030619	Eed	0.5	0.75	0.375	0.5	1.0	1.0	False	True	0.143552079796791	0.4678749740123749	True	0.0024366471734892	0.0046783625730994	0.75	0.0011777128005198	0.5	0.0022417153996101	synthetic_emergent_real_transfer	guided_real_only	True	canonical_tissue	0.2145291891140767	0.0714587182408475	0.3545259038476095	0.0920507968106929	38.0	85.0	NA	NA	NA	False	NA	NA	NA	False	NA	NA	NA	NA
conditional_DDIM_classifier	selected_gene_feature	tissue	skeletal_muscle	guided_real_only	ENSMUSG00000004880	Lbr	0.5	0.75	0.0	0.5	0.0	1.0	False	True	NA	0.4144749641418457	False	0.0	0.0046052631578947	0.5	-0.0040042235217673	0.25	0.0046052631578947	synthetic_emergent_real_transfer	guided_real_only	True	canonical_tissue	NA	NA	0.3063970467511374	0.0672545096078351	39.0	130.0	NA	NA	NA	False	NA	NA	NA	False	NA	NA	NA	NA
conditional_DDIM_classifier	selected_gene_feature	tissue	skeletal_muscle	guided_real_only	ENSMUSG00000001036	Epn2	0.5	0.75	0.0	0.625	0.0	1.0	False	True	NA	-0.4250640869140625	False	0.0	0.0045614035087719	0.6	0.0025016244314489	0.6	0.0045614035087719	synthetic_emergent_real_transfer	guided_real_only	True	canonical_tissue	NA	NA	0.3786092934121804	-0.0144840522872494	40.0	130.0	NA	NA	NA	False	NA	NA	NA	False	NA	NA	NA	NA
conditional_DDIM_classifier	selected_gene_feature	tissue	skeletal_muscle	guided_real_only	ENSMUSG00000029454	Mapkapk5	0.5	0.75	0.0	0.5	0.0	1.0	False	True	NA	-0.1868829429149627	False	0.0	0.004422514619883	0.5	0.0020021117608837	1.0	0.004422514619883	synthetic_emergent_real_transfer	guided_real_only	True	canonical_tissue	NA	NA	0.1650761643065764	0.0362131987567788	42.0	130.0	NA	NA	NA	False	promoted	complementary	Nominates a stress-kinase component within established unloading-responsive muscle biology.	True	FLT_lower	-0.0054657623215005	0.002150038861189	13.0
conditional_DDIM_classifier	selected_gene_feature	tissue	skeletal_muscle	guided_real_only	ENSMUSG00000039509	Nup133	0.5	0.75	0.0	0.75	0.0	1.0	False	True	NA	-0.2527748942375183	False	0.0	0.0039473684210526	0.6666666666666666	0.002932098765432	1.0	0.0039473684210526	synthetic_emergent_real_transfer	guided_real_only	True	canonical_tissue	NA	NA	0.2052860510451471	0.0739040695778027	45.0	130.0	NA	NA	NA	False	NA	NA	NA	False	NA	NA	NA	NA
conditional_DDIM_classifier	selected_gene_feature	tissue	skeletal_muscle	guided_real_only	ENSMUSG00000053192	Mllt11	0.5	0.75	0.0	0.5	0.0	1.0	False	True	NA	-0.2967095673084259	False	0.0	0.0036915204678362	0.5	0.0014863547758284	0.75	0.0036915204678362	synthetic_emergent_real_transfer	guided_real_only	True	canonical_tissue	NA	NA	0.2732129751743128	0.0257642339668554	47.0	130.0	NA	NA	NA	False	NA	NA	NA	False	NA	NA	NA	NA
conditional_DDIM_classifier	selected_gene_feature	tissue	skeletal_muscle	guided_real_only	ENSMUSG00000059552	Trp53	0.5	0.75	0.75	0.375	1.0	1.0	True	False	0.1201868951320648	0.1744866520166397	True	0.0105263157894736	0.0035575048732943	0.6666666666666666	-0.0002599090318388	0.3333333333333333	-0.0069688109161793	real_only	guided_real_only	True	canonical_tissue	0.161194506730047	0.0531010814208036	0.2086959642780715	0.0737383556368449	49.0	25.0	NA	NA	NA	False	NA	NA	NA	False	NA	NA	NA	NA
conditional_DDIM_classifier	selected_gene_feature	tissue	skeletal_muscle	guided_real_only	ENSMUSG00000021033	Gstz1	0.5	0.75	0.0	0.5	0.0	1.0	False	True	NA	-0.3987082839012146	False	0.0	0.0035087719298246	0.75	0.0065017868745938	0.75	0.0035087719298246	synthetic_emergent_real_transfer	guided_real_only	True	canonical_tissue	NA	NA	0.2978608793797448	-0.0060383090514777	50.0	130.0	NA	NA	NA	False	NA	NA	NA	False	NA	NA	NA	NA
conditional_DDIM_classifier	selected_gene_feature	tissue	skeletal_muscle	guided_real_only	ENSMUSG00000005774	Rfx5	0.5	0.75	0.0	1.0	0.0	1.0	False	True	NA	-0.3444273471832275	False	0.0	0.0034722222222222	0.75	0.0062215724496426	1.0	0.0034722222222222	synthetic_emergent_real_transfer	guided_real_only	True	canonical_tissue	NA	NA	0.2831486171426294	0.0439131986250461	51.0	130.0	NA	NA	NA	False	NA	NA	NA	False	NA	NA	NA	NA
conditional_DDIM_classifier	selected_gene_feature	tissue	skeletal_muscle	guided_real_only	ENSMUSG00000035683	Melk	0.5	0.75	1.0	0.25	1.0	1.0	True	False	0.2100793868303299	0.3576942086219787	True	0.0061220760233918	0.0032163742690058	1.0	0.0091211825860948	1.0	-0.0029057017543859	real_only	guided_real_only	True	canonical_tissue	0.1226097281092152	0.0802793264347276	0.1596055223960574	0.170428458299792	53.0	48.0	NA	NA	NA	False	NA	NA	NA	False	NA	NA	NA	NA
conditional_DDIM_classifier	selected_gene_feature	tissue	skeletal_muscle	guided_real_only	ENSMUSG00000008859	Rala	0.5	0.75	0.0	0.625	0.0	1.0	False	True	NA	-0.3251573145389557	False	0.0	0.0028947368421052	0.6	0.0001137102014294	0.4	0.0028947368421052	synthetic_emergent_real_transfer	guided_real_only	True	canonical_tissue	NA	NA	0.2630048685389369	0.1502600591570182	56.0	130.0	NA	NA	NA	False	NA	NA	NA	False	NA	NA	NA	NA
conditional_DDIM_classifier	selected_gene_feature	tissue	skeletal_muscle	guided_real_only	ENSMUSG00000005873	Reep5	0.5	0.75	0.0	0.5	0.0	1.0	False	True	NA	-0.1165498495101928	False	0.0	0.0024122807017544	0.5	0.0023513645224171	0.75	0.0024122807017544	synthetic_emergent_real_transfer	guided_real_only	True	canonical_tissue	NA	NA	0.1678445605583341	0.0106937093936708	60.0	130.0	NA	NA	NA	False	promoted	complementary	Adds a membrane-architecture candidate to established calcium-handling responses.	True	FLT_lower	-0.0020264594111112	0.0065061775551388	13.0
conditional_DDIM_classifier	selected_gene_feature	tissue	skeletal_muscle	guided_real_only	ENSMUSG00000020936	Nmt1	0.5	0.75	1.0	0.25	1.0	0.0	True	False	-0.0753948390483856	-0.0337953716516494	True	0.002266081871345	0.0021198830409357	0.5	0.0001543209876543	0.5	-0.0001461988304093	real_only	guided_real_only	True	canonical_tissue	0.1646916396702425	-0.1333640280889023	0.050176832227752	-0.0036923689972434	62.0	88.0	NA	NA	NA	False	NA	NA	NA	False	NA	NA	NA	NA
conditional_DDIM_classifier	selected_gene_feature	tissue	skeletal_muscle	guided_real_only	ENSMUSG00000025980	Hspd1	0.5	0.75	0.0	0.625	0.0	1.0	False	True	NA	-0.2281195372343063	False	0.0	0.0019883040935672	0.6	0.0027972709551656	1.0	0.0019883040935672	synthetic_emergent_real_transfer	guided_real_only	True	canonical_tissue	NA	NA	0.2063091210816543	0.063702995552139	64.0	130.0	NA	NA	NA	False	NA	NA	NA	False	NA	NA	NA	NA
conditional_DDIM_classifier	selected_gene_feature	tissue	skeletal_muscle	guided_real_only	ENSMUSG00000028293	Slc35a1	0.5	0.75	0.0	0.75	0.0	1.0	False	True	NA	-0.1765890121459961	False	0.0	0.0019493177387914	0.6666666666666666	0.0008744855967078	0.5	0.0019493177387914	synthetic_emergent_real_transfer	guided_real_only	True	canonical_tissue	NA	NA	0.1589421168224659	0.0312115875937346	65.0	130.0	NA	NA	NA	False	NA	NA	NA	False	NA	NA	NA	NA
conditional_DDIM_classifier	selected_gene_feature	tissue	skeletal_muscle	guided_real_only	ENSMUSG00000047084	Ngrn	0.5	0.75	0.0	0.5	0.0	1.0	False	True	NA	-0.1035973578691482	False	0.0	0.0017909356725146	0.5	0.0008528265107212	0.75	0.0017909356725146	synthetic_emergent_real_transfer	guided_real_only	True	canonical_tissue	NA	NA	0.0810251890386921	0.0070021831734192	67.0	130.0	NA	NA	NA	False	NA	NA	NA	False	NA	NA	NA	NA
conditional_DDIM_classifier	selected_gene_feature	tissue	skeletal_muscle	guided_real_only	ENSMUSG00000018906	P4ha2	0.5	0.75	0.0	0.875	0.0	1.0	False	True	NA	-0.2352137714624405	False	0.0	0.0015037593984962	0.7142857142857143	0.0043001021071196	1.0	0.0015037593984962	synthetic_emergent_real_transfer	guided_real_only	True	canonical_tissue	NA	NA	0.2290497597687688	0.0568400578490004	70.0	130.0	NA	NA	NA	False	NA	NA	NA	False	NA	NA	NA	NA
conditional_DDIM_classifier	selected_gene_feature	tissue	skeletal_muscle	guided_real_only	ENSMUSG00000040667	Nup88	0.5	0.75	0.125	0.625	1.0	1.0	False	True	-0.0825932398438453	0.3484336733818054	False	0.0099415204678362	0.0014912280701754	0.2	0.0026803118908382	0.6	-0.0084502923976608	synthetic_domain_only	guided_real_only	True	canonical_tissue	0.0654867123871999	-0.0143001510836542	0.2432210801955148	0.0837116494071117	71.0	29.0	NA	NA	NA	False	NA	NA	NA	False	NA	NA	NA	NA
conditional_DDIM_classifier	selected_gene_feature	tissue	skeletal_muscle	guided_real_only	ENSMUSG00000001403	Ube2c	0.5	0.75	0.0	0.625	0.0	1.0	False	True	NA	0.172579750418663	False	0.0	0.0014619883040935	0.6	0.0034470435347628	0.8	0.0014619883040935	synthetic_emergent_real_transfer	guided_real_only	True	canonical_tissue	NA	NA	0.1782252769896877	-0.0085031426404422	73.0	130.0	NA	NA	NA	False	NA	NA	NA	False	NA	NA	NA	NA
conditional_DDIM_classifier	selected_gene_feature	tissue	skeletal_muscle	guided_real_only	ENSMUSG00000056091	St3gal5	0.5	0.75	0.625	0.625	0.6000000238418579	1.0	False	True	0.0453691892325878	0.2420596927404403	True	0.0023684210526315	0.0014327485380117	0.4	0.0031059129304743	1.0	-0.0009356725146198	synthetic_domain_only	guided_real_only	True	canonical_tissue	0.03263182174042	0.0129237520822728	0.2110194681768175	0.0777091989377922	75.0	86.0	NA	NA	NA	False	NA	NA	NA	False	NA	NA	NA	NA
conditional_DDIM_classifier	selected_gene_feature	tissue	skeletal_muscle	guided_real_only	ENSMUSG00000076431	Sox4	0.5	0.75	1.0	1.0	1.0	1.0	True	True	0.5234851837158203	0.556011438369751	True	0.0215826023391812	0.001187865497076	0.625	0.010091780376868	0.75	-0.0203947368421052	shared_attenuated	guided_real_only	True	canonical_tissue	0.4979711275268228	0.3328357921977295	0.4185001851144319	0.2670887405826172	81.0	8.0	NA	NA	NA	False	reinforced	aligning	Same-gene, broad-muscle, same-direction literature alignment.	True	FLT_higher	0.0008297043311582	1.8740564028665187e-05	13.0
conditional_DDIM_classifier	selected_gene_feature	tissue	skeletal_muscle	guided_real_only	ENSMUSG00000024576	Csnk1a1	0.5	0.75	0.625	0.25	1.0	1.0	True	False	-0.0900230184197425	0.1172839105129242	False	0.0039766081871345	0.0009502923976608	0.5	0.0006578947368421	1.0	-0.0030263157894736	real_only	guided_real_only	True	canonical_tissue	0.1018306842147702	-0.0261135157981977	0.0921371859020141	0.0275450958389213	83.0	65.0	NA	NA	NA	False	NA	NA	NA	False	NA	NA	NA	NA
conditional_DDIM_classifier	selected_gene_feature	tissue	skeletal_muscle	guided_real_only	ENSMUSG00000031429	Psmd10	0.5	0.75	0.0	0.875	0.0	1.0	False	True	NA	-0.3060431182384491	False	0.0	0.0007309941520468	0.5714285714285714	0.0054673721340387	0.8571428571428571	0.0007309941520468	synthetic_emergent_real_transfer	guided_real_only	True	canonical_tissue	NA	NA	0.2171850472715117	0.0610034424527478	91.0	130.0	NA	NA	NA	False	NA	NA	NA	False	NA	NA	NA	NA
conditional_DDIM_classifier	selected_gene_feature	tissue	skeletal_muscle	guided_real_only	ENSMUSG00000034575	Tent4a	0.5	0.75	0.875	0.5	1.0	0.0	True	False	-0.1069367676973342	-0.016648905351758	True	-8.354218880534562e-05	0.0007309941520468	0.75	0.0001786874593892	0.5	0.0008145363408521	real_only	guided_real_only	True	canonical_tissue	0.1689938044802579	-0.0813676085038791	0.0425320587984094	-0.003491559097746	91.0	260.0	NA	NA	NA	False	NA	NA	NA	False	NA	NA	NA	NA
conditional_DDIM_classifier	selected_gene_feature	tissue	skeletal_muscle	guided_real_only	ENSMUSG00000007656	Arpp19	0.5	0.75	1.0	0.625	1.0	1.0	True	True	0.3481090366840362	0.2692380547523498	True	0.0237573099415204	0.0006432748538012	0.6	0.0026965562053281	1.0	-0.0231140350877192	shared_attenuated	guided_real_only	True	canonical_tissue	0.3149224307977704	0.2170039830223195	0.1776443989699074	0.095255071348371	96.0	5.0	NA	NA	NA	False	NA	NA	NA	False	NA	NA	NA	NA
conditional_DDIM_classifier	selected_gene_feature	tissue	skeletal_muscle	guided_real_only	ENSMUSG00000021519	Mterf3	0.5	0.75	0.625	0.375	1.0	0.3333333432674408	True	False	-0.0647691190242767	0.0048995087854564	False	-0.0010526315789473	0.0005847953216374	1.0	0.0010883690708252	1.0	0.0016374269005848	real_only	guided_real_only	True	canonical_tissue	0.1234314625645482	-0.0472913460565571	0.0388652682121765	-0.007440206893092	97.0	280.0	NA	NA	NA	False	NA	NA	NA	False	NA	NA	NA	NA
conditional_DDIM_classifier	selected_gene_feature	tissue	skeletal_muscle	guided_real_only	ENSMUSG00000021359	Tfap2a	0.5	0.75	1.0	0.125	1.0	1.0	True	False	0.3877846300601959	0.1787796169519424	True	0.0163559941520467	0.0005847953216374	1.0	0.0228557504873294	1.0	-0.0157711988304093	real_only	guided_real_only	True	canonical_tissue	0.376340431570009	0.1659748526769957	0.1121109161525384	0.0735875285989205	97.0	13.0	NA	NA	NA	False	NA	NA	NA	False	NA	NA	NA	NA
conditional_DDIM_classifier	selected_gene_feature	tissue	skeletal_muscle	guided_real_only	ENSMUSG00000033931	Rbm34	0.5	0.75	1.0	0.75	1.0	1.0	True	True	0.3223623037338257	0.2828420400619507	True	0.0103070175438596	0.0005604288499025	0.3333333333333333	-0.0004061078622482	0.5	-0.009746588693957	shared_no_positive_importance	guided_real_only	True	canonical_tissue	0.3482920645752396	0.2739105443051308	0.2591029721209482	0.1775498906995206	99.0	26.0	NA	NA	NA	False	NA	NA	NA	False	NA	NA	NA	NA
conditional_DDIM_classifier	selected_gene_feature	tissue	skeletal_muscle	guided_real_only	ENSMUSG00000020108	Ddit4	0.5	0.75	0.625	1.0	1.0	0.25	True	False	0.2615102231502533	0.1284127682447433	True	0.0034795321637426	0.0005116959064327	0.375	0.002375730994152	0.75	-0.0029678362573099	real_only	guided_real_only	True	canonical_tissue	0.2508733796879234	0.0795077148475381	0.1184475872877975	0.0174824861788994	100.0	68.0	NA	NA	NA	False	NA	NA	NA	False	NA	NA	NA	NA
conditional_DDIM_classifier	selected_gene_feature	tissue	skeletal_muscle	guided_real_only	ENSMUSG00000036707	Cab39	0.5	0.75	1.0	0.75	0.5	1.0	False	True	0.0922108888626098	0.2114673405885696	True	0.0022112573099415	0.0004873294346978	0.5	0.0022958631145765	1.0	-0.0017239278752436	synthetic_emergent_real_transfer	guided_real_only	True	canonical_tissue	0.1157380752560239	0.0378914737608703	0.1416105261703017	0.0494643722901049	102.0	89.0	NA	NA	NA	False	NA	NA	NA	False	NA	NA	NA	NA
conditional_DDIM_classifier	selected_gene_feature	tissue	skeletal_muscle	guided_real_only	ENSMUSG00000020694	Tlk2	0.5	0.75	0.375	0.75	0.3333333432674408	1.0	False	True	-0.0290326327085495	0.3522958755493164	False	0.0014619883040935	0.0002436647173489	0.3333333333333333	0.0040258826077539	1.0	-0.0012183235867446	synthetic_domain_only	guided_real_only	True	canonical_tissue	0.031193919404881	-0.0041297686434568	0.3537595922780043	0.1350841364624205	110.0	104.0	NA	NA	NA	False	NA	NA	NA	False	NA	NA	NA	NA
conditional_DDIM_classifier	selected_gene_feature	tissue	skeletal_muscle	guided_real_only	ENSMUSG00000005672	Kit	0.5	0.75	0.375	0.5	0.3333333432674408	1.0	False	True	0.1578904837369918	0.3118666410446167	True	0.0028752436647173	0.000219298245614	0.25	0.0034397335932423	0.5	-0.0026559454191032	synthetic_domain_only	guided_real_only	True	canonical_tissue	0.0850047036113903	0.0109319811609445	0.2196931711256049	0.05615761918167	111.0	80.0	NA	NA	NA	False	NA	NA	NA	False	NA	NA	NA	NA
conditional_DDIM_classifier	selected_gene_feature	tissue	skeletal_muscle	guided_real_only	ENSMUSG00000046229	Scand1	0.5	0.75	0.0	0.5	0.0	1.0	False	True	NA	-0.0881143063306808	False	0.0	0.0001827485380117	0.5	0.0003654970760234	0.75	0.0001827485380117	synthetic_emergent_real_transfer	guided_real_only	True	canonical_tissue	NA	NA	0.0996703711584677	0.0208472796650424	112.0	130.0	NA	NA	NA	False	NA	NA	NA	False	NA	NA	NA	NA
conditional_DDIM_classifier	selected_gene_feature	tissue	skeletal_muscle	guided_real_only	ENSMUSG00000024498	Tcerg1	0.5	0.75	0.875	0.25	1.0	1.0	True	False	-0.057507399469614	0.0377919115126132	False	0.0011487050960735	5.551115123125783e-17	0.5	0.0012508122157245	1.0	-0.0011487050960734	real_only	guided_real_only	True	canonical_tissue	0.1223355509925725	-0.0515445461349798	0.0302395861447299	0.0084886871906684	120.0	111.0	NA	NA	NA	False	NA	NA	NA	False	NA	NA	NA	NA
conditional_DDIM_classifier	selected_gene_feature	tissue	skeletal_muscle	guided_real_only	ENSMUSG00000031508	Ankrd10	0.5	0.75	1.0	0.0	0.75	0.0	True	False	0.048798531293869	NA	False	0.0011695906432748	0.0	0.0	0.0	0.0	-0.0011695906432748	real_only	guided_real_only	True	canonical_tissue	0.0588284731518745	-0.0181587350106046	NA	NA	123.0	109.0	NA	NA	NA	False	NA	NA	NA	False	NA	NA	NA	NA
conditional_DDIM_classifier	selected_gene_feature	tissue	skeletal_muscle	guided_real_only	ENSMUSG00000031628	Casp3	0.5	0.75	0.75	0.0	1.0	0.0	True	False	-0.1919689178466797	NA	False	-0.0016569200779727	0.0	0.0	0.0	0.0	0.0016569200779727	real_only	guided_real_only	True	canonical_tissue	0.1287794371571215	-0.0631983880832878	NA	NA	123.0	286.0	NA	NA	NA	False	NA	NA	NA	False	NA	NA	NA	NA
conditional_DDIM_classifier	selected_gene_feature	tissue	skeletal_muscle	guided_real_only	ENSMUSG00000022637	Cblb	0.5	0.75	1.0	0.125	1.0	1.0	True	False	-0.2158668935298919	0.0716607347130775	False	0.0046600877192982	0.0	0.0	0.0008771929824561	1.0	-0.0046600877192982	real_only	guided_real_only	True	canonical_tissue	0.2581991756924728	-0.1249490745132305	0.0646745986358616	0.0237427084282856	123.0	56.0	NA	NA	NA	False	NA	NA	NA	False	NA	NA	NA	NA
conditional_DDIM_classifier	selected_gene_feature	tissue	skeletal_muscle	guided_real_only	ENSMUSG00000061048	Cdh3	0.5	0.75	1.0	0.0	0.75	0.0	True	False	0.1461677104234695	NA	False	0.0040752923976608	0.0	0.0	0.0	0.0	-0.0040752923976608	real_only	guided_real_only	True	canonical_tissue	0.1296262489916035	0.0553850292763701	NA	NA	123.0	63.0	NA	NA	NA	False	NA	NA	NA	False	NA	NA	NA	NA
conditional_DDIM_classifier	selected_gene_feature	tissue	skeletal_muscle	guided_real_only	ENSMUSG00000044303	Cdkn2a	0.5	0.75	0.625	0.0	1.0	0.0	True	False	-0.4597601294517517	NA	False	0.0120760233918128	0.0	0.0	0.0	0.0	-0.0120760233918128	real_only	guided_real_only	True	canonical_tissue	0.2530186103561552	0.1726738391688212	NA	NA	123.0	19.0	NA	NA	NA	False	NA	NA	NA	False	NA	NA	NA	NA
conditional_DDIM_classifier	selected_gene_feature	tissue	skeletal_muscle	guided_real_only	ENSMUSG00000030707	Coro1a	0.5	0.75	0.875	0.0	1.0	0.0	True	False	0.0489941909909248	NA	False	0.0030910609857978	0.0	0.0	0.0	0.0	-0.0030910609857978	real_only	guided_real_only	True	canonical_tissue	0.0571280532415446	0.0365853965028897	NA	NA	123.0	76.0	NA	NA	NA	False	NA	NA	NA	False	NA	NA	NA	NA
conditional_DDIM_classifier	selected_gene_feature	tissue	skeletal_muscle	guided_real_only	ENSMUSG00000026421	Csrp1	0.5	0.75	0.75	0.0	1.0	0.0	True	False	-0.0726727545261383	NA	False	-0.0028996101364522	0.0	0.0	0.0	0.0	0.0028996101364522	real_only	guided_real_only	True	canonical_tissue	0.0581480185922883	-0.0336800989427352	NA	NA	123.0	291.0	NA	NA	NA	False	NA	NA	NA	False	NA	NA	NA	NA
conditional_DDIM_classifier	selected_gene_feature	tissue	skeletal_muscle	guided_real_only	ENSMUSG00000030104	Edem1	0.5	0.75	0.5	0.0	1.0	0.0	True	False	-0.1300337314605713	NA	False	0.006798245614035	0.0	0.0	0.0	0.0	-0.006798245614035	real_only	guided_real_only	True	canonical_tissue	0.1043735589130398	-0.0420497730057226	NA	NA	123.0	46.0	NA	NA	NA	False	NA	NA	NA	False	NA	NA	NA	NA
conditional_DDIM_classifier	selected_gene_feature	tissue	skeletal_muscle	guided_real_only	ENSMUSG00000038418	Egr1	0.5	0.75	0.875	0.0	1.0	0.0	True	False	0.1184025406837463	NA	False	0.0042397660818713	0.0	0.0	0.0	0.0	-0.0042397660818713	real_only	guided_real_only	True	canonical_tissue	0.0626242121981311	0.041901394925169	NA	NA	123.0	62.0	NA	NA	NA	False	NA	NA	NA	False	NA	NA	NA	NA
conditional_DDIM_classifier	selected_gene_feature	tissue	skeletal_muscle	guided_real_only	ENSMUSG00000034792	Gna15	0.5	0.75	0.625	0.0	1.0	0.0	True	False	-0.0441439524292945	NA	False	0.0015497076023391	0.0	0.0	0.0	0.0	-0.0015497076023391	real_only	guided_real_only	True	canonical_tissue	0.0363152397333836	-0.0152643849999036	NA	NA	123.0	103.0	NA	NA	NA	False	NA	NA	NA	False	NA	NA	NA	NA
conditional_DDIM_classifier	selected_gene_feature	tissue	skeletal_muscle	guided_real_only	ENSMUSG00000037649	H2-DMa	0.5	0.75	0.875	0.0	1.0	0.0	True	False	0.1055283471941948	NA	False	0.004720133667502	0.0	0.0	0.0	0.0	-0.004720133667502	real_only	guided_real_only	True	canonical_tissue	0.0896198907561058	0.0352163779085274	NA	NA	123.0	55.0	NA	NA	NA	False	NA	NA	NA	False	NA	NA	NA	NA
conditional_DDIM_classifier	selected_gene_feature	tissue	skeletal_muscle	guided_real_only	ENSMUSG00000050244	Heatr1	0.5	0.75	0.875	0.0	1.0	0.0	True	False	-0.1666631400585174	NA	False	-0.0001044277360066	0.0	0.0	0.0	0.0	0.0001044277360066	real_only	guided_real_only	True	canonical_tissue	0.1382377524712793	-0.0720407674878648	NA	NA	123.0	261.0	NA	NA	NA	False	NA	NA	NA	False	NA	NA	NA	NA
conditional_DDIM_classifier	selected_gene_feature	tissue	skeletal_muscle	guided_real_only	ENSMUSG00000033581	Igf2bp2	0.5	0.75	1.0	0.125	1.0	1.0	True	False	0.1847973465919494	0.0006591749261133	True	0.0107273391812865	0.0	0.0	-4.873294346989243e-05	0.0	-0.0107273391812865	real_only	guided_real_only	True	canonical_tissue	0.124171948939383	0.1176732979469714	0.0005082120253542	0.0006196349616014	123.0	23.0	NA	NA	NA	False	NA	NA	NA	False	NA	NA	NA	NA
conditional_DDIM_classifier	selected_gene_feature	tissue	skeletal_muscle	guided_real_only	ENSMUSG00000018654	Ikzf1	0.5	0.75	0.875	0.0	1.0	0.0	True	False	-0.0615927204489707	NA	False	-0.0013157894736842	0.0	0.0	0.0	0.0	0.0013157894736842	real_only	guided_real_only	True	canonical_tissue	0.0763147335755755	-0.0493377821477285	NA	NA	123.0	283.0	NA	NA	NA	False	NA	NA	NA	False	NA	NA	NA	NA
conditional_DDIM_classifier	selected_gene_feature	tissue	skeletal_muscle	guided_real_only	ENSMUSG00000041498	Kif14	0.5	0.75	0.875	0.0	1.0	0.0	True	False	0.2699364721775055	NA	False	0.0033834586466165	0.0	0.0	0.0	0.0	-0.0033834586466165	real_only	guided_real_only	True	canonical_tissue	0.1748328183262875	0.0607705854659895	NA	NA	123.0	71.0	NA	NA	NA	False	NA	NA	NA	False	NA	NA	NA	NA
conditional_DDIM_classifier	selected_gene_feature	tissue	skeletal_muscle	guided_real_only	ENSMUSG00000001247	Lsr	0.5	0.75	0.5	0.0	1.0	0.0	True	False	-0.0477537252008914	NA	False	0.0021929824561403	0.0	0.0	0.0	0.0	-0.0021929824561403	real_only	guided_real_only	True	canonical_tissue	0.0333048140387148	-0.0069445544898266	NA	NA	123.0	90.0	NA	NA	NA	False	NA	NA	NA	False	NA	NA	NA	NA
conditional_DDIM_classifier	selected_gene_feature	tissue	skeletal_muscle	guided_real_only	ENSMUSG00000041859	Mcm3	0.5	0.75	0.5	0.0	1.0	0.0	True	False	-0.148676112294197	NA	False	-0.0007675438596491	0.0	0.0	0.0	0.0	0.0007675438596491	real_only	guided_real_only	True	canonical_tissue	0.1254429526779053	-0.0447262103132094	NA	NA	123.0	275.0	NA	NA	NA	False	NA	NA	NA	False	NA	NA	NA	NA
conditional_DDIM_classifier	selected_gene_feature	tissue	skeletal_muscle	guided_real_only	ENSMUSG00000015176	Nolc1	0.5	0.75	0.625	0.0	1.0	0.0	True	False	-0.0555352866649627	NA	False	0.0040350877192982	0.0	0.0	0.0	0.0	-0.0040350877192982	real_only	guided_real_only	True	canonical_tissue	0.0508082535168343	-0.0238387257455182	NA	NA	123.0	64.0	NA	NA	NA	False	NA	NA	NA	False	NA	NA	NA	NA
conditional_DDIM_classifier	selected_gene_feature	tissue	skeletal_muscle	guided_real_only	ENSMUSG00000027852	Nras	0.5	0.75	0.625	0.0	1.0	0.0	True	False	-0.1252655833959579	NA	False	0.0072222222222222	0.0	0.0	0.0	0.0	-0.0072222222222222	real_only	guided_real_only	True	canonical_tissue	0.1541872817879842	-0.051376461774636	NA	NA	123.0	43.0	NA	NA	NA	False	NA	NA	NA	False	NA	NA	NA	NA
conditional_DDIM_classifier	selected_gene_feature	tissue	skeletal_muscle	guided_real_only	ENSMUSG00000109511	Nup62	0.5	0.75	0.625	0.0	1.0	0.0	True	False	-0.0406407751142978	NA	False	0.0029239766081871	0.0	0.0	0.0	0.0	-0.0029239766081871	real_only	guided_real_only	True	canonical_tissue	0.0416566233010304	-0.0130726935319778	NA	NA	123.0	77.0	NA	NA	NA	False	NA	NA	NA	False	NA	NA	NA	NA
conditional_DDIM_classifier	selected_gene_feature	tissue	skeletal_muscle	guided_real_only	ENSMUSG00000032939	Nup93	0.5	0.75	0.875	0.0	1.0	0.0	True	False	-0.2401527166366577	NA	False	0.004594820384294	0.0	0.0	0.0	0.0	-0.004594820384294	real_only	guided_real_only	True	canonical_tissue	0.2181928144189064	-0.1101925098625331	NA	NA	123.0	57.0	NA	NA	NA	False	NA	NA	NA	False	NA	NA	NA	NA
conditional_DDIM_classifier	selected_gene_feature	tissue	skeletal_muscle	guided_real_only	ENSMUSG00000028587	Orc1	0.5	0.75	0.5	0.0	1.0	0.0	True	False	0.1489786356687545	NA	False	-0.0031067251461988	0.0	0.0	0.0	0.0	0.0031067251461988	real_only	guided_real_only	True	canonical_tissue	0.1095681821130527	0.0034101496421473	NA	NA	123.0	292.0	NA	NA	NA	False	NA	NA	NA	False	NA	NA	NA	NA
conditional_DDIM_classifier	selected_gene_feature	tissue	skeletal_muscle	guided_real_only	ENSMUSG00000029202	Pds5a	0.5	0.75	0.75	0.0	1.0	0.0	True	False	-0.2410030961036682	NA	False	0.006115984405458	0.0	0.0	0.0	0.0	-0.006115984405458	real_only	guided_real_only	True	canonical_tissue	0.2153015098560914	-0.0667124016489749	NA	NA	123.0	49.0	NA	NA	NA	False	NA	NA	NA	False	NA	NA	NA	NA
conditional_DDIM_classifier	selected_gene_feature	tissue	skeletal_muscle	guided_real_only	ENSMUSG00000020974	Pole2	0.5	0.75	0.75	0.0	1.0	0.0	True	False	0.3113759160041809	NA	False	0.0050194931773879	0.0	0.0	0.0	0.0	-0.0050194931773879	real_only	guided_real_only	True	canonical_tissue	0.1919651860755867	0.0628401117521779	NA	NA	123.0	54.0	NA	NA	NA	False	NA	NA	NA	False	NA	NA	NA	NA
conditional_DDIM_classifier	selected_gene_feature	tissue	skeletal_muscle	guided_real_only	ENSMUSG00000021285	Ppp1r13b	0.5	0.75	0.5	0.0	1.0	0.0	True	False	-0.2007506191730499	NA	False	0.0103070175438596	0.0	0.0	0.0	0.0	-0.0103070175438596	real_only	guided_real_only	True	canonical_tissue	0.2242060421811204	-0.0768322602627081	NA	NA	123.0	26.0	NA	NA	NA	False	NA	NA	NA	False	NA	NA	NA	NA
conditional_DDIM_classifier	selected_gene_feature	tissue	skeletal_muscle	guided_real_only	ENSMUSG00000032487	Ptgs2	0.5	0.75	0.5	0.0	1.0	0.0	True	False	0.1839240491390228	NA	False	0.0011695906432748	0.0	0.0	0.0	0.0	-0.0011695906432748	real_only	guided_real_only	True	canonical_tissue	0.0601695339274374	0.0064684563684978	NA	NA	123.0	109.0	NA	NA	NA	False	NA	NA	NA	False	NA	NA	NA	NA
conditional_DDIM_classifier	selected_gene_feature	tissue	skeletal_muscle	guided_real_only	ENSMUSG00000004266	Ptpn6	0.5	0.75	0.5	0.0	1.0	0.0	True	False	-0.209249347448349	NA	False	-0.0014985380116959	0.0	0.0	0.0	0.0	0.0014985380116959	real_only	guided_real_only	True	canonical_tissue	0.0718218645280115	-0.0245734542078998	NA	NA	123.0	284.0	NA	NA	NA	False	NA	NA	NA	False	NA	NA	NA	NA
conditional_DDIM_classifier	selected_gene_feature	tissue	skeletal_muscle	guided_real_only	ENSMUSG00000033220	Rac2	0.5	0.75	0.5	0.0	1.0	0.0	True	False	0.22251658141613	NA	False	0.0018640350877192	0.0	0.0	0.0	0.0	-0.0018640350877192	real_only	guided_real_only	True	canonical_tissue	0.1305006975846137	0.0491538973336604	NA	NA	123.0	99.0	NA	NA	NA	False	NA	NA	NA	False	NA	NA	NA	NA
conditional_DDIM_classifier	selected_gene_feature	tissue	skeletal_muscle	guided_real_only	ENSMUSG00000026360	Rgs2	0.5	0.75	0.75	0.0	1.0	0.0	True	False	-0.0960422679781913	NA	False	0.0003654970760233	0.0	0.0	0.0	0.0	-0.0003654970760233	real_only	guided_real_only	True	canonical_tissue	0.1787404157798204	-0.0812773100794832	NA	NA	123.0	119.0	NA	NA	NA	False	NA	NA	NA	False	FLT_higher	0.0002308757619999	0.0244251343994312	13.0
conditional_DDIM_classifier	selected_gene_feature	tissue	skeletal_muscle	guided_real_only	ENSMUSG00000034349	Smc4	0.5	0.75	0.5	0.0	1.0	0.0	True	False	-0.1443697959184646	NA	False	0.0010964912280701	0.0	0.0	0.0	0.0	-0.0010964912280701	real_only	guided_real_only	True	canonical_tissue	0.0948954159536687	-0.0189224475796121	NA	NA	123.0	113.0	NA	NA	NA	False	NA	NA	NA	False	NA	NA	NA	NA
conditional_DDIM_classifier	selected_gene_feature	tissue	skeletal_muscle	guided_real_only	ENSMUSG00000028345	Tex10	0.5	0.75	0.625	0.125	1.0	1.0	True	False	-0.0672156438231468	0.0979156196117401	False	0.000438596491228	0.0	0.0	0.0025503573749187	1.0	-0.000438596491228	real_only	guided_real_only	True	canonical_tissue	0.0899932004430041	-0.0285859568303297	0.0736071344913876	0.0204960064413723	123.0	118.0	NA	NA	NA	False	NA	NA	NA	False	NA	NA	NA	NA
conditional_DDIM_classifier	selected_gene_feature	tissue	skeletal_muscle	guided_real_only	ENSMUSG00000028771	Ptpn12	0.5	0.75	1.0	0.375	0.75	0.3333333432674408	True	False	0.0640911981463432	0.0285444278270006	True	0.0031249999999999	-9.746588693953508e-05	0.0	6.497725795970484e-05	0.6666666666666666	-0.0032224658869395	real_only	guided_real_only	True	canonical_tissue	0.0496716220724042	0.0267482672372134	0.0379566889344035	0.0050010009508067	238.0	75.0	NA	NA	NA	False	NA	NA	NA	False	NA	NA	NA	NA
conditional_DDIM_classifier	selected_gene_feature	tissue	skeletal_muscle	guided_real_only	ENSMUSG00000002274	Metrn	0.5	0.75	0.0	0.5	0.0	1.0	False	True	NA	0.4019441604614258	False	0.0	-0.0001096491228069	0.25	0.0029036712150747	0.5	-0.0001096491228069	synthetic_domain_only	guided_real_only	True	canonical_tissue	NA	NA	0.2925042745818299	0.0300674799603097	239.0	130.0	NA	NA	NA	False	NA	NA	NA	False	NA	NA	NA	NA
conditional_DDIM_classifier	selected_gene_feature	tissue	skeletal_muscle	guided_real_only	ENSMUSG00000017146	Brca1	0.5	0.75	0.75	0.25	1.0	1.0	True	False	0.1458565592765808	0.188671663403511	True	0.0023148148148148	-0.0001461988304093	0.0	-0.0033138401559454	0.0	-0.0024610136452241	real_only	guided_real_only	True	canonical_tissue	0.0721000139638807	0.0384257967717243	0.0924339305820097	0.0501663340872827	241.0	87.0	NA	NA	NA	False	NA	NA	NA	False	NA	NA	NA	NA
conditional_DDIM_classifier	selected_gene_feature	tissue	skeletal_muscle	guided_real_only	ENSMUSG00000021025	Nfkbia	0.5	0.75	0.5	0.5	0.5	1.0	False	True	-0.0524853020906448	0.1059014350175857	False	0.0033625730994151	-0.0001827485380116	0.25	-0.0008853151397011	0.5	-0.0035453216374268	synthetic_emergent_no_positive_importance	guided_real_only	True	canonical_tissue	0.2197344737770889	-0.0417882860688193	0.106805870362513	0.0330669252050407	245.0	73.0	NA	NA	NA	False	NA	NA	NA	False	NA	NA	NA	NA
conditional_DDIM_classifier	selected_gene_feature	tissue	skeletal_muscle	guided_real_only	ENSMUSG00000021585	Cast	0.5	0.75	1.0	0.875	0.25	1.0	False	True	-0.0131816174834966	0.1955401599407196	False	0.0021381578947368	-0.0003341687552213	0.4285714285714285	0.00421888053467	1.0	-0.0024723266499581	synthetic_domain_only	guided_real_only	True	canonical_tissue	0.1142368997183918	0.0089627740224032	0.2454684117488891	0.1012217014983487	253.0	95.0	NA	NA	NA	False	NA	NA	NA	False	NA	NA	NA	NA
conditional_DDIM_classifier	selected_gene_feature	tissue	skeletal_muscle	guided_real_only	ENSMUSG00000020897	Aurkb	0.5	0.75	1.0	0.875	1.0	1.0	True	True	0.1080727726221084	0.3658015429973602	True	7.309941520467625e-05	-0.000689223057644	0.4285714285714285	0.0053049289891395	0.8571428571428571	-0.0007623224728487	shared_synthetic_domain_only	guided_real_only	True	canonical_tissue	0.0556289230496079	0.0251664161555874	0.1475904133204992	0.066100788504664	257.0	128.0	NA	NA	NA	False	NA	NA	NA	False	NA	NA	NA	NA
conditional_DDIM_classifier	selected_gene_feature	tissue	skeletal_muscle	guided_real_only	ENSMUSG00000019942	Cdk1	0.5	0.75	0.875	0.75	1.0	1.0	True	True	0.1681157201528549	0.2094058692455291	True	0.0011278195488721	-0.0007066276803118	0.3333333333333333	-0.0092484297162659	0.0	-0.001834447229184	shared_no_positive_importance	guided_real_only	True	canonical_tissue	0.0847859073154359	0.046635227250146	0.0889550827107659	0.0281117447235696	258.0	112.0	NA	NA	NA	False	NA	NA	NA	False	NA	NA	NA	NA
conditional_DDIM_classifier	selected_gene_feature	tissue	skeletal_muscle	guided_real_only	ENSMUSG00000024413	Npc1	0.5	0.75	0.875	0.875	1.0	0.4285714328289032	True	False	0.3053970038890838	0.1353968828916549	True	0.0100668337510442	-0.0008354218880534	0.2857142857142857	0.0017172561032209	0.7142857142857143	-0.0109022556390977	real_only	guided_real_only	True	canonical_tissue	0.3043713086202841	0.1940150911584432	0.1352733183204141	0.0344350248085031	260.0	28.0	NA	NA	NA	False	NA	NA	NA	False	NA	NA	NA	NA
conditional_DDIM_classifier	selected_gene_feature	tissue	skeletal_muscle	guided_real_only	ENSMUSG00000008305	Tle1	0.5	0.75	1.0	0.875	1.0	1.0	True	True	0.1916340887546539	0.4143179357051849	True	0.0028326023391812	-0.0009189640768587	0.2857142857142857	0.0051076765989046	0.8571428571428571	-0.00375156641604	shared_synthetic_domain_only	guided_real_only	True	canonical_tissue	0.2209729848510454	0.1022021338296781	0.3489331684926684	0.1564836014173309	263.0	81.0	NA	NA	NA	False	reinforced	complementary	Adds a transcriptional inflammatory-regulation candidate to pooled muscle.	True	FLT_higher	0.0015896849712961	0.0195029387355128	13.0
conditional_DDIM_classifier	selected_gene_feature	tissue	skeletal_muscle	guided_real_only	ENSMUSG00000045193	Cirbp	0.5	0.75	0.5	0.375	1.0	1.0	True	False	0.0900546908378601	0.1903087198734283	True	0.0043859649122807	-0.001120857699805	0.6666666666666666	0.0034329651288715	1.0	-0.0055068226120857	real_only	guided_real_only	True	canonical_tissue	0.1458553389619679	0.0727861921166621	0.2628187774473123	0.1251185625051603	268.0	59.0	NA	NA	NA	False	NA	NA	NA	False	NA	NA	NA	NA
conditional_DDIM_classifier	selected_gene_feature	tissue	skeletal_muscle	guided_real_only	ENSMUSG00000019947	Arid5b	0.5	0.75	1.0	1.0	1.0	1.0	True	True	0.2162437289953231	0.1886226534843444	True	0.0096308479532163	-0.0016447368421052	0.375	0.0035493827160493	1.0	-0.0112755847953216	shared_synthetic_domain_only	guided_real_only	True	canonical_tissue	0.2771927761269483	0.1516899821658442	0.2430832200463886	0.1240231304664797	274.0	31.0	NA	NA	NA	False	reinforced	aligning	Same-gene, broad-muscle, same-direction literature alignment.	True	FLT_higher	0.0021643146422712	0.0039039260500783	13.0
conditional_DDIM_classifier	selected_gene_feature	tissue	skeletal_muscle	guided_real_only	ENSMUSG00000032402	Smad3	0.5	0.75	0.375	0.875	1.0	1.0	False	True	0.3263469934463501	0.3651166260242462	True	-0.0033625730994152	-0.0021094402673349	0.1428571428571428	0.0037965283579318	1.0	0.0012531328320802	synthetic_domain_only	guided_real_only	True	canonical_tissue	0.2671017861279417	0.0676871273151941	0.2712282187222489	0.0839672628795408	280.0	295.0	NA	NA	NA	False	NA	NA	NA	False	NA	NA	NA	NA
conditional_DDIM_classifier	selected_gene_feature	tissue	skeletal_muscle	guided_real_only	ENSMUSG00000036067	Slc2a6	0.5	0.75	1.0	0.875	1.0	1.0	True	True	0.1661224961280822	0.1499277651309967	True	0.0068896198830409	-0.002422723475355	0.1428571428571428	0.0105355982548964	0.7142857142857143	-0.0093123433583959	shared_synthetic_domain_only	guided_real_only	True	canonical_tissue	0.1017038971785976	0.054864442437426	0.1056952621267184	0.0416700317879602	283.0	45.0	NA	NA	NA	False	NA	NA	NA	False	NA	NA	NA	NA
conditional_DDIM_classifier	selected_gene_feature	tissue	skeletal_muscle	guided_real_only	ENSMUSG00000023067	Cdkn1a	0.5	0.75	1.0	1.0	1.0	0.5	True	False	0.1886827200651168	0.1692853569984436	True	0.0293494152046783	-0.0028874269005847	0.25	0.0050722871994801	0.75	-0.0322368421052631	real_only	guided_real_only	True	canonical_tissue	0.3298634794783041	0.2623600563902064	0.2328875621243841	0.1243084283011345	285.0	4.0	NA	NA	NA	False	NA	NA	NA	False	FLT_higher	0.0046982109995375	0.0006598677226508	13.0
conditional_DDIM_classifier	selected_gene_feature	tissue	skeletal_muscle	guided_real_only	ENSMUSG00000044786	Zfp36	0.5	0.75	0.875	0.5	0.7142857313156128	1.0	False	True	0.0594797022640705	0.272889494895935	True	0.0014411027568922	-0.0033991228070175	0.0	0.0005685510071474	0.75	-0.0048402255639097	synthetic_domain_only	guided_real_only	True	canonical_tissue	0.1060717990984862	0.024599807007977	0.2054629385845242	0.0544897278607215	290.0	105.0	NA	NA	NA	False	NA	NA	NA	False	NA	NA	NA	NA
conditional_DDIM_classifier	selected_gene_feature	tissue	skeletal_muscle	guided_real_only	ENSMUSG00000021250	Fos	0.5	0.75	1.0	0.875	1.0	1.0	True	True	0.4827739596366882	0.5443322658538818	True	0.0128106725146198	-0.0034878863826231	0.5714285714285714	0.0059338160215353	0.7142857142857143	-0.016298558897243	shared_synthetic_domain_only	guided_real_only	True	canonical_tissue	0.3598161173765323	0.154012059557581	0.3290773620564858	0.1188997256963304	291.0	18.0	NA	NA	NA	False	NA	NA	NA	False	NA	NA	NA	NA
conditional_DDIM_classifier	selected_gene_feature	tissue	skeletal_muscle	guided_real_only	ENSMUSG00000056749	Nfil3	0.5	0.75	0.125	0.75	1.0	1.0	False	True	0.173001617193222	0.2019672989845276	True	-0.0032163742690058	-0.0036306042884989	0.3333333333333333	0.0009448776261641	0.6666666666666666	-0.0004142300194931	synthetic_domain_only	guided_real_only	True	canonical_tissue	0.1513076895297723	-0.0221252033558678	0.1930706355526793	0.0169223599414643	292.0	293.0	NA	NA	NA	False	NA	NA	NA	False	NA	NA	NA	NA
conditional_DDIM_classifier	selected_gene_feature	tissue	skin	real_plus_generated	ENSMUSG00000033581	Igf2bp2	0.5	0.75	0.125	0.625	1.0	1.0	False	True	0.3434015214443207	0.3084464967250824	True	0.0890625	0.0309821428571428	0.8	0.0367857142857142	1.0	-0.0580803571428571	synthetic_emergent_real_transfer	real_plus_generated	True	canonical_tissue	0.517533204267368	0.5938972576458852	0.252454137123309	0.2302042578015272	7.0	1.0	NA	NA	NA	False	NA	NA	NA	False	NA	NA	NA	NA
conditional_DDIM_classifier	selected_gene_feature	tissue	skin	real_plus_generated	ENSMUSG00000070348	Ccnd1	0.5	0.75	0.625	0.875	1.0	1.0	True	True	-0.2313729226589203	-0.2532306313514709	True	0.0580357142857142	0.0214604591836734	0.7142857142857143	0.0111642573696144	0.8571428571428571	-0.0365752551020408	shared_attenuated	real_plus_generated	True	canonical_tissue	0.4371428935125597	0.2684952175457008	0.214923711359307	0.1632401086443711	10.0	2.0	NA	NA	NA	False	NA	NA	NA	False	NA	NA	NA	NA
conditional_DDIM_classifier	selected_gene_feature	tissue	skin	real_plus_generated	ENSMUSG00000002741	Ykt6	0.5	0.75	0.375	1.0	1.0	1.0	False	True	-0.0433279648423194	-0.2547069191932678	True	0.0011160714285714	0.0181361607142857	0.75	0.010587177579365	0.5	0.0170200892857142	synthetic_emergent_real_transfer	real_plus_generated	True	canonical_tissue	0.1511611241208914	0.0779822601354518	0.2143884434306262	0.1804508987281191	16.0	101.0	NA	NA	NA	False	NA	NA	NA	False	NA	NA	NA	NA
conditional_DDIM_classifier	selected_gene_feature	tissue	skin	real_plus_generated	ENSMUSG00000038332	Sesn1	0.5	0.75	0.375	0.625	1.0	1.0	False	True	-0.3138232827186584	-0.1454531103372573	True	0.0078125	0.0162053571428571	0.8	0.0136309523809523	0.6	0.0083928571428571	synthetic_emergent_real_transfer	real_plus_generated	True	canonical_tissue	0.3696530501112189	0.0174457992046063	0.2251694282408997	0.0568358597532053	19.0	40.0	NA	NA	NA	False	NA	NA	NA	False	NA	NA	NA	NA
conditional_DDIM_classifier	selected_gene_feature	tissue	skin	real_plus_generated	ENSMUSG00000024538	Ppic	0.5	0.75	0.5	1.0	1.0	1.0	True	True	-0.3065629601478576	-0.3462479710578918	True	0.0198660714285714	0.0131417410714285	1.0	0.0243055555555555	1.0	-0.0067243303571428	shared_attenuated	real_plus_generated	True	canonical_tissue	0.2437502377735109	0.1598526663494574	0.2286645870100951	0.135500203977212	23.0	16.0	NA	NA	NA	False	NA	NA	NA	False	NA	NA	NA	NA
conditional_DDIM_classifier	selected_gene_feature	tissue	skin	real_plus_generated	ENSMUSG00000032035	Ets1	0.5	0.75	0.5	0.625	1.0	1.0	True	True	0.3089169859886169	0.2429763823747635	True	0.0228236607142856	0.0102678571428571	0.6	0.0108531746031745	0.8	-0.0125558035714285	shared_attenuated	real_plus_generated	True	canonical_tissue	0.2121070687383663	0.1413433442801507	0.2169575229123062	0.1253193027057424	29.0	13.0	NA	NA	NA	False	NA	NA	NA	False	NA	NA	NA	NA
conditional_DDIM_classifier	selected_gene_feature	tissue	skin	real_plus_generated	ENSMUSG00000020108	Ddit4	0.5	0.75	0.25	0.5	1.0	1.0	False	True	-0.4568133652210235	-0.1654250621795654	True	-0.0022321428571428	0.0098772321428571	0.75	0.0012772817460317	0.75	0.0121093749999999	synthetic_emergent_real_transfer	real_plus_generated	True	canonical_tissue	0.346980341868713	-0.1092670000066241	0.1312623246998553	0.0119057177168655	30.0	215.0	NA	NA	NA	False	NA	NA	NA	False	NA	NA	NA	NA
conditional_DDIM_classifier	selected_gene_feature	tissue	skin	real_plus_generated	ENSMUSG00000041220	Elovl6	0.5	0.75	0.625	1.0	1.0	1.0	True	True	-0.1291600912809372	-0.0984766259789466	True	0.0155803571428571	0.0087890625	0.75	0.0038256448412698	0.875	-0.0067912946428571	shared_attenuated	real_plus_generated	True	canonical_tissue	0.119663918920454	0.0845603039679495	0.1069012816609697	0.0641383190662798	34.0	22.0	NA	NA	NA	False	NA	NA	NA	False	NA	NA	NA	NA
conditional_DDIM_classifier	selected_gene_feature	tissue	skin	real_plus_generated	ENSMUSG00000032555	Topbp1	0.5	0.75	1.0	1.0	0.5	0.75	False	True	-0.0654362440109252	-0.0700182020664215	True	0.0039062499999999	0.0083984375	0.5	0.0094804067460317	0.5	0.0044921875	synthetic_emergent_real_transfer	real_plus_generated	True	canonical_tissue	0.1326722285035707	-0.0533658435914843	0.181521285416458	0.0994306780861243	35.0	71.0	NA	NA	NA	False	NA	NA	NA	False	NA	NA	NA	NA
conditional_DDIM_classifier	selected_gene_feature	tissue	skin	real_plus_generated	ENSMUSG00000071547	Nt5dc2	0.5	0.75	0.125	0.625	1.0	1.0	False	True	-0.0646485388278961	-0.1608748286962509	True	-0.0053571428571428	0.0083482142857143	0.8	0.003625992063492	0.8	0.0137053571428571	synthetic_emergent_real_transfer	real_plus_generated	True	canonical_tissue	0.0511412852784521	0.0233130830558421	0.1993646219269009	0.1099959769354321	36.0	226.0	NA	NA	NA	False	NA	NA	NA	False	NA	NA	NA	NA
conditional_DDIM_classifier	selected_gene_feature	tissue	skin	real_plus_generated	ENSMUSG00000032458	Copb2	0.5	0.75	0.125	0.625	1.0	1.0	False	True	0.0175068564713001	0.031451292335987	True	0.0082589285714284	0.0079910714285714	0.8	0.007375992063492	0.8	-0.0002678571428569	synthetic_emergent_real_transfer	real_plus_generated	True	canonical_tissue	0.0135653308604269	0.0035725049320704	0.0819841959479185	-0.0029901511602606	37.0	38.0	NA	NA	NA	False	NA	NA	NA	False	NA	NA	NA	NA
conditional_DDIM_classifier	selected_gene_feature	tissue	skin	real_plus_generated	ENSMUSG00000020427	Igfbp3	0.5	0.75	0.25	1.0	1.0	0.75	False	True	0.0530857220292091	0.1204035654664039	True	0.0098214285714285	0.0078125	0.75	0.0138237847222222	1.0	-0.0020089285714285	synthetic_emergent_real_transfer	real_plus_generated	True	canonical_tissue	0.0451643691660395	0.0381986694970971	0.1464782346700986	0.1206158033834244	38.0	36.0	NA	NA	NA	False	NA	NA	NA	False	NA	NA	NA	NA
conditional_DDIM_classifier	selected_gene_feature	tissue	skin	real_plus_generated	ENSMUSG00000003437	Paf1	0.5	0.75	0.375	0.5	1.0	1.0	False	True	-0.0321721546351909	-0.1548679322004318	True	-0.000595238095238	0.0069754464285714	1.0	0.0143477182539682	1.0	0.0075706845238095	synthetic_emergent_real_transfer	real_plus_generated	True	canonical_tissue	0.0362729978349181	0.021157482563448	0.1268301317358861	0.1047457169590313	42.0	192.0	NA	NA	NA	False	NA	NA	NA	False	NA	NA	NA	NA
conditional_DDIM_classifier	selected_gene_feature	tissue	skin	real_plus_generated	ENSMUSG00000005087	Cd44	0.5	0.75	0.875	1.0	0.7142857313156128	1.0	False	True	-0.0745152160525322	-0.1256859898567199	True	0.0077806122448979	0.0054966517857142	0.625	0.0058407738095237	0.625	-0.0022839604591836	synthetic_emergent_real_transfer	real_plus_generated	True	canonical_tissue	0.1149023417043851	0.075948909574273	0.1305648258042112	0.0931487013042014	45.0	41.0	NA	NA	NA	False	NA	NA	NA	False	NA	NA	NA	NA
conditional_DDIM_classifier	selected_gene_feature	tissue	skin	real_plus_generated	ENSMUSG00000059343	Aldoart1	0.5	0.75	0.875	0.375	1.0	1.0	True	False	0.4937999844551086	0.1186905726790428	True	0.0436224489795918	0.005282738095238	1.0	0.0009093915343914	0.6666666666666666	-0.0383397108843537	real_only	real_plus_generated	True	canonical_tissue	0.3731922003141549	0.2443029159579845	0.1122560717084018	0.0426984754048389	46.0	4.0	NA	NA	NA	False	NA	NA	NA	False	NA	NA	NA	NA
conditional_DDIM_classifier	selected_gene_feature	tissue	skin	real_plus_generated	ENSMUSG00000046598	Bdh1	0.5	0.75	0.375	0.625	0.3333333432674408	1.0	False	True	-0.0222431849688291	-0.0567932836711406	True	0.0063988095238095	0.0052678571428571	0.6	0.0002132936507936	0.8	-0.0011309523809523	synthetic_emergent_real_transfer	real_plus_generated	True	canonical_tissue	0.0359842317943509	0.0113939124303398	0.0512219068258669	0.0241082637418619	47.0	47.0	NA	NA	NA	False	NA	NA	NA	False	NA	NA	NA	NA
conditional_DDIM_classifier	selected_gene_feature	tissue	skin	real_plus_generated	ENSMUSG00000021892	Sh3bp5	0.5	0.75	0.5	0.875	1.0	1.0	True	True	0.2637688517570495	0.2196619808673858	True	0.0294084821428571	0.0049744897959183	0.4285714285714285	0.0174815759637188	1.0	-0.0244339923469387	shared_synthetic_domain_only	real_plus_generated	True	canonical_tissue	0.3560905860684027	0.3016731874767433	0.1582616715865268	0.0874734140417679	50.0	8.0	NA	NA	NA	False	NA	NA	NA	False	NA	NA	NA	NA
conditional_DDIM_classifier	selected_gene_feature	tissue	skin	real_plus_generated	ENSMUSG00000042195	Slc35f2	0.5	0.75	1.0	0.125	0.75	1.0	True	False	-0.1007075533270835	-0.0160925388336181	True	0.0210100446428571	0.0046874999999999	1.0	-0.0012648809523809	0.0	-0.0163225446428571	real_only	real_plus_generated	True	canonical_tissue	0.1376367999154766	0.0699334744622594	0.0134084008912495	0.0101144345775492	52.0	14.0	NA	NA	NA	False	NA	NA	NA	False	NA	NA	NA	NA
conditional_DDIM_classifier	selected_gene_feature	tissue	skin	real_plus_generated	ENSMUSG00000041133	Smc1a	0.5	0.75	0.875	1.0	1.0	1.0	True	True	-0.1125508546829223	-0.0921140015125274	True	0.039094387755102	0.0044363839285714	0.625	0.000297619047619	0.625	-0.0346580038265305	shared_attenuated	real_plus_generated	True	canonical_tissue	0.2227486838299299	0.1903678944761962	0.102680982440878	0.0811430737452415	55.0	5.0	NA	NA	NA	False	NA	NA	NA	False	NA	NA	NA	NA
conditional_DDIM_classifier	selected_gene_feature	tissue	skin	real_plus_generated	ENSMUSG00000028007	Snx7	0.5	0.75	0.5	0.875	1.0	1.0	True	True	-0.2357718348503112	-0.1377341747283935	True	0.0049665178571428	0.0032525510204081	0.5714285714285714	0.0071499433106575	0.5714285714285714	-0.0017139668367346	shared_attenuated	real_plus_generated	True	canonical_tissue	0.1701131922986148	0.063757457952141	0.1689654961024815	0.0542869817953461	66.0	57.0	NA	NA	NA	False	NA	NA	NA	False	NA	NA	NA	NA
conditional_DDIM_classifier	selected_gene_feature	tissue	skin	real_plus_generated	ENSMUSG00000028212	Ccne2	0.5	0.75	0.5	0.875	1.0	1.0	True	True	-0.0834442973136901	-0.1196674183011055	True	0.0069196428571428	0.0027104591836734	0.5714285714285714	0.0182327097505668	1.0	-0.0042091836734693	shared_attenuated	real_plus_generated	True	canonical_tissue	0.1223467706060488	0.0995053950969377	0.1580181800706767	0.0879698384519878	69.0	44.0	NA	NA	NA	False	NA	NA	NA	False	NA	NA	NA	NA
conditional_DDIM_classifier	selected_gene_feature	tissue	skin	real_plus_generated	ENSMUSG00000021114	Atp6v1d	0.5	0.75	0.375	0.875	1.0	1.0	False	True	-0.098056361079216	-0.0407974384725093	True	0.0350446428571428	0.0019770408163265	0.2857142857142857	0.0049000850340135	0.5714285714285714	-0.0330676020408162	synthetic_domain_only	real_plus_generated	True	canonical_tissue	0.1913923407956502	0.1232663979003679	0.1302623306188192	0.0515657260247817	81.0	6.0	NA	NA	NA	False	NA	NA	NA	False	NA	NA	NA	NA
conditional_DDIM_classifier	selected_gene_feature	tissue	skin	real_plus_generated	ENSMUSG00000040605	Bace2	0.5	0.75	0.375	1.0	1.0	1.0	False	True	-0.2227967530488968	-0.1816617846488952	True	0.0100446428571428	0.0017857142857142	0.375	0.0083612351190476	0.75	-0.0082589285714285	synthetic_domain_only	real_plus_generated	True	canonical_tissue	0.1619437725854479	0.0752746104811735	0.1696597972208967	0.0893799977736208	83.0	33.0	NA	NA	NA	False	NA	NA	NA	False	NA	NA	NA	NA
conditional_DDIM_classifier	selected_gene_feature	tissue	skin	real_plus_generated	ENSMUSG00000027306	Nusap1	0.5	0.75	0.625	0.375	1.0	0.3333333432674408	True	False	0.0642687305808067	0.0148189384490251	True	-0.0003125	0.0016369047619047	0.3333333333333333	0.0014715608465607	0.3333333333333333	0.0019494047619048	real_only	real_plus_generated	True	canonical_tissue	0.0837908689521545	-0.0449143812214551	0.0360847427384172	-0.0088522662600027	86.0	188.0	NA	NA	NA	False	NA	NA	NA	False	NA	NA	NA	NA
conditional_DDIM_classifier	selected_gene_feature	tissue	skin	real_plus_generated	ENSMUSG00000027601	Mtfr1	0.5	0.75	0.5	0.5	1.0	0.5	True	False	-0.0121949352324008	0.0111072342842817	False	0.0041294642857142	0.0015625	0.75	0.0025731646825396	0.75	-0.0025669642857142	real_only	real_plus_generated	True	canonical_tissue	0.0204774053037349	0.0057433982314599	0.0335982054981964	0.0069046330683927	88.0	66.0	NA	NA	NA	False	NA	NA	NA	False	NA	NA	NA	NA
conditional_DDIM_classifier	selected_gene_feature	tissue	skin	real_plus_generated	ENSMUSG00000019960	Dusp6	0.5	0.75	0.25	0.625	1.0	1.0	False	True	-0.0158726647496223	-0.1109700575470924	True	0.0012276785714285	0.00125	0.4	-0.0013640873015873	0.6	2.232142857145074e-05	synthetic_emergent_no_positive_importance	real_plus_generated	True	canonical_tissue	0.0111380312438827	0.0054478530224435	0.122439405065686	0.0412858545783176	90.0	100.0	NA	NA	NA	False	NA	NA	NA	False	NA	NA	NA	NA
conditional_DDIM_classifier	selected_gene_feature	tissue	skin	real_plus_generated	ENSMUSG00000032369	Plscr1	0.5	0.75	0.125	0.5	1.0	1.0	False	True	0.9510188102722168	0.1698295325040817	True	0.0167410714285714	0.0007812499999999	0.5	0.0212549603174602	0.75	-0.0159598214285714	synthetic_emergent_real_transfer	real_plus_generated	True	canonical_tissue	0.3763554768139228	-0.0283010296737126	0.1107391211599817	0.0506213990073131	94.0	20.0	generated_only:shared_importance;real_plus_generated:shared_importance	complementary	Adds an interferon-linked candidate to the published skin immune-response context.	True	promoted	complementary	Adds an interferon-linked candidate to the published skin immune-response context.	True	FLT_higher	0.000322503584495	0.0036743534153061	6.0
conditional_DDIM_classifier	selected_gene_feature	tissue	skin	real_plus_generated	ENSMUSG00000041498	Kif14	0.5	0.75	0.625	0.375	1.0	0.3333333432674408	True	False	-0.0286500323563814	-0.0128067536279559	True	0.0022767857142856	0.0007440476190476	0.6666666666666666	0.0003554894179894	0.6666666666666666	-0.001532738095238	real_only	real_plus_generated	True	canonical_tissue	0.0532168987229924	0.0319029775481545	0.0191757743210973	0.012932426401487	95.0	88.0	NA	NA	NA	False	NA	NA	NA	False	NA	NA	NA	NA
conditional_DDIM_classifier	selected_gene_feature	tissue	skin	real_plus_generated	ENSMUSG00000015112	Slc25a13	0.5	0.75	1.0	0.375	1.0	0.3333333432674408	True	False	-0.095187708735466	-0.0138136688619852	True	0.0137555803571428	0.0005208333333333	0.3333333333333333	-0.0017939814814814	0.3333333333333333	-0.0132347470238094	real_only	real_plus_generated	True	canonical_tissue	0.0985129679297829	0.0762687856746428	0.015169720371682	0.0113967081594686	99.0	25.0	NA	NA	NA	False	NA	NA	NA	False	NA	NA	NA	NA
conditional_DDIM_classifier	selected_gene_feature	tissue	skin	real_plus_generated	ENSMUSG00000017146	Brca1	0.5	0.75	0.625	0.625	1.0	0.6000000238418579	True	False	0.0167514588683843	0.075343869626522	True	0.0001339285714285	8.928571428572959e-05	0.4	0.0027331349206348	0.8	-4.4642857142806856e-05	real_only	real_plus_generated	True	canonical_tissue	0.0269785952115259	-0.0134596554872274	0.068520042342167	-0.0374492204145137	106.0	112.0	NA	NA	NA	False	NA	NA	NA	False	NA	NA	NA	NA
conditional_DDIM_classifier	selected_gene_feature	tissue	skin	real_plus_generated	ENSMUSG00000041712	Ubr7	0.5	0.75	0.625	1.0	0.6000000238418579	1.0	False	True	-0.0377484634518623	-0.0521356686949729	True	0.0029464285714285	5.580357142857524e-05	0.375	0.0029885912698412	0.75	-0.0028906249999999	synthetic_domain_only	real_plus_generated	True	canonical_tissue	0.0677051782378896	0.0240922580782024	0.0926688510106811	0.053987468386824	107.0	81.0	NA	NA	NA	False	NA	NA	NA	False	NA	NA	NA	NA
conditional_DDIM_classifier	selected_gene_feature	tissue	skin	real_plus_generated	ENSMUSG00000031683	Lsm6	0.5	0.75	0.375	0.625	0.3333333432674408	1.0	False	True	-0.0250063296407461	-0.1203717291355133	True	-0.0008928571428571	-0.0001785714285714	0.2	0.0019246031746031	0.4	0.0007142857142857	synthetic_emergent_no_positive_importance	real_plus_generated	True	canonical_tissue	0.0994434550956885	0.0342765211171028	0.1302808344707057	0.0546804918130919	163.0	201.0	NA	NA	NA	False	NA	NA	NA	False	NA	NA	NA	NA
conditional_DDIM_classifier	selected_gene_feature	tissue	skin	real_plus_generated	ENSMUSG00000029521	Chek2	0.5	0.75	0.25	0.5	1.0	1.0	False	True	0.4635891318321228	0.1391660869121551	True	0.00078125	-0.0007254464285714	0.25	0.0025297619047618	0.75	-0.0015066964285714	synthetic_domain_only	real_plus_generated	True	canonical_tissue	0.4100809978956978	-0.2053951507589828	0.1033682641102251	-0.0725966765990641	171.0	107.0	NA	NA	NA	False	NA	NA	NA	False	NA	NA	NA	NA
conditional_DDIM_classifier	selected_gene_feature	tissue	skin	real_plus_generated	ENSMUSG00000038253	Hoxa5	0.5	0.75	0.0	0.625	0.0	1.0	False	True	NA	0.1186541467905044	False	0.0	-0.0009374999999999	0.8	-0.0010069444444444	0.4	-0.0009374999999999	synthetic_emergent_no_positive_importance	real_plus_generated	True	canonical_tissue	NA	NA	0.0935109730569833	-0.0014760131116271	173.0	115.0	NA	NA	NA	False	NA	NA	NA	False	NA	NA	NA	NA
conditional_DDIM_classifier	selected_gene_feature	tissue	skin	real_plus_generated	ENSMUSG00000032113	Chek1	0.5	0.75	1.0	1.0	1.0	1.0	True	True	-0.1148045510053634	-0.1032754629850387	True	0.0174665178571428	-0.0010323660714285	0.375	0.0116288442460317	0.75	-0.0184988839285714	shared_synthetic_domain_only	real_plus_generated	True	canonical_tissue	0.1490703454877389	0.1327931141575138	0.0941775296435951	0.0687241919664806	175.0	19.0	NA	NA	NA	False	NA	NA	NA	False	NA	NA	NA	NA
conditional_DDIM_classifier	selected_gene_feature	tissue	skin	real_plus_generated	ENSMUSG00000008136	Fhl2	0.5	0.75	0.625	0.25	1.0	0.0	True	False	-0.0122416773810982	-0.0423433184623718	True	0.0013839285714285	-0.0012276785714285	0.5	-0.0025917658730159	0.5	-0.0026116071428571	real_only	real_plus_generated	True	canonical_tissue	0.030272157960433	0.0030352027447447	0.0758085025876162	0.0239893936391421	177.0	98.0	NA	NA	NA	False	NA	NA	NA	False	NA	NA	NA	NA
conditional_DDIM_classifier	selected_gene_feature	tissue	skin	real_plus_generated	ENSMUSG00000025358	Cdk2	0.5	0.75	0.625	0.75	1.0	0.3333333432674408	True	False	-0.1247598081827163	-0.0199679434299469	True	0.0069642857142856	-0.002157738095238	0.5	0.0012028769841269	0.8333333333333334	-0.0091220238095237	real_only	real_plus_generated	True	canonical_tissue	0.1801783510173965	0.0802195127722587	0.0506000675101232	-0.0091459297430915	192.0	43.0	NA	NA	NA	False	NA	NA	NA	False	NA	NA	NA	NA
conditional_DDIM_classifier	selected_gene_feature	tissue	skin	real_plus_generated	ENSMUSG00000040084	Bub1b	0.5	0.75	0.625	0.125	1.0	1.0	True	False	-0.0251883119344711	-0.0044674486853182	True	0.0038839285714285	-0.0022321428571428	0.0	-0.0002480158730159	0.0	-0.0061160714285713	real_only	real_plus_generated	True	canonical_tissue	0.0225537481381005	0.0114973207672909	0.004018218784373	0.0032452048049054	193.0	72.0	NA	NA	NA	False	NA	NA	NA	False	NA	NA	NA	NA
conditional_DDIM_classifier	selected_gene_feature	tissue	skin	real_plus_generated	ENSMUSG00000006728	Cdk4	0.5	0.75	0.125	0.5	1.0	1.0	False	True	-0.0165304746478796	-0.0254531055688858	True	0.0	-0.0026227678571428	0.0	0.000954861111111	0.75	-0.0026227678571428	synthetic_domain_only	real_plus_generated	True	canonical_tissue	0.0134803813026335	0.0082879911921861	0.0370763905707726	0.0212257050034652	197.0	115.0	NA	NA	NA	False	NA	NA	NA	False	NA	NA	NA	NA
conditional_DDIM_classifier	selected_gene_feature	tissue	skin	real_plus_generated	ENSMUSG00000009535	Rnmt	0.5	0.75	0.5	0.625	1.0	1.0	True	True	-0.1565969586372375	-0.0643548443913459	True	0.0078683035714285	-0.0029017857142856	0.4	4.960317460299575e-06	0.6	-0.0107700892857142	shared_synthetic_domain_only	real_plus_generated	True	canonical_tissue	0.1434323209779647	0.0795814931423682	0.0520918217715383	0.0151928756024651	198.0	39.0	NA	NA	NA	False	NA	NA	NA	False	NA	NA	NA	NA
conditional_DDIM_classifier	selected_gene_feature	tissue	skin	real_plus_generated	ENSMUSG00000039756	Dnttip2	0.5	0.75	0.25	0.5	1.0	1.0	False	True	-0.0357508435845375	-0.0238942727446556	True	0.000111607142857	-0.0029575892857142	0.25	-0.0012772817460317	0.75	-0.0030691964285713	synthetic_emergent_no_positive_importance	real_plus_generated	True	canonical_tissue	0.0235772043604046	-0.0070226983692062	0.0349849341558546	-0.0039379277477942	200.0	113.0	NA	NA	NA	False	NA	NA	NA	False	NA	NA	NA	NA
conditional_DDIM_classifier	selected_gene_feature	tissue	skin	real_plus_generated	ENSMUSG00000017286	Glod4	0.5	0.75	0.5	0.75	0.5	1.0	False	True	-0.0849779620766639	-0.0846565887331962	True	0.0044084821428571	-0.0040178571428571	0.1666666666666666	0.0062748015873015	1.0	-0.0084263392857142	synthetic_domain_only	real_plus_generated	True	canonical_tissue	0.1644124463902253	-0.0136103661500816	0.1043414370430533	0.0371391424102889	206.0	62.0	NA	NA	NA	False	NA	NA	NA	False	NA	NA	NA	NA
conditional_DDIM_classifier	selected_gene_feature	tissue	skin	real_plus_generated	ENSMUSG00000021591	Glrx	0.5	0.75	0.375	1.0	1.0	0.75	False	True	-0.1120312884449958	-0.0403990820050239	True	0.0034970238095237	-0.0043805803571428	0.25	0.0013609871031745	0.625	-0.0078776041666666	synthetic_domain_only	real_plus_generated	True	canonical_tissue	0.0834853244368791	0.0249363770683706	0.0569736651751393	0.0164028530074867	212.0	77.0	NA	NA	NA	False	NA	NA	NA	False	NA	NA	NA	NA
conditional_DDIM_classifier	selected_gene_feature	tissue	skin	real_plus_generated	ENSMUSG00000028495	Rps6	0.5	0.75	0.5	0.5	0.0	1.0	False	True	0.0394167751073837	0.1806819587945938	True	0.0005022321428571	-0.0046316964285714	0.25	0.0061941964285714	0.75	-0.0051339285714285	synthetic_domain_only	real_plus_generated	True	canonical_tissue	0.061939984008886	-0.0400477108998063	0.2297504201763704	-0.1552228182595435	213.0	110.0	NA	NA	NA	False	NA	NA	NA	False	NA	NA	NA	NA
conditional_DDIM_classifier	selected_gene_feature	tissue	skin	real_plus_generated	ENSMUSG00000019942	Cdk1	0.5	0.75	0.625	0.25	1.0	1.0	True	False	0.027043055742979	0.2938137054443359	True	-0.0008482142857143	-0.00625	0.5	0.0023809523809523	1.0	-0.0054017857142856	real_only	real_plus_generated	True	canonical_tissue	0.086924336369432	-0.0532358992987841	0.2253393747541381	-0.1768228248896207	219.0	200.0	NA	NA	NA	False	NA	NA	NA	False	NA	NA	NA	NA
conditional_DDIM_classifier	selected_gene_feature	tissue	skin	real_plus_generated	ENSMUSG00000029311	Hsd17b11	0.5	0.75	0.625	0.125	1.0	1.0	True	False	0.3341341018676758	0.1199472174048423	True	0.0184374999999999	-0.0089285714285713	0.0	0.0065972222222222	1.0	-0.0273660714285713	real_only	real_plus_generated	True	canonical_tissue	0.2012483110901956	0.1130001043375611	0.0985905296020402	0.0163474766873879	224.0	18.0	NA	NA	NA	False	NA	NA	NA	False	NA	NA	NA	NA
conditional_DDIM_classifier	selected_gene_feature	tissue	spleen	real_plus_generated	ENSMUSG00000001020	S100a4	0.5	0.75	0.5	1.0	1.0	1.0	True	True	-0.2327567785978317	-0.3943332731723785	True	0.0191115702479339	0.0690082644628099	1.0	0.0301308539944903	0.875	0.0498966942148759	shared_reinforced	real_plus_generated	True	canonical_tissue	0.155333168094863	0.0703331354848836	0.4243524745852478	0.1976376688670609	4.0	8.0	NA	NA	NA	False	NA	NA	NA	False	NA	NA	NA	NA
conditional_DDIM_classifier	selected_gene_feature	tissue	spleen	real_plus_generated	ENSMUSG00000034252	Senp6	0.5	0.75	0.0	0.875	0.0	1.0	False	True	NA	-0.1773595511913299	False	0.0	0.0627508854781582	0.7142857142857143	0.0158533385806113	0.5714285714285714	0.0627508854781582	synthetic_emergent_real_transfer	real_plus_generated	True	canonical_tissue	NA	NA	0.4750556541741041	-0.0260944671907677	9.0	27.0	NA	NA	NA	False	NA	NA	NA	False	NA	NA	NA	NA
conditional_DDIM_classifier	selected_gene_feature	tissue	spleen	real_plus_generated	ENSMUSG00000031592	Pcm1	0.5	0.75	0.125	0.75	1.0	1.0	False	True	-0.0808895900845527	-0.3264292180538177	True	0.0078512396694215	0.0596418732782369	0.8333333333333334	0.0055479032751759	0.6666666666666666	0.0517906336088153	synthetic_emergent_real_transfer	real_plus_generated	True	canonical_tissue	0.0655985844459497	0.0354794401829902	0.2932047078680377	0.0590826084465394	10.0	13.0	NA	NA	NA	False	NA	NA	NA	False	NA	NA	NA	NA
conditional_DDIM_classifier	selected_gene_feature	tissue	spleen	real_plus_generated	ENSMUSG00000028978	Nos3	0.5	0.75	0.625	1.0	1.0	1.0	True	True	0.1181380823254585	0.6215839982032776	True	-0.0042148760330578	0.04349173553719	0.75	0.0483241505968778	1.0	0.0477066115702478	shared_reinforced	real_plus_generated	True	canonical_tissue	0.0842262626197391	0.0112544193651449	0.5067897978731303	0.1664114638406248	16.0	161.0	NA	NA	NA	False	NA	NA	NA	False	NA	NA	NA	NA
conditional_DDIM_classifier	selected_gene_feature	tissue	spleen	real_plus_generated	ENSMUSG00000053289	Ddx10	0.5	0.75	0.0	0.75	0.0	1.0	False	True	NA	-0.1926231384277343	False	0.0	0.0393250688705234	0.6666666666666666	0.0158937863483318	0.8333333333333334	0.0393250688705234	synthetic_emergent_real_transfer	real_plus_generated	True	canonical_tissue	NA	NA	0.313369105040357	-0.0181196597222669	17.0	27.0	NA	NA	NA	False	NA	NA	NA	False	NA	NA	NA	NA
conditional_DDIM_classifier	selected_gene_feature	tissue	spleen	real_plus_generated	ENSMUSG00000033721	Vav3	0.5	0.75	0.0	0.625	0.0	1.0	False	True	NA	-0.1591051369905471	False	0.0	0.0300826446280991	1.0	0.0078696051423324	0.8	0.0300826446280991	synthetic_emergent_real_transfer	real_plus_generated	True	canonical_tissue	NA	NA	0.1910133851545936	0.0508713743037208	25.0	27.0	NA	NA	NA	False	NA	NA	NA	False	NA	NA	NA	NA
conditional_DDIM_classifier	selected_gene_feature	tissue	spleen	real_plus_generated	ENSMUSG00000058444	Map2k5	0.5	0.75	0.0	0.75	0.0	1.0	False	True	NA	-0.1829942166805267	False	0.0	0.0289256198347107	0.6666666666666666	0.0099556167737985	0.8333333333333334	0.0289256198347107	synthetic_emergent_real_transfer	real_plus_generated	True	canonical_tissue	NA	NA	0.3063166207696682	0.0103037654655723	26.0	27.0	NA	NA	NA	False	NA	NA	NA	False	NA	NA	NA	NA
conditional_DDIM_classifier	selected_gene_feature	tissue	spleen	real_plus_generated	ENSMUSG00000042389	Tsen2	0.5	0.75	0.875	1.0	1.0	1.0	True	True	0.2029648274183273	0.5463383197784424	True	-0.0025383707201888	0.0270661157024793	0.625	0.0538624885215794	1.0	0.0296044864226682	shared_reinforced	real_plus_generated	True	canonical_tissue	0.1981011687017537	0.0151166920219594	0.4531687671112603	0.0992706037092138	29.0	144.0	NA	NA	NA	False	NA	NA	NA	False	NA	NA	NA	NA
conditional_DDIM_classifier	selected_gene_feature	tissue	spleen	real_plus_generated	ENSMUSG00000034620	Rxylt1	0.5	0.75	0.375	1.0	0.3333333432674408	1.0	False	True	0.0281138867139816	0.5305856466293335	True	-0.0075757575757575	0.0250516528925619	0.75	0.0272095959595959	1.0	0.0326274104683194	synthetic_emergent_real_transfer	real_plus_generated	True	canonical_tissue	0.0221953620905682	0.0016112031997838	0.4853474311011976	0.0827230113539965	31.0	188.0	NA	NA	NA	False	NA	NA	NA	False	NA	NA	NA	NA
conditional_DDIM_classifier	selected_gene_feature	tissue	spleen	real_plus_generated	ENSMUSG00000059343	Aldoart1	0.5	0.75	0.625	0.625	1.0	1.0	True	True	0.1665378361940384	0.1076609566807746	True	0.0159504132231405	0.0208264462809917	0.6	0.0130486685032139	1.0	0.0048760330578512	shared_reinforced	real_plus_generated	True	canonical_tissue	0.1309688700541193	0.0118598317828067	0.1518205090700909	0.0954187269178872	34.0	10.0	NA	NA	NA	False	NA	NA	NA	False	NA	NA	NA	NA
conditional_DDIM_classifier	selected_gene_feature	tissue	spleen	real_plus_generated	ENSMUSG00000017776	Crk	0.5	0.75	0.0	0.625	0.0	1.0	False	True	NA	-0.0980481207370758	False	0.0	0.0203305785123967	0.6	0.0005417814508723	0.4	0.0203305785123967	synthetic_emergent_real_transfer	real_plus_generated	True	canonical_tissue	NA	NA	0.174203931033377	0.0162670244753623	35.0	27.0	NA	NA	NA	False	NA	NA	NA	False	NA	NA	NA	NA
conditional_DDIM_classifier	selected_gene_feature	tissue	spleen	real_plus_generated	ENSMUSG00000032334	Loxl1	0.5	0.75	0.5	1.0	1.0	1.0	True	True	0.0452993139624595	0.4093562960624695	True	-0.0072314049586776	0.0191632231404958	0.625	0.025855142332415	0.875	0.0263946280991734	shared_reinforced	real_plus_generated	True	canonical_tissue	0.037692771947581	0.0061296383905633	0.3569996607903507	0.1297596026376272	36.0	185.0	real_plus_generated:shared_importance	complementary	Adds an extracellular-matrix and immune-organization candidate to the splenic response.	True	reinforced	complementary	Adds an extracellular-matrix and immune-organization candidate to the splenic response.	True	FLT_higher	0.0004834290579249	0.0107203685587774	6.0
conditional_DDIM_classifier	selected_gene_feature	tissue	spleen	real_plus_generated	ENSMUSG00000043089	Mmp1a	0.5	0.75	0.125	0.5	1.0	1.0	False	True	-0.0831133797764778	-0.2903485596179962	True	0.0	0.0179752066115702	0.25	-0.0037304866850321	0.5	0.0179752066115702	synthetic_emergent_no_positive_importance	real_plus_generated	True	canonical_tissue	0.0122419203956365	0.0	0.2468404748238469	0.2542855826459534	41.0	27.0	NA	NA	NA	False	NA	NA	NA	False	NA	NA	NA	NA
conditional_DDIM_classifier	selected_gene_feature	tissue	spleen	real_plus_generated	ENSMUSG00000057738	Sptan1	0.5	0.75	0.0	0.625	0.0	1.0	False	True	NA	-0.1631410121917724	False	0.0	0.0174380165289256	0.6	0.0025068870523415	0.8	0.0174380165289256	synthetic_emergent_real_transfer	real_plus_generated	True	canonical_tissue	NA	NA	0.1576746897591258	0.0142146292301156	43.0	27.0	NA	NA	NA	False	NA	NA	NA	False	NA	NA	NA	NA
conditional_DDIM_classifier	selected_gene_feature	tissue	spleen	real_plus_generated	ENSMUSG00000034993	Vat1	0.5	0.75	0.125	0.5	1.0	1.0	False	True	-0.0268199685961008	-0.0335364677011966	True	-0.0177685950413223	0.0158057851239669	0.5	0.007242883379247	0.75	0.0335743801652892	synthetic_emergent_real_transfer	real_plus_generated	True	canonical_tissue	0.0227131077749375	-0.0034111404007721	0.1534176568933557	-0.050270331736763	45.0	230.0	NA	NA	NA	False	NA	NA	NA	False	NA	NA	NA	NA
conditional_DDIM_classifier	selected_gene_feature	tissue	spleen	real_plus_generated	ENSMUSG00000049580	Tsku	0.5	0.75	0.0	0.5	0.0	1.0	False	True	NA	-0.1947560608386993	False	0.0	0.0144628099173554	0.75	0.0045110192837465	0.75	0.0144628099173554	synthetic_emergent_real_transfer	real_plus_generated	True	canonical_tissue	NA	NA	0.1981119229249457	-0.016040447055731	46.0	27.0	NA	NA	NA	False	NA	NA	NA	False	NA	NA	NA	NA
conditional_DDIM_classifier	selected_gene_feature	tissue	spleen	real_plus_generated	ENSMUSG00000014426	Map3k4	0.5	0.75	0.125	0.75	1.0	1.0	False	True	-0.035452701151371	-0.1101297438144683	True	-0.0206611570247933	0.0129476584022038	0.8333333333333334	0.0044842363024181	0.8333333333333334	0.0336088154269972	synthetic_emergent_real_transfer	real_plus_generated	True	canonical_tissue	0.03235944038584	-0.0022225732374738	0.1499778291644402	-0.0046671039929982	53.0	231.0	NA	NA	NA	False	NA	NA	NA	False	NA	NA	NA	NA
conditional_DDIM_classifier	selected_gene_feature	tissue	spleen	real_plus_generated	ENSMUSG00000026923	Notch1	0.5	0.75	0.0	0.5	0.0	1.0	False	True	NA	-0.2152790427207946	False	0.0	0.0124999999999999	0.75	0.0096648301193755	0.75	0.0124999999999999	synthetic_emergent_real_transfer	real_plus_generated	True	canonical_tissue	NA	NA	0.2062674325202746	-0.0432110860148151	55.0	27.0	NA	NA	NA	False	NA	NA	NA	False	FLT_higher	0.0021696199265138	0.0003344560125552	6.0
conditional_DDIM_classifier	selected_gene_feature	tissue	spleen	real_plus_generated	ENSMUSG00000056121	Fez2	0.5	0.75	0.125	0.75	1.0	1.0	False	True	-0.1044531315565109	-0.0805733576416969	True	0.009504132231405	0.0108126721763085	0.6666666666666666	0.001522803795531	0.6666666666666666	0.0013085399449034	synthetic_emergent_real_transfer	real_plus_generated	True	canonical_tissue	0.0790125720756852	0.03478761993772	0.1145287762342407	0.0001421898707738	61.0	11.0	NA	NA	NA	False	NA	NA	NA	False	NA	NA	NA	NA
conditional_DDIM_classifier	selected_gene_feature	tissue	spleen	real_plus_generated	ENSMUSG00000039219	Arid4b	0.5	0.75	0.25	1.0	0.0	1.0	False	True	0.0100804632529616	0.4209832549095154	True	-0.0070247933884296	0.0089359504132231	0.5	0.0196625344352617	0.875	0.0159607438016528	synthetic_emergent_real_transfer	real_plus_generated	True	canonical_tissue	0.0220559447539739	-0.0085730267674819	0.3605208158009875	-0.0103955658247512	68.0	180.0	NA	NA	NA	False	NA	NA	NA	False	NA	NA	NA	NA
conditional_DDIM_classifier	selected_gene_feature	tissue	spleen	real_plus_generated	ENSMUSG00000024831	Ighmbp2	0.5	0.75	0.125	0.625	1.0	1.0	False	True	-0.0160340461879968	-0.1064633503556251	True	-0.012396694214876	0.0088429752066115	0.6	0.0001652892561983	0.4	0.0212396694214875	synthetic_emergent_real_transfer	real_plus_generated	True	canonical_tissue	0.013029792153092	0.0006335796634399	0.0632565593247852	0.0004018446807451	69.0	213.0	NA	NA	NA	False	NA	NA	NA	False	NA	NA	NA	NA
conditional_DDIM_classifier	selected_gene_feature	tissue	spleen	real_plus_generated	ENSMUSG00000020484	Xbp1	0.5	0.75	0.0	0.625	0.0	1.0	False	True	NA	-0.0479909144341945	False	0.0	0.0072727272727272	0.4	0.0028374655647382	0.4	0.0072727272727272	synthetic_emergent_no_positive_importance	real_plus_generated	True	canonical_tissue	NA	NA	0.1115660050359311	-0.0502634711226057	75.0	27.0	NA	NA	NA	False	NA	NA	NA	False	FLT_higher	0.0045711091021424	0.0397456128346169	6.0
conditional_DDIM_classifier	selected_gene_feature	tissue	spleen	real_plus_generated	ENSMUSG00000022246	Rai14	0.5	0.75	0.375	1.0	1.0	1.0	False	True	0.0161108188331127	0.1998117417097091	True	-0.0015151515151514	0.006043388429752	0.25	0.0169077134986225	0.875	0.0075585399449035	synthetic_domain_only	real_plus_generated	True	canonical_tissue	0.0109743434739986	0.0013723342413391	0.276288999373147	0.0604829855282967	81.0	136.0	NA	NA	NA	False	promoted	complementary	Adds a mechanosensing candidate to the observed splenic structural and immune response.	True	FLT_higher	0.0072491712793601	0.0002108835472977	6.0
conditional_DDIM_classifier	selected_gene_feature	tissue	spleen	real_plus_generated	ENSMUSG00000019889	Ptprk	0.5	0.75	0.625	1.0	0.6000000238418579	1.0	False	True	0.0559527426958084	0.1012437120079994	True	-0.0060330578512396	0.0055268595041322	0.375	0.0147956841138659	1.0	0.0115599173553718	synthetic_domain_only	real_plus_generated	True	canonical_tissue	0.0801519566858693	-0.0051963927203131	0.1168588178602705	0.054455580073777	85.0	175.0	NA	NA	NA	False	promoted	complementary	Adds a junctional-regulation candidate to the splenic structural hypothesis.	True	FLT_higher	0.0003410157612709	0.0140476318221799	6.0
conditional_DDIM_classifier	selected_gene_feature	tissue	spleen	real_plus_generated	ENSMUSG00000040605	Bace2	0.5	0.75	0.625	1.0	1.0	0.25	True	False	0.0725934952497482	-0.0595780648291111	False	-0.0037190082644627	0.0054235537190082	0.625	0.0013487144168962	0.375	0.009142561983471	real_only	real_plus_generated	True	canonical_tissue	0.0521192293687065	0.0020997052305734	0.1153453132849598	-0.0464334438509724	87.0	155.0	NA	NA	NA	False	NA	NA	NA	False	FLT_higher	0.0013921928942488	0.0030147850486877	6.0
conditional_DDIM_classifier	selected_gene_feature	tissue	spleen	real_plus_generated	ENSMUSG00000019947	Arid5b	0.5	0.75	0.0	0.75	0.0	1.0	False	True	NA	-0.1271889209747314	False	0.0	0.0038567493112947	0.8333333333333334	-0.0009718396082032	0.3333333333333333	0.0038567493112947	synthetic_emergent_real_transfer	real_plus_generated	True	canonical_tissue	NA	NA	0.1335243479799437	-0.0058248805216699	96.0	27.0	NA	NA	NA	False	NA	NA	NA	False	NA	NA	NA	NA
conditional_DDIM_classifier	selected_gene_feature	tissue	spleen	real_plus_generated	ENSMUSG00000025104	Hdgfl3	0.5	0.75	0.5	1.0	1.0	1.0	True	True	0.0359981805086135	0.3207377791404724	True	-0.0103305785123966	0.0027376033057851	0.375	0.0269972451790633	0.875	0.0130681818181817	shared_synthetic_domain_only	real_plus_generated	True	canonical_tissue	0.0550832195995227	-0.0078148684379071	0.3502730941974273	0.0294542133137544	105.0	201.0	NA	NA	NA	False	NA	NA	NA	False	NA	NA	NA	NA
conditional_DDIM_classifier	selected_gene_feature	tissue	spleen	real_plus_generated	ENSMUSG00000067818	Myl9	0.5	0.75	0.875	0.875	0.4285714328289032	1.0	False	True	0.0392057411372661	0.1771943271160125	True	-0.0040731995277449	0.0014167650531287	0.5714285714285714	0.0238685556867375	1.0	0.0054899645808736	synthetic_emergent_real_transfer	real_plus_generated	True	canonical_tissue	0.0917190980127624	0.0016255649786867	0.1555454024307623	0.0474531767225114	110.0	158.0	NA	NA	NA	False	promoted	complementary	Suggests a platelet-actomyosin link to the broader splenic immune response.	True	FLT_higher	0.0010174917119636	0.0003371352823183	6.0
conditional_DDIM_classifier	selected_gene_feature	tissue	spleen	real_plus_generated	ENSMUSG00000059540	Tcea2	0.5	0.75	0.125	1.0	1.0	0.75	False	True	-0.009000682272017	0.1319935172796249	False	-0.0004132231404957	0.0009297520661156	0.375	0.0098197887970615	1.0	0.0013429752066114	synthetic_domain_only	real_plus_generated	True	canonical_tissue	0.0067522245919475	0.0022564909472312	0.1569027885343407	-0.0069493803120524	113.0	128.0	NA	NA	NA	False	NA	NA	NA	False	NA	NA	NA	NA
conditional_DDIM_classifier	selected_gene_feature	tissue	spleen	real_plus_generated	ENSMUSG00000027273	Snap25	0.5	0.75	0.125	0.5	1.0	1.0	False	True	0.1052020639181137	0.0022874027490615	True	0.0057851239669422	0.0005165289256198	0.75	-0.0190656565656565	0.0	-0.0052685950413224	synthetic_emergent_real_transfer	real_plus_generated	True	canonical_tissue	0.050709679844169	-0.0471302968326718	0.1212201502405384	-0.0009739933064989	116.0	14.0	NA	NA	NA	False	NA	NA	NA	False	NA	NA	NA	NA
conditional_DDIM_classifier	selected_gene_feature	tissue	spleen	real_plus_generated	ENSMUSG00000033998	Kcnk1	0.5	0.75	1.0	0.375	1.0	1.0	True	False	0.1002980768680572	-0.0049969907850027	False	0.0167871900826446	0.0001377410468319	0.3333333333333333	0.000581573308846	0.6666666666666666	-0.0166494490358127	real_only	real_plus_generated	True	canonical_tissue	0.1076641445433256	0.0846934398703913	0.0300297931074825	-0.0022618281093846	123.0	9.0	NA	NA	NA	False	NA	NA	NA	False	NA	NA	NA	NA
conditional_DDIM_classifier	selected_gene_feature	tissue	spleen	real_plus_generated	ENSMUSG00000061048	Cdh3	0.5	0.75	0.5	0.0	1.0	0.0	True	False	0.0770856589078903	NA	False	-0.0052685950413222	0.0	0.0	0.0	0.0	0.0052685950413222	real_only	real_plus_generated	True	canonical_tissue	0.0695506618252158	-0.0181234591753543	NA	NA	125.0	168.0	NA	NA	NA	False	NA	NA	NA	False	NA	NA	NA	NA
conditional_DDIM_classifier	selected_gene_feature	tissue	spleen	real_plus_generated	ENSMUSG00000057614	Gnai1	0.5	0.75	1.0	0.0	1.0	0.0	True	False	0.2188745886087417	NA	False	0.0194214876033058	0.0	0.0	0.0	0.0	-0.0194214876033058	real_only	real_plus_generated	True	canonical_tissue	0.1986577238176018	0.0924871637914321	NA	NA	125.0	6.0	NA	NA	NA	False	NA	NA	NA	False	NA	NA	NA	NA
conditional_DDIM_classifier	selected_gene_feature	tissue	spleen	real_plus_generated	ENSMUSG00000036322	H2-Ea	0.5	0.75	0.75	0.0	1.0	0.0	True	False	-0.2116110324859619	NA	False	-0.0079889807162534	0.0	0.0	0.0	0.0	0.0079889807162534	real_only	real_plus_generated	True	canonical_tissue	0.1949716523673128	-0.0465156675800317	NA	NA	125.0	192.0	NA	NA	NA	False	NA	NA	NA	False	NA	NA	NA	NA
conditional_DDIM_classifier	selected_gene_feature	tissue	spleen	real_plus_generated	ENSMUSG00000028431	Elp1	0.5	0.75	0.0	0.5	0.0	1.0	False	True	NA	-0.0430639907717704	False	0.0	-0.0003099173553718	0.25	0.0006313131313131	0.5	-0.0003099173553718	synthetic_domain_only	real_plus_generated	True	canonical_tissue	NA	NA	0.0519372598344361	0.0053069833206616	170.0	27.0	NA	NA	NA	False	NA	NA	NA	False	NA	NA	NA	NA
conditional_DDIM_classifier	selected_gene_feature	tissue	spleen	real_plus_generated	ENSMUSG00000059401	Mamld1	0.5	0.75	0.125	0.75	1.0	1.0	False	True	-0.0622350163757801	-0.0865059942007064	True	-0.0078512396694213	-0.0012396694214875	0.5	-0.0014921946740128	0.5	0.0066115702479337	synthetic_emergent_no_positive_importance	real_plus_generated	True	canonical_tissue	0.0446979863483873	0.0100966480368194	0.0615149384080429	-0.0148606774555502	177.0	189.0	NA	NA	NA	False	NA	NA	NA	False	NA	NA	NA	NA
conditional_DDIM_classifier	selected_gene_feature	tissue	spleen	real_plus_generated	ENSMUSG00000059495	Arhgef12	0.5	0.75	0.125	0.625	1.0	1.0	False	True	-0.0271619539707899	0.1108502298593521	False	-0.005785123966942	-0.0013223140495867	0.6	0.0025987144168962	0.6	0.0044628099173552	synthetic_domain_only	real_plus_generated	True	canonical_tissue	0.0211073423382136	0.0031229020411314	0.1167108490811293	0.0280460492372988	180.0	171.0	NA	NA	NA	False	NA	NA	NA	False	NA	NA	NA	NA
conditional_DDIM_classifier	selected_gene_feature	tissue	spleen	real_plus_generated	ENSMUSG00000008136	Fhl2	0.5	0.75	1.0	0.25	1.0	1.0	True	False	0.0768420994281768	0.0047403322532773	True	0.0003615702479339	-0.0016528925619834	0.0	-0.0028007346189164	0.5	-0.0020144628099173	real_only	real_plus_generated	True	canonical_tissue	0.1274132541386788	0.0323537510773164	0.0219750619431508	0.0018957880952373	181.0	23.0	NA	NA	NA	False	NA	NA	NA	False	NA	NA	NA	NA
conditional_DDIM_classifier	selected_gene_feature	tissue	spleen	real_plus_generated	ENSMUSG00000053647	Gper1	0.5	0.75	0.625	0.375	1.0	0.3333333432674408	True	False	0.0505885370075702	-0.0158902294933795	False	0.0021487603305785	-0.0031680440771349	0.3333333333333333	0.0019589837771655	0.6666666666666666	-0.0053168044077135	real_only	real_plus_generated	True	canonical_tissue	0.0544368780614203	0.0090877924094903	0.0184967949172969	-0.0017059597314623	190.0	17.0	NA	NA	NA	False	NA	NA	NA	False	NA	NA	NA	NA
conditional_DDIM_classifier	selected_gene_feature	tissue	spleen	real_plus_generated	ENSMUSG00000071637	Cebpd	0.5	0.75	0.125	0.75	1.0	1.0	False	True	0.0648953840136528	0.2053451091051101	True	-0.0086776859504132	-0.0074380165289256	0.3333333333333333	0.010820324456688	1.0	0.0012396694214876	synthetic_domain_only	real_plus_generated	True	canonical_tissue	0.0410993437512576	0.0010460528647815	0.16643243829415	0.0588129095582539	205.0	195.0	NA	NA	NA	False	NA	NA	NA	False	NA	NA	NA	NA
conditional_DDIM_classifier	selected_gene_feature	tissue	spleen	real_plus_generated	ENSMUSG00000063450	Syne2	0.5	0.75	0.625	1.0	1.0	1.0	True	True	0.1041689738631248	0.1860924512147903	True	-0.0024793388429751	-0.0074896694214876	0.375	0.0051595500459136	0.75	-0.0050103305785124	shared_synthetic_domain_only	real_plus_generated	True	canonical_tissue	0.0896522623990239	-0.0125405626027424	0.1519886042025517	0.0162614300130532	206.0	142.0	NA	NA	NA	False	NA	NA	NA	False	NA	NA	NA	NA
conditional_DDIM_classifier	selected_gene_feature	tissue	spleen	real_plus_generated	ENSMUSG00000015357	Clpx	0.5	0.75	0.375	1.0	1.0	0.75	False	True	-0.0043545300140976	0.0297897793352603	False	-0.002754820936639	-0.0077995867768595	0.375	0.0009814049586776	0.625	-0.0050447658402204	synthetic_domain_only	real_plus_generated	True	canonical_tissue	0.0114131310110237	0.001363551769498	0.0618464097114132	0.0030054341373035	207.0	145.0	NA	NA	NA	False	NA	NA	NA	False	NA	NA	NA	NA
conditional_DDIM_classifier	selected_gene_feature	tissue	spleen	real_plus_generated	ENSMUSG00000033004	Mycbp2	0.5	0.75	0.25	1.0	0.0	1.0	False	True	4.139170050621033e-05	0.1585103869438171	True	-0.0154958677685949	-0.0098140495867768	0.125	0.0030188246097337	0.75	0.0056818181818181	synthetic_domain_only	real_plus_generated	True	canonical_tissue	0.0327629498396435	-0.0094148633177997	0.1545335499285154	-0.002020858708181	217.0	224.0	NA	NA	NA	False	NA	NA	NA	False	NA	NA	NA	NA
conditional_DDIM_classifier	selected_gene_feature	tissue	spleen	real_plus_generated	ENSMUSG00000008305	Tle1	0.5	0.75	0.25	1.0	1.0	1.0	False	True	-0.0130993751809	0.1079412922263145	False	-0.0103305785123966	-0.0103305785123966	0.25	0.0033287419651056	0.625	-6.938893903907227e-17	synthetic_domain_only	real_plus_generated	True	canonical_tissue	0.0106037221726672	-0.001454627626857	0.1069743802730774	0.0101213019744484	219.0	201.0	NA	NA	NA	False	NA	NA	NA	False	NA	NA	NA	NA
conditional_DDIM_classifier	selected_gene_feature	tissue	spleen	real_plus_generated	ENSMUSG00000032715	Trib3	0.5	0.75	0.625	0.375	1.0	1.0	True	False	0.1422692686319351	-0.0564849153161048	False	0.0003305785123967	-0.0106060606060605	0.0	0.0114784205693296	0.6666666666666666	-0.0109366391184573	real_only	real_plus_generated	True	canonical_tissue	0.0899884840307641	0.0377896026143614	0.0946787889416519	-0.0142314729069547	220.0	24.0	NA	NA	NA	False	NA	NA	NA	False	NA	NA	NA	NA
conditional_DDIM_classifier	selected_gene_feature	tissue	spleen	real_plus_generated	ENSMUSG00000023147	Get1	0.5	0.75	0.5	0.375	1.0	1.0	True	False	0.0439018085598945	0.0707769766449928	True	-0.0035123966942148	-0.0128099173553719	0.3333333333333333	-0.0049892868074686	0.3333333333333333	-0.0092975206611571	real_only	real_plus_generated	True	canonical_tissue	0.0389414192213045	0.0045218224856229	0.0581560312101766	0.010831150315969	226.0	154.0	NA	NA	NA	False	NA	NA	NA	False	NA	NA	NA	NA
conditional_DDIM_classifier	selected_gene_feature	tissue	spleen	real_plus_generated	ENSMUSG00000039405	Prss23	0.5	0.75	0.625	0.5	1.0	1.0	True	True	0.0413821339607238	0.0644520074129104	True	-0.0223140495867768	-0.0129132231404958	0.25	-0.0023301193755739	0.5	0.0094008264462809	shared_no_positive_importance	real_plus_generated	True	canonical_tissue	0.1117411419752979	-0.0404885565093198	0.0423456438159429	0.0045526394935901	228.0	233.0	NA	NA	NA	False	NA	NA	NA	False	NA	NA	NA	NA
conditional_DDIM_classifier	selected_gene_feature	tissue	spleen	real_plus_generated	ENSMUSG00000028649	Macf1	0.5	0.75	0.25	0.75	0.0	1.0	False	True	0.0211031176149845	0.0871556401252746	True	-0.0107438016528924	-0.0130853994490358	0.1666666666666666	-0.000803489439853	0.6666666666666666	-0.0023415977961433	synthetic_emergent_no_positive_importance	real_plus_generated	True	canonical_tissue	0.0201842377962437	-0.0076465049156077	0.086353212489222	-0.0066139773342666	229.0	207.0	NA	NA	NA	False	NA	NA	NA	False	NA	NA	NA	NA
conditional_DDIM_classifier	selected_gene_feature	tissue	spleen	real_plus_generated	ENSMUSG00000029136	Rbks	0.5	0.75	0.5	0.875	0.5	1.0	False	True	0.0523021854460239	0.1774553060531616	True	-0.0069214876033057	-0.0135182998819362	0.4285714285714285	0.0146005509641873	0.8571428571428571	-0.0065968122786305	synthetic_domain_only	real_plus_generated	True	canonical_tissue	0.0600989397479227	-0.0099146812237249	0.2079058852062616	0.0065412117621555	230.0	179.0	NA	NA	NA	False	NA	NA	NA	False	NA	NA	NA	NA
conditional_DDIM_classifier	selected_gene_feature	tissue	spleen	real_plus_generated	ENSMUSG00000048756	Foxo3	0.5	0.75	0.0	0.5	0.0	1.0	False	True	NA	0.2623168528079986	False	0.0	-0.0170454545454545	0.0	0.0110651974288337	0.75	-0.0170454545454545	synthetic_domain_only	real_plus_generated	True	canonical_tissue	NA	NA	0.2551975205227773	0.0271371433904823	235.0	27.0	NA	NA	NA	False	NA	NA	NA	False	NA	NA	NA	NA
conditional_DDIM_classifier	selected_gene_feature	tissue	thymus	guided_low_weight	ENSMUSG00000028832	Stmn1	0.5	0.75	0.0	1.0	0.0	1.0	False	True	NA	-0.5147041082382202	False	0.0	0.0193181818181818	1.0	0.0111479377104377	1.0	0.0193181818181818	synthetic_emergent_real_transfer	guided_low_weight	True	canonical_tissue	NA	NA	0.3861504981967186	0.2907634715449234	1.0	52.0	real_plus_generated:shared_importance	aligning	Aligns at the same-tissue process level; it is not an exact prior gene replication.	True	promoted	aligning	Aligns at the same-tissue process level; it is not an exact prior gene replication.	True	FLT_lower	-0.0111499861421321	2.9600357613667867e-09	5.0
conditional_DDIM_classifier	selected_gene_feature	tissue	thymus	guided_low_weight	ENSMUSG00000059540	Tcea2	0.5	0.75	0.75	0.375	1.0	1.0	True	False	0.5832168459892273	0.920025110244751	True	0.0215277777777777	0.0171717171717171	1.0	0.006986531986532	0.6666666666666666	-0.0043560606060605	real_only	guided_low_weight	True	canonical_tissue	0.5176769706772416	0.3557867208185212	0.6690317009687474	0.4475084109030861	3.0	9.0	NA	NA	NA	False	NA	NA	NA	False	NA	NA	NA	NA
conditional_DDIM_classifier	selected_gene_feature	tissue	thymus	guided_low_weight	ENSMUSG00000001403	Ube2c	0.5	0.75	0.5	0.75	1.0	1.0	True	True	-0.6188631057739258	-0.4326749145984649	True	0.0524621212121211	0.0157828282828282	1.0	0.0087542087542087	0.8333333333333334	-0.0366792929292928	shared_attenuated	guided_low_weight	True	canonical_tissue	0.5388578593736135	0.5004371281620966	0.364361131339606	0.3753577864484747	6.0	1.0	real_plus_generated:shared_importance	aligning	Aligns at the same-tissue process level; it is not an exact prior gene replication.	True	reinforced	aligning	Aligns at the same-tissue process level; it is not an exact prior gene replication.	True	FLT_lower	-0.0018349696076913	0.0102071219596878	5.0
conditional_DDIM_classifier	selected_gene_feature	tissue	thymus	guided_low_weight	ENSMUSG00000028212	Ccne2	0.5	0.75	0.5	1.0	0.5	1.0	False	True	-0.3413986563682556	-0.2600146532058716	True	0.0131628787878787	0.0151988636363636	0.75	0.0149200336700336	0.875	0.0020359848484848	synthetic_emergent_real_transfer	guided_low_weight	True	canonical_tissue	0.3374629464010459	0.1655429024539391	0.3524562419301278	0.2590764062063488	7.0	12.0	NA	NA	NA	False	promoted	aligning	Exact same-gene, same-tissue, same-direction literature alignment.	True	FLT_lower	-0.010656625053089	0.0017185061144963	5.0
conditional_DDIM_classifier	selected_gene_feature	tissue	thymus	guided_low_weight	ENSMUSG00000028007	Snx7	0.5	0.75	0.625	0.625	1.0	1.0	True	True	0.4874096214771271	0.4647183716297149	True	0.0271969696969696	0.0123484848484848	1.0	0.0077441077441077	0.8	-0.0148484848484848	shared_attenuated	guided_low_weight	True	canonical_tissue	0.4853517053302171	0.5119316781396991	0.2610722769140794	0.2881425533149817	9.0	4.0	real_plus_generated:promoted	unmatched	A literature-unmatched thymus candidate that should remain separate from the coherent mitotic panel.	True	reinforced	unmatched	A literature-unmatched thymus candidate that should remain separate from the coherent mitotic panel.	True	FLT_higher	0.000822360965945	0.0078633687037814	5.0
conditional_DDIM_classifier	selected_gene_feature	tissue	thymus	guided_low_weight	ENSMUSG00000020644	Id2	0.5	0.75	0.25	0.5	1.0	1.0	False	True	0.9153679013252258	0.4770446419715881	True	-0.0015151515151515	0.0114583333333333	0.75	0.0118371212121212	0.75	0.0129734848484849	synthetic_emergent_real_transfer	guided_low_weight	True	canonical_tissue	0.6914965456038391	0.1973500397542388	0.3566050906894916	0.2166170769122444	10.0	179.0	NA	NA	NA	False	NA	NA	NA	False	NA	NA	NA	NA
conditional_DDIM_classifier	selected_gene_feature	tissue	thymus	guided_low_weight	ENSMUSG00000027306	Nusap1	0.5	0.75	0.375	1.0	1.0	1.0	False	True	-0.4984405934810638	-0.2773217558860779	True	0.0426767676767675	0.0111268939393939	0.625	0.0073811026936027	1.0	-0.0315498737373736	synthetic_emergent_real_transfer	guided_low_weight	True	canonical_tissue	0.4988133095404856	0.3393631865065898	0.2548835231064688	0.2316485272081478	11.0	2.0	real_plus_generated:shared_importance	aligning	Aligns at the same-tissue process level; it is not an exact prior gene replication.	True	promoted	aligning	Aligns at the same-tissue process level; it is not an exact prior gene replication.	True	FLT_lower	-0.0310693843087508	1.1595716103290356e-09	5.0
conditional_DDIM_classifier	selected_gene_feature	tissue	thymus	guided_low_weight	ENSMUSG00000005672	Kit	0.5	0.75	1.0	1.0	1.0	1.0	True	True	0.3475440144538879	0.4814106225967407	True	0.0099905303030302	0.0104640151515151	0.875	0.0197127525252525	0.75	0.0004734848484848	shared_reinforced	guided_low_weight	True	canonical_tissue	0.3232572905184672	0.2771555644199936	0.4144227258588039	0.378665420605301	12.0	17.0	NA	NA	NA	False	NA	NA	NA	False	NA	NA	NA	NA
conditional_DDIM_classifier	selected_gene_feature	tissue	thymus	guided_low_weight	ENSMUSG00000017716	Birc5	0.5	0.75	0.25	1.0	1.0	0.75	False	True	-0.3645786046981811	-0.1927396357059478	True	0.0096590909090907	0.0082859848484848	0.625	0.0043507996632996	0.75	-0.0013731060606059	synthetic_emergent_real_transfer	guided_low_weight	True	canonical_tissue	0.2954073429549497	0.2058056633073199	0.2049089857184956	0.174813009518412	17.0	18.0	real_plus_generated:shared_importance	ambiguous	Prior evidence is mixed across mission duration and assay, so the association is neither solely aligning nor solely contradictory.	True	promoted	ambiguous	Prior evidence is mixed across mission duration and assay, so the association is neither solely aligning nor solely contradictory.	True	FLT_lower	-0.0133379360163701	1.2621664694113914e-07	5.0
conditional_DDIM_classifier	selected_gene_feature	tissue	thymus	guided_low_weight	ENSMUSG00000041126	H2az2	0.5	0.75	0.375	0.875	1.0	1.0	False	True	-0.1773291379213333	-0.2857049107551574	True	0.0088383838383837	0.0082251082251082	0.8571428571428571	0.0033850408850409	0.5714285714285714	-0.0006132756132755	synthetic_emergent_real_transfer	guided_low_weight	True	canonical_tissue	0.189548759569124	0.2266823997052937	0.2455275611848555	0.3014237537285252	18.0	21.0	NA	NA	NA	False	NA	NA	NA	False	NA	NA	NA	NA
conditional_DDIM_classifier	selected_gene_feature	tissue	thymus	guided_low_weight	ENSMUSG00000091625	Lsm5	0.5	0.75	0.875	1.0	1.0	1.0	True	True	-0.4137053489685058	-0.3639217019081116	True	0.0246753246753246	0.0078598484848484	0.875	0.0095696548821549	0.75	-0.0168154761904761	shared_attenuated	guided_low_weight	True	canonical_tissue	0.3729450133640339	0.3551043026117906	0.3240404390189369	0.3469793165915004	19.0	6.0	NA	NA	NA	False	NA	NA	NA	False	NA	NA	NA	NA
conditional_DDIM_classifier	selected_gene_feature	tissue	thymus	guided_low_weight	ENSMUSG00000082815	Gm5678	0.5	0.75	0.0	0.5	0.0	1.0	False	True	NA	0.427907794713974	False	0.0	0.0074810606060606	0.75	-0.0274831649831649	0.0	0.0074810606060606	synthetic_emergent_real_transfer	guided_low_weight	True	canonical_tissue	NA	NA	0.2865993528984426	0.2833336921830051	20.0	52.0	NA	NA	NA	False	NA	NA	NA	False	NA	NA	NA	NA
conditional_DDIM_classifier	selected_gene_feature	tissue	thymus	guided_low_weight	ENSMUSG00000006715	Gmnn	0.5	0.75	0.625	1.0	1.0	0.75	True	True	-0.4039526581764221	-0.1980220526456833	True	0.024621212121212	0.0070549242424242	0.625	0.0047716750841751	0.75	-0.0175662878787878	shared_attenuated	guided_low_weight	True	canonical_tissue	0.3365314723291695	0.2955483117416908	0.2151443739389745	0.2097673446166567	22.0	7.0	real_plus_generated:shared_importance	aligning	Aligns at the same-tissue process level; it is not an exact prior gene replication.	True	reinforced	aligning	Aligns at the same-tissue process level; it is not an exact prior gene replication.	True	FLT_lower	-0.0050733709559632	0.0227227092537027	5.0
conditional_DDIM_classifier	selected_gene_feature	tissue	thymus	guided_low_weight	ENSMUSG00000032218	Ccnb2	0.5	0.75	0.0	0.75	0.0	1.0	False	True	NA	-0.1785920709371566	False	0.0	0.0066287878787878	0.6666666666666666	0.0025322671156004	1.0	0.0066287878787878	synthetic_emergent_real_transfer	guided_low_weight	True	canonical_tissue	NA	NA	0.172220345357399	0.1325947024419078	24.0	52.0	generated_only:shared_importance;real_plus_generated:shared_importance	aligning	Exact same-gene, same-tissue, same-direction literature alignment.	True	promoted	aligning	Exact same-gene, same-tissue, same-direction literature alignment.	True	FLT_lower	-0.0102311976129221	0.0002376244088253	5.0
conditional_DDIM_classifier	selected_gene_feature	tissue	thymus	guided_low_weight	ENSMUSG00000019942	Cdk1	0.5	0.75	0.25	1.0	1.0	1.0	False	True	-0.3425412774085998	-0.2490572482347488	True	0.0083333333333332	0.0057291666666666	0.75	0.0048768939393939	0.875	-0.0026041666666665	synthetic_emergent_real_transfer	guided_low_weight	True	canonical_tissue	0.288239419762051	0.1984989913913988	0.1948455078942368	0.1576917443802803	29.0	22.0	NA	NA	NA	False	promoted	aligning	Aligns at the same-tissue process level; it is not an exact prior gene replication.	True	FLT_lower	-0.0186189492557566	4.834064923206809e-07	5.0
conditional_DDIM_classifier	selected_gene_feature	tissue	thymus	guided_low_weight	ENSMUSG00000028560	Usp1	0.5	0.75	0.0	0.5	0.0	1.0	False	True	NA	0.4436638355255127	False	0.0	0.0056818181818181	0.75	-0.0024095117845117	0.25	0.0056818181818181	synthetic_emergent_real_transfer	guided_low_weight	True	canonical_tissue	NA	NA	0.3985826823451927	-0.1658239205496862	30.0	52.0	NA	NA	NA	False	NA	NA	NA	False	NA	NA	NA	NA
conditional_DDIM_classifier	selected_gene_feature	tissue	thymus	guided_low_weight	ENSMUSG00000027496	Aurka	0.5	0.75	0.0	0.5	0.0	1.0	False	True	NA	-0.2268251478672027	False	0.0	0.0049242424242424	0.5	0.0033459595959596	0.75	0.0049242424242424	synthetic_emergent_real_transfer	guided_low_weight	True	canonical_tissue	NA	NA	0.1981460455046806	0.1026162705845581	33.0	52.0	NA	NA	NA	False	promoted	aligning	Aligns at the same-tissue process level; it is not an exact prior gene replication.	True	FLT_lower	-0.0122257596483196	0.0016162743725706	5.0
conditional_DDIM_classifier	selected_gene_feature	tissue	thymus	guided_low_weight	ENSMUSG00000020914	Top2a	0.5	0.75	0.0	0.75	0.0	1.0	False	True	NA	-0.1368959099054336	False	0.0	0.0046717171717171	0.5	0.0039562289562289	0.6666666666666666	0.0046717171717171	synthetic_emergent_real_transfer	guided_low_weight	True	canonical_tissue	NA	NA	0.164353494601481	0.1218859965262239	34.0	52.0	NA	NA	NA	False	promoted	aligning	Aligns at the same-tissue process level; it is not an exact prior gene replication.	True	FLT_lower	-0.08097393883702	5.573323030415243e-07	5.0
conditional_DDIM_classifier	selected_gene_feature	tissue	thymus	guided_low_weight	ENSMUSG00000021892	Sh3bp5	0.5	0.75	1.0	0.5	0.75	1.0	True	True	0.3312123715877533	0.3152202665805816	True	0.0188920454545454	0.0045454545454545	1.0	0.0100273569023569	0.75	-0.0143465909090909	shared_attenuated	guided_low_weight	True	canonical_tissue	0.2707354332428328	0.2607559798894255	0.2622112756927339	0.2858960861324663	36.0	10.0	NA	NA	NA	False	NA	NA	NA	False	NA	NA	NA	NA
conditional_DDIM_classifier	selected_gene_feature	tissue	thymus	guided_low_weight	ENSMUSG00000003779	Kif20a	0.5	0.75	0.0	0.5	0.0	1.0	False	True	NA	-0.2764264941215515	False	0.0	0.0040719696969696	0.5	0.0032933501683502	0.75	0.0040719696969696	synthetic_emergent_real_transfer	guided_low_weight	True	canonical_tissue	NA	NA	0.2220492121244466	0.1065332726353612	39.0	52.0	real_plus_generated:promoted	aligning	Aligns at the same-tissue process level; it is not an exact prior gene replication.	True	promoted	aligning	Aligns at the same-tissue process level; it is not an exact prior gene replication.	True	FLT_lower	-0.0206811560346539	0.0227227092537027	5.0
conditional_DDIM_classifier	selected_gene_feature	tissue	thymus	guided_low_weight	ENSMUSG00000027342	Pcna	0.5	0.75	0.0	0.5	0.0	1.0	False	True	NA	-0.1204700022935867	False	0.0	0.0035037878787879	0.5	0.0003998316498316	0.5	0.0035037878787879	synthetic_emergent_real_transfer	guided_low_weight	True	canonical_tissue	NA	NA	0.1175593562066324	0.0785023135750709	41.0	52.0	NA	NA	NA	False	promoted	aligning	Aligns at the same-tissue process level; it is not an exact prior gene replication.	True	FLT_lower	-0.0200369719917014	0.0254114929457458	5.0
conditional_DDIM_classifier	selected_gene_feature	tissue	thymus	guided_low_weight	ENSMUSG00000039682	Lap3	0.5	0.75	0.625	0.625	0.6000000238418579	1.0	False	True	0.3331823348999023	0.2531254887580871	True	-0.0053787878787879	0.0025757575757575	1.0	0.0057239057239057	0.8	0.0079545454545454	synthetic_emergent_real_transfer	guided_low_weight	True	canonical_tissue	0.2831267457905992	0.1132315924505952	0.2078200096807652	0.1592642458885188	46.0	217.0	NA	NA	NA	False	NA	NA	NA	False	NA	NA	NA	NA
conditional_DDIM_classifier	selected_gene_feature	tissue	thymus	guided_low_weight	ENSMUSG00000072082	Ccnf	0.5	0.75	0.0	0.5	0.0	1.0	False	True	NA	-0.2014214992523193	False	0.0	0.0023674242424242	0.25	0.0019044612794613	0.5	0.0023674242424242	synthetic_domain_only	guided_low_weight	True	canonical_tissue	NA	NA	0.165078944198852	0.0762431093616923	48.0	52.0	NA	NA	NA	False	promoted	aligning	Aligns at the same-tissue process level; it is not an exact prior gene replication.	True	FLT_lower	-0.0201877828767226	0.0284043946906987	5.0
conditional_DDIM_classifier	selected_gene_feature	tissue	thymus	guided_low_weight	ENSMUSG00000021338	Carmil1	0.5	0.75	0.5	0.25	1.0	1.0	True	False	0.1218781396746635	0.2887110710144043	True	0.0066287878787878	0.0022727272727272	0.5	-0.0103535353535353	0.5	-0.0043560606060606	real_only	guided_low_weight	True	canonical_tissue	0.1006215644851597	0.0808490864583369	0.2285018468700551	0.2034626213899026	50.0	27.0	NA	NA	NA	False	NA	NA	NA	False	NA	NA	NA	NA
conditional_DDIM_classifier	selected_gene_feature	tissue	thymus	guided_low_weight	ENSMUSG00000022528	Hes1	0.5	0.75	0.25	0.875	1.0	1.0	False	True	0.3393167853355407	0.1954775601625442	True	0.0020833333333332	0.0022727272727272	0.8571428571428571	0.0032768157768158	0.7142857142857143	0.000189393939394	synthetic_emergent_real_transfer	guided_low_weight	True	canonical_tissue	0.2661943710101012	0.2002413407033607	0.161091082530651	0.1102842534948731	50.0	42.0	NA	NA	NA	False	NA	NA	NA	False	NA	NA	NA	NA
conditional_DDIM_classifier	selected_gene_feature	tissue	thymus	guided_low_weight	ENSMUSG00000029311	Hsd17b11	0.5	0.75	0.125	0.625	1.0	1.0	False	True	0.6665613651275635	0.3259375393390655	True	0.0219696969696968	0.0021969696969696	0.6	-0.0008333333333332	0.4	-0.0197727272727271	synthetic_emergent_real_transfer	guided_low_weight	True	canonical_tissue	0.6343764930900495	0.4751350757348711	0.2419858755398243	0.1398738944166868	54.0	8.0	NA	NA	NA	False	promoted	complementary	A plausible lipid-handling or tissue-composition marker, not evidence that HSD17B11 drives the thymus response.	True	FLT_higher	0.005406960285702	0.0102071219596878	5.0
conditional_DDIM_classifier	selected_gene_feature	tissue	thymus	guided_low_weight	ENSMUSG00000025856	Pdgfa	0.5	0.75	0.625	0.625	1.0	1.0	True	True	0.245145097374916	0.4051421284675598	True	-0.0018939393939394	0.0018939393939393	0.6	0.0045454545454545	0.6	0.0037878787878788	shared_reinforced	guided_low_weight	True	canonical_tissue	0.2671693104514056	0.1381279519515513	0.2471129487069747	0.1216702151811958	56.0	183.0	NA	NA	NA	False	NA	NA	NA	False	NA	NA	NA	NA
conditional_DDIM_classifier	selected_gene_feature	tissue	thymus	guided_low_weight	ENSMUSG00000078153	Psme2b	0.5	0.75	0.875	0.25	1.0	1.0	True	False	0.2279513925313949	0.2606084048748016	True	-0.0012445887445887	0.0018939393939393	1.0	0.0026515151515151	1.0	0.0031385281385281	real_only	guided_low_weight	True	canonical_tissue	0.1737577715132578	0.1306716823708655	0.1899151246589517	0.1060445744245849	56.0	176.0	NA	NA	NA	False	NA	NA	NA	False	NA	NA	NA	NA
conditional_DDIM_classifier	selected_gene_feature	tissue	thymus	guided_low_weight	ENSMUSG00000029687	Ezh2	0.5	0.75	0.0	0.625	0.0	1.0	False	True	NA	0.1727908253669738	False	0.0	0.0015151515151515	0.6	-0.0015151515151515	0.2	0.0015151515151515	synthetic_emergent_real_transfer	guided_low_weight	True	canonical_tissue	NA	NA	0.2162382018695625	-0.1337000347536406	62.0	52.0	NA	NA	NA	False	NA	NA	NA	False	FLT_lower	-0.0490796466829154	0.0086085148899265	5.0
conditional_DDIM_classifier	selected_gene_feature	tissue	thymus	guided_low_weight	ENSMUSG00000002393	Nr2f6	0.5	0.75	0.25	1.0	1.0	1.0	False	True	0.3326605856418609	0.292837917804718	True	0.002651515151515	0.0007102272727272	0.625	0.0037142255892256	0.625	-0.0019412878787877	synthetic_emergent_real_transfer	guided_low_weight	True	canonical_tissue	0.2880191098119584	0.134200251945007	0.2580710315960521	0.1361147710154075	81.0	36.0	NA	NA	NA	False	NA	NA	NA	False	NA	NA	NA	NA
conditional_DDIM_classifier	selected_gene_feature	tissue	thymus	guided_low_weight	ENSMUSG00000006205	Htra1	0.5	0.75	1.0	0.0	0.75	0.0	True	False	-0.2766838073730469	NA	False	-0.0030776515151515	0.0	0.0	0.0	0.0	0.0030776515151515	real_only	guided_low_weight	True	canonical_tissue	0.23905905783613	-0.212076552057949	NA	NA	93.0	200.0	NA	NA	NA	False	NA	NA	NA	False	NA	NA	NA	NA
conditional_DDIM_classifier	selected_gene_feature	tissue	thymus	guided_low_weight	ENSMUSG00000001247	Lsr	0.5	0.75	0.5	0.0	1.0	0.0	True	False	-0.286891907453537	NA	False	-0.0037878787878788	0.0	0.0	0.0	0.0	0.0037878787878788	real_only	guided_low_weight	True	canonical_tissue	0.2417613930556479	-0.16308520229218	NA	NA	93.0	208.0	NA	NA	NA	False	NA	NA	NA	False	NA	NA	NA	NA
conditional_DDIM_classifier	selected_gene_feature	tissue	thymus	guided_low_weight	ENSMUSG00000026566	Mpzl1	0.5	0.75	0.625	0.0	1.0	0.0	True	False	0.3988187909126282	NA	False	0.007121212121212	0.0	0.0	0.0	0.0	-0.007121212121212	real_only	guided_low_weight	True	canonical_tissue	0.294580289481004	0.3157321587809202	NA	NA	93.0	26.0	NA	NA	NA	False	NA	NA	NA	False	FLT_higher	6.844907711792838e-05	0.0330041397062462	5.0
conditional_DDIM_classifier	selected_gene_feature	tissue	thymus	guided_low_weight	ENSMUSG00000040618	Pck2	0.5	0.75	1.0	0.0	1.0	0.0	True	False	0.2064141631126403	NA	False	0.0026041666666666	0.0	0.0	0.0	0.0	-0.0026041666666666	real_only	guided_low_weight	True	canonical_tissue	0.2977191111955193	0.2436342187705181	NA	NA	93.0	39.0	NA	NA	NA	False	NA	NA	NA	False	NA	NA	NA	NA
conditional_DDIM_classifier	selected_gene_feature	tissue	thymus	guided_low_weight	ENSMUSG00000012483	Rpa3	0.5	0.75	1.0	1.0	0.75	0.75	True	True	-0.2197164297103881	-0.2040717750787735	True	0.0251893939393939	-5.529431079676073e-18	0.5	0.0051715067340067	0.75	-0.0251893939393939	shared_synthetic_domain_only	guided_low_weight	True	canonical_tissue	0.2439702350184505	0.2938908191269215	0.1716852159168909	0.1505884630702873	124.0	5.0	NA	NA	NA	False	NA	NA	NA	False	NA	NA	NA	NA
conditional_DDIM_classifier	selected_gene_feature	tissue	thymus	guided_low_weight	ENSMUSG00000002985	Apoe	0.5	0.75	0.875	0.625	1.0	1.0	True	True	0.2034064978361129	0.2730481028556824	True	0.0131493506493506	-0.0004545454545454	0.6	0.006986531986532	0.8	-0.013603896103896	shared_synthetic_domain_only	guided_low_weight	True	canonical_tissue	0.247590477152185	0.2043494994639367	0.2098075381060193	0.1617505402867413	147.0	13.0	NA	NA	NA	False	NA	NA	NA	False	NA	NA	NA	NA
conditional_DDIM_classifier	selected_gene_feature	tissue	thymus	guided_low_weight	ENSMUSG00000025277	Abhd6	0.5	0.75	0.75	0.375	1.0	1.0	True	False	0.5239990949630737	0.399718701839447	True	0.0089646464646464	-0.0017676767676767	0.6666666666666666	0.0020763187429854	0.6666666666666666	-0.0107323232323232	real_only	guided_low_weight	True	canonical_tissue	0.3702980612477717	0.2693912646471928	0.232465750264596	0.1270994739456042	169.0	19.0	NA	NA	NA	False	NA	NA	NA	False	FLT_higher	0.0020711885045416	0.0285685411564694	5.0
conditional_DDIM_classifier	selected_gene_feature	tissue	thymus	guided_low_weight	ENSMUSG00000029366	Dck	0.5	0.75	0.0	0.5	0.0	1.0	False	True	NA	0.2640165090560913	False	0.0	-0.0019886363636363	0.5	-0.0021359427609427	0.25	-0.0019886363636363	synthetic_emergent_no_positive_importance	guided_low_weight	True	canonical_tissue	NA	NA	0.3294487472989311	-0.1293571397443084	177.0	52.0	NA	NA	NA	False	NA	NA	NA	False	FLT_lower	-0.0283463243842712	2.2399056025446764e-05	5.0
conditional_DDIM_classifier	selected_gene_feature	tissue	thymus	guided_low_weight	ENSMUSG00000070047	Fat1	0.5	0.75	0.375	0.5	1.0	1.0	False	True	0.0643055886030197	0.1053524911403656	True	-0.0013888888888889	-0.0024621212121212	0.0	0.000736531986532	0.75	-0.0010732323232323	synthetic_domain_only	guided_low_weight	True	canonical_tissue	0.0527059201287394	0.031530134670645	0.1049781915660892	0.0705008217304145	185.0	178.0	NA	NA	NA	False	NA	NA	NA	False	NA	NA	NA	NA
conditional_DDIM_classifier	selected_gene_feature	tissue	thymus	guided_low_weight	ENSMUSG00000039474	Wfs1	0.5	0.75	0.5	0.25	1.0	1.0	True	False	-0.3640437722206116	0.0539857074618339	False	0.0089015151515151	-0.002651515151515	0.0	0.0006734006734006	1.0	-0.0115530303030302	real_only	guided_low_weight	True	canonical_tissue	0.421673196812345	-0.2397983114256228	0.0430245822957172	0.0109318930577671	189.0	20.0	NA	NA	NA	False	NA	NA	NA	False	FLT_higher	0.0006330154879436	0.0455602514868293	5.0
conditional_DDIM_classifier	selected_gene_feature	tissue	thymus	guided_low_weight	ENSMUSG00000034349	Smc4	0.5	0.75	0.0	0.5	0.0	1.0	False	True	NA	0.1013162583112716	False	0.0	-0.003030303030303	0.5	-0.0012100168350168	0.25	-0.003030303030303	synthetic_emergent_no_positive_importance	guided_low_weight	True	canonical_tissue	NA	NA	0.1050320026250364	-0.041966056599872	191.0	52.0	NA	NA	NA	False	NA	NA	NA	False	FLT_lower	-0.0171539793254707	0.0016162743725706	5.0
conditional_DDIM_classifier	selected_gene_feature	tissue	thymus	guided_low_weight	ENSMUSG00000004151	Etv1	0.5	0.75	0.125	0.625	1.0	1.0	False	True	0.2712887823581695	0.0893715918064117	True	0.0015151515151514	-0.0040151515151514	0.4	0.0071043771043771	0.6	-0.0055303030303029	synthetic_domain_only	guided_low_weight	True	canonical_tissue	0.1969640956034202	0.1760617844899092	0.0622558958688519	0.0581661950431141	202.0	45.0	real_plus_generated:promoted	complementary	A plausible T-cell-state or tissue-composition marker, not a direct spaceflight mechanism.	True	promoted	complementary	A plausible T-cell-state or tissue-composition marker, not a direct spaceflight mechanism.	True	FLT_higher	0.0012593652412707	0.0115128044268098	5.0
conditional_DDIM_classifier	selected_gene_feature	tissue	thymus	guided_low_weight	ENSMUSG00000020978	Klhdc2	0.5	0.75	0.0	0.5	0.0	1.0	False	True	NA	-0.2882281243801117	False	0.0	-0.0041666666666666	0.25	0.0010627104377104	0.75	-0.0041666666666666	synthetic_domain_only	guided_low_weight	True	canonical_tissue	NA	NA	0.2227582434014393	-0.1919298489205152	203.0	52.0	real_plus_generated:promoted	unmatched	A literature-unmatched thymus candidate that should be kept separate from the supported mitotic program.	True	NA	NA	NA	False	FLT_higher	0.0023738248930739	0.0004980196113574	5.0
conditional_DDIM_classifier	selected_gene_feature	tissue	thymus	guided_low_weight	ENSMUSG00000030516	Tjp1	0.5	0.75	0.0	0.5	0.0	1.0	False	True	NA	-0.301081508398056	False	0.0	-0.0057765151515151	0.0	-0.0003472222222221	0.5	-0.0057765151515151	synthetic_emergent_no_positive_importance	guided_low_weight	True	canonical_tissue	NA	NA	0.213079405167116	-0.1540302558133696	215.0	52.0	NA	NA	NA	False	NA	NA	NA	False	NA	NA	NA	NA
conditional_DDIM_classifier	selected_gene_feature	tissue	thymus	guided_low_weight	ENSMUSG00000069255	Dusp22	0.5	0.75	0.5	0.375	1.0	1.0	True	False	-0.5111567974090576	-0.1674084365367889	True	0.0006628787878787	-0.0058080808080808	0.0	-0.0005190796857463	0.3333333333333333	-0.0064709595959595	real_only	guided_low_weight	True	canonical_tissue	0.3554134680300663	-0.3198443179727586	0.1717028974778155	-0.1520590431232708	216.0	50.0	NA	NA	NA	False	NA	NA	NA	False	FLT_higher	0.0044322551881761	0.040519459935367	5.0
conditional_DDIM_classifier	selected_gene_feature	tissue	white_adipose_tissue	generated_only	ENSMUSG00000010651	Acaa1b	0.5	0.75	0.75	0.0	1.0	0.0	True	False	0.0542109198868274	NA	False	0.0	0.0	0.0	0.0	0.0	0.0	real_only	generated_only	True	canonical_tissue	0.0502840665658838	0.09451486320514	NA	NA	1.0	1.0	NA	NA	NA	False	NA	NA	NA	False	NA	NA	NA	NA
conditional_DDIM_classifier	selected_gene_feature	tissue	white_adipose_tissue	generated_only	ENSMUSG00000032786	Alas1	0.5	0.75	0.0	1.0	0.0	1.0	False	True	NA	-0.1043004989624023	False	0.0	0.0	0.0	0.0	0.0	0.0	synthetic_emergent_no_positive_importance	generated_only	True	canonical_tissue	NA	NA	0.0885068697238323	0.1072405190448164	1.0	1.0	NA	NA	NA	False	NA	NA	NA	False	NA	NA	NA	NA
conditional_DDIM_classifier	selected_gene_feature	tissue	white_adipose_tissue	generated_only	ENSMUSG00000037949	Ano10	0.5	0.75	1.0	0.0	1.0	0.0	True	False	0.0536789298057556	NA	False	0.0	0.0	0.0	0.0	0.0	0.0	real_only	generated_only	True	canonical_tissue	0.0489667710178374	0.0972054484397325	NA	NA	1.0	1.0	NA	NA	NA	False	NA	NA	NA	False	NA	NA	NA	NA
conditional_DDIM_classifier	selected_gene_feature	tissue	white_adipose_tissue	generated_only	ENSMUSG00000022892	App	0.5	0.75	0.0	1.0	0.0	1.0	False	True	NA	0.0968394428491592	False	0.0	0.0	0.0	0.0	0.0	0.0	synthetic_emergent_no_positive_importance	generated_only	True	canonical_tissue	NA	NA	0.0803192231637769	0.1596024788908296	1.0	1.0	NA	NA	NA	False	NA	NA	NA	False	NA	NA	NA	NA
conditional_DDIM_classifier	selected_gene_feature	tissue	white_adipose_tissue	generated_only	ENSMUSG00000014077	Chp1	0.5	0.75	1.0	0.0	1.0	0.0	True	False	0.0536660552024841	NA	False	0.0	0.0	0.0	0.0	0.0	0.0	real_only	generated_only	True	canonical_tissue	0.0508353352008588	0.1016706704017176	NA	NA	1.0	1.0	NA	NA	NA	False	NA	NA	NA	False	NA	NA	NA	NA
conditional_DDIM_classifier	selected_gene_feature	tissue	white_adipose_tissue	generated_only	ENSMUSG00000003518	Dusp3	0.5	0.75	1.0	0.0	1.0	0.0	True	False	0.05348701775074	NA	False	0.0	0.0	0.0	0.0	0.0	0.0	real_only	generated_only	True	canonical_tissue	0.048928732178512	0.0976581596865443	NA	NA	1.0	1.0	NA	NA	NA	False	NA	NA	NA	False	NA	NA	NA	NA
conditional_DDIM_classifier	selected_gene_feature	tissue	white_adipose_tissue	generated_only	ENSMUSG00000053898	Ech1	0.5	0.75	1.0	1.0	1.0	1.0	True	True	0.0566951483488082	0.1273629665374755	True	0.0	0.0	0.0	0.0	0.0	0.0	shared_no_positive_importance	generated_only	True	canonical_tissue	0.0554175397633504	0.1108350795267009	0.1256666807669397	0.2513333615338795	1.0	1.0	NA	NA	NA	False	NA	NA	NA	False	NA	NA	NA	NA
conditional_DDIM_classifier	selected_gene_feature	tissue	white_adipose_tissue	generated_only	ENSMUSG00000028978	Nos3	0.5	0.75	0.0	1.0	0.0	1.0	False	True	NA	-0.0959144756197929	False	0.0	0.0	0.0	0.0	0.0	0.0	synthetic_emergent_no_positive_importance	generated_only	True	canonical_tissue	NA	NA	0.0761876024634662	0.1309042870173909	1.0	1.0	NA	NA	NA	False	NA	NA	NA	False	NA	NA	NA	NA
conditional_DDIM_classifier	selected_gene_feature	tissue	white_adipose_tissue	generated_only	ENSMUSG00000032171	Pin1	0.5	0.75	0.75	0.0	1.0	0.0	True	False	0.054726555943489	NA	False	0.0	0.0	0.0	0.0	0.0	0.0	real_only	generated_only	True	canonical_tissue	0.0372121688771704	0.0708745843592472	NA	NA	1.0	1.0	NA	NA	NA	False	NA	NA	NA	False	NA	NA	NA	NA
conditional_DDIM_classifier	selected_gene_feature	tissue	white_adipose_tissue	generated_only	ENSMUSG00000031146	Plp2	0.5	0.75	0.5	0.0	1.0	0.0	True	False	0.053630031645298	NA	False	0.0	0.0	0.0	0.0	0.0	0.0	real_only	generated_only	True	canonical_tissue	0.0455176023580548	0.0798383341044259	NA	NA	1.0	1.0	NA	NA	NA	False	NA	NA	NA	False	NA	NA	NA	NA
conditional_DDIM_classifier	selected_gene_feature	tissue	white_adipose_tissue	generated_only	ENSMUSG00000019461	Plscr3	0.5	0.75	0.0	1.0	0.0	1.0	False	True	NA	0.0852142870426178	False	0.0	0.0	0.0	0.0	0.0	0.0	synthetic_emergent_no_positive_importance	generated_only	True	canonical_tissue	NA	NA	0.0666696734611701	0.1153538501427241	1.0	1.0	NA	NA	NA	False	NA	NA	NA	False	NA	NA	NA	NA
conditional_DDIM_classifier	selected_gene_feature	tissue	white_adipose_tissue	generated_only	ENSMUSG00000024854	Pold4	0.5	0.75	0.0	1.0	0.0	1.0	False	True	NA	0.0938350558280944	False	0.0	0.0	0.0	0.0	0.0	0.0	synthetic_emergent_no_positive_importance	generated_only	True	canonical_tissue	NA	NA	0.0861593187328081	0.1632423527094059	1.0	1.0	NA	NA	NA	False	NA	NA	NA	False	NA	NA	NA	NA
conditional_DDIM_classifier	selected_gene_feature	tissue	white_adipose_tissue	generated_only	ENSMUSG00000005873	Reep5	0.5	0.75	1.0	0.0	1.0	0.0	True	False	0.053620845079422	NA	False	0.0	0.0	0.0	0.0	0.0	0.0	real_only	generated_only	True	canonical_tissue	0.0405024753326497	0.0810049506652995	NA	NA	1.0	1.0	NA	NA	NA	False	NA	NA	NA	False	NA	NA	NA	NA
conditional_DDIM_classifier	selected_gene_feature	tissue	white_adipose_tissue	generated_only	ENSMUSG00000026727	Rsu1	0.5	0.75	0.125	0.875	1.0	1.0	False	True	0.0527985133230686	0.1119040176272392	True	0.0	0.0	0.0	0.0	0.0	0.0	synthetic_emergent_no_positive_importance	generated_only	True	canonical_tissue	0.0413738797401184	0.0655971965988628	0.0999333849647185	0.1861773787891558	1.0	1.0	NA	NA	NA	False	NA	NA	NA	False	NA	NA	NA	NA
conditional_DDIM_classifier	selected_gene_feature	tissue	white_adipose_tissue	generated_only	ENSMUSG00000021892	Sh3bp5	0.5	0.75	0.125	1.0	1.0	1.0	False	True	0.0537920519709587	0.1176644340157508	True	0.0	0.0	0.0	0.0	0.0	0.0	synthetic_emergent_no_positive_importance	generated_only	True	canonical_tissue	0.0236193388087396	0.019763730422434	0.1159987875578676	0.2120487119093522	1.0	1.0	NA	NA	NA	False	NA	NA	NA	False	NA	NA	NA	NA
conditional_DDIM_classifier	selected_gene_feature	tissue	white_adipose_tissue	generated_only	ENSMUSG00000067377	Tspan6	0.5	0.75	0.875	0.125	1.0	1.0	True	False	0.0543428137898445	0.1489715427160263	True	0.0	0.0	0.0	0.0	0.0	0.0	real_only	generated_only	True	canonical_tissue	0.0402673462477128	0.0802155290029468	0.126181490445246	0.252362980890492	1.0	1.0	NA	NA	NA	False	NA	NA	NA	False	NA	NA	NA	NA
conditional_DDIM_classifier	selected_gene_feature	muscle_group	gastrocnemius	guided_low_weight	ENSMUSG00000076431	Sox4	0.5	0.75	1.0	0.125	1.0	1.0	True	False	0.3437933325767517	0.6470739245414734	True	0.1739583333333333	0.2083333333333333	1.0	-0.0050925925925926	0.0	0.034375	real_only	guided_low_weight	True	skeletal_muscle_group	0.5300970098266062	1.0348996941122304	0.7069967064750591	1.4167010147896135	1.0	1.0	NA	NA	NA	False	NA	NA	NA	False	NA	NA	NA	NA
conditional_DDIM_classifier	selected_gene_feature	muscle_group	gastrocnemius	guided_low_weight	ENSMUSG00000031490	Eif4ebp1	0.5	0.75	0.125	0.625	1.0	1.0	False	True	-0.2697967290878296	-0.3175389468669891	True	-0.0125	0.0891666666666666	0.8	0.0122222222222222	0.6	0.1016666666666666	synthetic_emergent_real_transfer	guided_low_weight	True	skeletal_muscle_group	0.3549997209961383	0.2550918620181435	0.3432078533683497	0.2909866525364811	8.0	235.0	NA	NA	NA	False	NA	NA	NA	False	NA	NA	NA	NA
conditional_DDIM_classifier	selected_gene_feature	muscle_group	gastrocnemius	guided_low_weight	ENSMUSG00000019054	Fis1	0.5	0.75	0.0	0.75	0.0	1.0	False	True	NA	-0.2486364841461181	False	0.0	0.0583333333333332	0.6666666666666666	0.0145833333333333	1.0	0.0583333333333332	synthetic_emergent_real_transfer	guided_low_weight	True	skeletal_muscle_group	NA	NA	0.2672992817530386	0.248444434048613	24.0	33.0	NA	NA	NA	False	NA	NA	NA	False	NA	NA	NA	NA
conditional_DDIM_classifier	selected_gene_feature	muscle_group	gastrocnemius	guided_low_weight	ENSMUSG00000019947	Arid5b	0.5	0.75	0.25	0.625	1.0	1.0	False	True	0.0904806554317474	0.2718068659305572	True	0.0083333333333333	0.0449999999999999	0.6	0.0078703703703703	0.6	0.0366666666666666	synthetic_emergent_real_transfer	guided_low_weight	True	skeletal_muscle_group	0.0601083630878016	0.0303730123751819	0.2143179802669548	0.1604313511260532	32.0	24.0	NA	NA	NA	False	NA	NA	NA	False	NA	NA	NA	NA
conditional_DDIM_classifier	selected_gene_feature	muscle_group	gastrocnemius	guided_low_weight	ENSMUSG00000033581	Igf2bp2	0.5	0.75	0.75	0.625	0.3333333432674408	1.0	False	True	-0.1003323495388031	0.3157846331596374	False	-0.01875	0.0441666666666666	0.8	0.0132407407407407	0.8	0.0629166666666666	synthetic_emergent_real_transfer	guided_low_weight	True	skeletal_muscle_group	0.1273235396243681	-0.0976489652632125	0.2642919384154392	0.2249831391176014	33.0	237.0	NA	NA	NA	False	NA	NA	NA	False	NA	NA	NA	NA
conditional_DDIM_classifier	selected_gene_feature	muscle_group	gastrocnemius	guided_low_weight	ENSMUSG00000023067	Cdkn1a	0.5	0.75	0.125	0.75	1.0	1.0	False	True	0.0254902839660644	0.4318222403526306	True	0.0208333333333333	0.0305555555555555	0.6666666666666666	-0.001929012345679	0.3333333333333333	0.0097222222222221	synthetic_emergent_real_transfer	guided_low_weight	True	skeletal_muscle_group	0.014352305759396	0.0012772616496676	0.2593136250084639	0.1257884565170895	48.0	11.0	NA	NA	NA	False	NA	NA	NA	False	NA	NA	NA	NA
conditional_DDIM_classifier	selected_gene_feature	muscle_group	gastrocnemius	guided_low_weight	ENSMUSG00000008136	Fhl2	0.5	0.75	0.125	0.75	1.0	1.0	False	True	-0.8146572113037109	-0.1567018032073974	True	-0.0291666666666666	0.0305555555555555	0.6666666666666666	0.003858024691358	0.5	0.0597222222222222	synthetic_emergent_real_transfer	guided_low_weight	True	skeletal_muscle_group	0.7994790962411223	-0.0355021614917842	0.1673082551048324	0.0522785453056417	48.0	246.0	NA	NA	NA	False	promoted	complementary	Adds an autophagy and myogenesis candidate to established flight-muscle remodeling.	True	FLT_lower	-5.721244935669836e-05	0.0107233976346998	3.0
conditional_DDIM_classifier	selected_gene_feature	muscle_group	gastrocnemius	guided_low_weight	ENSMUSG00000021359	Tfap2a	0.5	0.75	0.5	0.125	1.0	1.0	True	False	0.0582209452986717	0.0531626343727111	True	0.0354166666666666	0.0249999999999999	1.0	-0.0625	0.0	-0.0104166666666667	real_only	guided_low_weight	True	skeletal_muscle_group	0.0810673448087068	0.0559994860383856	0.0312685218722591	-0.0034431524195706	57.0	6.0	NA	NA	NA	False	NA	NA	NA	False	FLT_higher	9.497892353536062e-05	3.3537878551612493e-16	2.0
conditional_DDIM_classifier	selected_gene_feature	muscle_group	gastrocnemius	guided_low_weight	ENSMUSG00000022663	Atg3	0.5	0.75	0.0	0.5	0.0	1.0	False	True	NA	0.1317334473133087	False	0.0	0.0114583333333332	0.75	0.0032407407407407	0.5	0.0114583333333332	synthetic_emergent_real_transfer	guided_low_weight	True	skeletal_muscle_group	NA	NA	0.1374290342874132	0.0509247060115089	74.0	33.0	NA	NA	NA	False	NA	NA	NA	False	NA	NA	NA	NA
conditional_DDIM_classifier	selected_gene_feature	muscle_group	gastrocnemius	guided_low_weight	ENSMUSG00000032402	Smad3	0.5	0.75	0.375	0.75	0.3333333432674408	1.0	False	True	-0.0259672775864601	0.284099817276001	False	0.0138888888888888	0.011111111111111	0.5	0.0145061728395061	0.5	-0.0027777777777778	synthetic_emergent_real_transfer	guided_low_weight	True	skeletal_muscle_group	0.0385171605873304	-0.0112705228656322	0.1941002273423492	0.1411367764318311	76.0	19.0	NA	NA	NA	False	NA	NA	NA	False	NA	NA	NA	NA
conditional_DDIM_classifier	selected_gene_feature	muscle_group	gastrocnemius	guided_low_weight	ENSMUSG00000001999	Blvra	0.5	0.75	0.0	0.625	0.0	1.0	False	True	NA	0.4901370704174042	False	0.0	0.0091666666666666	0.6	0.0103703703703703	0.8	0.0091666666666666	synthetic_emergent_real_transfer	guided_low_weight	True	skeletal_muscle_group	NA	NA	0.3077153229229954	0.0283601471536081	79.0	33.0	NA	NA	NA	False	NA	NA	NA	False	NA	NA	NA	NA
conditional_DDIM_classifier	selected_gene_feature	muscle_group	gastrocnemius	guided_low_weight	ENSMUSG00000056749	Nfil3	0.5	0.75	0.5	0.875	0.0	1.0	False	True	-0.0788478702306747	0.2139390408992767	False	0.0062499999999999	0.0017857142857142	0.4285714285714285	0.0085978835978836	0.5714285714285714	-0.0044642857142857	synthetic_domain_only	guided_low_weight	True	skeletal_muscle_group	0.1082898721136141	-0.094206912717802	0.2170764415519803	0.1559200550267365	98.0	27.0	NA	NA	NA	False	NA	NA	NA	False	NA	NA	NA	NA
conditional_DDIM_classifier	selected_gene_feature	muscle_group	gastrocnemius	guided_low_weight	ENSMUSG00000006373	Pgrmc1	0.5	0.75	0.0	0.5	0.0	1.0	False	True	NA	0.1033060401678085	False	0.0	0.0010416666666666	0.5	-0.0112268518518518	0.25	0.0010416666666666	synthetic_emergent_real_transfer	guided_low_weight	True	skeletal_muscle_group	NA	NA	0.0691988232270549	0.044367019923061	100.0	33.0	NA	NA	NA	False	NA	NA	NA	False	NA	NA	NA	NA
conditional_DDIM_classifier	selected_gene_feature	muscle_group	gastrocnemius	guided_low_weight	ENSMUSG00000026360	Rgs2	0.5	0.75	1.0	0.0	1.0	0.0	True	False	0.1036624312400817	NA	False	0.0411458333333333	0.0	0.0	0.0	0.0	-0.0411458333333333	real_only	guided_low_weight	True	skeletal_muscle_group	0.1294654915660265	0.1549471119448228	NA	NA	101.0	4.0	NA	NA	NA	False	NA	NA	NA	False	FLT_higher	0.0001520976188653	0.0489261423379831	3.0
conditional_DDIM_classifier	selected_gene_feature	muscle_group	gastrocnemius	guided_low_weight	ENSMUSG00000044393	Dsg2	0.5	0.75	1.0	0.125	1.0	1.0	True	False	0.0340705513954162	0.0077495691366493	True	0.0031249999999999	-1.1102230246251563e-16	0.0	0.0337962962962962	1.0	-0.003125	real_only	guided_low_weight	True	skeletal_muscle_group	0.0525609910489393	0.0298917795605254	0.0043886923012387	0.0004721298310824	174.0	29.0	NA	NA	NA	False	NA	NA	NA	False	NA	NA	NA	NA
conditional_DDIM_classifier	selected_gene_feature	muscle_group	gastrocnemius	guided_low_weight	ENSMUSG00000021025	Nfkbia	0.5	0.75	0.75	0.625	0.6666666865348816	1.0	False	True	0.044897835701704	0.2766523361206054	True	-0.0118055555555555	-0.0008333333333333	0.4	0.0192592592592592	1.0	0.0109722222222222	synthetic_domain_only	guided_low_weight	True	skeletal_muscle_group	0.0855770035985639	0.0123253436820497	0.2973540814922665	0.2564151111081451	195.0	234.0	NA	NA	NA	False	promoted	aligning	Exact same-gene, same-tissue, same-direction alignment in an independent mission and platform.	True	FLT_higher	0.0004716121674576	0.0097127147738039	3.0
conditional_DDIM_classifier	selected_gene_feature	muscle_group	gastrocnemius	guided_low_weight	ENSMUSG00000071637	Cebpd	0.5	0.75	0.5	0.75	0.5	1.0	False	True	0.0257353670895099	0.2361877858638763	True	-0.0395833333333333	-0.0125	0.3333333333333333	0.0074845679012345	0.6666666666666666	0.0270833333333333	synthetic_domain_only	guided_low_weight	True	skeletal_muscle_group	0.0319372836985756	-0.0097252816380671	0.2175708359009019	0.0622458287153862	211.0	252.0	NA	NA	NA	False	NA	NA	NA	False	NA	NA	NA	NA
conditional_DDIM_classifier	selected_gene_feature	muscle_group	gastrocnemius	guided_low_weight	ENSMUSG00000019942	Cdk1	0.5	0.75	0.75	0.25	1.0	1.0	True	False	0.0746555104851722	0.047509167343378	True	0.0076388888888888	-0.0145833333333334	0.0	-0.0643518518518518	0.0	-0.0222222222222222	real_only	guided_low_weight	True	skeletal_muscle_group	0.0654169462499678	0.0409976394620548	0.0315280653057383	0.0239614040227534	219.0	25.0	NA	NA	NA	False	NA	NA	NA	False	NA	NA	NA	NA
conditional_DDIM_classifier	selected_gene_feature	muscle_group	gastrocnemius	guided_low_weight	ENSMUSG00000006205	Htra1	0.5	0.75	0.25	0.5	1.0	1.0	False	True	-0.1423442661762237	0.1192206516861915	False	-0.0083333333333333	-0.015625	0.25	0.0017361111111111	0.75	-0.0072916666666667	synthetic_domain_only	guided_low_weight	True	skeletal_muscle_group	0.1167986498276841	-0.0475379182341492	0.0952027158453681	0.0789204509656711	220.0	231.0	NA	NA	NA	False	NA	NA	NA	False	NA	NA	NA	NA
conditional_DDIM_classifier	selected_gene_feature	muscle_group	gastrocnemius	guided_low_weight	ENSMUSG00000025889	Snca	0.5	0.75	0.5	0.125	1.0	1.0	True	False	0.2382849156856537	0.1682929098606109	True	0.0166666666666666	-0.0291666666666667	0.0	0.0865740740740741	1.0	-0.0458333333333333	real_only	guided_low_weight	True	skeletal_muscle_group	0.1567835071281222	0.1491306928499823	0.1100735586091664	0.1417069223725669	239.0	14.0	NA	NA	NA	False	NA	NA	NA	False	NA	NA	NA	NA
conditional_DDIM_classifier	selected_gene_feature	muscle_group	gastrocnemius	guided_low_weight	ENSMUSG00000036067	Slc2a6	0.5	0.75	0.5	0.125	1.0	1.0	True	False	0.0345752649009227	0.160698264837265	True	0.0187499999999999	-0.0875	0.0	0.1143518518518519	1.0	-0.10625	real_only	guided_low_weight	True	skeletal_muscle_group	0.0817423008152929	-0.0076883141623987	0.1640900378827525	0.0208971057587098	257.0	13.0	NA	NA	NA	False	NA	NA	NA	False	NA	NA	NA	NA
conditional_DDIM_classifier	selected_gene_feature	muscle_group	soleus	real_plus_generated	ENSMUSG00000032366	Tpm1	0.5	0.75	1.0	1.0	1.0	1.0	True	True	0.3607228398323059	0.5533312559127808	True	0.02825	0.05325	0.75	0.0409722222222222	1.0	0.0249999999999999	shared_reinforced	real_plus_generated	True	skeletal_muscle_group	0.2699323646358922	0.4626569774063129	0.4533838099899251	0.8649649807404058	1.0	2.0	NA	NA	NA	False	reinforced	ambiguous	Process-level agreement and exact-gene directional disagreement make the precedent ambiguous.	True	FLT_higher	0.0259588786959929	0.0014467371758864	3.0
conditional_DDIM_classifier	selected_gene_feature	muscle_group	soleus	real_plus_generated	ENSMUSG00000046598	Bdh1	0.5	0.75	1.0	1.0	1.0	1.0	True	True	-0.2831417918205261	-0.5192880630493164	True	0.02675	0.04075	1.0	0.0804166666666666	1.0	0.0139999999999999	shared_reinforced	real_plus_generated	True	skeletal_muscle_group	0.2680947254721648	0.3998149524891472	0.5510683968218179	0.8065918916426836	2.0	3.0	NA	NA	NA	False	reinforced	aligning	Aligns with the established flight-lower oxidative-metabolism program in soleus.	True	FLT_lower	-0.0644880662748361	1.1073485447020053e-33	3.0
conditional_DDIM_classifier	selected_gene_feature	muscle_group	soleus	real_plus_generated	ENSMUSG00000061048	Cdh3	0.5	0.75	0.625	0.125	1.0	1.0	True	False	0.1517865508794784	0.0151911173015832	True	0.0012	0.032	1.0	-0.0324444444444444	0.0	0.0308	real_only	real_plus_generated	True	skeletal_muscle_group	0.1295971226104318	0.1629005557773154	0.1254440455135302	0.0279240306317235	3.0	17.0	NA	NA	NA	False	NA	NA	NA	False	NA	NA	NA	NA
conditional_DDIM_classifier	selected_gene_feature	muscle_group	soleus	real_plus_generated	ENSMUSG00000036707	Cab39	0.5	0.75	0.25	0.625	1.0	1.0	False	True	0.0119399121031165	0.3387281894683838	True	0.0	0.0075999999999999	0.4	0.0265333333333333	0.8	0.0075999999999999	synthetic_domain_only	real_plus_generated	True	skeletal_muscle_group	0.0086693690684553	0.0095503646648392	0.3521241781622489	0.3396674180041518	5.0	27.0	NA	NA	NA	False	NA	NA	NA	False	NA	NA	NA	NA
conditional_DDIM_classifier	selected_gene_feature	muscle_group	soleus	real_plus_generated	ENSMUSG00000028771	Ptpn12	0.5	0.75	0.375	1.0	1.0	1.0	False	True	0.0265505295246839	0.1900571882724762	True	0.0	0.00375	0.25	0.0173055555555555	0.75	0.00375	synthetic_domain_only	real_plus_generated	True	skeletal_muscle_group	0.0298736861553542	0.0200400927550965	0.2167486535215386	0.1789042602068222	6.0	27.0	NA	NA	NA	False	NA	NA	NA	False	NA	NA	NA	NA
conditional_DDIM_classifier	selected_gene_feature	muscle_group	soleus	real_plus_generated	ENSMUSG00000022186	Oxct1	0.5	0.75	1.0	1.0	1.0	1.0	True	True	-0.2125261425971985	-0.2816856205463409	True	0.0085	0.00325	0.25	0.013	0.875	-0.00525	shared_synthetic_domain_only	real_plus_generated	True	skeletal_muscle_group	0.2070373921218133	0.3072801341505193	0.3054498731619316	0.4467651355797935	7.0	5.0	NA	NA	NA	False	NA	NA	NA	False	NA	NA	NA	NA
conditional_DDIM_classifier	selected_gene_feature	muscle_group	soleus	real_plus_generated	ENSMUSG00000021282	Eif5	0.5	0.75	0.5	0.5	1.0	1.0	True	True	0.0733368769288063	0.1532572507858276	True	0.0015	0.002	0.25	0.0072222222222222	0.5	0.0004999999999999	shared_synthetic_domain_only	real_plus_generated	True	skeletal_muscle_group	0.0852032820460971	0.0757590255839819	0.1374492266238837	0.134462288937873	8.0	16.0	NA	NA	NA	False	NA	NA	NA	False	NA	NA	NA	NA
conditional_DDIM_classifier	selected_gene_feature	muscle_group	soleus	real_plus_generated	ENSMUSG00000027984	Hadh	0.5	0.75	0.5	0.5	1.0	1.0	True	True	-0.1288704872131347	-0.2741210162639618	True	0.0025	0.0015	0.25	-0.0007777777777777	0.5	-0.001	shared_no_positive_importance	real_plus_generated	True	skeletal_muscle_group	0.1327637121523133	0.1251693173677798	0.2724748405156763	0.2512623315851129	9.0	12.0	NA	NA	NA	False	NA	NA	NA	False	NA	NA	NA	NA
conditional_DDIM_classifier	selected_gene_feature	muscle_group	soleus	real_plus_generated	ENSMUSG00000007656	Arpp19	0.5	0.75	1.0	1.0	1.0	1.0	True	True	0.1177401691675186	0.3464931845664978	True	0.0005	0.0005	0.25	0.0176111111111111	0.75	-1.8648277366750682e-17	shared_synthetic_domain_only	real_plus_generated	True	skeletal_muscle_group	0.0971009823849386	0.1428335888886523	0.2962700934585543	0.436830357208261	10.0	20.0	NA	NA	NA	False	NA	NA	NA	False	NA	NA	NA	NA
conditional_DDIM_classifier	selected_gene_feature	muscle_group	soleus	real_plus_generated	ENSMUSG00000038332	Sesn1	0.5	0.75	0.75	0.5	1.0	1.0	True	True	0.1623113751411438	0.3231220245361328	True	-0.0109999999999999	0.0005	0.25	0.0138888888888889	0.75	0.0114999999999999	shared_synthetic_domain_only	real_plus_generated	True	skeletal_muscle_group	0.1580151524461062	0.1668679780774197	0.3613133786616321	0.3776259055055138	10.0	149.0	NA	NA	NA	False	NA	NA	NA	False	NA	NA	NA	NA
conditional_DDIM_classifier	selected_gene_feature	muscle_group	soleus	real_plus_generated	ENSMUSG00000028223	Decr1	0.5	0.75	0.875	1.0	1.0	1.0	True	True	-0.1173407882452011	-0.1608319580554962	True	0.0005714285714286	1.0408340855860844e-17	0.125	-0.0017499999999999	0.625	-0.0005714285714285	shared_no_positive_importance	real_plus_generated	True	skeletal_muscle_group	0.1326548023485263	0.1556914219209444	0.1428269474169048	0.1816075776066709	13.0	19.0	NA	NA	NA	False	reinforced	aligning	Exact gene/protein, same-tissue, same-direction cross-assay alignment.	True	FLT_lower	-0.027688112105157	0.0002427344461937	3.0
conditional_DDIM_classifier	selected_gene_feature	muscle_group	soleus	real_plus_generated	ENSMUSG00000019947	Arid5b	0.5	0.75	0.625	0.125	1.0	1.0	True	False	0.1381769329309463	0.1005744114518165	True	0.0	0.0	0.0	-0.0017777777777777	0.0	0.0	real_only	real_plus_generated	True	skeletal_muscle_group	0.1814491284711559	0.0619253636213634	0.0743677875539116	0.0701286127052768	14.0	27.0	NA	NA	NA	False	NA	NA	NA	False	FLT_higher	0.003181993204189	0.0004269112491083	3.0
conditional_DDIM_classifier	selected_gene_feature	muscle_group	soleus	real_plus_generated	ENSMUSG00000015709	Arnt2	0.5	0.75	0.5	0.0	1.0	0.0	True	False	-0.3659646511077881	NA	False	0.002	0.0	0.0	0.0	0.0	-0.002	real_only	real_plus_generated	True	skeletal_muscle_group	0.2825502889350227	0.2774795595319628	NA	NA	14.0	13.0	NA	NA	NA	False	NA	NA	NA	False	NA	NA	NA	NA
conditional_DDIM_classifier	selected_gene_feature	muscle_group	soleus	real_plus_generated	ENSMUSG00000027793	Ccna1	0.5	0.75	0.625	0.0	1.0	0.0	True	False	-0.169867917895317	NA	False	0.0004	0.0	0.0	0.0	0.0	-0.0004	real_only	real_plus_generated	True	skeletal_muscle_group	0.093943159185696	0.0777962647256994	NA	NA	14.0	21.0	NA	NA	NA	False	NA	NA	NA	False	NA	NA	NA	NA
conditional_DDIM_classifier	selected_gene_feature	muscle_group	soleus	real_plus_generated	ENSMUSG00000070000	Fcho1	0.5	0.75	0.5	0.0	1.0	0.0	True	False	0.1098087728023529	NA	False	2.775557561562892e-17	0.0	0.0	0.0	0.0	-2.775557561562892e-17	real_only	real_plus_generated	True	skeletal_muscle_group	0.0757415964352345	0.0399462774509501	NA	NA	14.0	24.0	NA	NA	NA	False	NA	NA	NA	False	NA	NA	NA	NA
conditional_DDIM_classifier	selected_gene_feature	muscle_group	soleus	real_plus_generated	ENSMUSG00000006715	Gmnn	0.5	0.75	1.0	0.0	1.0	0.0	True	False	-0.2197905480861663	NA	False	0.0065	0.0	0.0	0.0	0.0	-0.0065	real_only	real_plus_generated	True	skeletal_muscle_group	0.1912002526499286	0.2928458073938902	NA	NA	14.0	7.0	NA	NA	NA	False	NA	NA	NA	False	FLT_lower	-0.0011086939318677	2.1414409289369825e-07	3.0
conditional_DDIM_classifier	selected_gene_feature	muscle_group	soleus	real_plus_generated	ENSMUSG00000028587	Orc1	0.5	0.75	0.5	0.0	1.0	0.0	True	False	0.1350574195384979	NA	False	2.775557561562892e-17	0.0	0.0	0.0	0.0	-2.775557561562892e-17	real_only	real_plus_generated	True	skeletal_muscle_group	0.0767024857138795	0.0278062638766408	NA	NA	14.0	24.0	NA	NA	NA	False	NA	NA	NA	False	NA	NA	NA	NA
conditional_DDIM_classifier	selected_gene_feature	muscle_group	soleus	real_plus_generated	ENSMUSG00000030774	Pak1	0.5	0.75	0.75	0.0	1.0	0.0	True	False	0.1951721012592315	NA	False	0.0066666666666666	0.0	0.0	0.0	0.0	-0.0066666666666666	real_only	real_plus_generated	True	skeletal_muscle_group	0.1771432931828331	0.1718486290544408	NA	NA	14.0	6.0	NA	NA	NA	False	NA	NA	NA	False	NA	NA	NA	NA
conditional_DDIM_classifier	selected_gene_feature	muscle_group	soleus	real_plus_generated	ENSMUSG00000028603	Scp2	0.5	0.75	0.625	0.25	1.0	1.0	True	False	-0.1245332211256027	-0.0517150647938251	True	2.220446049250313e-17	0.0	0.0	-0.0037777777777777	0.0	-2.220446049250313e-17	real_only	real_plus_generated	True	skeletal_muscle_group	0.1822792328963953	0.140961319299593	0.0489554438882423	0.0397096073181823	14.0	26.0	NA	NA	NA	False	NA	NA	NA	False	FLT_lower	-0.00199466487617	0.0060762618662047	3.0
conditional_DDIM_classifier	selected_gene_feature	muscle_group	soleus	real_plus_generated	ENSMUSG00000021359	Tfap2a	0.5	0.75	0.625	0.0	1.0	0.0	True	False	0.1539774388074875	NA	False	0.004	0.0	0.0	0.0	0.0	-0.004	real_only	real_plus_generated	True	skeletal_muscle_group	0.2127504772098535	0.2589481684153873	NA	NA	14.0	9.0	NA	NA	NA	False	NA	NA	NA	False	NA	NA	NA	NA
conditional_DDIM_classifier	selected_gene_feature	muscle_group	soleus	real_plus_generated	ENSMUSG00000078566	Bnip3	0.5	0.75	1.0	1.0	1.0	0.75	True	True	-0.1592509746551513	-0.1250645518302917	True	0.00575	-0.0017499999999999	0.125	0.0061388888888889	0.625	-0.0075	shared_synthetic_domain_only	real_plus_generated	True	skeletal_muscle_group	0.1052964309211687	0.1622413948027	0.1454747714863233	0.1773143326004894	148.0	8.0	NA	NA	NA	False	reinforced	ambiguous	Prior direction depends on sex and unloading context, so the literature relationship is ambiguous.	True	FLT_lower	-0.0358175224677628	1.1408278005097296e-10	3.0
conditional_DDIM_classifier	selected_gene_feature	muscle_group	soleus	real_plus_generated	ENSMUSG00000053898	Ech1	0.5	0.75	1.0	1.0	1.0	1.0	True	True	-0.1792336404323578	-0.2257454991340637	True	0.0035	-0.0027499999999999	0.25	0.0038055555555555	0.625	-0.00625	shared_synthetic_domain_only	real_plus_generated	True	skeletal_muscle_group	0.1636862007620005	0.1961359218965103	0.2232924361447643	0.2705297255982323	149.0	10.0	NA	NA	NA	False	reinforced	aligning	Exact gene/protein, same-tissue, same-direction cross-assay alignment.	True	FLT_lower	-0.0298289989761815	2.596565237267681e-23	3.0
conditional_DDIM_classifier	selected_gene_feature	muscle_group	tibialis_anterior	real_plus_generated	ENSMUSG00000038332	Sesn1	0.5	0.75	0.5	0.875	1.0	1.0	True	True	0.0471179112792015	0.052464623004198	True	0.0	0.0103174603174603	0.2857142857142857	0.0037918871252204	0.4285714285714285	0.0103174603174603	shared_no_positive_importance	real_plus_generated	True	skeletal_muscle_group	0.0486536217953439	0.0903806022077413	0.0716390608530139	0.1374193693320667	1.0	3.0	NA	NA	NA	False	NA	NA	NA	False	NA	NA	NA	NA
conditional_DDIM_classifier	selected_gene_feature	muscle_group	tibialis_anterior	real_plus_generated	ENSMUSG00000078566	Bnip3	0.5	0.75	1.0	0.875	1.0	1.0	True	True	0.0518327876925468	0.0846292600035667	True	0.0	0.0055555555555555	0.2857142857142857	0.0128747795414462	1.0	0.0055555555555555	shared_synthetic_domain_only	real_plus_generated	True	skeletal_muscle_group	0.0563729140712983	0.1048429962091801	0.0874204627879502	0.1618819273154517	2.0	3.0	NA	NA	NA	False	reinforced	complementary	Adds a mitophagy candidate to tibialis-anterior adaptation without claiming directional replication.	True	FLT_higher	0.0103726054866186	0.0284602561592093	2.0
conditional_DDIM_classifier	selected_gene_feature	muscle_group	tibialis_anterior	real_plus_generated	ENSMUSG00000071637	Cebpd	0.5	0.75	0.375	1.0	1.0	1.0	False	True	0.0486705563962459	0.0710078999400138	True	0.0037037037037037	0.0013888888888888	0.25	0.016820987654321	0.625	-0.0023148148148148	synthetic_domain_only	real_plus_generated	True	skeletal_muscle_group	0.0952330409796666	0.183871178989348	0.0900399844026083	0.1724167047197069	3.0	2.0	NA	NA	NA	False	promoted	complementary	Extends an independent same-direction muscle result to a different anatomical muscle group.	True	FLT_higher	0.0034325240032827	0.0023202928979193	2.0
conditional_DDIM_classifier	selected_gene_feature	muscle_group	tibialis_anterior	real_plus_generated	ENSMUSG00000046598	Bdh1	0.5	0.75	1.0	1.0	1.0	1.0	True	True	0.055335983633995	0.0975194498896598	True	0.0	0.0	0.0	0.0236111111111111	0.75	0.0	shared_synthetic_domain_only	real_plus_generated	True	skeletal_muscle_group	0.0470034632567113	0.0631754403822225	0.0800229419305666	0.1050876074167661	4.0	3.0	NA	NA	NA	False	NA	NA	NA	False	NA	NA	NA	NA
conditional_DDIM_classifier	selected_gene_feature	muscle_group	tibialis_anterior	real_plus_generated	ENSMUSG00000023067	Cdkn1a	0.5	0.75	1.0	1.0	1.0	1.0	True	True	0.0604428611695766	0.1031597256660461	True	0.0	0.0	0.0	0.0280864197530864	1.0	0.0	shared_synthetic_domain_only	real_plus_generated	True	skeletal_muscle_group	0.0523760657246098	0.1025483443187636	0.0845865905097856	0.1666661548550727	4.0	3.0	NA	NA	NA	False	reinforced	ambiguous	Direction varies across species, studies, and muscle contexts, so the literature relationship is ambiguous.	True	FLT_higher	0.0073705059023382	3.3987035424299236e-26	2.0
conditional_DDIM_classifier	selected_gene_feature	muscle_group	tibialis_anterior	real_plus_generated	ENSMUSG00000045193	Cirbp	0.5	0.75	0.875	0.75	1.0	1.0	True	True	0.0465548150241375	0.0737751051783561	True	0.0	0.0	0.0	0.0254115226337448	0.8333333333333334	0.0	shared_synthetic_domain_only	real_plus_generated	True	skeletal_muscle_group	0.0494943155367929	0.0868318142723178	0.0782556986486915	0.1411148329419164	4.0	3.0	NA	NA	NA	False	NA	NA	NA	False	NA	NA	NA	NA
conditional_DDIM_classifier	selected_gene_feature	muscle_group	tibialis_anterior	real_plus_generated	ENSMUSG00000021477	Ctsl	0.5	0.75	0.5	0.0	1.0	0.0	True	False	0.046474203467369	NA	False	0.0	0.0	0.0	0.0	0.0	0.0	real_only	real_plus_generated	True	skeletal_muscle_group	0.0462378215427005	0.059874304497515	NA	NA	4.0	3.0	NA	NA	NA	False	NA	NA	NA	False	NA	NA	NA	NA
conditional_DDIM_classifier	selected_gene_feature	muscle_group	tibialis_anterior	real_plus_generated	ENSMUSG00000030630	Fah	0.5	0.75	0.5	0.0	1.0	0.0	True	False	0.0478183627128601	NA	False	0.0	0.0	0.0	0.0	0.0	0.0	real_only	real_plus_generated	True	skeletal_muscle_group	0.0379434341294689	0.024319176387898	NA	NA	4.0	3.0	NA	NA	NA	False	NA	NA	NA	False	NA	NA	NA	NA
conditional_DDIM_classifier	selected_gene_feature	muscle_group	tibialis_anterior	real_plus_generated	ENSMUSG00000006205	Htra1	0.5	0.75	0.5	0.125	1.0	1.0	True	False	0.0549134835600853	0.0684361606836319	True	0.0125	0.0	0.0	-0.004320987654321	0.0	-0.0125	real_only	real_plus_generated	True	skeletal_muscle_group	0.0918330362934944	0.1757247485824548	0.0338958028719484	0.0631509065117562	4.0	1.0	NA	NA	NA	False	NA	NA	NA	False	NA	NA	NA	NA
conditional_DDIM_classifier	selected_gene_feature	muscle_group	tibialis_anterior	real_plus_generated	ENSMUSG00000010057	Nprl2	0.5	0.75	0.375	0.5	1.0	1.0	False	True	-0.049555730074644	-0.0784494876861572	True	0.0	0.0	0.0	-0.0035493827160493	0.5	0.0	synthetic_emergent_no_positive_importance	real_plus_generated	True	skeletal_muscle_group	0.0375699954030816	0.0568808540718716	0.0548246720582244	0.0830129137688105	4.0	3.0	NA	NA	NA	False	NA	NA	NA	False	NA	NA	NA	NA
conditional_DDIM_classifier	selected_gene_feature	muscle_group	tibialis_anterior	real_plus_generated	ENSMUSG00000056091	St3gal5	0.5	0.75	1.0	1.0	1.0	1.0	True	True	0.0548067316412925	0.0910445302724838	True	0.0	0.0	0.0	0.0165895061728395	0.875	0.0	shared_synthetic_domain_only	real_plus_generated	True	skeletal_muscle_group	0.0481849350866176	0.0814502228447932	0.0792025756268178	0.132791501476655	4.0	3.0	NA	NA	NA	False	reinforced	complementary	Adds a ganglioside and insulin-signaling candidate to tibialis-anterior remodeling.	True	FLT_higher	0.0095014379538271	1.7623363996345484e-06	2.0
conditional_DDIM_classifier	selected_gene_feature	muscle_group	tibialis_anterior	real_plus_generated	ENSMUSG00000039461	Tcta	0.5	0.75	0.625	0.625	1.0	1.0	True	True	0.0466224960982799	0.0711930096149444	True	0.0	0.0	0.0	0.0146913580246913	0.8	0.0	shared_synthetic_domain_only	real_plus_generated	True	skeletal_muscle_group	0.0436686409732915	0.0754346586547166	0.0674307445094496	0.1150197591278618	4.0	3.0	NA	NA	NA	False	NA	NA	NA	False	NA	NA	NA	NA
conditional_DDIM_classifier	selected_gene_feature	muscle_group	tibialis_anterior	real_plus_generated	ENSMUSG00000025511	Tspan4	0.5	0.75	0.875	0.0	1.0	0.0	True	False	-0.0489222593605518	NA	False	0.0	0.0	0.0	0.0	0.0	0.0	real_only	real_plus_generated	True	skeletal_muscle_group	0.0367004493330632	0.0688613774664599	NA	NA	4.0	3.0	NA	NA	NA	False	NA	NA	NA	False	FLT_lower	-0.0004509752772095	0.0161174737481958	2.0
conditional_DDIM_classifier	selected_gene_feature	muscle_group	tibialis_anterior	real_plus_generated	ENSMUSG00000023277	Twf2	0.5	0.75	1.0	1.0	1.0	1.0	True	True	0.0493142455816268	0.0849560499191284	True	0.0	0.0	0.0	0.0137345679012345	0.625	0.0	shared_synthetic_domain_only	real_plus_generated	True	skeletal_muscle_group	0.0480783711319357	0.0856124187874669	0.0832038393898412	0.1503733545472983	4.0	3.0	NA	NA	NA	False	NA	NA	NA	False	NA	NA	NA	NA
