gene_cluster	n_genes	flight_mean	ground_or_control_mean	flight_minus_ground_or_control
13	122	58521.75390625	54425.1171875	4096.63671875
10	807	1883.9659423828125	1229.13623046875	654.8297119140625
8	789	3299.84375	2863.3720703125	436.4716796875
0	263	7665.90087890625	9646.4931640625	-1980.59228515625
6	417	3548.384033203125	4348.75146484375	-800.367431640625
