tissue	term	expimap_accession_balanced_effect	expimap_n_accessions	expimap_accessions_positive	expimap_accessions_negative	expimap_project_balanced_effect	expimap_n_projects	expimap_projects_positive	expimap_projects_negative	ssgsea_accession_balanced_effect	ssgsea_n_accessions	ssgsea_accessions_positive	ssgsea_accessions_negative	ssgsea_project_balanced_effect	ssgsea_n_projects	ssgsea_projects_positive	ssgsea_projects_negative	gsea_nes	gsea_nominal_p	gsea_fdr	gsea_leading_edge_genes	expimap_ssgsea_direction_match	expimap_gsea_direction_match
kidney	R-MMU-109581_APOPTOSIS	0.035508804200292364	6	4	2	0.035508804200292364	6	4	2	-0.001767427136905726	6.0	1.0	5.0	-0.001767427136905726	6.0	1.0	5.0	0.6715784423923652	0.898840885142255	1.0	ENSMUSG00000039005;ENSMUSG00000020486;ENSMUSG00000026413;ENSMUSG00000026728;ENSMUSG00000051627;ENSMUSG00000047281;ENSMUSG00000028063;ENSMUSG00000026879;ENSMUSG00000022565;ENSMUSG00000051439;ENSMUSG00000052565	False	True
kidney	R-MMU-109582_HEMOSTASIS	0.017399937149122913	6	4	2	0.017399937149122913	6	4	2	0.003114956645174076	6.0	6.0	0.0	0.003114956645174076	6.0	6.0	0.0	1.2430295682361159	0.023	0.7351273072719591	ENSMUSG00000033860;ENSMUSG00000028001;ENSMUSG00000022868;ENSMUSG00000032083;ENSMUSG00000031538;ENSMUSG00000033831;ENSMUSG00000048376;ENSMUSG00000021922;ENSMUSG00000020788;ENSMUSG00000021091;ENSMUSG00000061780;ENSMUSG00000024065;ENSMUSG00000028108;ENSMUSG00000005611;ENSMUSG00000074364;ENSMUSG00000058571;ENSMUSG00000041329;ENSMUSG00000031328;ENSMUSG00000026193;ENSMUSG00000029661;ENSMUSG00000033174;ENSMUSG00000000049;ENSMUSG00000074743;ENSMUSG00000023224;ENSMUSG00000021253;ENSMUSG00000032198;ENSMUSG00000026249;ENSMUSG00000020689;ENSMUSG00000039239;ENSMUSG00000001507;ENSMUSG00000042622;ENSMUSG00000002603;ENSMUSG00000032946;ENSMUSG00000041959;ENSMUSG00000110195;ENSMUSG00000014602;ENSMUSG00000033880;ENSMUSG00000025784;ENSMUSG00000025743;ENSMUSG00000042644;ENSMUSG00000054364;ENSMUSG00000079015;ENSMUSG00000058672;ENSMUSG00000038224;ENSMUSG00000032231;ENSMUSG00000018593;ENSMUSG00000053062;ENSMUSG00000039196;ENSMUSG00000020592;ENSMUSG00000037419;ENSMUSG00000032849;ENSMUSG00000020717;ENSMUSG00000000555;ENSMUSG00000046223;ENSMUSG00000018909;ENSMUSG00000045136;ENSMUSG00000021294;ENSMUSG00000034220;ENSMUSG00000026547;ENSMUSG00000031380;ENSMUSG00000001473;ENSMUSG00000002997;ENSMUSG00000072235;ENSMUSG00000022180;ENSMUSG00000027611;ENSMUSG00000059481;ENSMUSG00000032902;ENSMUSG00000038608;ENSMUSG00000048583;ENSMUSG00000015143;ENSMUSG00000037206;ENSMUSG00000029368;ENSMUSG00000029372;ENSMUSG00000009281;ENSMUSG00000023004;ENSMUSG00000027111;ENSMUSG00000021457;ENSMUSG00000101355;ENSMUSG00000039109;ENSMUSG00000041417;ENSMUSG00000024697;ENSMUSG00000026288;ENSMUSG00000037411;ENSMUSG00000056220;ENSMUSG00000028583;ENSMUSG00000001946;ENSMUSG00000021822;ENSMUSG00000020120;ENSMUSG00000069267;ENSMUSG00000027249	True	True
kidney	R-MMU-110330_RECOGNITION_AND_ASSOCIATION_OF_DNA_GLYCOSYLASE_WITH_SITE_CONTAINING_AN_AFFECTED_PURINE	-6.667256479093535e-05	6	4	2	-6.667256479093535e-05	6	4	2	-0.001330514666500753	6.0	4.0	2.0	-0.001330514666500753	6.0	4.0	2.0	0.6335587742901089	0.9272918861959958	1.0	ENSMUSG00000062727;ENSMUSG00000061991;ENSMUSG00000071516;ENSMUSG00000069302;ENSMUSG00000060981;ENSMUSG00000094338;ENSMUSG00000061615;ENSMUSG00000069301;ENSMUSG00000094777;ENSMUSG00000069300	True	False
kidney	R-MMU-110331_CLEAVAGE_OF_THE_DAMAGED_PURINE	-0.00022775488251023374	6	2	4	-0.00022775488251023374	6	2	4	-0.001330514666500753	6.0	4.0	2.0	-0.001330514666500753	6.0	4.0	2.0	0.6335587742901089	0.9272918861959958	1.0	ENSMUSG00000062727;ENSMUSG00000061991;ENSMUSG00000071516;ENSMUSG00000069302;ENSMUSG00000060981;ENSMUSG00000094338;ENSMUSG00000061615;ENSMUSG00000069301;ENSMUSG00000094777;ENSMUSG00000069300	True	False
kidney	R-MMU-111465_APOPTOTIC_CLEAVAGE_OF_CELLULAR_PROTEINS	-0.02874633557324562	6	2	4	-0.02874633557324562	6	2	4	-0.001830290693705448	6.0	2.0	4.0	-0.001830290693705448	6.0	2.0	4.0	-0.7922872415202175	0.7545454545454545	0.8937434957395444	ENSMUSG00000030498;ENSMUSG00000021638;ENSMUSG00000023927;ENSMUSG00000024590;ENSMUSG00000044393;ENSMUSG00000054889;ENSMUSG00000018411;ENSMUSG00000030516;ENSMUSG00000022565;ENSMUSG00000026879;ENSMUSG00000028063;ENSMUSG00000026728;ENSMUSG00000026413	True	True
kidney	R-MMU-111885_OPIOID_SIGNALLING	0.0014190849393742686	6	5	1	0.0014190849393742686	6	5	1	-0.008447829084045826	6.0	1.0	5.0	-0.008447829084045826	6.0	1.0	5.0	-0.816978824927876	0.6741573033707865	0.8671828018600327	ENSMUSG00000057614;ENSMUSG00000059173;ENSMUSG00000051177;ENSMUSG00000020431;ENSMUSG00000028525;ENSMUSG00000043004;ENSMUSG00000061718;ENSMUSG00000032766;ENSMUSG00000031842;ENSMUSG00000031659;ENSMUSG00000056220;ENSMUSG00000024697;ENSMUSG00000002997	False	False
kidney	R-MMU-112314_NEUROTRANSMITTER_RECEPTORS_AND_POSTSYNAPTIC_SIGNAL_TRANSMISSION	-0.004508774229532164	6	4	2	-0.004508774229532164	6	4	2	-0.007987109526296037	6.0	0.0	6.0	-0.007987109526296037	6.0	0.0	6.0	-0.7290205748097167	0.8913043478260869	0.905693726151045	ENSMUSG00000033676;ENSMUSG00000052572	True	True
kidney	R-MMU-112315_TRANSMISSION_ACROSS_CHEMICAL_SYNAPSES	-0.06963075783625743	6	1	5	-0.06963075783625743	6	1	5	-0.005489359876838848	6.0	1.0	5.0	-0.005489359876838848	6.0	1.0	5.0	0.5052017630158517	0.9918200408997955	1.0	ENSMUSG00000030109;ENSMUSG00000024897;ENSMUSG00000030098;ENSMUSG00000031343;ENSMUSG00000002997;ENSMUSG00000030108;ENSMUSG00000026473;ENSMUSG00000025892;ENSMUSG00000023809;ENSMUSG00000028456;ENSMUSG00000024462;ENSMUSG00000031659;ENSMUSG00000058254;ENSMUSG00000051359;ENSMUSG00000040966	True	False
kidney	R-MMU-112316_NEURONAL_SYSTEM	-0.0270541414912282	6	3	3	-0.0270541414912282	6	3	3	-0.004320865805350939	6.0	0.0	6.0	-0.004320865805350939	6.0	0.0	6.0	0.6003875371918371	0.9788519637462235	1.0	ENSMUSG00000030109;ENSMUSG00000040896;ENSMUSG00000024897;ENSMUSG00000049265;ENSMUSG00000030098;ENSMUSG00000059146;ENSMUSG00000022623;ENSMUSG00000051790;ENSMUSG00000019978;ENSMUSG00000031343;ENSMUSG00000002997;ENSMUSG00000030108;ENSMUSG00000026473;ENSMUSG00000025892;ENSMUSG00000023809;ENSMUSG00000062785;ENSMUSG00000013236;ENSMUSG00000033998;ENSMUSG00000028456;ENSMUSG00000024462;ENSMUSG00000031659;ENSMUSG00000058254;ENSMUSG00000030249;ENSMUSG00000051359;ENSMUSG00000038738;ENSMUSG00000040966;ENSMUSG00000058248	True	False
kidney	R-MMU-114608_PLATELET_DEGRANULATION	0.1431583571038012	6	5	1	0.1431583571038012	6	5	1	0.006017511434906858	6.0	5.0	1.0	0.006017511434906858	6.0	5.0	1.0	1.5692434191437892	0.0	0.18035249582272625	ENSMUSG00000033860;ENSMUSG00000028001;ENSMUSG00000022868;ENSMUSG00000032083;ENSMUSG00000033831;ENSMUSG00000021922;ENSMUSG00000021091;ENSMUSG00000061780;ENSMUSG00000028108;ENSMUSG00000031328;ENSMUSG00000026193;ENSMUSG00000000049;ENSMUSG00000023224;ENSMUSG00000021253;ENSMUSG00000020689;ENSMUSG00000039239;ENSMUSG00000002603;ENSMUSG00000033880;ENSMUSG00000025784;ENSMUSG00000079015;ENSMUSG00000038224;ENSMUSG00000018593;ENSMUSG00000039196;ENSMUSG00000037419;ENSMUSG00000032849;ENSMUSG00000020717;ENSMUSG00000026547;ENSMUSG00000031380;ENSMUSG00000059481;ENSMUSG00000048583;ENSMUSG00000015143;ENSMUSG00000037206;ENSMUSG00000029368;ENSMUSG00000029372;ENSMUSG00000009281;ENSMUSG00000039109;ENSMUSG00000037411	True	True
kidney	R-MMU-1169410_ANTIMICROBIAL_MECHANISM_OF_IFN_STIMULATED_GENES	-0.0006952022515619889	6	3	3	-0.0006952022515619889	6	3	3	0.0023099702962257073	6.0	5.0	1.0	0.002309970296225708	6.0	5.0	1.0	1.232127965427806	0.19398340248962656	0.7511087475730904	ENSMUSG00000030107;ENSMUSG00000027078;ENSMUSG00000058672;ENSMUSG00000040296;ENSMUSG00000032596;ENSMUSG00000045136;ENSMUSG00000001473;ENSMUSG00000041827;ENSMUSG00000072235;ENSMUSG00000023004;ENSMUSG00000023341;ENSMUSG00000062380;ENSMUSG00000035692;ENSMUSG00000025889;ENSMUSG00000061878;ENSMUSG00000004040	False	False
kidney	R-MMU-1222556_ROS_AND_RNS_PRODUCTION_IN_PHAGOCYTES	-0.009746506456725151	6	3	3	-0.009746506456725151	6	3	3	-0.002970140778399038	6.0	2.0	4.0	-0.002970140778399038	6.0	2.0	4.0	0.7582266752745694	0.8133918770581778	1.0	ENSMUSG00000064267	True	False
kidney	R-MMU-1236975_ANTIGEN_PROCESSING_CROSS_PRESENTATION	-0.00010791322627485402	6	3	3	-0.00010791322627485405	6	3	3	-0.00221755889104402	6.0	3.0	3.0	-0.00221755889104402	6.0	3.0	3.0	0.8696829193236179	0.6812705366922235	1.0	ENSMUSG00000020695	True	False
kidney	R-MMU-1257604_PIP3_ACTIVATES_AKT_SIGNALING	-0.00257914540350875	6	4	2	-0.00257914540350875	6	4	2	4.7074706407167675e-05	6.0	3.0	3.0	4.7074706407167675e-05	6.0	3.0	3.0	1.2071800991268307	0.18375634517766498	0.7668072248194842	ENSMUSG00000023034;ENSMUSG00000023067;ENSMUSG00000024620;ENSMUSG00000055254;ENSMUSG00000029231	False	False
kidney	R-MMU-1266738_DEVELOPMENTAL_BIOLOGY	0.09671900577485415	6	6	0	0.09671900577485415	6	6	0	0.00014203081546258347	6.0	3.0	3.0	0.00014203081546258347	6.0	3.0	3.0	1.2221748094702272	0.064	0.7284515084861853	ENSMUSG00000023067;ENSMUSG00000004098;ENSMUSG00000018604;ENSMUSG00000031503;ENSMUSG00000031502;ENSMUSG00000026837;ENSMUSG00000039115;ENSMUSG00000006445;ENSMUSG00000001119;ENSMUSG00000020241;ENSMUSG00000030110;ENSMUSG00000031217;ENSMUSG00000020689;ENSMUSG00000021493;ENSMUSG00000020911;ENSMUSG00000031740;ENSMUSG00000022048;ENSMUSG00000054364;ENSMUSG00000058672;ENSMUSG00000038264;ENSMUSG00000006777;ENSMUSG00000014599;ENSMUSG00000022623;ENSMUSG00000023043;ENSMUSG00000048126;ENSMUSG00000000555;ENSMUSG00000045136;ENSMUSG00000034220;ENSMUSG00000035775;ENSMUSG00000056427;ENSMUSG00000001473;ENSMUSG00000026413;ENSMUSG00000063531;ENSMUSG00000030123;ENSMUSG00000029622;ENSMUSG00000072235;ENSMUSG00000000782;ENSMUSG00000024501;ENSMUSG00000049382;ENSMUSG00000037185;ENSMUSG00000025789;ENSMUSG00000039952;ENSMUSG00000039457;ENSMUSG00000023004;ENSMUSG00000041417;ENSMUSG00000025810;ENSMUSG00000039252;ENSMUSG00000038894;ENSMUSG00000034282;ENSMUSG00000001300;ENSMUSG00000031284;ENSMUSG00000062380;ENSMUSG00000039116;ENSMUSG00000020176;ENSMUSG00000023039;ENSMUSG00000030616;ENSMUSG00000038119;ENSMUSG00000040606;ENSMUSG00000034957	True	True
kidney	R-MMU-1280215_CYTOKINE_SIGNALING_IN_IMMUNE_SYSTEM	-0.036162344824561155	6	3	3	-0.036162344824561155	6	3	3	0.0009187537475830234	6.0	3.0	3.0	0.0009187537475830234	6.0	3.0	3.0	1.129672061475776	0.22322322322322322	0.9415056530502932	ENSMUSG00000021250;ENSMUSG00000027947;ENSMUSG00000005364;ENSMUSG00000030107;ENSMUSG00000022146;ENSMUSG00000005268;ENSMUSG00000027078;ENSMUSG00000021025;ENSMUSG00000058672;ENSMUSG00000014599;ENSMUSG00000007888;ENSMUSG00000040296;ENSMUSG00000020027;ENSMUSG00000020592;ENSMUSG00000026072;ENSMUSG00000034457;ENSMUSG00000032596;ENSMUSG00000024222;ENSMUSG00000045136;ENSMUSG00000052684;ENSMUSG00000001473;ENSMUSG00000024810;ENSMUSG00000028599;ENSMUSG00000041827;ENSMUSG00000053113;ENSMUSG00000072235;ENSMUSG00000023004;ENSMUSG00000021457;ENSMUSG00000101355;ENSMUSG00000041417;ENSMUSG00000026288;ENSMUSG00000034394;ENSMUSG00000038894;ENSMUSG00000023341;ENSMUSG00000069267;ENSMUSG00000062380;ENSMUSG00000030748;ENSMUSG00000020176;ENSMUSG00000023809;ENSMUSG00000025225;ENSMUSG00000035692;ENSMUSG00000032000;ENSMUSG00000101972;ENSMUSG00000025889;ENSMUSG00000061878;ENSMUSG00000004040	False	False
kidney	R-MMU-1280218_ADAPTIVE_IMMUNE_SYSTEM	-0.0914697839254386	6	1	5	-0.0914697839254386	6	1	5	-0.0034298171204891273	6.0	1.0	5.0	-0.0034298171204891273	6.0	1.0	5.0	0.5075090062152439	0.998998998998999	1.0	ENSMUSG00000020695;ENSMUSG00000039911;ENSMUSG00000024164;ENSMUSG00000062727;ENSMUSG00000017677;ENSMUSG00000027078;ENSMUSG00000032946;ENSMUSG00000021025;ENSMUSG00000042644;ENSMUSG00000058672;ENSMUSG00000040592;ENSMUSG00000024066;ENSMUSG00000032596;ENSMUSG00000045136;ENSMUSG00000021294;ENSMUSG00000061991;ENSMUSG00000001473;ENSMUSG00000053113;ENSMUSG00000072235;ENSMUSG00000027962;ENSMUSG00000004552;ENSMUSG00000039457;ENSMUSG00000023004;ENSMUSG00000021457;ENSMUSG00000101355;ENSMUSG00000041417;ENSMUSG00000026288;ENSMUSG00000071516;ENSMUSG00000069302;ENSMUSG00000031284;ENSMUSG00000069267;ENSMUSG00000060981;ENSMUSG00000071042;ENSMUSG00000062380;ENSMUSG00000026712;ENSMUSG00000094338;ENSMUSG00000037405;ENSMUSG00000016494;ENSMUSG00000061615;ENSMUSG00000022661;ENSMUSG00000038175;ENSMUSG00000069301;ENSMUSG00000025492;ENSMUSG00000101972;ENSMUSG00000032254;ENSMUSG00000026825;ENSMUSG00000045328;ENSMUSG00000078153;ENSMUSG00000042807;ENSMUSG00000060591;ENSMUSG00000094777;ENSMUSG00000040265;ENSMUSG00000028698;ENSMUSG00000042607;ENSMUSG00000070327;ENSMUSG00000069609;ENSMUSG00000024339;ENSMUSG00000019843;ENSMUSG00000022148;ENSMUSG00000069300;ENSMUSG00000067889	True	False
kidney	R-MMU-1296071_POTASSIUM_CHANNELS	-0.03328304684210548	6	2	4	-0.03328304684210548	6	2	4	-0.003350854587140878	6.0	1.0	5.0	-0.003350854587140878	6.0	1.0	5.0	0.7977296895385665	0.7823721436343852	1.0	ENSMUSG00000040896;ENSMUSG00000049265	True	False
kidney	R-MMU-1428517_AEROBIC_RESPIRATION_AND_RESPIRATORY_ELECTRON_TRANSPORT	-0.035143769561403415	6	4	2	-0.035143769561403415	6	4	2	-0.00184983786177866	6.0	3.0	3.0	-0.00184983786177866	6.0	3.0	3.0	-1.6954958477050268	0.0	0.06050613051310361	ENSMUSG00000064358;ENSMUSG00000064357;ENSMUSG00000025981;ENSMUSG00000064368;ENSMUSG00000064363;ENSMUSG00000064367;ENSMUSG00000064360;ENSMUSG00000064354;ENSMUSG00000064356;ENSMUSG00000064345;ENSMUSG00000030785	True	True
kidney	R-MMU-1430728_METABOLISM	0.11249697150584792	6	4	2	0.11249697150584792	6	4	2	0.0001792327077344049	6.0	2.0	4.0	0.0001792327077344049	6.0	2.0	4.0	0.965907052302074	0.668	1.0	ENSMUSG00000028715;ENSMUSG00000031710;ENSMUSG00000030483;ENSMUSG00000030109;ENSMUSG00000116207;ENSMUSG00000074768;ENSMUSG00000063415;ENSMUSG00000027875;ENSMUSG00000025270;ENSMUSG00000066072;ENSMUSG00000090171;ENSMUSG00000035686;ENSMUSG00000019326;ENSMUSG00000040249;ENSMUSG00000025153;ENSMUSG00000032083;ENSMUSG00000001642;ENSMUSG00000019232;ENSMUSG00000053279;ENSMUSG00000061740;ENSMUSG00000010051;ENSMUSG00000038754;ENSMUSG00000051331;ENSMUSG00000038567;ENSMUSG00000025991;ENSMUSG00000023019;ENSMUSG00000021614;ENSMUSG00000032080;ENSMUSG00000054422;ENSMUSG00000026866;ENSMUSG00000030930;ENSMUSG00000033849;ENSMUSG00000031375;ENSMUSG00000058571;ENSMUSG00000032487;ENSMUSG00000089960;ENSMUSG00000021884;ENSMUSG00000048120;ENSMUSG00000026621;ENSMUSG00000020182;ENSMUSG00000030737;ENSMUSG00000037686;ENSMUSG00000024087;ENSMUSG00000050860;ENSMUSG00000033174;ENSMUSG00000029762;ENSMUSG00000024640;ENSMUSG00000056091;ENSMUSG00000015090;ENSMUSG00000026827;ENSMUSG00000032942;ENSMUSG00000032648;ENSMUSG00000000628;ENSMUSG00000029811;ENSMUSG00000051483;ENSMUSG00000078650;ENSMUSG00000024990;ENSMUSG00000030278;ENSMUSG00000027580;ENSMUSG00000013846;ENSMUSG00000028517;ENSMUSG00000018924;ENSMUSG00000019577;ENSMUSG00000032114;ENSMUSG00000032281;ENSMUSG00000050737;ENSMUSG00000072949;ENSMUSG00000021456;ENSMUSG00000021125;ENSMUSG00000059743;ENSMUSG00000022215;ENSMUSG00000032911;ENSMUSG00000052131;ENSMUSG00000028307;ENSMUSG00000025743;ENSMUSG00000021759;ENSMUSG00000042644;ENSMUSG00000090175;ENSMUSG00000024998;ENSMUSG00000038776;ENSMUSG00000033685;ENSMUSG00000029752;ENSMUSG00000060807;ENSMUSG00000058135;ENSMUSG00000022947;ENSMUSG00000041577;ENSMUSG00000024066;ENSMUSG00000075296;ENSMUSG00000024526;ENSMUSG00000062515;ENSMUSG00000027313;ENSMUSG00000000253;ENSMUSG00000041559;ENSMUSG00000020592;ENSMUSG00000057933;ENSMUSG00000035273;ENSMUSG00000055301;ENSMUSG00000017969;ENSMUSG00000111709;ENSMUSG00000028712;ENSMUSG00000021226;ENSMUSG00000003849;ENSMUSG00000008540;ENSMUSG00000026489;ENSMUSG00000038007;ENSMUSG00000021196;ENSMUSG00000040562;ENSMUSG00000030711;ENSMUSG00000027360;ENSMUSG00000034220;ENSMUSG00000032786;ENSMUSG00000032788;ENSMUSG00000029162;ENSMUSG00000027333;ENSMUSG00000020256;ENSMUSG00000020277;ENSMUSG00000021263;ENSMUSG00000025509;ENSMUSG00000021228;ENSMUSG00000034456;ENSMUSG00000024827;ENSMUSG00000002997;ENSMUSG00000036446;ENSMUSG00000095143;ENSMUSG00000078597;ENSMUSG00000031700;ENSMUSG00000025792;ENSMUSG00000027513;ENSMUSG00000041220;ENSMUSG00000076435;ENSMUSG00000008035;ENSMUSG00000029368;ENSMUSG00000044986;ENSMUSG00000025403;ENSMUSG00000021214;ENSMUSG00000026688;ENSMUSG00000031844;ENSMUSG00000030091;ENSMUSG00000030787;ENSMUSG00000034853;ENSMUSG00000019278;ENSMUSG00000041417;ENSMUSG00000024697;ENSMUSG00000026288;ENSMUSG00000027463;ENSMUSG00000026170;ENSMUSG00000056220;ENSMUSG00000069662;ENSMUSG00000074179;ENSMUSG00000056035;ENSMUSG00000025176;ENSMUSG00000042118;ENSMUSG00000064254;ENSMUSG00000020865;ENSMUSG00000026473;ENSMUSG00000028497;ENSMUSG00000033022;ENSMUSG00000022579;ENSMUSG00000034926;ENSMUSG00000030088;ENSMUSG00000074028;ENSMUSG00000002985;ENSMUSG00000042289;ENSMUSG00000035540;ENSMUSG00000038526;ENSMUSG00000022479;ENSMUSG00000001155;ENSMUSG00000001773;ENSMUSG00000027533;ENSMUSG00000025068;ENSMUSG00000030630;ENSMUSG00000021390;ENSMUSG00000078937;ENSMUSG00000024391;ENSMUSG00000024892;ENSMUSG00000074207;ENSMUSG00000000673;ENSMUSG00000042096;ENSMUSG00000027690;ENSMUSG00000047250;ENSMUSG00000021620	True	True
kidney	R-MMU-1442490_COLLAGEN_DEGRADATION	-0.03640677277777782	6	2	4	-0.03640677277777782	6	2	4	0.0034267494480779083	6.0	4.0	2.0	0.0034267494480779083	6.0	4.0	2.0	1.2979359679067188	0.10574948665297741	0.6913907445382688	ENSMUSG00000004098;ENSMUSG00000031503;ENSMUSG00000031502;ENSMUSG00000026837;ENSMUSG00000031790;ENSMUSG00000000957;ENSMUSG00000001435;ENSMUSG00000001119;ENSMUSG00000020241;ENSMUSG00000031740;ENSMUSG00000032332	False	False
kidney	R-MMU-1474228_DEGRADATION_OF_THE_EXTRACELLULAR_MATRIX	0.09287803257668133	6	5	1	0.09287803257668133	6	5	1	0.004849653762634576	6.0	4.0	2.0	0.004849653762634576	6.0	4.0	2.0	1.3964580777452484	0.024266936299292215	0.42406856208575167	ENSMUSG00000029675;ENSMUSG00000006403;ENSMUSG00000004098;ENSMUSG00000027204;ENSMUSG00000031503;ENSMUSG00000031502;ENSMUSG00000026837;ENSMUSG00000031790;ENSMUSG00000026193;ENSMUSG00000022894;ENSMUSG00000000957;ENSMUSG00000001435;ENSMUSG00000001119;ENSMUSG00000020241;ENSMUSG00000017466;ENSMUSG00000005397;ENSMUSG00000031740;ENSMUSG00000032332;ENSMUSG00000048126;ENSMUSG00000016942;ENSMUSG00000059481;ENSMUSG00000035547;ENSMUSG00000024598;ENSMUSG00000006205;ENSMUSG00000025650;ENSMUSG00000038677;ENSMUSG00000058626	True	True
kidney	R-MMU-1474244_EXTRACELLULAR_MATRIX_ORGANIZATION	-0.0036780117105263224	6	2	4	-0.0036780117105263224	6	2	4	0.007034639694496146	6.0	5.0	1.0	0.007034639694496146	6.0	5.0	1.0	1.6846381777458985	0.0	0.13109454536681864	ENSMUSG00000033860;ENSMUSG00000029675;ENSMUSG00000054555;ENSMUSG00000025185;ENSMUSG00000028001;ENSMUSG00000026725;ENSMUSG00000015533;ENSMUSG00000028364;ENSMUSG00000024529;ENSMUSG00000006403;ENSMUSG00000033831;ENSMUSG00000004098;ENSMUSG00000035783;ENSMUSG00000027204;ENSMUSG00000021614;ENSMUSG00000031503;ENSMUSG00000031502;ENSMUSG00000031375;ENSMUSG00000026837;ENSMUSG00000031790;ENSMUSG00000029163;ENSMUSG00000026193;ENSMUSG00000032334;ENSMUSG00000022894;ENSMUSG00000029661;ENSMUSG00000000957;ENSMUSG00000036545;ENSMUSG00000039115;ENSMUSG00000020674;ENSMUSG00000040488;ENSMUSG00000021253;ENSMUSG00000027358;ENSMUSG00000001435;ENSMUSG00000001119;ENSMUSG00000020241;ENSMUSG00000017466;ENSMUSG00000020689;ENSMUSG00000039239;ENSMUSG00000001507;ENSMUSG00000005397;ENSMUSG00000002603;ENSMUSG00000034205;ENSMUSG00000031740;ENSMUSG00000032332;ENSMUSG00000025348;ENSMUSG00000025743;ENSMUSG00000064080;ENSMUSG00000021186;ENSMUSG00000002020;ENSMUSG00000053062;ENSMUSG00000042436;ENSMUSG00000020592;ENSMUSG00000021806;ENSMUSG00000020717;ENSMUSG00000048126;ENSMUSG00000000555;ENSMUSG00000022371;ENSMUSG00000059430;ENSMUSG00000040690;ENSMUSG00000016942;ENSMUSG00000024909;ENSMUSG00000020758;ENSMUSG00000022098;ENSMUSG00000059481;ENSMUSG00000036446;ENSMUSG00000026674;ENSMUSG00000001870;ENSMUSG00000045103;ENSMUSG00000027962;ENSMUSG00000024053;ENSMUSG00000035547;ENSMUSG00000039952;ENSMUSG00000024598;ENSMUSG00000006205;ENSMUSG00000026971;ENSMUSG00000033327;ENSMUSG00000027111;ENSMUSG00000025650;ENSMUSG00000038677;ENSMUSG00000021835;ENSMUSG00000058626;ENSMUSG00000037411	False	False
kidney	R-MMU-1474290_COLLAGEN_FORMATION	0.018989420172514537	6	5	1	0.018989420172514537	6	5	1	0.005030434431981378	6.0	5.0	1.0	0.005030434431981378	6.0	5.0	1.0	1.411483584126758	0.023350253807106598	0.3809734340224505	ENSMUSG00000025185;ENSMUSG00000024529;ENSMUSG00000004098;ENSMUSG00000031503;ENSMUSG00000031502;ENSMUSG00000026837;ENSMUSG00000032334;ENSMUSG00000029661;ENSMUSG00000036545;ENSMUSG00000020674;ENSMUSG00000001435;ENSMUSG00000001119;ENSMUSG00000020241;ENSMUSG00000034205;ENSMUSG00000032332;ENSMUSG00000048126;ENSMUSG00000022371;ENSMUSG00000040690;ENSMUSG00000022098	True	True
kidney	R-MMU-1483206_GLYCEROPHOSPHOLIPID_BIOSYNTHESIS	0.04178132217339182	6	5	1	0.04178132217339182	6	5	1	0.0023376676648995073	6.0	4.0	2.0	0.0023376676648995073	6.0	4.0	2.0	1.3623306809752944	0.07956989247311828	0.5063789303871622	ENSMUSG00000019232;ENSMUSG00000023019;ENSMUSG00000050860;ENSMUSG00000033174;ENSMUSG00000026827	True	True
kidney	R-MMU-1483257_PHOSPHOLIPID_METABOLISM	-0.024826449536549788	6	0	6	-0.024826449536549788	6	0	6	-0.0006410044156128364	6.0	4.0	2.0	-0.0006410044156128364	6.0	4.0	2.0	1.0802481773495207	0.37851929092805003	1.0	ENSMUSG00000019232;ENSMUSG00000023019;ENSMUSG00000050860;ENSMUSG00000033174;ENSMUSG00000026827	True	False
kidney	R-MMU-1500931_CELL_CELL_COMMUNICATION	0.03536471095964911	6	5	1	0.03536471095964911	6	5	1	0.001007899444658603	6.0	3.0	3.0	0.001007899444658603	6.0	3.0	3.0	1.0690985485586584	0.34437751004016065	1.0	ENSMUSG00000041734;ENSMUSG00000026602;ENSMUSG00000035783;ENSMUSG00000027947;ENSMUSG00000006649;ENSMUSG00000031673;ENSMUSG00000031328;ENSMUSG00000062727;ENSMUSG00000068699;ENSMUSG00000006219;ENSMUSG00000031841;ENSMUSG00000059430;ENSMUSG00000061991;ENSMUSG00000020758;ENSMUSG00000032012;ENSMUSG00000015143;ENSMUSG00000026872;ENSMUSG00000027111;ENSMUSG00000101355;ENSMUSG00000071516;ENSMUSG00000069302;ENSMUSG00000011256;ENSMUSG00000069267;ENSMUSG00000060981;ENSMUSG00000022565;ENSMUSG00000031871;ENSMUSG00000094338;ENSMUSG00000061615;ENSMUSG00000021823;ENSMUSG00000069301;ENSMUSG00000101972;ENSMUSG00000039683;ENSMUSG00000004040;ENSMUSG00000101645;ENSMUSG00000024238;ENSMUSG00000024395;ENSMUSG00000094777	True	True
kidney	R-MMU-156580_PHASE_II_CONJUGATION_OF_COMPOUNDS	-0.005860264619883038	6	3	3	-0.005860264619883038	6	3	3	-0.0012067149801142651	6.0	2.0	4.0	-0.0012067149801142651	6.0	2.0	4.0	0.7961695334996797	0.8209562563580874	1.0	ENSMUSG00000090171;ENSMUSG00000089960;ENSMUSG00000090175;ENSMUSG00000058135;ENSMUSG00000027313;ENSMUSG00000057933;ENSMUSG00000111709;ENSMUSG00000008540;ENSMUSG00000040562;ENSMUSG00000030711	True	False
kidney	R-MMU-156588_GLUCURONIDATION	-0.058555610736549746	6	1	5	-0.058555610736549746	6	1	5	-0.0030389755371197486	6.0	1.0	5.0	-0.0030389755371197486	6.0	1.0	5.0	-1.1840126685464232	0.21649484536082475	0.46926995564336493	ENSMUSG00000089943;ENSMUSG00000061906;ENSMUSG00000054630;ENSMUSG00000049152;ENSMUSG00000029260;ENSMUSG00000090124	True	True
kidney	R-MMU-156590_GLUTATHIONE_CONJUGATION	-0.00032813732388888933	6	3	3	-0.00032813732388888933	6	3	3	0.0008512921280584377	6.0	2.0	4.0	0.0008512921280584377	6.0	2.0	4.0	1.014344921780919	0.4897739504843918	1.0	ENSMUSG00000058135;ENSMUSG00000027313;ENSMUSG00000057933;ENSMUSG00000111709;ENSMUSG00000008540;ENSMUSG00000040562;ENSMUSG00000026688;ENSMUSG00000074179;ENSMUSG00000025068	False	False
kidney	R-MMU-1566948_ELASTIC_FIBRE_FORMATION	0.06308138982309941	6	4	2	0.06308138982309941	6	4	2	0.011429232703599163	6.0	4.0	2.0	0.011429232703599163	6.0	4.0	2.0	1.750863140443667	0.0	0.06794717282742431	ENSMUSG00000029675;ENSMUSG00000025185;ENSMUSG00000024529;ENSMUSG00000027204;ENSMUSG00000029163;ENSMUSG00000026193;ENSMUSG00000032334;ENSMUSG00000040488;ENSMUSG00000021253;ENSMUSG00000027358;ENSMUSG00000020689;ENSMUSG00000039239;ENSMUSG00000002603;ENSMUSG00000034205;ENSMUSG00000064080;ENSMUSG00000021186;ENSMUSG00000002020;ENSMUSG00000042436;ENSMUSG00000000555;ENSMUSG00000024909;ENSMUSG00000001870;ENSMUSG00000024053;ENSMUSG00000024598;ENSMUSG00000026971;ENSMUSG00000021835	True	True
kidney	R-MMU-156827_L13A_MEDIATED_TRANSLATIONAL_SILENCING_OF_CERULOPLASMIN_EXPRESSION	0.0020408318036900584	6	5	1	0.0020408318036900584	6	5	1	-0.008426580029232217	6.0	2.0	4.0	-0.008426580029232217	6.0	2.0	4.0	-2.070671213088975	0.0	0.0031320820500900693	ENSMUSG00000039001;ENSMUSG00000079641;ENSMUSG00000039221;ENSMUSG00000067288;ENSMUSG00000061477;ENSMUSG00000024608;ENSMUSG00000034892;ENSMUSG00000078193;ENSMUSG00000061983;ENSMUSG00000060377;ENSMUSG00000068240;ENSMUSG00000038900;ENSMUSG00000062997;ENSMUSG00000058443;ENSMUSG00000057322;ENSMUSG00000050621	False	False
kidney	R-MMU-157579_TELOMERE_MAINTENANCE	-0.0024491375426286552	6	3	3	-0.0024491375426286552	6	3	3	-0.0024924612247982925	6.0	3.0	3.0	-0.0024924612247982925	6.0	3.0	3.0	0.5609886089381377	0.9631578947368421	1.0	ENSMUSG00000062727;ENSMUSG00000061991;ENSMUSG00000071516;ENSMUSG00000069302;ENSMUSG00000060981;ENSMUSG00000094338;ENSMUSG00000061615;ENSMUSG00000069301;ENSMUSG00000094777;ENSMUSG00000069300	True	False
kidney	R-MMU-157858_GAP_JUNCTION_TRAFFICKING_AND_REGULATION	-0.0016404104897002924	6	2	4	-0.0016404104897002924	6	2	4	0.002982072196164228	6.0	5.0	1.0	0.002982072196164228	6.0	5.0	1.0	1.2170088047121943	0.21155943293347873	0.7421467324084255	ENSMUSG00000058672;ENSMUSG00000046623;ENSMUSG00000045136;ENSMUSG00000001473;ENSMUSG00000072235;ENSMUSG00000057123;ENSMUSG00000023004;ENSMUSG00000047797;ENSMUSG00000062380;ENSMUSG00000026825;ENSMUSG00000030516;ENSMUSG00000050953	False	False
kidney	R-MMU-15869_METABOLISM_OF_NUCLEOTIDES	-0.03984747138888889	6	0	6	-0.03984747138888889	6	0	6	-0.0010404596146887518	6.0	3.0	3.0	-0.0010404596146887518	6.0	3.0	3.0	0.8464873880762576	0.7078280044101434	1.0	ENSMUSG00000048120;ENSMUSG00000024066;ENSMUSG00000000253	True	False
kidney	R-MMU-1592389_ACTIVATION_OF_MATRIX_METALLOPROTEINASES	-0.002699380368128663	6	2	4	-0.002699380368128663	6	2	4	0.004316202639094556	6.0	3.0	3.0	0.004316202639094556	6.0	3.0	3.0	1.1224388202387006	0.3233665559246955	0.9444707020931647	ENSMUSG00000031790;ENSMUSG00000000957;ENSMUSG00000001435;ENSMUSG00000017466;ENSMUSG00000031740	False	False
kidney	R-MMU-162582_SIGNAL_TRANSDUCTION	0.011546795643274729	6	5	1	0.011546795643274729	6	5	1													False	False
kidney	R-MMU-1630316_GLYCOSAMINOGLYCAN_METABOLISM	0.03805188775312864	6	4	2	0.03805188775312865	6	4	2	-0.002191373778525796	6.0	3.0	3.0	-0.002191373778525796	6.0	3.0	3.0	1.1218899680963752	0.3010204081632653	0.9368807981166419	ENSMUSG00000010051;ENSMUSG00000021614;ENSMUSG00000030930;ENSMUSG00000031375;ENSMUSG00000058571;ENSMUSG00000013846;ENSMUSG00000032911;ENSMUSG00000025743;ENSMUSG00000041577;ENSMUSG00000041559;ENSMUSG00000020592;ENSMUSG00000035273;ENSMUSG00000034220	False	True
kidney	R-MMU-163125_POST_TRANSLATIONAL_MODIFICATION_SYNTHESIS_OF_GPI_ANCHORED_PROTEINS	0.035083809385965004	6	5	1	0.035083809385965004	6	5	1	-0.0009477506516513551	6.0	3.0	3.0	-0.0009477506516513551	6.0	3.0	3.0	1.0445439269496513	0.4348279457768509	1.0	ENSMUSG00000022598;ENSMUSG00000030217;ENSMUSG00000046223;ENSMUSG00000054385;ENSMUSG00000063011;ENSMUSG00000032068;ENSMUSG00000034634;ENSMUSG00000022579;ENSMUSG00000020183;ENSMUSG00000074272;ENSMUSG00000028766	False	True
kidney	R-MMU-163685_INTEGRATION_OF_ENERGY_METABOLISM	0.020557937630116974	6	3	3	0.020557937630116974	6	3	3	-0.003124858277229081	6.0	2.0	4.0	-0.003124858277229081	6.0	2.0	4.0	0.7809676200636786	0.790722761596548	1.0	ENSMUSG00000051331;ENSMUSG00000042644;ENSMUSG00000002997;ENSMUSG00000024697;ENSMUSG00000069662;ENSMUSG00000027690	False	True
kidney	R-MMU-1638091_HEPARAN_SULFATE_HEPARIN_HS_GAG_METABOLISM	0.00015139095842397698	6	3	3	0.00015139095842397693	6	3	3	4.993045801821259e-05	6.0	3.0	3.0	4.993045801821259e-05	6.0	3.0	3.0	1.1233674033027952	0.32045454545454544	0.9501784421313718	ENSMUSG00000058571;ENSMUSG00000025743;ENSMUSG00000020592;ENSMUSG00000035273;ENSMUSG00000034220	True	True
kidney	R-MMU-1640170_CELL_CYCLE	0.023793356923976643	6	3	3	0.023793356923976643	6	3	3	-6.028045237390737e-05	6.0	2.0	4.0	-6.028045237390737e-05	6.0	2.0	4.0	0.9291407851273285	0.6579739217652959	1.0	ENSMUSG00000023067;ENSMUSG00000037664;ENSMUSG00000062727;ENSMUSG00000073802;ENSMUSG00000028680;ENSMUSG00000058672;ENSMUSG00000045136;ENSMUSG00000061991;ENSMUSG00000041859;ENSMUSG00000001473;ENSMUSG00000024660;ENSMUSG00000002997;ENSMUSG00000072235;ENSMUSG00000029414;ENSMUSG00000001525;ENSMUSG00000023004;ENSMUSG00000030091;ENSMUSG00000101355;ENSMUSG00000047281;ENSMUSG00000044783;ENSMUSG00000023764;ENSMUSG00000071516;ENSMUSG00000028063;ENSMUSG00000069302;ENSMUSG00000069267;ENSMUSG00000060981;ENSMUSG00000062380;ENSMUSG00000094338;ENSMUSG00000061615;ENSMUSG00000069301;ENSMUSG00000101972;ENSMUSG00000029177;ENSMUSG00000000184;ENSMUSG00000032254	False	True
kidney	R-MMU-1650814_COLLAGEN_BIOSYNTHESIS_AND_MODIFYING_ENZYMES	0.05438924716622807	6	5	1	0.05438924716622807	6	5	1	0.004185491985407833	6.0	5.0	1.0	0.004185491985407833	6.0	5.0	1.0	1.3303117428088596	0.07653061224489796	0.5779654254724513	ENSMUSG00000004098;ENSMUSG00000031503;ENSMUSG00000031502;ENSMUSG00000026837;ENSMUSG00000029661;ENSMUSG00000036545;ENSMUSG00000001435;ENSMUSG00000001119;ENSMUSG00000020241;ENSMUSG00000032332;ENSMUSG00000048126;ENSMUSG00000022371;ENSMUSG00000040690;ENSMUSG00000022098	True	True
kidney	R-MMU-166016_TOLL_LIKE_RECEPTOR_4_TLR4_CASCADE	0.043807088198830356	6	6	0	0.043807088198830356	6	6	0	0.001723730590593738	6.0	3.0	3.0	0.001723730590593738	6.0	3.0	3.0	1.2686262671096318	0.14376321353065538	0.7013588175876598	ENSMUSG00000021250;ENSMUSG00000016024;ENSMUSG00000030107;ENSMUSG00000021025;ENSMUSG00000039005;ENSMUSG00000052684;ENSMUSG00000051439;ENSMUSG00000023809;ENSMUSG00000025225;ENSMUSG00000032000;ENSMUSG00000026825;ENSMUSG00000025498;ENSMUSG00000030786;ENSMUSG00000040265	True	True
kidney	R-MMU-166166_MYD88_INDEPENDENT_TLR4_CASCADE	-0.002539740059637427	6	2	4	-0.002539740059637427	6	2	4	0.0036657869427558637	6.0	3.0	3.0	0.0036657869427558637	6.0	3.0	3.0	1.2922735778078298	0.14348302300109528	0.6878225436009465	ENSMUSG00000021250;ENSMUSG00000030107;ENSMUSG00000021025;ENSMUSG00000039005;ENSMUSG00000052684;ENSMUSG00000051439;ENSMUSG00000023809;ENSMUSG00000025225;ENSMUSG00000032000;ENSMUSG00000025498	False	False
kidney	R-MMU-166520_SIGNALING_BY_NTRKS	-0.015053191247076029	6	4	2	-0.015053191247076029	6	4	2	1.7349743371980274e-05	6.0	4.0	2.0	1.73497433719802e-05	6.0	4.0	2.0	1.1151288326148812	0.32785087719298245	0.938335425457264	ENSMUSG00000037868;ENSMUSG00000055254;ENSMUSG00000059146;ENSMUSG00000027859;ENSMUSG00000041417;ENSMUSG00000038894;ENSMUSG00000026821;ENSMUSG00000023809	False	False
kidney	R-MMU-166658_COMPLEMENT_CASCADE	0.016126870628654737	6	4	2	0.016126870628654737	6	4	2	0.0003972869628426981	6.0	3.0	3.0	0.0003972869628426981	6.0	3.0	3.0	1.0139501286662078	0.4865702479338843	1.0	ENSMUSG00000079105;ENSMUSG00000061780;ENSMUSG00000024164;ENSMUSG00000022887;ENSMUSG00000023224	True	True
kidney	R-MMU-166786_CREATION_OF_C4_AND_C2_ACTIVATORS	-0.00015459828703216237	6	2	4	-0.00015459828703216237	6	2	4	-0.0005507161630110372	6.0	3.0	3.0	-0.0005507161630110372	6.0	3.0	3.0	0.39402076940716707	1.0	1.0	ENSMUSG00000022887;ENSMUSG00000076615;ENSMUSG00000076612;ENSMUSG00000055172;ENSMUSG00000036905;ENSMUSG00000026938;ENSMUSG00000036896;ENSMUSG00000036887	True	False
kidney	R-MMU-168138_TOLL_LIKE_RECEPTOR_9_TLR9_CASCADE	-0.0007062378382704677	6	3	3	-0.0007062378382704677	6	3	3	0.002300360003065363	6.0	3.0	3.0	0.002300360003065363	6.0	3.0	3.0	1.2775576683716434	0.13566739606126915	0.6859402091311585	ENSMUSG00000021250;ENSMUSG00000030107;ENSMUSG00000021025;ENSMUSG00000039005;ENSMUSG00000052684;ENSMUSG00000051439;ENSMUSG00000023809;ENSMUSG00000025225;ENSMUSG00000025498	False	False
kidney	R-MMU-168181_TOLL_LIKE_RECEPTOR_7_8_TLR7_8_CASCADE	0.0012501883076666666	6	3	3	0.0012501883076666666	6	3	3	0.001982127334449998	6.0	3.0	3.0	0.001982127334449998	6.0	3.0	3.0	1.2535255898005842	0.15543478260869564	0.7349977198138351	ENSMUSG00000021250;ENSMUSG00000030107;ENSMUSG00000021025;ENSMUSG00000039005;ENSMUSG00000052684;ENSMUSG00000051439;ENSMUSG00000023809;ENSMUSG00000025225;ENSMUSG00000025498;ENSMUSG00000044583	True	True
kidney	R-MMU-168249_INNATE_IMMUNE_SYSTEM	-0.07510731630116967	6	2	4	-0.07510731630116967	6	2	4	-0.001051293492572906	6.0	2.0	4.0	-0.001051293492572906	6.0	2.0	4.0	0.6819814379562915	0.999	1.0	ENSMUSG00000021250;ENSMUSG00000033860;ENSMUSG00000079105;ENSMUSG00000028001;ENSMUSG00000022868;ENSMUSG00000064267;ENSMUSG00000026822;ENSMUSG00000031722;ENSMUSG00000033831;ENSMUSG00000028976;ENSMUSG00000031825;ENSMUSG00000021091;ENSMUSG00000031827;ENSMUSG00000061780;ENSMUSG00000024164;ENSMUSG00000039982;ENSMUSG00000022887;ENSMUSG00000016024;ENSMUSG00000030107;ENSMUSG00000023224;ENSMUSG00000029811;ENSMUSG00000017466;ENSMUSG00000034993;ENSMUSG00000021025;ENSMUSG00000079015;ENSMUSG00000052305;ENSMUSG00000027435;ENSMUSG00000039005;ENSMUSG00000032231;ENSMUSG00000004665;ENSMUSG00000039196;ENSMUSG00000040296;ENSMUSG00000035273;ENSMUSG00000020717;ENSMUSG00000008540;ENSMUSG00000029380;ENSMUSG00000046223;ENSMUSG00000054385;ENSMUSG00000009356;ENSMUSG00000002885;ENSMUSG00000073940;ENSMUSG00000032788;ENSMUSG00000052684;ENSMUSG00000026413;ENSMUSG00000020277;ENSMUSG00000029622;ENSMUSG00000028599;ENSMUSG00000006301;ENSMUSG00000032561;ENSMUSG00000001525;ENSMUSG00000029372;ENSMUSG00000027907;ENSMUSG00000021457;ENSMUSG00000018774;ENSMUSG00000041417;ENSMUSG00000020154;ENSMUSG00000026880;ENSMUSG00000024349;ENSMUSG00000046841;ENSMUSG00000026879;ENSMUSG00000031284;ENSMUSG00000021822;ENSMUSG00000027249;ENSMUSG00000076615;ENSMUSG00000076612;ENSMUSG00000051439;ENSMUSG00000027533;ENSMUSG00000033684;ENSMUSG00000023809;ENSMUSG00000025225;ENSMUSG00000116876;ENSMUSG00000021823;ENSMUSG00000074272;ENSMUSG00000032000;ENSMUSG00000056724;ENSMUSG00000026825;ENSMUSG00000038600;ENSMUSG00000019987;ENSMUSG00000025498;ENSMUSG00000017344;ENSMUSG00000026874;ENSMUSG00000017390;ENSMUSG00000096255;ENSMUSG00000044583;ENSMUSG00000030786;ENSMUSG00000056515;ENSMUSG00000034708;ENSMUSG00000044748;ENSMUSG00000040265;ENSMUSG00000055172;ENSMUSG00000038393;ENSMUSG00000033307;ENSMUSG00000028755;ENSMUSG00000012705;ENSMUSG00000060147;ENSMUSG00000019843;ENSMUSG00000005686;ENSMUSG00000026365;ENSMUSG00000021999;ENSMUSG00000019850;ENSMUSG00000001750;ENSMUSG00000025196;ENSMUSG00000026177;ENSMUSG00000021069;ENSMUSG00000050721;ENSMUSG00000054889;ENSMUSG00000004864;ENSMUSG00000036905;ENSMUSG00000022037;ENSMUSG00000033538;ENSMUSG00000040693	True	False
kidney	R-MMU-168256_IMMUNE_SYSTEM	-0.09910745014619844	6	2	4	-0.09910745014619844	6	2	4	-0.0019762747278785214	6.0	1.0	5.0	-0.0019762747278785214	6.0	1.0	5.0	0.6798473492133645	1.0	1.0	ENSMUSG00000021250;ENSMUSG00000033860;ENSMUSG00000079105;ENSMUSG00000028001;ENSMUSG00000022868;ENSMUSG00000020695;ENSMUSG00000064267;ENSMUSG00000026822;ENSMUSG00000031722;ENSMUSG00000033831;ENSMUSG00000028976;ENSMUSG00000031825;ENSMUSG00000027947;ENSMUSG00000039911;ENSMUSG00000021091;ENSMUSG00000031827;ENSMUSG00000061780;ENSMUSG00000024164;ENSMUSG00000039982;ENSMUSG00000005364;ENSMUSG00000022887;ENSMUSG00000062727;ENSMUSG00000016024;ENSMUSG00000030107;ENSMUSG00000023224;ENSMUSG00000022146;ENSMUSG00000029811;ENSMUSG00000005268;ENSMUSG00000017677;ENSMUSG00000027078;ENSMUSG00000017466;ENSMUSG00000032946;ENSMUSG00000034993;ENSMUSG00000021025;ENSMUSG00000042644;ENSMUSG00000079015;ENSMUSG00000058672;ENSMUSG00000052305;ENSMUSG00000027435;ENSMUSG00000040592;ENSMUSG00000039005;ENSMUSG00000032231;ENSMUSG00000014599;ENSMUSG00000024066;ENSMUSG00000004665;ENSMUSG00000039196;ENSMUSG00000007888;ENSMUSG00000040296;ENSMUSG00000020027;ENSMUSG00000020592;ENSMUSG00000035273;ENSMUSG00000026072;ENSMUSG00000034457;ENSMUSG00000032596;ENSMUSG00000024222;ENSMUSG00000020717;ENSMUSG00000008540;ENSMUSG00000029380;ENSMUSG00000046223;ENSMUSG00000054385;ENSMUSG00000009356;ENSMUSG00000045136;ENSMUSG00000021294;ENSMUSG00000002885;ENSMUSG00000073940;ENSMUSG00000061991;ENSMUSG00000032788;ENSMUSG00000052684;ENSMUSG00000001473;ENSMUSG00000026413;ENSMUSG00000020277;ENSMUSG00000024810;ENSMUSG00000029622;ENSMUSG00000028599;ENSMUSG00000041827;ENSMUSG00000053113;ENSMUSG00000072235;ENSMUSG00000006301;ENSMUSG00000027962;ENSMUSG00000032561;ENSMUSG00000004552;ENSMUSG00000001525;ENSMUSG00000029372;ENSMUSG00000039457;ENSMUSG00000023004;ENSMUSG00000027907;ENSMUSG00000021457;ENSMUSG00000101355;ENSMUSG00000018774;ENSMUSG00000041417;ENSMUSG00000026288;ENSMUSG00000020154;ENSMUSG00000026880;ENSMUSG00000034394;ENSMUSG00000024349;ENSMUSG00000046841;ENSMUSG00000038894;ENSMUSG00000071516;ENSMUSG00000023341;ENSMUSG00000069302;ENSMUSG00000026879;ENSMUSG00000031284;ENSMUSG00000021822;ENSMUSG00000069267;ENSMUSG00000027249;ENSMUSG00000060981;ENSMUSG00000076615;ENSMUSG00000076612;ENSMUSG00000071042;ENSMUSG00000062380;ENSMUSG00000030748;ENSMUSG00000051439;ENSMUSG00000026712;ENSMUSG00000094338;ENSMUSG00000027533;ENSMUSG00000020176;ENSMUSG00000037405;ENSMUSG00000016494;ENSMUSG00000033684;ENSMUSG00000061615;ENSMUSG00000023809;ENSMUSG00000025225;ENSMUSG00000116876;ENSMUSG00000035692;ENSMUSG00000022661;ENSMUSG00000021823;ENSMUSG00000074272;ENSMUSG00000038175;ENSMUSG00000032000;ENSMUSG00000056724;ENSMUSG00000069301;ENSMUSG00000025492;ENSMUSG00000101972;ENSMUSG00000025889;ENSMUSG00000032254;ENSMUSG00000061878;ENSMUSG00000004040;ENSMUSG00000026825;ENSMUSG00000038600;ENSMUSG00000045328;ENSMUSG00000019987;ENSMUSG00000025498;ENSMUSG00000017344;ENSMUSG00000026874;ENSMUSG00000078153;ENSMUSG00000017390;ENSMUSG00000096255;ENSMUSG00000042807;ENSMUSG00000044583;ENSMUSG00000030786;ENSMUSG00000060591;ENSMUSG00000094777;ENSMUSG00000056515;ENSMUSG00000034708;ENSMUSG00000044748;ENSMUSG00000040265;ENSMUSG00000048756;ENSMUSG00000055172;ENSMUSG00000040663;ENSMUSG00000038393;ENSMUSG00000033307;ENSMUSG00000028698;ENSMUSG00000028755;ENSMUSG00000040033;ENSMUSG00000012705;ENSMUSG00000042607;ENSMUSG00000070327;ENSMUSG00000069609;ENSMUSG00000060147;ENSMUSG00000024339;ENSMUSG00000019843;ENSMUSG00000005686;ENSMUSG00000026365;ENSMUSG00000022148;ENSMUSG00000069300;ENSMUSG00000021999;ENSMUSG00000018411;ENSMUSG00000067889;ENSMUSG00000066800	True	False
kidney	R-MMU-168898_TOLL_LIKE_RECEPTOR_CASCADES	0.009813802503947361	6	4	2	0.009813802503947361	6	4	2	0.0005841075729894225	6.0	3.0	3.0	0.0005841075729894225	6.0	3.0	3.0	1.126373580926006	0.2966360856269113	0.94682196789714	ENSMUSG00000021250;ENSMUSG00000033860;ENSMUSG00000028001;ENSMUSG00000033831;ENSMUSG00000016024;ENSMUSG00000030107;ENSMUSG00000021025;ENSMUSG00000039005	True	True
kidney	R-MMU-170834_SIGNALING_BY_TGF_BETA_RECEPTOR_COMPLEX	-0.0012940184176198828	6	2	4	-0.0012940184176198828	6	2	4	0.004020221410996495	6.0	3.0	3.0	0.004020221410996495	6.0	3.0	3.0	1.3701319145590096	0.0642781875658588	0.4885952953356137	ENSMUSG00000027204;ENSMUSG00000040488;ENSMUSG00000021253;ENSMUSG00000020689;ENSMUSG00000039239;ENSMUSG00000068876;ENSMUSG00000002603;ENSMUSG00000062175;ENSMUSG00000002020;ENSMUSG00000029287;ENSMUSG00000001870;ENSMUSG00000026971;ENSMUSG00000024940;ENSMUSG00000032440	False	False
kidney	R-MMU-174824_PLASMA_LIPOPROTEIN_ASSEMBLY_REMODELING_AND_CLEARANCE	0.09860644722953223	6	5	1	0.09860644722953223	6	5	1	-0.0021392522911307756	6.0	3.0	3.0	-0.0021392522911307756	6.0	3.0	3.0	0.7795089478260047	0.8180862250262881	1.0	ENSMUSG00000032083;ENSMUSG00000032080;ENSMUSG00000022098;ENSMUSG00000029368;ENSMUSG00000040564;ENSMUSG00000022579;ENSMUSG00000002985;ENSMUSG00000032193;ENSMUSG00000024030;ENSMUSG00000038175;ENSMUSG00000032079	False	True
kidney	R-MMU-1793185_CHONDROITIN_SULFATE_DERMATAN_SULFATE_METABOLISM	0.0018950123025979536	6	5	1	0.001895012302597954	6	5	1	-0.00027591616212552006	6.0	3.0	3.0	-0.00027591616212552006	6.0	3.0	3.0	1.482146364878672	0.0259009009009009	0.3207804028433782	ENSMUSG00000010051;ENSMUSG00000021614;ENSMUSG00000030930;ENSMUSG00000031375;ENSMUSG00000032911	False	True
kidney	R-MMU-1799339_SRP_DEPENDENT_COTRANSLATIONAL_PROTEIN_TARGETING_TO_MEMBRANE	0.0005767779578093574	6	3	3	0.0005767779578093574	6	3	3	-0.007874141348059768	6.0	2.0	4.0	-0.007874141348059768	6.0	2.0	4.0	-1.517301749627599	0.06976744186046512	0.11193634144924168	ENSMUSG00000039001;ENSMUSG00000079641;ENSMUSG00000039221;ENSMUSG00000067288;ENSMUSG00000061477;ENSMUSG00000024608;ENSMUSG00000034892;ENSMUSG00000078193;ENSMUSG00000061983;ENSMUSG00000060377;ENSMUSG00000068240;ENSMUSG00000038900;ENSMUSG00000062997;ENSMUSG00000058443;ENSMUSG00000057322;ENSMUSG00000050621	False	False
kidney	R-MMU-186797_SIGNALING_BY_PDGF	-0.002032262275998537	6	1	5	-0.002032262275998537	6	1	5	0.006719282727567805	6.0	4.0	2.0	0.006719282727567805	6.0	4.0	2.0	1.6334088443983716	0.0	0.16325320729661946	ENSMUSG00000023885;ENSMUSG00000031538;ENSMUSG00000004098;ENSMUSG00000024620;ENSMUSG00000031503;ENSMUSG00000031502;ENSMUSG00000026837;ENSMUSG00000029231;ENSMUSG00000001119;ENSMUSG00000020241	False	False
kidney	R-MMU-192105_SYNTHESIS_OF_BILE_ACIDS_AND_BILE_SALTS	0.026008571696549725	6	3	3	0.026008571696549725	6	3	3	-0.005895119705212455	6.0	3.0	3.0	-0.005895119705212455	6.0	3.0	3.0	-1.106368657402294	0.3	0.5845366765452187	ENSMUSG00000039519;ENSMUSG00000022244;ENSMUSG00000021213;ENSMUSG00000021207;ENSMUSG00000042359;ENSMUSG00000027359;ENSMUSG00000050370;ENSMUSG00000071551;ENSMUSG00000029822;ENSMUSG00000033715;ENSMUSG00000038641;ENSMUSG00000027048;ENSMUSG00000047638;ENSMUSG00000021751;ENSMUSG00000042289;ENSMUSG00000026170;ENSMUSG00000021214	False	False
kidney	R-MMU-193704_P75_NTR_RECEPTOR_MEDIATED_SIGNALLING	-0.003137397817793862	6	2	4	-0.003137397817793862	6	2	4	-0.0004422051145370886	6.0	2.0	4.0	-0.0004422051145370886	6.0	2.0	4.0	1.045988784801472	0.434878587196468	1.0	ENSMUSG00000037552;ENSMUSG00000039621;ENSMUSG00000021025;ENSMUSG00000027859;ENSMUSG00000040964;ENSMUSG00000032875;ENSMUSG00000019467;ENSMUSG00000021895;ENSMUSG00000037946;ENSMUSG00000000120	True	False
kidney	R-MMU-194068_BILE_ACID_AND_BILE_SALT_METABOLISM	0.010833786794883048	6	3	3	0.010833786794883048	6	3	3	-0.005544332082176168	6.0	2.0	4.0	-0.005544332082176168	6.0	2.0	4.0	-1.130565136422252	0.27586206896551724	0.5445861240453049	ENSMUSG00000035699;ENSMUSG00000039519;ENSMUSG00000022244;ENSMUSG00000021213;ENSMUSG00000021207;ENSMUSG00000042359;ENSMUSG00000027359;ENSMUSG00000050370;ENSMUSG00000071551;ENSMUSG00000029822;ENSMUSG00000033715;ENSMUSG00000023073;ENSMUSG00000038641;ENSMUSG00000027048;ENSMUSG00000047638;ENSMUSG00000021751;ENSMUSG00000042289;ENSMUSG00000020865;ENSMUSG00000026170;ENSMUSG00000021214;ENSMUSG00000029368	False	False
kidney	R-MMU-194138_SIGNALING_BY_VEGF	-0.014141266271929798	6	3	3	-0.014141266271929798	6	3	3	0.0018964529184087471	6.0	5.0	1.0	0.0018964529184087471	6.0	5.0	1.0	0.9337024725215625	0.6189979123173278	1.0	ENSMUSG00000002602;ENSMUSG00000020689;ENSMUSG00000025969;ENSMUSG00000029648;ENSMUSG00000020357;ENSMUSG00000031380;ENSMUSG00000004951;ENSMUSG00000041417;ENSMUSG00000025810;ENSMUSG00000031284;ENSMUSG00000031871;ENSMUSG00000062960;ENSMUSG00000061878;ENSMUSG00000101645;ENSMUSG00000020580;ENSMUSG00000019843	False	False
kidney	R-MMU-194315_SIGNALING_BY_RHO_GTPASES	-0.006176840409356732	6	2	4	-0.006176840409356732	6	2	4	0.0007025903763122806	6.0	4.0	2.0	0.0007025903763122806	6.0	4.0	2.0	0.9720326446058638	0.586	1.0	ENSMUSG00000018830;ENSMUSG00000038587;ENSMUSG00000024043;ENSMUSG00000032135;ENSMUSG00000031328;ENSMUSG00000006445;ENSMUSG00000034037;ENSMUSG00000032198;ENSMUSG00000037552;ENSMUSG00000004044;ENSMUSG00000046768;ENSMUSG00000023008;ENSMUSG00000052560;ENSMUSG00000039621;ENSMUSG00000039960;ENSMUSG00000025366;ENSMUSG00000036533;ENSMUSG00000022799;ENSMUSG00000054364;ENSMUSG00000058672;ENSMUSG00000020121;ENSMUSG00000041598;ENSMUSG00000040964;ENSMUSG00000022836;ENSMUSG00000117098;ENSMUSG00000031523;ENSMUSG00000045136;ENSMUSG00000032875;ENSMUSG00000049521;ENSMUSG00000032812;ENSMUSG00000001473;ENSMUSG00000066357;ENSMUSG00000030123;ENSMUSG00000026728;ENSMUSG00000024660;ENSMUSG00000029622;ENSMUSG00000072235;ENSMUSG00000067818;ENSMUSG00000038608;ENSMUSG00000015143;ENSMUSG00000029414;ENSMUSG00000025403;ENSMUSG00000023004;ENSMUSG00000030220;ENSMUSG00000019944;ENSMUSG00000047281;ENSMUSG00000041417;ENSMUSG00000024451;ENSMUSG00000026880;ENSMUSG00000046841;ENSMUSG00000074305;ENSMUSG00000031284;ENSMUSG00000019467;ENSMUSG00000062380;ENSMUSG00000036053;ENSMUSG00000021895;ENSMUSG00000029177;ENSMUSG00000037946;ENSMUSG00000030257;ENSMUSG00000001918;ENSMUSG00000045328;ENSMUSG00000030739;ENSMUSG00000002233;ENSMUSG00000040624;ENSMUSG00000052609;ENSMUSG00000037709;ENSMUSG00000022797;ENSMUSG00000020580;ENSMUSG00000020900	False	False
kidney	R-MMU-195258_RHO_GTPASE_EFFECTORS	-0.05884420151394737	6	0	6	-0.05884420151394737	6	0	6	0.000908754322064494	6.0	3.0	3.0	0.0009087543220644942	6.0	3.0	3.0	0.7885370919956236	0.8350100603621731	1.0	ENSMUSG00000018830;ENSMUSG00000031328;ENSMUSG00000023008;ENSMUSG00000054364;ENSMUSG00000058672;ENSMUSG00000022836;ENSMUSG00000117098;ENSMUSG00000045136;ENSMUSG00000001473;ENSMUSG00000024660;ENSMUSG00000029622;ENSMUSG00000072235;ENSMUSG00000067818;ENSMUSG00000029414;ENSMUSG00000023004;ENSMUSG00000047281;ENSMUSG00000031284;ENSMUSG00000062380;ENSMUSG00000036053;ENSMUSG00000029177;ENSMUSG00000045328;ENSMUSG00000030739;ENSMUSG00000002233	False	False
kidney	R-MMU-195721_SIGNALING_BY_WNT	0.06734270956140335	6	6	0	0.06734270956140335	6	6	0	0.00022850784765074175	6.0	3.0	3.0	0.00022850784765074175	6.0	3.0	3.0	1.01523464483588	0.4779033915724563	1.0	ENSMUSG00000046070;ENSMUSG00000031748;ENSMUSG00000036856;ENSMUSG00000022382;ENSMUSG00000018486;ENSMUSG00000044548;ENSMUSG00000019880;ENSMUSG00000028031;ENSMUSG00000000782;ENSMUSG00000050288;ENSMUSG00000000142;ENSMUSG00000063382	True	True
kidney	R-MMU-196071_METABOLISM_OF_STEROID_HORMONES	0.11016555258435672	6	5	1	0.11016555258435672	6	5	1	-0.002680932206299299	6.0	1.0	5.0	-0.002680932206299299	6.0	1.0	5.0	1.0612822790942278	0.39439655172413796	1.0	ENSMUSG00000001642;ENSMUSG00000029762;ENSMUSG00000052131;ENSMUSG00000060807;ENSMUSG00000095143;ENSMUSG00000031844	False	True
kidney	R-MMU-196849_METABOLISM_OF_WATER_SOLUBLE_VITAMINS_AND_COFACTORS	-0.01649574201754393	6	2	4	-0.01649574201754393	6	2	4	-0.0007697727469727448	6.0	2.0	4.0	-0.0007697727469727448	6.0	2.0	4.0	0.7214569399721619	0.8734309623430963	1.0	ENSMUSG00000025153;ENSMUSG00000032788;ENSMUSG00000020256;ENSMUSG00000025403;ENSMUSG00000027463;ENSMUSG00000030088;ENSMUSG00000074028;ENSMUSG00000025068;ENSMUSG00000024892;ENSMUSG00000024354;ENSMUSG00000042010;ENSMUSG00000028645;ENSMUSG00000020062;ENSMUSG00000029084;ENSMUSG00000020432	True	False
kidney	R-MMU-196854_METABOLISM_OF_VITAMINS_AND_COFACTORS	-0.02471123250000003	6	2	4	-0.02471123250000003	6	2	4	7.671595655908692e-05	6.0	3.0	3.0	7.671595655908692e-05	6.0	3.0	3.0	0.8313502091462176	0.8040201005025126	1.0	ENSMUSG00000040249;ENSMUSG00000025153;ENSMUSG00000032083;ENSMUSG00000032080;ENSMUSG00000058571;ENSMUSG00000024990;ENSMUSG00000025743;ENSMUSG00000020592;ENSMUSG00000026489;ENSMUSG00000034220;ENSMUSG00000032788;ENSMUSG00000020256;ENSMUSG00000025403;ENSMUSG00000021214;ENSMUSG00000027463;ENSMUSG00000022579;ENSMUSG00000030088;ENSMUSG00000074028;ENSMUSG00000002985;ENSMUSG00000025068;ENSMUSG00000024391;ENSMUSG00000024892	False	False
kidney	R-MMU-1971475_GLYCOSAMINOGLYCAN_PROTEIN_LINKAGE_REGION_BIOSYNTHESIS	-0.0007587687605928362	6	3	3	-0.0007587687605928362	6	3	3	0.003913250131188377	6.0	3.0	3.0	0.003913250131188377	6.0	3.0	3.0	1.4795381934548706	0.036585365853658534	0.31212818931865505	ENSMUSG00000021614;ENSMUSG00000031375;ENSMUSG00000058571;ENSMUSG00000032911;ENSMUSG00000025743;ENSMUSG00000020592;ENSMUSG00000034220	False	False
kidney	R-MMU-198933_IMMUNOREGULATORY_INTERACTIONS_BETWEEN_A_LYMPHOID_AND_A_NON_LYMPHOID_CELL	-0.05617364260233918	6	3	3	-0.05617364260233918	6	3	3	-0.003538957139994766	6.0	2.0	4.0	-0.003538957139994766	6.0	2.0	4.0	-1.6056109235524068	0.0	0.07535979235671257	ENSMUSG00000055541;ENSMUSG00000030468;ENSMUSG00000038179;ENSMUSG00000042265;ENSMUSG00000030830;ENSMUSG00000095589;ENSMUSG00000032093;ENSMUSG00000046245;ENSMUSG00000096336;ENSMUSG00000059108;ENSMUSG00000022865;ENSMUSG00000027009	True	True
kidney	R-MMU-199418_NEGATIVE_REGULATION_OF_THE_PI3K_AKT_NETWORK	-0.011470365457602336	6	4	2	-0.011470365457602336	6	4	2	-0.00307901588574253	6.0	1.0	5.0	-0.00307901588574253	6.0	1.0	5.0	0.7769270932232308	0.8055555555555556	1.0	ENSMUSG00000024620;ENSMUSG00000055254;ENSMUSG00000029231;ENSMUSG00000059146;ENSMUSG00000024810;ENSMUSG00000024486;ENSMUSG00000041417;ENSMUSG00000038894	True	False
kidney	R-MMU-199977_ER_TO_GOLGI_ANTEROGRADE_TRANSPORT	-2.3911580968421244e-05	6	2	4	-2.3911580968421244e-05	6	2	4	0.0010225289235268244	6.0	4.0	2.0	0.0010225289235268244	6.0	4.0	2.0	1.0698150816307348	0.39430449069003287	1.0	ENSMUSG00000079015;ENSMUSG00000058672;ENSMUSG00000045136;ENSMUSG00000001473;ENSMUSG00000072235;ENSMUSG00000023004;ENSMUSG00000025650;ENSMUSG00000062380;ENSMUSG00000001827	False	False
kidney	R-MMU-199991_MEMBRANE_TRAFFICKING	0.045078639371344854	6	5	1	0.045078639371344854	6	5	1	-0.001997607557972979	6.0	3.0	3.0	-0.001997607557972979	6.0	3.0	3.0	0.8836330037483623	0.731	1.0	ENSMUSG00000033855;ENSMUSG00000039959;ENSMUSG00000014602;ENSMUSG00000079015;ENSMUSG00000058672;ENSMUSG00000046623;ENSMUSG00000018909;ENSMUSG00000045136;ENSMUSG00000021294;ENSMUSG00000001473;ENSMUSG00000072235;ENSMUSG00000057123;ENSMUSG00000030055;ENSMUSG00000024486;ENSMUSG00000023004;ENSMUSG00000025650;ENSMUSG00000018001;ENSMUSG00000031390;ENSMUSG00000056220;ENSMUSG00000047797;ENSMUSG00000039976;ENSMUSG00000032193;ENSMUSG00000062380;ENSMUSG00000031098;ENSMUSG00000032254;ENSMUSG00000001827;ENSMUSG00000026825;ENSMUSG00000041642;ENSMUSG00000045328;ENSMUSG00000049115;ENSMUSG00000056515;ENSMUSG00000031024;ENSMUSG00000022797;ENSMUSG00000040265;ENSMUSG00000030516;ENSMUSG00000032554	False	True
kidney	R-MMU-201681_TCF_DEPENDENT_SIGNALING_IN_RESPONSE_TO_WNT	-0.007627301244152081	6	3	3	-0.007627301244152081	6	3	3	0.0004874541379473127	6.0	3.0	3.0	0.0004874541379473127	6.0	3.0	3.0	0.909816792450246	0.6309523809523809	1.0	ENSMUSG00000046070;ENSMUSG00000044548;ENSMUSG00000019880;ENSMUSG00000028031;ENSMUSG00000000782;ENSMUSG00000050288;ENSMUSG00000000142;ENSMUSG00000063382	False	False
kidney	R-MMU-2022090_ASSEMBLY_OF_COLLAGEN_FIBRILS_AND_OTHER_MULTIMERIC_STRUCTURES	0.04225758350584794	6	5	1	0.04225758350584794	6	5	1	0.005650268213105887	6.0	5.0	1.0	0.005650268213105887	6.0	5.0	1.0	1.5147259295067628	0.011434511434511435	0.23543020412787022	ENSMUSG00000025185;ENSMUSG00000024529;ENSMUSG00000004098;ENSMUSG00000031503;ENSMUSG00000031502;ENSMUSG00000026837;ENSMUSG00000032334;ENSMUSG00000020674;ENSMUSG00000001435;ENSMUSG00000001119;ENSMUSG00000020241;ENSMUSG00000034205	True	True
kidney	R-MMU-202403_TCR_SIGNALING	-0.04897276996318717	6	1	5	-0.04897276996318717	6	1	5	-0.008973723983661806	6.0	0.0	6.0	-0.008973723983661806	6.0	0.0	6.0	-1.2441809808679818	0.17721518987341772	0.36218257888314254	ENSMUSG00000036594;ENSMUSG00000060586;ENSMUSG00000026395;ENSMUSG00000073421;ENSMUSG00000032093	True	True
kidney	R-MMU-202733_CELL_SURFACE_INTERACTIONS_AT_THE_VASCULAR_WALL	-0.03008410489766089	6	2	4	-0.03008410489766089	6	2	4	-0.00037609239435689384	6.0	2.0	4.0	-0.00037609239435689384	6.0	2.0	4.0	0.6113812372802311	0.9726443768996961	1.0	ENSMUSG00000041329;ENSMUSG00000026193;ENSMUSG00000074743;ENSMUSG00000020689;ENSMUSG00000001507;ENSMUSG00000053062;ENSMUSG00000020717;ENSMUSG00000000555;ENSMUSG00000022180;ENSMUSG00000027611;ENSMUSG00000032902;ENSMUSG00000027111;ENSMUSG00000041417;ENSMUSG00000026288;ENSMUSG00000001946;ENSMUSG00000027249;ENSMUSG00000022912;ENSMUSG00000031465;ENSMUSG00000074272;ENSMUSG00000006386	True	False
kidney	R-MMU-204998_CELL_DEATH_SIGNALLING_VIA_NRAGE_NRIF_AND_NADE	0.011380346754385984	6	4	2	0.011380346754385984	6	4	2	-0.00152107766281129	6.0	2.0	4.0	-0.00152107766281129	6.0	2.0	4.0	0.9786889707036652	0.5412026726057907	1.0	ENSMUSG00000037552;ENSMUSG00000039621;ENSMUSG00000027859;ENSMUSG00000040964;ENSMUSG00000032875;ENSMUSG00000019467;ENSMUSG00000021895;ENSMUSG00000037946;ENSMUSG00000000120	False	True
kidney	R-MMU-211859_BIOLOGICAL_OXIDATIONS	-0.07192443878655008	6	1	5	-0.07192443878655008	6	1	5	0.000930555260631479	6.0	2.0	4.0	0.000930555260631479	6.0	2.0	4.0	1.207834664136827	0.10020040080160321	0.7748148200250738	ENSMUSG00000028715;ENSMUSG00000030483;ENSMUSG00000063415;ENSMUSG00000066072;ENSMUSG00000090171;ENSMUSG00000019326;ENSMUSG00000053279;ENSMUSG00000061740;ENSMUSG00000038567;ENSMUSG00000089960;ENSMUSG00000026621;ENSMUSG00000024087;ENSMUSG00000029811;ENSMUSG00000090175;ENSMUSG00000038776;ENSMUSG00000058135;ENSMUSG00000022947;ENSMUSG00000027313;ENSMUSG00000057933;ENSMUSG00000055301;ENSMUSG00000017969;ENSMUSG00000111709;ENSMUSG00000028712;ENSMUSG00000008540;ENSMUSG00000040562;ENSMUSG00000030711	False	False
kidney	R-MMU-211897_CYTOCHROME_P450_ARRANGED_BY_SUBSTRATE_TYPE	-0.03840148560584792	6	2	4	-0.03840148560584792	6	2	4	0.0022906479860648906	6.0	2.0	4.0	0.0022906479860648906	6.0	2.0	4.0	1.4554995784901632	0.027111574556830033	0.3446856581841524	ENSMUSG00000028715;ENSMUSG00000030483;ENSMUSG00000063415;ENSMUSG00000066072;ENSMUSG00000061740;ENSMUSG00000038567;ENSMUSG00000024087	False	False
kidney	R-MMU-211945_PHASE_I_FUNCTIONALIZATION_OF_COMPOUNDS	-0.03166712652178363	6	2	4	-0.03166712652178363	6	2	4	0.0026024020532956376	6.0	2.0	4.0	0.0026024020532956376	6.0	2.0	4.0	1.427896902320168	0.014213197969543147	0.3661767639738067	ENSMUSG00000028715;ENSMUSG00000030483;ENSMUSG00000063415;ENSMUSG00000066072;ENSMUSG00000019326;ENSMUSG00000053279;ENSMUSG00000061740;ENSMUSG00000038567;ENSMUSG00000026621;ENSMUSG00000024087;ENSMUSG00000029811;ENSMUSG00000038776;ENSMUSG00000022947;ENSMUSG00000055301;ENSMUSG00000017969;ENSMUSG00000028712	False	False
kidney	R-MMU-212165_EPIGENETIC_REGULATION_OF_GENE_EXPRESSION	-0.04598278854165205	6	1	5	-0.04598278854165205	6	1	5	-0.0015117838609396788	6.0	3.0	3.0	-0.0015117838609396788	6.0	3.0	3.0	0.7461902461482467	0.8780737704918032	1.0	ENSMUSG00000030680;ENSMUSG00000062727;ENSMUSG00000061991;ENSMUSG00000101355;ENSMUSG00000048154;ENSMUSG00000071516;ENSMUSG00000069302;ENSMUSG00000069267;ENSMUSG00000060981;ENSMUSG00000094338;ENSMUSG00000061615;ENSMUSG00000069301;ENSMUSG00000101972	True	False
kidney	R-MMU-212300_PRC2_METHYLATES_HISTONES_AND_DNA	0.0006513349876929826	6	4	2	0.0006513349876929826	6	4	2	-0.0028661000940781492	6.0	3.0	3.0	-0.0028661000940781492	6.0	3.0	3.0	0.5990391374166452	0.9543094496365524	1.0	ENSMUSG00000062727;ENSMUSG00000061991;ENSMUSG00000101355;ENSMUSG00000071516;ENSMUSG00000069302;ENSMUSG00000069267;ENSMUSG00000060981;ENSMUSG00000094338;ENSMUSG00000061615;ENSMUSG00000069301;ENSMUSG00000101972	False	True
kidney	R-MMU-212436_GENERIC_TRANSCRIPTION_PATHWAY	-0.027945531184210576	6	3	3	-0.027945531184210576	6	3	3	-0.0009899322203686476	6.0	3.0	3.0	-0.0009899322203686476	6.0	3.0	3.0	0.7886102081350457	0.914914914914915	1.0	ENSMUSG00000023034;ENSMUSG00000055116;ENSMUSG00000023067;ENSMUSG00000002266;ENSMUSG00000020423;ENSMUSG00000020108;ENSMUSG00000062727;ENSMUSG00000015468;ENSMUSG00000038146;ENSMUSG00000017491;ENSMUSG00000002603;ENSMUSG00000028680;ENSMUSG00000020427;ENSMUSG00000028341;ENSMUSG00000062175;ENSMUSG00000058756;ENSMUSG00000061991;ENSMUSG00000000782;ENSMUSG00000026923;ENSMUSG00000038872;ENSMUSG00000101355;ENSMUSG00000047281;ENSMUSG00000048154;ENSMUSG00000071516;ENSMUSG00000022475;ENSMUSG00000069302;ENSMUSG00000069267;ENSMUSG00000060981;ENSMUSG00000036390;ENSMUSG00000022479;ENSMUSG00000051159;ENSMUSG00000094338;ENSMUSG00000061615;ENSMUSG00000020032;ENSMUSG00000069301;ENSMUSG00000101972;ENSMUSG00000020889;ENSMUSG00000000184;ENSMUSG00000047407;ENSMUSG00000032698	True	False
kidney	R-MMU-2129379_MOLECULES_ASSOCIATED_WITH_ELASTIC_FIBRES	0.033935031248538104	6	4	2	0.033935031248538104	6	4	2	0.009263219770436705	6.0	4.0	2.0	0.009263219770436705	6.0	4.0	2.0	1.6327050457751484	0.004145077720207254	0.1370942957268561	ENSMUSG00000029675;ENSMUSG00000027204;ENSMUSG00000029163;ENSMUSG00000026193;ENSMUSG00000040488;ENSMUSG00000021253;ENSMUSG00000027358;ENSMUSG00000020689;ENSMUSG00000039239;ENSMUSG00000002603;ENSMUSG00000064080;ENSMUSG00000021186;ENSMUSG00000002020;ENSMUSG00000042436;ENSMUSG00000024909;ENSMUSG00000001870;ENSMUSG00000024053;ENSMUSG00000024598;ENSMUSG00000026971;ENSMUSG00000021835	True	True
kidney	R-MMU-2132295_MHC_CLASS_II_ANTIGEN_PRESENTATION	-0.014556703737134505	6	3	3	-0.014556703737134505	6	3	3	-0.005713671100672529	6.0	1.0	5.0	-0.005713671100672529	6.0	1.0	5.0	-0.8821491646286255	0.6764705882352942	0.7982538206752281	ENSMUSG00000041538;ENSMUSG00000037649;ENSMUSG00000036594;ENSMUSG00000060586;ENSMUSG00000073421;ENSMUSG00000079547;ENSMUSG00000024610;ENSMUSG00000038642	True	True
kidney	R-MMU-2142753_ARACHIDONATE_METABOLISM	-0.07443084417251478	6	1	5	-0.07443084417251478	6	1	5	0.004272368396799742	6.0	2.0	4.0	0.004272368396799742	6.0	2.0	4.0	1.4716155856816462	0.016580310880829015	0.32053666298500166	ENSMUSG00000028715;ENSMUSG00000066072;ENSMUSG00000032487;ENSMUSG00000024087;ENSMUSG00000015090;ENSMUSG00000051483;ENSMUSG00000018924;ENSMUSG00000050737;ENSMUSG00000017969;ENSMUSG00000028712;ENSMUSG00000078597;ENSMUSG00000021214;ENSMUSG00000019278;ENSMUSG00000056220	False	False
kidney	R-MMU-216083_INTEGRIN_CELL_SURFACE_INTERACTIONS	0.025616938545321655	6	4	2	0.025616938545321655	6	4	2	0.00806602004397476	6.0	4.0	2.0	0.00806602004397476	6.0	4.0	2.0	1.5956642346354613	0.001017293997965412	0.18667794691659434	ENSMUSG00000033860;ENSMUSG00000028001;ENSMUSG00000015533;ENSMUSG00000028364;ENSMUSG00000033831;ENSMUSG00000004098;ENSMUSG00000027204;ENSMUSG00000031503;ENSMUSG00000031502;ENSMUSG00000026837;ENSMUSG00000026193;ENSMUSG00000039115;ENSMUSG00000001435;ENSMUSG00000001119;ENSMUSG00000020241;ENSMUSG00000020689;ENSMUSG00000001507;ENSMUSG00000053062;ENSMUSG00000020717;ENSMUSG00000048126;ENSMUSG00000000555;ENSMUSG00000040690;ENSMUSG00000036446;ENSMUSG00000027962;ENSMUSG00000026971;ENSMUSG00000027111;ENSMUSG00000025650	True	True
kidney	R-MMU-2168880_SCAVENGING_OF_HEME_FROM_PLASMA	0.052311003879385885	6	4	2	0.052311003879385885	6	4	2	0.006723835141030085	6.0	3.0	3.0	0.006723835141030085	6.0	3.0	3.0	1.291997548955892	0.12229437229437229	0.673478795812342	ENSMUSG00000040249;ENSMUSG00000032083;ENSMUSG00000069919;ENSMUSG00000031722;ENSMUSG00000030895;ENSMUSG00000052305;ENSMUSG00000073940;ENSMUSG00000029368;ENSMUSG00000057346	True	True
kidney	R-MMU-2173782_BINDING_AND_UPTAKE_OF_LIGANDS_BY_SCAVENGER_RECEPTORS	-0.09197297376900589	6	2	4	-0.09197297376900589	6	2	4	0.004189182014344789	6.0	4.0	2.0	0.004189182014344789	6.0	4.0	2.0	1.0488487019235344	0.43106995884773663	1.0	ENSMUSG00000040249;ENSMUSG00000032083;ENSMUSG00000069919;ENSMUSG00000031722;ENSMUSG00000030895;ENSMUSG00000022887;ENSMUSG00000052305;ENSMUSG00000018593	False	False
kidney	R-MMU-2173789_TGF_BETA_RECEPTOR_SIGNALING_ACTIVATES_SMADS	0.03867551891938594	6	5	1	0.03867551891938594	6	5	1	0.004497516831973924	6.0	4.0	2.0	0.004497516831973924	6.0	4.0	2.0	1.3463606220966995	0.09829059829059829	0.5470486667562733	ENSMUSG00000027204;ENSMUSG00000040488;ENSMUSG00000021253;ENSMUSG00000020689;ENSMUSG00000039239;ENSMUSG00000002603;ENSMUSG00000002020;ENSMUSG00000029287;ENSMUSG00000001870;ENSMUSG00000026971;ENSMUSG00000024940;ENSMUSG00000032440	True	True
kidney	R-MMU-2187338_VISUAL_PHOTOTRANSDUCTION	-0.029064717295321636	6	2	4	-0.029064717295321636	6	2	4	0.0005435470285673158	6.0	4.0	2.0	0.0005435470285673158	6.0	4.0	2.0	0.9789122304042716	0.5434782608695652	1.0	ENSMUSG00000040249;ENSMUSG00000032083;ENSMUSG00000032080;ENSMUSG00000058571;ENSMUSG00000024990;ENSMUSG00000025743;ENSMUSG00000020592;ENSMUSG00000066026;ENSMUSG00000034220	False	False
kidney	R-MMU-2262752_CELLULAR_RESPONSES_TO_STRESS	-0.06403391426900584	6	1	5	-0.06403391426900584	6	1	5	0.0004349816140338883	6.0	3.0	3.0	0.0004349816140338883	6.0	3.0	3.0	0.9697046631776969	0.5761523046092184	1.0	ENSMUSG00000021250;ENSMUSG00000023067;ENSMUSG00000032083;ENSMUSG00000069919;ENSMUSG00000004328;ENSMUSG00000054422;ENSMUSG00000056501;ENSMUSG00000062727;ENSMUSG00000027580;ENSMUSG00000073802;ENSMUSG00000032060;ENSMUSG00000058672;ENSMUSG00000052305;ENSMUSG00000024140;ENSMUSG00000039005;ENSMUSG00000032035;ENSMUSG00000024222;ENSMUSG00000042745;ENSMUSG00000045136;ENSMUSG00000046711;ENSMUSG00000073940;ENSMUSG00000061991;ENSMUSG00000052684;ENSMUSG00000001473;ENSMUSG00000072235;ENSMUSG00000051627;ENSMUSG00000029368;ENSMUSG00000023004;ENSMUSG00000030091;ENSMUSG00000025092;ENSMUSG00000071516;ENSMUSG00000069302;ENSMUSG00000060981;ENSMUSG00000062380;ENSMUSG00000072941;ENSMUSG00000094338;ENSMUSG00000052565;ENSMUSG00000061615;ENSMUSG00000032802;ENSMUSG00000018476;ENSMUSG00000023809	False	False
kidney	R-MMU-2299718_CONDENSATION_OF_PROPHASE_CHROMOSOMES	-0.00238635887729678	6	2	4	-0.00238635887729678	6	2	4	-0.0035699983828592166	6.0	2.0	4.0	-0.0035699983828592166	6.0	2.0	4.0	0.505293795615881	0.9897225077081192	1.0	ENSMUSG00000062727;ENSMUSG00000061991;ENSMUSG00000101355;ENSMUSG00000071516;ENSMUSG00000069302;ENSMUSG00000069267;ENSMUSG00000060981;ENSMUSG00000094338;ENSMUSG00000061615;ENSMUSG00000069301;ENSMUSG00000101972	True	False
kidney	R-MMU-2454202_FC_EPSILON_RECEPTOR_FCERI_SIGNALING	-0.015092932850877197	6	3	3	-0.015092932850877197	6	3	3	0.007411256593119896	6.0	5.0	1.0	0.007411256593119896	6.0	5.0	1.0	1.1700030118134095	0.2698237885462555	0.8548241724008188	ENSMUSG00000021250;ENSMUSG00000021025;ENSMUSG00000052684;ENSMUSG00000021457;ENSMUSG00000041417	False	False
kidney	R-MMU-2467813_SEPARATION_OF_SISTER_CHROMATIDS	-0.002438864785978071	6	4	2	-0.0024388647859780706	6	4	2	0.00393428139682903	6.0	3.0	3.0	0.00393428139682903	6.0	3.0	3.0	0.9823526658448671	0.5259809119830329	1.0	ENSMUSG00000058672;ENSMUSG00000045136;ENSMUSG00000001473;ENSMUSG00000024660;ENSMUSG00000072235;ENSMUSG00000029414;ENSMUSG00000023004;ENSMUSG00000062380;ENSMUSG00000029177;ENSMUSG00000045328	False	False
kidney	R-MMU-2500257_RESOLUTION_OF_SISTER_CHROMATID_COHESION	-0.0024088949837069583	6	2	4	-0.0024088949837069587	6	2	4	0.003760135669970933	6.0	3.0	3.0	0.003760135669970933	6.0	3.0	3.0	0.9124999930196246	0.6220806794055201	1.0	ENSMUSG00000058672;ENSMUSG00000045136;ENSMUSG00000001473;ENSMUSG00000024660;ENSMUSG00000072235;ENSMUSG00000029414;ENSMUSG00000023004;ENSMUSG00000062380;ENSMUSG00000029177;ENSMUSG00000045328	False	False
kidney	R-MMU-2555396_MITOTIC_METAPHASE_AND_ANAPHASE	0.0017880699552631576	6	4	2	0.001788069955263158	6	4	2	0.0024809996102484397	6.0	3.0	3.0	0.0024809996102484397	6.0	3.0	3.0	0.9256063957720772	0.621196222455404	1.0	ENSMUSG00000058672;ENSMUSG00000045136;ENSMUSG00000001473;ENSMUSG00000024660;ENSMUSG00000072235;ENSMUSG00000029414;ENSMUSG00000023004;ENSMUSG00000028063;ENSMUSG00000062380;ENSMUSG00000029177;ENSMUSG00000045328	True	True
kidney	R-MMU-2559583_CELLULAR_SENESCENCE	0.01270636796783627	6	3	3	0.01270636796783627	6	3	3	0.003525789938622806	6.0	4.0	2.0	0.003525789938622806	6.0	4.0	2.0	1.1690722131068703	0.2069672131147541	0.8485146946682989	ENSMUSG00000021250;ENSMUSG00000023067;ENSMUSG00000056501;ENSMUSG00000062727;ENSMUSG00000073802;ENSMUSG00000032035;ENSMUSG00000042745;ENSMUSG00000046711;ENSMUSG00000061991;ENSMUSG00000052684;ENSMUSG00000051627;ENSMUSG00000071516;ENSMUSG00000069302;ENSMUSG00000060981;ENSMUSG00000094338;ENSMUSG00000052565;ENSMUSG00000061615;ENSMUSG00000018476;ENSMUSG00000023809;ENSMUSG00000069301	True	True
kidney	R-MMU-2559586_DNA_DAMAGE_TELOMERE_STRESS_INDUCED_SENESCENCE	-0.013156837917514689	6	3	3	-0.013156837917514689	6	3	3	0.001022084251564655	6.0	4.0	2.0	0.001022084251564655	6.0	4.0	2.0	0.8338355632821169	0.7512899896800825	1.0	ENSMUSG00000023067;ENSMUSG00000062727;ENSMUSG00000046711;ENSMUSG00000061991;ENSMUSG00000051627;ENSMUSG00000071516;ENSMUSG00000069302;ENSMUSG00000060981;ENSMUSG00000094338;ENSMUSG00000052565;ENSMUSG00000061615;ENSMUSG00000069301	False	False
kidney	R-MMU-2672351_STIMULI_SENSING_CHANNELS	0.07817000577368427	6	5	1	0.07817000577368427	6	5	1	-0.004160417228981875	6.0	2.0	4.0	-0.004160417228981875	6.0	2.0	4.0	0.3677559988770013	0.9979144942648592	1.0	ENSMUSG00000031075;ENSMUSG00000074968;ENSMUSG00000034714	False	True
kidney	R-MMU-2682334_EPH_EPHRIN_SIGNALING	-0.008874993115997072	6	2	4	-0.008874993115997072	6	2	4	-0.001342010738094735	6.0	3.0	3.0	-0.001342010738094735	6.0	3.0	3.0	0.9761007307210525	0.5379537953795379	1.0	ENSMUSG00000006445;ENSMUSG00000031217;ENSMUSG00000031740;ENSMUSG00000029622;ENSMUSG00000001300;ENSMUSG00000031284;ENSMUSG00000020580;ENSMUSG00000019843;ENSMUSG00000026235	True	False
kidney	R-MMU-2980736_PEPTIDE_HORMONE_METABOLISM	0.03976709501754374	6	3	3	0.03976709501754374	6	3	3	0.0006382753075746735	6.0	2.0	4.0	0.0006382753075746735	6.0	2.0	4.0	1.161813146787783	0.27986725663716816	0.872132066417826	ENSMUSG00000070645;ENSMUSG00000037035;ENSMUSG00000027792	True	True
kidney	R-MMU-2990846_SUMOYLATION	-0.016956409116959132	6	2	4	-0.016956409116959132	6	2	4	-0.001580080960440891	6.0	3.0	3.0	-0.001580080960440891	6.0	3.0	3.0	0.816806540554813	0.7668776371308017	1.0	ENSMUSG00000021025;ENSMUSG00000058756;ENSMUSG00000024660;ENSMUSG00000043099;ENSMUSG00000030091;ENSMUSG00000022475;ENSMUSG00000060981;ENSMUSG00000022479;ENSMUSG00000025225;ENSMUSG00000047638	True	False
kidney	R-MMU-3000171_NON_INTEGRIN_MEMBRANE_ECM_INTERACTIONS	0.040328440498538086	6	4	2	0.040328440498538086	6	4	2	0.006599510531659059	6.0	5.0	1.0	0.006599510531659059	6.0	5.0	1.0	1.5591873091553021	0.005192107995846314	0.18588317479097896	ENSMUSG00000015533;ENSMUSG00000004098;ENSMUSG00000035783;ENSMUSG00000031503;ENSMUSG00000031502;ENSMUSG00000026837;ENSMUSG00000026193;ENSMUSG00000020689;ENSMUSG00000002603;ENSMUSG00000025743;ENSMUSG00000020592;ENSMUSG00000059430;ENSMUSG00000020758;ENSMUSG00000026674;ENSMUSG00000045103;ENSMUSG00000039952;ENSMUSG00000027111	True	True
kidney	R-MMU-3000178_ECM_PROTEOGLYCANS	0.10097581248245609	6	5	1	0.10097581248245609	6	5	1	0.008312153239586232	6.0	4.0	2.0	0.008312153239586232	6.0	4.0	2.0	1.6539907711936574	0.0010460251046025104	0.15569352184297228	ENSMUSG00000026725;ENSMUSG00000015533;ENSMUSG00000028364;ENSMUSG00000004098;ENSMUSG00000021614;ENSMUSG00000031375;ENSMUSG00000026837;ENSMUSG00000026193;ENSMUSG00000039115;ENSMUSG00000001119;ENSMUSG00000020241;ENSMUSG00000020689;ENSMUSG00000025348	True	True
kidney	R-MMU-3108232_SUMO_E3_LIGASES_SUMOYLATE_TARGET_PROTEINS	-0.0004958489894861113	6	1	5	-0.0004958489894861113	6	1	5	-0.001580080960440891	6.0	3.0	3.0	-0.001580080960440891	6.0	3.0	3.0	0.816806540554813	0.7668776371308017	1.0	ENSMUSG00000021025;ENSMUSG00000058756;ENSMUSG00000024660;ENSMUSG00000043099;ENSMUSG00000030091;ENSMUSG00000022475;ENSMUSG00000060981;ENSMUSG00000022479;ENSMUSG00000025225;ENSMUSG00000047638	True	False
kidney	R-MMU-3214841_PKMTS_METHYLATE_HISTONE_LYSINES	-0.0015897116739678363	6	2	4	-0.0015897116739678363	6	2	4	-0.0038827899383885958	6.0	4.0	2.0	-0.0038827899383885958	6.0	4.0	2.0	-1.06442025108988	0.36585365853658536	0.6238854346240017	ENSMUSG00000093769;ENSMUSG00000081058;ENSMUSG00000064288;ENSMUSG00000027684;ENSMUSG00000069305;ENSMUSG00000074403;ENSMUSG00000069306;ENSMUSG00000002028;ENSMUSG00000069266;ENSMUSG00000099517;ENSMUSG00000039410;ENSMUSG00000101972;ENSMUSG00000025225;ENSMUSG00000060981;ENSMUSG00000069267;ENSMUSG00000048154;ENSMUSG00000101355	True	True
kidney	R-MMU-3214842_HDMS_DEMETHYLATE_HISTONES	-0.002033933577944152	6	2	4	-0.002033933577944152	6	2	4	-0.00465749049764196	6.0	3.0	3.0	-0.00465749049764196	6.0	3.0	3.0	-1.027327327030292	0.3617021276595745	0.5907814269136833	ENSMUSG00000093769;ENSMUSG00000081058;ENSMUSG00000064288;ENSMUSG00000068457;ENSMUSG00000069305;ENSMUSG00000074403;ENSMUSG00000069306;ENSMUSG00000069266;ENSMUSG00000099517;ENSMUSG00000019947;ENSMUSG00000101972;ENSMUSG00000018476;ENSMUSG00000060981;ENSMUSG00000069267;ENSMUSG00000101355	True	True
kidney	R-MMU-3214847_HATS_ACETYLATE_HISTONES	-0.026967622026315707	6	3	3	-0.026967622026315707	6	3	3	-0.002570930839521863	6.0	2.0	4.0	-0.002570930839521863	6.0	2.0	4.0	-0.6000406343889992	0.9636363636363636	0.9821023882851996	ENSMUSG00000069303;ENSMUSG00000093769;ENSMUSG00000018102;ENSMUSG00000081058;ENSMUSG00000064288;ENSMUSG00000095217;ENSMUSG00000069308;ENSMUSG00000069305;ENSMUSG00000074403;ENSMUSG00000069306;ENSMUSG00000034160;ENSMUSG00000069266;ENSMUSG00000058385;ENSMUSG00000099517;ENSMUSG00000069300;ENSMUSG00000114279;ENSMUSG00000101972;ENSMUSG00000094338;ENSMUSG00000060981;ENSMUSG00000069267;ENSMUSG00000101355	True	True
kidney	R-MMU-3214858_RMTS_METHYLATE_HISTONE_ARGININES	-0.002766553226562866	6	1	5	-0.0027665532265628654	6	1	5	-0.005260717866532659	6.0	3.0	3.0	-0.005260717866532659	6.0	3.0	3.0	-0.9069964675937525	0.6	0.7638191703506364	ENSMUSG00000070348;ENSMUSG00000093769;ENSMUSG00000081058;ENSMUSG00000064220;ENSMUSG00000064288;ENSMUSG00000071478;ENSMUSG00000094248;ENSMUSG00000063954;ENSMUSG00000069272;ENSMUSG00000069305;ENSMUSG00000074403;ENSMUSG00000069306;ENSMUSG00000069266;ENSMUSG00000099517;ENSMUSG00000069309;ENSMUSG00000094777;ENSMUSG00000101972;ENSMUSG00000069301;ENSMUSG00000061615;ENSMUSG00000060981;ENSMUSG00000069267;ENSMUSG00000069302;ENSMUSG00000071516;ENSMUSG00000101355;ENSMUSG00000061991	True	True
kidney	R-MMU-3247509_CHROMATIN_MODIFYING_ENZYMES	-0.05726937486403507	6	3	3	-0.05726937486403507	6	3	3	-0.003554567273280822	6.0	3.0	3.0	-0.003554567273280822	6.0	3.0	3.0	-0.79142359219972	0.9047619047619048	0.8752112912494109	ENSMUSG00000069303;ENSMUSG00000070348;ENSMUSG00000093769;ENSMUSG00000031609;ENSMUSG00000018102;ENSMUSG00000081058;ENSMUSG00000064220;ENSMUSG00000064288;ENSMUSG00000068457;ENSMUSG00000095217;ENSMUSG00000027684;ENSMUSG00000071478;ENSMUSG00000094248;ENSMUSG00000069308;ENSMUSG00000063954;ENSMUSG00000069272;ENSMUSG00000069305;ENSMUSG00000074403;ENSMUSG00000069306;ENSMUSG00000002028;ENSMUSG00000034160;ENSMUSG00000069266;ENSMUSG00000058385;ENSMUSG00000099517;ENSMUSG00000039410;ENSMUSG00000019947;ENSMUSG00000069309;ENSMUSG00000028927;ENSMUSG00000069300;ENSMUSG00000114279;ENSMUSG00000094777;ENSMUSG00000101972;ENSMUSG00000069301;ENSMUSG00000025225;ENSMUSG00000018476;ENSMUSG00000061615;ENSMUSG00000094338;ENSMUSG00000060981;ENSMUSG00000069267;ENSMUSG00000069302;ENSMUSG00000071516;ENSMUSG00000048154;ENSMUSG00000101355	True	True
kidney	R-MMU-352230_AMINO_ACID_TRANSPORT_ACROSS_THE_PLASMA_MEMBRANE	-0.013499744043567248	6	3	3	-0.013499744043567248	6	3	3	-0.004727507438158825	6.0	0.0	6.0	-0.004727507438158825	6.0	0.0	6.0	0.7929957474289632	0.7867095391211146	1.0	ENSMUSG00000030109;ENSMUSG00000010064;ENSMUSG00000020264	True	False
kidney	R-MMU-3700989_TRANSCRIPTIONAL_REGULATION_BY_TP53	0.003332659660000001	6	3	3	0.003332659660000001	6	3	3	0.00023613659251658	6.0	3.0	3.0	0.00023613659251658	6.0	3.0	3.0	0.9687320097358593	0.5563598759048604	1.0	ENSMUSG00000023067;ENSMUSG00000020423;ENSMUSG00000020108;ENSMUSG00000028680;ENSMUSG00000020427	True	True
kidney	R-MMU-372790_SIGNALING_BY_GPCR	0.03999821983918106	6	6	0	0.03999821983918106	6	6	0	-0.00027339264345492667	6.0	4.0	2.0	-0.00027339264345492667	6.0	4.0	2.0	0.9449916283352034	0.667	1.0	ENSMUSG00000036437;ENSMUSG00000067586;ENSMUSG00000074715;ENSMUSG00000048376;ENSMUSG00000041741;ENSMUSG00000024164;ENSMUSG00000031616;ENSMUSG00000026193;ENSMUSG00000059810;ENSMUSG00000033174;ENSMUSG00000049112;ENSMUSG00000020123;ENSMUSG00000030790;ENSMUSG00000042190;ENSMUSG00000045092;ENSMUSG00000037552;ENSMUSG00000001240;ENSMUSG00000039621;ENSMUSG00000110195;ENSMUSG00000042644;ENSMUSG00000054364;ENSMUSG00000024659;ENSMUSG00000045573;ENSMUSG00000040964;ENSMUSG00000038668;ENSMUSG00000026678;ENSMUSG00000070368;ENSMUSG00000094686;ENSMUSG00000000555;ENSMUSG00000029380;ENSMUSG00000018909;ENSMUSG00000002885;ENSMUSG00000042770;ENSMUSG00000031489;ENSMUSG00000032875;ENSMUSG00000042429;ENSMUSG00000031778;ENSMUSG00000029778;ENSMUSG00000019464;ENSMUSG00000040133;ENSMUSG00000002997;ENSMUSG00000021367;ENSMUSG00000029819;ENSMUSG00000021070;ENSMUSG00000024486	False	True
kidney	R-MMU-373076_CLASS_A_1_RHODOPSIN_LIKE_RECEPTORS	-0.007159570691520438	6	2	4	-0.007159570691520438	6	2	4	-0.0003855683431567003	6.0	3.0	3.0	-0.0003855683431567003	6.0	3.0	3.0	0.8833121991892072	0.750501002004008	1.0	ENSMUSG00000036437;ENSMUSG00000067586;ENSMUSG00000074715;ENSMUSG00000048376;ENSMUSG00000024164;ENSMUSG00000031616;ENSMUSG00000049112;ENSMUSG00000020123;ENSMUSG00000042190;ENSMUSG00000045092;ENSMUSG00000024659;ENSMUSG00000045573;ENSMUSG00000038668;ENSMUSG00000070368;ENSMUSG00000094686;ENSMUSG00000029380;ENSMUSG00000042770;ENSMUSG00000031489;ENSMUSG00000042429;ENSMUSG00000031778;ENSMUSG00000019464;ENSMUSG00000021367;ENSMUSG00000029819;ENSMUSG00000021070	True	False
kidney	R-MMU-373755_SEMAPHORIN_INTERACTIONS	-0.030076975619883095	6	0	6	-0.030076975619883095	6	0	6	-0.0013923954666964164	6.0	4.0	2.0	-0.0013923954666964164	6.0	4.0	2.0	0.5532724061202526	0.9672650475184794	1.0	ENSMUSG00000022048;ENSMUSG00000054364;ENSMUSG00000038264;ENSMUSG00000063531;ENSMUSG00000030123;ENSMUSG00000024501;ENSMUSG00000025810;ENSMUSG00000031284	True	False
kidney	R-MMU-373760_L1CAM_INTERACTIONS	-0.01032816964561406	6	3	3	-0.01032816964561406	6	3	3	0.007566954560853822	6.0	4.0	2.0	0.007566954560853822	6.0	4.0	2.0	1.2701917268831584	0.14859002169197397	0.7067828368009035	ENSMUSG00000039115;ENSMUSG00000020689;ENSMUSG00000022048;ENSMUSG00000058672;ENSMUSG00000000555;ENSMUSG00000045136;ENSMUSG00000001473;ENSMUSG00000072235;ENSMUSG00000023004;ENSMUSG00000025810;ENSMUSG00000062380	False	False
kidney	R-MMU-375165_NCAM_SIGNALING_FOR_NEURITE_OUT_GROWTH	-0.001881947211394737	6	4	2	-0.001881947211394737	6	4	2	0.004635518325800994	6.0	4.0	2.0	0.004635518325800994	6.0	4.0	2.0	1.427204709716933	0.052801724137931036	0.35455063233382944	ENSMUSG00000004098;ENSMUSG00000031503;ENSMUSG00000031502;ENSMUSG00000026837;ENSMUSG00000001119;ENSMUSG00000020241	False	False
kidney	R-MMU-375276_PEPTIDE_LIGAND_BINDING_RECEPTORS	-0.05699270400292413	6	2	4	-0.05699270400292413	6	2	4	0.000252115137133251	6.0	3.0	3.0	0.000252115137133251	6.0	3.0	3.0	0.7844524274307623	0.8653266331658291	1.0	ENSMUSG00000036437;ENSMUSG00000074715;ENSMUSG00000048376;ENSMUSG00000024164;ENSMUSG00000031616;ENSMUSG00000049112;ENSMUSG00000020123;ENSMUSG00000024659;ENSMUSG00000045573;ENSMUSG00000070368;ENSMUSG00000094686;ENSMUSG00000029380;ENSMUSG00000042770;ENSMUSG00000031778;ENSMUSG00000021367;ENSMUSG00000029819;ENSMUSG00000021070;ENSMUSG00000029372	False	False
kidney	R-MMU-380108_CHEMOKINE_RECEPTORS_BIND_CHEMOKINES	0.024706715286257324	6	4	2	0.024706715286257324	6	4	2	-0.003999241583037998	6.0	3.0	3.0	-0.003999241583037998	6.0	3.0	3.0	-1.8667784725807233	0.03125	0.01630753464096482	ENSMUSG00000034855;ENSMUSG00000035352;ENSMUSG00000029417;ENSMUSG00000000982;ENSMUSG00000035042;ENSMUSG00000020676;ENSMUSG00000018930;ENSMUSG00000037944;ENSMUSG00000035373	False	False
kidney	R-MMU-381426_REGULATION_OF_INSULIN_LIKE_GROWTH_FACTOR_IGF_TRANSPORT_AND_UPTAKE_BY_INSULIN_LIKE_GROWTH_FACTOR_BINDING_PROTEINS_IGFBPS	0.11200957952923989	6	5	1	0.11200957952923989	6	5	1	0.004037751057657751	6.0	4.0	2.0	0.004037751057657751	6.0	4.0	2.0	1.387143938541749	0.008	0.43294005057696167	ENSMUSG00000033860;ENSMUSG00000028001;ENSMUSG00000022868;ENSMUSG00000032083;ENSMUSG00000028364;ENSMUSG00000027204;ENSMUSG00000039323;ENSMUSG00000026185;ENSMUSG00000021614;ENSMUSG00000024164;ENSMUSG00000026193;ENSMUSG00000029070;ENSMUSG00000029309;ENSMUSG00000003617;ENSMUSG00000020303;ENSMUSG00000020427;ENSMUSG00000079015;ENSMUSG00000014599;ENSMUSG00000045573;ENSMUSG00000024736;ENSMUSG00000030605;ENSMUSG00000073530;ENSMUSG00000025509;ENSMUSG00000063011;ENSMUSG00000021556;ENSMUSG00000001870;ENSMUSG00000048583;ENSMUSG00000029368;ENSMUSG00000057346;ENSMUSG00000021835;ENSMUSG00000036256;ENSMUSG00000022816;ENSMUSG00000046841	True	True
kidney	R-MMU-382551_TRANSPORT_OF_SMALL_MOLECULES	0.01149619185672505	6	4	2	0.01149619185672505	6	4	2	-0.001446828820386011	6.0	1.0	5.0	-0.001446828820386011	6.0	1.0	5.0	0.7598122727070407	0.972	1.0	ENSMUSG00000030109;ENSMUSG00000026822;ENSMUSG00000032083;ENSMUSG00000069919;ENSMUSG00000020788;ENSMUSG00000032080;ENSMUSG00000032548;ENSMUSG00000042371;ENSMUSG00000010064;ENSMUSG00000041329;ENSMUSG00000024411;ENSMUSG00000030737;ENSMUSG00000024552;ENSMUSG00000007097;ENSMUSG00000063873;ENSMUSG00000026435;ENSMUSG00000003617;ENSMUSG00000031075;ENSMUSG00000022229;ENSMUSG00000020264;ENSMUSG00000025366;ENSMUSG00000074968;ENSMUSG00000052305;ENSMUSG00000041797;ENSMUSG00000031808;ENSMUSG00000040907;ENSMUSG00000038963;ENSMUSG00000017765;ENSMUSG00000032849;ENSMUSG00000034714;ENSMUSG00000029321;ENSMUSG00000073940;ENSMUSG00000023013;ENSMUSG00000057092;ENSMUSG00000022098;ENSMUSG00000002997;ENSMUSG00000022180;ENSMUSG00000032902;ENSMUSG00000061742;ENSMUSG00000025792;ENSMUSG00000029368;ENSMUSG00000024485;ENSMUSG00000023942;ENSMUSG00000030108;ENSMUSG00000011034;ENSMUSG00000012428;ENSMUSG00000031390;ENSMUSG00000024737;ENSMUSG00000026880;ENSMUSG00000030000;ENSMUSG00000055782;ENSMUSG00000040564;ENSMUSG00000041313;ENSMUSG00000020865;ENSMUSG00000030762;ENSMUSG00000059336;ENSMUSG00000022579;ENSMUSG00000002985;ENSMUSG00000032193;ENSMUSG00000025993;ENSMUSG00000036565;ENSMUSG00000024030;ENSMUSG00000024650;ENSMUSG00000044217;ENSMUSG00000035722;ENSMUSG00000027690;ENSMUSG00000038175;ENSMUSG00000025726;ENSMUSG00000030769;ENSMUSG00000001918;ENSMUSG00000032079;ENSMUSG00000038600;ENSMUSG00000020100	False	True
kidney	R-MMU-382556_ABC_FAMILY_PROTEIN_MEDIATED_TRANSPORT	0.029080127887426827	6	5	1	0.029080127887426827	6	5	1	-0.0013003473140918533	6.0	3.0	3.0	-0.0013003473140918533	6.0	3.0	3.0	0.8314747284890471	0.7276785714285714	1.0	ENSMUSG00000032083;ENSMUSG00000041797;ENSMUSG00000032849;ENSMUSG00000055782;ENSMUSG00000020865;ENSMUSG00000024030;ENSMUSG00000035722;ENSMUSG00000030249;ENSMUSG00000044749;ENSMUSG00000040584;ENSMUSG00000030834;ENSMUSG00000026944	False	True
kidney	R-MMU-383280_NUCLEAR_RECEPTOR_TRANSCRIPTION_PATHWAY	0.03987648714619881	6	5	1	0.03987648714619881	6	5	1	-0.002278040394175576	6.0	1.0	5.0	-0.002278040394175576	6.0	1.0	5.0	0.9219464004291974	0.6059602649006622	1.0	ENSMUSG00000023034;ENSMUSG00000017491;ENSMUSG00000028341;ENSMUSG00000058756	False	True
kidney	R-MMU-3858494_BETA_CATENIN_INDEPENDENT_WNT_SIGNALING	-0.011698900788011687	6	3	3	-0.011698900788011687	6	3	3	-0.004126588353567933	6.0	2.0	4.0	-0.004126588353567933	6.0	2.0	4.0	0.7632977426797292	0.7956043956043956	1.0	ENSMUSG00000031748;ENSMUSG00000036856	True	False
kidney	R-MMU-388396_GPCR_DOWNSTREAM_SIGNALLING	0.026074068669590684	6	4	2	0.026074068669590684	6	4	2	-0.00021197673121331416	6.0	4.0	2.0	-0.00021197673121331416	6.0	4.0	2.0	0.9763765676726045	0.569	1.0	ENSMUSG00000036437;ENSMUSG00000067586;ENSMUSG00000074715;ENSMUSG00000048376;ENSMUSG00000041741;ENSMUSG00000024164;ENSMUSG00000031616;ENSMUSG00000026193;ENSMUSG00000059810;ENSMUSG00000033174;ENSMUSG00000049112;ENSMUSG00000020123;ENSMUSG00000030790;ENSMUSG00000037552;ENSMUSG00000001240;ENSMUSG00000039621;ENSMUSG00000110195;ENSMUSG00000042644;ENSMUSG00000054364;ENSMUSG00000024659;ENSMUSG00000045573;ENSMUSG00000040964;ENSMUSG00000038668;ENSMUSG00000026678;ENSMUSG00000070368;ENSMUSG00000094686;ENSMUSG00000000555;ENSMUSG00000029380;ENSMUSG00000018909;ENSMUSG00000042770;ENSMUSG00000031489;ENSMUSG00000032875;ENSMUSG00000042429;ENSMUSG00000031778;ENSMUSG00000029778;ENSMUSG00000019464;ENSMUSG00000040133;ENSMUSG00000002997;ENSMUSG00000021367;ENSMUSG00000029819;ENSMUSG00000021070;ENSMUSG00000024486;ENSMUSG00000029372;ENSMUSG00000031390;ENSMUSG00000041417;ENSMUSG00000024697;ENSMUSG00000056220;ENSMUSG00000022122;ENSMUSG00000027249;ENSMUSG00000019467;ENSMUSG00000026475	False	True
kidney	R-MMU-388841_REGULATION_OF_T_CELL_ACTIVATION_BY_CD28_FAMILY	-0.004135093429137431	6	0	6	-0.004135093429137431	6	0	6	-0.005913297885294748	6.0	1.0	5.0	-0.005913297885294748	6.0	1.0	5.0	-0.8781109984200329	0.7368421052631579	0.7855206223629438	ENSMUSG00000069303;ENSMUSG00000070348;ENSMUSG00000093769;ENSMUSG00000036594;ENSMUSG00000060586;ENSMUSG00000073421;ENSMUSG00000032093;ENSMUSG00000018102;ENSMUSG00000081058;ENSMUSG00000028518;ENSMUSG00000064220;ENSMUSG00000064288;ENSMUSG00000016496;ENSMUSG00000005763;ENSMUSG00000026011;ENSMUSG00000095217;ENSMUSG00000068240;ENSMUSG00000071478;ENSMUSG00000094248;ENSMUSG00000006542;ENSMUSG00000069308;ENSMUSG00000063954;ENSMUSG00000069272;ENSMUSG00000069305;ENSMUSG00000074403;ENSMUSG00000069306;ENSMUSG00000069266;ENSMUSG00000032715;ENSMUSG00000058385;ENSMUSG00000099517;ENSMUSG00000069309;ENSMUSG00000069300;ENSMUSG00000019843;ENSMUSG00000028698;ENSMUSG00000094777;ENSMUSG00000101972;ENSMUSG00000069301;ENSMUSG00000061615;ENSMUSG00000094338;ENSMUSG00000060981;ENSMUSG00000069267;ENSMUSG00000031284;ENSMUSG00000069302;ENSMUSG00000071516;ENSMUSG00000041417;ENSMUSG00000101355	True	True
kidney	R-MMU-389948_CO_INHIBITION_BY_PD_1	0.005829913535314327	6	5	1	0.005829913535314326	6	5	1	-0.007172710913379674	6.0	1.0	5.0	-0.007172710913379674	6.0	1.0	5.0	-0.9800298634062978	0.38461538461538464	0.629956355332612	ENSMUSG00000069303;ENSMUSG00000070348;ENSMUSG00000093769;ENSMUSG00000036594;ENSMUSG00000060586;ENSMUSG00000073421;ENSMUSG00000032093;ENSMUSG00000018102;ENSMUSG00000081058;ENSMUSG00000028518;ENSMUSG00000064220;ENSMUSG00000064288;ENSMUSG00000016496	False	False
kidney	R-MMU-392499_METABOLISM_OF_PROTEINS	0.08389632763157806	6	4	2	0.08389632763157806	6	4	2	0.0006099336011647048	6.0	3.0	3.0	0.0006099336011647048	6.0	3.0	3.0	1.051133516578273	0.307	1.0	ENSMUSG00000033860;ENSMUSG00000038156;ENSMUSG00000027875;ENSMUSG00000023885;ENSMUSG00000028001;ENSMUSG00000070645;ENSMUSG00000022868;ENSMUSG00000036040;ENSMUSG00000032083;ENSMUSG00000034040;ENSMUSG00000028364;ENSMUSG00000006403;ENSMUSG00000004328;ENSMUSG00000003411;ENSMUSG00000027204;ENSMUSG00000039323;ENSMUSG00000026185;ENSMUSG00000039911;ENSMUSG00000021614;ENSMUSG00000024164;ENSMUSG00000066113;ENSMUSG00000026193;ENSMUSG00000022894;ENSMUSG00000022598;ENSMUSG00000036545;ENSMUSG00000062727;ENSMUSG00000056091;ENSMUSG00000030107;ENSMUSG00000037035;ENSMUSG00000029070;ENSMUSG00000042784;ENSMUSG00000030217;ENSMUSG00000029309;ENSMUSG00000003617;ENSMUSG00000017677;ENSMUSG00000047497;ENSMUSG00000032625;ENSMUSG00000013846;ENSMUSG00000021062;ENSMUSG00000072949;ENSMUSG00000024299;ENSMUSG00000020303;ENSMUSG00000021125;ENSMUSG00000030022;ENSMUSG00000020427;ENSMUSG00000021025;ENSMUSG00000079015;ENSMUSG00000058672;ENSMUSG00000027792;ENSMUSG00000024140;ENSMUSG00000014599;ENSMUSG00000045573;ENSMUSG00000022893;ENSMUSG00000040296;ENSMUSG00000020027;ENSMUSG00000058756;ENSMUSG00000051236;ENSMUSG00000024736;ENSMUSG00000021226;ENSMUSG00000032578;ENSMUSG00000037306;ENSMUSG00000035638;ENSMUSG00000030605;ENSMUSG00000046223;ENSMUSG00000054385;ENSMUSG00000018909;ENSMUSG00000045136;ENSMUSG00000032786;ENSMUSG00000061991;ENSMUSG00000015850;ENSMUSG00000073530;ENSMUSG00000001473;ENSMUSG00000033453;ENSMUSG00000025509;ENSMUSG00000063011;ENSMUSG00000024810;ENSMUSG00000021228;ENSMUSG00000049538;ENSMUSG00000024660;ENSMUSG00000053113;ENSMUSG00000072235;ENSMUSG00000021556;ENSMUSG00000001870;ENSMUSG00000032068;ENSMUSG00000048583;ENSMUSG00000030055;ENSMUSG00000025789;ENSMUSG00000029368;ENSMUSG00000039952;ENSMUSG00000043099;ENSMUSG00000034634;ENSMUSG00000025403;ENSMUSG00000023004;ENSMUSG00000029223;ENSMUSG00000057346;ENSMUSG00000025650;ENSMUSG00000030091;ENSMUSG00000056492;ENSMUSG00000021835;ENSMUSG00000024697;ENSMUSG00000037379;ENSMUSG00000036256;ENSMUSG00000022816;ENSMUSG00000046841;ENSMUSG00000071516;ENSMUSG00000000142;ENSMUSG00000022475;ENSMUSG00000069302;ENSMUSG00000027249;ENSMUSG00000060981;ENSMUSG00000068220;ENSMUSG00000022579;ENSMUSG00000002985;ENSMUSG00000022912;ENSMUSG00000112449;ENSMUSG00000062380;ENSMUSG00000022479;ENSMUSG00000094338;ENSMUSG00000033684;ENSMUSG00000061615;ENSMUSG00000025225;ENSMUSG00000031444;ENSMUSG00000026110;ENSMUSG00000020183;ENSMUSG00000074272;ENSMUSG00000032000;ENSMUSG00000069301;ENSMUSG00000061878;ENSMUSG00000025007;ENSMUSG00000001827;ENSMUSG00000032079;ENSMUSG00000041445;ENSMUSG00000040434;ENSMUSG00000028766;ENSMUSG00000051650;ENSMUSG00000047638;ENSMUSG00000025854;ENSMUSG00000006517;ENSMUSG00000031490;ENSMUSG00000020642	True	True
kidney	R-MMU-397014_MUSCLE_CONTRACTION	0.05286030247076049	6	5	1	0.05286030247076049	6	5	1	0.0060725710884497255	6.0	5.0	1.0	0.0060725710884497255	6.0	5.0	1.0	1.5776590353387923	0.0	0.20395401380152364	ENSMUSG00000018830;ENSMUSG00000033910;ENSMUSG00000051331;ENSMUSG00000035783;ENSMUSG00000020788;ENSMUSG00000041329;ENSMUSG00000040896;ENSMUSG00000030409;ENSMUSG00000027931;ENSMUSG00000007097;ENSMUSG00000049265;ENSMUSG00000028464;ENSMUSG00000026208;ENSMUSG00000028005;ENSMUSG00000029761;ENSMUSG00000042644;ENSMUSG00000040907;ENSMUSG00000022836;ENSMUSG00000117098;ENSMUSG00000022091;ENSMUSG00000059430;ENSMUSG00000057092;ENSMUSG00000026728;ENSMUSG00000067818;ENSMUSG00000045103	True	True
kidney	R-MMU-416476_G_ALPHA_Q_SIGNALLING_EVENTS	0.05897927212807016	6	4	2	0.05897927212807016	6	4	2	-5.8158390359145176e-05	6.0	3.0	3.0	-5.8158390359145176e-05	6.0	3.0	3.0	1.1132884608204607	0.2919191919191919	0.936955751620272	ENSMUSG00000048376;ENSMUSG00000031616;ENSMUSG00000059810;ENSMUSG00000033174;ENSMUSG00000049112;ENSMUSG00000020123;ENSMUSG00000042644;ENSMUSG00000024659;ENSMUSG00000038668;ENSMUSG00000026678;ENSMUSG00000070368;ENSMUSG00000019464;ENSMUSG00000021367;ENSMUSG00000021070;ENSMUSG00000024486;ENSMUSG00000041417;ENSMUSG00000024697;ENSMUSG00000022122;ENSMUSG00000027249;ENSMUSG00000019467;ENSMUSG00000026475	False	True
kidney	R-MMU-416482_G_ALPHA_12_13_SIGNALLING_EVENTS	0.0011730436076143281	6	5	1	0.0011730436076143281	6	5	1	-0.001344924991498293	6.0	4.0	2.0	-0.001344924991498293	6.0	4.0	2.0	0.8229440674335871	0.7626752966558792	1.0	ENSMUSG00000037552;ENSMUSG00000039621;ENSMUSG00000054364;ENSMUSG00000040964;ENSMUSG00000032875;ENSMUSG00000019467;ENSMUSG00000021895;ENSMUSG00000037946;ENSMUSG00000002233;ENSMUSG00000020580;ENSMUSG00000028919	False	True
kidney	R-MMU-418346_PLATELET_HOMEOSTASIS	-0.0012538412266450295	6	2	4	-0.0012538412266450295	6	2	4	0.0004048984313004741	6.0	5.0	1.0	0.0004048984313004741	6.0	5.0	1.0	1.1362671699716607	0.31929046563192903	0.9535591191194728	ENSMUSG00000020788;ENSMUSG00000005611;ENSMUSG00000110195;ENSMUSG00000042644;ENSMUSG00000020717	False	False
kidney	R-MMU-418555_G_ALPHA_S_SIGNALLING_EVENTS	-0.0011536794208347955	6	2	4	-0.0011536794208347955	6	2	4	0.002470720350705059	6.0	4.0	2.0	0.002470720350705059	6.0	4.0	2.0	1.4557082313031184	0.02685284640171858	0.36159548090941596	ENSMUSG00000041741;ENSMUSG00000026193;ENSMUSG00000030790;ENSMUSG00000001240;ENSMUSG00000110195;ENSMUSG00000000555;ENSMUSG00000018909;ENSMUSG00000031489;ENSMUSG00000029778;ENSMUSG00000040133;ENSMUSG00000002997	False	False
kidney	R-MMU-418594_G_ALPHA_I_SIGNALLING_EVENTS	-0.10079649163742699	6	1	5	-0.10079649163742699	6	1	5	-0.0023960342910992077	6.0	2.0	4.0	-0.0023960342910992077	6.0	2.0	4.0	0.6975870948335785	0.9458917835671342	1.0	ENSMUSG00000036437;ENSMUSG00000067586;ENSMUSG00000074715;ENSMUSG00000024164;ENSMUSG00000059810;ENSMUSG00000024659;ENSMUSG00000045573;ENSMUSG00000038668;ENSMUSG00000026678;ENSMUSG00000094686;ENSMUSG00000029380;ENSMUSG00000042770;ENSMUSG00000042429;ENSMUSG00000031778;ENSMUSG00000002997;ENSMUSG00000029819;ENSMUSG00000021070;ENSMUSG00000029372;ENSMUSG00000024697;ENSMUSG00000056220	True	False
kidney	R-MMU-418990_ADHERENS_JUNCTIONS_INTERACTIONS	-0.019755624057645183	6	2	4	-0.019755624057645183	6	2	4	-0.0017431266747515277	6.0	2.0	4.0	-0.0017431266747515277	6.0	2.0	4.0	0.8090073958244937	0.8234106962663976	1.0	ENSMUSG00000035783;ENSMUSG00000027947;ENSMUSG00000031673;ENSMUSG00000062727;ENSMUSG00000031841;ENSMUSG00000059430;ENSMUSG00000061991;ENSMUSG00000032012;ENSMUSG00000026872;ENSMUSG00000101355;ENSMUSG00000071516;ENSMUSG00000069302;ENSMUSG00000011256;ENSMUSG00000069267;ENSMUSG00000060981;ENSMUSG00000031871;ENSMUSG00000094338;ENSMUSG00000061615;ENSMUSG00000021823;ENSMUSG00000069301;ENSMUSG00000101972;ENSMUSG00000004040;ENSMUSG00000101645;ENSMUSG00000024238	True	False
kidney	R-MMU-419037_NCAM1_INTERACTIONS	-0.00017727501068201786	6	2	4	-0.00017727501068201786	6	2	4	0.005929820919483002	6.0	4.0	2.0	0.005929820919483002	6.0	4.0	2.0	1.516608362531501	0.025136612021857924	0.2470397210745427	ENSMUSG00000004098;ENSMUSG00000031503;ENSMUSG00000031502;ENSMUSG00000026837;ENSMUSG00000001119;ENSMUSG00000020241	False	False
kidney	R-MMU-421270_CELL_CELL_JUNCTION_ORGANIZATION	0.04606608075073101	6	5	1	0.04606608075073101	6	5	1	-0.0016905078974720812	6.0	2.0	4.0	-0.0016905078974720812	6.0	2.0	4.0	0.8300436042136035	0.8014112903225806	1.0	ENSMUSG00000035783;ENSMUSG00000027947;ENSMUSG00000031673;ENSMUSG00000062727;ENSMUSG00000031841;ENSMUSG00000059430;ENSMUSG00000061991;ENSMUSG00000032012;ENSMUSG00000026872;ENSMUSG00000101355;ENSMUSG00000071516;ENSMUSG00000069302;ENSMUSG00000011256;ENSMUSG00000069267;ENSMUSG00000060981;ENSMUSG00000031871;ENSMUSG00000094338;ENSMUSG00000061615;ENSMUSG00000021823;ENSMUSG00000069301;ENSMUSG00000101972;ENSMUSG00000039683;ENSMUSG00000004040;ENSMUSG00000101645;ENSMUSG00000024238	False	True
kidney	R-MMU-422475_AXON_GUIDANCE	-0.02208861997076032	6	3	3	-0.02208861997076032	6	3	3	0.0009860713073777266	6.0	3.0	3.0	0.0009860713073777266	6.0	3.0	3.0	1.1936424983650273	0.12212212212212212	0.7961918717368053	ENSMUSG00000004098;ENSMUSG00000031503;ENSMUSG00000031502;ENSMUSG00000026837;ENSMUSG00000039115;ENSMUSG00000006445;ENSMUSG00000001119;ENSMUSG00000020241;ENSMUSG00000030110;ENSMUSG00000031217;ENSMUSG00000020689;ENSMUSG00000021493;ENSMUSG00000031740;ENSMUSG00000022048;ENSMUSG00000054364;ENSMUSG00000058672;ENSMUSG00000038264;ENSMUSG00000022623;ENSMUSG00000048126;ENSMUSG00000000555;ENSMUSG00000045136;ENSMUSG00000034220;ENSMUSG00000056427;ENSMUSG00000001473;ENSMUSG00000063531;ENSMUSG00000030123;ENSMUSG00000029622;ENSMUSG00000072235;ENSMUSG00000024501;ENSMUSG00000025789;ENSMUSG00000039952;ENSMUSG00000023004;ENSMUSG00000041417;ENSMUSG00000025810;ENSMUSG00000038894;ENSMUSG00000001300;ENSMUSG00000031284	False	False
kidney	R-MMU-425407_SLC_MEDIATED_TRANSMEMBRANE_TRANSPORT	-0.06600251175438565	6	1	5	-0.06600251175438565	6	1	5	-0.0007507059530588814	6.0	3.0	3.0	-0.0007507059530588814	6.0	3.0	3.0	0.8229434797914664	0.8597194388777555	1.0	ENSMUSG00000030109;ENSMUSG00000032548;ENSMUSG00000042371;ENSMUSG00000010064;ENSMUSG00000030737;ENSMUSG00000024552;ENSMUSG00000063873;ENSMUSG00000026435;ENSMUSG00000003617;ENSMUSG00000020264;ENSMUSG00000031808;ENSMUSG00000038963;ENSMUSG00000017765;ENSMUSG00000029321;ENSMUSG00000022180;ENSMUSG00000032902;ENSMUSG00000061742;ENSMUSG00000025792;ENSMUSG00000024485;ENSMUSG00000023942;ENSMUSG00000030108;ENSMUSG00000011034;ENSMUSG00000024737;ENSMUSG00000041313;ENSMUSG00000059336;ENSMUSG00000025993;ENSMUSG00000024650;ENSMUSG00000027690;ENSMUSG00000025726;ENSMUSG00000030769;ENSMUSG00000001918	True	False
kidney	R-MMU-428157_SPHINGOLIPID_METABOLISM	-0.02275093478333334	6	2	4	-0.02275093478333334	6	2	4	-0.005167400826921254	6.0	2.0	4.0	-0.005167400826921254	6.0	2.0	4.0	0.6729705542252052	0.9103375527426161	1.0	ENSMUSG00000056091;ENSMUSG00000028517;ENSMUSG00000021759;ENSMUSG00000075296;ENSMUSG00000038007;ENSMUSG00000021263	True	False
kidney	R-MMU-4420097_VEGFA_VEGFR2_PATHWAY	0.00107992835853655	6	3	3	0.00107992835853655	6	3	3	-1.145423400625752e-06	6.0	4.0	2.0	-1.145423400625752e-06	6.0	4.0	2.0	0.7612514888652979	0.8248407643312102	1.0	ENSMUSG00000002602;ENSMUSG00000020689;ENSMUSG00000004951;ENSMUSG00000041417;ENSMUSG00000031284;ENSMUSG00000031871;ENSMUSG00000062960;ENSMUSG00000061878;ENSMUSG00000101645;ENSMUSG00000020580;ENSMUSG00000019843;ENSMUSG00000004864;ENSMUSG00000007655;ENSMUSG00000022488;ENSMUSG00000026480;ENSMUSG00000006519;ENSMUSG00000032715;ENSMUSG00000029636	False	True
kidney	R-MMU-445355_SMOOTH_MUSCLE_CONTRACTION	0.0839337876619883	6	4	2	0.0839337876619883	6	4	2	0.013430286064977362	6.0	5.0	1.0	0.013430286064977362	6.0	5.0	1.0	1.5541759040696606	0.014623172103487065	0.18269239846314086	ENSMUSG00000018830;ENSMUSG00000033910;ENSMUSG00000035783;ENSMUSG00000028464;ENSMUSG00000028005;ENSMUSG00000029761;ENSMUSG00000022836;ENSMUSG00000117098;ENSMUSG00000022091;ENSMUSG00000059430;ENSMUSG00000067818;ENSMUSG00000032366	True	True
kidney	R-MMU-446203_ASPARAGINE_N_LINKED_GLYCOSYLATION	-0.05063507780701759	6	1	5	-0.05063507780701759	6	1	5	-0.004358334343643339	6.0	2.0	4.0	-0.004358334343643339	6.0	2.0	4.0	0.7897120471692581	0.7965056526207606	1.0	ENSMUSG00000056091;ENSMUSG00000013846;ENSMUSG00000079015;ENSMUSG00000058672;ENSMUSG00000037306;ENSMUSG00000045136;ENSMUSG00000001473;ENSMUSG00000072235;ENSMUSG00000025789;ENSMUSG00000023004;ENSMUSG00000025650;ENSMUSG00000062380;ENSMUSG00000026110;ENSMUSG00000001827;ENSMUSG00000006517	True	False
kidney	R-MMU-446728_CELL_JUNCTION_ORGANIZATION	0.07556490944444454	6	5	1	0.07556490944444454	6	5	1	-0.0003234734422829522	6.0	2.0	4.0	-0.0003234734422829522	6.0	2.0	4.0	0.9939460095447424	0.5156092648539778	1.0	ENSMUSG00000035783;ENSMUSG00000027947;ENSMUSG00000031673;ENSMUSG00000031328;ENSMUSG00000062727;ENSMUSG00000068699;ENSMUSG00000006219;ENSMUSG00000031841;ENSMUSG00000059430;ENSMUSG00000061991;ENSMUSG00000020758;ENSMUSG00000032012;ENSMUSG00000015143;ENSMUSG00000026872;ENSMUSG00000027111;ENSMUSG00000101355;ENSMUSG00000071516;ENSMUSG00000069302;ENSMUSG00000011256;ENSMUSG00000069267;ENSMUSG00000060981;ENSMUSG00000022565;ENSMUSG00000031871;ENSMUSG00000094338;ENSMUSG00000061615;ENSMUSG00000021823;ENSMUSG00000069301;ENSMUSG00000101972;ENSMUSG00000039683;ENSMUSG00000004040;ENSMUSG00000101645;ENSMUSG00000024238;ENSMUSG00000024395;ENSMUSG00000094777	False	True
kidney	R-MMU-449147_SIGNALING_BY_INTERLEUKINS	0.01930426932748545	6	5	1	0.01930426932748545	6	5	1	0.001057729950553592	6.0	4.0	2.0	0.001057729950553592	6.0	4.0	2.0	1.0877325075555755	0.34236947791164657	1.0	ENSMUSG00000021250;ENSMUSG00000027947;ENSMUSG00000005364;ENSMUSG00000030107;ENSMUSG00000022146;ENSMUSG00000021025;ENSMUSG00000014599;ENSMUSG00000007888;ENSMUSG00000020592;ENSMUSG00000026072;ENSMUSG00000052684;ENSMUSG00000024810;ENSMUSG00000053113;ENSMUSG00000021457;ENSMUSG00000101355;ENSMUSG00000041417;ENSMUSG00000026288;ENSMUSG00000034394;ENSMUSG00000038894;ENSMUSG00000069267;ENSMUSG00000030748;ENSMUSG00000023809;ENSMUSG00000025225;ENSMUSG00000101972;ENSMUSG00000004040	True	True
kidney	R-MMU-453274_MITOTIC_G2_G2_M_PHASES	0.039284747974868424	6	5	1	0.039284747974868424	6	5	1	0.003174246092512493	6.0	2.0	4.0	0.003174246092512493	6.0	2.0	4.0	1.1333671842046316	0.3057591623036649	0.9342971719090206	ENSMUSG00000023067;ENSMUSG00000058672;ENSMUSG00000045136;ENSMUSG00000001473;ENSMUSG00000002997;ENSMUSG00000072235;ENSMUSG00000001525;ENSMUSG00000023004;ENSMUSG00000044783;ENSMUSG00000023764;ENSMUSG00000062380	True	True
kidney	R-MMU-4839726_CHROMATIN_ORGANIZATION	0.037883163660818786	6	6	0	0.037883163660818786	6	6	0	-0.0034738547959571584	6.0	3.0	3.0	-0.0034738547959571584	6.0	3.0	3.0	0.4977182028635607	0.9959308240081384	1.0	ENSMUSG00000062727;ENSMUSG00000078154;ENSMUSG00000061991;ENSMUSG00000101355;ENSMUSG00000048154;ENSMUSG00000071516;ENSMUSG00000069302;ENSMUSG00000069267;ENSMUSG00000060981;ENSMUSG00000094338;ENSMUSG00000061615;ENSMUSG00000018476;ENSMUSG00000025225;ENSMUSG00000069301;ENSMUSG00000101972	False	True
kidney	R-MMU-500792_GPCR_LIGAND_BINDING	-0.09744491979532167	6	1	5	-0.09744491979532167	6	1	5	-0.0012812989402535928	6.0	2.0	4.0	-0.0012812989402535928	6.0	2.0	4.0	0.9113142532083517	0.708	1.0	ENSMUSG00000036437;ENSMUSG00000067586;ENSMUSG00000074715;ENSMUSG00000048376;ENSMUSG00000024164;ENSMUSG00000031616;ENSMUSG00000049112;ENSMUSG00000020123;ENSMUSG00000030790;ENSMUSG00000042190;ENSMUSG00000045092;ENSMUSG00000001240;ENSMUSG00000024659;ENSMUSG00000045573;ENSMUSG00000038668;ENSMUSG00000070368;ENSMUSG00000094686;ENSMUSG00000029380;ENSMUSG00000002885;ENSMUSG00000042770;ENSMUSG00000031489;ENSMUSG00000042429;ENSMUSG00000031778;ENSMUSG00000029778;ENSMUSG00000019464;ENSMUSG00000021367;ENSMUSG00000029819;ENSMUSG00000021070	True	False
kidney	R-MMU-5173105_O_LINKED_GLYCOSYLATION	0.03891076535087704	6	4	2	0.03891076535087704	6	4	2	0.004677627511679427	6.0	6.0	0.0	0.004677627511679427	6.0	6.0	0.0	1.443691629228291	0.02434077079107505	0.32391152256252276	ENSMUSG00000038156;ENSMUSG00000023885;ENSMUSG00000036040;ENSMUSG00000034040;ENSMUSG00000006403;ENSMUSG00000066113;ENSMUSG00000022894;ENSMUSG00000036545;ENSMUSG00000042784;ENSMUSG00000047497;ENSMUSG00000032625;ENSMUSG00000013846;ENSMUSG00000024299;ENSMUSG00000030022;ENSMUSG00000022893;ENSMUSG00000035638;ENSMUSG00000015850;ENSMUSG00000033453;ENSMUSG00000049538	True	True
kidney	R-MMU-5173214_O_GLYCOSYLATION_OF_TSR_DOMAIN_CONTAINING_PROTEINS	0.002651409112573111	6	3	3	0.002651409112573111	6	3	3	0.013427173216851293	6.0	6.0	0.0	0.013427173216851293	6.0	6.0	0.0	1.840467746836116	0.0	0.02519895151215736	ENSMUSG00000038156;ENSMUSG00000023885;ENSMUSG00000036040;ENSMUSG00000006403;ENSMUSG00000066113;ENSMUSG00000022894;ENSMUSG00000036545;ENSMUSG00000047497;ENSMUSG00000032625;ENSMUSG00000024299;ENSMUSG00000030022;ENSMUSG00000022893;ENSMUSG00000015850;ENSMUSG00000033453;ENSMUSG00000049538	True	True
kidney	R-MMU-5357801_PROGRAMMED_CELL_DEATH	0.0016805720029239302	6	4	2	0.0016805720029239302	6	4	2	-0.0020419321320667727	6.0	2.0	4.0	-0.0020419321320667727	6.0	2.0	4.0	0.49164874438734957	0.995846313603323	1.0	ENSMUSG00000039005;ENSMUSG00000020486;ENSMUSG00000026413;ENSMUSG00000026728;ENSMUSG00000051627;ENSMUSG00000047281;ENSMUSG00000028063;ENSMUSG00000026879;ENSMUSG00000022565;ENSMUSG00000051439;ENSMUSG00000052565;ENSMUSG00000032000;ENSMUSG00000040093;ENSMUSG00000030516;ENSMUSG00000018411;ENSMUSG00000054889;ENSMUSG00000033538	False	True
kidney	R-MMU-5358351_SIGNALING_BY_HEDGEHOG	-1.1134513157984305e-05	6	2	4	-1.1134513157984305e-05	6	2	4	0.0012579335114921233	6.0	3.0	3.0	0.0012579335114921233	6.0	3.0	3.0	1.2916429479549199	0.1357370095440085	0.6602525279542564	ENSMUSG00000042156;ENSMUSG00000058672;ENSMUSG00000018909;ENSMUSG00000045136;ENSMUSG00000001473;ENSMUSG00000064325;ENSMUSG00000002997;ENSMUSG00000072235;ENSMUSG00000023004;ENSMUSG00000006538;ENSMUSG00000062380;ENSMUSG00000038119	False	False
kidney	R-MMU-5362517_SIGNALING_BY_RETINOIC_ACID	0.024656253276549706	6	4	2	0.024656253276549706	6	4	2	0.0030719316907132817	6.0	3.0	3.0	0.0030719316907132817	6.0	3.0	3.0	1.2682806083075255	0.13268608414239483	0.6893183773945398	ENSMUSG00000063415;ENSMUSG00000053279;ENSMUSG00000015134;ENSMUSG00000017491;ENSMUSG00000019577;ENSMUSG00000066026;ENSMUSG00000013584;ENSMUSG00000021214;ENSMUSG00000027533;ENSMUSG00000074207;ENSMUSG00000004885	True	True
kidney	R-MMU-5365859_RA_BIOSYNTHESIS_PATHWAY	0.0018484401944634501	6	2	4	0.0018484401944634504	6	2	4	0.00233217833926299	6.0	4.0	2.0	0.00233217833926299	6.0	4.0	2.0	1.285560722334845	0.1261061946902655	0.6751479951343465	ENSMUSG00000063415;ENSMUSG00000053279;ENSMUSG00000015134;ENSMUSG00000066026;ENSMUSG00000013584;ENSMUSG00000021214	True	True
kidney	R-MMU-556833_METABOLISM_OF_LIPIDS	-0.04257512154970744	6	2	4	-0.04257512154970744	6	2	4	5.912727401236051e-05	6.0	3.0	3.0	5.912727401236051e-05	6.0	3.0	3.0	1.0388130747716104	0.403	1.0	ENSMUSG00000028715;ENSMUSG00000027875;ENSMUSG00000066072;ENSMUSG00000035686;ENSMUSG00000025153;ENSMUSG00000001642;ENSMUSG00000019232;ENSMUSG00000061740;ENSMUSG00000038754;ENSMUSG00000038567;ENSMUSG00000023019;ENSMUSG00000054422;ENSMUSG00000032487;ENSMUSG00000021884;ENSMUSG00000024087;ENSMUSG00000050860;ENSMUSG00000033174;ENSMUSG00000029762;ENSMUSG00000056091;ENSMUSG00000015090;ENSMUSG00000026827;ENSMUSG00000051483;ENSMUSG00000030278;ENSMUSG00000027580;ENSMUSG00000028517;ENSMUSG00000018924;ENSMUSG00000032281;ENSMUSG00000050737;ENSMUSG00000072949;ENSMUSG00000059743;ENSMUSG00000022215;ENSMUSG00000052131;ENSMUSG00000021759;ENSMUSG00000060807;ENSMUSG00000075296;ENSMUSG00000024526;ENSMUSG00000062515;ENSMUSG00000017969;ENSMUSG00000028712;ENSMUSG00000021226;ENSMUSG00000038007;ENSMUSG00000021263;ENSMUSG00000025509;ENSMUSG00000021228;ENSMUSG00000095143;ENSMUSG00000078597;ENSMUSG00000041220;ENSMUSG00000076435;ENSMUSG00000008035;ENSMUSG00000029368;ENSMUSG00000021214;ENSMUSG00000031844;ENSMUSG00000034853;ENSMUSG00000019278;ENSMUSG00000041417;ENSMUSG00000026288;ENSMUSG00000026170;ENSMUSG00000056220;ENSMUSG00000056035;ENSMUSG00000020865;ENSMUSG00000028497;ENSMUSG00000034926;ENSMUSG00000042289;ENSMUSG00000035540	False	False
kidney	R-MMU-5576891_CARDIAC_CONDUCTION	0.05864576172095028	6	5	1	0.05864576172095027	6	5	1	0.002452441157559345	6.0	5.0	1.0	0.002452441157559345	6.0	5.0	1.0	1.3946849050848158	0.04253112033195021	0.4175226275550073	ENSMUSG00000051331;ENSMUSG00000020788;ENSMUSG00000041329;ENSMUSG00000040896;ENSMUSG00000030409;ENSMUSG00000027931;ENSMUSG00000007097;ENSMUSG00000049265;ENSMUSG00000042644;ENSMUSG00000040907	True	True
kidney	R-MMU-5578775_ION_HOMEOSTASIS	-0.057066599747076036	6	0	6	-0.057066599747076036	6	0	6	0.0030279918991207738	6.0	3.0	3.0	0.0030279918991207738	6.0	3.0	3.0	1.2305402762140336	0.1779475982532751	0.7223413731087013	ENSMUSG00000020788;ENSMUSG00000041329;ENSMUSG00000030409;ENSMUSG00000007097;ENSMUSG00000042644;ENSMUSG00000040907;ENSMUSG00000057092	False	False
kidney	R-MMU-5617833_CILIUM_ASSEMBLY	4.492732456133167e-05	6	2	4	4.492732456133167e-05	6	2	4	0.005487607392544255	6.0	4.0	2.0	0.005487607392544255	6.0	4.0	2.0	1.2317081681928344	0.20331491712707184	0.7287519358685832	ENSMUSG00000058672;ENSMUSG00000045136;ENSMUSG00000001473;ENSMUSG00000002997;ENSMUSG00000072235;ENSMUSG00000079707;ENSMUSG00000001525;ENSMUSG00000023004;ENSMUSG00000032855;ENSMUSG00000023764;ENSMUSG00000062380	True	True
kidney	R-MMU-5653656_VESICLE_MEDIATED_TRANSPORT	-0.006062117295321763	6	3	3	-0.006062117295321763	6	3	3	-0.0002836301589716553	6.0	3.0	3.0	-0.0002836301589716553	6.0	3.0	3.0	0.93185388323409	0.6706706706706707	1.0	ENSMUSG00000040249;ENSMUSG00000032083;ENSMUSG00000069919;ENSMUSG00000031722;ENSMUSG00000033855;ENSMUSG00000030895;ENSMUSG00000022887;ENSMUSG00000039959;ENSMUSG00000014602;ENSMUSG00000079015;ENSMUSG00000058672;ENSMUSG00000052305;ENSMUSG00000046623;ENSMUSG00000018593;ENSMUSG00000018909;ENSMUSG00000045136;ENSMUSG00000021294;ENSMUSG00000073940;ENSMUSG00000001473;ENSMUSG00000072235;ENSMUSG00000057123;ENSMUSG00000030055;ENSMUSG00000024486;ENSMUSG00000029368;ENSMUSG00000023004;ENSMUSG00000057346;ENSMUSG00000025650;ENSMUSG00000018001;ENSMUSG00000031390;ENSMUSG00000056220;ENSMUSG00000047797;ENSMUSG00000039976;ENSMUSG00000002985;ENSMUSG00000032193;ENSMUSG00000062380;ENSMUSG00000042286;ENSMUSG00000031098;ENSMUSG00000032254;ENSMUSG00000001827;ENSMUSG00000026825;ENSMUSG00000041642;ENSMUSG00000045328;ENSMUSG00000049115;ENSMUSG00000056515;ENSMUSG00000031024;ENSMUSG00000037936;ENSMUSG00000022797;ENSMUSG00000040265;ENSMUSG00000030516;ENSMUSG00000035459;ENSMUSG00000032554	True	False
kidney	R-MMU-5663220_RHO_GTPASES_ACTIVATE_FORMINS	-0.001420109644628801	6	2	4	-0.001420109644628801	6	2	4	0.002856376518575904	6.0	3.0	3.0	0.002856376518575904	6.0	3.0	3.0	1.0624239438152907	0.4098018769551616	1.0	ENSMUSG00000023008;ENSMUSG00000054364;ENSMUSG00000058672;ENSMUSG00000045136;ENSMUSG00000001473;ENSMUSG00000024660;ENSMUSG00000072235;ENSMUSG00000029414;ENSMUSG00000023004;ENSMUSG00000062380;ENSMUSG00000036053;ENSMUSG00000029177;ENSMUSG00000045328;ENSMUSG00000002233	False	False
kidney	R-MMU-5673001_RAF_MAP_KINASE_CASCADE	-0.0057975076023391026	6	3	3	-0.0057975076023391026	6	3	3	-4.688690285255837e-05	6.0	3.0	3.0	-4.688690285255837e-05	6.0	3.0	3.0	1.0450033701955874	0.4070707070707071	1.0	ENSMUSG00000033860;ENSMUSG00000028001;ENSMUSG00000033831;ENSMUSG00000024620;ENSMUSG00000026193;ENSMUSG00000029231;ENSMUSG00000005364;ENSMUSG00000030110;ENSMUSG00000020689	True	False
kidney	R-MMU-5683057_MAPK_FAMILY_SIGNALING_CASCADES	-0.012152667266081885	6	2	4	-0.012152667266081885	6	2	4	0.00016003253749982045	6.0	3.0	3.0	0.00016003253749982045	6.0	3.0	3.0	1.0076091950501087	0.49447236180904525	1.0	ENSMUSG00000033860;ENSMUSG00000028001;ENSMUSG00000033831;ENSMUSG00000024620;ENSMUSG00000027947;ENSMUSG00000026193;ENSMUSG00000029231;ENSMUSG00000005364;ENSMUSG00000030110;ENSMUSG00000020689;ENSMUSG00000036533;ENSMUSG00000024190	False	False
kidney	R-MMU-5684996_MAPK1_MAPK3_SIGNALING	-0.004013938146198863	6	3	3	-0.004013938146198863	6	3	3	0.00042680472643149187	6.0	3.0	3.0	0.00042680472643149187	6.0	3.0	3.0	1.1076690488661065	0.2980866062437059	0.9533228337702032	ENSMUSG00000033860;ENSMUSG00000028001;ENSMUSG00000033831;ENSMUSG00000024620;ENSMUSG00000027947;ENSMUSG00000026193;ENSMUSG00000029231;ENSMUSG00000005364;ENSMUSG00000030110;ENSMUSG00000020689	False	False
kidney	R-MMU-5686938_REGULATION_OF_TLR_BY_ENDOGENOUS_LIGAND	0.0013800383745823104	6	3	3	0.0013800383745823104	6	3	3	0.003794046417323766	6.0	4.0	2.0	0.003794046417323766	6.0	4.0	2.0	1.2248077682654936	0.20693512304250558	0.7266297661041377	ENSMUSG00000033860;ENSMUSG00000028001;ENSMUSG00000033831;ENSMUSG00000016024	True	True
kidney	R-MMU-5688426_DEUBIQUITINATION	0.036203575277777796	6	5	1	0.036203575277777796	6	5	1	-0.0037079923919214907	6.0	1.0	5.0	-0.0037079923919214907	6.0	1.0	5.0	0.791166673547701	0.796086508753862	1.0	ENSMUSG00000030107;ENSMUSG00000021025;ENSMUSG00000040296;ENSMUSG00000018909;ENSMUSG00000061991;ENSMUSG00000024810;ENSMUSG00000029223;ENSMUSG00000071516;ENSMUSG00000000142;ENSMUSG00000069302;ENSMUSG00000061615;ENSMUSG00000032000;ENSMUSG00000069301	False	True
kidney	R-MMU-5689880_UB_SPECIFIC_PROCESSING_PROTEASES	-0.000486179681394737	6	3	3	-0.000486179681394737	6	3	3	-0.003084105617987004	6.0	1.0	5.0	-0.003084105617987004	6.0	1.0	5.0	0.8552449974429673	0.7181628392484343	1.0	ENSMUSG00000030107;ENSMUSG00000021025;ENSMUSG00000040296;ENSMUSG00000018909;ENSMUSG00000061991;ENSMUSG00000024810;ENSMUSG00000071516;ENSMUSG00000000142;ENSMUSG00000069302;ENSMUSG00000061615;ENSMUSG00000032000;ENSMUSG00000069301	True	False
kidney	R-MMU-5693532_DNA_DOUBLE_STRAND_BREAK_REPAIR	-0.014741255342105278	6	3	3	-0.014741255342105278	6	3	3	-0.0035288689195541964	6.0	2.0	4.0	-0.0035288689195541964	6.0	2.0	4.0	-1.0913283295453007	0.3815789473684211	0.6007902841536406	ENSMUSG00000066878;ENSMUSG00000069303	True	True
kidney	R-MMU-5693538_HOMOLOGY_DIRECTED_REPAIR	0.0016705624855157901	6	4	2	0.0016705624855157901	6	4	2	-0.0023693831697794896	6.0	3.0	3.0	-0.0023693831697794896	6.0	3.0	3.0	0.41414346791111245	0.9988876529477196	1.0	ENSMUSG00000062727	False	True
kidney	R-MMU-5693565_RECRUITMENT_AND_ATM_MEDIATED_PHOSPHORYLATION_OF_REPAIR_AND_SIGNALING_PROTEINS_AT_DNA_DOUBLE_STRAND_BREAKS	-0.0072800132017543095	6	2	4	-0.0072800132017543095	6	2	4	-0.000833213909419428	6.0	4.0	2.0	-0.000833213909419428	6.0	4.0	2.0	0.3604630931232891	1.0	1.0	ENSMUSG00000062727	True	False
kidney	R-MMU-5693567_HDR_THROUGH_HOMOLOGOUS_RECOMBINATION_HRR_OR_SINGLE_STRAND_ANNEALING_SSA	-0.005283192207492105	6	2	4	-0.005283192207492105	6	2	4	-0.0023693831697794896	6.0	3.0	3.0	-0.0023693831697794896	6.0	3.0	3.0	0.41414346791111245	0.9988876529477196	1.0	ENSMUSG00000062727	True	False
kidney	R-MMU-5693571_NONHOMOLOGOUS_END_JOINING_NHEJ	-0.0018472401720438592	6	1	5	-0.0018472401720438592	6	1	5	-0.0012877096316385543	6.0	4.0	2.0	-0.0012877096316385543	6.0	4.0	2.0	0.4166199194848846	0.9966178128523112	1.0	ENSMUSG00000062727	True	False
kidney	R-MMU-5693606_DNA_DOUBLE_STRAND_BREAK_RESPONSE	0.0007862648680116964	6	5	1	0.0007862648680116964	6	5	1	-0.0028869151093355166	6.0	3.0	3.0	-0.0028869151093355166	6.0	3.0	3.0	-1.074252262653535	0.36470588235294116	0.6236785760581449	ENSMUSG00000066878;ENSMUSG00000069303	False	False
kidney	R-MMU-597592_POST_TRANSLATIONAL_PROTEIN_MODIFICATION	0.019306129849707615	6	5	1	0.019306129849707615	6	5	1	0.0013893631079914925	6.0	5.0	1.0	0.0013893631079914925	6.0	5.0	1.0	1.1909981692864535	0.047	0.7975517466614462	ENSMUSG00000033860;ENSMUSG00000038156;ENSMUSG00000023885;ENSMUSG00000028001;ENSMUSG00000022868;ENSMUSG00000036040;ENSMUSG00000032083;ENSMUSG00000034040;ENSMUSG00000028364;ENSMUSG00000006403;ENSMUSG00000004328;ENSMUSG00000003411;ENSMUSG00000027204;ENSMUSG00000026185;ENSMUSG00000039911;ENSMUSG00000021614;ENSMUSG00000024164;ENSMUSG00000066113;ENSMUSG00000026193;ENSMUSG00000022894;ENSMUSG00000022598;ENSMUSG00000036545;ENSMUSG00000062727;ENSMUSG00000056091;ENSMUSG00000030107;ENSMUSG00000029070;ENSMUSG00000042784;ENSMUSG00000030217;ENSMUSG00000029309;ENSMUSG00000003617;ENSMUSG00000017677;ENSMUSG00000047497;ENSMUSG00000032625;ENSMUSG00000013846;ENSMUSG00000021062;ENSMUSG00000024299;ENSMUSG00000020303;ENSMUSG00000030022;ENSMUSG00000020427;ENSMUSG00000021025;ENSMUSG00000079015;ENSMUSG00000058672;ENSMUSG00000024140;ENSMUSG00000014599;ENSMUSG00000045573;ENSMUSG00000022893;ENSMUSG00000040296;ENSMUSG00000020027;ENSMUSG00000058756;ENSMUSG00000024736;ENSMUSG00000032578;ENSMUSG00000037306;ENSMUSG00000035638;ENSMUSG00000030605;ENSMUSG00000046223;ENSMUSG00000054385;ENSMUSG00000018909;ENSMUSG00000045136;ENSMUSG00000061991;ENSMUSG00000015850;ENSMUSG00000001473;ENSMUSG00000033453;ENSMUSG00000025509;ENSMUSG00000063011;ENSMUSG00000024810;ENSMUSG00000049538;ENSMUSG00000024660;ENSMUSG00000053113;ENSMUSG00000072235;ENSMUSG00000021556;ENSMUSG00000001870;ENSMUSG00000032068;ENSMUSG00000030055;ENSMUSG00000025789;ENSMUSG00000029368;ENSMUSG00000039952;ENSMUSG00000043099;ENSMUSG00000034634;ENSMUSG00000023004;ENSMUSG00000029223;ENSMUSG00000057346;ENSMUSG00000025650;ENSMUSG00000030091;ENSMUSG00000021835;ENSMUSG00000037379;ENSMUSG00000036256;ENSMUSG00000022816;ENSMUSG00000046841;ENSMUSG00000071516;ENSMUSG00000000142;ENSMUSG00000022475;ENSMUSG00000069302;ENSMUSG00000027249;ENSMUSG00000060981;ENSMUSG00000068220;ENSMUSG00000022579;ENSMUSG00000002985;ENSMUSG00000022912;ENSMUSG00000062380;ENSMUSG00000022479;ENSMUSG00000094338;ENSMUSG00000033684;ENSMUSG00000061615;ENSMUSG00000025225;ENSMUSG00000031444;ENSMUSG00000026110;ENSMUSG00000020183;ENSMUSG00000074272;ENSMUSG00000032000;ENSMUSG00000069301;ENSMUSG00000001827;ENSMUSG00000032079;ENSMUSG00000041445;ENSMUSG00000040434;ENSMUSG00000028766;ENSMUSG00000051650;ENSMUSG00000047638;ENSMUSG00000025854;ENSMUSG00000006517;ENSMUSG00000020642	True	True
kidney	R-MMU-606279_DEPOSITION_OF_NEW_CENPA_CONTAINING_NUCLEOSOMES_AT_THE_CENTROMERE	0.0024650786732163736	6	4	2	0.0024650786732163736	6	4	2	-0.0007810032772264432	6.0	4.0	2.0	-0.0007810032772264432	6.0	4.0	2.0	0.7441186535114862	0.8430962343096234	1.0	ENSMUSG00000062727;ENSMUSG00000061991;ENSMUSG00000044783;ENSMUSG00000071516;ENSMUSG00000069302;ENSMUSG00000060981;ENSMUSG00000094338;ENSMUSG00000061615;ENSMUSG00000069301;ENSMUSG00000029177	False	True
kidney	R-MMU-6794362_PROTEIN_PROTEIN_INTERACTIONS_AT_SYNAPSES	-0.0456476751396199	6	1	5	-0.0456476751396199	6	1	5	-0.0036604264857451117	6.0	2.0	4.0	-0.0036604264857451117	6.0	2.0	4.0	-1.027840502631481	0.4423076923076923	0.6074637544308211	ENSMUSG00000045871;ENSMUSG00000052572;ENSMUSG00000075478	True	True
kidney	R-MMU-6798695_NEUTROPHIL_DEGRANULATION	-0.11026650940058487	6	1	5	-0.11026650940058487	6	1	5	-0.0017817139345588037	6.0	2.0	4.0	-0.0017817139345588037	6.0	2.0	4.0	0.7261710242613525	0.975	1.0	ENSMUSG00000022868;ENSMUSG00000064267;ENSMUSG00000026822;ENSMUSG00000031722;ENSMUSG00000028976;ENSMUSG00000031825;ENSMUSG00000021091;ENSMUSG00000031827;ENSMUSG00000061780;ENSMUSG00000024164;ENSMUSG00000029811;ENSMUSG00000017466;ENSMUSG00000034993;ENSMUSG00000079015;ENSMUSG00000052305;ENSMUSG00000027435;ENSMUSG00000032231;ENSMUSG00000004665;ENSMUSG00000039196;ENSMUSG00000035273;ENSMUSG00000020717;ENSMUSG00000008540;ENSMUSG00000029380;ENSMUSG00000046223;ENSMUSG00000054385;ENSMUSG00000002885;ENSMUSG00000073940;ENSMUSG00000032788;ENSMUSG00000026413;ENSMUSG00000020277;ENSMUSG00000028599;ENSMUSG00000006301;ENSMUSG00000032561;ENSMUSG00000001525;ENSMUSG00000029372;ENSMUSG00000027907;ENSMUSG00000018774;ENSMUSG00000020154;ENSMUSG00000026880;ENSMUSG00000024349;ENSMUSG00000046841	True	False
kidney	R-MMU-6805567_KERATINIZATION	0.07936306175467836	6	6	0	0.07936306175467836	6	6	0	-0.0005502149158599529	6.0	3.0	3.0	-0.0005502149158599529	6.0	3.0	3.0	1.2477063168545872	0.1754010695187166	0.7381656497509369	ENSMUSG00000020911;ENSMUSG00000006777;ENSMUSG00000023043;ENSMUSG00000035775;ENSMUSG00000026413;ENSMUSG00000049382;ENSMUSG00000037185;ENSMUSG00000039457;ENSMUSG00000034282;ENSMUSG00000023039;ENSMUSG00000040606	False	True
kidney	R-MMU-6806667_METABOLISM_OF_FAT_SOLUBLE_VITAMINS	-0.0020267826061002923	6	3	3	-0.0020267826061002923	6	3	3	0.000401120698642408	6.0	2.0	4.0	0.000401120698642408	6.0	2.0	4.0	0.9579038283684899	0.5749741468459152	1.0	ENSMUSG00000040249;ENSMUSG00000032083;ENSMUSG00000032080;ENSMUSG00000058571;ENSMUSG00000024990;ENSMUSG00000025743;ENSMUSG00000020592;ENSMUSG00000034220	False	False
kidney	R-MMU-6806834_SIGNALING_BY_MET	0.03240550553711112	6	5	1	0.03240550553711112	6	5	1	0.003723374505914291	6.0	4.0	2.0	0.003723374505914291	6.0	4.0	2.0	1.2462969183692112	0.16826411075612355	0.7319266885648564	ENSMUSG00000015533;ENSMUSG00000004098;ENSMUSG00000026837;ENSMUSG00000026193;ENSMUSG00000001507	True	True
kidney	R-MMU-6809371_FORMATION_OF_THE_CORNIFIED_ENVELOPE	-0.009931408919590656	6	2	4	-0.009931408919590656	6	2	4	-0.0005502149158599529	6.0	3.0	3.0	-0.0005502149158599529	6.0	3.0	3.0	1.2477063168545872	0.1754010695187166	0.7381656497509369	ENSMUSG00000020911;ENSMUSG00000006777;ENSMUSG00000023043;ENSMUSG00000035775;ENSMUSG00000026413;ENSMUSG00000049382;ENSMUSG00000037185;ENSMUSG00000039457;ENSMUSG00000034282;ENSMUSG00000023039;ENSMUSG00000040606	True	False
kidney	R-MMU-6811442_INTRA_GOLGI_AND_RETROGRADE_GOLGI_TO_ER_TRAFFIC	-0.045327007103801144	6	1	5	-0.045327007103801144	6	1	5	2.779196539028604e-05	6.0	3.0	3.0	2.779196539028604e-05	6.0	3.0	3.0	1.1160235644359566	0.3333333333333333	0.9446897252380285	ENSMUSG00000014602;ENSMUSG00000058672;ENSMUSG00000045136;ENSMUSG00000021294;ENSMUSG00000001473;ENSMUSG00000072235;ENSMUSG00000030055;ENSMUSG00000023004;ENSMUSG00000018001;ENSMUSG00000056220;ENSMUSG00000062380;ENSMUSG00000032254;ENSMUSG00000041642;ENSMUSG00000045328	False	False
kidney	R-MMU-6811558_PI5P_PP2A_AND_IER3_REGULATE_PI3K_AKT_SIGNALING	-0.0014641864970697362	6	1	5	-0.0014641864970697362	6	1	5	-0.0031190417548986743	6.0	1.0	5.0	-0.0031190417548986743	6.0	1.0	5.0	0.803512022939357	0.7769784172661871	1.0	ENSMUSG00000024620;ENSMUSG00000055254;ENSMUSG00000029231;ENSMUSG00000059146;ENSMUSG00000024810;ENSMUSG00000024486;ENSMUSG00000041417;ENSMUSG00000038894	True	False
kidney	R-MMU-68875_MITOTIC_PROPHASE	0.00036126136997076543	6	3	3	0.00036126136997076543	6	3	3	-0.002859930906229949	6.0	2.0	4.0	-0.002859930906229949	6.0	2.0	4.0	0.5852548529830708	0.9754350051177073	1.0	ENSMUSG00000062727;ENSMUSG00000061991;ENSMUSG00000030091;ENSMUSG00000101355;ENSMUSG00000071516;ENSMUSG00000028063;ENSMUSG00000069302;ENSMUSG00000069267;ENSMUSG00000060981;ENSMUSG00000094338;ENSMUSG00000061615;ENSMUSG00000069301;ENSMUSG00000101972	False	True
kidney	R-MMU-68877_MITOTIC_PROMETAPHASE	-0.000951394624093919	6	4	2	-0.000951394624093919	6	4	2	0.003237780761222326	6.0	3.0	3.0	0.003237780761222326	6.0	3.0	3.0	0.9359261042710186	0.6155440414507772	1.0	ENSMUSG00000058672;ENSMUSG00000045136;ENSMUSG00000001473;ENSMUSG00000024660;ENSMUSG00000002997;ENSMUSG00000072235;ENSMUSG00000029414;ENSMUSG00000001525;ENSMUSG00000023004;ENSMUSG00000023764;ENSMUSG00000062380;ENSMUSG00000029177;ENSMUSG00000045328;ENSMUSG00000038252	False	False
kidney	R-MMU-68882_MITOTIC_ANAPHASE	0.0005675116583421043	6	4	2	0.0005675116583421042	6	4	2	0.0024809996102484397	6.0	3.0	3.0	0.0024809996102484397	6.0	3.0	3.0	0.9256063957720772	0.621196222455404	1.0	ENSMUSG00000058672;ENSMUSG00000045136;ENSMUSG00000001473;ENSMUSG00000024660;ENSMUSG00000072235;ENSMUSG00000029414;ENSMUSG00000023004;ENSMUSG00000028063;ENSMUSG00000062380;ENSMUSG00000029177;ENSMUSG00000045328	True	True
kidney	R-MMU-68886_M_PHASE	-0.019820174418128722	6	3	3	-0.019820174418128722	6	3	3	-0.00029168380035378877	6.0	2.0	4.0	-0.00029168380035378877	6.0	2.0	4.0	0.8233678765015636	0.8314833501513622	1.0	ENSMUSG00000062727;ENSMUSG00000058672;ENSMUSG00000045136;ENSMUSG00000061991;ENSMUSG00000001473;ENSMUSG00000024660;ENSMUSG00000002997;ENSMUSG00000072235;ENSMUSG00000029414;ENSMUSG00000001525;ENSMUSG00000023004;ENSMUSG00000030091;ENSMUSG00000101355;ENSMUSG00000023764;ENSMUSG00000071516;ENSMUSG00000028063;ENSMUSG00000069302;ENSMUSG00000069267;ENSMUSG00000060981;ENSMUSG00000062380;ENSMUSG00000094338;ENSMUSG00000061615;ENSMUSG00000069301;ENSMUSG00000101972;ENSMUSG00000029177;ENSMUSG00000032254;ENSMUSG00000045328;ENSMUSG00000038252	True	False
kidney	R-MMU-69275_G2_M_TRANSITION	-0.00022614390885818732	6	3	3	-0.0002261439088581874	6	3	3	0.003174246092512493	6.0	2.0	4.0	0.003174246092512493	6.0	2.0	4.0	1.1333671842046316	0.3057591623036649	0.9342971719090206	ENSMUSG00000023067;ENSMUSG00000058672;ENSMUSG00000045136;ENSMUSG00000001473;ENSMUSG00000002997;ENSMUSG00000072235;ENSMUSG00000001525;ENSMUSG00000023004;ENSMUSG00000044783;ENSMUSG00000023764;ENSMUSG00000062380	False	False
kidney	R-MMU-69278_CELL_CYCLE_MITOTIC	-0.03655055850877198	6	2	4	-0.03655055850877198	6	2	4	-0.00022199859501743682	6.0	2.0	4.0	-0.00022199859501743682	6.0	2.0	4.0	0.8958739464380999	0.7291875626880642	1.0	ENSMUSG00000023067;ENSMUSG00000037664;ENSMUSG00000062727;ENSMUSG00000073802;ENSMUSG00000058672;ENSMUSG00000045136;ENSMUSG00000061991;ENSMUSG00000041859;ENSMUSG00000001473;ENSMUSG00000024660;ENSMUSG00000002997;ENSMUSG00000072235;ENSMUSG00000029414;ENSMUSG00000001525;ENSMUSG00000023004;ENSMUSG00000030091;ENSMUSG00000101355;ENSMUSG00000044783;ENSMUSG00000023764;ENSMUSG00000071516;ENSMUSG00000028063;ENSMUSG00000069302;ENSMUSG00000069267;ENSMUSG00000060981;ENSMUSG00000062380;ENSMUSG00000094338;ENSMUSG00000061615;ENSMUSG00000069301;ENSMUSG00000101972;ENSMUSG00000029177;ENSMUSG00000000184;ENSMUSG00000032254	True	False
kidney	R-MMU-69473_G2_M_DNA_DAMAGE_CHECKPOINT	-0.000871814161929824	6	1	5	-0.000871814161929824	6	1	5	-0.002975102153653944	6.0	3.0	3.0	-0.002975102153653944	6.0	3.0	3.0	0.42984201981069076	0.9956188389923329	1.0	ENSMUSG00000062727;ENSMUSG00000047281;ENSMUSG00000060981;ENSMUSG00000094338	True	False
kidney	R-MMU-69481_G2_M_CHECKPOINTS	-0.003000773597163744	6	2	4	-0.003000773597163744	6	2	4	-0.003436048356563077	6.0	3.0	3.0	-0.003436048356563077	6.0	3.0	3.0	0.513954507145087	0.9850746268656716	1.0	ENSMUSG00000062727;ENSMUSG00000041859;ENSMUSG00000047281;ENSMUSG00000060981;ENSMUSG00000094338	True	False
kidney	R-MMU-69620_CELL_CYCLE_CHECKPOINTS	0.0013685170099912286	6	4	2	0.0013685170099912286	6	4	2	-7.49786372011239e-05	6.0	3.0	3.0	-7.49786372011239e-05	6.0	3.0	3.0	0.7415851623802916	0.8600612870275791	1.0	ENSMUSG00000023067;ENSMUSG00000062727;ENSMUSG00000028680;ENSMUSG00000041859;ENSMUSG00000024660;ENSMUSG00000029414;ENSMUSG00000047281;ENSMUSG00000060981;ENSMUSG00000094338;ENSMUSG00000029177;ENSMUSG00000045328	False	True
kidney	R-MMU-71291_METABOLISM_OF_AMINO_ACIDS_AND_DERIVATIVES	-0.08487431646198866	6	1	5	-0.08487431646198866	6	1	5	0.000376181628859699	6.0	2.0	4.0	0.000376181628859699	6.0	2.0	4.0	0.9097351414665966	0.6944723618090453	1.0	ENSMUSG00000030109;ENSMUSG00000074768;ENSMUSG00000025991;ENSMUSG00000026866;ENSMUSG00000020182;ENSMUSG00000037686;ENSMUSG00000024640;ENSMUSG00000029811;ENSMUSG00000021125;ENSMUSG00000029752;ENSMUSG00000003849;ENSMUSG00000027360;ENSMUSG00000027333;ENSMUSG00000034456;ENSMUSG00000024827;ENSMUSG00000031700;ENSMUSG00000025792;ENSMUSG00000044986;ENSMUSG00000025176;ENSMUSG00000042118;ENSMUSG00000064254;ENSMUSG00000026473;ENSMUSG00000033022;ENSMUSG00000001155;ENSMUSG00000001773;ENSMUSG00000030630;ENSMUSG00000000673;ENSMUSG00000042096;ENSMUSG00000025007;ENSMUSG00000034785;ENSMUSG00000019987;ENSMUSG00000022821	False	False
kidney	R-MMU-71387_METABOLISM_OF_CARBOHYDRATES_AND_CARBOHYDRATE_DERIVATIVES	-0.03701469201754367	6	3	3	-0.03701469201754367	6	3	3	0.0008840771075000753	6.0	4.0	2.0	0.0008840771075000753	6.0	4.0	2.0	1.2393164651384527	0.0964824120603015	0.7407312483296602	ENSMUSG00000001642;ENSMUSG00000053279;ENSMUSG00000010051;ENSMUSG00000021614;ENSMUSG00000030930;ENSMUSG00000033849;ENSMUSG00000031375;ENSMUSG00000058571;ENSMUSG00000032648;ENSMUSG00000000628;ENSMUSG00000078650;ENSMUSG00000013846;ENSMUSG00000032114;ENSMUSG00000021456;ENSMUSG00000032911;ENSMUSG00000028307;ENSMUSG00000025743;ENSMUSG00000041577;ENSMUSG00000041559;ENSMUSG00000020592;ENSMUSG00000035273;ENSMUSG00000021196;ENSMUSG00000034220;ENSMUSG00000029162;ENSMUSG00000020277;ENSMUSG00000036446;ENSMUSG00000027513;ENSMUSG00000030091;ENSMUSG00000030787	False	False
kidney	R-MMU-72312_RRNA_PROCESSING	0.005800699362366959	6	4	2	0.005800699362366959	6	4	2	-0.006953786006695338	6.0	2.0	4.0	-0.006953786006695338	6.0	2.0	4.0	-1.2917234527031887	0.09473684210526316	0.2988216080325166	ENSMUSG00000039001;ENSMUSG00000079641;ENSMUSG00000039221;ENSMUSG00000067288;ENSMUSG00000061477;ENSMUSG00000024608;ENSMUSG00000034892;ENSMUSG00000078193;ENSMUSG00000061983	False	False
kidney	R-MMU-72613_EUKARYOTIC_TRANSLATION_INITIATION	-0.0021184811802807003	6	2	4	-0.0021184811802807003	6	2	4	-0.008180095466015641	6.0	2.0	4.0	-0.008180095466015641	6.0	2.0	4.0	-1.6271793510818886	0.05434782608695652	0.07220059271311524	ENSMUSG00000039001;ENSMUSG00000079641;ENSMUSG00000039221;ENSMUSG00000067288;ENSMUSG00000061477;ENSMUSG00000024608;ENSMUSG00000034892;ENSMUSG00000078193;ENSMUSG00000061983;ENSMUSG00000060377;ENSMUSG00000068240;ENSMUSG00000038900;ENSMUSG00000062997;ENSMUSG00000058443;ENSMUSG00000057322;ENSMUSG00000050621	True	True
kidney	R-MMU-72706_GTP_HYDROLYSIS_AND_JOINING_OF_THE_60S_RIBOSOMAL_SUBUNIT	-0.00297331293926462	6	2	4	-0.0029733129392646197	6	2	4	-0.008426580029232217	6.0	2.0	4.0	-0.008426580029232217	6.0	2.0	4.0	-2.070671213088975	0.0	0.0031320820500900693	ENSMUSG00000039001;ENSMUSG00000079641;ENSMUSG00000039221;ENSMUSG00000067288;ENSMUSG00000061477;ENSMUSG00000024608;ENSMUSG00000034892;ENSMUSG00000078193;ENSMUSG00000061983;ENSMUSG00000060377;ENSMUSG00000068240;ENSMUSG00000038900;ENSMUSG00000062997;ENSMUSG00000058443;ENSMUSG00000057322;ENSMUSG00000050621	True	True
kidney	R-MMU-72737_CAP_DEPENDENT_TRANSLATION_INITIATION	-0.02954459412222223	6	2	4	-0.02954459412222223	6	2	4	-0.008180095466015641	6.0	2.0	4.0	-0.008180095466015641	6.0	2.0	4.0	-1.6271793510818886	0.05434782608695652	0.07220059271311524	ENSMUSG00000039001;ENSMUSG00000079641;ENSMUSG00000039221;ENSMUSG00000067288;ENSMUSG00000061477;ENSMUSG00000024608;ENSMUSG00000034892;ENSMUSG00000078193;ENSMUSG00000061983;ENSMUSG00000060377;ENSMUSG00000068240;ENSMUSG00000038900;ENSMUSG00000062997;ENSMUSG00000058443;ENSMUSG00000057322;ENSMUSG00000050621	True	True
kidney	R-MMU-73857_RNA_POLYMERASE_II_TRANSCRIPTION	0.012596955274853902	6	3	3	0.012596955274853902	6	3	3	-0.0009655938590849124	6.0	3.0	3.0	-0.0009655938590849124	6.0	3.0	3.0	0.7710446808485645	0.928	1.0	ENSMUSG00000023034;ENSMUSG00000055116;ENSMUSG00000023067;ENSMUSG00000002266;ENSMUSG00000020423;ENSMUSG00000020108;ENSMUSG00000062727;ENSMUSG00000015468;ENSMUSG00000038146;ENSMUSG00000017491;ENSMUSG00000002603;ENSMUSG00000028680;ENSMUSG00000020427;ENSMUSG00000028341;ENSMUSG00000062175;ENSMUSG00000058756;ENSMUSG00000061991;ENSMUSG00000000782;ENSMUSG00000026923;ENSMUSG00000038872;ENSMUSG00000101355;ENSMUSG00000047281;ENSMUSG00000048154;ENSMUSG00000071516;ENSMUSG00000022475;ENSMUSG00000069302;ENSMUSG00000069267;ENSMUSG00000060981;ENSMUSG00000036390;ENSMUSG00000022479;ENSMUSG00000051159;ENSMUSG00000094338;ENSMUSG00000061615;ENSMUSG00000020032;ENSMUSG00000069301;ENSMUSG00000101972;ENSMUSG00000020889;ENSMUSG00000000184;ENSMUSG00000047407;ENSMUSG00000032698	False	True
kidney	R-MMU-73884_BASE_EXCISION_REPAIR	-0.00046858208969590716	6	2	4	-0.00046858208969590716	6	2	4	-0.001330514666500753	6.0	4.0	2.0	-0.001330514666500753	6.0	4.0	2.0	0.6335587742901089	0.9272918861959958	1.0	ENSMUSG00000062727;ENSMUSG00000061991;ENSMUSG00000071516;ENSMUSG00000069302;ENSMUSG00000060981;ENSMUSG00000094338;ENSMUSG00000061615;ENSMUSG00000069301;ENSMUSG00000094777;ENSMUSG00000069300	True	False
kidney	R-MMU-73886_CHROMOSOME_MAINTENANCE	-0.0035961536006286474	6	1	5	-0.0035961536006286474	6	1	5	-0.0018851949204508889	6.0	3.0	3.0	-0.0018851949204508889	6.0	3.0	3.0	0.684855798366015	0.8893528183716075	1.0	ENSMUSG00000062727;ENSMUSG00000061991;ENSMUSG00000044783;ENSMUSG00000071516;ENSMUSG00000069302;ENSMUSG00000060981;ENSMUSG00000094338;ENSMUSG00000061615;ENSMUSG00000069301;ENSMUSG00000029177	True	False
kidney	R-MMU-73887_DEATH_RECEPTOR_SIGNALING	-0.02057743967836249	6	3	3	-0.02057743967836249	6	3	3	-0.003286068956039946	6.0	1.0	5.0	-0.003286068956039946	6.0	1.0	5.0	0.8261674775279786	0.7608465608465609	1.0	ENSMUSG00000037552;ENSMUSG00000039621;ENSMUSG00000021025;ENSMUSG00000027859;ENSMUSG00000040964;ENSMUSG00000032875;ENSMUSG00000013921;ENSMUSG00000019467;ENSMUSG00000021895;ENSMUSG00000032000;ENSMUSG00000037946;ENSMUSG00000000120	True	False
kidney	R-MMU-73894_DNA_REPAIR	-0.032472154429824505	6	1	5	-0.032472154429824505	6	1	5	-0.001732427445703071	6.0	2.0	4.0	-0.001732427445703071	6.0	2.0	4.0	0.586228232388377	0.9702258726899384	1.0	ENSMUSG00000062727;ENSMUSG00000027078;ENSMUSG00000032596;ENSMUSG00000061991;ENSMUSG00000071516;ENSMUSG00000069302;ENSMUSG00000060981;ENSMUSG00000094338;ENSMUSG00000061615;ENSMUSG00000035692;ENSMUSG00000069301;ENSMUSG00000010461	True	False
kidney	R-MMU-73927_DEPURINATION	0.0012783999002260232	6	3	3	0.0012783999002260232	6	3	3	-0.001330514666500753	6.0	4.0	2.0	-0.001330514666500753	6.0	4.0	2.0	0.6335587742901089	0.9272918861959958	1.0	ENSMUSG00000062727;ENSMUSG00000061991;ENSMUSG00000071516;ENSMUSG00000069302;ENSMUSG00000060981;ENSMUSG00000094338;ENSMUSG00000061615;ENSMUSG00000069301;ENSMUSG00000094777;ENSMUSG00000069300	False	True
kidney	R-MMU-73929_BASE_EXCISION_REPAIR_AP_SITE_FORMATION	0.0017321337956704682	6	3	3	0.0017321337956704682	6	3	3	-0.001330514666500753	6.0	4.0	2.0	-0.001330514666500753	6.0	4.0	2.0	0.6335587742901089	0.9272918861959958	1.0	ENSMUSG00000062727;ENSMUSG00000061991;ENSMUSG00000071516;ENSMUSG00000069302;ENSMUSG00000060981;ENSMUSG00000094338;ENSMUSG00000061615;ENSMUSG00000069301;ENSMUSG00000094777;ENSMUSG00000069300	False	True
kidney	R-MMU-74160_GENE_EXPRESSION_TRANSCRIPTION	0.023266459488304008	6	4	2	0.023266459488304008	6	4	2	-0.00034113262114898014	6.0	3.0	3.0	-0.00034113262114898014	6.0	3.0	3.0	0.8725839838272232	0.813	1.0	ENSMUSG00000023034;ENSMUSG00000030680;ENSMUSG00000055116;ENSMUSG00000023067;ENSMUSG00000002266;ENSMUSG00000020423;ENSMUSG00000020108;ENSMUSG00000062727;ENSMUSG00000015468;ENSMUSG00000038146;ENSMUSG00000017491;ENSMUSG00000004044;ENSMUSG00000002603;ENSMUSG00000028680;ENSMUSG00000020427;ENSMUSG00000028341;ENSMUSG00000062175	False	True
kidney	R-MMU-74752_SIGNALING_BY_INSULIN_RECEPTOR	-0.0054011469801900575	6	0	6	-0.0054011469801900575	6	0	6	-0.002077919148294934	6.0	2.0	4.0	-0.002077919148294934	6.0	2.0	4.0	-1.0447296621607933	0.36470588235294116	0.5878394463512153	ENSMUSG00000058488;ENSMUSG00000006269;ENSMUSG00000026394;ENSMUSG00000036585;ENSMUSG00000005320;ENSMUSG00000032715;ENSMUSG00000028238;ENSMUSG00000054252;ENSMUSG00000033295;ENSMUSG00000001750;ENSMUSG00000038600;ENSMUSG00000020176;ENSMUSG00000038894;ENSMUSG00000041417	True	True
kidney	R-MMU-75153_APOPTOTIC_EXECUTION_PHASE	-0.0053459473859648705	6	1	5	-0.0053459473859648705	6	1	5	-0.0004989506032582724	6.0	3.0	3.0	-0.0004989506032582724	6.0	3.0	3.0	0.6021690429898483	0.9452954048140044	1.0	ENSMUSG00000026413;ENSMUSG00000026728;ENSMUSG00000051627;ENSMUSG00000028063;ENSMUSG00000026879;ENSMUSG00000022565;ENSMUSG00000052565;ENSMUSG00000030516;ENSMUSG00000018411;ENSMUSG00000054889	True	False
kidney	R-MMU-76002_PLATELET_ACTIVATION_SIGNALING_AND_AGGREGATION	0.03814093919005849	6	5	1	0.03814093919005849	6	5	1	0.005600837576885731	6.0	4.0	2.0	0.005600837576885731	6.0	4.0	2.0	1.5191070881642799	0.0	0.2585661645546916	ENSMUSG00000033860;ENSMUSG00000028001;ENSMUSG00000022868;ENSMUSG00000032083;ENSMUSG00000033831;ENSMUSG00000048376;ENSMUSG00000021922;ENSMUSG00000021091;ENSMUSG00000061780;ENSMUSG00000028108;ENSMUSG00000031328;ENSMUSG00000026193;ENSMUSG00000029661;ENSMUSG00000033174;ENSMUSG00000000049;ENSMUSG00000023224;ENSMUSG00000021253;ENSMUSG00000020689;ENSMUSG00000039239;ENSMUSG00000002603;ENSMUSG00000032946;ENSMUSG00000033880;ENSMUSG00000025784;ENSMUSG00000042644;ENSMUSG00000054364;ENSMUSG00000079015;ENSMUSG00000038224;ENSMUSG00000018593;ENSMUSG00000039196;ENSMUSG00000037419;ENSMUSG00000032849;ENSMUSG00000020717;ENSMUSG00000018909;ENSMUSG00000026547;ENSMUSG00000031380;ENSMUSG00000059481;ENSMUSG00000048583;ENSMUSG00000015143;ENSMUSG00000037206;ENSMUSG00000029368;ENSMUSG00000029372;ENSMUSG00000009281;ENSMUSG00000021457;ENSMUSG00000039109;ENSMUSG00000041417;ENSMUSG00000024697;ENSMUSG00000037411;ENSMUSG00000056220;ENSMUSG00000028583;ENSMUSG00000020120;ENSMUSG00000027249	True	True
kidney	R-MMU-76005_RESPONSE_TO_ELEVATED_PLATELET_CYTOSOLIC_CA2	0.10413449109356727	6	5	1	0.10413449109356727	6	5	1	0.006017511434906858	6.0	5.0	1.0	0.006017511434906858	6.0	5.0	1.0	1.5692434191437892	0.0	0.18035249582272625	ENSMUSG00000033860;ENSMUSG00000028001;ENSMUSG00000022868;ENSMUSG00000032083;ENSMUSG00000033831;ENSMUSG00000021922;ENSMUSG00000021091;ENSMUSG00000061780;ENSMUSG00000028108;ENSMUSG00000031328;ENSMUSG00000026193;ENSMUSG00000000049;ENSMUSG00000023224;ENSMUSG00000021253;ENSMUSG00000020689;ENSMUSG00000039239;ENSMUSG00000002603;ENSMUSG00000033880;ENSMUSG00000025784;ENSMUSG00000079015;ENSMUSG00000038224;ENSMUSG00000018593;ENSMUSG00000039196;ENSMUSG00000037419;ENSMUSG00000032849;ENSMUSG00000020717;ENSMUSG00000026547;ENSMUSG00000031380;ENSMUSG00000059481;ENSMUSG00000048583;ENSMUSG00000015143;ENSMUSG00000037206;ENSMUSG00000029368;ENSMUSG00000029372;ENSMUSG00000009281;ENSMUSG00000039109;ENSMUSG00000037411	True	True
kidney	R-MMU-774815_NUCLEOSOME_ASSEMBLY	0.0009443876600657896	6	4	2	0.0009443876600657896	6	4	2	-0.0007810032772264432	6.0	4.0	2.0	-0.0007810032772264432	6.0	4.0	2.0	0.7441186535114862	0.8430962343096234	1.0	ENSMUSG00000062727;ENSMUSG00000061991;ENSMUSG00000044783;ENSMUSG00000071516;ENSMUSG00000069302;ENSMUSG00000060981;ENSMUSG00000094338;ENSMUSG00000061615;ENSMUSG00000069301;ENSMUSG00000029177	False	True
kidney	R-MMU-8848021_SIGNALING_BY_PTK6	-0.005377150336257186	6	3	3	-0.005377150336257186	6	3	3	-0.007376601093440141	6.0	3.0	3.0	-0.007376601093440141	6.0	3.0	3.0	-1.0494746899398655	0.3465346534653465	0.5969938210626222	ENSMUSG00000070348;ENSMUSG00000062209;ENSMUSG00000062991;ENSMUSG00000028017;ENSMUSG00000036273;ENSMUSG00000029377;ENSMUSG00000029816	True	True
kidney	R-MMU-8856688_GOLGI_TO_ER_RETROGRADE_TRANSPORT	-0.07404606312002925	6	1	5	-0.07404606312002925	6	1	5	-0.00021324605547668832	6.0	3.0	3.0	-0.00021324605547668775	6.0	3.0	3.0	1.0717769962386516	0.38685344827586204	1.0	ENSMUSG00000014602;ENSMUSG00000058672;ENSMUSG00000045136;ENSMUSG00000021294;ENSMUSG00000001473;ENSMUSG00000072235;ENSMUSG00000023004;ENSMUSG00000056220;ENSMUSG00000062380;ENSMUSG00000032254;ENSMUSG00000041642;ENSMUSG00000045328	True	False
kidney	R-MMU-8856825_CARGO_RECOGNITION_FOR_CLATHRIN_MEDIATED_ENDOCYTOSIS	0.0031410587685087635	6	4	2	0.0031410587685087635	6	4	2	-0.0015462257966609022	6.0	2.0	4.0	-0.0015462257966609022	6.0	2.0	4.0	0.505704946881388	0.9883103081827843	1.0	ENSMUSG00000033855;ENSMUSG00000018909;ENSMUSG00000024486;ENSMUSG00000031390;ENSMUSG00000032193;ENSMUSG00000031098;ENSMUSG00000049115;ENSMUSG00000022797;ENSMUSG00000032554	False	True
kidney	R-MMU-8856828_CLATHRIN_MEDIATED_ENDOCYTOSIS	-0.04329824511403515	6	1	5	-0.04329824511403515	6	1	5	-0.00175185010136585	6.0	2.0	4.0	-0.00175185010136585	6.0	2.0	4.0	0.6532807940985925	0.92	1.0	ENSMUSG00000033855;ENSMUSG00000039959;ENSMUSG00000018909;ENSMUSG00000024486;ENSMUSG00000031390;ENSMUSG00000032193;ENSMUSG00000031098;ENSMUSG00000026825;ENSMUSG00000049115;ENSMUSG00000022797;ENSMUSG00000040265;ENSMUSG00000032554	True	False
kidney	R-MMU-8868773_RRNA_PROCESSING_IN_THE_NUCLEUS_AND_CYTOSOL	-0.033065362539327535	6	1	5	-0.033065362539327535	6	1	5	-0.006953786006695338	6.0	2.0	4.0	-0.006953786006695338	6.0	2.0	4.0	-1.2917234527031887	0.09473684210526316	0.2988216080325166	ENSMUSG00000039001;ENSMUSG00000079641;ENSMUSG00000039221;ENSMUSG00000067288;ENSMUSG00000061477;ENSMUSG00000024608;ENSMUSG00000034892;ENSMUSG00000078193;ENSMUSG00000061983	True	True
kidney	R-MMU-8878171_TRANSCRIPTIONAL_REGULATION_BY_RUNX1	0.004028301041251753	6	6	0	0.004028301041251753	6	6	0	-0.003754500933164978	6.0	2.0	4.0	-0.003754500933164978	6.0	2.0	4.0	-0.7719923927222967	0.8823529411764706	0.8858345102537347	ENSMUSG00000069303;ENSMUSG00000070348;ENSMUSG00000093769;ENSMUSG00000018102;ENSMUSG00000019768;ENSMUSG00000081058;ENSMUSG00000014030;ENSMUSG00000064220;ENSMUSG00000064288;ENSMUSG00000095217;ENSMUSG00000068240;ENSMUSG00000071478;ENSMUSG00000094248;ENSMUSG00000061436;ENSMUSG00000069308;ENSMUSG00000063954;ENSMUSG00000069272;ENSMUSG00000040274;ENSMUSG00000069305;ENSMUSG00000074403;ENSMUSG00000069306;ENSMUSG00000002028;ENSMUSG00000069266;ENSMUSG00000021477;ENSMUSG00000058385;ENSMUSG00000099517;ENSMUSG00000069309;ENSMUSG00000015619;ENSMUSG00000069300;ENSMUSG00000094777;ENSMUSG00000015053;ENSMUSG00000032698;ENSMUSG00000000184;ENSMUSG00000101972;ENSMUSG00000069301;ENSMUSG00000061615;ENSMUSG00000094338;ENSMUSG00000060981;ENSMUSG00000069267;ENSMUSG00000069302;ENSMUSG00000071516;ENSMUSG00000048154;ENSMUSG00000101355	False	False
kidney	R-MMU-8936459_RUNX1_REGULATES_GENES_INVOLVED_IN_MEGAKARYOCYTE_DIFFERENTIATION_AND_PLATELET_FUNCTION	0.02401288364944443	6	4	2	0.02401288364944443	6	4	2	-0.0022542278824016584	6.0	3.0	3.0	-0.0022542278824016584	6.0	3.0	3.0	0.6405195607649257	0.9450207468879668	1.0	ENSMUSG00000062727;ENSMUSG00000061991;ENSMUSG00000101355;ENSMUSG00000048154;ENSMUSG00000071516;ENSMUSG00000069302;ENSMUSG00000069267;ENSMUSG00000060981;ENSMUSG00000094338;ENSMUSG00000061615;ENSMUSG00000069301;ENSMUSG00000101972	False	True
kidney	R-MMU-8939211_ESR_MEDIATED_SIGNALING	-0.006683672741228118	6	3	3	-0.006683672741228118	6	3	3	-0.0016795665289062241	6.0	3.0	3.0	-0.0016795665289062241	6.0	3.0	3.0	0.5510681181811375	0.9868951612903226	1.0	ENSMUSG00000067586;ENSMUSG00000062727;ENSMUSG00000031740;ENSMUSG00000024222;ENSMUSG00000024486;ENSMUSG00000004951;ENSMUSG00000036523;ENSMUSG00000101355;ENSMUSG00000041417;ENSMUSG00000069267;ENSMUSG00000060981;ENSMUSG00000051159;ENSMUSG00000094338;ENSMUSG00000035451;ENSMUSG00000101972;ENSMUSG00000061878;ENSMUSG00000043613;ENSMUSG00000048756;ENSMUSG00000028698;ENSMUSG00000018623;ENSMUSG00000069300;ENSMUSG00000015619	True	False
kidney	R-MMU-8948216_COLLAGEN_CHAIN_TRIMERIZATION	-0.002242097290176902	6	2	4	-0.002242097290176902	6	2	4	0.0036218921112764	6.0	4.0	2.0	0.0036218921112764	6.0	4.0	2.0	1.1887900533423539	0.22727272727272727	0.7968681949474357	ENSMUSG00000004098;ENSMUSG00000026837;ENSMUSG00000001435;ENSMUSG00000001119;ENSMUSG00000020241;ENSMUSG00000032332;ENSMUSG00000048126;ENSMUSG00000022371;ENSMUSG00000040690	False	False
kidney	R-MMU-8951664_NEDDYLATION	-0.0009808416194266084	6	3	3	-0.0009808416194266084	6	3	3	0.00572669646995255	6.0	6.0	0.0	0.00572669646995255	6.0	6.0	0.0	1.4170548217518164	0.05948372615039282	0.3741510988412254	ENSMUSG00000004328;ENSMUSG00000039911;ENSMUSG00000017677;ENSMUSG00000024140;ENSMUSG00000020027;ENSMUSG00000032578;ENSMUSG00000053113	False	False
kidney	R-MMU-8953854_METABOLISM_OF_RNA	0.02828339055701749	6	5	1	0.02828339055701749	6	5	1	-0.004225981882633924	6.0	1.0	5.0	-0.004225981882633924	6.0	1.0	5.0	0.7318305437781361	0.8525441329179647	1.0	ENSMUSG00000044786;ENSMUSG00000004356;ENSMUSG00000009585;ENSMUSG00000004951;ENSMUSG00000030091;ENSMUSG00000040613	False	True
kidney	R-MMU-8953897_CELLULAR_RESPONSES_TO_STIMULI	-0.064528838391813	6	1	5	-0.064528838391813	6	1	5	0.0010109501557172666	6.0	3.0	3.0	0.0010109501557172666	6.0	3.0	3.0	1.055108673420613	0.35771543086172347	1.0	ENSMUSG00000021250;ENSMUSG00000023067;ENSMUSG00000032083;ENSMUSG00000069919;ENSMUSG00000004328;ENSMUSG00000054422;ENSMUSG00000056501;ENSMUSG00000026193;ENSMUSG00000062727;ENSMUSG00000030790;ENSMUSG00000020689;ENSMUSG00000001240;ENSMUSG00000027580;ENSMUSG00000073802;ENSMUSG00000021025;ENSMUSG00000032060;ENSMUSG00000058672;ENSMUSG00000052305;ENSMUSG00000024140;ENSMUSG00000039005;ENSMUSG00000032035;ENSMUSG00000032231;ENSMUSG00000024222;ENSMUSG00000000555;ENSMUSG00000042745;ENSMUSG00000045136;ENSMUSG00000046711;ENSMUSG00000073940;ENSMUSG00000061991;ENSMUSG00000052684;ENSMUSG00000001473;ENSMUSG00000002997;ENSMUSG00000072235;ENSMUSG00000051627;ENSMUSG00000029368;ENSMUSG00000023004;ENSMUSG00000030091;ENSMUSG00000025092;ENSMUSG00000071516;ENSMUSG00000069302;ENSMUSG00000060981;ENSMUSG00000062380;ENSMUSG00000072941;ENSMUSG00000094338;ENSMUSG00000052565;ENSMUSG00000061615;ENSMUSG00000032802;ENSMUSG00000018476;ENSMUSG00000023809	False	False
kidney	R-MMU-8957275_POST_TRANSLATIONAL_PROTEIN_PHOSPHORYLATION	-0.032205298517543855	6	4	2	-0.032205298517543855	6	4	2	0.004749402153323284	6.0	4.0	2.0	0.004749402153323284	6.0	4.0	2.0	1.360298307665573	0.01606425702811245	0.49982332080259184	ENSMUSG00000033860;ENSMUSG00000028001;ENSMUSG00000022868;ENSMUSG00000032083;ENSMUSG00000028364;ENSMUSG00000027204;ENSMUSG00000026185;ENSMUSG00000021614;ENSMUSG00000024164;ENSMUSG00000026193;ENSMUSG00000029070;ENSMUSG00000029309;ENSMUSG00000003617;ENSMUSG00000020303;ENSMUSG00000020427;ENSMUSG00000079015;ENSMUSG00000014599;ENSMUSG00000045573;ENSMUSG00000024736;ENSMUSG00000030605;ENSMUSG00000025509;ENSMUSG00000063011;ENSMUSG00000021556;ENSMUSG00000001870;ENSMUSG00000029368;ENSMUSG00000057346;ENSMUSG00000021835;ENSMUSG00000036256;ENSMUSG00000022816;ENSMUSG00000046841	False	False
kidney	R-MMU-8957322_METABOLISM_OF_STEROIDS	-0.03408138054678367	6	2	4	-0.03408138054678367	6	2	4	-0.003557471178057478	6.0	2.0	4.0	-0.003557471178057478	6.0	2.0	4.0	0.5377968132062058	0.9868554095045501	1.0	ENSMUSG00000001642;ENSMUSG00000038567;ENSMUSG00000029762;ENSMUSG00000059743;ENSMUSG00000052131;ENSMUSG00000060807;ENSMUSG00000095143;ENSMUSG00000029368;ENSMUSG00000021214;ENSMUSG00000031844;ENSMUSG00000026170;ENSMUSG00000020865;ENSMUSG00000034926;ENSMUSG00000042289;ENSMUSG00000035540;ENSMUSG00000022479;ENSMUSG00000021751;ENSMUSG00000016194;ENSMUSG00000047638;ENSMUSG00000006517	True	False
kidney	R-MMU-8963899_PLASMA_LIPOPROTEIN_REMODELING	0.020596499934210404	6	3	3	0.020596499934210404	6	3	3	-0.0013543308805970683	6.0	1.0	5.0	-0.0013543308805970683	6.0	1.0	5.0	0.7813879938208063	0.7836065573770492	1.0	ENSMUSG00000032083;ENSMUSG00000032080	False	True
kidney	R-MMU-8978868_FATTY_ACID_METABOLISM	0.10003847328157893	6	4	2	0.10003847328157893	6	4	2	0.0038663839975093955	6.0	3.0	3.0	0.0038663839975093955	6.0	3.0	3.0	1.3390537574878048	0.03614457831325301	0.5658264568712	ENSMUSG00000028715;ENSMUSG00000066072;ENSMUSG00000035686;ENSMUSG00000025153;ENSMUSG00000038754;ENSMUSG00000032487;ENSMUSG00000021884;ENSMUSG00000024087;ENSMUSG00000015090;ENSMUSG00000051483;ENSMUSG00000018924;ENSMUSG00000032281;ENSMUSG00000050737;ENSMUSG00000072949;ENSMUSG00000017969;ENSMUSG00000028712;ENSMUSG00000021226;ENSMUSG00000021228;ENSMUSG00000078597;ENSMUSG00000041220;ENSMUSG00000076435;ENSMUSG00000008035;ENSMUSG00000021214;ENSMUSG00000034853;ENSMUSG00000019278;ENSMUSG00000056220	True	True
kidney	R-MMU-8980692_RHOA_GTPASE_CYCLE	-0.061171226689766094	6	1	5	-0.061171226689766094	6	1	5	0.0010224756096543913	6.0	5.0	1.0	0.0010224756096543913	6.0	5.0	1.0	1.057425816416261	0.4002047082906858	1.0	ENSMUSG00000024043;ENSMUSG00000032135;ENSMUSG00000004044;ENSMUSG00000023008;ENSMUSG00000039621;ENSMUSG00000022799;ENSMUSG00000020121;ENSMUSG00000040964;ENSMUSG00000031523;ENSMUSG00000032875;ENSMUSG00000032812;ENSMUSG00000030220;ENSMUSG00000041417;ENSMUSG00000024451;ENSMUSG00000026880;ENSMUSG00000019467;ENSMUSG00000021895;ENSMUSG00000052609;ENSMUSG00000037709;ENSMUSG00000022797;ENSMUSG00000020580;ENSMUSG00000028919;ENSMUSG00000057315;ENSMUSG00000028068	False	False
kidney	R-MMU-9006925_INTRACELLULAR_SIGNALING_BY_SECOND_MESSENGERS	-0.05171783390935666	6	1	5	-0.05171783390935666	6	1	5	-0.0006878226014356605	6.0	3.0	3.0	-0.0006878226014356605	6.0	3.0	3.0	1.120880232610745	0.3012170385395537	0.9317155806393401	ENSMUSG00000023034;ENSMUSG00000023067;ENSMUSG00000024620;ENSMUSG00000055254;ENSMUSG00000029231	True	False
kidney	R-MMU-9006927_SIGNALING_BY_NON_RECEPTOR_TYROSINE_KINASES	0.004473230106741228	6	5	1	0.004473230106741228	6	5	1	-0.007376601093440141	6.0	3.0	3.0	-0.007376601093440141	6.0	3.0	3.0	-1.0494746899398655	0.3465346534653465	0.5969938210626222	ENSMUSG00000070348;ENSMUSG00000062209;ENSMUSG00000062991;ENSMUSG00000028017;ENSMUSG00000036273;ENSMUSG00000029377;ENSMUSG00000029816	False	False
kidney	R-MMU-9006931_SIGNALING_BY_NUCLEAR_RECEPTORS	0.06523967804093585	6	6	0	0.06523967804093585	6	6	0	-0.00013965870490293138	6.0	4.0	2.0	-0.00013965870490293143	6.0	4.0	2.0	0.8244868588981492	0.8356713426853707	1.0	ENSMUSG00000063415;ENSMUSG00000067586;ENSMUSG00000053279;ENSMUSG00000062727;ENSMUSG00000015134;ENSMUSG00000017491;ENSMUSG00000019577;ENSMUSG00000031740;ENSMUSG00000024222;ENSMUSG00000066026;ENSMUSG00000013584;ENSMUSG00000024486;ENSMUSG00000004951;ENSMUSG00000036523;ENSMUSG00000021214;ENSMUSG00000101355;ENSMUSG00000041417;ENSMUSG00000069267;ENSMUSG00000060981;ENSMUSG00000051159;ENSMUSG00000094338;ENSMUSG00000027533;ENSMUSG00000035451;ENSMUSG00000074207;ENSMUSG00000004885;ENSMUSG00000101972;ENSMUSG00000061878;ENSMUSG00000043613	False	True
kidney	R-MMU-9006934_SIGNALING_BY_RECEPTOR_TYROSINE_KINASES	0.04024732149122808	6	4	2	0.04024732149122808	6	4	2	0.0004572009904468104	6.0	3.0	3.0	0.0004572009904468104	6.0	3.0	3.0	1.06942474984564	0.338	1.0	ENSMUSG00000023885;ENSMUSG00000015533;ENSMUSG00000037868;ENSMUSG00000048373;ENSMUSG00000031538;ENSMUSG00000004098;ENSMUSG00000024620;ENSMUSG00000031503;ENSMUSG00000031502;ENSMUSG00000026837;ENSMUSG00000028909;ENSMUSG00000055254;ENSMUSG00000026193;ENSMUSG00000029231;ENSMUSG00000001119;ENSMUSG00000020241;ENSMUSG00000002602;ENSMUSG00000020689;ENSMUSG00000001507;ENSMUSG00000025969;ENSMUSG00000059146;ENSMUSG00000027859;ENSMUSG00000037211;ENSMUSG00000048126;ENSMUSG00000035638;ENSMUSG00000029648;ENSMUSG00000029287;ENSMUSG00000020357;ENSMUSG00000031380;ENSMUSG00000027239;ENSMUSG00000059481;ENSMUSG00000048583;ENSMUSG00000024486;ENSMUSG00000004951	True	True
kidney	R-MMU-9006936_SIGNALING_BY_TGFB_FAMILY_MEMBERS	0.049487860573099486	6	5	1	0.049487860573099486	6	5	1	0.003795152965086273	6.0	3.0	3.0	0.0037951529650862726	6.0	3.0	3.0	1.4512175104538592	0.0254841997961264	0.3126000366935173	ENSMUSG00000027204;ENSMUSG00000000957;ENSMUSG00000037035;ENSMUSG00000040488;ENSMUSG00000021253;ENSMUSG00000027358;ENSMUSG00000017466;ENSMUSG00000020689;ENSMUSG00000039239;ENSMUSG00000068876;ENSMUSG00000002603;ENSMUSG00000000530;ENSMUSG00000062175;ENSMUSG00000002020;ENSMUSG00000018909;ENSMUSG00000029287;ENSMUSG00000001870;ENSMUSG00000026971;ENSMUSG00000022816;ENSMUSG00000024940;ENSMUSG00000032440	True	True
kidney	R-MMU-9009391_EXTRA_NUCLEAR_ESTROGEN_SIGNALING	0.022567115587426977	6	5	1	0.022567115587426977	6	5	1	-0.001545701203838756	6.0	2.0	4.0	-0.001545701203838756	6.0	2.0	4.0	0.639418236916958	0.9174503657262278	1.0	ENSMUSG00000067586;ENSMUSG00000031740;ENSMUSG00000024486;ENSMUSG00000004951;ENSMUSG00000041417;ENSMUSG00000061878;ENSMUSG00000043613;ENSMUSG00000048756;ENSMUSG00000028698;ENSMUSG00000018623	False	True
kidney	R-MMU-9012999_RHO_GTPASE_CYCLE	0.03302348495906429	6	5	1	0.03302348495906429	6	5	1	3.594359612849272e-05	6.0	4.0	2.0	3.594359612849272e-05	6.0	4.0	2.0	0.9942991514573899	0.533066132264529	1.0	ENSMUSG00000038587;ENSMUSG00000024043;ENSMUSG00000032135;ENSMUSG00000006445;ENSMUSG00000034037;ENSMUSG00000032198;ENSMUSG00000037552;ENSMUSG00000004044;ENSMUSG00000046768;ENSMUSG00000023008;ENSMUSG00000052560;ENSMUSG00000039621;ENSMUSG00000039960;ENSMUSG00000025366;ENSMUSG00000036533;ENSMUSG00000022799;ENSMUSG00000054364;ENSMUSG00000020121;ENSMUSG00000041598;ENSMUSG00000040964;ENSMUSG00000031523;ENSMUSG00000032875;ENSMUSG00000049521;ENSMUSG00000032812;ENSMUSG00000066357;ENSMUSG00000030123;ENSMUSG00000026728;ENSMUSG00000038608;ENSMUSG00000015143;ENSMUSG00000025403;ENSMUSG00000023004;ENSMUSG00000030220;ENSMUSG00000019944;ENSMUSG00000041417;ENSMUSG00000024451;ENSMUSG00000026880;ENSMUSG00000046841;ENSMUSG00000074305;ENSMUSG00000031284;ENSMUSG00000019467;ENSMUSG00000036053;ENSMUSG00000021895;ENSMUSG00000037946;ENSMUSG00000030257;ENSMUSG00000001918;ENSMUSG00000002233;ENSMUSG00000040624;ENSMUSG00000052609;ENSMUSG00000037709;ENSMUSG00000022797;ENSMUSG00000020580;ENSMUSG00000028698;ENSMUSG00000050953;ENSMUSG00000028919;ENSMUSG00000057315;ENSMUSG00000027500;ENSMUSG00000074923;ENSMUSG00000028068	True	True
kidney	R-MMU-9013026_RHOB_GTPASE_CYCLE	-0.0029315994026473703	6	2	4	-0.0029315994026473703	6	2	4	0.003104148104938869	6.0	5.0	1.0	0.003104148104938869	6.0	5.0	1.0	1.0463964978114646	0.4357066950053135	1.0	ENSMUSG00000032135;ENSMUSG00000004044;ENSMUSG00000039621;ENSMUSG00000054364;ENSMUSG00000040964;ENSMUSG00000031523;ENSMUSG00000032875;ENSMUSG00000041417;ENSMUSG00000026880;ENSMUSG00000019467;ENSMUSG00000021895;ENSMUSG00000022797;ENSMUSG00000020580	False	False
kidney	R-MMU-9013106_RHOC_GTPASE_CYCLE	-0.0006334641040394738	6	3	3	-0.0006334641040394738	6	3	3	0.006807105283185598	6.0	5.0	1.0	0.006807105283185598	6.0	5.0	1.0	1.3179147796973203	0.11707841031149302	0.6073397295706926	ENSMUSG00000032135;ENSMUSG00000004044;ENSMUSG00000023008;ENSMUSG00000039621;ENSMUSG00000040964;ENSMUSG00000031523;ENSMUSG00000032875;ENSMUSG00000041417;ENSMUSG00000026880;ENSMUSG00000019467;ENSMUSG00000036053;ENSMUSG00000002233;ENSMUSG00000022797;ENSMUSG00000020580	False	False
kidney	R-MMU-9013148_CDC42_GTPASE_CYCLE	-0.002629053599399006	6	2	4	-0.002629053599399006	6	2	4	-0.0008876415405331545	6.0	3.0	3.0	-0.0008876415405331545	6.0	3.0	3.0	1.0063324333943118	0.4979253112033195	1.0	ENSMUSG00000032198;ENSMUSG00000037552;ENSMUSG00000039621;ENSMUSG00000022799;ENSMUSG00000020121;ENSMUSG00000031523;ENSMUSG00000032812;ENSMUSG00000038608;ENSMUSG00000030220;ENSMUSG00000041417;ENSMUSG00000024451;ENSMUSG00000019467;ENSMUSG00000037946;ENSMUSG00000030257;ENSMUSG00000040624;ENSMUSG00000052609;ENSMUSG00000028919;ENSMUSG00000057315	True	False
kidney	R-MMU-9013149_RAC1_GTPASE_CYCLE	-0.05661961424897665	6	3	3	-0.05661961424897666	6	3	3	-0.0008175443863432304	6.0	2.0	4.0	-0.0008175443863432304	6.0	2.0	4.0	0.9828484939945056	0.5438950554994955	1.0	ENSMUSG00000032135;ENSMUSG00000006445;ENSMUSG00000034037;ENSMUSG00000032198;ENSMUSG00000037552;ENSMUSG00000039621;ENSMUSG00000025366;ENSMUSG00000022799;ENSMUSG00000020121;ENSMUSG00000041598;ENSMUSG00000031523;ENSMUSG00000049521;ENSMUSG00000032812;ENSMUSG00000038608;ENSMUSG00000030220;ENSMUSG00000041417;ENSMUSG00000024451;ENSMUSG00000031284;ENSMUSG00000019467;ENSMUSG00000030257;ENSMUSG00000001918;ENSMUSG00000040624;ENSMUSG00000052609;ENSMUSG00000037709;ENSMUSG00000022797;ENSMUSG00000028698;ENSMUSG00000028919;ENSMUSG00000057315;ENSMUSG00000074923;ENSMUSG00000028068	True	False
kidney	R-MMU-9013404_RAC2_GTPASE_CYCLE	0.0017880674631783626	6	5	1	0.0017880674631783626	6	5	1	0.0007970948303565195	6.0	4.0	2.0	0.0007970948303565195	6.0	4.0	2.0	1.1390795967782148	0.3070452155625657	0.9497348733033698	ENSMUSG00000032135;ENSMUSG00000006445;ENSMUSG00000039621;ENSMUSG00000025366;ENSMUSG00000041598;ENSMUSG00000049521;ENSMUSG00000038608;ENSMUSG00000041417	True	True
kidney	R-MMU-9013406_RHOQ_GTPASE_CYCLE	-0.001311981179037719	6	2	4	-0.0013119811790377192	6	2	4	0.0012949258161928771	6.0	4.0	2.0	0.0012949258161928771	6.0	4.0	2.0	0.9847874668983481	0.5192943770672547	1.0	ENSMUSG00000052560;ENSMUSG00000039621;ENSMUSG00000036533;ENSMUSG00000041598;ENSMUSG00000031523;ENSMUSG00000049521;ENSMUSG00000026880;ENSMUSG00000001918;ENSMUSG00000052609;ENSMUSG00000022797;ENSMUSG00000050953;ENSMUSG00000028068	False	False
kidney	R-MMU-9013408_RHOG_GTPASE_CYCLE	0.0007365917868362575	6	5	1	0.0007365917868362575	6	5	1	0.0020038808361577676	6.0	4.0	2.0	0.0020038808361577676	6.0	4.0	2.0	1.0454161445785446	0.44983818770226536	1.0	ENSMUSG00000032135;ENSMUSG00000006445;ENSMUSG00000039621;ENSMUSG00000025366;ENSMUSG00000049521;ENSMUSG00000025403;ENSMUSG00000030220;ENSMUSG00000041417	True	True
kidney	R-MMU-9013423_RAC3_GTPASE_CYCLE	-0.0008063531921067257	6	3	3	-0.0008063531921067256	6	3	3	0.0006798438555544779	6.0	4.0	2.0	0.0006798438555544779	6.0	4.0	2.0	1.15747965133352	0.2604602510460251	0.881862057138182	ENSMUSG00000032135;ENSMUSG00000006445;ENSMUSG00000039621;ENSMUSG00000025366;ENSMUSG00000049521;ENSMUSG00000038608;ENSMUSG00000030220;ENSMUSG00000041417;ENSMUSG00000024451	False	False
kidney	R-MMU-9018519_ESTROGEN_DEPENDENT_GENE_EXPRESSION	0.0006382509254883031	6	3	3	0.0006382509254883031	6	3	3	-0.00468478010341006	6.0	2.0	4.0	-0.00468478010341006	6.0	2.0	4.0	-0.8467488111368067	0.6486486486486487	0.8315610049005366	ENSMUSG00000021270;ENSMUSG00000069303;ENSMUSG00000093769;ENSMUSG00000062209;ENSMUSG00000018102;ENSMUSG00000019768;ENSMUSG00000081058	False	False
kidney	R-MMU-9033241_PEROXISOMAL_PROTEIN_IMPORT	-0.00124456202283626	6	2	4	-0.0012445620228362598	6	2	4	0.0016897360429280195	6.0	1.0	5.0	0.0016897360429280195	6.0	1.0	5.0	0.673058760123265	0.9007633587786259	1.0	ENSMUSG00000021884;ENSMUSG00000072949;ENSMUSG00000021226;ENSMUSG00000021228;ENSMUSG00000042096;ENSMUSG00000021751;ENSMUSG00000026189	False	False
kidney	R-MMU-913531_INTERFERON_SIGNALING	-0.03328802463450293	6	1	5	-0.03328802463450293	6	1	5	0.000976560404598318	6.0	3.0	3.0	0.0009765604045983183	6.0	3.0	3.0	1.1829764819643918	0.2260061919504644	0.8033231539629903	ENSMUSG00000030107;ENSMUSG00000027078;ENSMUSG00000058672;ENSMUSG00000040296;ENSMUSG00000032596;ENSMUSG00000024222;ENSMUSG00000045136;ENSMUSG00000001473;ENSMUSG00000041827;ENSMUSG00000053113;ENSMUSG00000072235;ENSMUSG00000023004;ENSMUSG00000023341;ENSMUSG00000062380;ENSMUSG00000035692;ENSMUSG00000025889;ENSMUSG00000061878;ENSMUSG00000004040	False	False
kidney	R-MMU-913709_O_LINKED_GLYCOSYLATION_OF_MUCINS	0.03664896843266079	6	4	2	0.03664896843266079	6	4	2	-0.0044982926142438885	6.0	3.0	3.0	-0.004498292614243888	6.0	3.0	3.0	0.6829356342399546	0.8817086527929902	1.0	ENSMUSG00000034040;ENSMUSG00000042784;ENSMUSG00000013846;ENSMUSG00000035638	False	True
kidney	R-MMU-917937_IRON_UPTAKE_AND_TRANSPORT	0.023812348449269004	6	4	2	0.023812348449269004	6	4	2	-0.0011271305627493372	6.0	2.0	4.0	-0.0011271305627493372	6.0	2.0	4.0	0.8821035086847199	0.6802197802197802	1.0	ENSMUSG00000026822;ENSMUSG00000003617;ENSMUSG00000012428;ENSMUSG00000025993;ENSMUSG00000038600;ENSMUSG00000022797;ENSMUSG00000032554;ENSMUSG00000001750;ENSMUSG00000022199	False	True
kidney	R-MMU-927802_NONSENSE_MEDIATED_DECAY_NMD	0.0006273780474576024	6	3	3	0.0006273780474576025	6	3	3	-0.008426580029232217	6.0	2.0	4.0	-0.008426580029232217	6.0	2.0	4.0	-2.070671213088975	0.0	0.0031320820500900693	ENSMUSG00000039001;ENSMUSG00000079641;ENSMUSG00000039221;ENSMUSG00000067288;ENSMUSG00000061477;ENSMUSG00000024608;ENSMUSG00000034892;ENSMUSG00000078193;ENSMUSG00000061983;ENSMUSG00000060377;ENSMUSG00000068240;ENSMUSG00000038900;ENSMUSG00000062997;ENSMUSG00000058443;ENSMUSG00000057322;ENSMUSG00000050621	False	False
kidney	R-MMU-936837_ION_TRANSPORT_BY_P_TYPE_ATPASES	-0.004067107705037281	6	0	6	-0.0040671077050372815	6	0	6	-0.00025103445806512237	6.0	3.0	3.0	-0.00025103445806512237	6.0	3.0	3.0	1.1470922782331074	0.2972972972972973	0.921939417361461	ENSMUSG00000020788;ENSMUSG00000041329;ENSMUSG00000007097;ENSMUSG00000022229;ENSMUSG00000040907;ENSMUSG00000057092	True	False
kidney	R-MMU-937061_TRIF_TICAM1_MEDIATED_TLR4_SIGNALING	0.021171407754385963	6	3	3	0.021171407754385963	6	3	3	0.0036657869427558637	6.0	3.0	3.0	0.0036657869427558637	6.0	3.0	3.0	1.2922735778078298	0.14348302300109528	0.6878225436009465	ENSMUSG00000021250;ENSMUSG00000030107;ENSMUSG00000021025;ENSMUSG00000039005;ENSMUSG00000052684;ENSMUSG00000051439;ENSMUSG00000023809;ENSMUSG00000025225;ENSMUSG00000032000;ENSMUSG00000025498	True	True
kidney	R-MMU-948021_TRANSPORT_TO_THE_GOLGI_AND_SUBSEQUENT_MODIFICATION	-0.014098174463742716	6	3	3	-0.014098174463742716	6	3	3	-0.002985595794289734	6.0	2.0	4.0	-0.002985595794289734	6.0	2.0	4.0	0.9330681811245412	0.6048472075869337	1.0	ENSMUSG00000079015;ENSMUSG00000058672;ENSMUSG00000037306;ENSMUSG00000045136;ENSMUSG00000001473;ENSMUSG00000072235;ENSMUSG00000025789;ENSMUSG00000023004;ENSMUSG00000025650;ENSMUSG00000062380;ENSMUSG00000026110;ENSMUSG00000001827	True	False
kidney	R-MMU-9609507_PROTEIN_LOCALIZATION	-0.021598731798246007	6	2	4	-0.021598731798246007	6	2	4	0.000890045849998596	6.0	2.0	4.0	0.000890045849998596	6.0	2.0	4.0	0.5973288134296605	0.9477611940298507	1.0	ENSMUSG00000021884;ENSMUSG00000072949;ENSMUSG00000021226;ENSMUSG00000021228;ENSMUSG00000055782;ENSMUSG00000042096;ENSMUSG00000021751;ENSMUSG00000026189	False	False
kidney	R-MMU-9670095_INHIBITION_OF_DNA_RECOMBINATION_AT_TELOMERE	0.0015986536026169585	6	5	1	0.0015986536026169585	6	5	1	-0.001330514666500753	6.0	4.0	2.0	-0.001330514666500753	6.0	4.0	2.0	0.6335587742901089	0.9272918861959958	1.0	ENSMUSG00000062727;ENSMUSG00000061991;ENSMUSG00000071516;ENSMUSG00000069302;ENSMUSG00000060981;ENSMUSG00000094338;ENSMUSG00000061615;ENSMUSG00000069301;ENSMUSG00000094777;ENSMUSG00000069300	False	True
kidney	R-MMU-9675108_NERVOUS_SYSTEM_DEVELOPMENT	0.0600794463246345	6	5	1	0.0600794463246345	6	5	1	0.0009579802632535533	6.0	3.0	3.0	0.0009579802632535533	6.0	3.0	3.0	1.1960279232888855	0.11623246492985972	0.7956049243277571	ENSMUSG00000004098;ENSMUSG00000031503;ENSMUSG00000031502;ENSMUSG00000026837;ENSMUSG00000039115;ENSMUSG00000006445;ENSMUSG00000001119;ENSMUSG00000020241;ENSMUSG00000030110;ENSMUSG00000031217;ENSMUSG00000020689;ENSMUSG00000021493;ENSMUSG00000031740;ENSMUSG00000022048;ENSMUSG00000054364;ENSMUSG00000058672;ENSMUSG00000038264;ENSMUSG00000022623;ENSMUSG00000048126;ENSMUSG00000000555;ENSMUSG00000045136;ENSMUSG00000034220;ENSMUSG00000056427;ENSMUSG00000001473;ENSMUSG00000063531;ENSMUSG00000030123;ENSMUSG00000029622;ENSMUSG00000072235;ENSMUSG00000024501;ENSMUSG00000025789;ENSMUSG00000039952;ENSMUSG00000023004;ENSMUSG00000041417;ENSMUSG00000025810;ENSMUSG00000038894;ENSMUSG00000001300;ENSMUSG00000031284;ENSMUSG00000062380;ENSMUSG00000039116;ENSMUSG00000020176	True	True
kidney	R-MMU-9709957_SENSORY_PERCEPTION	-0.029486742619883027	6	2	4	-0.029486742619883027	6	2	4	0.00020100475289324313	6.0	3.0	3.0	0.00020100475289324313	6.0	3.0	3.0	1.014488289239179	0.49229188078108943	1.0	ENSMUSG00000040249;ENSMUSG00000032083;ENSMUSG00000032080;ENSMUSG00000058571;ENSMUSG00000024990;ENSMUSG00000025743;ENSMUSG00000042644;ENSMUSG00000020592;ENSMUSG00000066026;ENSMUSG00000034220	False	False
kidney	R-MMU-9711123_CELLULAR_RESPONSE_TO_CHEMICAL_STRESS	-0.11565914989766068	6	1	5	-0.11565914989766068	6	1	5	-0.0010124857362641497	6.0	2.0	4.0	-0.0010124857362641497	6.0	2.0	4.0	0.5705880211921576	0.9658031088082901	1.0	ENSMUSG00000069919;ENSMUSG00000054422;ENSMUSG00000027580;ENSMUSG00000052305	True	False
kidney	R-MMU-9716542_SIGNALING_BY_RHO_GTPASES_MIRO_GTPASES_AND_RHOBTB3	0.016687967967836188	6	3	3	0.016687967967836188	6	3	3	0.0007025903763122806	6.0	4.0	2.0	0.0007025903763122806	6.0	4.0	2.0	0.9720326446058638	0.586	1.0	ENSMUSG00000018830;ENSMUSG00000038587;ENSMUSG00000024043;ENSMUSG00000032135;ENSMUSG00000031328;ENSMUSG00000006445;ENSMUSG00000034037;ENSMUSG00000032198;ENSMUSG00000037552;ENSMUSG00000004044;ENSMUSG00000046768;ENSMUSG00000023008;ENSMUSG00000052560;ENSMUSG00000039621;ENSMUSG00000039960;ENSMUSG00000025366;ENSMUSG00000036533;ENSMUSG00000022799;ENSMUSG00000054364;ENSMUSG00000058672;ENSMUSG00000020121;ENSMUSG00000041598;ENSMUSG00000040964;ENSMUSG00000022836;ENSMUSG00000117098;ENSMUSG00000031523;ENSMUSG00000045136;ENSMUSG00000032875;ENSMUSG00000049521;ENSMUSG00000032812;ENSMUSG00000001473;ENSMUSG00000066357;ENSMUSG00000030123;ENSMUSG00000026728;ENSMUSG00000024660;ENSMUSG00000029622;ENSMUSG00000072235;ENSMUSG00000067818;ENSMUSG00000038608;ENSMUSG00000015143;ENSMUSG00000029414;ENSMUSG00000025403;ENSMUSG00000023004;ENSMUSG00000030220;ENSMUSG00000019944;ENSMUSG00000047281;ENSMUSG00000041417;ENSMUSG00000024451;ENSMUSG00000026880;ENSMUSG00000046841;ENSMUSG00000074305;ENSMUSG00000031284;ENSMUSG00000019467;ENSMUSG00000062380;ENSMUSG00000036053;ENSMUSG00000021895;ENSMUSG00000029177;ENSMUSG00000037946;ENSMUSG00000030257;ENSMUSG00000001918;ENSMUSG00000045328;ENSMUSG00000030739;ENSMUSG00000002233;ENSMUSG00000040624;ENSMUSG00000052609;ENSMUSG00000037709;ENSMUSG00000022797;ENSMUSG00000020580;ENSMUSG00000020900	True	True
kidney	R-MMU-9748784_DRUG_ADME	-0.042721715467836395	6	1	5	-0.042721715467836395	6	1	5	-0.0004317544129692208	6.0	3.0	3.0	-0.0004317544129692208	6.0	3.0	3.0	0.8881141978673752	0.7282828282828283	1.0	ENSMUSG00000090171;ENSMUSG00000061740;ENSMUSG00000089960;ENSMUSG00000030737;ENSMUSG00000090175;ENSMUSG00000027792;ENSMUSG00000060807;ENSMUSG00000024066;ENSMUSG00000057933;ENSMUSG00000032849;ENSMUSG00000111709;ENSMUSG00000030711;ENSMUSG00000032902;ENSMUSG00000029368;ENSMUSG00000023942;ENSMUSG00000021214;ENSMUSG00000074179;ENSMUSG00000056035;ENSMUSG00000020865	True	False
kidney	R-MMU-9749641_ASPIRIN_ADME	0.00224378538369883	6	3	3	0.00224378538369883	6	3	3	9.314802922708264e-05	6.0	3.0	3.0	9.314802922708264e-05	6.0	3.0	3.0	0.8895507729724564	0.6770508826583593	1.0	ENSMUSG00000090171;ENSMUSG00000061740;ENSMUSG00000089960;ENSMUSG00000030737;ENSMUSG00000090175;ENSMUSG00000027792	True	True
kidney	R-MMU-975155_MYD88_DEPENDENT_CASCADE_INITIATED_ON_ENDOSOME	0.0013153998682631587	6	4	2	0.0013153998682631592	6	4	2	0.003930945433452158	6.0	3.0	3.0	0.003930945433452158	6.0	3.0	3.0	1.2648971012411991	0.1541019955654102	0.6925731062239019	ENSMUSG00000021250;ENSMUSG00000030107;ENSMUSG00000021025;ENSMUSG00000039005;ENSMUSG00000052684;ENSMUSG00000051439;ENSMUSG00000023809;ENSMUSG00000025225;ENSMUSG00000025498	True	True
kidney	R-MMU-9753281_PARACETAMOL_ADME	0.00773235380701752	6	4	2	0.00773235380701752	6	4	2	0.0006945829890819313	6.0	3.0	3.0	0.0006945829890819313	6.0	3.0	3.0	0.9254100933649666	0.605586592178771	1.0	ENSMUSG00000089960;ENSMUSG00000090175;ENSMUSG00000032849;ENSMUSG00000030711	True	True
kidney	R-MMU-975634_RETINOID_METABOLISM_AND_TRANSPORT	-0.000638284558083335	6	3	3	-0.000638284558083335	6	3	3	0.0009283364940763326	6.0	2.0	4.0	0.0009283364940763326	6.0	2.0	4.0	0.9558984717986153	0.5733610822060354	1.0	ENSMUSG00000040249;ENSMUSG00000032083;ENSMUSG00000032080;ENSMUSG00000058571;ENSMUSG00000024990;ENSMUSG00000025743;ENSMUSG00000020592;ENSMUSG00000034220	False	False
kidney	R-MMU-9757110_PREDNISONE_ADME	-0.0905975036606726	6	0	6	-0.0905975036606726	6	0	6	-0.0042727625411430985	6.0	4.0	2.0	-0.0042727625411430985	6.0	4.0	2.0	-1.1430464524243247	0.21621621621621623	0.5402194412014855	ENSMUSG00000089943;ENSMUSG00000061906;ENSMUSG00000054630;ENSMUSG00000021213;ENSMUSG00000021207;ENSMUSG00000029260	True	True
kidney	R-MMU-9759476_REGULATION_OF_HOMOTYPIC_CELL_CELL_ADHESION	0.020131126425078912	6	3	3	0.020131126425078912	6	3	3	-0.0020221196362492713	6.0	1.0	5.0	-0.0020221196362492713	6.0	1.0	5.0	0.7525529736059225	0.8790650406504065	1.0	ENSMUSG00000035783;ENSMUSG00000031673;ENSMUSG00000062727;ENSMUSG00000059430;ENSMUSG00000061991;ENSMUSG00000026872;ENSMUSG00000101355;ENSMUSG00000071516;ENSMUSG00000069302;ENSMUSG00000011256;ENSMUSG00000069267;ENSMUSG00000060981;ENSMUSG00000094338;ENSMUSG00000061615;ENSMUSG00000021823;ENSMUSG00000069301;ENSMUSG00000101972;ENSMUSG00000101645;ENSMUSG00000024238;ENSMUSG00000094777;ENSMUSG00000019843;ENSMUSG00000069300	False	True
kidney	R-MMU-975956_NONSENSE_MEDIATED_DECAY_NMD_INDEPENDENT_OF_THE_EXON_JUNCTION_COMPLEX_EJC	0.00039517341741081925	6	4	2	0.00039517341741081925	6	4	2	-0.008426580029232217	6.0	2.0	4.0	-0.008426580029232217	6.0	2.0	4.0	-2.070671213088975	0.0	0.0031320820500900693	ENSMUSG00000039001;ENSMUSG00000079641;ENSMUSG00000039221;ENSMUSG00000067288;ENSMUSG00000061477;ENSMUSG00000024608;ENSMUSG00000034892;ENSMUSG00000078193;ENSMUSG00000061983;ENSMUSG00000060377;ENSMUSG00000068240;ENSMUSG00000038900;ENSMUSG00000062997;ENSMUSG00000058443;ENSMUSG00000057322;ENSMUSG00000050621	False	False
kidney	R-MMU-9764265_REGULATION_OF_CDH1_EXPRESSION_AND_FUNCTION	-0.03028468130950295	6	3	3	-0.03028468130950295	6	3	3	-0.0023690866338275524	6.0	2.0	4.0	-0.0023690866338275524	6.0	2.0	4.0	0.6883261648609906	0.9140225179119754	1.0	ENSMUSG00000035783;ENSMUSG00000062727;ENSMUSG00000059430;ENSMUSG00000061991;ENSMUSG00000101355;ENSMUSG00000071516;ENSMUSG00000069302;ENSMUSG00000069267;ENSMUSG00000060981;ENSMUSG00000094338;ENSMUSG00000061615;ENSMUSG00000021823;ENSMUSG00000069301;ENSMUSG00000101972;ENSMUSG00000101645;ENSMUSG00000024238;ENSMUSG00000094777;ENSMUSG00000019843;ENSMUSG00000069300	True	False
kidney	R-MMU-9764274_REGULATION_OF_EXPRESSION_AND_FUNCTION_OF_TYPE_I_CLASSICAL_CADHERINS	0.10440105909941522	6	4	2	0.10440105909941522	6	4	2	-0.0023690866338275524	6.0	2.0	4.0	-0.0023690866338275524	6.0	2.0	4.0	0.6883261648609906	0.9140225179119754	1.0	ENSMUSG00000035783;ENSMUSG00000062727;ENSMUSG00000059430;ENSMUSG00000061991;ENSMUSG00000101355;ENSMUSG00000071516;ENSMUSG00000069302;ENSMUSG00000069267;ENSMUSG00000060981;ENSMUSG00000094338;ENSMUSG00000061615;ENSMUSG00000021823;ENSMUSG00000069301;ENSMUSG00000101972;ENSMUSG00000101645;ENSMUSG00000024238;ENSMUSG00000094777;ENSMUSG00000019843;ENSMUSG00000069300	False	True
kidney	R-MMU-9764560_REGULATION_OF_CDH1_GENE_TRANSCRIPTION	-0.0031648968956491247	6	2	4	-0.0031648968956491247	6	2	4	-0.0027658923738660413	6.0	2.0	4.0	-0.0027658923738660413	6.0	2.0	4.0	0.6040149831049869	0.9491701244813278	1.0	ENSMUSG00000062727;ENSMUSG00000061991;ENSMUSG00000101355;ENSMUSG00000071516;ENSMUSG00000069302;ENSMUSG00000069267;ENSMUSG00000060981;ENSMUSG00000094338;ENSMUSG00000061615;ENSMUSG00000069301;ENSMUSG00000101972;ENSMUSG00000024238;ENSMUSG00000094777	True	False
kidney	R-MMU-9764725_NEGATIVE_REGULATION_OF_CDH1_GENE_TRANSCRIPTION	0.0016151617981257308	6	4	2	0.0016151617981257308	6	4	2	-0.0027658923738660413	6.0	2.0	4.0	-0.0027658923738660413	6.0	2.0	4.0	0.6040149831049869	0.9491701244813278	1.0	ENSMUSG00000062727;ENSMUSG00000061991;ENSMUSG00000101355;ENSMUSG00000071516;ENSMUSG00000069302;ENSMUSG00000069267;ENSMUSG00000060981;ENSMUSG00000094338;ENSMUSG00000061615;ENSMUSG00000069301;ENSMUSG00000101972;ENSMUSG00000024238;ENSMUSG00000094777	False	True
kidney	R-MMU-9769735_INITIATION_OF_COAGULATION_CASCADE	0.0005342231349415074	6	4	2	0.0005342231349415074	6	4	2	-0.0009847636467590567	6.0	3.0	3.0	-0.0009847636467590567	6.0	3.0	3.0	0.8259734545336016	0.7455947136563876	1.0	ENSMUSG00000058571;ENSMUSG00000025743;ENSMUSG00000020592;ENSMUSG00000034220;ENSMUSG00000027249;ENSMUSG00000022912;ENSMUSG00000031444	False	True
kidney	R-MMU-9769739_REGULATION_OF_CLOTTING_CASCADE	0.0003883754883260227	6	3	3	0.0003883754883260227	6	3	3	0.0030813791719785685	6.0	4.0	2.0	0.0030813791719785685	6.0	4.0	2.0	1.0086818671088198	0.4952978056426332	1.0	ENSMUSG00000048376;ENSMUSG00000058571;ENSMUSG00000074743;ENSMUSG00000023224;ENSMUSG00000026249;ENSMUSG00000025743;ENSMUSG00000020592;ENSMUSG00000034220;ENSMUSG00000027611;ENSMUSG00000037411;ENSMUSG00000027249;ENSMUSG00000022912;ENSMUSG00000031444	True	True
kidney	R-MMU-9769740_COAGULATION_PATHWAY	0.014080273698830323	6	4	2	0.014080273698830323	6	4	2	0.0058030219548384126	6.0	5.0	1.0	0.0058030219548384126	6.0	5.0	1.0	1.27978566221763	0.11885245901639344	0.6898308717150312	ENSMUSG00000033860;ENSMUSG00000028001;ENSMUSG00000033831;ENSMUSG00000048376;ENSMUSG00000058571;ENSMUSG00000074743;ENSMUSG00000023224;ENSMUSG00000026249;ENSMUSG00000020689;ENSMUSG00000025743;ENSMUSG00000020592;ENSMUSG00000034220;ENSMUSG00000027611;ENSMUSG00000039109;ENSMUSG00000037411;ENSMUSG00000027249;ENSMUSG00000022912	True	True
kidney	R-MMU-977606_REGULATION_OF_COMPLEMENT_CASCADE	-0.010230427127383068	6	3	3	-0.010230427127383068	6	3	3	-0.0015075836476466642	6.0	3.0	3.0	-0.0015075836476466642	6.0	3.0	3.0	0.7166607890247243	0.8846153846153846	1.0	ENSMUSG00000079105;ENSMUSG00000024164;ENSMUSG00000023224	True	False
kidney	R-MMU-9818564_EPIGENETIC_REGULATION_OF_GENE_EXPRESSION_BY_MLL3_AND_MLL4_COMPLEXES	0.0034197857880116944	6	4	2	0.0034197857880116944	6	4	2	0.00019297513946577027	6.0	3.0	3.0	0.00019297513946577027	6.0	3.0	3.0	0.8896072279467089	0.6931818181818182	1.0	ENSMUSG00000030680;ENSMUSG00000062727;ENSMUSG00000061991;ENSMUSG00000101355;ENSMUSG00000048154;ENSMUSG00000071516;ENSMUSG00000069302;ENSMUSG00000069267;ENSMUSG00000060981;ENSMUSG00000094338;ENSMUSG00000061615;ENSMUSG00000069301;ENSMUSG00000101972	True	True
kidney	R-MMU-983168_ANTIGEN_PROCESSING_UBIQUITINATION_PROTEASOME_DEGRADATION	0.005613935494152104	6	3	3	0.005613935494152104	6	3	3	0.0006703555026420031	6.0	2.0	4.0	0.0006703555026420031	6.0	2.0	4.0	1.049465358590467	0.4227467811158798	1.0	ENSMUSG00000039911;ENSMUSG00000017677;ENSMUSG00000027078;ENSMUSG00000032596;ENSMUSG00000053113;ENSMUSG00000038175;ENSMUSG00000042807;ENSMUSG00000042607;ENSMUSG00000070327	True	True
kidney	R-MMU-983169_CLASS_I_MHC_MEDIATED_ANTIGEN_PROCESSING_PRESENTATION	-0.002678043080409309	6	3	3	-0.002678043080409309	6	3	3	-0.0013273182819293532	6.0	1.0	5.0	-0.0013273182819293532	6.0	1.0	5.0	0.841518160779685	0.7540816326530613	1.0	ENSMUSG00000020695;ENSMUSG00000039911;ENSMUSG00000017677;ENSMUSG00000027078;ENSMUSG00000032596;ENSMUSG00000053113;ENSMUSG00000026712;ENSMUSG00000038175;ENSMUSG00000078153;ENSMUSG00000042807;ENSMUSG00000042607;ENSMUSG00000070327;ENSMUSG00000024339	True	False
kidney	R-MMU-983189_KINESINS	0.00136260369252924	6	4	2	0.00136260369252924	6	4	2	0.001210960052838365	6.0	3.0	3.0	0.001210960052838365	6.0	3.0	3.0	1.046480023897198	0.4261057173678533	1.0	ENSMUSG00000014602;ENSMUSG00000058672;ENSMUSG00000045136;ENSMUSG00000021294;ENSMUSG00000001473;ENSMUSG00000072235;ENSMUSG00000023004;ENSMUSG00000062380;ENSMUSG00000032254;ENSMUSG00000041642;ENSMUSG00000045328	True	True
kidney	R-MMU-983231_FACTORS_INVOLVED_IN_MEGAKARYOCYTE_DEVELOPMENT_AND_PLATELET_PRODUCTION	0.03594748595175442	6	4	2	0.03594748595175442	6	4	2	0.001439686039540751	6.0	4.0	2.0	0.001439686039540751	6.0	4.0	2.0	1.0726867686928214	0.37098445595854923	1.0	ENSMUSG00000024065;ENSMUSG00000074364;ENSMUSG00000032198;ENSMUSG00000042622;ENSMUSG00000014602;ENSMUSG00000058672;ENSMUSG00000045136;ENSMUSG00000021294;ENSMUSG00000001473;ENSMUSG00000002997;ENSMUSG00000072235;ENSMUSG00000038608;ENSMUSG00000023004;ENSMUSG00000101355;ENSMUSG00000069267;ENSMUSG00000062380;ENSMUSG00000101972;ENSMUSG00000032254;ENSMUSG00000041642;ENSMUSG00000045328	True	True
kidney	R-MMU-9833482_PKR_MEDIATED_SIGNALING	-0.001585992121062867	6	2	4	-0.001585992121062867	6	2	4	0.003952308553954792	6.0	5.0	1.0	0.003952308553954792	6.0	5.0	1.0	1.3283550751175444	0.11343612334801761	0.5728607795689621	ENSMUSG00000027078;ENSMUSG00000058672;ENSMUSG00000045136;ENSMUSG00000001473;ENSMUSG00000072235;ENSMUSG00000023004;ENSMUSG00000062380;ENSMUSG00000035692;ENSMUSG00000025889;ENSMUSG00000061878;ENSMUSG00000004040	False	False
kidney	R-MMU-983705_SIGNALING_BY_THE_B_CELL_RECEPTOR_BCR	-0.040525694921052645	6	2	4	-0.040525694921052645	6	2	4	0.0008269279573059873	6.0	4.0	2.0	0.0008269279573059873	6.0	4.0	2.0	1.025376004198365	0.4472252448313384	1.0	ENSMUSG00000021025;ENSMUSG00000042644;ENSMUSG00000040592;ENSMUSG00000021457;ENSMUSG00000041417;ENSMUSG00000071042	False	False
kidney	R-MMU-983712_ION_CHANNEL_TRANSPORT	-0.0606426038157896	6	2	4	-0.0606426038157896	6	2	4	-0.0029334270822548025	6.0	2.0	4.0	-0.0029334270822548025	6.0	2.0	4.0	0.719383503564911	0.9009100101112234	1.0	ENSMUSG00000020788;ENSMUSG00000041329;ENSMUSG00000007097;ENSMUSG00000031075;ENSMUSG00000022229;ENSMUSG00000074968;ENSMUSG00000040907;ENSMUSG00000034714	True	False
kidney	R-MMU-9841922_MLL4_AND_MLL3_COMPLEXES_REGULATE_EXPRESSION_OF_PPARG_TARGET_GENES_IN_ADIPOGENESIS_AND_HEPATIC_STEATOSIS	-0.0017364034345087747	6	2	4	-0.0017364034345087747	6	2	4	-0.0028661000940781492	6.0	3.0	3.0	-0.0028661000940781492	6.0	3.0	3.0	0.5990391374166452	0.9543094496365524	1.0	ENSMUSG00000062727;ENSMUSG00000061991;ENSMUSG00000101355;ENSMUSG00000071516;ENSMUSG00000069302;ENSMUSG00000069267;ENSMUSG00000060981;ENSMUSG00000094338;ENSMUSG00000061615;ENSMUSG00000069301;ENSMUSG00000101972	True	False
kidney	R-MMU-9842860_REGULATION_OF_ENDOGENOUS_RETROELEMENTS	0.0023259950012339188	6	4	2	0.0023259950012339188	6	4	2	-0.004341974514960827	6.0	2.0	4.0	-0.004341974514960827	6.0	2.0	4.0	0.4705281431031719	0.9958847736625515	1.0	ENSMUSG00000062727;ENSMUSG00000061991;ENSMUSG00000101355;ENSMUSG00000071516;ENSMUSG00000069302;ENSMUSG00000069267;ENSMUSG00000060981;ENSMUSG00000094338;ENSMUSG00000061615;ENSMUSG00000069301;ENSMUSG00000101972	False	True
kidney	R-MMU-9843940_REGULATION_OF_ENDOGENOUS_RETROELEMENTS_BY_KRAB_ZFP_PROTEINS	0.0005665421024853857	6	3	3	0.0005665421024853859	6	3	3	-0.004341974514960827	6.0	2.0	4.0	-0.004341974514960827	6.0	2.0	4.0	0.4705281431031719	0.9958847736625515	1.0	ENSMUSG00000062727;ENSMUSG00000061991;ENSMUSG00000101355;ENSMUSG00000071516;ENSMUSG00000069302;ENSMUSG00000069267;ENSMUSG00000060981;ENSMUSG00000094338;ENSMUSG00000061615;ENSMUSG00000069301;ENSMUSG00000101972	False	True
kidney	R-MMU-9851695_EPIGENETIC_REGULATION_OF_ADIPOGENESIS_GENES_BY_MLL3_AND_MLL4_COMPLEXES	-0.0023878788085029247	6	2	4	-0.0023878788085029247	6	2	4	-0.0028661000940781492	6.0	3.0	3.0	-0.0028661000940781492	6.0	3.0	3.0	0.5990391374166452	0.9543094496365524	1.0	ENSMUSG00000062727;ENSMUSG00000061991;ENSMUSG00000101355;ENSMUSG00000071516;ENSMUSG00000069302;ENSMUSG00000069267;ENSMUSG00000060981;ENSMUSG00000094338;ENSMUSG00000061615;ENSMUSG00000069301;ENSMUSG00000101972	True	False
kidney	R-MMU-9855142_CELLULAR_RESPONSES_TO_MECHANICAL_STIMULI	0.0008112884528011696	6	3	3	0.0008112884528011696	6	3	3	0.006788413784543324	6.0	6.0	0.0	0.006788413784543324	6.0	6.0	0.0	1.4530554339837822	0.0390625	0.3212866317800063	ENSMUSG00000026193;ENSMUSG00000030790;ENSMUSG00000020689;ENSMUSG00000001240;ENSMUSG00000021025;ENSMUSG00000032231;ENSMUSG00000000555;ENSMUSG00000002997	True	True
kidney	R-MMU-9860931_RESPONSE_OF_ENDOTHELIAL_CELLS_TO_SHEAR_STRESS	-0.0019250937340827487	6	0	6	-0.0019250937340827487	6	0	6	0.006788413784543324	6.0	6.0	0.0	0.006788413784543324	6.0	6.0	0.0	1.4530554339837822	0.0390625	0.3212866317800063	ENSMUSG00000026193;ENSMUSG00000030790;ENSMUSG00000020689;ENSMUSG00000001240;ENSMUSG00000021025;ENSMUSG00000032231;ENSMUSG00000000555;ENSMUSG00000002997	False	False
kidney	R-MMU-9909648_REGULATION_OF_PD_L1_CD274_EXPRESSION	-0.0006262039314327538	6	3	3	-0.0006262039314327538	6	3	3	-0.004533904339312726	6.0	2.0	4.0	-0.004533904339312726	6.0	2.0	4.0	0.4499885743685122	0.9958549222797928	1.0	ENSMUSG00000062727;ENSMUSG00000061991;ENSMUSG00000101355;ENSMUSG00000071516;ENSMUSG00000069302;ENSMUSG00000069267;ENSMUSG00000060981;ENSMUSG00000094338;ENSMUSG00000061615;ENSMUSG00000069301;ENSMUSG00000101972	True	False
kidney	R-MMU-9909649_REGULATION_OF_PD_L1_CD274_TRANSCRIPTION	0.0003408488357441516	6	3	3	0.0003408488357441515	6	3	3	-0.0028661000940781492	6.0	3.0	3.0	-0.0028661000940781492	6.0	3.0	3.0	0.5990391374166452	0.9543094496365524	1.0	ENSMUSG00000062727;ENSMUSG00000061991;ENSMUSG00000101355;ENSMUSG00000071516;ENSMUSG00000069302;ENSMUSG00000069267;ENSMUSG00000060981;ENSMUSG00000094338;ENSMUSG00000061615;ENSMUSG00000069301;ENSMUSG00000101972	False	True
kidney	R-MMU-9917777_EPIGENETIC_REGULATION_BY_WDR5_CONTAINING_HISTONE_MODIFYING_COMPLEXES	0.002397947084283628	6	5	1	0.002397947084283628	6	5	1	4.777899427040044e-05	6.0	3.0	3.0	4.777899427040044e-05	6.0	3.0	3.0	0.8559544095910063	0.7283057851239669	1.0	ENSMUSG00000030680;ENSMUSG00000062727;ENSMUSG00000061991;ENSMUSG00000101355;ENSMUSG00000048154;ENSMUSG00000071516;ENSMUSG00000069302;ENSMUSG00000069267;ENSMUSG00000060981;ENSMUSG00000094338;ENSMUSG00000061615;ENSMUSG00000069301;ENSMUSG00000101972	True	True
kidney	R-MMU-9932444_ATP_DEPENDENT_CHROMATIN_REMODELERS	-0.0036445619614093555	6	1	5	-0.0036445619614093555	6	1	5	-0.002810702125393985	6.0	3.0	3.0	-0.002810702125393985	6.0	3.0	3.0	0.6531116812961146	0.9307851239669421	1.0	ENSMUSG00000062727;ENSMUSG00000078154;ENSMUSG00000061991;ENSMUSG00000101355;ENSMUSG00000071516;ENSMUSG00000069302;ENSMUSG00000069267;ENSMUSG00000060981;ENSMUSG00000094338;ENSMUSG00000061615;ENSMUSG00000069301;ENSMUSG00000101972	True	False
kidney	R-MMU-9937848_CHD_CHROMATIN_REMODELERS	0.01524599403220761	6	3	3	0.01524599403220761	6	3	3	-0.002810702125393985	6.0	3.0	3.0	-0.002810702125393985	6.0	3.0	3.0	0.6531116812961146	0.9307851239669421	1.0	ENSMUSG00000062727;ENSMUSG00000078154;ENSMUSG00000061991;ENSMUSG00000101355;ENSMUSG00000071516;ENSMUSG00000069302;ENSMUSG00000069267;ENSMUSG00000060981;ENSMUSG00000094338;ENSMUSG00000061615;ENSMUSG00000069301;ENSMUSG00000101972	False	True
kidney	R-MMU-9937850_NURD_COMPLEX_ASSEMBLY	-0.00012172305662280635	6	3	3	-0.00012172305662280635	6	3	3	-0.002348066620628595	6.0	3.0	3.0	-0.002348066620628595	6.0	3.0	3.0	0.6791843807546434	0.9118257261410788	1.0	ENSMUSG00000062727;ENSMUSG00000078154;ENSMUSG00000061991;ENSMUSG00000101355;ENSMUSG00000071516;ENSMUSG00000069302;ENSMUSG00000069267;ENSMUSG00000060981;ENSMUSG00000094338;ENSMUSG00000061615;ENSMUSG00000069301;ENSMUSG00000101972	True	False
kidney	R-MMU-9940951_INTERACTION_OF_NURD_COMPLEXES_WITH_TRANSCRIPTION_FACTORS	-0.002579171116581871	6	1	5	-0.002579171116581871	6	1	5	-0.002348066620628595	6.0	3.0	3.0	-0.002348066620628595	6.0	3.0	3.0	0.6791843807546434	0.9118257261410788	1.0	ENSMUSG00000062727;ENSMUSG00000078154;ENSMUSG00000061991;ENSMUSG00000101355;ENSMUSG00000071516;ENSMUSG00000069302;ENSMUSG00000069267;ENSMUSG00000060981;ENSMUSG00000094338;ENSMUSG00000061615;ENSMUSG00000069301;ENSMUSG00000101972	True	False
kidney	R-MMU-9943965_CHD3_CHD4_CHD5_SUBFAMILY	-0.003807641369342106	6	3	3	-0.003807641369342106	6	3	3	-0.002810702125393985	6.0	3.0	3.0	-0.002810702125393985	6.0	3.0	3.0	0.6531116812961146	0.9307851239669421	1.0	ENSMUSG00000062727;ENSMUSG00000078154;ENSMUSG00000061991;ENSMUSG00000101355;ENSMUSG00000071516;ENSMUSG00000069302;ENSMUSG00000069267;ENSMUSG00000060981;ENSMUSG00000094338;ENSMUSG00000061615;ENSMUSG00000069301;ENSMUSG00000101972	True	False
kidney	R-MMU-9948299_RIBOSOME_ASSOCIATED_QUALITY_CONTROL	-0.0007260991945321656	6	4	2	-0.0007260991945321656	6	4	2	-0.008426580029232217	6.0	2.0	4.0	-0.008426580029232217	6.0	2.0	4.0	-2.070671213088975	0.0	0.0031320820500900693	ENSMUSG00000039001;ENSMUSG00000079641;ENSMUSG00000039221;ENSMUSG00000067288;ENSMUSG00000061477;ENSMUSG00000024608;ENSMUSG00000034892;ENSMUSG00000078193;ENSMUSG00000061983;ENSMUSG00000060377;ENSMUSG00000068240;ENSMUSG00000038900;ENSMUSG00000062997;ENSMUSG00000058443;ENSMUSG00000057322;ENSMUSG00000050621	True	True
kidney	R-MMU-9954714_PELO_HBS1L_AND_ABCE1_DISSOCIATE_A_RIBOSOME_ON_A_NON_STOP_MRNA	-0.002860351266339181	6	3	3	-0.002860351266339181	6	3	3	-0.008426580029232217	6.0	2.0	4.0	-0.008426580029232217	6.0	2.0	4.0	-2.070671213088975	0.0	0.0031320820500900693	ENSMUSG00000039001;ENSMUSG00000079641;ENSMUSG00000039221;ENSMUSG00000067288;ENSMUSG00000061477;ENSMUSG00000024608;ENSMUSG00000034892;ENSMUSG00000078193;ENSMUSG00000061983;ENSMUSG00000060377;ENSMUSG00000068240;ENSMUSG00000038900;ENSMUSG00000062997;ENSMUSG00000058443;ENSMUSG00000057322;ENSMUSG00000050621	True	True
kidney	R-MMU-9955298_SLC_MEDIATED_TRANSPORT_OF_ORGANIC_ANIONS	-0.026903328039473734	6	2	4	-0.026903328039473734	6	2	4	0.0021354873731213217	6.0	4.0	2.0	0.0021354873731213217	6.0	4.0	2.0	1.060497436565249	0.41120507399577166	1.0	ENSMUSG00000032548;ENSMUSG00000030737;ENSMUSG00000038963;ENSMUSG00000029321;ENSMUSG00000032902;ENSMUSG00000061742;ENSMUSG00000025792	False	False
kidney	R-MMU-9958790_SLC_MEDIATED_TRANSPORT_OF_INORGANIC_ANIONS	-0.032534590972135964	6	2	4	-0.032534590972135964	6	2	4	-0.0034491261519602654	6.0	2.0	4.0	-0.0034491261519602654	6.0	2.0	4.0	-0.7576030605695979	0.8875	0.8866154894210476	ENSMUSG00000040569;ENSMUSG00000027202;ENSMUSG00000029700;ENSMUSG00000021335;ENSMUSG00000031766;ENSMUSG00000021490;ENSMUSG00000006469;ENSMUSG00000006576;ENSMUSG00000060961;ENSMUSG00000029188;ENSMUSG00000024597;ENSMUSG00000027397;ENSMUSG00000046959;ENSMUSG00000021733;ENSMUSG00000006574;ENSMUSG00000020651;ENSMUSG00000020062;ENSMUSG00000024485;ENSMUSG00000017765	True	True
kidney	R-MMU-9958825_ACTIVATION_OF_STAT3_BY_CADHERIN_ENGAGEMENT	0.0005847775624385964	6	4	2	0.0005847775624385964	6	4	2	0.005711630557879312	6.0	5.0	1.0	0.005711630557879312	6.0	5.0	1.0	1.1859958968849076	0.22988505747126436	0.7991427489555504	ENSMUSG00000035783;ENSMUSG00000027947;ENSMUSG00000031673	True	True
kidney	R-MMU-9958863_SLC_MEDIATED_TRANSPORT_OF_AMINO_ACIDS	0.04578112496301171	6	4	2	0.04578112496301171	6	4	2	-0.005246355568210431	6.0	0.0	6.0	-0.005246355568210431	6.0	0.0	6.0	0.7591735470235444	0.8176972281449894	1.0	ENSMUSG00000030109;ENSMUSG00000010064;ENSMUSG00000020264	False	True
kidney	R-MMU-9975921_ASSEMBLY_OF_THE_9_0_PRIMARY_CILIUM	-0.002161431228070221	6	3	3	-0.002161431228070221	6	3	3	0.005487607392544255	6.0	4.0	2.0	0.005487607392544255	6.0	4.0	2.0	1.2317081681928344	0.20331491712707184	0.7287519358685832	ENSMUSG00000058672;ENSMUSG00000045136;ENSMUSG00000001473;ENSMUSG00000002997;ENSMUSG00000072235;ENSMUSG00000079707;ENSMUSG00000001525;ENSMUSG00000023004;ENSMUSG00000032855;ENSMUSG00000023764;ENSMUSG00000062380	False	False
spleen	R-MMU-109581_APOPTOSIS	0.011169835374999914	5	3	2	0.011169835374999914	5	3	2	0.0017308731662103297	5.0	3.0	2.0	0.0017308731662103297	5.0	3.0	2.0	1.0339311683753674	0.4089068825910931	0.5661067079201549	ENSMUSG00000042489;ENSMUSG00000030516;ENSMUSG00000024812;ENSMUSG00000028063;ENSMUSG00000040093;ENSMUSG00000051439;ENSMUSG00000022565;ENSMUSG00000007659;ENSMUSG00000054889;ENSMUSG00000039304;ENSMUSG00000096210;ENSMUSG00000027381;ENSMUSG00000026879	True	True
spleen	R-MMU-109582_HEMOSTASIS	0.04266654113888872	5	4	1	0.04266654113888872	5	4	1	0.0028209386626939286	5.0	5.0	0.0	0.0028209386626939286	5.0	5.0	0.0	1.2869182064964688	0.022750775594622543	0.25323346789655243	ENSMUSG00000081058;ENSMUSG00000103254;ENSMUSG00000095612;ENSMUSG00000096452;ENSMUSG00000096326;ENSMUSG00000026463;ENSMUSG00000095285;ENSMUSG00000031119;ENSMUSG00000041329;ENSMUSG00000096078;ENSMUSG00000051378;ENSMUSG00000102364;ENSMUSG00000040010;ENSMUSG00000033174;ENSMUSG00000076666;ENSMUSG00000031162;ENSMUSG00000035735;ENSMUSG00000095200;ENSMUSG00000093838;ENSMUSG00000041936;ENSMUSG00000049577;ENSMUSG00000096577;ENSMUSG00000022180;ENSMUSG00000012443;ENSMUSG00000104452;ENSMUSG00000023951;ENSMUSG00000018428;ENSMUSG00000022469;ENSMUSG00000034220;ENSMUSG00000058325;ENSMUSG00000079553;ENSMUSG00000037411;ENSMUSG00000095429;ENSMUSG00000018909;ENSMUSG00000030677;ENSMUSG00000094502;ENSMUSG00000021823;ENSMUSG00000048376;ENSMUSG00000076670;ENSMUSG00000034311;ENSMUSG00000045312;ENSMUSG00000032902;ENSMUSG00000093896;ENSMUSG00000074403;ENSMUSG00000096150;ENSMUSG00000095442;ENSMUSG00000074743;ENSMUSG00000054364;ENSMUSG00000095416;ENSMUSG00000002997;ENSMUSG00000042644;ENSMUSG00000027115;ENSMUSG00000095210;ENSMUSG00000034731;ENSMUSG00000014361;ENSMUSG00000041417;ENSMUSG00000029108;ENSMUSG00000096499;ENSMUSG00000002944;ENSMUSG00000105606;ENSMUSG00000028678;ENSMUSG00000076695;ENSMUSG00000020592;ENSMUSG00000026193;ENSMUSG00000045328;ENSMUSG00000069267;ENSMUSG00000026249	True	True
spleen	R-MMU-110330_RECOGNITION_AND_ASSOCIATION_OF_DNA_GLYCOSYLASE_WITH_SITE_CONTAINING_AN_AFFECTED_PURINE	0.0032070799520111113	5	3	2	0.0032070799520111104	5	3	2	0.010828524261815967	5.0	3.0	2.0	0.010828524261815967	5.0	3.0	2.0	1.542306364855825	0.029411764705882353	0.07604384788082391	ENSMUSG00000069308;ENSMUSG00000063954;ENSMUSG00000075031;ENSMUSG00000069306;ENSMUSG00000071516;ENSMUSG00000071478;ENSMUSG00000069301;ENSMUSG00000069303;ENSMUSG00000069300;ENSMUSG00000061615;ENSMUSG00000069309;ENSMUSG00000094248;ENSMUSG00000062727;ENSMUSG00000069266;ENSMUSG00000049932;ENSMUSG00000018102;ENSMUSG00000094777;ENSMUSG00000069272	True	True
spleen	R-MMU-110331_CLEAVAGE_OF_THE_DAMAGED_PURINE	-0.002892062018894445	5	0	5	-0.002892062018894445	5	0	5	0.010828524261815967	5.0	3.0	2.0	0.010828524261815967	5.0	3.0	2.0	1.542306364855825	0.029411764705882353	0.07604384788082391	ENSMUSG00000069308;ENSMUSG00000063954;ENSMUSG00000075031;ENSMUSG00000069306;ENSMUSG00000071516;ENSMUSG00000071478;ENSMUSG00000069301;ENSMUSG00000069303;ENSMUSG00000069300;ENSMUSG00000061615;ENSMUSG00000069309;ENSMUSG00000094248;ENSMUSG00000062727;ENSMUSG00000069266;ENSMUSG00000049932;ENSMUSG00000018102;ENSMUSG00000094777;ENSMUSG00000069272	False	False
spleen	R-MMU-112314_NEUROTRANSMITTER_RECEPTORS_AND_POSTSYNAPTIC_SIGNAL_TRANSMISSION	0.005725481739833334	5	4	1	0.005725481739833334	5	4	1	0.003206461111940542	5.0	2.0	3.0	0.003206461111940542	5.0	2.0	3.0	1.0564676950439413	0.3870967741935484	0.5356351218743907	ENSMUSG00000022994;ENSMUSG00000033577;ENSMUSG00000002997;ENSMUSG00000030098	True	True
spleen	R-MMU-112315_TRANSMISSION_ACROSS_CHEMICAL_SYNAPSES	-0.00490598736517778	5	2	3	-0.00490598736517778	5	2	3	0.00023493369266192505	5.0	2.0	3.0	0.00023493369266192472	5.0	2.0	3.0	0.9311582292149904	0.5668523676880223	0.6989651358562594	ENSMUSG00000022994;ENSMUSG00000033577;ENSMUSG00000002997;ENSMUSG00000035864;ENSMUSG00000030098;ENSMUSG00000029455;ENSMUSG00000031659;ENSMUSG00000024897;ENSMUSG00000051497	False	False
spleen	R-MMU-112316_NEURONAL_SYSTEM	-0.04188571052222221	5	1	4	-0.04188571052222221	5	1	4	0.0020771308562340307	5.0	2.0	3.0	0.0020771308562340307	5.0	2.0	3.0	1.2745320520838366	0.13520749665327977	0.2622294463714478	ENSMUSG00000022994;ENSMUSG00000038738;ENSMUSG00000033577;ENSMUSG00000002997;ENSMUSG00000035864;ENSMUSG00000028906;ENSMUSG00000030247;ENSMUSG00000030098;ENSMUSG00000045404;ENSMUSG00000033295;ENSMUSG00000054342;ENSMUSG00000029455;ENSMUSG00000031659;ENSMUSG00000013236	False	False
spleen	R-MMU-114604_GPVI_MEDIATED_ACTIVATION_CASCADE	-9.304571011777727e-05	5	3	2	-9.304571011777727e-05	5	3	2	0.0001288119275923316	5.0	3.0	2.0	0.0001288119275923316	5.0	3.0	2.0	0.9952757424443736	0.48493543758967	0.6009993888806776	ENSMUSG00000054364;ENSMUSG00000041417;ENSMUSG00000029661;ENSMUSG00000009621	False	False
spleen	R-MMU-114608_PLATELET_DEGRANULATION	-0.0031740768233333187	5	3	2	-0.0031740768233333187	5	3	2	-0.002420542624914901	5.0	2.0	3.0	-0.002420542624914901	5.0	2.0	3.0	0.5779807369863507	0.9897172236503856	0.9854683120277812	ENSMUSG00000023951;ENSMUSG00000037411;ENSMUSG00000021823;ENSMUSG00000045312;ENSMUSG00000029108;ENSMUSG00000002944;ENSMUSG00000026193;ENSMUSG00000037419;ENSMUSG00000022892;ENSMUSG00000062866	True	False
spleen	R-MMU-1169410_ANTIMICROBIAL_MECHANISM_OF_IFN_STIMULATED_GENES	0.001037418798024999	5	3	2	0.001037418798024999	5	3	2	-0.003651888484620186	5.0	3.0	2.0	-0.003651888484620186	5.0	3.0	2.0	0.8190548754051705	0.7347767253044655	0.8139053978679478	ENSMUSG00000091971;ENSMUSG00000019942;ENSMUSG00000090877	False	True
spleen	R-MMU-1257604_PIP3_ACTIVATES_AKT_SIGNALING	-0.02497008156611115	5	1	4	-0.02497008156611115	5	1	4	-0.0017258138009906498	5.0	2.0	3.0	-0.0017258138009906498	5.0	2.0	3.0	0.9421396051755587	0.5587467362924282	0.6809550688161269	ENSMUSG00000031714;ENSMUSG00000028278;ENSMUSG00000024620;ENSMUSG00000023067;ENSMUSG00000041417;ENSMUSG00000038894;ENSMUSG00000032216;ENSMUSG00000026069;ENSMUSG00000032715;ENSMUSG00000044340;ENSMUSG00000005534;ENSMUSG00000110206;ENSMUSG00000019966;ENSMUSG00000018474;ENSMUSG00000047789;ENSMUSG00000089715;ENSMUSG00000003031	True	False
spleen	R-MMU-1266738_DEVELOPMENTAL_BIOLOGY	0.028870455305555563	5	3	2	0.028870455305555563	5	3	2	0.004475064352157758	5.0	4.0	1.0	0.004475064352157758	5.0	4.0	1.0	1.5293879892580313	0.0011574074074074073	0.08335475743630613	ENSMUSG00000042453;ENSMUSG00000056427;ENSMUSG00000031714;ENSMUSG00000020176;ENSMUSG00000059495;ENSMUSG00000021061;ENSMUSG00000020019;ENSMUSG00000004098;ENSMUSG00000030110;ENSMUSG00000026042;ENSMUSG00000022231;ENSMUSG00000034220;ENSMUSG00000058325;ENSMUSG00000024924;ENSMUSG00000026837;ENSMUSG00000031503;ENSMUSG00000030084;ENSMUSG00000034311;ENSMUSG00000061353;ENSMUSG00000030123;ENSMUSG00000031502;ENSMUSG00000022263;ENSMUSG00000054364;ENSMUSG00000023067;ENSMUSG00000019851;ENSMUSG00000048126;ENSMUSG00000025810;ENSMUSG00000026532;ENSMUSG00000041417;ENSMUSG00000014599;ENSMUSG00000023043;ENSMUSG00000015846;ENSMUSG00000038894;ENSMUSG00000006445;ENSMUSG00000041977;ENSMUSG00000022610;ENSMUSG00000039115;ENSMUSG00000020315;ENSMUSG00000054889;ENSMUSG00000027200;ENSMUSG00000026991;ENSMUSG00000038264;ENSMUSG00000034957;ENSMUSG00000041351;ENSMUSG00000009621;ENSMUSG00000016933;ENSMUSG00000032402;ENSMUSG00000029869;ENSMUSG00000019966	True	True
spleen	R-MMU-1280215_CYTOKINE_SIGNALING_IN_IMMUNE_SYSTEM	0.011505986894444454	5	2	3	0.011505986894444454	5	2	3	-0.004915438883414477	5.0	2.0	3.0	-0.004915438883414477	5.0	2.0	3.0	-0.9417511572786443	0.6382978723404256	0.7424948379043641	ENSMUSG00000040314;ENSMUSG00000025889;ENSMUSG00000018916;ENSMUSG00000058755;ENSMUSG00000045136;ENSMUSG00000031530;ENSMUSG00000034394;ENSMUSG00000024401;ENSMUSG00000005364;ENSMUSG00000026981;ENSMUSG00000004296;ENSMUSG00000024402;ENSMUSG00000027720;ENSMUSG00000072235;ENSMUSG00000026700;ENSMUSG00000005824;ENSMUSG00000053113;ENSMUSG00000027078;ENSMUSG00000093769;ENSMUSG00000017652;ENSMUSG00000029075;ENSMUSG00000001473;ENSMUSG00000068240	False	False
spleen	R-MMU-1280218_ADAPTIVE_IMMUNE_SYSTEM	-0.08051048061111059	5	1	4	-0.08051048061111059	5	1	4	-0.003377600320061644	5.0	2.0	3.0	-0.003377600320061644	5.0	2.0	3.0	1.0115572214916382	0.45134575569358176	0.5863413211133748	ENSMUSG00000081058;ENSMUSG00000103254;ENSMUSG00000095612;ENSMUSG00000096452;ENSMUSG00000069308;ENSMUSG00000096326;ENSMUSG00000095285;ENSMUSG00000063954;ENSMUSG00000096078;ENSMUSG00000083282;ENSMUSG00000102364;ENSMUSG00000075031;ENSMUSG00000076666;ENSMUSG00000072082;ENSMUSG00000095200;ENSMUSG00000093838;ENSMUSG00000096577;ENSMUSG00000012443;ENSMUSG00000104452;ENSMUSG00000022469;ENSMUSG00000069306;ENSMUSG00000071516;ENSMUSG00000071478;ENSMUSG00000095429;ENSMUSG00000030677;ENSMUSG00000094502;ENSMUSG00000069301;ENSMUSG00000069303;ENSMUSG00000038664;ENSMUSG00000032586;ENSMUSG00000076670;ENSMUSG00000034311;ENSMUSG00000093896;ENSMUSG00000074403;ENSMUSG00000069300;ENSMUSG00000009092;ENSMUSG00000096150;ENSMUSG00000061615;ENSMUSG00000095442;ENSMUSG00000095416;ENSMUSG00000042644;ENSMUSG00000069309;ENSMUSG00000094248;ENSMUSG00000038807;ENSMUSG00000027115;ENSMUSG00000095210;ENSMUSG00000041417;ENSMUSG00000096499;ENSMUSG00000062727;ENSMUSG00000024164;ENSMUSG00000002944;ENSMUSG00000105606;ENSMUSG00000069266;ENSMUSG00000028678;ENSMUSG00000076695;ENSMUSG00000026622;ENSMUSG00000045328;ENSMUSG00000069267;ENSMUSG00000032216;ENSMUSG00000032596;ENSMUSG00000066036;ENSMUSG00000032021;ENSMUSG00000096074;ENSMUSG00000001403;ENSMUSG00000070327;ENSMUSG00000032715;ENSMUSG00000076514;ENSMUSG00000049932	True	False
spleen	R-MMU-141424_AMPLIFICATION_OF_SIGNAL_FROM_THE_KINETOCHORES	-0.0027613936196256945	5	0	5	-0.002761393619625695	5	0	5	0.010876933097536064	5.0	3.0	2.0	0.010876933097536064	5.0	3.0	2.0	1.419707440281679	0.04891304347826087	0.14572573607332073	ENSMUSG00000026605;ENSMUSG00000023940;ENSMUSG00000031756;ENSMUSG00000036223;ENSMUSG00000068101;ENSMUSG00000027115;ENSMUSG00000040084;ENSMUSG00000028678;ENSMUSG00000045328;ENSMUSG00000021714;ENSMUSG00000020897;ENSMUSG00000006398;ENSMUSG00000040549;ENSMUSG00000031262;ENSMUSG00000024660;ENSMUSG00000029414;ENSMUSG00000029910;ENSMUSG00000024056;ENSMUSG00000028873;ENSMUSG00000026039	False	False
spleen	R-MMU-141444_AMPLIFICATION_OF_SIGNAL_FROM_UNATTACHED_KINETOCHORES_VIA_A_MAD2_INHIBITORY_SIGNAL	0.0013147828607777772	5	2	3	0.0013147828607777772	5	2	3	0.010876933097536064	5.0	3.0	2.0	0.010876933097536064	5.0	3.0	2.0	1.419707440281679	0.04891304347826087	0.14572573607332073	ENSMUSG00000026605;ENSMUSG00000023940;ENSMUSG00000031756;ENSMUSG00000036223;ENSMUSG00000068101;ENSMUSG00000027115;ENSMUSG00000040084;ENSMUSG00000028678;ENSMUSG00000045328;ENSMUSG00000021714;ENSMUSG00000020897;ENSMUSG00000006398;ENSMUSG00000040549;ENSMUSG00000031262;ENSMUSG00000024660;ENSMUSG00000029414;ENSMUSG00000029910;ENSMUSG00000024056;ENSMUSG00000028873;ENSMUSG00000026039	True	True
spleen	R-MMU-1428517_AEROBIC_RESPIRATION_AND_RESPIRATORY_ELECTRON_TRANSPORT	-0.009068063425166667	5	2	3	-0.009068063425166667	5	2	3	-0.006464169808084069	5.0	1.0	4.0	-0.006464169808084069	5.0	1.0	4.0	-2.3412230139072405	0.0	0.00011860182063516135	ENSMUSG00000030785;ENSMUSG00000101959;ENSMUSG00000064368;ENSMUSG00000064354;ENSMUSG00000064358;ENSMUSG00000064345;ENSMUSG00000058927;ENSMUSG00000064370;ENSMUSG00000064341;ENSMUSG00000064360;ENSMUSG00000064363;ENSMUSG00000068240;ENSMUSG00000064367;ENSMUSG00000116207;ENSMUSG00000064351	True	True
spleen	R-MMU-1430728_METABOLISM	-0.03589460522222172	5	2	3	-0.03589460522222172	5	2	3	-0.002303966329206397	5.0	1.0	4.0	-0.002303966329206397	5.0	1.0	4.0	0.8928094195197845	0.7810894141829393	0.7530636635944841	ENSMUSG00000029752;ENSMUSG00000031119;ENSMUSG00000022742;ENSMUSG00000020334;ENSMUSG00000040010;ENSMUSG00000006345;ENSMUSG00000033174;ENSMUSG00000004032;ENSMUSG00000089960;ENSMUSG00000020646;ENSMUSG00000061740;ENSMUSG00000041936;ENSMUSG00000032418;ENSMUSG00000031749;ENSMUSG00000022994;ENSMUSG00000024027;ENSMUSG00000022469;ENSMUSG00000034220;ENSMUSG00000024087;ENSMUSG00000040249;ENSMUSG00000024665;ENSMUSG00000050931;ENSMUSG00000040447;ENSMUSG00000032737;ENSMUSG00000032126;ENSMUSG00000020649;ENSMUSG00000056091;ENSMUSG00000021614;ENSMUSG00000034573;ENSMUSG00000021759;ENSMUSG00000040618;ENSMUSG00000074207;ENSMUSG00000003849;ENSMUSG00000032487;ENSMUSG00000030737;ENSMUSG00000005686;ENSMUSG00000029406;ENSMUSG00000039197;ENSMUSG00000035459;ENSMUSG00000002997;ENSMUSG00000042644;ENSMUSG00000024900;ENSMUSG00000039943;ENSMUSG00000041417;ENSMUSG00000028179;ENSMUSG00000041757;ENSMUSG00000024851;ENSMUSG00000010660;ENSMUSG00000013846;ENSMUSG00000015846;ENSMUSG00000002944;ENSMUSG00000037580;ENSMUSG00000030930;ENSMUSG00000020330;ENSMUSG00000020592;ENSMUSG00000020432;ENSMUSG00000037295;ENSMUSG00000011179;ENSMUSG00000032122;ENSMUSG00000078139;ENSMUSG00000015709;ENSMUSG00000029134;ENSMUSG00000053279;ENSMUSG00000020256;ENSMUSG00000013629;ENSMUSG00000025403;ENSMUSG00000034612;ENSMUSG00000022822;ENSMUSG00000054008;ENSMUSG00000090175;ENSMUSG00000027580;ENSMUSG00000020899;ENSMUSG00000006344;ENSMUSG00000098488;ENSMUSG00000015568;ENSMUSG00000015968;ENSMUSG00000058135;ENSMUSG00000029455;ENSMUSG00000048087;ENSMUSG00000028614;ENSMUSG00000017707;ENSMUSG00000018924;ENSMUSG00000002985;ENSMUSG00000026447;ENSMUSG00000040466;ENSMUSG00000033350;ENSMUSG00000016933;ENSMUSG00000026558;ENSMUSG00000009614;ENSMUSG00000021703;ENSMUSG00000027221;ENSMUSG00000021048;ENSMUSG00000034171;ENSMUSG00000027199;ENSMUSG00000048120;ENSMUSG00000028517;ENSMUSG00000029478;ENSMUSG00000028527;ENSMUSG00000040675;ENSMUSG00000024066;ENSMUSG00000026489;ENSMUSG00000025574;ENSMUSG00000037606;ENSMUSG00000025747;ENSMUSG00000047712	True	False
spleen	R-MMU-1433557_SIGNALING_BY_SCF_KIT	-0.0016859510720777775	5	1	4	-0.0016859510720777775	5	1	4	-0.0036875634111290245	5.0	0.0	5.0	-0.0036875634111290245	5.0	0.0	5.0	0.6065035134053973	0.9469153515064562	0.987434630629257	ENSMUSG00000020176;ENSMUSG00000041417	True	False
spleen	R-MMU-1442490_COLLAGEN_DEGRADATION	0.003050260500799999	5	5	0	0.0030502605007999995	5	5	0	0.009133555436906785	5.0	4.0	1.0	0.009133555436906785	5.0	4.0	1.0	1.3437935097033065	0.12465373961218837	0.2074497639763415	ENSMUSG00000032332;ENSMUSG00000004098;ENSMUSG00000026042;ENSMUSG00000026837;ENSMUSG00000031503;ENSMUSG00000031502;ENSMUSG00000048126	True	True
spleen	R-MMU-1474228_DEGRADATION_OF_THE_EXTRACELLULAR_MATRIX	-0.006227075000000104	5	2	3	-0.006227075000000104	5	2	3	0.003514999401405168	5.0	4.0	1.0	0.003514999401405168	5.0	4.0	1.0	-1.6043776748870884	0.020202020202020204	0.046491913688983255	ENSMUSG00000020125;ENSMUSG00000031957;ENSMUSG00000040314;ENSMUSG00000057163;ENSMUSG00000025473;ENSMUSG00000023903;ENSMUSG00000017737	False	True
spleen	R-MMU-1474244_EXTRACELLULAR_MATRIX_ORGANIZATION	0.05257013862791667	5	3	2	0.05257013862791667	5	3	2	0.004448718508679967	5.0	4.0	1.0	0.004448718508679967	5.0	4.0	1.0	1.0584897947164482	0.3885647607934656	0.5363372356927384	ENSMUSG00000027204;ENSMUSG00000032332;ENSMUSG00000041936;ENSMUSG00000058626;ENSMUSG00000026768;ENSMUSG00000004098;ENSMUSG00000026042;ENSMUSG00000027358;ENSMUSG00000033327;ENSMUSG00000037411;ENSMUSG00000026837;ENSMUSG00000031503;ENSMUSG00000008999;ENSMUSG00000021614;ENSMUSG00000005397;ENSMUSG00000070369;ENSMUSG00000031502;ENSMUSG00000042284;ENSMUSG00000030255;ENSMUSG00000048126;ENSMUSG00000059901;ENSMUSG00000032374;ENSMUSG00000020592;ENSMUSG00000026193;ENSMUSG00000041308;ENSMUSG00000035547;ENSMUSG00000017466;ENSMUSG00000025321;ENSMUSG00000024330;ENSMUSG00000053617;ENSMUSG00000025348;ENSMUSG00000039115;ENSMUSG00000029661;ENSMUSG00000038168	True	True
spleen	R-MMU-1474290_COLLAGEN_FORMATION	0.11572179627777776	5	4	1	0.11572179627777776	5	4	1	0.009145354684336412	5.0	4.0	1.0	0.009145354684336412	5.0	4.0	1.0	1.4622414709502227	0.05128205128205128	0.12037941419225841	ENSMUSG00000032332;ENSMUSG00000004098;ENSMUSG00000026042;ENSMUSG00000026837;ENSMUSG00000031503;ENSMUSG00000031502;ENSMUSG00000048126;ENSMUSG00000059901;ENSMUSG00000032374;ENSMUSG00000024330;ENSMUSG00000029661;ENSMUSG00000038168	True	True
spleen	R-MMU-1483206_GLYCEROPHOSPHOLIPID_BIOSYNTHESIS	0.04079396481944443	5	3	2	0.04079396481944443	5	3	2	0.0004927999708862031	5.0	4.0	1.0	0.0004927999708862031	5.0	4.0	1.0	0.8759525144569104	0.6620111731843575	0.7717106094236272	ENSMUSG00000033174;ENSMUSG00000020646;ENSMUSG00000029406;ENSMUSG00000024851;ENSMUSG00000029134;ENSMUSG00000098488	True	True
spleen	R-MMU-1483255_PI_METABOLISM	-0.026840762939777784	5	2	3	-0.026840762939777784	5	2	3	0.0007002693774009999	5.0	3.0	2.0	0.0007002693774009999	5.0	3.0	2.0	1.0808716518533723	0.3821022727272727	0.5063492258659875	ENSMUSG00000032737;ENSMUSG00000034573;ENSMUSG00000041417;ENSMUSG00000041757	False	False
spleen	R-MMU-1483257_PHOSPHOLIPID_METABOLISM	-0.049580236988888825	5	0	5	-0.049580236988888825	5	0	5	0.0004442630632669461	5.0	3.0	2.0	0.0004442630632669461	5.0	3.0	2.0	1.050010470646617	0.4191461836998706	0.5439135748244681	ENSMUSG00000033174;ENSMUSG00000020646;ENSMUSG00000032737;ENSMUSG00000034573;ENSMUSG00000029406;ENSMUSG00000041417;ENSMUSG00000041757;ENSMUSG00000024851;ENSMUSG00000029134;ENSMUSG00000098488;ENSMUSG00000026447	False	False
spleen	R-MMU-1500931_CELL_CELL_COMMUNICATION	0.025206237055555646	5	3	2	0.025206237055555646	5	3	2	0.006722939562232767	5.0	3.0	2.0	0.006722939562232767	5.0	3.0	2.0	1.5784781753436998	0.006097560975609756	0.08074238748393792	ENSMUSG00000081058;ENSMUSG00000069308;ENSMUSG00000063954;ENSMUSG00000068699;ENSMUSG00000075031;ENSMUSG00000028217;ENSMUSG00000069306;ENSMUSG00000071516;ENSMUSG00000058325;ENSMUSG00000071478;ENSMUSG00000021823;ENSMUSG00000069301;ENSMUSG00000069303;ENSMUSG00000034101;ENSMUSG00000074403;ENSMUSG00000069300;ENSMUSG00000061615;ENSMUSG00000069309;ENSMUSG00000094248;ENSMUSG00000026131;ENSMUSG00000062727;ENSMUSG00000069266;ENSMUSG00000021756;ENSMUSG00000069267;ENSMUSG00000049932;ENSMUSG00000022565;ENSMUSG00000062300;ENSMUSG00000018102;ENSMUSG00000094777;ENSMUSG00000069272;ENSMUSG00000009621;ENSMUSG00000099517;ENSMUSG00000041734;ENSMUSG00000069307;ENSMUSG00000031328;ENSMUSG00000011256;ENSMUSG00000030530;ENSMUSG00000026872	True	True
spleen	R-MMU-156580_PHASE_II_CONJUGATION_OF_COMPOUNDS	0.011727557788888843	5	4	1	0.011727557788888843	5	4	1	0.00033173942243799605	5.0	3.0	2.0	0.00033173942243799605	5.0	3.0	2.0	1.3815086013424016	0.08226950354609928	0.17501584011633098	ENSMUSG00000006345;ENSMUSG00000004032;ENSMUSG00000089960;ENSMUSG00000090175;ENSMUSG00000006344;ENSMUSG00000058135;ENSMUSG00000048087	True	True
spleen	R-MMU-157579_TELOMERE_MAINTENANCE	-0.08251229427500004	5	3	2	-0.08251229427500004	5	3	2	0.007782825642235478	5.0	3.0	2.0	0.007782825642235478	5.0	3.0	2.0	1.5120404794032212	0.027061855670103094	0.09442728806690039	ENSMUSG00000069308;ENSMUSG00000063954;ENSMUSG00000075031;ENSMUSG00000069306;ENSMUSG00000071516;ENSMUSG00000071478;ENSMUSG00000069301;ENSMUSG00000069303;ENSMUSG00000069300;ENSMUSG00000041064;ENSMUSG00000030528;ENSMUSG00000061615;ENSMUSG00000069309;ENSMUSG00000094248;ENSMUSG00000062727;ENSMUSG00000024742;ENSMUSG00000069266;ENSMUSG00000049932;ENSMUSG00000018102;ENSMUSG00000094777;ENSMUSG00000069272;ENSMUSG00000006678;ENSMUSG00000069307;ENSMUSG00000056394;ENSMUSG00000027342;ENSMUSG00000046691;ENSMUSG00000038644;ENSMUSG00000027715	False	False
spleen	R-MMU-157858_GAP_JUNCTION_TRAFFICKING_AND_REGULATION	-0.0016541263443333328	5	3	2	-0.0016541263443333328	5	3	2	-0.004620967718374294	5.0	2.0	3.0	-0.004620967718374294	5.0	2.0	3.0	-0.6649962276869547	0.886986301369863	0.9878141154804942	ENSMUSG00000045136;ENSMUSG00000072235;ENSMUSG00000001473	True	True
spleen	R-MMU-15869_METABOLISM_OF_NUCLEOTIDES	0.028005022666666646	5	4	1	0.028005022666666646	5	4	1	0.001171313865684788	5.0	2.0	3.0	0.001171313865684788	5.0	2.0	3.0	0.8662331913881945	0.6899328859060403	0.7801091704743525	ENSMUSG00000020649;ENSMUSG00000005686;ENSMUSG00000039197;ENSMUSG00000013629;ENSMUSG00000020899;ENSMUSG00000026558;ENSMUSG00000048120;ENSMUSG00000028527;ENSMUSG00000024066;ENSMUSG00000025574;ENSMUSG00000025747;ENSMUSG00000032420	True	True
spleen	R-MMU-1592389_ACTIVATION_OF_MATRIX_METALLOPROTEINASES	0.002572309344388888	5	2	3	0.002572309344388888	5	2	3	-0.018230503529564925	5.0	2.0	3.0	-0.018230503529564925	5.0	2.0	3.0	-2.2235042965014125	0.0	0.0006099522204094013	ENSMUSG00000020125;ENSMUSG00000031957;ENSMUSG00000040314;ENSMUSG00000057163;ENSMUSG00000023903;ENSMUSG00000017737;ENSMUSG00000036938	False	False
spleen	R-MMU-162582_SIGNAL_TRANSDUCTION	0.0727593176666665	5	5	0	0.0727593176666665	5	5	0													False	False
spleen	R-MMU-1630316_GLYCOSAMINOGLYCAN_METABOLISM	-0.046452262502777744	5	2	3	-0.046452262502777744	5	2	3	0.0022907992852621863	5.0	4.0	1.0	0.0022907992852621863	5.0	4.0	1.0	1.2491909894416715	0.15214564369310793	0.28535541332738057	ENSMUSG00000031119;ENSMUSG00000041936;ENSMUSG00000031749;ENSMUSG00000034220;ENSMUSG00000021614;ENSMUSG00000035459;ENSMUSG00000013846;ENSMUSG00000030930;ENSMUSG00000020330;ENSMUSG00000020592;ENSMUSG00000034612;ENSMUSG00000022822;ENSMUSG00000054008;ENSMUSG00000033350;ENSMUSG00000027221	False	False
spleen	R-MMU-163125_POST_TRANSLATIONAL_MODIFICATION_SYNTHESIS_OF_GPI_ANCHORED_PROTEINS	-0.13332670104166666	5	1	4	-0.13332670104166666	5	1	4	-0.012260146261038149	5.0	2.0	3.0	-0.012260146261038149	5.0	2.0	3.0	-1.1034452396556271	0.26885245901639343	0.4975939384748195	ENSMUSG00000029082;ENSMUSG00000034634;ENSMUSG00000059089;ENSMUSG00000000682;ENSMUSG00000044678;ENSMUSG00000032011;ENSMUSG00000020183;ENSMUSG00000031933;ENSMUSG00000026765;ENSMUSG00000054385;ENSMUSG00000039114;ENSMUSG00000046223	True	True
spleen	R-MMU-1632852_MACROAUTOPHAGY	-0.0025468078452099995	5	2	3	-0.0025468078452099995	5	2	3	-0.007256937332672564	5.0	1.0	4.0	-0.007256937332672564	5.0	1.0	4.0	-0.8887765278507416	0.6187290969899666	0.8059211552237932	ENSMUSG00000045136;ENSMUSG00000072235;ENSMUSG00000001473;ENSMUSG00000068240	True	True
spleen	R-MMU-163685_INTEGRATION_OF_ENERGY_METABOLISM	-0.011312727980555604	5	1	4	-0.011312727980555604	5	1	4	-0.00014254226828846472	5.0	2.0	3.0	-0.00014254226828846472	5.0	2.0	3.0	1.3277850280879695	0.11866859623733719	0.2169863846308218	ENSMUSG00000022994;ENSMUSG00000024027;ENSMUSG00000022469;ENSMUSG00000002997;ENSMUSG00000042644;ENSMUSG00000002944	True	False
spleen	R-MMU-1640170_CELL_CYCLE	0.08387557797944442	5	3	2	0.08387557797944442	5	3	2	0.011509348394615674	5.0	3.0	2.0	0.011509348394615674	5.0	3.0	2.0	1.8148011516607787	0.0	0.06290239056262142	ENSMUSG00000081058;ENSMUSG00000069308;ENSMUSG00000063954;ENSMUSG00000019942;ENSMUSG00000075031;ENSMUSG00000046591;ENSMUSG00000018983;ENSMUSG00000017499;ENSMUSG00000026605;ENSMUSG00000069306;ENSMUSG00000071516;ENSMUSG00000023940;ENSMUSG00000071478;ENSMUSG00000042489;ENSMUSG00000027330;ENSMUSG00000069301;ENSMUSG00000069303;ENSMUSG00000031756;ENSMUSG00000002068;ENSMUSG00000038252;ENSMUSG00000017146;ENSMUSG00000042029;ENSMUSG00000047534;ENSMUSG00000027323;ENSMUSG00000074403;ENSMUSG00000069300;ENSMUSG00000027490;ENSMUSG00000041064;ENSMUSG00000058290;ENSMUSG00000030528;ENSMUSG00000026672;ENSMUSG00000061615;ENSMUSG00000028063;ENSMUSG00000022385;ENSMUSG00000002997;ENSMUSG00000069309;ENSMUSG00000034906;ENSMUSG00000094248;ENSMUSG00000040957;ENSMUSG00000028312;ENSMUSG00000023067;ENSMUSG00000036223;ENSMUSG00000068101;ENSMUSG00000027115;ENSMUSG00000040084;ENSMUSG00000044783;ENSMUSG00000002870;ENSMUSG00000035455;ENSMUSG00000007080;ENSMUSG00000027469;ENSMUSG00000062727;ENSMUSG00000025758;ENSMUSG00000024742;ENSMUSG00000069266;ENSMUSG00000020330;ENSMUSG00000028678;ENSMUSG00000026622;ENSMUSG00000045328;ENSMUSG00000029730;ENSMUSG00000069267;ENSMUSG00000039748;ENSMUSG00000022034;ENSMUSG00000038482;ENSMUSG00000024791;ENSMUSG00000021714;ENSMUSG00000020897;ENSMUSG00000001403;ENSMUSG00000049932;ENSMUSG00000044201;ENSMUSG00000026196;ENSMUSG00000028896;ENSMUSG00000019773;ENSMUSG00000034218;ENSMUSG00000032254;ENSMUSG00000006398;ENSMUSG00000018102;ENSMUSG00000030451;ENSMUSG00000028614;ENSMUSG00000094777;ENSMUSG00000069272;ENSMUSG00000015880;ENSMUSG00000040549;ENSMUSG00000099517;ENSMUSG00000006678;ENSMUSG00000000184;ENSMUSG00000041431;ENSMUSG00000028680;ENSMUSG00000031262;ENSMUSG00000069307;ENSMUSG00000032218;ENSMUSG00000057406;ENSMUSG00000022673;ENSMUSG00000024660;ENSMUSG00000016255;ENSMUSG00000056394;ENSMUSG00000029414;ENSMUSG00000027342;ENSMUSG00000046691;ENSMUSG00000038644;ENSMUSG00000027715;ENSMUSG00000001517;ENSMUSG00000029910;ENSMUSG00000024056;ENSMUSG00000003031;ENSMUSG00000069274;ENSMUSG00000026779;ENSMUSG00000028873;ENSMUSG00000031016;ENSMUSG00000028587;ENSMUSG00000041859;ENSMUSG00000036752;ENSMUSG00000026039;ENSMUSG00000027496;ENSMUSG00000005410;ENSMUSG00000054387;ENSMUSG00000040274;ENSMUSG00000069310;ENSMUSG00000034165	True	True
spleen	R-MMU-1650814_COLLAGEN_BIOSYNTHESIS_AND_MODIFYING_ENZYMES	0.07919402522222194	5	3	2	0.07919402522222194	5	3	2	0.013889005238979388	5.0	4.0	1.0	0.013889005238979388	5.0	4.0	1.0	1.769451717006868	0.0014005602240896359	0.06144800002938162	ENSMUSG00000032332;ENSMUSG00000004098;ENSMUSG00000026042;ENSMUSG00000026837;ENSMUSG00000031503;ENSMUSG00000031502;ENSMUSG00000048126;ENSMUSG00000059901;ENSMUSG00000032374;ENSMUSG00000024330;ENSMUSG00000029661;ENSMUSG00000038168;ENSMUSG00000015354	True	True
spleen	R-MMU-166016_TOLL_LIKE_RECEPTOR_4_TLR4_CASCADE	-0.008288998597222218	5	3	2	-0.00828899859722222	5	3	2	-0.006076642962479328	5.0	1.0	4.0	-0.006076642962479328	5.0	1.0	4.0	0.7385146739478216	0.8487738419618529	0.9016286706536362	ENSMUSG00000109061;ENSMUSG00000021250;ENSMUSG00000026672;ENSMUSG00000018932;ENSMUSG00000051439;ENSMUSG00000052684;ENSMUSG00000022892;ENSMUSG00000030107;ENSMUSG00000016024;ENSMUSG00000025498;ENSMUSG00000019960;ENSMUSG00000046688;ENSMUSG00000031652;ENSMUSG00000039005	True	False
spleen	R-MMU-166058_MYD88_MAL_TIRAP_CASCADE_INITIATED_ON_PLASMA_MEMBRANE	0.0003523425850947221	5	2	3	0.0003523425850947221	5	2	3	-0.005172059020192585	5.0	2.0	3.0	-0.005172059020192585	5.0	2.0	3.0	0.8237835597494797	0.7136690647482015	0.8123500977408236	ENSMUSG00000109061;ENSMUSG00000021250;ENSMUSG00000018932;ENSMUSG00000052684;ENSMUSG00000022892;ENSMUSG00000030107	False	True
spleen	R-MMU-1660662_GLYCOSPHINGOLIPID_METABOLISM	-0.026804668956666666	5	1	4	-0.026804668956666666	5	1	4	-0.006689640224151761	5.0	1.0	4.0	-0.006689640224151761	5.0	1.0	4.0	-0.9515888704937336	0.5572755417956656	0.7357410033183764	ENSMUSG00000022686;ENSMUSG00000036412;ENSMUSG00000000594;ENSMUSG00000043300;ENSMUSG00000021665;ENSMUSG00000006731	True	True
spleen	R-MMU-166166_MYD88_INDEPENDENT_TLR4_CASCADE	0.000325703600250001	5	3	2	0.000325703600250001	5	3	2	-0.0020589836983439884	5.0	2.0	3.0	-0.0020589836983439884	5.0	2.0	3.0	0.9639331080531589	0.5356643356643357	0.6519290540551821	ENSMUSG00000109061;ENSMUSG00000021250;ENSMUSG00000026672;ENSMUSG00000018932;ENSMUSG00000051439;ENSMUSG00000052684;ENSMUSG00000022892;ENSMUSG00000030107;ENSMUSG00000025498;ENSMUSG00000019960;ENSMUSG00000046688;ENSMUSG00000031652;ENSMUSG00000039005	False	True
spleen	R-MMU-166520_SIGNALING_BY_NTRKS	-0.04654987705000015	5	2	3	-0.04654987705000015	5	2	3	-0.0020885430477140692	5.0	3.0	2.0	-0.0020885430477140692	5.0	3.0	2.0	0.5117877630706836	0.9896449704142012	0.994880512070141	ENSMUSG00000041417;ENSMUSG00000038894;ENSMUSG00000016933;ENSMUSG00000030530;ENSMUSG00000019960;ENSMUSG00000037868	True	False
spleen	R-MMU-166658_COMPLEMENT_CASCADE	-0.05842424961111066	5	2	3	-0.05842424961111066	5	2	3	0.005348946221150208	5.0	3.0	2.0	0.005348946221150208	5.0	3.0	2.0	1.2865888272112092	0.08304498269896193	0.25210493352271335	ENSMUSG00000103254;ENSMUSG00000095612;ENSMUSG00000096452;ENSMUSG00000096326;ENSMUSG00000095285;ENSMUSG00000076615;ENSMUSG00000076614;ENSMUSG00000096078;ENSMUSG00000102364;ENSMUSG00000076666;ENSMUSG00000076612;ENSMUSG00000095200;ENSMUSG00000093838;ENSMUSG00000096577;ENSMUSG00000104452;ENSMUSG00000026365;ENSMUSG00000073418;ENSMUSG00000095429;ENSMUSG00000094502;ENSMUSG00000076670	False	False
spleen	R-MMU-166663_INITIAL_TRIGGERING_OF_COMPLEMENT	0.0011248128162999998	5	1	4	0.0011248128163	5	1	4	0.006272065811819977	5.0	4.0	1.0	0.006272065811819977	5.0	4.0	1.0	1.3928505360418606	0.0295159386068477	0.16337015766142354	ENSMUSG00000103254;ENSMUSG00000095612;ENSMUSG00000096452;ENSMUSG00000096326;ENSMUSG00000095285;ENSMUSG00000076615;ENSMUSG00000076614;ENSMUSG00000096078;ENSMUSG00000102364;ENSMUSG00000076666;ENSMUSG00000076612;ENSMUSG00000095200;ENSMUSG00000093838;ENSMUSG00000096577;ENSMUSG00000104452;ENSMUSG00000073418;ENSMUSG00000095429;ENSMUSG00000094502;ENSMUSG00000076670;ENSMUSG00000093896;ENSMUSG00000096150;ENSMUSG00000095442;ENSMUSG00000095416;ENSMUSG00000095210;ENSMUSG00000096499;ENSMUSG00000024164;ENSMUSG00000105606;ENSMUSG00000076695	True	True
spleen	R-MMU-166786_CREATION_OF_C4_AND_C2_ACTIVATORS	-0.004410686260222235	5	2	3	-0.004410686260222234	5	2	3	0.00680917160291627	5.0	4.0	1.0	0.00680917160291627	5.0	4.0	1.0	1.3695031532965403	0.04295942720763723	0.18396222257316944	ENSMUSG00000103254;ENSMUSG00000095612;ENSMUSG00000096452;ENSMUSG00000096326;ENSMUSG00000095285;ENSMUSG00000076615;ENSMUSG00000076614;ENSMUSG00000096078;ENSMUSG00000102364;ENSMUSG00000076666;ENSMUSG00000076612;ENSMUSG00000095200;ENSMUSG00000093838;ENSMUSG00000096577;ENSMUSG00000104452;ENSMUSG00000095429;ENSMUSG00000094502;ENSMUSG00000076670;ENSMUSG00000093896;ENSMUSG00000096150;ENSMUSG00000095442;ENSMUSG00000095416	False	False
spleen	R-MMU-168138_TOLL_LIKE_RECEPTOR_9_TLR9_CASCADE	-0.0026937506555	5	2	3	-0.0026937506555	5	2	3	-0.002804412748826893	5.0	1.0	4.0	-0.002804412748826893	5.0	1.0	4.0	0.9741187370252171	0.5076708507670851	0.637482095571087	ENSMUSG00000109061;ENSMUSG00000045322;ENSMUSG00000021250;ENSMUSG00000018932;ENSMUSG00000051439;ENSMUSG00000052684;ENSMUSG00000022892;ENSMUSG00000036499;ENSMUSG00000030107	True	False
spleen	R-MMU-168142_TOLL_LIKE_RECEPTOR_10_TLR10_CASCADE	0.0002624908499666664	5	3	2	0.0002624908499666664	5	3	2	-0.005172059020192585	5.0	2.0	3.0	-0.005172059020192585	5.0	2.0	3.0	0.8237835597494797	0.7136690647482015	0.8123500977408236	ENSMUSG00000109061;ENSMUSG00000021250;ENSMUSG00000018932;ENSMUSG00000052684;ENSMUSG00000022892;ENSMUSG00000030107	False	True
spleen	R-MMU-168164_TOLL_LIKE_RECEPTOR_3_TLR3_CASCADE	0.0006483791456888894	5	2	3	0.0006483791456888894	5	2	3	-0.003782840708089294	5.0	2.0	3.0	-0.003782840708089294	5.0	2.0	3.0	0.8361980266872456	0.7132667617689016	0.8197041089997379	ENSMUSG00000109061;ENSMUSG00000021250;ENSMUSG00000018932;ENSMUSG00000052684;ENSMUSG00000022892;ENSMUSG00000030107;ENSMUSG00000025498;ENSMUSG00000019960;ENSMUSG00000046688;ENSMUSG00000031652	False	True
spleen	R-MMU-168176_TOLL_LIKE_RECEPTOR_5_TLR5_CASCADE	-0.0027557068320822214	5	1	4	-0.0027557068320822214	5	1	4	-0.005172059020192585	5.0	2.0	3.0	-0.005172059020192585	5.0	2.0	3.0	0.8237835597494797	0.7136690647482015	0.8123500977408236	ENSMUSG00000109061;ENSMUSG00000021250;ENSMUSG00000018932;ENSMUSG00000052684;ENSMUSG00000022892;ENSMUSG00000030107	True	False
spleen	R-MMU-168179_TOLL_LIKE_RECEPTOR_TLR1_TLR2_CASCADE	0.0032945297627000004	5	5	0	0.0032945297627000004	5	5	0	-0.005172059020192585	5.0	2.0	3.0	-0.005172059020192585	5.0	2.0	3.0	0.8237835597494797	0.7136690647482015	0.8123500977408236	ENSMUSG00000109061;ENSMUSG00000021250;ENSMUSG00000018932;ENSMUSG00000052684;ENSMUSG00000022892;ENSMUSG00000030107	False	True
spleen	R-MMU-168181_TOLL_LIKE_RECEPTOR_7_8_TLR7_8_CASCADE	-0.0003750185299166666	5	3	2	-0.00037501852991666667	5	3	2	-0.005110686608871079	5.0	1.0	4.0	-0.005110686608871079	5.0	1.0	4.0	0.8221505708204128	0.7437325905292479	0.8119267369132398	ENSMUSG00000109061;ENSMUSG00000021250;ENSMUSG00000018932;ENSMUSG00000051439;ENSMUSG00000052684;ENSMUSG00000022892;ENSMUSG00000030107;ENSMUSG00000025498;ENSMUSG00000019960;ENSMUSG00000046688;ENSMUSG00000031652;ENSMUSG00000039005	True	False
spleen	R-MMU-168188_TOLL_LIKE_RECEPTOR_TLR6_TLR2_CASCADE	0.001739443399263889	5	3	2	0.001739443399263889	5	3	2	-0.005172059020192585	5.0	2.0	3.0	-0.005172059020192585	5.0	2.0	3.0	0.8237835597494797	0.7136690647482015	0.8123500977408236	ENSMUSG00000109061;ENSMUSG00000021250;ENSMUSG00000018932;ENSMUSG00000052684;ENSMUSG00000022892;ENSMUSG00000030107	False	True
spleen	R-MMU-168249_INNATE_IMMUNE_SYSTEM	-0.01785048816666679	5	2	3	-0.01785048816666679	5	2	3	-0.009018817935073507	5.0	1.0	4.0	-0.009018817935073507	5.0	1.0	4.0	-1.9853780188742258	0.0	0.004117177487763459	ENSMUSG00000032496;ENSMUSG00000020125;ENSMUSG00000038357;ENSMUSG00000056054;ENSMUSG00000026822;ENSMUSG00000056071;ENSMUSG00000040314;ENSMUSG00000052212;ENSMUSG00000009350;ENSMUSG00000076538;ENSMUSG00000057163;ENSMUSG00000024681;ENSMUSG00000073940;ENSMUSG00000025473;ENSMUSG00000026835;ENSMUSG00000052305;ENSMUSG00000094940;ENSMUSG00000023903;ENSMUSG00000030142;ENSMUSG00000064246;ENSMUSG00000057729;ENSMUSG00000048498;ENSMUSG00000030144;ENSMUSG00000030413;ENSMUSG00000013974;ENSMUSG00000052234;ENSMUSG00000017737;ENSMUSG00000031722;ENSMUSG00000039196;ENSMUSG00000040693;ENSMUSG00000022026;ENSMUSG00000029082;ENSMUSG00000096410;ENSMUSG00000031530;ENSMUSG00000068587;ENSMUSG00000095737;ENSMUSG00000030165;ENSMUSG00000005339;ENSMUSG00000063234;ENSMUSG00000076526;ENSMUSG00000094194;ENSMUSG00000030162;ENSMUSG00000026874;ENSMUSG00000027907;ENSMUSG00000116988;ENSMUSG00000029322;ENSMUSG00000026180;ENSMUSG00000087642;ENSMUSG00000032231;ENSMUSG00000076674;ENSMUSG00000027447;ENSMUSG00000024084;ENSMUSG00000093955;ENSMUSG00000053063;ENSMUSG00000042265;ENSMUSG00000027533;ENSMUSG00000036938;ENSMUSG00000021880;ENSMUSG00000069516;ENSMUSG00000094051;ENSMUSG00000052270;ENSMUSG00000030786;ENSMUSG00000021822;ENSMUSG00000016283;ENSMUSG00000004864;ENSMUSG00000020732;ENSMUSG00000025701;ENSMUSG00000059089;ENSMUSG00000094561;ENSMUSG00000040747;ENSMUSG00000092572;ENSMUSG00000060791;ENSMUSG00000076937;ENSMUSG00000046718;ENSMUSG00000029372;ENSMUSG00000030793;ENSMUSG00000032691;ENSMUSG00000076501;ENSMUSG00000064147;ENSMUSG00000067235;ENSMUSG00000004668;ENSMUSG00000093894;ENSMUSG00000056888;ENSMUSG00000002033;ENSMUSG00000068240;ENSMUSG00000028238;ENSMUSG00000035273;ENSMUSG00000054203;ENSMUSG00000030579;ENSMUSG00000030167;ENSMUSG00000018774;ENSMUSG00000021624;ENSMUSG00000060131;ENSMUSG00000021069	True	True
spleen	R-MMU-168256_IMMUNE_SYSTEM	-0.015115773000000044	5	1	4	-0.015115773000000044	5	1	4													False	False
spleen	R-MMU-168643_NUCLEOTIDE_BINDING_DOMAIN_LEUCINE_RICH_REPEAT_CONTAINING_RECEPTOR_NLR_SIGNALING_PATHWAYS	-0.07380911763055553	5	0	5	-0.07380911763055553	5	0	5	-0.013709394606716477	5.0	0.0	5.0	-0.013709394606716477	5.0	0.0	5.0	-1.0809955298675145	0.33860759493670883	0.5309579128013351	ENSMUSG00000004864;ENSMUSG00000030793;ENSMUSG00000032691;ENSMUSG00000068240;ENSMUSG00000033538;ENSMUSG00000022534;ENSMUSG00000037860;ENSMUSG00000025888;ENSMUSG00000069830;ENSMUSG00000053137;ENSMUSG00000028367	True	True
spleen	R-MMU-168898_TOLL_LIKE_RECEPTOR_CASCADES	-0.07408780028717221	5	0	5	-0.07408780028717221	5	0	5	-0.009075800041587206	5.0	1.0	4.0	-0.009075800041587206	5.0	1.0	4.0	-0.9941756977055198	0.42677824267782427	0.6924152191411673	ENSMUSG00000056054;ENSMUSG00000056071;ENSMUSG00000031530	True	True
spleen	R-MMU-170834_SIGNALING_BY_TGF_BETA_RECEPTOR_COMPLEX	0.05263006840527777	5	4	1	0.05263006840527777	5	4	1	0.0038102279312254963	5.0	4.0	1.0	0.0038102279312254963	5.0	4.0	1.0	1.2843711562011455	0.1590909090909091	0.2538420517190088	ENSMUSG00000027204;ENSMUSG00000026768;ENSMUSG00000029287;ENSMUSG00000038400;ENSMUSG00000038482;ENSMUSG00000025321;ENSMUSG00000062175;ENSMUSG00000032402;ENSMUSG00000029478;ENSMUSG00000030530;ENSMUSG00000029050;ENSMUSG00000020689	True	True
spleen	R-MMU-173623_CLASSICAL_ANTIBODY_MEDIATED_COMPLEMENT_ACTIVATION	-0.005408211644027779	5	2	3	-0.005408211644027779	5	2	3	0.007098775548506568	5.0	4.0	1.0	0.007098775548506568	5.0	4.0	1.0	1.431482910752111	0.026284348864994027	0.14220790734549382	ENSMUSG00000103254;ENSMUSG00000095612;ENSMUSG00000096452;ENSMUSG00000096326;ENSMUSG00000095285;ENSMUSG00000076615;ENSMUSG00000076614;ENSMUSG00000096078;ENSMUSG00000102364;ENSMUSG00000076666;ENSMUSG00000076612;ENSMUSG00000095200;ENSMUSG00000093838;ENSMUSG00000096577;ENSMUSG00000104452;ENSMUSG00000095429;ENSMUSG00000094502;ENSMUSG00000076670;ENSMUSG00000093896;ENSMUSG00000096150;ENSMUSG00000095442;ENSMUSG00000095416	False	False
spleen	R-MMU-174143_APC_C_MEDIATED_DEGRADATION_OF_CELL_CYCLE_PROTEINS	0.003638284929555555	5	4	1	0.003638284929555555	5	4	1	0.016880491050705392	5.0	3.0	2.0	0.016880491050705392	5.0	3.0	2.0	1.3342677310407516	0.11884057971014493	0.21232158897184183	ENSMUSG00000019942;ENSMUSG00000040084;ENSMUSG00000026622;ENSMUSG00000020897;ENSMUSG00000001403;ENSMUSG00000019773;ENSMUSG00000006398;ENSMUSG00000041431;ENSMUSG00000027715;ENSMUSG00000029910;ENSMUSG00000027496	True	True
spleen	R-MMU-174824_PLASMA_LIPOPROTEIN_ASSEMBLY_REMODELING_AND_CLEARANCE	-0.09978159585598886	5	2	3	-0.09978159585598886	5	2	3	-0.00274612469545467	5.0	4.0	1.0	-0.00274612469545467	5.0	4.0	1.0	0.806178964585524	0.7270233196159122	0.8310109230043197	ENSMUSG00000024924;ENSMUSG00000015243;ENSMUSG00000037295;ENSMUSG00000037936;ENSMUSG00000015568;ENSMUSG00000002985	True	False
spleen	R-MMU-176187_ACTIVATION_OF_ATR_IN_RESPONSE_TO_REPLICATION_STRESS	-0.001098349160565	5	1	4	-0.001098349160565	5	1	4	0.012384951308621803	5.0	2.0	3.0	0.012384951308621803	5.0	2.0	3.0	1.2942465745843699	0.15072463768115943	0.25105780919853987	ENSMUSG00000017499;ENSMUSG00000042489;ENSMUSG00000002870;ENSMUSG00000029730;ENSMUSG00000044201;ENSMUSG00000022673;ENSMUSG00000028587;ENSMUSG00000041859;ENSMUSG00000005410;ENSMUSG00000000028;ENSMUSG00000032113;ENSMUSG00000026355	False	False
spleen	R-MMU-180786_EXTENSION_OF_TELOMERES	0.00044697148282777776	5	3	2	0.00044697148282777776	5	3	2	0.003110120409793599	5.0	2.0	3.0	0.0031101204097935993	5.0	2.0	3.0	1.1932847104201925	0.25	0.3483064444438988	ENSMUSG00000041064;ENSMUSG00000030528;ENSMUSG00000024742;ENSMUSG00000006678;ENSMUSG00000056394;ENSMUSG00000027342;ENSMUSG00000046691;ENSMUSG00000038644;ENSMUSG00000027715	True	True
spleen	R-MMU-181438_TOLL_LIKE_RECEPTOR_2_TLR2_CASCADE	-0.002016473414333332	5	3	2	-0.002016473414333332	5	3	2	-0.005172059020192585	5.0	2.0	3.0	-0.005172059020192585	5.0	2.0	3.0	0.8237835597494797	0.7136690647482015	0.8123500977408236	ENSMUSG00000109061;ENSMUSG00000021250;ENSMUSG00000018932;ENSMUSG00000052684;ENSMUSG00000022892;ENSMUSG00000030107	True	False
spleen	R-MMU-1852241_ORGANELLE_BIOGENESIS_AND_MAINTENANCE	0.008168551750500002	5	5	0	0.008168551750500002	5	5	0	-0.000350058397026673	5.0	2.0	3.0	-0.000350058397026673	5.0	2.0	3.0	-0.6317216288331557	0.9753086419753086	0.9912378332623831	ENSMUSG00000045136;ENSMUSG00000072235;ENSMUSG00000058927;ENSMUSG00000001473;ENSMUSG00000075272	False	False
spleen	R-MMU-186797_SIGNALING_BY_PDGF	-0.0007897128375833333	5	3	2	-0.0007897128375833333	5	3	2	0.01265907086289555	5.0	4.0	1.0	0.01265907086289555	5.0	4.0	1.0	1.6649719323323662	0.0028129395218002813	0.06227004685251717	ENSMUSG00000004098;ENSMUSG00000026042;ENSMUSG00000024620;ENSMUSG00000026837;ENSMUSG00000031503;ENSMUSG00000031502;ENSMUSG00000048126;ENSMUSG00000041417	False	False
spleen	R-MMU-190828_GAP_JUNCTION_TRAFFICKING	0.0011730577314722223	5	3	2	0.0011730577314722223	5	3	2	-0.00766121854198223	5.0	2.0	3.0	-0.00766121854198223	5.0	2.0	3.0	-0.806826172218531	0.6925675675675675	0.9046186036181882	ENSMUSG00000045136;ENSMUSG00000072235;ENSMUSG00000001473	False	False
spleen	R-MMU-193648_NRAGE_SIGNALS_DEATH_THROUGH_JNK	-0.0001623285249111114	5	2	3	-0.0001623285249111114	5	2	3	0.009636969816574267	5.0	3.0	2.0	0.009636969816574267	5.0	3.0	2.0	1.3564704289418197	0.10896551724137932	0.19718316897584376	ENSMUSG00000061462;ENSMUSG00000059495;ENSMUSG00000022263;ENSMUSG00000041977;ENSMUSG00000027699;ENSMUSG00000009621;ENSMUSG00000027381;ENSMUSG00000066406;ENSMUSG00000039621;ENSMUSG00000017631	False	False
spleen	R-MMU-193704_P75_NTR_RECEPTOR_MEDIATED_SIGNALLING	0.01708720298222221	5	3	2	0.01708720298222221	5	3	2	0.006347287723532669	5.0	4.0	1.0	0.006347287723532669	5.0	4.0	1.0	1.3142511518447821	0.1285140562248996	0.22685375767398253	ENSMUSG00000061462;ENSMUSG00000059495;ENSMUSG00000022263;ENSMUSG00000041977;ENSMUSG00000000120;ENSMUSG00000027699;ENSMUSG00000009621;ENSMUSG00000027381;ENSMUSG00000066406;ENSMUSG00000039621;ENSMUSG00000017631	True	True
spleen	R-MMU-194138_SIGNALING_BY_VEGF	0.06885434713888876	5	5	0	0.06885434713888876	5	5	0	0.0009610353343658728	5.0	2.0	3.0	0.0009610353343658728	5.0	2.0	3.0	1.3348614796805152	0.1008174386920981	0.2148354667326956	ENSMUSG00000023951;ENSMUSG00000058325;ENSMUSG00000034101;ENSMUSG00000062960;ENSMUSG00000025810;ENSMUSG00000041417;ENSMUSG00000032715;ENSMUSG00000025969;ENSMUSG00000022610;ENSMUSG00000002602;ENSMUSG00000009621;ENSMUSG00000016933	True	True
spleen	R-MMU-194315_SIGNALING_BY_RHO_GTPASES	0.08526227955555558	5	5	0	0.08526227955555558	5	5	0	0.003288254069421984	5.0	3.0	2.0	0.003288254069421984	5.0	3.0	2.0	1.3962114020071679	0.009761388286334056	0.16210935552975336	ENSMUSG00000021782;ENSMUSG00000053199;ENSMUSG00000061462;ENSMUSG00000059495;ENSMUSG00000041498;ENSMUSG00000025154;ENSMUSG00000025555;ENSMUSG00000026880;ENSMUSG00000073433;ENSMUSG00000026605;ENSMUSG00000023940;ENSMUSG00000058325;ENSMUSG00000020900;ENSMUSG00000030084;ENSMUSG00000031756;ENSMUSG00000038587;ENSMUSG00000038943;ENSMUSG00000041219;ENSMUSG00000022836;ENSMUSG00000021279;ENSMUSG00000034573;ENSMUSG00000021697;ENSMUSG00000022797;ENSMUSG00000024812;ENSMUSG00000022799;ENSMUSG00000032135;ENSMUSG00000030123;ENSMUSG00000033577;ENSMUSG00000022263;ENSMUSG00000054364;ENSMUSG00000021676;ENSMUSG00000036223;ENSMUSG00000068101;ENSMUSG00000027115;ENSMUSG00000040084;ENSMUSG00000000823;ENSMUSG00000041417;ENSMUSG00000029108;ENSMUSG00000026131;ENSMUSG00000006445;ENSMUSG00000041977;ENSMUSG00000024451;ENSMUSG00000028678;ENSMUSG00000045328;ENSMUSG00000074305;ENSMUSG00000021714;ENSMUSG00000020897;ENSMUSG00000021990;ENSMUSG00000004044;ENSMUSG00000000627;ENSMUSG00000044201;ENSMUSG00000025403;ENSMUSG00000006398;ENSMUSG00000020315;ENSMUSG00000027699;ENSMUSG00000020841;ENSMUSG00000039831;ENSMUSG00000054889;ENSMUSG00000052609;ENSMUSG00000026991;ENSMUSG00000028556;ENSMUSG00000050953;ENSMUSG00000023015;ENSMUSG00000022443;ENSMUSG00000040549;ENSMUSG00000009621	True	True
spleen	R-MMU-195258_RHO_GTPASE_EFFECTORS	0.04478942871027777	5	2	3	0.04478942871027777	5	2	3	-9.388102489743117e-05	5.0	2.0	3.0	-9.388102489743117e-05	5.0	2.0	3.0	0.7947151693986823	0.8225806451612904	0.8454900563405908	ENSMUSG00000041498;ENSMUSG00000026605;ENSMUSG00000023940;ENSMUSG00000020900;ENSMUSG00000031756;ENSMUSG00000038943;ENSMUSG00000022836;ENSMUSG00000054364;ENSMUSG00000021676;ENSMUSG00000036223;ENSMUSG00000068101;ENSMUSG00000027115;ENSMUSG00000040084;ENSMUSG00000028678;ENSMUSG00000045328;ENSMUSG00000021714;ENSMUSG00000020897;ENSMUSG00000044201;ENSMUSG00000006398;ENSMUSG00000022443;ENSMUSG00000040549;ENSMUSG00000031262;ENSMUSG00000031328;ENSMUSG00000024660;ENSMUSG00000016255;ENSMUSG00000029414;ENSMUSG00000029910;ENSMUSG00000024056;ENSMUSG00000028873;ENSMUSG00000036053;ENSMUSG00000036752;ENSMUSG00000026039	False	True
spleen	R-MMU-195721_SIGNALING_BY_WNT	0.03772961955555565	5	2	3	0.03772961955555565	5	2	3	-0.001793056651397415	5.0	4.0	1.0	-0.001793056651397415	5.0	4.0	1.0	1.0250546733413852	0.44428772919605075	0.5788930857439374	ENSMUSG00000051910;ENSMUSG00000063382;ENSMUSG00000044674;ENSMUSG00000032547	False	True
spleen	R-MMU-196849_METABOLISM_OF_WATER_SOLUBLE_VITAMINS_AND_COFACTORS	0.020196803100999954	5	3	2	0.020196803100999954	5	3	2	-0.003212139462618549	5.0	2.0	3.0	-0.003212139462618549	5.0	2.0	3.0	0.7552736274245724	0.8175487465181058	0.887700413366671	ENSMUSG00000020432;ENSMUSG00000037295;ENSMUSG00000020256;ENSMUSG00000025403;ENSMUSG00000021048;ENSMUSG00000040675;ENSMUSG00000032420;ENSMUSG00000028645;ENSMUSG00000025153;ENSMUSG00000020534;ENSMUSG00000037370	False	True
spleen	R-MMU-196854_METABOLISM_OF_VITAMINS_AND_COFACTORS	-0.0500903324722223	5	3	2	-0.0500903324722223	5	3	2	-0.0006052714452540395	5.0	3.0	2.0	-0.0006052714452540395	5.0	3.0	2.0	1.0012786806168754	0.47019867549668876	0.5940199300804427	ENSMUSG00000031119;ENSMUSG00000041936;ENSMUSG00000034220;ENSMUSG00000040249;ENSMUSG00000037580;ENSMUSG00000020592;ENSMUSG00000020432;ENSMUSG00000037295;ENSMUSG00000029134;ENSMUSG00000020256;ENSMUSG00000025403;ENSMUSG00000015568;ENSMUSG00000002985;ENSMUSG00000021048;ENSMUSG00000040675;ENSMUSG00000026489;ENSMUSG00000032420;ENSMUSG00000028645;ENSMUSG00000025153;ENSMUSG00000020534;ENSMUSG00000025743;ENSMUSG00000037370	True	False
spleen	R-MMU-198933_IMMUNOREGULATORY_INTERACTIONS_BETWEEN_A_LYMPHOID_AND_A_NON_LYMPHOID_CELL	-0.21215497810277775	5	0	5	-0.21215497810277775	5	0	5	-0.0051898071689571255	5.0	2.0	3.0	-0.0051898071689571255	5.0	2.0	3.0	0.8979488345652902	0.6757679180887372	0.7464041439591136	ENSMUSG00000103254;ENSMUSG00000095612;ENSMUSG00000096452;ENSMUSG00000096326;ENSMUSG00000095285;ENSMUSG00000096078;ENSMUSG00000102364;ENSMUSG00000076666;ENSMUSG00000095200;ENSMUSG00000093838;ENSMUSG00000096577;ENSMUSG00000104452;ENSMUSG00000095429;ENSMUSG00000094502;ENSMUSG00000076670	True	False
spleen	R-MMU-199418_NEGATIVE_REGULATION_OF_THE_PI3K_AKT_NETWORK	-0.01947607460277776	5	2	3	-0.01947607460277776	5	2	3	-0.0021383041289432503	5.0	2.0	3.0	-0.0021383041289432503	5.0	2.0	3.0	1.0228096108074132	0.42251655629139073	0.5783917231956927	ENSMUSG00000031714;ENSMUSG00000024620;ENSMUSG00000041417;ENSMUSG00000038894;ENSMUSG00000026069;ENSMUSG00000032715;ENSMUSG00000044340;ENSMUSG00000005534;ENSMUSG00000110206	True	False
spleen	R-MMU-199977_ER_TO_GOLGI_ANTEROGRADE_TRANSPORT	-0.0007076225186233334	5	0	5	-0.0007076225186233334	5	0	5	0.004331919570970994	5.0	2.0	3.0	0.004331919570970994	5.0	2.0	3.0	-0.9019746808667946	0.5494505494505495	0.8080569149742846	ENSMUSG00000045136;ENSMUSG00000072235;ENSMUSG00000001473;ENSMUSG00000029378;ENSMUSG00000026399	False	True
spleen	R-MMU-199991_MEMBRANE_TRAFFICKING	-0.01559217966666666	5	2	3	-0.01559217966666666	5	2	3	0.006360848759385643	5.0	2.0	3.0	0.006360848759385643	5.0	2.0	3.0	1.4229480986799672	0.024361948955916472	0.14617704852030236	ENSMUSG00000033855;ENSMUSG00000051378;ENSMUSG00000021061;ENSMUSG00000012443;ENSMUSG00000024663;ENSMUSG00000079553;ENSMUSG00000018909;ENSMUSG00000030677;ENSMUSG00000020961;ENSMUSG00000034311;ENSMUSG00000030516;ENSMUSG00000001768;ENSMUSG00000022797;ENSMUSG00000038371;ENSMUSG00000026672;ENSMUSG00000033577;ENSMUSG00000022150;ENSMUSG00000027115;ENSMUSG00000030055;ENSMUSG00000026532;ENSMUSG00000018001;ENSMUSG00000035864;ENSMUSG00000039959;ENSMUSG00000028678;ENSMUSG00000045328;ENSMUSG00000037295;ENSMUSG00000032254;ENSMUSG00000020315;ENSMUSG00000060012;ENSMUSG00000020841;ENSMUSG00000039976;ENSMUSG00000022892;ENSMUSG00000068747;ENSMUSG00000050953;ENSMUSG00000023015;ENSMUSG00000045730	False	False
spleen	R-MMU-201681_TCF_DEPENDENT_SIGNALING_IN_RESPONSE_TO_WNT	-0.02368626958011115	5	1	4	-0.02368626958011115	5	1	4	0.005080138692440927	5.0	4.0	1.0	0.005080138692440927	5.0	4.0	1.0	1.352774053129934	0.11353711790393013	0.19847152748562347	ENSMUSG00000051910;ENSMUSG00000063382;ENSMUSG00000044674;ENSMUSG00000032547	False	False
spleen	R-MMU-202403_TCR_SIGNALING	-0.2566870298888888	5	0	5	-0.2566870298888888	5	0	5	-0.012195471756176251	5.0	2.0	3.0	-0.012195471756176251	5.0	2.0	3.0	-1.631102141501697	0.027303754266211604	0.04235508218522883	ENSMUSG00000076490;ENSMUSG00000036594;ENSMUSG00000060586;ENSMUSG00000030775;ENSMUSG00000076498;ENSMUSG00000076928;ENSMUSG00000073421;ENSMUSG00000002033;ENSMUSG00000068240	True	True
spleen	R-MMU-202424_DOWNSTREAM_TCR_SIGNALING	0.004942568347611113	5	3	2	0.004942568347611113	5	3	2	-0.01748142873070916	5.0	1.0	4.0	-0.01748142873070916	5.0	1.0	4.0	-2.119651281208661	0.0	0.0017790273095274203	ENSMUSG00000076490;ENSMUSG00000036594;ENSMUSG00000060586;ENSMUSG00000030775;ENSMUSG00000076498;ENSMUSG00000076928;ENSMUSG00000073421;ENSMUSG00000002033;ENSMUSG00000068240	False	False
spleen	R-MMU-202427_PHOSPHORYLATION_OF_CD3_AND_TCR_ZETA_CHAINS	-0.0024512845381111092	5	2	3	-0.0024512845381111092	5	2	3	-0.016267590322586168	5.0	2.0	3.0	-0.016267590322586168	5.0	2.0	3.0	-1.8091495567934086	0.00625	0.015932177905323343	ENSMUSG00000076490;ENSMUSG00000036594;ENSMUSG00000060586;ENSMUSG00000076498;ENSMUSG00000076928;ENSMUSG00000073421;ENSMUSG00000002033	True	True
spleen	R-MMU-202430_TRANSLOCATION_OF_ZAP_70_TO_IMMUNOLOGICAL_SYNAPSE	-0.0007498761924624999	5	2	3	-0.0007498761924624998	5	2	3	-0.01910442752788105	5.0	2.0	3.0	-0.01910442752788105	5.0	2.0	3.0	-1.9462734501913082	0.0030864197530864196	0.005408243020963358	ENSMUSG00000076490;ENSMUSG00000036594;ENSMUSG00000060586;ENSMUSG00000076498;ENSMUSG00000076928;ENSMUSG00000073421;ENSMUSG00000002033	True	True
spleen	R-MMU-202433_GENERATION_OF_SECOND_MESSENGER_MOLECULES	-0.005057655428433333	5	2	3	-0.005057655428433333	5	2	3	-0.016108000925227017	5.0	1.0	4.0	-0.016108000925227017	5.0	1.0	4.0	-1.890126267521546	0.0	0.009125363611223004	ENSMUSG00000076490;ENSMUSG00000036594;ENSMUSG00000060586;ENSMUSG00000076498;ENSMUSG00000076928;ENSMUSG00000073421;ENSMUSG00000002033;ENSMUSG00000086564;ENSMUSG00000005763	True	True
spleen	R-MMU-202733_CELL_SURFACE_INTERACTIONS_AT_THE_VASCULAR_WALL	0.011500099111110985	5	2	3	0.011500099111110985	5	2	3	0.0011673666668818247	5.0	2.0	3.0	0.0011673666668818247	5.0	2.0	3.0	1.169460968304624	0.16910935738444194	0.3740558494469972	ENSMUSG00000103254;ENSMUSG00000095612;ENSMUSG00000096452;ENSMUSG00000096326;ENSMUSG00000095285;ENSMUSG00000041329;ENSMUSG00000096078;ENSMUSG00000102364;ENSMUSG00000040010;ENSMUSG00000076666;ENSMUSG00000095200;ENSMUSG00000093838;ENSMUSG00000096577;ENSMUSG00000022180;ENSMUSG00000104452;ENSMUSG00000095429;ENSMUSG00000094502;ENSMUSG00000076670;ENSMUSG00000032902;ENSMUSG00000093896;ENSMUSG00000096150;ENSMUSG00000095442;ENSMUSG00000074743;ENSMUSG00000095416;ENSMUSG00000095210;ENSMUSG00000014361;ENSMUSG00000041417;ENSMUSG00000096499;ENSMUSG00000105606;ENSMUSG00000076695;ENSMUSG00000026193	True	True
spleen	R-MMU-2029480_FCGAMMA_RECEPTOR_FCGR_DEPENDENT_PHAGOCYTOSIS	-0.07493226502527779	5	1	4	-0.07493226502527779	5	1	4	0.004762836394744445	5.0	3.0	2.0	0.004762836394744445	5.0	3.0	2.0	1.442950824748766	0.025851938895417155	0.1321926174409724	ENSMUSG00000103254;ENSMUSG00000095612;ENSMUSG00000096452;ENSMUSG00000096326;ENSMUSG00000095285;ENSMUSG00000076615;ENSMUSG00000076614;ENSMUSG00000096078;ENSMUSG00000102364;ENSMUSG00000076666;ENSMUSG00000076612;ENSMUSG00000095200;ENSMUSG00000093838;ENSMUSG00000096577;ENSMUSG00000104452;ENSMUSG00000058325;ENSMUSG00000095429;ENSMUSG00000094502;ENSMUSG00000076670;ENSMUSG00000022272;ENSMUSG00000093896;ENSMUSG00000096150;ENSMUSG00000095442;ENSMUSG00000095416;ENSMUSG00000095210;ENSMUSG00000041417;ENSMUSG00000096499;ENSMUSG00000105606;ENSMUSG00000076695	False	False
spleen	R-MMU-2029481_FCGR_ACTIVATION	0.03941612365194447	5	2	3	0.03941612365194447	5	2	3	0.0051412349699950805	5.0	3.0	2.0	0.0051412349699950805	5.0	3.0	2.0	1.4272638295347015	0.03588516746411483	0.14429316987354884	ENSMUSG00000103254;ENSMUSG00000095612;ENSMUSG00000096452;ENSMUSG00000096326;ENSMUSG00000095285;ENSMUSG00000076615;ENSMUSG00000076614;ENSMUSG00000096078;ENSMUSG00000102364;ENSMUSG00000076666;ENSMUSG00000076612;ENSMUSG00000095200;ENSMUSG00000093838;ENSMUSG00000096577;ENSMUSG00000104452;ENSMUSG00000095429;ENSMUSG00000094502;ENSMUSG00000076670;ENSMUSG00000093896;ENSMUSG00000096150;ENSMUSG00000095442;ENSMUSG00000095416	True	True
spleen	R-MMU-2029482_REGULATION_OF_ACTIN_DYNAMICS_FOR_PHAGOCYTIC_CUP_FORMATION	-0.003570274783777777	5	2	3	-0.003570274783777777	5	2	3	0.005973284826963897	5.0	3.0	2.0	0.005973284826963897	5.0	3.0	2.0	1.473071669994841	0.01650943396226415	0.11652005584607805	ENSMUSG00000103254;ENSMUSG00000095612;ENSMUSG00000096452;ENSMUSG00000096326;ENSMUSG00000095285;ENSMUSG00000076615;ENSMUSG00000076614;ENSMUSG00000096078;ENSMUSG00000102364;ENSMUSG00000076666;ENSMUSG00000076612;ENSMUSG00000095200;ENSMUSG00000093838;ENSMUSG00000096577;ENSMUSG00000104452;ENSMUSG00000058325;ENSMUSG00000095429;ENSMUSG00000094502;ENSMUSG00000076670;ENSMUSG00000022272;ENSMUSG00000093896;ENSMUSG00000096150;ENSMUSG00000095442;ENSMUSG00000095416	False	False
spleen	R-MMU-2029485_ROLE_OF_PHOSPHOLIPIDS_IN_PHAGOCYTOSIS	-0.008592466376666672	5	2	3	-0.008592466376666672	5	2	3	0.005923795762550478	5.0	4.0	1.0	0.005923795762550478	5.0	4.0	1.0	1.4322811115591783	0.03411764705882353	0.1427007086481146	ENSMUSG00000103254;ENSMUSG00000095612;ENSMUSG00000096452;ENSMUSG00000096326;ENSMUSG00000095285;ENSMUSG00000076615;ENSMUSG00000076614;ENSMUSG00000096078;ENSMUSG00000102364;ENSMUSG00000076666;ENSMUSG00000076612;ENSMUSG00000095200;ENSMUSG00000093838;ENSMUSG00000096577;ENSMUSG00000104452;ENSMUSG00000095429;ENSMUSG00000094502;ENSMUSG00000076670;ENSMUSG00000093896;ENSMUSG00000096150;ENSMUSG00000095442;ENSMUSG00000095416;ENSMUSG00000095210;ENSMUSG00000041417;ENSMUSG00000096499;ENSMUSG00000105606;ENSMUSG00000076695	False	False
spleen	R-MMU-204998_CELL_DEATH_SIGNALLING_VIA_NRAGE_NRIF_AND_NADE	-0.0011591253441822224	5	0	5	-0.0011591253441822224	5	0	5	0.006745324146384024	5.0	3.0	2.0	0.006745324146384024	5.0	3.0	2.0	1.3251024776564642	0.12364130434782608	0.2187484161466731	ENSMUSG00000061462;ENSMUSG00000059495;ENSMUSG00000022263;ENSMUSG00000041977;ENSMUSG00000000120;ENSMUSG00000027699;ENSMUSG00000009621;ENSMUSG00000027381;ENSMUSG00000066406;ENSMUSG00000039621;ENSMUSG00000017631	False	False
spleen	R-MMU-211859_BIOLOGICAL_OXIDATIONS	0.08465998921666655	5	3	2	0.08465998921666655	5	3	2	0.0020411575830537815	5.0	4.0	1.0	0.0020411575830537815	5.0	4.0	1.0	1.3654412086641228	0.08538163001293661	0.18739100835406464	ENSMUSG00000006345;ENSMUSG00000004032;ENSMUSG00000089960;ENSMUSG00000061740;ENSMUSG00000024087;ENSMUSG00000074207;ENSMUSG00000015846;ENSMUSG00000015709;ENSMUSG00000053279;ENSMUSG00000090175;ENSMUSG00000006344;ENSMUSG00000058135;ENSMUSG00000029455;ENSMUSG00000048087	True	True
spleen	R-MMU-211945_PHASE_I_FUNCTIONALIZATION_OF_COMPOUNDS	0.05058519978888894	5	4	1	0.05058519978888894	5	4	1	0.003654203050590522	5.0	3.0	2.0	0.003654203050590522	5.0	3.0	2.0	1.000016527165876	0.4768392370572207	0.5940356877980846	ENSMUSG00000061740;ENSMUSG00000024087;ENSMUSG00000074207;ENSMUSG00000015846;ENSMUSG00000015709;ENSMUSG00000053279;ENSMUSG00000029455	True	True
spleen	R-MMU-212165_EPIGENETIC_REGULATION_OF_GENE_EXPRESSION	0.03586061985833333	5	3	2	0.03586061985833333	5	3	2	0.007113119127167468	5.0	4.0	1.0	0.007113119127167468	5.0	4.0	1.0	1.5107752348509516	0.018564356435643563	0.09441903341792793	ENSMUSG00000081058;ENSMUSG00000069308;ENSMUSG00000063954;ENSMUSG00000075031;ENSMUSG00000069306;ENSMUSG00000071516;ENSMUSG00000071478;ENSMUSG00000069301;ENSMUSG00000069303;ENSMUSG00000107068;ENSMUSG00000074403;ENSMUSG00000069300;ENSMUSG00000061615;ENSMUSG00000069309;ENSMUSG00000094248;ENSMUSG00000038384;ENSMUSG00000062727;ENSMUSG00000015846;ENSMUSG00000069266;ENSMUSG00000069267;ENSMUSG00000026873;ENSMUSG00000048154;ENSMUSG00000049932;ENSMUSG00000004099;ENSMUSG00000018102;ENSMUSG00000094777;ENSMUSG00000069272;ENSMUSG00000078903;ENSMUSG00000099517;ENSMUSG00000021377;ENSMUSG00000002028;ENSMUSG00000029478;ENSMUSG00000069307	True	True
spleen	R-MMU-212300_PRC2_METHYLATES_HISTONES_AND_DNA	0.008248479738888875	5	2	3	0.008248479738888875	5	2	3	0.010595021586255964	5.0	3.0	2.0	0.010595021586255964	5.0	3.0	2.0	1.607778987096213	0.01277139208173691	0.0749993820924741	ENSMUSG00000081058;ENSMUSG00000069308;ENSMUSG00000063954;ENSMUSG00000075031;ENSMUSG00000069306;ENSMUSG00000071516;ENSMUSG00000071478;ENSMUSG00000069301;ENSMUSG00000069303;ENSMUSG00000074403;ENSMUSG00000069300;ENSMUSG00000061615;ENSMUSG00000069309;ENSMUSG00000094248;ENSMUSG00000062727;ENSMUSG00000069266;ENSMUSG00000069267;ENSMUSG00000026873;ENSMUSG00000049932;ENSMUSG00000004099;ENSMUSG00000018102;ENSMUSG00000094777;ENSMUSG00000069272;ENSMUSG00000099517	True	True
spleen	R-MMU-212436_GENERIC_TRANSCRIPTION_PATHWAY	0.031094743489999986	5	3	2	0.031094743489999986	5	3	2	0.00672295632258213	5.0	3.0	2.0	0.00672295632258213	5.0	3.0	2.0	1.4253392181374729	0.007575757575757576	0.14487911296868283	ENSMUSG00000081058;ENSMUSG00000069308;ENSMUSG00000038146;ENSMUSG00000063954;ENSMUSG00000019942;ENSMUSG00000075031;ENSMUSG00000031162;ENSMUSG00000049577;ENSMUSG00000028717;ENSMUSG00000021701;ENSMUSG00000020185;ENSMUSG00000069306;ENSMUSG00000071516;ENSMUSG00000071478;ENSMUSG00000046179;ENSMUSG00000028278;ENSMUSG00000061436;ENSMUSG00000069301;ENSMUSG00000069303;ENSMUSG00000026923;ENSMUSG00000002068;ENSMUSG00000017146;ENSMUSG00000074403;ENSMUSG00000069300;ENSMUSG00000020108;ENSMUSG00000030528;ENSMUSG00000061615;ENSMUSG00000069309;ENSMUSG00000094248;ENSMUSG00000023067;ENSMUSG00000038384;ENSMUSG00000027469;ENSMUSG00000062727;ENSMUSG00000005893;ENSMUSG00000015846;ENSMUSG00000069266;ENSMUSG00000069267;ENSMUSG00000055320;ENSMUSG00000039748;ENSMUSG00000038482;ENSMUSG00000022360;ENSMUSG00000020897;ENSMUSG00000048154;ENSMUSG00000015709;ENSMUSG00000049932;ENSMUSG00000044201;ENSMUSG00000026603;ENSMUSG00000026196;ENSMUSG00000034218;ENSMUSG00000018102;ENSMUSG00000062175;ENSMUSG00000094777;ENSMUSG00000069272;ENSMUSG00000078903;ENSMUSG00000099517;ENSMUSG00000000184;ENSMUSG00000032402;ENSMUSG00000041431;ENSMUSG00000038332;ENSMUSG00000021377;ENSMUSG00000028680;ENSMUSG00000025151;ENSMUSG00000002028;ENSMUSG00000029478;ENSMUSG00000018474;ENSMUSG00000069307;ENSMUSG00000032238;ENSMUSG00000021690;ENSMUSG00000030530;ENSMUSG00000047789;ENSMUSG00000026389;ENSMUSG00000022475;ENSMUSG00000027342;ENSMUSG00000089715;ENSMUSG00000027715;ENSMUSG00000042207;ENSMUSG00000028150;ENSMUSG00000029050;ENSMUSG00000003031;ENSMUSG00000069274;ENSMUSG00000024985;ENSMUSG00000025507;ENSMUSG00000020423;ENSMUSG00000024298;ENSMUSG00000027496;ENSMUSG00000054387;ENSMUSG00000040274;ENSMUSG00000026826;ENSMUSG00000069310;ENSMUSG00000034165;ENSMUSG00000039989;ENSMUSG00000039910	True	True
spleen	R-MMU-2132295_MHC_CLASS_II_ANTIGEN_PRESENTATION	-0.14723515923586117	5	2	3	-0.14723515923586117	5	2	3	-0.000909407578027277	5.0	3.0	2.0	-0.000909407578027277	5.0	3.0	2.0	-0.9824286296570037	0.4585152838427948	0.7060568873324435	ENSMUSG00000045136;ENSMUSG00000072235;ENSMUSG00000036594;ENSMUSG00000060586;ENSMUSG00000024610;ENSMUSG00000073421;ENSMUSG00000041538;ENSMUSG00000001473;ENSMUSG00000079547;ENSMUSG00000024334;ENSMUSG00000030124;ENSMUSG00000037649;ENSMUSG00000032359	True	True
spleen	R-MMU-2142753_ARACHIDONATE_METABOLISM	-0.08435419750555559	5	1	4	-0.08435419750555559	5	1	4	-0.004309570191700553	5.0	3.0	2.0	-0.004309570191700553	5.0	3.0	2.0	0.7387575616394295	0.8247422680412371	0.9045062863379445	ENSMUSG00000006345;ENSMUSG00000024087;ENSMUSG00000032487;ENSMUSG00000006344;ENSMUSG00000018924;ENSMUSG00000034171	True	False
spleen	R-MMU-216083_INTEGRIN_CELL_SURFACE_INTERACTIONS	0.025331088611111108	5	4	1	0.025331088611111108	5	4	1	0.005532968931878696	5.0	4.0	1.0	0.005532968931878696	5.0	4.0	1.0	1.4916327644368474	0.02577319587628866	0.10293852996375043	ENSMUSG00000027204;ENSMUSG00000026768;ENSMUSG00000004098;ENSMUSG00000026042;ENSMUSG00000026837;ENSMUSG00000031503;ENSMUSG00000070369;ENSMUSG00000031502;ENSMUSG00000042284;ENSMUSG00000048126;ENSMUSG00000026193;ENSMUSG00000025321;ENSMUSG00000039115	True	True
spleen	R-MMU-2168880_SCAVENGING_OF_HEME_FROM_PLASMA	0.006172636638166665	5	3	2	0.006172636638166666	5	3	2	0.0034490898633034394	5.0	2.0	3.0	0.0034490898633034394	5.0	2.0	3.0	1.1230670912164447	0.26066350710900477	0.44607892587334325	ENSMUSG00000103254;ENSMUSG00000095612;ENSMUSG00000096452;ENSMUSG00000096326;ENSMUSG00000095285;ENSMUSG00000068252;ENSMUSG00000096078;ENSMUSG00000102364;ENSMUSG00000076666;ENSMUSG00000095200;ENSMUSG00000093838;ENSMUSG00000096577;ENSMUSG00000104452;ENSMUSG00000095429;ENSMUSG00000040249;ENSMUSG00000094502;ENSMUSG00000076670;ENSMUSG00000093896;ENSMUSG00000096150;ENSMUSG00000095442;ENSMUSG00000095416;ENSMUSG00000095210;ENSMUSG00000008845;ENSMUSG00000096499;ENSMUSG00000105606;ENSMUSG00000076695	True	True
spleen	R-MMU-2172127_DAP12_INTERACTIONS	-0.1064837939333334	5	0	5	-0.1064837939333334	5	0	5	-0.009190397273954671	5.0	0.0	5.0	-0.009190397273954671	5.0	0.0	5.0	-1.3794771765798013	0.07903780068728522	0.1504253672172024	ENSMUSG00000048498;ENSMUSG00000030165;ENSMUSG00000042265;ENSMUSG00000030579;ENSMUSG00000030167;ENSMUSG00000029915	True	True
spleen	R-MMU-2173782_BINDING_AND_UPTAKE_OF_LIGANDS_BY_SCAVENGER_RECEPTORS	-0.03263309772222236	5	2	3	-0.03263309772222236	5	2	3	0.002024242711275216	5.0	3.0	2.0	0.002024242711275216	5.0	3.0	2.0	1.0826692703862828	0.3254437869822485	0.5052118513359566	ENSMUSG00000103254;ENSMUSG00000095612;ENSMUSG00000096452;ENSMUSG00000096326;ENSMUSG00000095285;ENSMUSG00000068252;ENSMUSG00000096078;ENSMUSG00000102364;ENSMUSG00000076666;ENSMUSG00000095200;ENSMUSG00000093838;ENSMUSG00000096577;ENSMUSG00000104452;ENSMUSG00000095429;ENSMUSG00000040249;ENSMUSG00000094502;ENSMUSG00000076670;ENSMUSG00000093896;ENSMUSG00000096150;ENSMUSG00000095442;ENSMUSG00000035459;ENSMUSG00000095416;ENSMUSG00000095210;ENSMUSG00000008845;ENSMUSG00000096499;ENSMUSG00000002944;ENSMUSG00000105606;ENSMUSG00000076695;ENSMUSG00000025044;ENSMUSG00000096074;ENSMUSG00000037936;ENSMUSG00000076514	False	False
spleen	R-MMU-2187338_VISUAL_PHOTOTRANSDUCTION	-0.003058142740161111	5	2	3	-0.0030581427401611115	5	2	3	0.003048313679215481	5.0	3.0	2.0	0.0030483136792154816	5.0	3.0	2.0	1.0082361410749145	0.45231607629427795	0.5878016091390227	ENSMUSG00000031119;ENSMUSG00000041936;ENSMUSG00000034220;ENSMUSG00000040249;ENSMUSG00000020592;ENSMUSG00000029134;ENSMUSG00000015568;ENSMUSG00000002985	False	False
spleen	R-MMU-2262752_CELLULAR_RESPONSES_TO_STRESS	-0.0014428878333334616	5	2	3	-0.0014428878333334616	5	2	3	0.00022941840949797788	5.0	2.0	3.0	0.00022941840949797788	5.0	2.0	3.0	1.0253940840280056	0.41196388261851014	0.5809012675094892	ENSMUSG00000091971;ENSMUSG00000069308;ENSMUSG00000063954;ENSMUSG00000075031;ENSMUSG00000090877;ENSMUSG00000109061;ENSMUSG00000069306;ENSMUSG00000071516;ENSMUSG00000071478;ENSMUSG00000028278;ENSMUSG00000069301;ENSMUSG00000069303;ENSMUSG00000024222;ENSMUSG00000002068;ENSMUSG00000069300;ENSMUSG00000021250;ENSMUSG00000020715;ENSMUSG00000061615;ENSMUSG00000069309;ENSMUSG00000094248;ENSMUSG00000032285;ENSMUSG00000023067;ENSMUSG00000024140;ENSMUSG00000018932;ENSMUSG00000032802;ENSMUSG00000062727;ENSMUSG00000015846;ENSMUSG00000069266;ENSMUSG00000001403;ENSMUSG00000049932;ENSMUSG00000052684;ENSMUSG00000034218;ENSMUSG00000018476;ENSMUSG00000018102;ENSMUSG00000027580;ENSMUSG00000028614;ENSMUSG00000022895;ENSMUSG00000094777;ENSMUSG00000069272;ENSMUSG00000040466;ENSMUSG00000096210;ENSMUSG00000025757;ENSMUSG00000038332;ENSMUSG00000033253;ENSMUSG00000005483;ENSMUSG00000029478;ENSMUSG00000069307	False	False
spleen	R-MMU-2299718_CONDENSATION_OF_PROPHASE_CHROMOSOMES	0.004967947962563889	5	4	1	0.004967947962563889	5	4	1	0.01624548140079312	5.0	3.0	2.0	0.01624548140079312	5.0	3.0	2.0	1.6652906349360916	0.005037783375314861	0.0648525960503748	ENSMUSG00000081058;ENSMUSG00000069308;ENSMUSG00000063954;ENSMUSG00000019942;ENSMUSG00000075031;ENSMUSG00000069306;ENSMUSG00000071516;ENSMUSG00000071478;ENSMUSG00000069301;ENSMUSG00000069303;ENSMUSG00000042029;ENSMUSG00000074403;ENSMUSG00000069300;ENSMUSG00000061615;ENSMUSG00000069309;ENSMUSG00000094248;ENSMUSG00000028312;ENSMUSG00000062727;ENSMUSG00000069266;ENSMUSG00000069267;ENSMUSG00000049932;ENSMUSG00000018102;ENSMUSG00000094777;ENSMUSG00000069272;ENSMUSG00000099517;ENSMUSG00000041431	True	True
spleen	R-MMU-2424491_DAP12_SIGNALING	0.0006454896508777777	5	4	1	0.0006454896508777777	5	4	1	-0.008810836952298368	5.0	0.0	5.0	-0.008810836952298368	5.0	0.0	5.0	-0.8249447766972547	0.7226027397260274	0.9059225654774689	ENSMUSG00000030165;ENSMUSG00000030579;ENSMUSG00000030167	False	False
spleen	R-MMU-2454202_FC_EPSILON_RECEPTOR_FCERI_SIGNALING	0.10070082993972221	5	4	1	0.10070082993972221	5	4	1	0.002414498151405033	5.0	2.0	3.0	0.002414498151405033	5.0	2.0	3.0	1.2421793669857353	0.12009237875288684	0.2932655850835498	ENSMUSG00000103254;ENSMUSG00000095612;ENSMUSG00000096452;ENSMUSG00000096326;ENSMUSG00000095285;ENSMUSG00000096078;ENSMUSG00000102364;ENSMUSG00000076666;ENSMUSG00000095200;ENSMUSG00000093838;ENSMUSG00000109061;ENSMUSG00000096577;ENSMUSG00000104452;ENSMUSG00000095429;ENSMUSG00000094502;ENSMUSG00000076670;ENSMUSG00000093896;ENSMUSG00000021250;ENSMUSG00000096150;ENSMUSG00000095442;ENSMUSG00000095416;ENSMUSG00000095210;ENSMUSG00000041417;ENSMUSG00000096499;ENSMUSG00000105606;ENSMUSG00000076695	True	True
spleen	R-MMU-2467813_SEPARATION_OF_SISTER_CHROMATIDS	-0.0009764469275833334	5	0	5	-0.0009764469275833334	5	0	5	0.00418785827210483	5.0	3.0	2.0	0.00418785827210483	5.0	3.0	2.0	1.1284446111458335	0.2842377260981912	0.4378086523044977	ENSMUSG00000026605;ENSMUSG00000023940;ENSMUSG00000031756;ENSMUSG00000058290;ENSMUSG00000036223;ENSMUSG00000068101;ENSMUSG00000027115;ENSMUSG00000040084;ENSMUSG00000028678;ENSMUSG00000045328;ENSMUSG00000024791;ENSMUSG00000021714;ENSMUSG00000020897;ENSMUSG00000001403;ENSMUSG00000006398;ENSMUSG00000040549;ENSMUSG00000031262;ENSMUSG00000024660;ENSMUSG00000016255;ENSMUSG00000029414;ENSMUSG00000029910;ENSMUSG00000024056;ENSMUSG00000028873;ENSMUSG00000036752;ENSMUSG00000026039	False	False
spleen	R-MMU-2500257_RESOLUTION_OF_SISTER_CHROMATID_COHESION	0.0006032591605000003	5	3	2	0.0006032591605000003	5	3	2	0.006506158637928047	5.0	3.0	2.0	0.006506158637928047	5.0	3.0	2.0	1.213153520099155	0.19329896907216496	0.32688681019506993	ENSMUSG00000019942;ENSMUSG00000026605;ENSMUSG00000023940;ENSMUSG00000031756;ENSMUSG00000036223;ENSMUSG00000068101;ENSMUSG00000027115;ENSMUSG00000040084;ENSMUSG00000028678;ENSMUSG00000045328;ENSMUSG00000024791;ENSMUSG00000021714;ENSMUSG00000020897;ENSMUSG00000006398;ENSMUSG00000040549;ENSMUSG00000041431;ENSMUSG00000031262;ENSMUSG00000032218;ENSMUSG00000024660;ENSMUSG00000016255;ENSMUSG00000029414;ENSMUSG00000029910;ENSMUSG00000024056;ENSMUSG00000028873;ENSMUSG00000036752;ENSMUSG00000026039	True	True
spleen	R-MMU-2555396_MITOTIC_METAPHASE_AND_ANAPHASE	-0.005553819478683336	5	1	4	-0.005553819478683336	5	1	4	0.006653543809169639	5.0	3.0	2.0	0.006653543809169639	5.0	3.0	2.0	1.3161787041888129	0.089058524173028	0.22697977474192474	ENSMUSG00000019942;ENSMUSG00000026605;ENSMUSG00000023940;ENSMUSG00000031756;ENSMUSG00000058290;ENSMUSG00000028063;ENSMUSG00000036223;ENSMUSG00000068101;ENSMUSG00000027115;ENSMUSG00000040084;ENSMUSG00000028678;ENSMUSG00000045328;ENSMUSG00000024791;ENSMUSG00000021714;ENSMUSG00000020897;ENSMUSG00000001403;ENSMUSG00000028896;ENSMUSG00000019773;ENSMUSG00000006398;ENSMUSG00000028614;ENSMUSG00000040549;ENSMUSG00000041431;ENSMUSG00000031262;ENSMUSG00000032218;ENSMUSG00000024660;ENSMUSG00000016255;ENSMUSG00000029414;ENSMUSG00000029910;ENSMUSG00000024056;ENSMUSG00000028873;ENSMUSG00000036752;ENSMUSG00000026039	False	False
spleen	R-MMU-2559583_CELLULAR_SENESCENCE	-0.030987941710000005	5	2	3	-0.030987941710000005	5	2	3	0.005755468565413708	5.0	3.0	2.0	0.005755468565413708	5.0	3.0	2.0	1.629764909133898	0.005076142131979695	0.06429261680763006	ENSMUSG00000069308;ENSMUSG00000063954;ENSMUSG00000075031;ENSMUSG00000109061;ENSMUSG00000069306;ENSMUSG00000071516;ENSMUSG00000071478;ENSMUSG00000069301;ENSMUSG00000069303;ENSMUSG00000002068;ENSMUSG00000069300;ENSMUSG00000021250;ENSMUSG00000061615;ENSMUSG00000069309;ENSMUSG00000094248;ENSMUSG00000023067;ENSMUSG00000018932;ENSMUSG00000062727;ENSMUSG00000069266;ENSMUSG00000001403;ENSMUSG00000049932;ENSMUSG00000052684;ENSMUSG00000034218;ENSMUSG00000018476;ENSMUSG00000018102;ENSMUSG00000022895;ENSMUSG00000094777;ENSMUSG00000069272	False	False
spleen	R-MMU-2559586_DNA_DAMAGE_TELOMERE_STRESS_INDUCED_SENESCENCE	-0.001413544421666657	5	4	1	-0.001413544421666657	5	4	1	0.008682064824522977	5.0	3.0	2.0	0.008682064824522977	5.0	3.0	2.0	1.5463726233290627	0.021822849807445442	0.07865455879955713	ENSMUSG00000069308;ENSMUSG00000063954;ENSMUSG00000075031;ENSMUSG00000069306;ENSMUSG00000071516;ENSMUSG00000071478;ENSMUSG00000069301;ENSMUSG00000069303;ENSMUSG00000002068;ENSMUSG00000069300;ENSMUSG00000061615;ENSMUSG00000069309;ENSMUSG00000094248;ENSMUSG00000023067;ENSMUSG00000062727;ENSMUSG00000069266;ENSMUSG00000049932;ENSMUSG00000034218;ENSMUSG00000018102;ENSMUSG00000094777;ENSMUSG00000069272	False	False
spleen	R-MMU-2565942_REGULATION_OF_PLK1_ACTIVITY_AT_G2_M_TRANSITION	-0.001264091683316668	5	1	4	-0.001264091683316668	5	1	4	0.008021304145594588	5.0	3.0	2.0	0.008021304145594588	5.0	3.0	2.0	1.0053281343812608	0.4806094182825485	0.5887357406315002	ENSMUSG00000019942;ENSMUSG00000026672;ENSMUSG00000002997;ENSMUSG00000025758;ENSMUSG00000026622;ENSMUSG00000040549;ENSMUSG00000041431;ENSMUSG00000032218;ENSMUSG00000036752;ENSMUSG00000027496	False	False
spleen	R-MMU-2672351_STIMULI_SENSING_CHANNELS	-0.062261259189722216	5	0	5	-0.062261259189722216	5	0	5	0.004666413301117197	5.0	3.0	2.0	0.004666413301117197	5.0	3.0	2.0	0.7255467407744423	0.8437935843793585	0.9100416512813356	ENSMUSG00000026880;ENSMUSG00000032741;ENSMUSG00000028207;ENSMUSG00000009292;ENSMUSG00000015133;ENSMUSG00000036565;ENSMUSG00000021313;ENSMUSG00000011008	False	False
spleen	R-MMU-2730905_ROLE_OF_LAT2_NTAL_LAB_ON_CALCIUM_MOBILIZATION	0.05327456057500017	5	4	1	0.05327456057500017	5	4	1	0.004780316584151642	5.0	2.0	3.0	0.004780316584151642	5.0	2.0	3.0	1.2548728430250775	0.11057692307692307	0.28291759096368063	ENSMUSG00000103254;ENSMUSG00000095612;ENSMUSG00000096452;ENSMUSG00000096326;ENSMUSG00000095285;ENSMUSG00000096078;ENSMUSG00000102364;ENSMUSG00000076666;ENSMUSG00000095200;ENSMUSG00000093838;ENSMUSG00000096577;ENSMUSG00000104452;ENSMUSG00000095429;ENSMUSG00000094502;ENSMUSG00000076670;ENSMUSG00000093896;ENSMUSG00000096150;ENSMUSG00000095442;ENSMUSG00000095416;ENSMUSG00000095210;ENSMUSG00000041417;ENSMUSG00000096499;ENSMUSG00000105606;ENSMUSG00000076695	True	True
spleen	R-MMU-2871796_FCERI_MEDIATED_MAPK_ACTIVATION	-0.010932462485027782	5	1	4	-0.010932462485027782	5	1	4	0.0052844380369135024	5.0	3.0	2.0	0.0052844380369135024	5.0	3.0	2.0	1.2820681261813158	0.08886255924170616	0.25400404403300714	ENSMUSG00000103254;ENSMUSG00000095612;ENSMUSG00000096452;ENSMUSG00000096326;ENSMUSG00000095285;ENSMUSG00000096078;ENSMUSG00000102364;ENSMUSG00000076666;ENSMUSG00000095200;ENSMUSG00000093838;ENSMUSG00000109061;ENSMUSG00000096577;ENSMUSG00000104452;ENSMUSG00000095429;ENSMUSG00000094502;ENSMUSG00000076670;ENSMUSG00000093896;ENSMUSG00000021250;ENSMUSG00000096150;ENSMUSG00000095442;ENSMUSG00000095416	False	False
spleen	R-MMU-2871809_FCERI_MEDIATED_CA_2_MOBILIZATION	0.01632217974722222	5	3	2	0.01632217974722222	5	3	2	0.0037691385996433562	5.0	2.0	3.0	0.0037691385996433562	5.0	2.0	3.0	1.198776698271065	0.16568742655699178	0.34021830548812065	ENSMUSG00000103254;ENSMUSG00000095612;ENSMUSG00000096452;ENSMUSG00000096326;ENSMUSG00000095285;ENSMUSG00000096078;ENSMUSG00000102364;ENSMUSG00000076666;ENSMUSG00000095200;ENSMUSG00000093838;ENSMUSG00000096577;ENSMUSG00000104452;ENSMUSG00000095429;ENSMUSG00000094502;ENSMUSG00000076670;ENSMUSG00000093896;ENSMUSG00000096150;ENSMUSG00000095442;ENSMUSG00000095416	True	True
spleen	R-MMU-2871837_FCERI_MEDIATED_NF_KB_ACTIVATION	0.004107899791083331	5	3	2	0.004107899791083331	5	3	2	0.004095973224175502	5.0	2.0	3.0	0.004095973224175502	5.0	2.0	3.0	1.2279805758491984	0.13555291319857313	0.3111341523143106	ENSMUSG00000103254;ENSMUSG00000095612;ENSMUSG00000096452;ENSMUSG00000096326;ENSMUSG00000095285;ENSMUSG00000096078;ENSMUSG00000102364;ENSMUSG00000076666;ENSMUSG00000095200;ENSMUSG00000093838;ENSMUSG00000096577;ENSMUSG00000104452;ENSMUSG00000095429;ENSMUSG00000094502;ENSMUSG00000076670;ENSMUSG00000093896;ENSMUSG00000096150;ENSMUSG00000095442;ENSMUSG00000095416	True	True
spleen	R-MMU-2980736_PEPTIDE_HORMONE_METABOLISM	-0.13192755111111115	5	2	3	-0.13192755111111115	5	2	3	-0.01278596507985168	5.0	1.0	4.0	-0.01278596507985168	5.0	1.0	4.0	-1.6911822209090508	0.03225806451612903	0.033089907957210014	ENSMUSG00000011463;ENSMUSG00000040314;ENSMUSG00000020681;ENSMUSG00000054200;ENSMUSG00000001865	True	True
spleen	R-MMU-2990846_SUMOYLATION	0.13246468251527782	5	2	3	0.13246468251527782	5	2	3	0.005194027719769056	5.0	3.0	2.0	0.005194027719769056	5.0	3.0	2.0	1.1907908376452672	0.22409326424870465	0.3466409415086859	ENSMUSG00000069306;ENSMUSG00000061436;ENSMUSG00000017146;ENSMUSG00000030528;ENSMUSG00000015846;ENSMUSG00000069266;ENSMUSG00000020914;ENSMUSG00000020897;ENSMUSG00000048490;ENSMUSG00000004099;ENSMUSG00000030451;ENSMUSG00000028614;ENSMUSG00000032238;ENSMUSG00000024660;ENSMUSG00000022475;ENSMUSG00000027342;ENSMUSG00000069274;ENSMUSG00000028873	True	True
spleen	R-MMU-2995410_NUCLEAR_ENVELOPE_NE_REASSEMBLY	0.00010077377816333304	5	2	3	0.00010077377816333308	5	2	3	-0.0005009068916682388	5.0	2.0	3.0	-0.0005009068916682381	5.0	2.0	3.0	0.6054865330688424	0.9294781382228491	0.984524931843902	ENSMUSG00000019942;ENSMUSG00000028063;ENSMUSG00000028896;ENSMUSG00000028614;ENSMUSG00000041431;ENSMUSG00000032218;ENSMUSG00000016255	False	True
spleen	R-MMU-3000171_NON_INTEGRIN_MEMBRANE_ECM_INTERACTIONS	0.03565678915277776	5	3	2	0.03565678915277776	5	3	2	0.00967718601669403	5.0	5.0	0.0	0.00967718601669403	5.0	5.0	0.0	1.7003392585403732	0.005471956224350205	0.05869829292747513	ENSMUSG00000041936;ENSMUSG00000004098;ENSMUSG00000026042;ENSMUSG00000026837;ENSMUSG00000031503;ENSMUSG00000031502;ENSMUSG00000030255;ENSMUSG00000020592;ENSMUSG00000026193;ENSMUSG00000041308;ENSMUSG00000024330	True	True
spleen	R-MMU-3000178_ECM_PROTEOGLYCANS	-0.0002329659293944455	5	3	2	-0.0002329659293944455	5	3	2	0.011782049448679378	5.0	4.0	1.0	0.011782049448679378	5.0	4.0	1.0	1.8047388356286684	0.002677376171352075	0.05481234322147504	ENSMUSG00000041936;ENSMUSG00000026768;ENSMUSG00000004098;ENSMUSG00000026042;ENSMUSG00000033327;ENSMUSG00000037411;ENSMUSG00000026837;ENSMUSG00000021614;ENSMUSG00000048126;ENSMUSG00000026193;ENSMUSG00000025348;ENSMUSG00000039115;ENSMUSG00000022892	False	False
spleen	R-MMU-3108232_SUMO_E3_LIGASES_SUMOYLATE_TARGET_PROTEINS	-0.0008806226236472219	5	2	3	-0.0008806226236472219	5	2	3	0.005194027719769056	5.0	3.0	2.0	0.005194027719769056	5.0	3.0	2.0	1.1907908376452672	0.22409326424870465	0.3466409415086859	ENSMUSG00000069306;ENSMUSG00000061436;ENSMUSG00000017146;ENSMUSG00000030528;ENSMUSG00000015846;ENSMUSG00000069266;ENSMUSG00000020914;ENSMUSG00000020897;ENSMUSG00000048490;ENSMUSG00000004099;ENSMUSG00000030451;ENSMUSG00000028614;ENSMUSG00000032238;ENSMUSG00000024660;ENSMUSG00000022475;ENSMUSG00000027342;ENSMUSG00000069274;ENSMUSG00000028873	False	False
spleen	R-MMU-3214841_PKMTS_METHYLATE_HISTONE_LYSINES	0.0007934091829677779	5	3	2	0.0007934091829677779	5	3	2	0.01046114493451943	5.0	3.0	2.0	0.01046114493451943	5.0	3.0	2.0	1.1340402939106677	0.29986431478968795	0.4317965543454271	ENSMUSG00000081058;ENSMUSG00000069306;ENSMUSG00000074403;ENSMUSG00000038384;ENSMUSG00000069266;ENSMUSG00000069267;ENSMUSG00000048154;ENSMUSG00000026603;ENSMUSG00000099517;ENSMUSG00000002028;ENSMUSG00000057406;ENSMUSG00000028053;ENSMUSG00000069274;ENSMUSG00000069310;ENSMUSG00000030213;ENSMUSG00000060093;ENSMUSG00000029687	True	True
spleen	R-MMU-3214842_HDMS_DEMETHYLATE_HISTONES	0.001155026830572222	5	3	2	0.001155026830572222	5	3	2	0.011682198458231128	5.0	4.0	1.0	0.011682198458231128	5.0	4.0	1.0	1.0229967731689125	0.4606741573033708	0.5806086082657862	ENSMUSG00000081058;ENSMUSG00000069306;ENSMUSG00000074403;ENSMUSG00000069266;ENSMUSG00000069267;ENSMUSG00000018476;ENSMUSG00000042599;ENSMUSG00000099517;ENSMUSG00000019947	True	True
spleen	R-MMU-3214847_HATS_ACETYLATE_HISTONES	0.003461425582694444	5	5	0	0.003461425582694444	5	5	0	0.0132831844973899	5.0	4.0	1.0	0.0132831844973899	5.0	4.0	1.0	1.4496225335937214	0.0445945945945946	0.12822094604336703	ENSMUSG00000081058;ENSMUSG00000069308;ENSMUSG00000075031;ENSMUSG00000069306;ENSMUSG00000069303;ENSMUSG00000074403;ENSMUSG00000069300;ENSMUSG00000020387;ENSMUSG00000062727;ENSMUSG00000069266;ENSMUSG00000069267	True	True
spleen	R-MMU-3214858_RMTS_METHYLATE_HISTONE_ARGININES	-0.0068516465842722255	5	1	4	-0.0068516465842722255	5	1	4	0.007339331483005559	5.0	2.0	3.0	0.007339331483005559	5.0	2.0	3.0	1.4034979511148462	0.06702412868632708	0.15716424305870014	ENSMUSG00000081058;ENSMUSG00000063954;ENSMUSG00000069306;ENSMUSG00000071516;ENSMUSG00000071478;ENSMUSG00000069301;ENSMUSG00000074403;ENSMUSG00000061615;ENSMUSG00000069309;ENSMUSG00000094248;ENSMUSG00000078851;ENSMUSG00000069266;ENSMUSG00000069267	False	False
spleen	R-MMU-3247509_CHROMATIN_MODIFYING_ENZYMES	0.0581269137722222	5	3	2	0.0581269137722222	5	3	2	0.00871797100212756	5.0	3.0	2.0	0.00871797100212756	5.0	3.0	2.0	1.5687181395072383	0.008588957055214725	0.08026952457719083	ENSMUSG00000081058;ENSMUSG00000069308;ENSMUSG00000063954;ENSMUSG00000075031;ENSMUSG00000069306;ENSMUSG00000071516;ENSMUSG00000071478;ENSMUSG00000069301;ENSMUSG00000069303;ENSMUSG00000074403;ENSMUSG00000069300;ENSMUSG00000061615;ENSMUSG00000020387;ENSMUSG00000069309;ENSMUSG00000094248;ENSMUSG00000038384;ENSMUSG00000062727;ENSMUSG00000078851;ENSMUSG00000069266;ENSMUSG00000069267;ENSMUSG00000048154;ENSMUSG00000026603;ENSMUSG00000018476;ENSMUSG00000018102;ENSMUSG00000042599;ENSMUSG00000094777;ENSMUSG00000069272;ENSMUSG00000099517;ENSMUSG00000019947;ENSMUSG00000002028;ENSMUSG00000018474;ENSMUSG00000069307;ENSMUSG00000057406;ENSMUSG00000028053	True	True
spleen	R-MMU-3371497_HSP90_CHAPERONE_CYCLE_FOR_STEROID_HORMONE_RECEPTORS_SHR_IN_THE_PRESENCE_OF_LIGAND	-0.003189856165722221	5	1	4	-0.003189856165722221	5	1	4	-0.0038523680110638366	5.0	2.0	3.0	-0.0038523680110638366	5.0	2.0	3.0	1.049383774230193	0.40796703296703296	0.542629438617856	ENSMUSG00000091971;ENSMUSG00000090877;ENSMUSG00000024222;ENSMUSG00000032285	True	False
spleen	R-MMU-3700989_TRANSCRIPTIONAL_REGULATION_BY_TP53	0.009691100472222125	5	2	3	0.009691100472222125	5	2	3	0.0061435510767529605	5.0	3.0	2.0	0.0061435510767529605	5.0	3.0	2.0	1.0565537633330266	0.3870192307692308	0.5379036202317626	ENSMUSG00000019942;ENSMUSG00000021701;ENSMUSG00000020185;ENSMUSG00000046179;ENSMUSG00000028278;ENSMUSG00000061436;ENSMUSG00000002068;ENSMUSG00000017146;ENSMUSG00000020108;ENSMUSG00000030528;ENSMUSG00000023067;ENSMUSG00000027469;ENSMUSG00000039748;ENSMUSG00000020897;ENSMUSG00000044201;ENSMUSG00000026603;ENSMUSG00000026196;ENSMUSG00000034218;ENSMUSG00000041431;ENSMUSG00000038332;ENSMUSG00000028680;ENSMUSG00000018474;ENSMUSG00000021690;ENSMUSG00000047789;ENSMUSG00000026389;ENSMUSG00000027342;ENSMUSG00000027715;ENSMUSG00000003031;ENSMUSG00000025507;ENSMUSG00000020423;ENSMUSG00000027496;ENSMUSG00000054387	True	True
spleen	R-MMU-372790_SIGNALING_BY_GPCR	0.10298387750833338	5	4	1	0.10298387750833338	5	4	1	-0.0028761913994409757	5.0	2.0	3.0	-0.0028761913994409757	5.0	2.0	3.0	-1.0217908622334955	0.3875	0.6570228753133636	ENSMUSG00000051079;ENSMUSG00000031779;ENSMUSG00000024798;ENSMUSG00000000982;ENSMUSG00000045087;ENSMUSG00000020702;ENSMUSG00000018500;ENSMUSG00000046908;ENSMUSG00000037944;ENSMUSG00000063234;ENSMUSG00000026573;ENSMUSG00000026874;ENSMUSG00000045502;ENSMUSG00000024659;ENSMUSG00000029417;ENSMUSG00000026180;ENSMUSG00000035042;ENSMUSG00000058427;ENSMUSG00000025804;ENSMUSG00000052270;ENSMUSG00000049608;ENSMUSG00000032528;ENSMUSG00000026360;ENSMUSG00000033470;ENSMUSG00000029372;ENSMUSG00000043102;ENSMUSG00000045573;ENSMUSG00000051212;ENSMUSG00000054200;ENSMUSG00000048521;ENSMUSG00000035448;ENSMUSG00000018930;ENSMUSG00000026399;ENSMUSG00000044199;ENSMUSG00000079227;ENSMUSG00000049130	False	False
spleen	R-MMU-373076_CLASS_A_1_RHODOPSIN_LIKE_RECEPTORS	-0.1704703994630556	5	0	5	-0.1704703994630556	5	0	5	-0.009746709871406849	5.0	2.0	3.0	-0.009746709871406849	5.0	2.0	3.0	-1.6748066531379548	0.0	0.03502363329365287	ENSMUSG00000031779;ENSMUSG00000024798;ENSMUSG00000000982;ENSMUSG00000045087;ENSMUSG00000020702;ENSMUSG00000018500;ENSMUSG00000046908;ENSMUSG00000037944;ENSMUSG00000026573;ENSMUSG00000026874;ENSMUSG00000045502;ENSMUSG00000024659;ENSMUSG00000029417;ENSMUSG00000026180;ENSMUSG00000035042;ENSMUSG00000058427;ENSMUSG00000052270;ENSMUSG00000049608;ENSMUSG00000033470;ENSMUSG00000029372;ENSMUSG00000043102;ENSMUSG00000045573;ENSMUSG00000051212;ENSMUSG00000048521;ENSMUSG00000035448;ENSMUSG00000018930;ENSMUSG00000044199;ENSMUSG00000079227;ENSMUSG00000049130;ENSMUSG00000033446;ENSMUSG00000019122;ENSMUSG00000056529	True	True
spleen	R-MMU-373755_SEMAPHORIN_INTERACTIONS	0.0500149966372222	5	5	0	0.0500149966372222	5	5	0	0.006609043070803122	5.0	2.0	3.0	0.006609043070803122	5.0	2.0	3.0	1.489284928841008	0.036127167630057806	0.10261338509219613	ENSMUSG00000059495;ENSMUSG00000022231;ENSMUSG00000030084;ENSMUSG00000030123;ENSMUSG00000054364;ENSMUSG00000025810;ENSMUSG00000041977;ENSMUSG00000027200;ENSMUSG00000038264	True	True
spleen	R-MMU-373760_L1CAM_INTERACTIONS	-0.000891207966516667	5	2	3	-0.000891207966516667	5	2	3	0.009087039263173937	5.0	2.0	3.0	0.009087039263173937	5.0	2.0	3.0	0.756301838005456	0.7951153324287653	0.8896794146897601	ENSMUSG00000021061;ENSMUSG00000034311;ENSMUSG00000025810;ENSMUSG00000026532;ENSMUSG00000039115;ENSMUSG00000020315;ENSMUSG00000009621	False	False
spleen	R-MMU-375276_PEPTIDE_LIGAND_BINDING_RECEPTORS	0.09747239633333331	5	3	2	0.09747239633333331	5	3	2	-0.007688936580900923	5.0	3.0	2.0	-0.007688936580900923	5.0	3.0	2.0	-1.444221743756269	0.039603960396039604	0.1116002234997339	ENSMUSG00000031779;ENSMUSG00000000982;ENSMUSG00000020702;ENSMUSG00000037944;ENSMUSG00000026573;ENSMUSG00000026874;ENSMUSG00000024659;ENSMUSG00000029417;ENSMUSG00000026180;ENSMUSG00000035042;ENSMUSG00000058427;ENSMUSG00000052270;ENSMUSG00000029372;ENSMUSG00000043102;ENSMUSG00000045573;ENSMUSG00000048521;ENSMUSG00000035448;ENSMUSG00000018930;ENSMUSG00000079227;ENSMUSG00000049130	False	False
spleen	R-MMU-380108_CHEMOKINE_RECEPTORS_BIND_CHEMOKINES	-0.0014756166472222553	5	2	3	-0.0014756166472222553	5	2	3	-0.015899752056096735	5.0	2.0	3.0	-0.015899752056096735	5.0	2.0	3.0	-1.7057788866304324	0.022222222222222223	0.03059926972387163	ENSMUSG00000031779;ENSMUSG00000000982;ENSMUSG00000020702;ENSMUSG00000037944;ENSMUSG00000026573;ENSMUSG00000029417;ENSMUSG00000026180;ENSMUSG00000035042;ENSMUSG00000058427;ENSMUSG00000029372;ENSMUSG00000048521;ENSMUSG00000035448;ENSMUSG00000018930;ENSMUSG00000079227	True	True
spleen	R-MMU-380259_LOSS_OF_NLP_FROM_MITOTIC_CENTROSOMES	-0.0004206746305888886	5	1	4	-0.0004206746305888886	5	1	4	0.004656954149670387	5.0	2.0	3.0	0.004656954149670387	5.0	2.0	3.0	1.0156748211710727	0.4652482269503546	0.5801168622274754	ENSMUSG00000019942;ENSMUSG00000002997;ENSMUSG00000025758;ENSMUSG00000026622	False	False
spleen	R-MMU-380270_RECRUITMENT_OF_MITOTIC_CENTROSOME_PROTEINS_AND_COMPLEXES	0.000740104719822222	5	4	1	0.000740104719822222	5	4	1	0.004656954149670387	5.0	2.0	3.0	0.004656954149670387	5.0	2.0	3.0	1.0156748211710727	0.4652482269503546	0.5801168622274754	ENSMUSG00000019942;ENSMUSG00000002997;ENSMUSG00000025758;ENSMUSG00000026622	True	True
spleen	R-MMU-380284_LOSS_OF_PROTEINS_REQUIRED_FOR_INTERPHASE_MICROTUBULE_ORGANIZATION_FROM_THE_CENTROSOME	-0.0011280713884972214	5	3	2	-0.0011280713884972214	5	3	2	0.004656954149670387	5.0	2.0	3.0	0.004656954149670387	5.0	2.0	3.0	1.0156748211710727	0.4652482269503546	0.5801168622274754	ENSMUSG00000019942;ENSMUSG00000002997;ENSMUSG00000025758;ENSMUSG00000026622	False	False
spleen	R-MMU-380320_RECRUITMENT_OF_NUMA_TO_MITOTIC_CENTROSOMES	-0.0024658055190833333	5	1	4	-0.0024658055190833333	5	1	4	-0.0019099415368221324	5.0	2.0	3.0	-0.0019099415368221324	5.0	2.0	3.0	0.6092945168247514	0.951856946354883	0.9896322379785715	ENSMUSG00000019942;ENSMUSG00000002997;ENSMUSG00000025758;ENSMUSG00000026622	True	False
spleen	R-MMU-381426_REGULATION_OF_INSULIN_LIKE_GROWTH_FACTOR_IGF_TRANSPORT_AND_UPTAKE_BY_INSULIN_LIKE_GROWTH_FACTOR_BINDING_PROTEINS_IGFBPS	-0.01622788113888878	5	3	2	-0.01622788113888878	5	3	2	0.0042204489283074855	5.0	4.0	1.0	0.0042204489283074855	5.0	4.0	1.0	1.0093568576786442	0.4935400516795866	0.588148949271228	ENSMUSG00000027204;ENSMUSG00000068252;ENSMUSG00000020614;ENSMUSG00000073418;ENSMUSG00000021614;ENSMUSG00000026185;ENSMUSG00000028195;ENSMUSG00000014599;ENSMUSG00000024164;ENSMUSG00000026193;ENSMUSG00000017493;ENSMUSG00000056656;ENSMUSG00000022892;ENSMUSG00000002985	False	False
spleen	R-MMU-382551_TRANSPORT_OF_SMALL_MOLECULES	0.0820595553888888	5	2	3	0.0820595553888888	5	2	3	0.006657242541302931	5.0	3.0	2.0	0.006657242541302931	5.0	3.0	2.0	1.2814654349498538	0.06104328523862375	0.2532065400909059	ENSMUSG00000027075;ENSMUSG00000018566;ENSMUSG00000028542;ENSMUSG00000026463;ENSMUSG00000004655;ENSMUSG00000041329;ENSMUSG00000020334;ENSMUSG00000040010;ENSMUSG00000021983;ENSMUSG00000020142;ENSMUSG00000022180;ENSMUSG00000026880;ENSMUSG00000042476;ENSMUSG00000024130;ENSMUSG00000006567;ENSMUSG00000031297;ENSMUSG00000024924;ENSMUSG00000063873;ENSMUSG00000041797;ENSMUSG00000032741;ENSMUSG00000023828;ENSMUSG00000032902;ENSMUSG00000022797;ENSMUSG00000009092;ENSMUSG00000027397;ENSMUSG00000030737;ENSMUSG00000041313;ENSMUSG00000002997;ENSMUSG00000032204;ENSMUSG00000023926;ENSMUSG00000029408;ENSMUSG00000015243;ENSMUSG00000036622;ENSMUSG00000026944;ENSMUSG00000031441;ENSMUSG00000028207;ENSMUSG00000025324;ENSMUSG00000037295;ENSMUSG00000019838;ENSMUSG00000059336;ENSMUSG00000037936;ENSMUSG00000023942;ENSMUSG00000044749;ENSMUSG00000009292;ENSMUSG00000040584;ENSMUSG00000022822;ENSMUSG00000099041;ENSMUSG00000015568;ENSMUSG00000002985;ENSMUSG00000026435;ENSMUSG00000032131;ENSMUSG00000026177;ENSMUSG00000020788;ENSMUSG00000035722;ENSMUSG00000015133;ENSMUSG00000036565;ENSMUSG00000017756;ENSMUSG00000027546;ENSMUSG00000029772	True	True
spleen	R-MMU-382556_ABC_FAMILY_PROTEIN_MEDIATED_TRANSPORT	0.013710746763888938	5	2	3	0.013710746763888938	5	2	3	0.012605193890722649	5.0	4.0	1.0	0.012605193890722649	5.0	4.0	1.0	1.6273149889136809	0.008426966292134831	0.06275089154874228	ENSMUSG00000042476;ENSMUSG00000024130;ENSMUSG00000041797;ENSMUSG00000009092;ENSMUSG00000029408;ENSMUSG00000026944;ENSMUSG00000044749;ENSMUSG00000040584;ENSMUSG00000022822;ENSMUSG00000032131;ENSMUSG00000035722	True	True
spleen	R-MMU-383280_NUCLEAR_RECEPTOR_TRANSCRIPTION_PATHWAY	-0.030288513372222235	5	2	3	-0.030288513372222235	5	2	3	0.0022723799789098834	5.0	2.0	3.0	0.0022723799789098834	5.0	2.0	3.0	0.8622917545345573	0.665283540802213	0.7812855989516568	ENSMUSG00000005893;ENSMUSG00000015846;ENSMUSG00000029478;ENSMUSG00000032238;ENSMUSG00000028150;ENSMUSG00000026826;ENSMUSG00000001288	False	False
spleen	R-MMU-388396_GPCR_DOWNSTREAM_SIGNALLING	-0.10032024102777792	5	2	3	-0.10032024102777792	5	2	3	-0.003017786709485577	5.0	2.0	3.0	-0.003017786709485577	5.0	2.0	3.0	-0.9363660720818592	0.7023809523809523	0.7387449577319342	ENSMUSG00000051079;ENSMUSG00000024798;ENSMUSG00000045087;ENSMUSG00000020702;ENSMUSG00000018500;ENSMUSG00000046908;ENSMUSG00000037944;ENSMUSG00000063234;ENSMUSG00000026573;ENSMUSG00000026874;ENSMUSG00000045502;ENSMUSG00000024659;ENSMUSG00000029417;ENSMUSG00000026180;ENSMUSG00000035042;ENSMUSG00000058427;ENSMUSG00000025804;ENSMUSG00000052270;ENSMUSG00000049608;ENSMUSG00000032528;ENSMUSG00000026360;ENSMUSG00000033470;ENSMUSG00000029372;ENSMUSG00000043102;ENSMUSG00000045573;ENSMUSG00000051212;ENSMUSG00000054200	True	True
spleen	R-MMU-388841_REGULATION_OF_T_CELL_ACTIVATION_BY_CD28_FAMILY	-0.15343718080555546	5	0	5	-0.15343718080555546	5	0	5	-0.00546990287263894	5.0	2.0	3.0	-0.005469902872638941	5.0	2.0	3.0	1.210186230712288	0.16313823163138233	0.32822949988798256	ENSMUSG00000081058;ENSMUSG00000069308;ENSMUSG00000063954;ENSMUSG00000075031;ENSMUSG00000069306;ENSMUSG00000071516;ENSMUSG00000071478;ENSMUSG00000069301;ENSMUSG00000069303;ENSMUSG00000074403;ENSMUSG00000069300;ENSMUSG00000009092;ENSMUSG00000061615;ENSMUSG00000069309;ENSMUSG00000094248;ENSMUSG00000041417;ENSMUSG00000062727;ENSMUSG00000069266;ENSMUSG00000026622;ENSMUSG00000069267;ENSMUSG00000032715;ENSMUSG00000049932;ENSMUSG00000029060	True	False
spleen	R-MMU-389356_CO_STIMULATION_BY_CD28	-0.0010412935275500002	5	1	4	-0.0010412935275500002	5	1	4	-0.011178502927995614	5.0	0.0	5.0	-0.011178502927995614	5.0	0.0	5.0	-0.5797129887084101	0.9638157894736842	0.9956741444142432	ENSMUSG00000026011;ENSMUSG00000026012;ENSMUSG00000000409;ENSMUSG00000075122;ENSMUSG00000020941;ENSMUSG00000022901;ENSMUSG00000036106	True	True
spleen	R-MMU-389357_CD28_DEPENDENT_PI3K_AKT_SIGNALING	0.00046512756522222164	5	4	1	0.0004651275652222217	5	4	1	-0.011512340803515982	5.0	1.0	4.0	-0.011512340803515982	5.0	1.0	4.0	0.46940514260935345	0.9956140350877193	0.9960922436177597	ENSMUSG00000041417;ENSMUSG00000032715	False	True
spleen	R-MMU-389948_CO_INHIBITION_BY_PD_1	0.005601660400555557	5	3	2	0.005601660400555557	5	3	2	-0.002984983049489625	5.0	2.0	3.0	-0.002984983049489625	5.0	2.0	3.0	1.3021750509401655	0.09759188846641319	0.2406504223169182	ENSMUSG00000081058;ENSMUSG00000069308;ENSMUSG00000063954;ENSMUSG00000075031;ENSMUSG00000069306;ENSMUSG00000071516;ENSMUSG00000071478;ENSMUSG00000069301;ENSMUSG00000069303;ENSMUSG00000074403;ENSMUSG00000069300;ENSMUSG00000009092;ENSMUSG00000061615;ENSMUSG00000069309;ENSMUSG00000094248;ENSMUSG00000062727;ENSMUSG00000069266;ENSMUSG00000026622;ENSMUSG00000069267;ENSMUSG00000049932;ENSMUSG00000029060;ENSMUSG00000018102;ENSMUSG00000094777;ENSMUSG00000069272	False	True
spleen	R-MMU-392499_METABOLISM_OF_PROTEINS	-0.05579566152777797	5	1	4	-0.05579566152777797	5	1	4	-0.0003781297941074874	5.0	3.0	2.0	-0.0003781297941074874	5.0	3.0	2.0	0.8262663066943835	0.8819226750261233	0.8295132747799875	ENSMUSG00000025175;ENSMUSG00000069308;ENSMUSG00000030217;ENSMUSG00000109564;ENSMUSG00000027204;ENSMUSG00000028024;ENSMUSG00000068252;ENSMUSG00000063954;ENSMUSG00000019942;ENSMUSG00000075031;ENSMUSG00000072082;ENSMUSG00000021061;ENSMUSG00000020614;ENSMUSG00000031749;ENSMUSG00000022231;ENSMUSG00000024130;ENSMUSG00000028766;ENSMUSG00000069306;ENSMUSG00000071516;ENSMUSG00000071478;ENSMUSG00000073418;ENSMUSG00000018909;ENSMUSG00000042489;ENSMUSG00000061436;ENSMUSG00000069301;ENSMUSG00000069303;ENSMUSG00000056091;ENSMUSG00000024299;ENSMUSG00000021614;ENSMUSG00000017146;ENSMUSG00000031066;ENSMUSG00000069300;ENSMUSG00000030528;ENSMUSG00000061615;ENSMUSG00000026185;ENSMUSG00000028195;ENSMUSG00000069309;ENSMUSG00000094248;ENSMUSG00000024140;ENSMUSG00000030055;ENSMUSG00000026532;ENSMUSG00000036040;ENSMUSG00000059901;ENSMUSG00000032578;ENSMUSG00000014599;ENSMUSG00000020520;ENSMUSG00000062727;ENSMUSG00000013846;ENSMUSG00000015846;ENSMUSG00000024164;ENSMUSG00000078851;ENSMUSG00000069266;ENSMUSG00000026193;ENSMUSG00000017493;ENSMUSG00000020914;ENSMUSG00000020897;ENSMUSG00000001403;ENSMUSG00000038156;ENSMUSG00000056656;ENSMUSG00000026196;ENSMUSG00000025403;ENSMUSG00000038886;ENSMUSG00000048490;ENSMUSG00000006398;ENSMUSG00000020315;ENSMUSG00000004099;ENSMUSG00000018102;ENSMUSG00000030451;ENSMUSG00000022892;ENSMUSG00000029455;ENSMUSG00000037306;ENSMUSG00000028614;ENSMUSG00000056999;ENSMUSG00000002985;ENSMUSG00000094777;ENSMUSG00000069272;ENSMUSG00000034164	True	False
spleen	R-MMU-397014_MUSCLE_CONTRACTION	0.08117841969305556	5	4	1	0.08117841969305556	5	4	1	0.013801737612791113	5.0	5.0	0.0	0.013801737612791113	5.0	5.0	0.0	1.6903737393916918	0.0	0.06057108809022233	ENSMUSG00000026414;ENSMUSG00000026463;ENSMUSG00000026950;ENSMUSG00000041329;ENSMUSG00000021823;ENSMUSG00000028328;ENSMUSG00000022836;ENSMUSG00000042284;ENSMUSG00000042644;ENSMUSG00000033910;ENSMUSG00000028207;ENSMUSG00000045404;ENSMUSG00000030409	True	True
spleen	R-MMU-416476_G_ALPHA_Q_SIGNALLING_EVENTS	0.03115716877500001	5	3	2	0.03115716877500001	5	3	2	-0.0040021164541538985	5.0	2.0	3.0	-0.0040021164541538985	5.0	2.0	3.0	0.9005362842920895	0.6415327564894932	0.7445657106969584	ENSMUSG00000027524;ENSMUSG00000033174;ENSMUSG00000035735;ENSMUSG00000022122;ENSMUSG00000048376;ENSMUSG00000022263;ENSMUSG00000042644;ENSMUSG00000034731;ENSMUSG00000039943;ENSMUSG00000041417;ENSMUSG00000026358	False	True
spleen	R-MMU-416482_G_ALPHA_12_13_SIGNALLING_EVENTS	0.0019222928120833308	5	2	3	0.0019222928120833308	5	2	3	0.005980832349281729	5.0	4.0	1.0	0.005980832349281729	5.0	4.0	1.0	1.3145111026483964	0.12398921832884097	0.2279992583781432	ENSMUSG00000061462;ENSMUSG00000059495;ENSMUSG00000022263;ENSMUSG00000054364;ENSMUSG00000041977;ENSMUSG00000027699;ENSMUSG00000009621;ENSMUSG00000066406;ENSMUSG00000039621;ENSMUSG00000017631	True	True
spleen	R-MMU-418346_PLATELET_HOMEOSTASIS	0.002159895350861111	5	3	2	0.002159895350861111	5	3	2	0.0016960417936445315	5.0	2.0	3.0	0.0016960417936445315	5.0	2.0	3.0	1.0740734354791641	0.37727910238429174	0.5130258720965313	ENSMUSG00000026463;ENSMUSG00000042644;ENSMUSG00000043017;ENSMUSG00000020788;ENSMUSG00000022489;ENSMUSG00000110195;ENSMUSG00000029468;ENSMUSG00000054640;ENSMUSG00000020717;ENSMUSG00000030102;ENSMUSG00000030287	True	True
spleen	R-MMU-418555_G_ALPHA_S_SIGNALLING_EVENTS	-0.09955084680888886	5	1	4	-0.09955084680888886	5	1	4	0.002203979006263661	5.0	3.0	2.0	0.002203979006263661	5.0	3.0	2.0	0.6912461842262929	0.9070422535211268	0.9408373812304357	ENSMUSG00000024027;ENSMUSG00000018909;ENSMUSG00000079019;ENSMUSG00000002997;ENSMUSG00000021699;ENSMUSG00000026193;ENSMUSG00000043017;ENSMUSG00000045730;ENSMUSG00000059588;ENSMUSG00000001240;ENSMUSG00000020178;ENSMUSG00000022489	False	False
spleen	R-MMU-418594_G_ALPHA_I_SIGNALLING_EVENTS	-0.005832175505555526	5	2	3	-0.005832175505555526	5	2	3	-0.009840594019641635	5.0	2.0	3.0	-0.009840594019641635	5.0	2.0	3.0	-1.4726342174994171	0.024096385542168676	0.09751611123795303	ENSMUSG00000051079;ENSMUSG00000045087;ENSMUSG00000020702;ENSMUSG00000037944;ENSMUSG00000026874;ENSMUSG00000045502;ENSMUSG00000024659;ENSMUSG00000029417;ENSMUSG00000026180;ENSMUSG00000035042;ENSMUSG00000058427;ENSMUSG00000025804;ENSMUSG00000052270;ENSMUSG00000049608;ENSMUSG00000029372;ENSMUSG00000045573;ENSMUSG00000051212;ENSMUSG00000048521;ENSMUSG00000035448;ENSMUSG00000018930;ENSMUSG00000044199;ENSMUSG00000079227;ENSMUSG00000049130	True	True
spleen	R-MMU-418990_ADHERENS_JUNCTIONS_INTERACTIONS	0.016263221308333364	5	3	2	0.016263221308333364	5	3	2	0.008154710542118507	5.0	3.0	2.0	0.008154710542118507	5.0	3.0	2.0	1.5672378001445637	0.00853658536585366	0.07423235252915471	ENSMUSG00000081058;ENSMUSG00000069308;ENSMUSG00000063954;ENSMUSG00000075031;ENSMUSG00000028217;ENSMUSG00000069306;ENSMUSG00000071516;ENSMUSG00000058325;ENSMUSG00000071478;ENSMUSG00000021823;ENSMUSG00000069301;ENSMUSG00000069303;ENSMUSG00000034101;ENSMUSG00000074403;ENSMUSG00000069300;ENSMUSG00000061615;ENSMUSG00000069309;ENSMUSG00000094248;ENSMUSG00000062727;ENSMUSG00000069266;ENSMUSG00000021756;ENSMUSG00000069267;ENSMUSG00000049932;ENSMUSG00000062300;ENSMUSG00000018102;ENSMUSG00000094777;ENSMUSG00000069272;ENSMUSG00000009621;ENSMUSG00000099517	True	True
spleen	R-MMU-421270_CELL_CELL_JUNCTION_ORGANIZATION	-0.004746087024977779	5	0	5	-0.004746087024977779	5	0	5	0.008154710542118507	5.0	3.0	2.0	0.008154710542118507	5.0	3.0	2.0	1.5672378001445637	0.00853658536585366	0.07423235252915471	ENSMUSG00000081058;ENSMUSG00000069308;ENSMUSG00000063954;ENSMUSG00000075031;ENSMUSG00000028217;ENSMUSG00000069306;ENSMUSG00000071516;ENSMUSG00000058325;ENSMUSG00000071478;ENSMUSG00000021823;ENSMUSG00000069301;ENSMUSG00000069303;ENSMUSG00000034101;ENSMUSG00000074403;ENSMUSG00000069300;ENSMUSG00000061615;ENSMUSG00000069309;ENSMUSG00000094248;ENSMUSG00000062727;ENSMUSG00000069266;ENSMUSG00000021756;ENSMUSG00000069267;ENSMUSG00000049932;ENSMUSG00000062300;ENSMUSG00000018102;ENSMUSG00000094777;ENSMUSG00000069272;ENSMUSG00000009621;ENSMUSG00000099517	False	False
spleen	R-MMU-422356_REGULATION_OF_INSULIN_SECRETION	0.009460599388888925	5	3	2	0.009460599388888925	5	3	2	-0.0024271755625145273	5.0	1.0	4.0	-0.0024271755625145273	5.0	1.0	4.0	1.2497544931352063	0.17893217893217894	0.2861223388306793	ENSMUSG00000022994;ENSMUSG00000024027;ENSMUSG00000022469;ENSMUSG00000042644;ENSMUSG00000002944	False	True
spleen	R-MMU-422475_AXON_GUIDANCE	0.11828566579027781	5	4	1	0.11828566579027781	5	4	1	0.008759898071425978	5.0	4.0	1.0	0.008759898071425978	5.0	4.0	1.0	1.8287707461978946	0.0	0.14943862729038965	ENSMUSG00000042453;ENSMUSG00000056427;ENSMUSG00000031714;ENSMUSG00000020176;ENSMUSG00000059495;ENSMUSG00000021061;ENSMUSG00000020019;ENSMUSG00000004098;ENSMUSG00000030110;ENSMUSG00000026042;ENSMUSG00000022231;ENSMUSG00000034220;ENSMUSG00000058325;ENSMUSG00000024924;ENSMUSG00000026837;ENSMUSG00000031503;ENSMUSG00000030084;ENSMUSG00000034311;ENSMUSG00000061353;ENSMUSG00000030123;ENSMUSG00000031502;ENSMUSG00000022263;ENSMUSG00000054364;ENSMUSG00000048126;ENSMUSG00000025810;ENSMUSG00000026532;ENSMUSG00000041417;ENSMUSG00000038894;ENSMUSG00000006445;ENSMUSG00000041977	True	True
spleen	R-MMU-425407_SLC_MEDIATED_TRANSMEMBRANE_TRANSPORT	-0.07851017997222201	5	2	3	-0.07851017997222201	5	2	3	0.007909654981791905	5.0	3.0	2.0	0.007909654981791905	5.0	3.0	2.0	1.5085725376234838	0.013530135301353014	0.0950281551373098	ENSMUSG00000027075;ENSMUSG00000018566;ENSMUSG00000028542;ENSMUSG00000020334;ENSMUSG00000040010;ENSMUSG00000020142;ENSMUSG00000022180;ENSMUSG00000031297;ENSMUSG00000063873;ENSMUSG00000023828;ENSMUSG00000032902;ENSMUSG00000027397;ENSMUSG00000030737;ENSMUSG00000041313	False	False
spleen	R-MMU-428157_SPHINGOLIPID_METABOLISM	0.05746928890516671	5	5	0	0.05746928890516671	5	5	0	-0.003716682059977233	5.0	2.0	3.0	-0.003716682059977233	5.0	2.0	3.0	1.219305093531014	0.23392612859097128	0.3204648070886933	ENSMUSG00000031749;ENSMUSG00000050931;ENSMUSG00000040447;ENSMUSG00000056091;ENSMUSG00000021759	False	True
spleen	R-MMU-4420097_VEGFA_VEGFR2_PATHWAY	0.0016750241146666674	5	3	2	0.0016750241146666674	5	3	2	-0.00046920941912418913	5.0	2.0	3.0	-0.00046920941912418913	5.0	2.0	3.0	1.2127612049574936	0.19919246298788695	0.3257481585327655	ENSMUSG00000023951;ENSMUSG00000058325;ENSMUSG00000034101;ENSMUSG00000062960;ENSMUSG00000041417;ENSMUSG00000032715;ENSMUSG00000022610;ENSMUSG00000002602;ENSMUSG00000009621;ENSMUSG00000016933	False	True
spleen	R-MMU-446203_ASPARAGINE_N_LINKED_GLYCOSYLATION	-0.04562334339027778	5	1	4	-0.04562334339027778	5	1	4	0.00021543132715353409	5.0	2.0	3.0	0.00021543132715353409	5.0	2.0	3.0	-0.8271522452867126	0.7551867219917012	0.9197998156811049	ENSMUSG00000045136;ENSMUSG00000030283;ENSMUSG00000072235;ENSMUSG00000001473;ENSMUSG00000068240;ENSMUSG00000040710;ENSMUSG00000026080;ENSMUSG00000029378;ENSMUSG00000026399	False	True
spleen	R-MMU-446652_INTERLEUKIN_1_FAMILY_SIGNALING	-0.007167133239122223	5	3	2	-0.007167133239122223	5	3	2	-0.010046372671851222	5.0	1.0	4.0	-0.010046372671851222	5.0	1.0	4.0	-1.1340536474362695	0.2737226277372263	0.4456920874531495	ENSMUSG00000040314;ENSMUSG00000026981;ENSMUSG00000068240;ENSMUSG00000026068;ENSMUSG00000027398;ENSMUSG00000026073;ENSMUSG00000025888	True	True
spleen	R-MMU-446728_CELL_JUNCTION_ORGANIZATION	0.04900481069444455	5	5	0	0.04900481069444455	5	5	0	0.007672262288212143	5.0	3.0	2.0	0.007672262288212143	5.0	3.0	2.0	1.591804383075188	0.006150061500615006	0.07773197974976298	ENSMUSG00000081058;ENSMUSG00000069308;ENSMUSG00000063954;ENSMUSG00000068699;ENSMUSG00000075031;ENSMUSG00000028217;ENSMUSG00000069306;ENSMUSG00000071516;ENSMUSG00000058325;ENSMUSG00000071478;ENSMUSG00000021823;ENSMUSG00000069301;ENSMUSG00000069303;ENSMUSG00000034101;ENSMUSG00000074403;ENSMUSG00000069300;ENSMUSG00000061615;ENSMUSG00000069309;ENSMUSG00000094248;ENSMUSG00000026131;ENSMUSG00000062727;ENSMUSG00000069266;ENSMUSG00000021756;ENSMUSG00000069267;ENSMUSG00000049932;ENSMUSG00000022565;ENSMUSG00000062300;ENSMUSG00000018102;ENSMUSG00000094777;ENSMUSG00000069272;ENSMUSG00000009621;ENSMUSG00000099517;ENSMUSG00000069307;ENSMUSG00000031328;ENSMUSG00000011256;ENSMUSG00000030530;ENSMUSG00000026872	True	True
spleen	R-MMU-449147_SIGNALING_BY_INTERLEUKINS	-0.0077821454166666195	5	2	3	-0.0077821454166666195	5	2	3	-0.0036383874834593046	5.0	3.0	2.0	-0.0036383874834593046	5.0	3.0	2.0	-0.9743160243200765	0.5563380281690141	0.7107468248320549	ENSMUSG00000040314;ENSMUSG00000018916;ENSMUSG00000058755;ENSMUSG00000031530;ENSMUSG00000034394;ENSMUSG00000005364;ENSMUSG00000026981;ENSMUSG00000004296;ENSMUSG00000027720	True	True
spleen	R-MMU-451927_INTERLEUKIN_2_FAMILY_SIGNALING	-0.0017392166056388885	5	1	4	-0.0017392166056388885	5	1	4	-0.003756290934480025	5.0	0.0	5.0	-0.003756290934480025	5.0	0.0	5.0	-1.1389705083243455	0.2803738317757009	0.44988461197990476	ENSMUSG00000018916;ENSMUSG00000005364;ENSMUSG00000027720	True	True
spleen	R-MMU-453274_MITOTIC_G2_G2_M_PHASES	-0.00244375123925	5	1	4	-0.00244375123925	5	1	4	0.008941942244626983	5.0	3.0	2.0	0.008941942244626983	5.0	3.0	2.0	1.345643737647578	0.0694980694980695	0.2064565537555228	ENSMUSG00000019942;ENSMUSG00000046591;ENSMUSG00000023940;ENSMUSG00000027330;ENSMUSG00000047534;ENSMUSG00000027490;ENSMUSG00000026672;ENSMUSG00000022385;ENSMUSG00000002997;ENSMUSG00000023067;ENSMUSG00000044783;ENSMUSG00000027469;ENSMUSG00000025758;ENSMUSG00000020330;ENSMUSG00000026622	False	False
spleen	R-MMU-453276_REGULATION_OF_MITOTIC_CELL_CYCLE	-0.00037783690147500027	5	2	3	-0.00037783690147500027	5	2	3	0.016880491050705392	5.0	3.0	2.0	0.016880491050705392	5.0	3.0	2.0	1.3342677310407516	0.11884057971014493	0.21232158897184183	ENSMUSG00000019942;ENSMUSG00000040084;ENSMUSG00000026622;ENSMUSG00000020897;ENSMUSG00000001403;ENSMUSG00000019773;ENSMUSG00000006398;ENSMUSG00000041431;ENSMUSG00000027715;ENSMUSG00000029910;ENSMUSG00000027496	False	False
spleen	R-MMU-453279_MITOTIC_G1_PHASE_AND_G1_S_TRANSITION	-0.0033058889972222396	5	3	2	-0.0033058889972222396	5	3	2	0.007703323652327265	5.0	3.0	2.0	0.007703323652327265	5.0	3.0	2.0	1.4021593018403424	0.06013071895424837	0.1574609132544192	ENSMUSG00000018983;ENSMUSG00000017499;ENSMUSG00000002068;ENSMUSG00000027490;ENSMUSG00000040957;ENSMUSG00000023067;ENSMUSG00000002870;ENSMUSG00000007080;ENSMUSG00000029730;ENSMUSG00000038482;ENSMUSG00000006678;ENSMUSG00000000184;ENSMUSG00000022673;ENSMUSG00000027715;ENSMUSG00000003031;ENSMUSG00000031016;ENSMUSG00000028587;ENSMUSG00000041859;ENSMUSG00000005410;ENSMUSG00000040274;ENSMUSG00000034165;ENSMUSG00000031666	False	False
spleen	R-MMU-4839726_CHROMATIN_ORGANIZATION	-0.005373469222222172	5	1	4	-0.005373469222222172	5	1	4	0.008125254058963718	5.0	3.0	2.0	0.008125254058963718	5.0	3.0	2.0	1.6759835987920904	0.001215066828675577	0.06487347246951221	ENSMUSG00000081058;ENSMUSG00000069308;ENSMUSG00000051149;ENSMUSG00000063954;ENSMUSG00000075031;ENSMUSG00000069306;ENSMUSG00000071516;ENSMUSG00000071478;ENSMUSG00000069301;ENSMUSG00000069303;ENSMUSG00000074403;ENSMUSG00000069300;ENSMUSG00000061615;ENSMUSG00000020387;ENSMUSG00000069309;ENSMUSG00000094248;ENSMUSG00000038384;ENSMUSG00000062727;ENSMUSG00000005893;ENSMUSG00000071064;ENSMUSG00000078851;ENSMUSG00000069266;ENSMUSG00000069267;ENSMUSG00000078154;ENSMUSG00000048154;ENSMUSG00000049932;ENSMUSG00000026603;ENSMUSG00000018476;ENSMUSG00000018102;ENSMUSG00000042599;ENSMUSG00000094777;ENSMUSG00000069272;ENSMUSG00000099517;ENSMUSG00000019947;ENSMUSG00000002028;ENSMUSG00000018474;ENSMUSG00000069307;ENSMUSG00000057406;ENSMUSG00000028053	False	False
spleen	R-MMU-500792_GPCR_LIGAND_BINDING	-0.03371978533333362	5	1	4	-0.03371978533333362	5	1	4	-0.0096326517110636	5.0	2.0	3.0	-0.0096326517110636	5.0	2.0	3.0	-1.6224166838692422	0.007751937984496124	0.042724025079573895	ENSMUSG00000031779;ENSMUSG00000024798;ENSMUSG00000000982;ENSMUSG00000045087;ENSMUSG00000020702;ENSMUSG00000018500;ENSMUSG00000046908;ENSMUSG00000037944;ENSMUSG00000026573;ENSMUSG00000026874;ENSMUSG00000045502;ENSMUSG00000024659;ENSMUSG00000029417;ENSMUSG00000026180;ENSMUSG00000035042;ENSMUSG00000058427;ENSMUSG00000052270;ENSMUSG00000049608;ENSMUSG00000032528;ENSMUSG00000033470;ENSMUSG00000029372;ENSMUSG00000043102;ENSMUSG00000045573;ENSMUSG00000051212;ENSMUSG00000048521;ENSMUSG00000035448;ENSMUSG00000018930;ENSMUSG00000026399;ENSMUSG00000044199;ENSMUSG00000079227;ENSMUSG00000049130;ENSMUSG00000033446;ENSMUSG00000019122;ENSMUSG00000041046;ENSMUSG00000056529	True	True
spleen	R-MMU-512988_INTERLEUKIN_3_INTERLEUKIN_5_AND_GM_CSF_SIGNALING	-0.002934819400711112	5	2	3	-0.002934819400711112	5	2	3	-0.002551584655057748	5.0	3.0	2.0	-0.002551584655057748	5.0	3.0	2.0	-1.3488886285474175	0.12956810631229235	0.17240998413457612	ENSMUSG00000018916;ENSMUSG00000005364;ENSMUSG00000027720;ENSMUSG00000068240	True	True
spleen	R-MMU-5173105_O_LINKED_GLYCOSYLATION	-0.028365847663888964	5	1	4	-0.028365847663888964	5	1	4	-0.0001406285316221157	5.0	2.0	3.0	-0.0001406285316221157	5.0	2.0	3.0	1.0648962638291788	0.38409703504043125	0.5262715574694575	ENSMUSG00000109564;ENSMUSG00000031749;ENSMUSG00000022231;ENSMUSG00000024299;ENSMUSG00000036040;ENSMUSG00000059901;ENSMUSG00000020520;ENSMUSG00000013846	True	False
spleen	R-MMU-5218859_REGULATED_NECROSIS	-0.0681801098666667	5	0	5	-0.0681801098666667	5	0	5	-0.015193965855297123	5.0	1.0	4.0	-0.015193965855297123	5.0	1.0	4.0	-1.6697430216046945	0.025889967637540454	0.03513578936316655	ENSMUSG00000020125;ENSMUSG00000058927;ENSMUSG00000015437;ENSMUSG00000068240;ENSMUSG00000033538;ENSMUSG00000027398;ENSMUSG00000025888;ENSMUSG00000024778	True	True
spleen	R-MMU-5357801_PROGRAMMED_CELL_DEATH	0.027459251179166665	5	3	2	0.027459251179166665	5	3	2	-0.003684050822946691	5.0	2.0	3.0	-0.003684050822946691	5.0	2.0	3.0	-0.6730116417247343	0.9673469387755103	0.9989893774110501	ENSMUSG00000020125;ENSMUSG00000031377;ENSMUSG00000058927;ENSMUSG00000015437;ENSMUSG00000068240	False	False
spleen	R-MMU-5358351_SIGNALING_BY_HEDGEHOG	0.03750750488777778	5	2	3	0.03750750488777778	5	2	3	-0.0025343680260391634	5.0	2.0	3.0	-0.0025343680260391634	5.0	2.0	3.0	0.9030524973546271	0.6286919831223629	0.7429777216593906	ENSMUSG00000029122;ENSMUSG00000022994;ENSMUSG00000018909;ENSMUSG00000002997	False	True
spleen	R-MMU-5368287_MITOCHONDRIAL_TRANSLATION	-0.003703182263722951	5	4	1	-0.003703182263722951	5	4	1	-0.008151892392191096	5.0	1.0	4.0	-0.008151892392191096	5.0	1.0	4.0	-2.380022443392826	0.0	0.00014232218476219362	ENSMUSG00000064368;ENSMUSG00000064354;ENSMUSG00000064358;ENSMUSG00000064345;ENSMUSG00000064370;ENSMUSG00000064341;ENSMUSG00000064360;ENSMUSG00000064363;ENSMUSG00000064367;ENSMUSG00000064351	True	True
spleen	R-MMU-556833_METABOLISM_OF_LIPIDS	-0.10819356075000006	5	0	5	-0.10819356075000006	5	0	5	-0.0037446077420930715	5.0	2.0	3.0	-0.0037446077420930715	5.0	2.0	3.0	0.9551177937060652	0.5896551724137931	0.6641319393999128	ENSMUSG00000006345;ENSMUSG00000033174;ENSMUSG00000020646;ENSMUSG00000061740;ENSMUSG00000031749;ENSMUSG00000024087;ENSMUSG00000024665;ENSMUSG00000050931;ENSMUSG00000040447;ENSMUSG00000032737;ENSMUSG00000056091;ENSMUSG00000034573;ENSMUSG00000021759;ENSMUSG00000032487;ENSMUSG00000029406;ENSMUSG00000024900;ENSMUSG00000041417;ENSMUSG00000041757;ENSMUSG00000024851;ENSMUSG00000015846	True	False
spleen	R-MMU-5576891_CARDIAC_CONDUCTION	-0.0004927303627777765	5	3	2	-0.0004927303627777765	5	3	2	0.009052373212711955	5.0	5.0	0.0	0.009052373212711955	5.0	5.0	0.0	1.2330916929626903	0.21680216802168023	0.3047532520476633	ENSMUSG00000026463;ENSMUSG00000041329;ENSMUSG00000042644;ENSMUSG00000028207;ENSMUSG00000045404;ENSMUSG00000030409;ENSMUSG00000020788;ENSMUSG00000021313;ENSMUSG00000079056;ENSMUSG00000054640;ENSMUSG00000030102;ENSMUSG00000040407;ENSMUSG00000030287;ENSMUSG00000026576	False	False
spleen	R-MMU-5578775_ION_HOMEOSTASIS	-0.009864204688888833	5	2	3	-0.009864204688888833	5	2	3	0.010268529694156314	5.0	5.0	0.0	0.010268529694156314	5.0	5.0	0.0	1.1868750427455201	0.26166902404526166	0.34803876560007757	ENSMUSG00000026463;ENSMUSG00000041329;ENSMUSG00000042644;ENSMUSG00000028207;ENSMUSG00000030409;ENSMUSG00000020788	False	False
spleen	R-MMU-5617833_CILIUM_ASSEMBLY	0.027461355527777797	5	2	3	0.027461355527777797	5	2	3	-0.0003892344690789612	5.0	2.0	3.0	-0.0003892344690789612	5.0	2.0	3.0	0.5887168011589802	0.9758713136729222	0.985160962241764	ENSMUSG00000019942;ENSMUSG00000002997;ENSMUSG00000025758;ENSMUSG00000026622;ENSMUSG00000032855;ENSMUSG00000040549;ENSMUSG00000022377	False	True
spleen	R-MMU-5620912_ANCHORING_OF_THE_BASAL_BODY_TO_THE_PLASMA_MEMBRANE	0.0007247717084722224	5	3	2	0.0007247717084722224	5	3	2	0.002791429532102485	5.0	2.0	3.0	0.002791429532102485	5.0	2.0	3.0	0.9612945197107636	0.5350500715307582	0.6545789837303322	ENSMUSG00000019942;ENSMUSG00000002997;ENSMUSG00000025758;ENSMUSG00000026622	True	True
spleen	R-MMU-5621481_C_TYPE_LECTIN_RECEPTORS_CLRS	-0.10483343600444446	5	0	5	-0.10483343600444446	5	0	5	-0.013766854211443797	5.0	3.0	2.0	-0.013766854211443797	5.0	3.0	2.0	-1.7947078767595106	0.00967741935483871	0.017041208964946868	ENSMUSG00000030142;ENSMUSG00000030144;ENSMUSG00000030793;ENSMUSG00000068240;ENSMUSG00000058715;ENSMUSG00000027398;ENSMUSG00000031494;ENSMUSG00000028161;ENSMUSG00000023349	True	True
spleen	R-MMU-5628897_TP53_REGULATES_METABOLIC_GENES	-0.0005429679980555556	5	2	3	-0.0005429679980555556	5	2	3	-0.002723731653691852	5.0	2.0	3.0	-0.002723731653691852	5.0	2.0	3.0	-1.4390339430065413	0.07692307692307693	0.11048945610371631	ENSMUSG00000030785;ENSMUSG00000064354;ENSMUSG00000064358;ENSMUSG00000058927	True	True
spleen	R-MMU-5633007_REGULATION_OF_TP53_ACTIVITY	-0.005394427836388894	5	3	2	-0.005394427836388893	5	3	2	0.005821878723101343	5.0	3.0	2.0	0.005821878723101343	5.0	3.0	2.0	1.1878172496031016	0.21767810026385223	0.34823856554158333	ENSMUSG00000019942;ENSMUSG00000061436;ENSMUSG00000017146;ENSMUSG00000030528;ENSMUSG00000027469;ENSMUSG00000039748;ENSMUSG00000020897;ENSMUSG00000026603;ENSMUSG00000026196;ENSMUSG00000034218;ENSMUSG00000028680;ENSMUSG00000018474;ENSMUSG00000021690;ENSMUSG00000027715;ENSMUSG00000027496;ENSMUSG00000054387;ENSMUSG00000036986;ENSMUSG00000032113;ENSMUSG00000021285;ENSMUSG00000034329;ENSMUSG00000019699;ENSMUSG00000028211;ENSMUSG00000036875	False	False
spleen	R-MMU-5653656_VESICLE_MEDIATED_TRANSPORT	0.0509193170583333	5	2	3	0.0509193170583333	5	2	3	0.004388313079619002	5.0	4.0	1.0	0.004388313079619002	5.0	4.0	1.0	1.2505410785832958	0.07011866235167206	0.28664286754885004	ENSMUSG00000033855;ENSMUSG00000103254;ENSMUSG00000095612;ENSMUSG00000096452;ENSMUSG00000096326;ENSMUSG00000095285;ENSMUSG00000068252;ENSMUSG00000096078;ENSMUSG00000051378;ENSMUSG00000102364;ENSMUSG00000076666;ENSMUSG00000095200;ENSMUSG00000093838;ENSMUSG00000021061;ENSMUSG00000096577;ENSMUSG00000012443;ENSMUSG00000104452;ENSMUSG00000024663;ENSMUSG00000079553;ENSMUSG00000095429;ENSMUSG00000018909;ENSMUSG00000030677;ENSMUSG00000040249;ENSMUSG00000094502;ENSMUSG00000076670;ENSMUSG00000020961;ENSMUSG00000034311;ENSMUSG00000030516;ENSMUSG00000001768;ENSMUSG00000093896;ENSMUSG00000022797;ENSMUSG00000038371;ENSMUSG00000026672;ENSMUSG00000096150;ENSMUSG00000095442;ENSMUSG00000033577;ENSMUSG00000035459;ENSMUSG00000095416;ENSMUSG00000022150;ENSMUSG00000027115;ENSMUSG00000030055;ENSMUSG00000095210;ENSMUSG00000026532;ENSMUSG00000018001;ENSMUSG00000035864;ENSMUSG00000008845;ENSMUSG00000096499;ENSMUSG00000039959;ENSMUSG00000002944;ENSMUSG00000105606;ENSMUSG00000028678;ENSMUSG00000076695;ENSMUSG00000045328;ENSMUSG00000025044;ENSMUSG00000037295	True	True
spleen	R-MMU-5663220_RHO_GTPASES_ACTIVATE_FORMINS	-0.0006031503641888888	5	2	3	-0.0006031503641888888	5	2	3	0.0028306037236750957	5.0	3.0	2.0	0.0028306037236750957	5.0	3.0	2.0	1.046192496977143	0.39197930142302717	0.5470550528675587	ENSMUSG00000026605;ENSMUSG00000023940;ENSMUSG00000031756;ENSMUSG00000054364;ENSMUSG00000036223;ENSMUSG00000068101;ENSMUSG00000027115;ENSMUSG00000040084;ENSMUSG00000028678;ENSMUSG00000045328;ENSMUSG00000021714;ENSMUSG00000020897;ENSMUSG00000006398;ENSMUSG00000040549;ENSMUSG00000031262;ENSMUSG00000024660;ENSMUSG00000016255;ENSMUSG00000029414;ENSMUSG00000029910;ENSMUSG00000024056;ENSMUSG00000028873;ENSMUSG00000036053;ENSMUSG00000036752;ENSMUSG00000026039	False	False
spleen	R-MMU-5668541_TNFR2_NON_CANONICAL_NF_KB_PATHWAY	-0.056828512138889044	5	2	3	-0.056828512138889044	5	2	3	-0.015857529547267223	5.0	2.0	3.0	-0.015857529547267223	5.0	2.0	3.0	-2.047560617904522	0.0	0.0032734102495304536	ENSMUSG00000024401;ENSMUSG00000024402;ENSMUSG00000026700;ENSMUSG00000005824;ENSMUSG00000017652;ENSMUSG00000029075;ENSMUSG00000068240;ENSMUSG00000024399;ENSMUSG00000041954;ENSMUSG00000028965;ENSMUSG00000028602;ENSMUSG00000089669;ENSMUSG00000022015;ENSMUSG00000020941;ENSMUSG00000068105	True	True
spleen	R-MMU-5669034_TNFS_BIND_THEIR_PHYSIOLOGICAL_RECEPTORS	-0.12700272508611113	5	0	5	-0.12700272508611113	5	0	5	-0.014489482361830883	5.0	1.0	4.0	-0.014489482361830883	5.0	1.0	4.0	-1.7538969771864734	0.016666666666666666	0.021526230445281788	ENSMUSG00000024402;ENSMUSG00000026700;ENSMUSG00000029075;ENSMUSG00000041954;ENSMUSG00000028965;ENSMUSG00000028602;ENSMUSG00000089669;ENSMUSG00000022015	True	True
spleen	R-MMU-5673001_RAF_MAP_KINASE_CASCADE	0.032241165149999994	5	2	3	0.032241165149999994	5	2	3	0.004495717843446738	5.0	3.0	2.0	0.004495717843446738	5.0	3.0	2.0	1.1988655696387782	0.179519595448799	0.3419788086657169	ENSMUSG00000021061;ENSMUSG00000030134;ENSMUSG00000030110;ENSMUSG00000024190;ENSMUSG00000024620;ENSMUSG00000018909;ENSMUSG00000021823;ENSMUSG00000026883;ENSMUSG00000032470;ENSMUSG00000018334;ENSMUSG00000026532;ENSMUSG00000041417;ENSMUSG00000038894;ENSMUSG00000026193;ENSMUSG00000038764;ENSMUSG00000022610;ENSMUSG00000020315;ENSMUSG00000062232;ENSMUSG00000007659;ENSMUSG00000030203;ENSMUSG00000110206	True	True
spleen	R-MMU-5683057_MAPK_FAMILY_SIGNALING_CASCADES	-0.005521748658333303	5	2	3	-0.005521748658333303	5	2	3	0.004281237047050114	5.0	3.0	2.0	0.004281237047050114	5.0	3.0	2.0	1.2165448906168623	0.1515527950310559	0.3233286699907675	ENSMUSG00000019942;ENSMUSG00000021061;ENSMUSG00000030134;ENSMUSG00000030110;ENSMUSG00000024190;ENSMUSG00000024620;ENSMUSG00000018909;ENSMUSG00000021823;ENSMUSG00000026883;ENSMUSG00000032470;ENSMUSG00000018334;ENSMUSG00000026532;ENSMUSG00000041417;ENSMUSG00000038894;ENSMUSG00000021756;ENSMUSG00000026193;ENSMUSG00000038764;ENSMUSG00000022610;ENSMUSG00000020315;ENSMUSG00000062232;ENSMUSG00000007659;ENSMUSG00000030203;ENSMUSG00000110206	False	False
spleen	R-MMU-5684996_MAPK1_MAPK3_SIGNALING	-0.07354794441666664	5	2	3	-0.07354794441666664	5	2	3	0.00538283970684199	5.0	3.0	2.0	0.00538283970684199	5.0	3.0	2.0	1.274444513614317	0.1053952321204517	0.26069246570968657	ENSMUSG00000019942;ENSMUSG00000021061;ENSMUSG00000030134;ENSMUSG00000030110;ENSMUSG00000024190;ENSMUSG00000024620;ENSMUSG00000018909;ENSMUSG00000021823;ENSMUSG00000026883;ENSMUSG00000032470;ENSMUSG00000018334;ENSMUSG00000026532;ENSMUSG00000041417;ENSMUSG00000038894;ENSMUSG00000021756;ENSMUSG00000026193;ENSMUSG00000038764;ENSMUSG00000022610;ENSMUSG00000020315;ENSMUSG00000062232;ENSMUSG00000007659;ENSMUSG00000030203;ENSMUSG00000110206	False	False
spleen	R-MMU-5685942_HDR_THROUGH_HOMOLOGOUS_RECOMBINATION_HRR	0.002803412325566667	5	3	2	0.002803412325566667	5	3	2	0.009339633080653694	5.0	2.0	3.0	0.009339633080653694	5.0	2.0	3.0	1.4575200260510628	0.05730659025787966	0.12269622113936218	ENSMUSG00000017146;ENSMUSG00000041147;ENSMUSG00000027323;ENSMUSG00000030528;ENSMUSG00000035455;ENSMUSG00000007080;ENSMUSG00000039748;ENSMUSG00000030346;ENSMUSG00000026196;ENSMUSG00000034218	True	True
spleen	R-MMU-5688426_DEUBIQUITINATION	-0.07567665133333328	5	2	3	-0.07567665133333328	5	2	3	0.00562831873708067	5.0	3.0	2.0	0.005628318737080669	5.0	3.0	2.0	1.3176603830671019	0.09266409266409266	0.2281762294860613	ENSMUSG00000063954;ENSMUSG00000019942;ENSMUSG00000071516;ENSMUSG00000071478;ENSMUSG00000018909;ENSMUSG00000042489;ENSMUSG00000069301;ENSMUSG00000017146;ENSMUSG00000031066;ENSMUSG00000061615;ENSMUSG00000069309;ENSMUSG00000094248;ENSMUSG00000078851;ENSMUSG00000026196;ENSMUSG00000006398;ENSMUSG00000056999;ENSMUSG00000094777;ENSMUSG00000069272;ENSMUSG00000045730;ENSMUSG00000030107;ENSMUSG00000032402	False	False
spleen	R-MMU-5689603_UCH_PROTEINASES	-0.00044489991305555804	5	3	2	-0.00044489991305555804	5	3	2	0.003196335975468259	5.0	3.0	2.0	0.003196335975468259	5.0	3.0	2.0	1.2565225395369846	0.18057455540355677	0.2821449031158176	ENSMUSG00000063954;ENSMUSG00000071516;ENSMUSG00000071478;ENSMUSG00000069301;ENSMUSG00000061615;ENSMUSG00000069309;ENSMUSG00000094248;ENSMUSG00000078851;ENSMUSG00000026196;ENSMUSG00000094777;ENSMUSG00000069272	False	False
spleen	R-MMU-5689880_UB_SPECIFIC_PROCESSING_PROTEASES	0.013885991500416656	5	4	1	0.013885991500416656	5	4	1	0.004915993683994547	5.0	3.0	2.0	0.004915993683994547	5.0	3.0	2.0	1.3858365981052407	0.061518324607329845	0.17096993061943974	ENSMUSG00000063954;ENSMUSG00000071516;ENSMUSG00000071478;ENSMUSG00000018909;ENSMUSG00000042489;ENSMUSG00000069301;ENSMUSG00000031066;ENSMUSG00000061615;ENSMUSG00000069309;ENSMUSG00000094248;ENSMUSG00000078851;ENSMUSG00000006398;ENSMUSG00000056999;ENSMUSG00000094777;ENSMUSG00000069272;ENSMUSG00000045730;ENSMUSG00000030107;ENSMUSG00000032402	True	True
spleen	R-MMU-5689901_METALLOPROTEASE_DUBS	-0.0066895496451222225	5	2	3	-0.0066895496451222225	5	2	3	0.005871050220360568	5.0	2.0	3.0	0.005871050220360568	5.0	2.0	3.0	1.4169124730887324	0.06970128022759602	0.1474752000705159	ENSMUSG00000063954;ENSMUSG00000071516;ENSMUSG00000071478;ENSMUSG00000069301;ENSMUSG00000017146;ENSMUSG00000061615;ENSMUSG00000069309;ENSMUSG00000094248;ENSMUSG00000078851;ENSMUSG00000026196;ENSMUSG00000094777;ENSMUSG00000069272	False	False
spleen	R-MMU-5690714_CD22_MEDIATED_BCR_REGULATION	0.0037912801618666643	5	2	3	0.0037912801618666643	5	2	3	0.005734009088237919	5.0	2.0	3.0	0.005734009088237919	5.0	2.0	3.0	1.2869810250897256	0.08664259927797834	0.2548745205904118	ENSMUSG00000103254;ENSMUSG00000095612;ENSMUSG00000096452;ENSMUSG00000096326;ENSMUSG00000095285;ENSMUSG00000096078;ENSMUSG00000102364;ENSMUSG00000076666;ENSMUSG00000095200;ENSMUSG00000093838;ENSMUSG00000096577;ENSMUSG00000104452;ENSMUSG00000095429;ENSMUSG00000094502;ENSMUSG00000076670;ENSMUSG00000093896;ENSMUSG00000096150;ENSMUSG00000095442;ENSMUSG00000095416;ENSMUSG00000095210;ENSMUSG00000096499;ENSMUSG00000105606;ENSMUSG00000076695	True	True
spleen	R-MMU-5693532_DNA_DOUBLE_STRAND_BREAK_REPAIR	0.002931445227777807	5	3	2	0.002931445227777807	5	3	2	0.01188304617367061	5.0	3.0	2.0	0.01188304617367061	5.0	3.0	2.0	1.7096069679758537	0.002531645569620253	0.06334989534207983	ENSMUSG00000069308;ENSMUSG00000075031;ENSMUSG00000069306;ENSMUSG00000042489;ENSMUSG00000069303;ENSMUSG00000017146;ENSMUSG00000041147;ENSMUSG00000027323;ENSMUSG00000017897;ENSMUSG00000069300;ENSMUSG00000030528;ENSMUSG00000035455;ENSMUSG00000007080;ENSMUSG00000062727;ENSMUSG00000018362;ENSMUSG00000024742;ENSMUSG00000039994;ENSMUSG00000069266;ENSMUSG00000039748;ENSMUSG00000049932;ENSMUSG00000030346;ENSMUSG00000026196;ENSMUSG00000034218;ENSMUSG00000018102;ENSMUSG00000030451;ENSMUSG00000069307;ENSMUSG00000034206;ENSMUSG00000057406;ENSMUSG00000056394;ENSMUSG00000027342;ENSMUSG00000038644;ENSMUSG00000066878;ENSMUSG00000027715	True	True
spleen	R-MMU-5693538_HOMOLOGY_DIRECTED_REPAIR	0.08608173169999993	5	2	3	0.08608173169999993	5	2	3	0.012966700986468344	5.0	3.0	2.0	0.012966700986468344	5.0	3.0	2.0	1.6406869679255696	0.0026041666666666665	0.06852516824916459	ENSMUSG00000069308;ENSMUSG00000075031;ENSMUSG00000069306;ENSMUSG00000042489;ENSMUSG00000069303;ENSMUSG00000017146;ENSMUSG00000041147;ENSMUSG00000027323;ENSMUSG00000069300;ENSMUSG00000030528;ENSMUSG00000035455;ENSMUSG00000007080;ENSMUSG00000062727;ENSMUSG00000024742;ENSMUSG00000039994;ENSMUSG00000069266;ENSMUSG00000039748;ENSMUSG00000049932;ENSMUSG00000030346;ENSMUSG00000026196;ENSMUSG00000034218;ENSMUSG00000018102;ENSMUSG00000030451;ENSMUSG00000069307;ENSMUSG00000034206;ENSMUSG00000057406;ENSMUSG00000056394;ENSMUSG00000027342;ENSMUSG00000038644;ENSMUSG00000027715	True	True
spleen	R-MMU-5693565_RECRUITMENT_AND_ATM_MEDIATED_PHOSPHORYLATION_OF_REPAIR_AND_SIGNALING_PROTEINS_AT_DNA_DOUBLE_STRAND_BREAKS	-0.016339821569444468	5	0	5	-0.016339821569444468	5	0	5	0.009948152593605885	5.0	3.0	2.0	0.009948152593605885	5.0	3.0	2.0	1.456203247133585	0.038781163434903045	0.12266677546385046	ENSMUSG00000069308;ENSMUSG00000075031;ENSMUSG00000069306;ENSMUSG00000069303;ENSMUSG00000017146;ENSMUSG00000017897;ENSMUSG00000069300;ENSMUSG00000062727;ENSMUSG00000069266;ENSMUSG00000049932;ENSMUSG00000026196;ENSMUSG00000034218;ENSMUSG00000018102;ENSMUSG00000030451	False	False
spleen	R-MMU-5693567_HDR_THROUGH_HOMOLOGOUS_RECOMBINATION_HRR_OR_SINGLE_STRAND_ANNEALING_SSA	-0.001045441272727778	5	3	2	-0.001045441272727778	5	3	2	0.012119816024602706	5.0	3.0	2.0	0.012119816024602706	5.0	3.0	2.0	1.6032566003851214	0.00646830530401035	0.07411797909779758	ENSMUSG00000069308;ENSMUSG00000075031;ENSMUSG00000069306;ENSMUSG00000042489;ENSMUSG00000069303;ENSMUSG00000017146;ENSMUSG00000041147;ENSMUSG00000027323;ENSMUSG00000069300;ENSMUSG00000030528;ENSMUSG00000035455;ENSMUSG00000007080;ENSMUSG00000062727;ENSMUSG00000039994;ENSMUSG00000069266;ENSMUSG00000039748;ENSMUSG00000049932;ENSMUSG00000030346;ENSMUSG00000026196;ENSMUSG00000034218;ENSMUSG00000018102;ENSMUSG00000030451;ENSMUSG00000069307;ENSMUSG00000057406;ENSMUSG00000056394;ENSMUSG00000027342;ENSMUSG00000038644;ENSMUSG00000027715	False	False
spleen	R-MMU-5693571_NONHOMOLOGOUS_END_JOINING_NHEJ	7.128082756666619e-05	5	2	3	7.128082756666619e-05	5	2	3	0.011701181280538384	5.0	3.0	2.0	0.011701181280538384	5.0	3.0	2.0	1.4716759941768367	0.045020463847203276	0.11650951457015436	ENSMUSG00000069308;ENSMUSG00000075031;ENSMUSG00000069306;ENSMUSG00000069303;ENSMUSG00000017146;ENSMUSG00000069300;ENSMUSG00000062727;ENSMUSG00000069266;ENSMUSG00000049932;ENSMUSG00000026196;ENSMUSG00000034218;ENSMUSG00000018102;ENSMUSG00000030451	True	True
spleen	R-MMU-5693606_DNA_DOUBLE_STRAND_BREAK_RESPONSE	3.997599240277792e-05	5	3	2	3.997599240277796e-05	5	3	2	0.009258615776915238	5.0	3.0	2.0	0.009258615776915238	5.0	3.0	2.0	1.467481439575638	0.03961748633879782	0.11932766979697722	ENSMUSG00000069308;ENSMUSG00000075031;ENSMUSG00000069306;ENSMUSG00000069303;ENSMUSG00000017146;ENSMUSG00000017897;ENSMUSG00000069300;ENSMUSG00000062727;ENSMUSG00000018362;ENSMUSG00000069266;ENSMUSG00000049932;ENSMUSG00000026196;ENSMUSG00000034218;ENSMUSG00000018102;ENSMUSG00000030451	True	True
spleen	R-MMU-5693607_PROCESSING_OF_DNA_DOUBLE_STRAND_BREAK_ENDS	-0.0011821474183333323	5	3	2	-0.0011821474183333323	5	3	2	0.011448952203449773	5.0	3.0	2.0	0.011448952203449773	5.0	3.0	2.0	1.4994321505503034	0.023872679045092837	0.10151457040126384	ENSMUSG00000069308;ENSMUSG00000075031;ENSMUSG00000069306;ENSMUSG00000042489;ENSMUSG00000069303;ENSMUSG00000017146;ENSMUSG00000069300;ENSMUSG00000030528;ENSMUSG00000062727;ENSMUSG00000039994;ENSMUSG00000069266;ENSMUSG00000039748;ENSMUSG00000049932;ENSMUSG00000026196;ENSMUSG00000034218;ENSMUSG00000018102;ENSMUSG00000030451	False	False
spleen	R-MMU-597592_POST_TRANSLATIONAL_PROTEIN_MODIFICATION	-0.022440349941666705	5	2	3	-0.022440349941666705	5	2	3	0.002014770035480261	5.0	3.0	2.0	0.002014770035480261	5.0	3.0	2.0	1.1829455942276994	0.11627906976744186	0.3529585344757056	ENSMUSG00000025175;ENSMUSG00000069308;ENSMUSG00000030217;ENSMUSG00000109564;ENSMUSG00000027204;ENSMUSG00000068252;ENSMUSG00000063954;ENSMUSG00000019942;ENSMUSG00000075031;ENSMUSG00000072082;ENSMUSG00000021061;ENSMUSG00000020614;ENSMUSG00000031749;ENSMUSG00000022231;ENSMUSG00000028766;ENSMUSG00000069306;ENSMUSG00000071516;ENSMUSG00000071478;ENSMUSG00000073418;ENSMUSG00000018909;ENSMUSG00000042489;ENSMUSG00000061436;ENSMUSG00000069301;ENSMUSG00000069303;ENSMUSG00000056091;ENSMUSG00000024299;ENSMUSG00000021614;ENSMUSG00000017146;ENSMUSG00000031066;ENSMUSG00000069300;ENSMUSG00000030528;ENSMUSG00000061615;ENSMUSG00000026185;ENSMUSG00000028195;ENSMUSG00000069309;ENSMUSG00000094248;ENSMUSG00000024140;ENSMUSG00000030055;ENSMUSG00000026532;ENSMUSG00000036040;ENSMUSG00000059901;ENSMUSG00000032578;ENSMUSG00000014599;ENSMUSG00000020520;ENSMUSG00000062727;ENSMUSG00000013846;ENSMUSG00000015846;ENSMUSG00000024164;ENSMUSG00000078851;ENSMUSG00000069266;ENSMUSG00000026193;ENSMUSG00000017493;ENSMUSG00000020914;ENSMUSG00000020897;ENSMUSG00000001403;ENSMUSG00000038156;ENSMUSG00000056656;ENSMUSG00000026196;ENSMUSG00000038886;ENSMUSG00000048490;ENSMUSG00000006398;ENSMUSG00000020315;ENSMUSG00000004099;ENSMUSG00000018102;ENSMUSG00000030451;ENSMUSG00000022892;ENSMUSG00000037306;ENSMUSG00000028614;ENSMUSG00000056999;ENSMUSG00000002985;ENSMUSG00000094777;ENSMUSG00000069272;ENSMUSG00000034164	False	False
spleen	R-MMU-606279_DEPOSITION_OF_NEW_CENPA_CONTAINING_NUCLEOSOMES_AT_THE_CENTROMERE	0.0008176037807698612	5	4	1	0.0008176037807698612	5	4	1	0.0110440595185839	5.0	3.0	2.0	0.0110440595185839	5.0	3.0	2.0	1.7340035338031716	0.0038412291933418692	0.055729600887325134	ENSMUSG00000069308;ENSMUSG00000063954;ENSMUSG00000075031;ENSMUSG00000069306;ENSMUSG00000071516;ENSMUSG00000071478;ENSMUSG00000069301;ENSMUSG00000069303;ENSMUSG00000031756;ENSMUSG00000047534;ENSMUSG00000069300;ENSMUSG00000061615;ENSMUSG00000069309;ENSMUSG00000094248;ENSMUSG00000068101;ENSMUSG00000044783;ENSMUSG00000062727;ENSMUSG00000069266;ENSMUSG00000021714;ENSMUSG00000049932;ENSMUSG00000018102;ENSMUSG00000094777;ENSMUSG00000069272	True	True
spleen	R-MMU-6791226_MAJOR_PATHWAY_OF_RRNA_PROCESSING_IN_THE_NUCLEOLUS_AND_CYTOSOL	-0.09134033906388887	5	2	3	-0.09134033906388887	5	2	3	-0.014548221915043713	5.0	2.0	3.0	-0.014548221915043713	5.0	2.0	3.0	-2.0289819307857835	0.0	0.0028464436952438726	ENSMUSG00000109941;ENSMUSG00000050621;ENSMUSG00000039001;ENSMUSG00000058443;ENSMUSG00000090733;ENSMUSG00000078193;ENSMUSG00000068240;ENSMUSG00000062997;ENSMUSG00000039221;ENSMUSG00000036781	True	True
spleen	R-MMU-6791312_TP53_REGULATES_TRANSCRIPTION_OF_CELL_CYCLE_GENES	0.0004289582865000004	5	3	2	0.0004289582865000004	5	3	2	0.01703536452476013	5.0	3.0	2.0	0.01703536452476013	5.0	3.0	2.0	1.5539395693633886	0.03513513513513514	0.08092204276259253	ENSMUSG00000019942;ENSMUSG00000021701;ENSMUSG00000020185;ENSMUSG00000046179;ENSMUSG00000002068;ENSMUSG00000023067;ENSMUSG00000044201;ENSMUSG00000041431;ENSMUSG00000028680;ENSMUSG00000027342;ENSMUSG00000027715;ENSMUSG00000003031;ENSMUSG00000020423;ENSMUSG00000027496	True	True
spleen	R-MMU-6798695_NEUTROPHIL_DEGRANULATION	-0.2628305464944446	5	0	5	-0.2628305464944446	5	0	5	-0.013900918005464868	5.0	0.0	5.0	-0.013900918005464868	5.0	0.0	5.0	-2.7353745680308488	0.0	0.0	ENSMUSG00000032496;ENSMUSG00000020125;ENSMUSG00000038357;ENSMUSG00000056054;ENSMUSG00000026822;ENSMUSG00000056071;ENSMUSG00000040314;ENSMUSG00000052212;ENSMUSG00000009350;ENSMUSG00000057163;ENSMUSG00000024681;ENSMUSG00000073940;ENSMUSG00000025473;ENSMUSG00000026835;ENSMUSG00000052305;ENSMUSG00000023903;ENSMUSG00000064246;ENSMUSG00000057729;ENSMUSG00000030144;ENSMUSG00000030413;ENSMUSG00000013974;ENSMUSG00000052234;ENSMUSG00000017737;ENSMUSG00000031722;ENSMUSG00000039196;ENSMUSG00000040693;ENSMUSG00000022026;ENSMUSG00000029082;ENSMUSG00000068587;ENSMUSG00000063234;ENSMUSG00000030162;ENSMUSG00000027907;ENSMUSG00000116988;ENSMUSG00000029322;ENSMUSG00000026180;ENSMUSG00000032231;ENSMUSG00000027447;ENSMUSG00000024084;ENSMUSG00000053063;ENSMUSG00000027533;ENSMUSG00000036938;ENSMUSG00000069516;ENSMUSG00000052270;ENSMUSG00000030786;ENSMUSG00000021822;ENSMUSG00000016283;ENSMUSG00000020732;ENSMUSG00000025701;ENSMUSG00000059089;ENSMUSG00000040747;ENSMUSG00000092572;ENSMUSG00000060791;ENSMUSG00000046718;ENSMUSG00000029372;ENSMUSG00000030793;ENSMUSG00000064147;ENSMUSG00000067235;ENSMUSG00000004668;ENSMUSG00000056888;ENSMUSG00000035273;ENSMUSG00000054203;ENSMUSG00000030579;ENSMUSG00000018774;ENSMUSG00000060131;ENSMUSG00000021069;ENSMUSG00000005800;ENSMUSG00000026399;ENSMUSG00000049130;ENSMUSG00000032359;ENSMUSG00000030148;ENSMUSG00000000594	True	True
spleen	R-MMU-6803157_ANTIMICROBIAL_PEPTIDES	-0.042622745913333336	5	2	3	-0.042622745913333336	5	2	3	-0.036771177880659395	5.0	0.0	5.0	-0.036771177880659395	5.0	0.0	5.0	-2.8209727975124026	0.0	0.0	ENSMUSG00000032496;ENSMUSG00000020125;ENSMUSG00000038357;ENSMUSG00000056054;ENSMUSG00000026822;ENSMUSG00000056071;ENSMUSG00000040314;ENSMUSG00000057163;ENSMUSG00000057729;ENSMUSG00000030413;ENSMUSG00000036938;ENSMUSG00000021880;ENSMUSG00000069516	True	True
spleen	R-MMU-6804756_REGULATION_OF_TP53_ACTIVITY_THROUGH_PHOSPHORYLATION	0.00032458452322777816	5	2	3	0.00032458452322777816	5	2	3	0.008698875559154152	5.0	2.0	3.0	0.008698875559154154	5.0	2.0	3.0	1.2255169871663358	0.20166898470097358	0.3135195451551318	ENSMUSG00000061436;ENSMUSG00000017146;ENSMUSG00000030528;ENSMUSG00000027469;ENSMUSG00000039748;ENSMUSG00000020897;ENSMUSG00000026196;ENSMUSG00000034218;ENSMUSG00000028680;ENSMUSG00000027715;ENSMUSG00000027496;ENSMUSG00000054387	True	True
spleen	R-MMU-6806667_METABOLISM_OF_FAT_SOLUBLE_VITAMINS	0.0012572991193738892	5	3	2	0.0012572991193738892	5	3	2	0.0029068725160358564	5.0	3.0	2.0	0.0029068725160358564	5.0	3.0	2.0	1.1106631245245655	0.3230769230769231	0.463412455606198	ENSMUSG00000031119;ENSMUSG00000041936;ENSMUSG00000034220;ENSMUSG00000040249;ENSMUSG00000020592;ENSMUSG00000029134;ENSMUSG00000015568;ENSMUSG00000002985	True	True
spleen	R-MMU-6806834_SIGNALING_BY_MET	0.041964294222222163	5	4	1	0.041964294222222163	5	4	1	0.008574233793170462	5.0	5.0	0.0	0.008574233793170462	5.0	5.0	0.0	1.5988449181792854	0.011111111111111112	0.07412070778547722	ENSMUSG00000031714;ENSMUSG00000004098;ENSMUSG00000026042;ENSMUSG00000026837;ENSMUSG00000030029;ENSMUSG00000020422;ENSMUSG00000041417;ENSMUSG00000001249;ENSMUSG00000026193;ENSMUSG00000024330	True	True
spleen	R-MMU-6811434_COPI_DEPENDENT_GOLGI_TO_ER_RETROGRADE_TRAFFIC	-0.0009809421460555564	5	1	4	-0.0009809421460555564	5	1	4	0.008557501441483924	5.0	3.0	2.0	0.008557501441483924	5.0	3.0	2.0	1.1429569366633785	0.30191256830601093	0.4171180745778384	ENSMUSG00000051378;ENSMUSG00000012443;ENSMUSG00000079553;ENSMUSG00000030677;ENSMUSG00000034311;ENSMUSG00000027115;ENSMUSG00000028678;ENSMUSG00000045328;ENSMUSG00000032254;ENSMUSG00000060012;ENSMUSG00000023015;ENSMUSG00000063077;ENSMUSG00000016255;ENSMUSG00000024795;ENSMUSG00000041642;ENSMUSG00000036752;ENSMUSG00000036768	False	False
spleen	R-MMU-6811442_INTRA_GOLGI_AND_RETROGRADE_GOLGI_TO_ER_TRAFFIC	0.09030981149100001	5	3	2	0.09030981149100001	5	3	2	0.005347588262455658	5.0	3.0	2.0	0.005347588262455657	5.0	3.0	2.0	1.11362968682578	0.32270916334661354	0.4622703183132008	ENSMUSG00000051378;ENSMUSG00000012443;ENSMUSG00000079553;ENSMUSG00000030677;ENSMUSG00000034311;ENSMUSG00000027115;ENSMUSG00000030055;ENSMUSG00000018001;ENSMUSG00000028678;ENSMUSG00000045328;ENSMUSG00000032254;ENSMUSG00000060012;ENSMUSG00000023015;ENSMUSG00000063077;ENSMUSG00000016255;ENSMUSG00000024795;ENSMUSG00000041642;ENSMUSG00000023830;ENSMUSG00000036752;ENSMUSG00000036768	True	True
spleen	R-MMU-6811558_PI5P_PP2A_AND_IER3_REGULATE_PI3K_AKT_SIGNALING	0.002922675481544444	5	4	1	0.002922675481544444	5	4	1	-0.002583277019740171	5.0	2.0	3.0	-0.002583277019740171	5.0	2.0	3.0	0.8882045685116895	0.6358768406961178	0.7556553032459353	ENSMUSG00000031714;ENSMUSG00000024620;ENSMUSG00000041417;ENSMUSG00000038894;ENSMUSG00000026069;ENSMUSG00000005534;ENSMUSG00000110206	False	True
spleen	R-MMU-68875_MITOTIC_PROPHASE	-0.0014281001189333329	5	1	4	-0.0014281001189333329	5	1	4	0.0156563157941434	5.0	3.0	2.0	0.0156563157941434	5.0	3.0	2.0	1.6408610095544283	0.002509410288582183	0.07082073902137145	ENSMUSG00000081058;ENSMUSG00000069308;ENSMUSG00000063954;ENSMUSG00000019942;ENSMUSG00000075031;ENSMUSG00000069306;ENSMUSG00000071516;ENSMUSG00000071478;ENSMUSG00000069301;ENSMUSG00000069303;ENSMUSG00000042029;ENSMUSG00000074403;ENSMUSG00000069300;ENSMUSG00000061615;ENSMUSG00000028063;ENSMUSG00000069309;ENSMUSG00000094248;ENSMUSG00000028312;ENSMUSG00000062727;ENSMUSG00000069266;ENSMUSG00000069267;ENSMUSG00000049932;ENSMUSG00000018102;ENSMUSG00000028614;ENSMUSG00000094777;ENSMUSG00000069272;ENSMUSG00000099517;ENSMUSG00000041431	False	False
spleen	R-MMU-68877_MITOTIC_PROMETAPHASE	-0.0011397156827777782	5	4	1	-0.0011397156827777782	5	4	1	0.00782902374513955	5.0	3.0	2.0	0.00782902374513955	5.0	3.0	2.0	1.3542079917545577	0.05452292441140025	0.19824939250351079	ENSMUSG00000019942;ENSMUSG00000026605;ENSMUSG00000023940;ENSMUSG00000031756;ENSMUSG00000038252;ENSMUSG00000002997;ENSMUSG00000034906;ENSMUSG00000028312;ENSMUSG00000036223;ENSMUSG00000068101;ENSMUSG00000027115;ENSMUSG00000040084;ENSMUSG00000025758;ENSMUSG00000028678;ENSMUSG00000026622;ENSMUSG00000045328;ENSMUSG00000024791;ENSMUSG00000021714;ENSMUSG00000020897;ENSMUSG00000006398;ENSMUSG00000015880;ENSMUSG00000040549;ENSMUSG00000041431;ENSMUSG00000031262;ENSMUSG00000032218;ENSMUSG00000024660;ENSMUSG00000016255;ENSMUSG00000029414;ENSMUSG00000029910;ENSMUSG00000024056;ENSMUSG00000028873;ENSMUSG00000036752;ENSMUSG00000026039	False	False
spleen	R-MMU-68882_MITOTIC_ANAPHASE	0.0055149510604916695	5	3	2	0.0055149510604916695	5	3	2	0.006452825500338826	5.0	3.0	2.0	0.006452825500338826	5.0	3.0	2.0	1.2937507233289665	0.10997442455242967	0.24989762339365137	ENSMUSG00000019942;ENSMUSG00000026605;ENSMUSG00000023940;ENSMUSG00000031756;ENSMUSG00000058290;ENSMUSG00000028063;ENSMUSG00000036223;ENSMUSG00000068101;ENSMUSG00000027115;ENSMUSG00000040084;ENSMUSG00000028678;ENSMUSG00000045328;ENSMUSG00000024791;ENSMUSG00000021714;ENSMUSG00000020897;ENSMUSG00000001403;ENSMUSG00000028896;ENSMUSG00000006398;ENSMUSG00000028614;ENSMUSG00000040549;ENSMUSG00000041431;ENSMUSG00000031262;ENSMUSG00000032218;ENSMUSG00000024660;ENSMUSG00000016255;ENSMUSG00000029414;ENSMUSG00000029910;ENSMUSG00000024056;ENSMUSG00000028873;ENSMUSG00000036752;ENSMUSG00000026039	True	True
spleen	R-MMU-68886_M_PHASE	-0.08952221052500006	5	2	3	-0.08952221052500006	5	2	3	0.010748532990320987	5.0	3.0	2.0	0.010748532990320987	5.0	3.0	2.0	1.642190101055662	0.0	0.07262163499148357	ENSMUSG00000081058;ENSMUSG00000069308;ENSMUSG00000063954;ENSMUSG00000019942;ENSMUSG00000075031;ENSMUSG00000026605;ENSMUSG00000069306;ENSMUSG00000071516;ENSMUSG00000023940;ENSMUSG00000071478;ENSMUSG00000069301;ENSMUSG00000069303;ENSMUSG00000031756;ENSMUSG00000038252;ENSMUSG00000042029;ENSMUSG00000074403;ENSMUSG00000069300;ENSMUSG00000058290;ENSMUSG00000061615;ENSMUSG00000028063;ENSMUSG00000002997;ENSMUSG00000069309;ENSMUSG00000034906;ENSMUSG00000094248;ENSMUSG00000028312;ENSMUSG00000036223;ENSMUSG00000068101;ENSMUSG00000027115;ENSMUSG00000040084;ENSMUSG00000062727;ENSMUSG00000025758;ENSMUSG00000069266;ENSMUSG00000028678;ENSMUSG00000026622;ENSMUSG00000045328;ENSMUSG00000069267;ENSMUSG00000024791;ENSMUSG00000021714;ENSMUSG00000020897;ENSMUSG00000001403;ENSMUSG00000049932;ENSMUSG00000028896;ENSMUSG00000019773;ENSMUSG00000032254;ENSMUSG00000006398;ENSMUSG00000018102;ENSMUSG00000028614;ENSMUSG00000094777;ENSMUSG00000069272;ENSMUSG00000015880;ENSMUSG00000040549	False	False
spleen	R-MMU-68962_ACTIVATION_OF_THE_PRE_REPLICATIVE_COMPLEX	-0.000968861039188889	5	1	4	-0.000968861039188889	5	1	4	0.011613713285747392	5.0	2.0	3.0	0.011613713285747392	5.0	2.0	3.0	1.2649790564098027	0.17167381974248927	0.27193397517996415	ENSMUSG00000017499;ENSMUSG00000002870;ENSMUSG00000007080;ENSMUSG00000029730;ENSMUSG00000006678;ENSMUSG00000022673;ENSMUSG00000028587;ENSMUSG00000041859;ENSMUSG00000005410;ENSMUSG00000000028;ENSMUSG00000026355	False	False
spleen	R-MMU-69002_DNA_REPLICATION_PRE_INITIATION	0.0008358223014833328	5	2	3	0.0008358223014833328	5	2	3	0.008210655383158032	5.0	2.0	3.0	0.00821065538315803	5.0	2.0	3.0	1.1545144441132105	0.2849083215796897	0.3994643506355671	ENSMUSG00000017499;ENSMUSG00000002870;ENSMUSG00000007080;ENSMUSG00000029730;ENSMUSG00000001403;ENSMUSG00000006678;ENSMUSG00000022673;ENSMUSG00000028587;ENSMUSG00000041859;ENSMUSG00000005410	True	True
spleen	R-MMU-69052_SWITCHING_OF_ORIGINS_TO_A_POST_REPLICATIVE_STATE	-5.996155911111123e-05	5	2	3	-5.996155911111123e-05	5	2	3	0.00843580955134773	5.0	3.0	2.0	0.00843580955134773	5.0	3.0	2.0	1.2027320135236916	0.22361111111111112	0.3372449756283118	ENSMUSG00000017499;ENSMUSG00000002068;ENSMUSG00000002870;ENSMUSG00000029730;ENSMUSG00000001403;ENSMUSG00000022673;ENSMUSG00000027715;ENSMUSG00000028587;ENSMUSG00000041859;ENSMUSG00000005410	False	False
spleen	R-MMU-69206_G1_S_TRANSITION	0.001553287349722222	5	3	2	0.001553287349722222	5	3	2	0.007466558616410349	5.0	2.0	3.0	0.00746655861641035	5.0	2.0	3.0	1.2454743324400919	0.18244170096021947	0.28956915516804455	ENSMUSG00000017499;ENSMUSG00000002068;ENSMUSG00000040957;ENSMUSG00000023067;ENSMUSG00000002870;ENSMUSG00000007080;ENSMUSG00000029730;ENSMUSG00000006678;ENSMUSG00000022673;ENSMUSG00000027715;ENSMUSG00000003031;ENSMUSG00000031016;ENSMUSG00000028587;ENSMUSG00000041859;ENSMUSG00000005410	True	True
spleen	R-MMU-69231_CYCLIN_D_ASSOCIATED_EVENTS_IN_G1	-0.002542650322055554	5	1	4	-0.002542650322055554	5	1	4	0.0036877739894852933	5.0	3.0	2.0	0.0036877739894852933	5.0	3.0	2.0	1.101822863780361	0.34265734265734266	0.4718909107721038	ENSMUSG00000018983;ENSMUSG00000002068;ENSMUSG00000027490;ENSMUSG00000023067;ENSMUSG00000038482;ENSMUSG00000000184;ENSMUSG00000003031;ENSMUSG00000040274;ENSMUSG00000034165;ENSMUSG00000031666	False	False
spleen	R-MMU-69236_G1_PHASE	0.0015361010481666655	5	5	0	0.0015361010481666655	5	5	0	0.0036877739894852933	5.0	3.0	2.0	0.0036877739894852933	5.0	3.0	2.0	1.101822863780361	0.34265734265734266	0.4718909107721038	ENSMUSG00000018983;ENSMUSG00000002068;ENSMUSG00000027490;ENSMUSG00000023067;ENSMUSG00000038482;ENSMUSG00000000184;ENSMUSG00000003031;ENSMUSG00000040274;ENSMUSG00000034165;ENSMUSG00000031666	True	True
spleen	R-MMU-69239_SYNTHESIS_OF_DNA	-0.003587825301777778	5	1	4	-0.003587825301777778	5	1	4	0.00646656721785442	5.0	2.0	3.0	0.006466567217854419	5.0	2.0	3.0	1.3422849990992367	0.09861111111111111	0.2078175197378164	ENSMUSG00000017499;ENSMUSG00000002068;ENSMUSG00000002870;ENSMUSG00000007080;ENSMUSG00000024742;ENSMUSG00000029730;ENSMUSG00000001403;ENSMUSG00000006678;ENSMUSG00000022673;ENSMUSG00000056394;ENSMUSG00000027342;ENSMUSG00000038644;ENSMUSG00000027715;ENSMUSG00000028587;ENSMUSG00000041859;ENSMUSG00000005410	False	False
spleen	R-MMU-69242_S_PHASE	-0.06632693593833335	5	2	3	-0.06632693593833335	5	2	3	0.006810391343988328	5.0	3.0	2.0	0.006810391343988327	5.0	3.0	2.0	1.467027880773336	0.02425876010781671	0.11838237426595008	ENSMUSG00000017499;ENSMUSG00000027330;ENSMUSG00000002068;ENSMUSG00000040957;ENSMUSG00000023067;ENSMUSG00000002870;ENSMUSG00000007080;ENSMUSG00000024742;ENSMUSG00000029730;ENSMUSG00000022034;ENSMUSG00000024791;ENSMUSG00000001403;ENSMUSG00000006678;ENSMUSG00000022673;ENSMUSG00000056394;ENSMUSG00000027342;ENSMUSG00000038644;ENSMUSG00000027715;ENSMUSG00000003031;ENSMUSG00000031016;ENSMUSG00000028587;ENSMUSG00000041859;ENSMUSG00000005410	False	False
spleen	R-MMU-69273_CYCLIN_A_B1_B2_ASSOCIATED_EVENTS_DURING_G2_M_TRANSITION	-0.0004270408005111109	5	2	3	-0.0004270408005111109	5	2	3	0.026179184254096904	5.0	3.0	2.0	0.026179184254096904	5.0	3.0	2.0	1.5397147813431913	0.017467248908296942	0.07684712796407207	ENSMUSG00000019942;ENSMUSG00000046591;ENSMUSG00000023940;ENSMUSG00000027330;ENSMUSG00000047534;ENSMUSG00000044783;ENSMUSG00000044201;ENSMUSG00000041431;ENSMUSG00000032218;ENSMUSG00000027715;ENSMUSG00000001517;ENSMUSG00000031016	False	False
spleen	R-MMU-69275_G2_M_TRANSITION	-0.0010912538068444445	5	2	3	-0.0010912538068444445	5	2	3	0.008682526051021721	5.0	3.0	2.0	0.008682526051021721	5.0	3.0	2.0	1.29283984417329	0.09635416666666667	0.24957341550395	ENSMUSG00000019942;ENSMUSG00000046591;ENSMUSG00000023940;ENSMUSG00000027330;ENSMUSG00000047534;ENSMUSG00000026672;ENSMUSG00000022385;ENSMUSG00000002997;ENSMUSG00000023067;ENSMUSG00000044783;ENSMUSG00000027469;ENSMUSG00000025758;ENSMUSG00000020330;ENSMUSG00000026622;ENSMUSG00000044201;ENSMUSG00000040549;ENSMUSG00000041431;ENSMUSG00000032218;ENSMUSG00000016255;ENSMUSG00000027715;ENSMUSG00000001517;ENSMUSG00000031016;ENSMUSG00000036752;ENSMUSG00000027496	False	False
spleen	R-MMU-69278_CELL_CYCLE_MITOTIC	0.06377428202777753	5	3	2	0.06377428202777753	5	3	2	0.011653338620827604	5.0	3.0	2.0	0.011653338620827604	5.0	3.0	2.0	1.772412612700468	0.0	0.06959258701552452	ENSMUSG00000081058;ENSMUSG00000069308;ENSMUSG00000063954;ENSMUSG00000019942;ENSMUSG00000075031;ENSMUSG00000046591;ENSMUSG00000018983;ENSMUSG00000017499;ENSMUSG00000026605;ENSMUSG00000069306;ENSMUSG00000071516;ENSMUSG00000023940;ENSMUSG00000071478;ENSMUSG00000027330;ENSMUSG00000069301;ENSMUSG00000069303;ENSMUSG00000031756;ENSMUSG00000002068;ENSMUSG00000038252;ENSMUSG00000042029;ENSMUSG00000047534;ENSMUSG00000074403;ENSMUSG00000069300;ENSMUSG00000027490;ENSMUSG00000058290;ENSMUSG00000026672;ENSMUSG00000061615;ENSMUSG00000028063;ENSMUSG00000022385;ENSMUSG00000002997;ENSMUSG00000069309;ENSMUSG00000034906;ENSMUSG00000094248;ENSMUSG00000040957;ENSMUSG00000028312;ENSMUSG00000023067;ENSMUSG00000036223;ENSMUSG00000068101;ENSMUSG00000027115;ENSMUSG00000040084;ENSMUSG00000044783;ENSMUSG00000002870;ENSMUSG00000007080;ENSMUSG00000027469;ENSMUSG00000062727;ENSMUSG00000025758;ENSMUSG00000024742;ENSMUSG00000069266;ENSMUSG00000020330;ENSMUSG00000028678;ENSMUSG00000026622;ENSMUSG00000045328;ENSMUSG00000029730;ENSMUSG00000069267;ENSMUSG00000022034;ENSMUSG00000038482;ENSMUSG00000024791;ENSMUSG00000021714;ENSMUSG00000020897;ENSMUSG00000001403;ENSMUSG00000049932;ENSMUSG00000044201;ENSMUSG00000028896;ENSMUSG00000019773;ENSMUSG00000032254;ENSMUSG00000006398;ENSMUSG00000018102;ENSMUSG00000028614;ENSMUSG00000094777;ENSMUSG00000069272;ENSMUSG00000015880;ENSMUSG00000040549;ENSMUSG00000099517;ENSMUSG00000006678;ENSMUSG00000000184;ENSMUSG00000041431;ENSMUSG00000031262;ENSMUSG00000069307;ENSMUSG00000032218;ENSMUSG00000022673;ENSMUSG00000024660;ENSMUSG00000016255;ENSMUSG00000056394;ENSMUSG00000029414;ENSMUSG00000027342;ENSMUSG00000038644;ENSMUSG00000027715;ENSMUSG00000001517;ENSMUSG00000029910;ENSMUSG00000024056;ENSMUSG00000003031;ENSMUSG00000069274;ENSMUSG00000026779;ENSMUSG00000028873;ENSMUSG00000031016;ENSMUSG00000028587;ENSMUSG00000041859;ENSMUSG00000036752;ENSMUSG00000026039;ENSMUSG00000027496;ENSMUSG00000005410;ENSMUSG00000040274;ENSMUSG00000069310;ENSMUSG00000034165	True	True
spleen	R-MMU-69306_DNA_REPLICATION	-0.000563432962916666	5	3	2	-0.000563432962916666	5	3	2	0.00715880805606903	5.0	2.0	3.0	0.00715880805606903	5.0	2.0	3.0	1.2834310376040086	0.1325136612021858	0.2535479469843566	ENSMUSG00000017499;ENSMUSG00000002068;ENSMUSG00000002870;ENSMUSG00000007080;ENSMUSG00000024742;ENSMUSG00000029730;ENSMUSG00000001403;ENSMUSG00000006678;ENSMUSG00000022673;ENSMUSG00000056394;ENSMUSG00000027342;ENSMUSG00000038644;ENSMUSG00000027715;ENSMUSG00000028587;ENSMUSG00000041859;ENSMUSG00000005410	False	False
spleen	R-MMU-69473_G2_M_DNA_DAMAGE_CHECKPOINT	-0.0013608008935833333	5	3	2	-0.0013608008935833333	5	3	2	0.013704234862461358	5.0	3.0	2.0	0.013704234862461358	5.0	3.0	2.0	1.4931818052115153	0.022546419098143235	0.10294357993087971	ENSMUSG00000069308;ENSMUSG00000019942;ENSMUSG00000075031;ENSMUSG00000069306;ENSMUSG00000069303;ENSMUSG00000017146;ENSMUSG00000069300;ENSMUSG00000030528;ENSMUSG00000062727;ENSMUSG00000069266;ENSMUSG00000039748;ENSMUSG00000049932;ENSMUSG00000044201;ENSMUSG00000026196;ENSMUSG00000034218;ENSMUSG00000018102;ENSMUSG00000030451;ENSMUSG00000041431;ENSMUSG00000069307;ENSMUSG00000057406;ENSMUSG00000027715;ENSMUSG00000069274;ENSMUSG00000031016	False	False
spleen	R-MMU-69481_G2_M_CHECKPOINTS	-0.0002952240437133336	5	2	3	-0.0002952240437133336	5	2	3	0.01396935177205708	5.0	3.0	2.0	0.01396935177205708	5.0	3.0	2.0	1.5611587200696666	0.006402048655569782	0.07851795207740668	ENSMUSG00000069308;ENSMUSG00000019942;ENSMUSG00000075031;ENSMUSG00000017499;ENSMUSG00000069306;ENSMUSG00000042489;ENSMUSG00000069303;ENSMUSG00000017146;ENSMUSG00000069300;ENSMUSG00000030528;ENSMUSG00000022385;ENSMUSG00000002870;ENSMUSG00000062727;ENSMUSG00000069266;ENSMUSG00000029730;ENSMUSG00000039748;ENSMUSG00000049932;ENSMUSG00000044201;ENSMUSG00000026196;ENSMUSG00000034218;ENSMUSG00000018102;ENSMUSG00000030451;ENSMUSG00000041431;ENSMUSG00000069307;ENSMUSG00000032218;ENSMUSG00000057406;ENSMUSG00000022673;ENSMUSG00000027715;ENSMUSG00000069274;ENSMUSG00000031016;ENSMUSG00000028587;ENSMUSG00000041859;ENSMUSG00000005410	False	False
spleen	R-MMU-69618_MITOTIC_SPINDLE_CHECKPOINT	-0.001459479992027778	5	3	2	-0.001459479992027778	5	3	2	0.010460334173590987	5.0	3.0	2.0	0.010460334173590987	5.0	3.0	2.0	1.444007729353205	0.035182679296346414	0.13261256659998236	ENSMUSG00000026605;ENSMUSG00000023940;ENSMUSG00000031756;ENSMUSG00000036223;ENSMUSG00000068101;ENSMUSG00000027115;ENSMUSG00000040084;ENSMUSG00000028678;ENSMUSG00000045328;ENSMUSG00000021714;ENSMUSG00000020897;ENSMUSG00000001403;ENSMUSG00000006398;ENSMUSG00000040549;ENSMUSG00000031262;ENSMUSG00000024660;ENSMUSG00000029414;ENSMUSG00000029910;ENSMUSG00000024056;ENSMUSG00000028873;ENSMUSG00000026039	False	False
spleen	R-MMU-69620_CELL_CYCLE_CHECKPOINTS	-0.026319673302777825	5	2	3	-0.026319673302777825	5	2	3	0.012158403079021106	5.0	3.0	2.0	0.012158403079021106	5.0	3.0	2.0	1.751194619014455	0.0	0.06903160780984631	ENSMUSG00000069308;ENSMUSG00000019942;ENSMUSG00000075031;ENSMUSG00000017499;ENSMUSG00000026605;ENSMUSG00000069306;ENSMUSG00000023940;ENSMUSG00000042489;ENSMUSG00000069303;ENSMUSG00000031756;ENSMUSG00000002068;ENSMUSG00000017146;ENSMUSG00000069300;ENSMUSG00000030528;ENSMUSG00000022385;ENSMUSG00000023067;ENSMUSG00000036223;ENSMUSG00000068101;ENSMUSG00000027115;ENSMUSG00000040084;ENSMUSG00000002870;ENSMUSG00000062727;ENSMUSG00000069266;ENSMUSG00000028678;ENSMUSG00000045328;ENSMUSG00000029730;ENSMUSG00000039748;ENSMUSG00000021714;ENSMUSG00000020897;ENSMUSG00000001403;ENSMUSG00000049932;ENSMUSG00000044201;ENSMUSG00000026196;ENSMUSG00000034218;ENSMUSG00000006398;ENSMUSG00000018102;ENSMUSG00000030451;ENSMUSG00000040549;ENSMUSG00000041431;ENSMUSG00000028680;ENSMUSG00000031262;ENSMUSG00000069307;ENSMUSG00000032218;ENSMUSG00000057406;ENSMUSG00000022673;ENSMUSG00000024660;ENSMUSG00000029414;ENSMUSG00000027715;ENSMUSG00000029910;ENSMUSG00000024056;ENSMUSG00000003031;ENSMUSG00000069274;ENSMUSG00000028873;ENSMUSG00000031016;ENSMUSG00000028587;ENSMUSG00000041859;ENSMUSG00000026039;ENSMUSG00000005410;ENSMUSG00000054387	False	False
spleen	R-MMU-71291_METABOLISM_OF_AMINO_ACIDS_AND_DERIVATIVES	-0.04506129127777778	5	2	3	-0.04506129127777778	5	2	3	-0.0018727220784514852	5.0	3.0	2.0	-0.0018727220784514852	5.0	3.0	2.0	0.871486114509113	0.6684491978609626	0.7739259532148444	ENSMUSG00000029752;ENSMUSG00000020334;ENSMUSG00000040010;ENSMUSG00000003849;ENSMUSG00000028179;ENSMUSG00000011179;ENSMUSG00000048087;ENSMUSG00000017707;ENSMUSG00000009614;ENSMUSG00000021703;ENSMUSG00000027199	True	False
spleen	R-MMU-71387_METABOLISM_OF_CARBOHYDRATES_AND_CARBOHYDRATE_DERIVATIVES	-0.02346665761111124	5	2	3	-0.02346665761111124	5	2	3	0.0003741183405355744	5.0	3.0	2.0	0.0003741183405355744	5.0	3.0	2.0	1.0770243116833131	0.3530864197530864	0.5093689696385344	ENSMUSG00000031119;ENSMUSG00000041936;ENSMUSG00000031749;ENSMUSG00000034220;ENSMUSG00000021614;ENSMUSG00000040618;ENSMUSG00000035459;ENSMUSG00000013846;ENSMUSG00000030930;ENSMUSG00000020330;ENSMUSG00000020592;ENSMUSG00000032122;ENSMUSG00000053279;ENSMUSG00000034612;ENSMUSG00000022822;ENSMUSG00000054008;ENSMUSG00000028614;ENSMUSG00000033350;ENSMUSG00000027221	False	False
spleen	R-MMU-72312_RRNA_PROCESSING	-0.06117151235888889	5	1	4	-0.06117151235888889	5	1	4	-0.014548221915043713	5.0	2.0	3.0	-0.014548221915043713	5.0	2.0	3.0	-2.0289819307857835	0.0	0.0028464436952438726	ENSMUSG00000109941;ENSMUSG00000050621;ENSMUSG00000039001;ENSMUSG00000058443;ENSMUSG00000090733;ENSMUSG00000078193;ENSMUSG00000068240;ENSMUSG00000062997;ENSMUSG00000039221;ENSMUSG00000036781	True	True
spleen	R-MMU-72766_TRANSLATION	0.009572325812122223	5	3	2	0.009572325812122223	5	3	2	-0.01109712089830216	5.0	1.0	4.0	-0.01109712089830216	5.0	1.0	4.0	-2.5494564940250517	0.0	0.0	ENSMUSG00000064368;ENSMUSG00000064354;ENSMUSG00000064358;ENSMUSG00000064345;ENSMUSG00000050621;ENSMUSG00000064370;ENSMUSG00000064341;ENSMUSG00000064360;ENSMUSG00000064363;ENSMUSG00000039001;ENSMUSG00000058443;ENSMUSG00000090733;ENSMUSG00000078193;ENSMUSG00000068240;ENSMUSG00000064367;ENSMUSG00000064351;ENSMUSG00000062997;ENSMUSG00000039221;ENSMUSG00000036781	False	False
spleen	R-MMU-73857_RNA_POLYMERASE_II_TRANSCRIPTION	-0.06324319488888852	5	2	3	-0.06324319488888852	5	2	3	0.005947642613547735	5.0	3.0	2.0	0.005947642613547735	5.0	3.0	2.0	1.3964574911480752	0.01193058568329718	0.16328481824535504	ENSMUSG00000081058;ENSMUSG00000069308;ENSMUSG00000038146;ENSMUSG00000063954;ENSMUSG00000019942;ENSMUSG00000075031;ENSMUSG00000031162;ENSMUSG00000049577;ENSMUSG00000028717;ENSMUSG00000021701;ENSMUSG00000020185;ENSMUSG00000069306;ENSMUSG00000071516;ENSMUSG00000071478;ENSMUSG00000046179;ENSMUSG00000028278;ENSMUSG00000061436;ENSMUSG00000069301;ENSMUSG00000069303;ENSMUSG00000026923;ENSMUSG00000002068;ENSMUSG00000017146;ENSMUSG00000074403;ENSMUSG00000069300;ENSMUSG00000020108;ENSMUSG00000030528;ENSMUSG00000061615;ENSMUSG00000069309;ENSMUSG00000094248;ENSMUSG00000023067;ENSMUSG00000038384;ENSMUSG00000027469;ENSMUSG00000062727;ENSMUSG00000005893;ENSMUSG00000015846;ENSMUSG00000069266;ENSMUSG00000069267;ENSMUSG00000055320;ENSMUSG00000039748;ENSMUSG00000038482;ENSMUSG00000022360;ENSMUSG00000020897;ENSMUSG00000048154;ENSMUSG00000015709;ENSMUSG00000049932;ENSMUSG00000044201;ENSMUSG00000026603;ENSMUSG00000026196;ENSMUSG00000034218;ENSMUSG00000018102;ENSMUSG00000062175;ENSMUSG00000094777;ENSMUSG00000069272;ENSMUSG00000078903;ENSMUSG00000099517;ENSMUSG00000000184;ENSMUSG00000032402;ENSMUSG00000041431;ENSMUSG00000038332;ENSMUSG00000021377;ENSMUSG00000028680;ENSMUSG00000025151;ENSMUSG00000002028;ENSMUSG00000029478;ENSMUSG00000018474;ENSMUSG00000069307;ENSMUSG00000032238;ENSMUSG00000021690;ENSMUSG00000030530;ENSMUSG00000047789;ENSMUSG00000026389;ENSMUSG00000022475;ENSMUSG00000027342;ENSMUSG00000089715;ENSMUSG00000027715;ENSMUSG00000042207;ENSMUSG00000028150;ENSMUSG00000029050;ENSMUSG00000003031;ENSMUSG00000069274;ENSMUSG00000024985;ENSMUSG00000025507;ENSMUSG00000020423;ENSMUSG00000024298;ENSMUSG00000027496;ENSMUSG00000054387;ENSMUSG00000040274;ENSMUSG00000026826;ENSMUSG00000069310;ENSMUSG00000034165;ENSMUSG00000039989;ENSMUSG00000039910;ENSMUSG00000070691;ENSMUSG00000026565;ENSMUSG00000015053;ENSMUSG00000001542;ENSMUSG00000060093	False	False
spleen	R-MMU-73884_BASE_EXCISION_REPAIR	0.058945248218666625	5	2	3	0.058945248218666625	5	2	3	0.008217445721929343	5.0	3.0	2.0	0.008217445721929343	5.0	3.0	2.0	1.4594107666576999	0.04325032765399738	0.12202336573881938	ENSMUSG00000069308;ENSMUSG00000063954;ENSMUSG00000075031;ENSMUSG00000069306;ENSMUSG00000071516;ENSMUSG00000071478;ENSMUSG00000069301;ENSMUSG00000069303;ENSMUSG00000069300;ENSMUSG00000061615;ENSMUSG00000069309;ENSMUSG00000094248;ENSMUSG00000007080;ENSMUSG00000062727;ENSMUSG00000024742;ENSMUSG00000069266;ENSMUSG00000049932;ENSMUSG00000018102;ENSMUSG00000094777;ENSMUSG00000069272	True	True
spleen	R-MMU-73886_CHROMOSOME_MAINTENANCE	0.0008216268318315548	5	2	3	0.0008216268318315548	5	2	3	0.008582468589906647	5.0	3.0	2.0	0.008582468589906647	5.0	3.0	2.0	1.6708112336972822	0.007371007371007371	0.0667565254757069	ENSMUSG00000069308;ENSMUSG00000063954;ENSMUSG00000075031;ENSMUSG00000069306;ENSMUSG00000071516;ENSMUSG00000071478;ENSMUSG00000069301;ENSMUSG00000069303;ENSMUSG00000031756;ENSMUSG00000047534;ENSMUSG00000069300;ENSMUSG00000041064;ENSMUSG00000030528;ENSMUSG00000061615;ENSMUSG00000069309;ENSMUSG00000094248;ENSMUSG00000068101;ENSMUSG00000044783;ENSMUSG00000062727;ENSMUSG00000024742;ENSMUSG00000069266;ENSMUSG00000021714;ENSMUSG00000049932;ENSMUSG00000018102;ENSMUSG00000094777;ENSMUSG00000069272;ENSMUSG00000006678;ENSMUSG00000031262;ENSMUSG00000069307;ENSMUSG00000056394;ENSMUSG00000027342;ENSMUSG00000046691;ENSMUSG00000038644;ENSMUSG00000027715	True	True
spleen	R-MMU-73887_DEATH_RECEPTOR_SIGNALING	0.07531271916694446	5	5	0	0.07531271916694446	5	5	0	0.0035243692880078392	5.0	3.0	2.0	0.0035243692880078392	5.0	3.0	2.0	1.223387576003998	0.2	0.3155261988428664	ENSMUSG00000061462;ENSMUSG00000059495;ENSMUSG00000013921;ENSMUSG00000026672;ENSMUSG00000022263;ENSMUSG00000041977;ENSMUSG00000000120;ENSMUSG00000029060;ENSMUSG00000027699;ENSMUSG00000039304;ENSMUSG00000009621;ENSMUSG00000027381;ENSMUSG00000066406;ENSMUSG00000039621;ENSMUSG00000017631	True	True
spleen	R-MMU-73894_DNA_REPAIR	0.03166988675972223	5	3	2	0.031669886759722224	5	3	2	0.00974994827855507	5.0	3.0	2.0	0.00974994827855507	5.0	3.0	2.0	1.6373649992471495	0.001215066828675577	0.06864472559903376	ENSMUSG00000069308;ENSMUSG00000063954;ENSMUSG00000075031;ENSMUSG00000069306;ENSMUSG00000071516;ENSMUSG00000071478;ENSMUSG00000042489;ENSMUSG00000069301;ENSMUSG00000069303;ENSMUSG00000017146;ENSMUSG00000041147;ENSMUSG00000027323;ENSMUSG00000017897;ENSMUSG00000069300;ENSMUSG00000030528;ENSMUSG00000061615;ENSMUSG00000069309;ENSMUSG00000094248;ENSMUSG00000035455;ENSMUSG00000007080;ENSMUSG00000062727;ENSMUSG00000018362;ENSMUSG00000024742;ENSMUSG00000039994;ENSMUSG00000069266;ENSMUSG00000032596;ENSMUSG00000039748;ENSMUSG00000049932;ENSMUSG00000030346;ENSMUSG00000026196;ENSMUSG00000034218;ENSMUSG00000018102;ENSMUSG00000030451;ENSMUSG00000094777;ENSMUSG00000069272;ENSMUSG00000039187;ENSMUSG00000069307;ENSMUSG00000034206;ENSMUSG00000057406;ENSMUSG00000056394;ENSMUSG00000027342;ENSMUSG00000038644;ENSMUSG00000066878;ENSMUSG00000027715	True	True
spleen	R-MMU-73927_DEPURINATION	0.0007753454650586668	5	3	2	0.0007753454650586668	5	3	2	0.010828524261815967	5.0	3.0	2.0	0.010828524261815967	5.0	3.0	2.0	1.542306364855825	0.029411764705882353	0.07604384788082391	ENSMUSG00000069308;ENSMUSG00000063954;ENSMUSG00000075031;ENSMUSG00000069306;ENSMUSG00000071516;ENSMUSG00000071478;ENSMUSG00000069301;ENSMUSG00000069303;ENSMUSG00000069300;ENSMUSG00000061615;ENSMUSG00000069309;ENSMUSG00000094248;ENSMUSG00000062727;ENSMUSG00000069266;ENSMUSG00000049932;ENSMUSG00000018102;ENSMUSG00000094777;ENSMUSG00000069272	True	True
spleen	R-MMU-73929_BASE_EXCISION_REPAIR_AP_SITE_FORMATION	-0.0003803311275000003	5	2	3	-0.0003803311275000002	5	2	3	0.010828524261815967	5.0	3.0	2.0	0.010828524261815967	5.0	3.0	2.0	1.542306364855825	0.029411764705882353	0.07604384788082391	ENSMUSG00000069308;ENSMUSG00000063954;ENSMUSG00000075031;ENSMUSG00000069306;ENSMUSG00000071516;ENSMUSG00000071478;ENSMUSG00000069301;ENSMUSG00000069303;ENSMUSG00000069300;ENSMUSG00000061615;ENSMUSG00000069309;ENSMUSG00000094248;ENSMUSG00000062727;ENSMUSG00000069266;ENSMUSG00000049932;ENSMUSG00000018102;ENSMUSG00000094777;ENSMUSG00000069272	False	False
spleen	R-MMU-74160_GENE_EXPRESSION_TRANSCRIPTION	-0.01266480455555552	5	1	4	-0.01266480455555552	5	1	4	0.0055215772270034175	5.0	3.0	2.0	0.0055215772270034175	5.0	3.0	2.0	1.4082114290666996	0.004305705059203444	0.15428093221998476	ENSMUSG00000081058;ENSMUSG00000069308;ENSMUSG00000038146;ENSMUSG00000063954;ENSMUSG00000019942;ENSMUSG00000075031;ENSMUSG00000031162;ENSMUSG00000049577;ENSMUSG00000028717;ENSMUSG00000021701;ENSMUSG00000020185;ENSMUSG00000069306;ENSMUSG00000071516;ENSMUSG00000071478;ENSMUSG00000046179;ENSMUSG00000028278;ENSMUSG00000061436;ENSMUSG00000069301;ENSMUSG00000069303;ENSMUSG00000026923;ENSMUSG00000002068;ENSMUSG00000107068;ENSMUSG00000017146;ENSMUSG00000074403;ENSMUSG00000069300;ENSMUSG00000020108;ENSMUSG00000030528;ENSMUSG00000061615;ENSMUSG00000069309;ENSMUSG00000094248;ENSMUSG00000023067;ENSMUSG00000038384;ENSMUSG00000027469;ENSMUSG00000062727;ENSMUSG00000005893;ENSMUSG00000015846;ENSMUSG00000069266;ENSMUSG00000069267;ENSMUSG00000055320;ENSMUSG00000039748;ENSMUSG00000038482;ENSMUSG00000022360;ENSMUSG00000026873;ENSMUSG00000020897;ENSMUSG00000048154;ENSMUSG00000015709;ENSMUSG00000049932;ENSMUSG00000004044;ENSMUSG00000044201;ENSMUSG00000026603;ENSMUSG00000026196;ENSMUSG00000034218;ENSMUSG00000004099;ENSMUSG00000018102;ENSMUSG00000062175;ENSMUSG00000094777;ENSMUSG00000069272;ENSMUSG00000078903;ENSMUSG00000047888;ENSMUSG00000099517;ENSMUSG00000000184;ENSMUSG00000032402;ENSMUSG00000041431;ENSMUSG00000038332;ENSMUSG00000021377;ENSMUSG00000028680;ENSMUSG00000025151;ENSMUSG00000002028;ENSMUSG00000029478;ENSMUSG00000018474;ENSMUSG00000069307;ENSMUSG00000032238;ENSMUSG00000028842;ENSMUSG00000021690;ENSMUSG00000030530;ENSMUSG00000047789;ENSMUSG00000026389;ENSMUSG00000022475;ENSMUSG00000027342;ENSMUSG00000089715;ENSMUSG00000027715;ENSMUSG00000027395;ENSMUSG00000042207;ENSMUSG00000028150;ENSMUSG00000029050;ENSMUSG00000003031;ENSMUSG00000069274;ENSMUSG00000040463;ENSMUSG00000024985;ENSMUSG00000025507;ENSMUSG00000020423;ENSMUSG00000024298;ENSMUSG00000002625;ENSMUSG00000027496;ENSMUSG00000054387;ENSMUSG00000040274;ENSMUSG00000026826;ENSMUSG00000069310;ENSMUSG00000034165;ENSMUSG00000030213;ENSMUSG00000039989;ENSMUSG00000039910;ENSMUSG00000070691;ENSMUSG00000026565;ENSMUSG00000015053;ENSMUSG00000001542;ENSMUSG00000060093	False	False
spleen	R-MMU-74752_SIGNALING_BY_INSULIN_RECEPTOR	-0.006576477817422223	5	1	4	-0.006576477817422223	5	1	4	0.012602513496620327	5.0	4.0	1.0	0.012602513496620327	5.0	4.0	1.0	1.5600061825654141	0.024079320113314446	0.07795407879671093	ENSMUSG00000031714;ENSMUSG00000020176;ENSMUSG00000045322;ENSMUSG00000041417;ENSMUSG00000038894;ENSMUSG00000033295;ENSMUSG00000032715;ENSMUSG00000005534;ENSMUSG00000110206;ENSMUSG00000056999	False	False
spleen	R-MMU-75153_APOPTOTIC_EXECUTION_PHASE	0.0003135437855638887	5	3	2	0.0003135437855638887	5	3	2	0.0057240771596651	5.0	2.0	3.0	0.0057240771596651	5.0	2.0	3.0	1.1893721289516932	0.24787535410764872	0.34719643195875294	ENSMUSG00000042489;ENSMUSG00000030516;ENSMUSG00000024812;ENSMUSG00000028063;ENSMUSG00000022565;ENSMUSG00000054889;ENSMUSG00000096210;ENSMUSG00000026879	True	True
spleen	R-MMU-76002_PLATELET_ACTIVATION_SIGNALING_AND_AGGREGATION	-0.12461804974999993	5	0	5	-0.12461804974999993	5	0	5	-0.0010807759487259983	5.0	2.0	3.0	-0.0010807759487259983	5.0	2.0	3.0	0.9432225544755029	0.5931603773584906	0.6843857264955792	ENSMUSG00000033174;ENSMUSG00000035735;ENSMUSG00000023951;ENSMUSG00000022469;ENSMUSG00000037411;ENSMUSG00000018909;ENSMUSG00000021823;ENSMUSG00000048376;ENSMUSG00000045312;ENSMUSG00000054364;ENSMUSG00000042644;ENSMUSG00000034731;ENSMUSG00000041417;ENSMUSG00000029108;ENSMUSG00000002944;ENSMUSG00000026193	True	False
spleen	R-MMU-76005_RESPONSE_TO_ELEVATED_PLATELET_CYTOSOLIC_CA2	-0.02636281069444455	5	3	2	-0.02636281069444455	5	3	2	-0.0026594201359610103	5.0	2.0	3.0	-0.0026594201359610103	5.0	2.0	3.0	0.5631289654743773	0.9883570504527813	0.9870529487419466	ENSMUSG00000023951;ENSMUSG00000037411;ENSMUSG00000021823;ENSMUSG00000045312;ENSMUSG00000029108;ENSMUSG00000002944;ENSMUSG00000026193;ENSMUSG00000037419;ENSMUSG00000022892;ENSMUSG00000062866	True	False
spleen	R-MMU-774815_NUCLEOSOME_ASSEMBLY	0.0031873945461611116	5	4	1	0.0031873945461611116	5	4	1	0.0110440595185839	5.0	3.0	2.0	0.0110440595185839	5.0	3.0	2.0	1.7340035338031716	0.0038412291933418692	0.055729600887325134	ENSMUSG00000069308;ENSMUSG00000063954;ENSMUSG00000075031;ENSMUSG00000069306;ENSMUSG00000071516;ENSMUSG00000071478;ENSMUSG00000069301;ENSMUSG00000069303;ENSMUSG00000031756;ENSMUSG00000047534;ENSMUSG00000069300;ENSMUSG00000061615;ENSMUSG00000069309;ENSMUSG00000094248;ENSMUSG00000068101;ENSMUSG00000044783;ENSMUSG00000062727;ENSMUSG00000069266;ENSMUSG00000021714;ENSMUSG00000049932;ENSMUSG00000018102;ENSMUSG00000094777;ENSMUSG00000069272	True	True
spleen	R-MMU-8852135_PROTEIN_UBIQUITINATION	-0.0005086650094999995	5	3	2	-0.0005086650094999995	5	3	2	0.0040455057527749375	5.0	2.0	3.0	0.0040455057527749375	5.0	2.0	3.0	1.3308189439175087	0.12357954545454546	0.21428749540877562	ENSMUSG00000069308;ENSMUSG00000075031;ENSMUSG00000069303;ENSMUSG00000069300;ENSMUSG00000062727;ENSMUSG00000001403;ENSMUSG00000018102;ENSMUSG00000069307;ENSMUSG00000027342;ENSMUSG00000039159	False	False
spleen	R-MMU-8852276_THE_ROLE_OF_GTSE1_IN_G2_M_PROGRESSION_AFTER_G2_CHECKPOINT	0.0003134473149930552	5	2	3	0.0003134473149930552	5	2	3	-0.003497018057728912	5.0	2.0	3.0	-0.003497018057728912	5.0	2.0	3.0	-0.7441001291457807	0.8253424657534246	0.9475988964197803	ENSMUSG00000045136;ENSMUSG00000072235;ENSMUSG00000001473;ENSMUSG00000068240	False	False
spleen	R-MMU-8854518_AURKA_ACTIVATION_BY_TPX2	0.00018398155248611076	5	3	2	0.00018398155248611076	5	3	2	0.008286896513586528	5.0	3.0	2.0	0.008286896513586528	5.0	3.0	2.0	1.1931527448702455	0.24324324324324326	0.34657247379859113	ENSMUSG00000019942;ENSMUSG00000002997;ENSMUSG00000027469;ENSMUSG00000025758;ENSMUSG00000020330;ENSMUSG00000026622	True	True
spleen	R-MMU-8856688_GOLGI_TO_ER_RETROGRADE_TRANSPORT	-0.0013929070984222218	5	3	2	-0.0013929070984222218	5	3	2	0.005075878935572366	5.0	3.0	2.0	0.005075878935572366	5.0	3.0	2.0	1.0184098364366843	0.4505347593582888	0.5847084330177073	ENSMUSG00000051378;ENSMUSG00000012443;ENSMUSG00000079553;ENSMUSG00000030677;ENSMUSG00000034311;ENSMUSG00000027115;ENSMUSG00000028678;ENSMUSG00000045328;ENSMUSG00000032254;ENSMUSG00000060012;ENSMUSG00000023015;ENSMUSG00000063077;ENSMUSG00000016255;ENSMUSG00000024795;ENSMUSG00000041642	False	False
spleen	R-MMU-8856825_CARGO_RECOGNITION_FOR_CLATHRIN_MEDIATED_ENDOCYTOSIS	0.012552336646499995	5	4	1	0.012552336646499995	5	4	1	0.0021666548802180526	5.0	2.0	3.0	0.0021666548802180526	5.0	2.0	3.0	1.2535044111890907	0.20502092050209206	0.28371455576063637	ENSMUSG00000033855;ENSMUSG00000018909;ENSMUSG00000020961;ENSMUSG00000022797;ENSMUSG00000022150;ENSMUSG00000035864;ENSMUSG00000037295	True	True
spleen	R-MMU-8856828_CLATHRIN_MEDIATED_ENDOCYTOSIS	-0.011995977852777806	5	2	3	-0.011995977852777806	5	2	3	0.001233657427961471	5.0	2.0	3.0	0.001233657427961471	5.0	2.0	3.0	1.2724479162148439	0.15122615803814715	0.262293738860055	ENSMUSG00000033855;ENSMUSG00000018909;ENSMUSG00000020961;ENSMUSG00000022797;ENSMUSG00000022150;ENSMUSG00000035864;ENSMUSG00000039959;ENSMUSG00000037295	False	False
spleen	R-MMU-8866654_E3_UBIQUITIN_LIGASES_UBIQUITINATE_TARGET_PROTEINS	-0.00107328035589	5	1	4	-0.00107328035589	5	1	4	0.0036064977667405436	5.0	2.0	3.0	0.0036064977667405436	5.0	2.0	3.0	1.3419485092043961	0.1274787535410765	0.20672229817576823	ENSMUSG00000069308;ENSMUSG00000075031;ENSMUSG00000069303;ENSMUSG00000069300;ENSMUSG00000062727	False	False
spleen	R-MMU-8868773_RRNA_PROCESSING_IN_THE_NUCLEUS_AND_CYTOSOL	0.0023718731564977814	5	4	1	0.0023718731564977814	5	4	1	-0.014548221915043713	5.0	2.0	3.0	-0.014548221915043713	5.0	2.0	3.0	-2.0289819307857835	0.0	0.0028464436952438726	ENSMUSG00000109941;ENSMUSG00000050621;ENSMUSG00000039001;ENSMUSG00000058443;ENSMUSG00000090733;ENSMUSG00000078193;ENSMUSG00000068240;ENSMUSG00000062997;ENSMUSG00000039221;ENSMUSG00000036781	False	False
spleen	R-MMU-8875878_MET_PROMOTES_CELL_MOTILITY	-0.0005862851366524998	5	2	3	-0.0005862851366524998	5	2	3	0.011325062553114888	5.0	4.0	1.0	0.011325062553114888	5.0	4.0	1.0	1.6280320418490923	0.008595988538681949	0.06373347086732989	ENSMUSG00000031714;ENSMUSG00000004098;ENSMUSG00000026042;ENSMUSG00000026837;ENSMUSG00000020422;ENSMUSG00000026193;ENSMUSG00000024330;ENSMUSG00000028556	False	False
spleen	R-MMU-8876198_RAB_GEFS_EXCHANGE_GTP_FOR_GDP_ON_RABS	0.03272458966361114	5	4	1	0.03272458966361114	5	4	1	-0.002136492996096562	5.0	1.0	4.0	-0.002136492996096562	5.0	1.0	4.0	0.9427933693769002	0.5594202898550724	0.6824594553703388	ENSMUSG00000024663;ENSMUSG00000001768;ENSMUSG00000038371	False	True
spleen	R-MMU-8878171_TRANSCRIPTIONAL_REGULATION_BY_RUNX1	0.027959017521944424	5	2	3	0.027959017521944424	5	2	3	0.010667503284362943	5.0	3.0	2.0	0.010667503284362943	5.0	3.0	2.0	1.5487554509823187	0.009925558312655087	0.08075386146254868	ENSMUSG00000081058;ENSMUSG00000069308;ENSMUSG00000063954;ENSMUSG00000075031;ENSMUSG00000031162;ENSMUSG00000049577;ENSMUSG00000028717;ENSMUSG00000069306;ENSMUSG00000071516;ENSMUSG00000071478;ENSMUSG00000061436;ENSMUSG00000069301;ENSMUSG00000069303;ENSMUSG00000074403;ENSMUSG00000069300;ENSMUSG00000061615;ENSMUSG00000069309;ENSMUSG00000094248;ENSMUSG00000038384;ENSMUSG00000062727;ENSMUSG00000069266;ENSMUSG00000069267;ENSMUSG00000048154;ENSMUSG00000049932	True	True
spleen	R-MMU-8936459_RUNX1_REGULATES_GENES_INVOLVED_IN_MEGAKARYOCYTE_DIFFERENTIATION_AND_PLATELET_FUNCTION	0.00899767543944445	5	2	3	0.00899767543944445	5	2	3	0.01529705320190634	5.0	3.0	2.0	0.01529705320190634	5.0	3.0	2.0	1.6895674835237018	0.0038363171355498722	0.05750902566852383	ENSMUSG00000081058;ENSMUSG00000069308;ENSMUSG00000063954;ENSMUSG00000075031;ENSMUSG00000031162;ENSMUSG00000049577;ENSMUSG00000069306;ENSMUSG00000071516;ENSMUSG00000071478;ENSMUSG00000069301;ENSMUSG00000069303;ENSMUSG00000074403;ENSMUSG00000069300;ENSMUSG00000061615;ENSMUSG00000069309;ENSMUSG00000094248;ENSMUSG00000038384;ENSMUSG00000062727;ENSMUSG00000069266;ENSMUSG00000069267;ENSMUSG00000048154;ENSMUSG00000049932;ENSMUSG00000018102;ENSMUSG00000094777;ENSMUSG00000069272	True	True
spleen	R-MMU-8939211_ESR_MEDIATED_SIGNALING	0.009054994294444474	5	3	2	0.009054994294444474	5	3	2	0.00675602253565122	5.0	4.0	1.0	0.00675602253565122	5.0	4.0	1.0	1.3120413264736848	0.0977542932628798	0.22815364684206507	ENSMUSG00000081058;ENSMUSG00000069308;ENSMUSG00000075031;ENSMUSG00000069306;ENSMUSG00000069303;ENSMUSG00000024222;ENSMUSG00000074403;ENSMUSG00000069300;ENSMUSG00000005533;ENSMUSG00000041417;ENSMUSG00000062727;ENSMUSG00000069266;ENSMUSG00000069267	True	True
spleen	R-MMU-8951664_NEDDYLATION	0.052604415538111106	5	4	1	0.052604415538111106	5	4	1	-0.0032266525336724665	5.0	1.0	4.0	-0.0032266525336724665	5.0	1.0	4.0	0.6791793342582819	0.8741159830268741	0.9475998194866294	ENSMUSG00000072082;ENSMUSG00000024140;ENSMUSG00000032578	False	True
spleen	R-MMU-8953854_METABOLISM_OF_RNA	-0.0072746928333333296	5	2	3	-0.0072746928333333296	5	2	3	-0.008368360478041143	5.0	2.0	3.0	-0.008368360478041143	5.0	2.0	3.0	-1.012266629009914	0.4641350210970464	0.6640059776514087	ENSMUSG00000109941;ENSMUSG00000050621;ENSMUSG00000039001;ENSMUSG00000058443;ENSMUSG00000090733;ENSMUSG00000078193;ENSMUSG00000068240;ENSMUSG00000033036;ENSMUSG00000062997;ENSMUSG00000002477;ENSMUSG00000039221;ENSMUSG00000036781;ENSMUSG00000089669	True	True
spleen	R-MMU-8953897_CELLULAR_RESPONSES_TO_STIMULI	0.05007459400000016	5	4	1	0.05007459400000016	5	4	1	-1.4606080212659078e-05	5.0	2.0	3.0	-1.4606080212659078e-05	5.0	2.0	3.0	1.0522879113948533	0.35665914221218964	0.5416594742892401	ENSMUSG00000091971;ENSMUSG00000069308;ENSMUSG00000063954;ENSMUSG00000075031;ENSMUSG00000090877;ENSMUSG00000109061;ENSMUSG00000069306;ENSMUSG00000071516;ENSMUSG00000071478;ENSMUSG00000028278;ENSMUSG00000021823;ENSMUSG00000069301;ENSMUSG00000069303;ENSMUSG00000024222;ENSMUSG00000002068;ENSMUSG00000069300;ENSMUSG00000021250;ENSMUSG00000020715;ENSMUSG00000061615;ENSMUSG00000002997;ENSMUSG00000069309;ENSMUSG00000094248;ENSMUSG00000032285;ENSMUSG00000023067;ENSMUSG00000024140;ENSMUSG00000021699;ENSMUSG00000018932;ENSMUSG00000032802;ENSMUSG00000062727;ENSMUSG00000015846;ENSMUSG00000069266;ENSMUSG00000026193;ENSMUSG00000001403;ENSMUSG00000049932;ENSMUSG00000052684;ENSMUSG00000034218;ENSMUSG00000018476;ENSMUSG00000018102;ENSMUSG00000027580;ENSMUSG00000028614;ENSMUSG00000022895;ENSMUSG00000094777;ENSMUSG00000069272;ENSMUSG00000040466;ENSMUSG00000059588;ENSMUSG00000096210;ENSMUSG00000025757;ENSMUSG00000038332;ENSMUSG00000033253;ENSMUSG00000005483;ENSMUSG00000029478;ENSMUSG00000069307;ENSMUSG00000001240	False	True
spleen	R-MMU-8957275_POST_TRANSLATIONAL_PROTEIN_PHOSPHORYLATION	0.06527177483333321	5	3	2	0.06527177483333321	5	3	2	0.004726524596003012	5.0	5.0	0.0	0.004726524596003012	5.0	5.0	0.0	1.0064658528838526	0.4974160206718346	0.5889675663565681	ENSMUSG00000027204;ENSMUSG00000068252;ENSMUSG00000020614;ENSMUSG00000073418;ENSMUSG00000021614;ENSMUSG00000026185;ENSMUSG00000028195;ENSMUSG00000014599;ENSMUSG00000024164;ENSMUSG00000026193;ENSMUSG00000017493;ENSMUSG00000056656;ENSMUSG00000022892;ENSMUSG00000002985	True	True
spleen	R-MMU-8957322_METABOLISM_OF_STEROIDS	-0.015920474249999938	5	2	3	-0.015920474249999938	5	2	3	-0.01138695665030437	5.0	1.0	4.0	-0.01138695665030437	5.0	1.0	4.0	-0.7620802517635393	0.8303886925795053	0.9411766078323864	ENSMUSG00000001467;ENSMUSG00000016194;ENSMUSG00000052131;ENSMUSG00000022479;ENSMUSG00000034156;ENSMUSG00000058258;ENSMUSG00000033105;ENSMUSG00000029430;ENSMUSG00000021214	True	True
spleen	R-MMU-8978868_FATTY_ACID_METABOLISM	0.07668948601586668	5	5	0	0.07668948601586668	5	5	0	-0.002301270335508977	5.0	3.0	2.0	-0.002301270335508977	5.0	3.0	2.0	0.7694275838418739	0.8183079056865464	0.8750574384572967	ENSMUSG00000006345;ENSMUSG00000024087;ENSMUSG00000024665;ENSMUSG00000032487;ENSMUSG00000024900;ENSMUSG00000015846;ENSMUSG00000006344;ENSMUSG00000018924;ENSMUSG00000034171;ENSMUSG00000037071;ENSMUSG00000025153;ENSMUSG00000020333;ENSMUSG00000029919	False	True
spleen	R-MMU-8980692_RHOA_GTPASE_CYCLE	0.06085883396944443	5	3	2	0.06085883396944443	5	3	2	0.010672742250428208	5.0	4.0	1.0	0.010672742250428208	5.0	4.0	1.0	1.6333169823254172	0.0012594458438287153	0.06561801038640513	ENSMUSG00000053199;ENSMUSG00000061462;ENSMUSG00000059495;ENSMUSG00000025154;ENSMUSG00000025555;ENSMUSG00000026880;ENSMUSG00000041219;ENSMUSG00000021697;ENSMUSG00000022797;ENSMUSG00000024812;ENSMUSG00000022799;ENSMUSG00000032135;ENSMUSG00000022263;ENSMUSG00000041417;ENSMUSG00000029108;ENSMUSG00000041977;ENSMUSG00000024451;ENSMUSG00000004044;ENSMUSG00000027699;ENSMUSG00000039831;ENSMUSG00000052609;ENSMUSG00000023015;ENSMUSG00000009621;ENSMUSG00000066406;ENSMUSG00000039621;ENSMUSG00000017631	True	True
spleen	R-MMU-9006925_INTRACELLULAR_SIGNALING_BY_SECOND_MESSENGERS	-0.08569329341666662	5	3	2	-0.08569329341666662	5	3	2	0.0007035483065379489	5.0	3.0	2.0	0.0007035483065379489	5.0	3.0	2.0	1.103119160781077	0.3058064516129032	0.4762314971808164	ENSMUSG00000031714;ENSMUSG00000022994;ENSMUSG00000028278;ENSMUSG00000024620;ENSMUSG00000002997;ENSMUSG00000023067;ENSMUSG00000041417;ENSMUSG00000038894;ENSMUSG00000032216;ENSMUSG00000026069;ENSMUSG00000032715;ENSMUSG00000044340;ENSMUSG00000005534;ENSMUSG00000110206;ENSMUSG00000031659;ENSMUSG00000019966;ENSMUSG00000018474;ENSMUSG00000047789;ENSMUSG00000089715;ENSMUSG00000022489;ENSMUSG00000003031	False	False
spleen	R-MMU-9006931_SIGNALING_BY_NUCLEAR_RECEPTORS	-0.04806463926388889	5	0	5	-0.04806463926388889	5	0	5	0.005240346840766313	5.0	4.0	1.0	0.005240346840766313	5.0	4.0	1.0	1.2894541956974657	0.10266159695817491	0.25298176975701847	ENSMUSG00000081058;ENSMUSG00000069308;ENSMUSG00000075031;ENSMUSG00000069306;ENSMUSG00000069303;ENSMUSG00000024222;ENSMUSG00000074403;ENSMUSG00000069300;ENSMUSG00000074207;ENSMUSG00000005533;ENSMUSG00000041417;ENSMUSG00000015243;ENSMUSG00000062727;ENSMUSG00000015846;ENSMUSG00000069266;ENSMUSG00000069267;ENSMUSG00000053279;ENSMUSG00000048490;ENSMUSG00000018102	False	False
spleen	R-MMU-9006934_SIGNALING_BY_RECEPTOR_TYROSINE_KINASES	0.05406387930555555	5	4	1	0.05406387930555555	5	4	1	0.003232913342345341	5.0	4.0	1.0	0.003232913342345341	5.0	4.0	1.0	1.5796221221362026	0.0011560693641618498	0.08173674796807685	ENSMUSG00000031714;ENSMUSG00000020176;ENSMUSG00000019889;ENSMUSG00000004098;ENSMUSG00000023951;ENSMUSG00000026042;ENSMUSG00000058325;ENSMUSG00000024620;ENSMUSG00000026837;ENSMUSG00000030029;ENSMUSG00000031503;ENSMUSG00000020422;ENSMUSG00000034101;ENSMUSG00000029287;ENSMUSG00000027654;ENSMUSG00000045322;ENSMUSG00000022791;ENSMUSG00000031502;ENSMUSG00000005533;ENSMUSG00000062960;ENSMUSG00000048126;ENSMUSG00000025810;ENSMUSG00000041417;ENSMUSG00000038894;ENSMUSG00000001249;ENSMUSG00000026193;ENSMUSG00000033295;ENSMUSG00000038764;ENSMUSG00000032216;ENSMUSG00000032715;ENSMUSG00000024330;ENSMUSG00000025969;ENSMUSG00000005534;ENSMUSG00000022610;ENSMUSG00000110206;ENSMUSG00000002602;ENSMUSG00000056999;ENSMUSG00000028556;ENSMUSG00000009621;ENSMUSG00000004933;ENSMUSG00000016933	True	True
spleen	R-MMU-9006936_SIGNALING_BY_TGFB_FAMILY_MEMBERS	-0.03988466454166665	5	2	3	-0.03988466454166665	5	2	3	0.006538305073881051	5.0	4.0	1.0	0.006538305073881051	5.0	4.0	1.0	1.463645198313523	0.04728789986091794	0.1206317784331513	ENSMUSG00000027204;ENSMUSG00000026768;ENSMUSG00000027358;ENSMUSG00000018909;ENSMUSG00000029287;ENSMUSG00000000530;ENSMUSG00000038400;ENSMUSG00000038482;ENSMUSG00000017466;ENSMUSG00000025321;ENSMUSG00000062175;ENSMUSG00000032402;ENSMUSG00000029478;ENSMUSG00000030530	False	False
spleen	R-MMU-9007101_RAB_REGULATION_OF_TRAFFICKING	-0.0374986393338889	5	1	4	-0.0374986393338889	5	1	4	-0.0008089873763742622	5.0	2.0	3.0	-0.0008089873763742622	5.0	2.0	3.0	0.9897504828662865	0.4908835904628331	0.6092740124227424	ENSMUSG00000024663;ENSMUSG00000001768;ENSMUSG00000038371;ENSMUSG00000026672	True	False
spleen	R-MMU-9012999_RHO_GTPASE_CYCLE	0.014094580183333327	5	4	1	0.014094580183333327	5	4	1	0.004708672357548066	5.0	4.0	1.0	0.004708672357548066	5.0	4.0	1.0	1.6320614077555338	0.0	0.06429067243525942	ENSMUSG00000021782;ENSMUSG00000053199;ENSMUSG00000061462;ENSMUSG00000059495;ENSMUSG00000041498;ENSMUSG00000025154;ENSMUSG00000025555;ENSMUSG00000026880;ENSMUSG00000073433;ENSMUSG00000058325;ENSMUSG00000030084;ENSMUSG00000038587;ENSMUSG00000041219;ENSMUSG00000021279;ENSMUSG00000034573;ENSMUSG00000021697;ENSMUSG00000022797;ENSMUSG00000024812;ENSMUSG00000022799;ENSMUSG00000032135;ENSMUSG00000030123;ENSMUSG00000033577;ENSMUSG00000022263;ENSMUSG00000054364;ENSMUSG00000021676;ENSMUSG00000000823;ENSMUSG00000041417;ENSMUSG00000029108;ENSMUSG00000026131;ENSMUSG00000006445;ENSMUSG00000041977;ENSMUSG00000024451;ENSMUSG00000074305;ENSMUSG00000021990;ENSMUSG00000004044;ENSMUSG00000000627;ENSMUSG00000025403;ENSMUSG00000020315;ENSMUSG00000027699;ENSMUSG00000020841;ENSMUSG00000039831;ENSMUSG00000054889;ENSMUSG00000052609;ENSMUSG00000026991;ENSMUSG00000028556;ENSMUSG00000050953;ENSMUSG00000023015;ENSMUSG00000009621	True	True
spleen	R-MMU-9013026_RHOB_GTPASE_CYCLE	-0.03140457019722222	5	2	3	-0.03140457019722222	5	2	3	0.011806440577999108	5.0	3.0	2.0	0.011806440577999108	5.0	3.0	2.0	1.6063812065258591	0.011538461538461539	0.07357111059263709	ENSMUSG00000059495;ENSMUSG00000026880;ENSMUSG00000073433;ENSMUSG00000021697;ENSMUSG00000022797;ENSMUSG00000024812;ENSMUSG00000032135;ENSMUSG00000054364;ENSMUSG00000041417;ENSMUSG00000029108;ENSMUSG00000041977;ENSMUSG00000004044;ENSMUSG00000027699;ENSMUSG00000023015;ENSMUSG00000009621;ENSMUSG00000066406;ENSMUSG00000039621;ENSMUSG00000017631;ENSMUSG00000039585;ENSMUSG00000036777;ENSMUSG00000118193	False	False
spleen	R-MMU-9013106_RHOC_GTPASE_CYCLE	-0.0010879195855166667	5	1	4	-0.0010879195855166667	5	1	4	0.010207413150805833	5.0	3.0	2.0	0.010207413150805833	5.0	3.0	2.0	1.4980856411389825	0.022193211488250653	0.10014583421761028	ENSMUSG00000059495;ENSMUSG00000026880;ENSMUSG00000021697;ENSMUSG00000022797;ENSMUSG00000024812;ENSMUSG00000032135;ENSMUSG00000041417;ENSMUSG00000041977;ENSMUSG00000004044;ENSMUSG00000023015;ENSMUSG00000009621;ENSMUSG00000066406;ENSMUSG00000039621;ENSMUSG00000017631;ENSMUSG00000036777;ENSMUSG00000118193;ENSMUSG00000036053;ENSMUSG00000039031;ENSMUSG00000023008;ENSMUSG00000028068;ENSMUSG00000035133;ENSMUSG00000040940;ENSMUSG00000040964;ENSMUSG00000020272;ENSMUSG00000001552	False	False
spleen	R-MMU-9013148_CDC42_GTPASE_CYCLE	0.000521864448027777	5	4	1	0.000521864448027777	5	4	1	0.008033238526371176	5.0	3.0	2.0	0.008033238526371176	5.0	3.0	2.0	1.523518224593657	0.0214190093708166	0.08674044909716147	ENSMUSG00000053199;ENSMUSG00000059495;ENSMUSG00000025555;ENSMUSG00000073433;ENSMUSG00000021697;ENSMUSG00000022799;ENSMUSG00000022263;ENSMUSG00000041417;ENSMUSG00000041977;ENSMUSG00000024451;ENSMUSG00000021990;ENSMUSG00000027699;ENSMUSG00000039831;ENSMUSG00000052609;ENSMUSG00000028556;ENSMUSG00000023015;ENSMUSG00000009621;ENSMUSG00000039621;ENSMUSG00000017631	True	True
spleen	R-MMU-9013149_RAC1_GTPASE_CYCLE	0.02373512596138886	5	3	2	0.02373512596138886	5	3	2	0.0044358663196885665	5.0	3.0	2.0	0.0044358663196885665	5.0	3.0	2.0	1.4302093991912732	0.048162230671736375	0.14207020994596553	ENSMUSG00000053199;ENSMUSG00000025555;ENSMUSG00000058325;ENSMUSG00000021697;ENSMUSG00000022797;ENSMUSG00000022799;ENSMUSG00000032135;ENSMUSG00000022263;ENSMUSG00000021676;ENSMUSG00000041417;ENSMUSG00000006445;ENSMUSG00000041977;ENSMUSG00000024451;ENSMUSG00000021990;ENSMUSG00000027699;ENSMUSG00000039831;ENSMUSG00000052609;ENSMUSG00000028556;ENSMUSG00000023015;ENSMUSG00000009621	True	True
spleen	R-MMU-9013404_RAC2_GTPASE_CYCLE	-0.00012728156070277788	5	3	2	-0.00012728156070277788	5	3	2	0.004332920385878247	5.0	2.0	3.0	0.004332920385878247	5.0	2.0	3.0	1.490992731396493	0.03626220362622036	0.10230839260195715	ENSMUSG00000058325;ENSMUSG00000021697;ENSMUSG00000022797;ENSMUSG00000032135;ENSMUSG00000022263;ENSMUSG00000041417;ENSMUSG00000006445;ENSMUSG00000023015;ENSMUSG00000009621;ENSMUSG00000039621;ENSMUSG00000017631	False	False
spleen	R-MMU-9013406_RHOQ_GTPASE_CYCLE	0.0006249275998338889	5	3	2	0.0006249275998338889	5	3	2	0.007419343976634752	5.0	2.0	3.0	0.007419343976634752	5.0	2.0	3.0	1.420507939232816	0.06224066390041494	0.14767410936403252	ENSMUSG00000061462;ENSMUSG00000026880;ENSMUSG00000021279;ENSMUSG00000021697;ENSMUSG00000022797	True	True
spleen	R-MMU-9013408_RHOG_GTPASE_CYCLE	-0.09763389303333336	5	2	3	-0.09763389303333336	5	2	3	0.008178190547446196	5.0	3.0	2.0	0.008178190547446196	5.0	3.0	2.0	1.393890210481421	0.08183079056865465	0.16346448643727526	ENSMUSG00000073433;ENSMUSG00000058325;ENSMUSG00000021697;ENSMUSG00000022797;ENSMUSG00000032135;ENSMUSG00000022263;ENSMUSG00000021676;ENSMUSG00000041417;ENSMUSG00000006445;ENSMUSG00000025403;ENSMUSG00000052609;ENSMUSG00000009621;ENSMUSG00000039621	False	False
spleen	R-MMU-9013423_RAC3_GTPASE_CYCLE	-0.0022577735781499986	5	1	4	-0.0022577735781499986	5	1	4	0.0014091339871514564	5.0	2.0	3.0	0.0014091339871514564	5.0	2.0	3.0	1.2351215722229711	0.19505494505494506	0.3032077677104409	ENSMUSG00000021697;ENSMUSG00000022797;ENSMUSG00000032135;ENSMUSG00000022263;ENSMUSG00000041417;ENSMUSG00000006445;ENSMUSG00000024451;ENSMUSG00000023015;ENSMUSG00000009621;ENSMUSG00000039621;ENSMUSG00000017631	False	False
spleen	R-MMU-9018519_ESTROGEN_DEPENDENT_GENE_EXPRESSION	-0.0066132599695333345	5	1	4	-0.0066132599695333345	5	1	4	0.01096697412914446	5.0	4.0	1.0	0.01096697412914446	5.0	4.0	1.0	1.3706217234053726	0.07994579945799458	0.1840048459932087	ENSMUSG00000081058;ENSMUSG00000069308;ENSMUSG00000075031;ENSMUSG00000069306;ENSMUSG00000069303;ENSMUSG00000074403;ENSMUSG00000069300;ENSMUSG00000062727;ENSMUSG00000069266;ENSMUSG00000069267;ENSMUSG00000048490;ENSMUSG00000018102	False	False
spleen	R-MMU-9020702_INTERLEUKIN_1_SIGNALING	-0.11271559014888885	5	2	3	-0.11271559014888885	5	2	3	-0.008352396402562395	5.0	2.0	3.0	-0.008352396402562395	5.0	2.0	3.0	-0.5185067882686042	0.9790209790209791	0.9927089044691499	ENSMUSG00000026981;ENSMUSG00000068240;ENSMUSG00000027398;ENSMUSG00000026073	True	True
spleen	R-MMU-9035034_RHOF_GTPASE_CYCLE	0.0011359034163133336	5	5	0	0.0011359034163133336	5	5	0	0.0051903638271281775	5.0	2.0	3.0	0.0051903638271281775	5.0	2.0	3.0	1.3751488646668177	0.0990990990990991	0.18030436875535383	ENSMUSG00000025555;ENSMUSG00000038587;ENSMUSG00000021697;ENSMUSG00000032135;ENSMUSG00000041417	True	True
spleen	R-MMU-913531_INTERFERON_SIGNALING	0.05540924124722222	5	3	2	0.05540924124722222	5	3	2	-0.005143099223282333	5.0	1.0	4.0	-0.005143099223282333	5.0	1.0	4.0	0.7357211526324676	0.85359477124183	0.9016341017079811	ENSMUSG00000091971;ENSMUSG00000019942;ENSMUSG00000090877;ENSMUSG00000024222	False	True
spleen	R-MMU-913709_O_LINKED_GLYCOSYLATION_OF_MUCINS	0.0008027974416666472	5	3	2	0.0008027974416666472	5	3	2	-0.0029705376110977545	5.0	1.0	4.0	-0.0029705376110977545	5.0	1.0	4.0	0.8627350778243736	0.6501457725947521	0.7834141220603058	ENSMUSG00000109564;ENSMUSG00000031749;ENSMUSG00000020520;ENSMUSG00000013846	False	True
spleen	R-MMU-936837_ION_TRANSPORT_BY_P_TYPE_ATPASES	-0.09626090904916666	5	2	3	-0.09626090904916666	5	2	3	0.009802931846026425	5.0	4.0	1.0	0.009802931846026425	5.0	4.0	1.0	1.413642227725501	0.08789625360230548	0.14978850425829168	ENSMUSG00000026463;ENSMUSG00000041329;ENSMUSG00000021983;ENSMUSG00000006567;ENSMUSG00000036622;ENSMUSG00000031441;ENSMUSG00000025324	False	False
spleen	R-MMU-937061_TRIF_TICAM1_MEDIATED_TLR4_SIGNALING	-0.0010867261045844443	5	1	4	-0.0010867261045844443	5	1	4	-0.0020589836983439884	5.0	2.0	3.0	-0.0020589836983439884	5.0	2.0	3.0	0.9639331080531589	0.5356643356643357	0.6519290540551821	ENSMUSG00000109061;ENSMUSG00000021250;ENSMUSG00000026672;ENSMUSG00000018932;ENSMUSG00000051439;ENSMUSG00000052684;ENSMUSG00000022892;ENSMUSG00000030107;ENSMUSG00000025498;ENSMUSG00000019960;ENSMUSG00000046688;ENSMUSG00000031652;ENSMUSG00000039005	True	False
spleen	R-MMU-948021_TRANSPORT_TO_THE_GOLGI_AND_SUBSEQUENT_MODIFICATION	-0.003113078619402776	5	0	5	-0.003113078619402776	5	0	5	0.0012600191576100067	5.0	2.0	3.0	0.0012600191576100067	5.0	2.0	3.0	-0.7729206186937123	0.8484848484848485	0.9430426098103797	ENSMUSG00000045136;ENSMUSG00000072235;ENSMUSG00000001473;ENSMUSG00000026080;ENSMUSG00000029378;ENSMUSG00000026399	False	True
spleen	R-MMU-9612973_AUTOPHAGY	0.011138809186111053	5	4	1	0.011138809186111053	5	4	1	-0.007256937332672564	5.0	1.0	4.0	-0.007256937332672564	5.0	1.0	4.0	-0.8887765278507416	0.6187290969899666	0.8059211552237932	ENSMUSG00000045136;ENSMUSG00000072235;ENSMUSG00000001473;ENSMUSG00000068240	False	False
spleen	R-MMU-9648025_EML4_AND_NUDC_IN_MITOTIC_SPINDLE_FORMATION	-0.00252648485573611	5	3	2	-0.00252648485573611	5	3	2	0.003797292505531119	5.0	3.0	2.0	0.003797292505531119	5.0	3.0	2.0	1.067765447695923	0.3776041666666667	0.5232032086407605	ENSMUSG00000026605;ENSMUSG00000023940;ENSMUSG00000031756;ENSMUSG00000036223;ENSMUSG00000068101;ENSMUSG00000027115;ENSMUSG00000040084;ENSMUSG00000028678;ENSMUSG00000045328;ENSMUSG00000021714;ENSMUSG00000020897;ENSMUSG00000006398;ENSMUSG00000040549;ENSMUSG00000031262;ENSMUSG00000024660;ENSMUSG00000016255;ENSMUSG00000029414;ENSMUSG00000029910;ENSMUSG00000024056;ENSMUSG00000028873;ENSMUSG00000036752;ENSMUSG00000026039	False	False
spleen	R-MMU-9670095_INHIBITION_OF_DNA_RECOMBINATION_AT_TELOMERE	0.0025313868478999994	5	4	1	0.0025313868478999994	5	4	1	0.00958625075954488	5.0	3.0	2.0	0.00958625075954488	5.0	3.0	2.0	1.5672990510331377	0.022757697456492636	0.07694129918208896	ENSMUSG00000069308;ENSMUSG00000063954;ENSMUSG00000075031;ENSMUSG00000069306;ENSMUSG00000071516;ENSMUSG00000071478;ENSMUSG00000069301;ENSMUSG00000069303;ENSMUSG00000069300;ENSMUSG00000061615;ENSMUSG00000069309;ENSMUSG00000094248;ENSMUSG00000062727;ENSMUSG00000069266;ENSMUSG00000049932;ENSMUSG00000018102;ENSMUSG00000094777;ENSMUSG00000069272	True	True
spleen	R-MMU-9675108_NERVOUS_SYSTEM_DEVELOPMENT	0.03827650373333338	5	4	1	0.03827650373333338	5	4	1	0.008577716783734268	5.0	4.0	1.0	0.008577716783734268	5.0	4.0	1.0	1.8259543495228887	0.0	0.07799169234498438	ENSMUSG00000042453;ENSMUSG00000056427;ENSMUSG00000031714;ENSMUSG00000020176;ENSMUSG00000059495;ENSMUSG00000021061;ENSMUSG00000020019;ENSMUSG00000004098;ENSMUSG00000030110;ENSMUSG00000026042;ENSMUSG00000022231;ENSMUSG00000034220;ENSMUSG00000058325;ENSMUSG00000024924;ENSMUSG00000026837;ENSMUSG00000031503;ENSMUSG00000030084;ENSMUSG00000034311;ENSMUSG00000061353;ENSMUSG00000030123;ENSMUSG00000031502;ENSMUSG00000022263;ENSMUSG00000054364;ENSMUSG00000048126;ENSMUSG00000025810;ENSMUSG00000026532;ENSMUSG00000041417;ENSMUSG00000038894;ENSMUSG00000006445;ENSMUSG00000041977	True	True
spleen	R-MMU-9696264_RND3_GTPASE_CYCLE	-0.0020974624089177777	5	1	4	-0.0020974624089177777	5	1	4	0.0068021954682057715	5.0	5.0	0.0	0.0068021954682057715	5.0	5.0	0.0	1.5460465532420145	0.04005524861878453	0.07771073053742668	ENSMUSG00000021782;ENSMUSG00000034573;ENSMUSG00000021697;ENSMUSG00000041417;ENSMUSG00000026131;ENSMUSG00000006445;ENSMUSG00000000627;ENSMUSG00000020841;ENSMUSG00000054889;ENSMUSG00000026991	False	False
spleen	R-MMU-9696270_RND2_GTPASE_CYCLE	0.0005086285128342223	5	3	2	0.0005086285128342223	5	3	2	0.01462246109974712	5.0	4.0	1.0	0.01462246109974712	5.0	4.0	1.0	1.7492563712947167	0.0028530670470756064	0.061902497071019066	ENSMUSG00000021782;ENSMUSG00000041498;ENSMUSG00000034573;ENSMUSG00000021697;ENSMUSG00000022797;ENSMUSG00000030123;ENSMUSG00000041417;ENSMUSG00000026131;ENSMUSG00000006445	True	True
spleen	R-MMU-9696273_RND1_GTPASE_CYCLE	0.0007252067876000007	5	3	2	0.0007252067876000007	5	3	2	0.007581183546275958	5.0	3.0	2.0	0.007581183546275958	5.0	3.0	2.0	1.6703820155020297	0.009900990099009901	0.06409706850063984	ENSMUSG00000021782;ENSMUSG00000041498;ENSMUSG00000030084;ENSMUSG00000034573;ENSMUSG00000021697;ENSMUSG00000022797;ENSMUSG00000041417;ENSMUSG00000026131;ENSMUSG00000006445;ENSMUSG00000020841;ENSMUSG00000054889;ENSMUSG00000026991	True	True
spleen	R-MMU-9709957_SENSORY_PERCEPTION	-0.17567717361944432	5	2	3	-0.17567717361944432	5	2	3	0.004438359793535587	5.0	3.0	2.0	0.004438359793535586	5.0	3.0	2.0	1.0409519425683849	0.3997289972899729	0.5548070178015932	ENSMUSG00000031119;ENSMUSG00000041936;ENSMUSG00000034220;ENSMUSG00000040249;ENSMUSG00000042644;ENSMUSG00000020592;ENSMUSG00000029134;ENSMUSG00000015568;ENSMUSG00000002985	False	False
spleen	R-MMU-9711123_CELLULAR_RESPONSE_TO_CHEMICAL_STRESS	0.007361663916666661	5	3	2	0.007361663916666661	5	3	2	-0.009018538845110679	5.0	0.0	5.0	-0.009018538845110679	5.0	0.0	5.0	-1.928129067543574	0.0	0.006760303776204198	ENSMUSG00000073940;ENSMUSG00000052305;ENSMUSG00000030785;ENSMUSG00000069919;ENSMUSG00000064354;ENSMUSG00000064358	False	False
spleen	R-MMU-9716542_SIGNALING_BY_RHO_GTPASES_MIRO_GTPASES_AND_RHOBTB3	0.14264595862405546	5	3	2	0.14264595862405546	5	3	2	0.0034350761779984333	5.0	3.0	2.0	0.0034350761779984333	5.0	3.0	2.0	1.3799385625361256	0.014054054054054054	0.1755244267263189	ENSMUSG00000021782;ENSMUSG00000053199;ENSMUSG00000061462;ENSMUSG00000059495;ENSMUSG00000041498;ENSMUSG00000025154;ENSMUSG00000025555;ENSMUSG00000026880;ENSMUSG00000073433;ENSMUSG00000026605;ENSMUSG00000023940;ENSMUSG00000058325;ENSMUSG00000020900;ENSMUSG00000030084;ENSMUSG00000031756;ENSMUSG00000038587;ENSMUSG00000002068;ENSMUSG00000038943;ENSMUSG00000041219;ENSMUSG00000022836;ENSMUSG00000021279;ENSMUSG00000034573;ENSMUSG00000021697;ENSMUSG00000022797;ENSMUSG00000024812;ENSMUSG00000022799;ENSMUSG00000032135;ENSMUSG00000030123;ENSMUSG00000033577;ENSMUSG00000022263;ENSMUSG00000054364;ENSMUSG00000021676;ENSMUSG00000036223;ENSMUSG00000068101;ENSMUSG00000027115;ENSMUSG00000040084;ENSMUSG00000000823;ENSMUSG00000041417;ENSMUSG00000029108;ENSMUSG00000026131;ENSMUSG00000006445;ENSMUSG00000041977;ENSMUSG00000024451;ENSMUSG00000028678;ENSMUSG00000045328;ENSMUSG00000074305;ENSMUSG00000021714;ENSMUSG00000020897;ENSMUSG00000021990;ENSMUSG00000004044;ENSMUSG00000000627;ENSMUSG00000044201;ENSMUSG00000025403;ENSMUSG00000006398;ENSMUSG00000020315;ENSMUSG00000027699;ENSMUSG00000020841;ENSMUSG00000039831;ENSMUSG00000054889;ENSMUSG00000052609;ENSMUSG00000026991;ENSMUSG00000028556;ENSMUSG00000050953;ENSMUSG00000023015;ENSMUSG00000022443;ENSMUSG00000040549;ENSMUSG00000009621	True	True
spleen	R-MMU-9748784_DRUG_ADME	-0.10071595906916671	5	2	3	-0.10071595906916671	5	2	3	0.0051706995448892075	5.0	3.0	2.0	0.0051706995448892075	5.0	3.0	2.0	1.5680897643946228	0.023287671232876714	0.07897760131222865	ENSMUSG00000006345;ENSMUSG00000089960;ENSMUSG00000061740;ENSMUSG00000023828;ENSMUSG00000032902;ENSMUSG00000074207;ENSMUSG00000030737;ENSMUSG00000039197;ENSMUSG00000023942;ENSMUSG00000040584;ENSMUSG00000022822;ENSMUSG00000090175;ENSMUSG00000006344;ENSMUSG00000009621	False	False
spleen	R-MMU-975138_TRAF6_MEDIATED_INDUCTION_OF_NFKB_AND_MAP_KINASES_UPON_TLR7_8_OR_9_ACTIVATION	-0.000846682214583332	5	2	3	-0.000846682214583332	5	2	3	-0.004277963630833842	5.0	2.0	3.0	-0.004277963630833842	5.0	2.0	3.0	0.8798111746660554	0.6542324246771879	0.7677781386490681	ENSMUSG00000109061;ENSMUSG00000021250;ENSMUSG00000018932;ENSMUSG00000051439;ENSMUSG00000052684;ENSMUSG00000022892;ENSMUSG00000030107	True	False
spleen	R-MMU-975155_MYD88_DEPENDENT_CASCADE_INITIATED_ON_ENDOSOME	0.0014252078408333337	5	4	1	0.0014252078408333337	5	4	1	-0.003698499703064509	5.0	2.0	3.0	-0.003698499703064509	5.0	2.0	3.0	0.8908496321238232	0.6454802259887006	0.7537293386130965	ENSMUSG00000109061;ENSMUSG00000021250;ENSMUSG00000018932;ENSMUSG00000051439;ENSMUSG00000052684;ENSMUSG00000022892;ENSMUSG00000030107;ENSMUSG00000025498;ENSMUSG00000019960;ENSMUSG00000046688;ENSMUSG00000031652;ENSMUSG00000039005	False	True
spleen	R-MMU-975634_RETINOID_METABOLISM_AND_TRANSPORT	0.09955700284599997	5	3	2	0.09955700284599997	5	3	2	0.0029068725160358564	5.0	3.0	2.0	0.0029068725160358564	5.0	3.0	2.0	1.1106631245245655	0.3230769230769231	0.463412455606198	ENSMUSG00000031119;ENSMUSG00000041936;ENSMUSG00000034220;ENSMUSG00000040249;ENSMUSG00000020592;ENSMUSG00000029134;ENSMUSG00000015568;ENSMUSG00000002985	True	True
spleen	R-MMU-975871_MYD88_CASCADE_INITIATED_ON_PLASMA_MEMBRANE	0.0005550925700166664	5	4	1	0.0005550925700166664	5	4	1	-0.005172059020192585	5.0	2.0	3.0	-0.005172059020192585	5.0	2.0	3.0	0.8237835597494797	0.7136690647482015	0.8123500977408236	ENSMUSG00000109061;ENSMUSG00000021250;ENSMUSG00000018932;ENSMUSG00000052684;ENSMUSG00000022892;ENSMUSG00000030107	False	True
spleen	R-MMU-9759476_REGULATION_OF_HOMOTYPIC_CELL_CELL_ADHESION	0.0006243788004444458	5	2	3	0.0006243788004444458	5	2	3	0.008864894051605196	5.0	3.0	2.0	0.008864894051605196	5.0	3.0	2.0	1.4993832486676413	0.03065134099616858	0.10024107059868172	ENSMUSG00000081058;ENSMUSG00000069308;ENSMUSG00000063954;ENSMUSG00000075031;ENSMUSG00000069306;ENSMUSG00000071516;ENSMUSG00000071478;ENSMUSG00000021823;ENSMUSG00000069301;ENSMUSG00000069303;ENSMUSG00000034101;ENSMUSG00000074403;ENSMUSG00000069300;ENSMUSG00000061615;ENSMUSG00000069309;ENSMUSG00000094248;ENSMUSG00000062727;ENSMUSG00000069266;ENSMUSG00000069267	True	True
spleen	R-MMU-9764265_REGULATION_OF_CDH1_EXPRESSION_AND_FUNCTION	0.0012048336561361114	5	3	2	0.0012048336561361114	5	3	2	0.009136731093000039	5.0	3.0	2.0	0.009136731093000039	5.0	3.0	2.0	1.5522673442234656	0.022871664548919948	0.07944906318669392	ENSMUSG00000081058;ENSMUSG00000069308;ENSMUSG00000063954;ENSMUSG00000075031;ENSMUSG00000069306;ENSMUSG00000071516;ENSMUSG00000071478;ENSMUSG00000021823;ENSMUSG00000069301;ENSMUSG00000069303;ENSMUSG00000034101;ENSMUSG00000074403;ENSMUSG00000069300;ENSMUSG00000061615;ENSMUSG00000069309;ENSMUSG00000094248;ENSMUSG00000062727;ENSMUSG00000069266;ENSMUSG00000069267	True	True
spleen	R-MMU-9764274_REGULATION_OF_EXPRESSION_AND_FUNCTION_OF_TYPE_I_CLASSICAL_CADHERINS	-6.474678613333368e-05	5	1	4	-6.474678613333368e-05	5	1	4	0.009136731093000039	5.0	3.0	2.0	0.009136731093000039	5.0	3.0	2.0	1.5522673442234656	0.022871664548919948	0.07944906318669392	ENSMUSG00000081058;ENSMUSG00000069308;ENSMUSG00000063954;ENSMUSG00000075031;ENSMUSG00000069306;ENSMUSG00000071516;ENSMUSG00000071478;ENSMUSG00000021823;ENSMUSG00000069301;ENSMUSG00000069303;ENSMUSG00000034101;ENSMUSG00000074403;ENSMUSG00000069300;ENSMUSG00000061615;ENSMUSG00000069309;ENSMUSG00000094248;ENSMUSG00000062727;ENSMUSG00000069266;ENSMUSG00000069267	False	False
spleen	R-MMU-9764560_REGULATION_OF_CDH1_GENE_TRANSCRIPTION	0.01799336750444458	5	3	2	0.01799336750444458	5	3	2	0.01215671654613584	5.0	3.0	2.0	0.01215671654613584	5.0	3.0	2.0	1.570606435546903	0.02204928664072633	0.08060959530481601	ENSMUSG00000081058;ENSMUSG00000069308;ENSMUSG00000063954;ENSMUSG00000075031;ENSMUSG00000069306;ENSMUSG00000071516;ENSMUSG00000071478;ENSMUSG00000069301;ENSMUSG00000069303;ENSMUSG00000074403;ENSMUSG00000069300;ENSMUSG00000061615;ENSMUSG00000069309;ENSMUSG00000094248;ENSMUSG00000062727;ENSMUSG00000069266;ENSMUSG00000069267;ENSMUSG00000049932;ENSMUSG00000018102;ENSMUSG00000094777;ENSMUSG00000069272;ENSMUSG00000099517	True	True
spleen	R-MMU-9764725_NEGATIVE_REGULATION_OF_CDH1_GENE_TRANSCRIPTION	0.005168227298299999	5	2	3	0.0051682272983	5	2	3	0.01215671654613584	5.0	3.0	2.0	0.01215671654613584	5.0	3.0	2.0	1.570606435546903	0.02204928664072633	0.08060959530481601	ENSMUSG00000081058;ENSMUSG00000069308;ENSMUSG00000063954;ENSMUSG00000075031;ENSMUSG00000069306;ENSMUSG00000071516;ENSMUSG00000071478;ENSMUSG00000069301;ENSMUSG00000069303;ENSMUSG00000074403;ENSMUSG00000069300;ENSMUSG00000061615;ENSMUSG00000069309;ENSMUSG00000094248;ENSMUSG00000062727;ENSMUSG00000069266;ENSMUSG00000069267;ENSMUSG00000049932;ENSMUSG00000018102;ENSMUSG00000094777;ENSMUSG00000069272;ENSMUSG00000099517	True	True
spleen	R-MMU-9769739_REGULATION_OF_CLOTTING_CASCADE	0.026945181408333352	5	3	2	0.026945181408333352	5	3	2	0.0015839101893890754	5.0	3.0	2.0	0.0015839101893890754	5.0	3.0	2.0	0.8536668213452295	0.6875	0.793444408125489	ENSMUSG00000031119;ENSMUSG00000041936;ENSMUSG00000034220;ENSMUSG00000037411;ENSMUSG00000048376;ENSMUSG00000074743;ENSMUSG00000020592;ENSMUSG00000026249	True	True
spleen	R-MMU-9769740_COAGULATION_PATHWAY	-0.05490492726083336	5	2	3	-0.05490492726083336	5	2	3	0.0007755056627785902	5.0	3.0	2.0	0.0007755056627785902	5.0	3.0	2.0	0.8307386986146065	0.7256267409470752	0.8252545411251235	ENSMUSG00000031119;ENSMUSG00000041936;ENSMUSG00000034220;ENSMUSG00000037411;ENSMUSG00000048376;ENSMUSG00000074743;ENSMUSG00000020592;ENSMUSG00000026249	False	False
spleen	R-MMU-977606_REGULATION_OF_COMPLEMENT_CASCADE	0.03190764227777798	5	3	2	0.03190764227777798	5	3	2	0.0055223550657780614	5.0	3.0	2.0	0.0055223550657780614	5.0	3.0	2.0	1.3330490878826058	0.04282407407407408	0.21254760741739173	ENSMUSG00000103254;ENSMUSG00000095612;ENSMUSG00000096452;ENSMUSG00000096326;ENSMUSG00000095285;ENSMUSG00000076615;ENSMUSG00000076614;ENSMUSG00000096078;ENSMUSG00000102364;ENSMUSG00000076666;ENSMUSG00000076612;ENSMUSG00000095200;ENSMUSG00000093838;ENSMUSG00000096577;ENSMUSG00000104452;ENSMUSG00000026365;ENSMUSG00000073418;ENSMUSG00000095429;ENSMUSG00000094502;ENSMUSG00000076670;ENSMUSG00000093896;ENSMUSG00000096150;ENSMUSG00000095442;ENSMUSG00000095416;ENSMUSG00000095210;ENSMUSG00000096499;ENSMUSG00000024164;ENSMUSG00000105606;ENSMUSG00000076695	True	True
spleen	R-MMU-9818564_EPIGENETIC_REGULATION_OF_GENE_EXPRESSION_BY_MLL3_AND_MLL4_COMPLEXES	-0.01855027516249997	5	2	3	-0.01855027516249997	5	2	3	0.010364530911076418	5.0	3.0	2.0	0.010364530911076418	5.0	3.0	2.0	1.5721568763092173	0.0136986301369863	0.08403747001374451	ENSMUSG00000081058;ENSMUSG00000069308;ENSMUSG00000063954;ENSMUSG00000075031;ENSMUSG00000069306;ENSMUSG00000071516;ENSMUSG00000071478;ENSMUSG00000069301;ENSMUSG00000069303;ENSMUSG00000107068;ENSMUSG00000074403;ENSMUSG00000069300;ENSMUSG00000061615;ENSMUSG00000069309;ENSMUSG00000094248;ENSMUSG00000062727;ENSMUSG00000015846;ENSMUSG00000069266;ENSMUSG00000069267;ENSMUSG00000048154;ENSMUSG00000049932;ENSMUSG00000018102;ENSMUSG00000094777;ENSMUSG00000069272;ENSMUSG00000099517	False	False
spleen	R-MMU-983168_ANTIGEN_PROCESSING_UBIQUITINATION_PROTEASOME_DEGRADATION	0.08497024671888898	5	3	2	0.08497024671888898	5	3	2	-0.0014968589161815705	5.0	2.0	3.0	-0.0014968589161815705	5.0	2.0	3.0	1.1774833718503595	0.2560819462227913	0.3609023937106529	ENSMUSG00000072082;ENSMUSG00000038664;ENSMUSG00000032586;ENSMUSG00000032216;ENSMUSG00000032596;ENSMUSG00000066036;ENSMUSG00000001403;ENSMUSG00000070327;ENSMUSG00000029060;ENSMUSG00000006398;ENSMUSG00000030451;ENSMUSG00000004929;ENSMUSG00000034883;ENSMUSG00000039159;ENSMUSG00000049502;ENSMUSG00000029798	False	True
spleen	R-MMU-983169_CLASS_I_MHC_MEDIATED_ANTIGEN_PROCESSING_PRESENTATION	0.04884258820000007	5	3	2	0.04884258820000007	5	3	2	-0.003996012241820201	5.0	1.0	4.0	-0.003996012241820201	5.0	1.0	4.0	0.8722317718343524	0.6724565756823822	0.7756800985180698	ENSMUSG00000072082;ENSMUSG00000038664;ENSMUSG00000032586;ENSMUSG00000002944;ENSMUSG00000032216;ENSMUSG00000032596;ENSMUSG00000066036;ENSMUSG00000001403;ENSMUSG00000070327;ENSMUSG00000029060;ENSMUSG00000006398;ENSMUSG00000030451	False	True
spleen	R-MMU-983189_KINESINS	0.0739974087813888	5	3	2	0.0739974087813888	5	3	2	0.008557501441483924	5.0	3.0	2.0	0.008557501441483924	5.0	3.0	2.0	1.1429569366633785	0.30191256830601093	0.4171180745778384	ENSMUSG00000051378;ENSMUSG00000012443;ENSMUSG00000079553;ENSMUSG00000030677;ENSMUSG00000034311;ENSMUSG00000027115;ENSMUSG00000028678;ENSMUSG00000045328;ENSMUSG00000032254;ENSMUSG00000060012;ENSMUSG00000023015;ENSMUSG00000063077;ENSMUSG00000016255;ENSMUSG00000024795;ENSMUSG00000041642;ENSMUSG00000036752;ENSMUSG00000036768	True	True
spleen	R-MMU-983231_FACTORS_INVOLVED_IN_MEGAKARYOCYTE_DEVELOPMENT_AND_PLATELET_PRODUCTION	0.153560513832	5	2	3	0.153560513832	5	2	3	0.011607780102094492	5.0	3.0	2.0	0.011607780102094492	5.0	3.0	2.0	1.4038552677575216	0.051833122629582805	0.15826596983241453	ENSMUSG00000081058;ENSMUSG00000051378;ENSMUSG00000031162;ENSMUSG00000049577;ENSMUSG00000012443;ENSMUSG00000018428;ENSMUSG00000058325;ENSMUSG00000079553;ENSMUSG00000030677;ENSMUSG00000034311;ENSMUSG00000074403;ENSMUSG00000002997;ENSMUSG00000027115;ENSMUSG00000028678;ENSMUSG00000045328;ENSMUSG00000069267;ENSMUSG00000009575;ENSMUSG00000032254;ENSMUSG00000060012;ENSMUSG00000028556;ENSMUSG00000023015;ENSMUSG00000099517;ENSMUSG00000063077;ENSMUSG00000016255;ENSMUSG00000024795;ENSMUSG00000041642;ENSMUSG00000044447;ENSMUSG00000036752;ENSMUSG00000042622;ENSMUSG00000036768;ENSMUSG00000069310;ENSMUSG00000024065;ENSMUSG00000015053;ENSMUSG00000025558	True	True
spleen	R-MMU-9833482_PKR_MEDIATED_SIGNALING	0.0004250142438822222	5	2	3	0.0004250142438822222	5	2	3	-0.008408872283606332	5.0	3.0	2.0	-0.008408872283606332	5.0	3.0	2.0	1.0782543099710513	0.3785310734463277	0.509426505250412	ENSMUSG00000091971;ENSMUSG00000019942;ENSMUSG00000090877	False	True
spleen	R-MMU-983695_ANTIGEN_ACTIVATES_B_CELL_RECEPTOR_BCR_LEADING_TO_GENERATION_OF_SECOND_MESSENGERS	-0.07106538550166669	5	2	3	-0.07106538550166669	5	2	3	0.004418423701451091	5.0	2.0	3.0	0.004418423701451091	5.0	2.0	3.0	1.3173059411816017	0.07251461988304093	0.2269804670890526	ENSMUSG00000103254;ENSMUSG00000095612;ENSMUSG00000096452;ENSMUSG00000096326;ENSMUSG00000095285;ENSMUSG00000096078;ENSMUSG00000102364;ENSMUSG00000076666;ENSMUSG00000095200;ENSMUSG00000093838;ENSMUSG00000096577;ENSMUSG00000104452;ENSMUSG00000095429;ENSMUSG00000094502;ENSMUSG00000076670;ENSMUSG00000093896;ENSMUSG00000096150;ENSMUSG00000095442;ENSMUSG00000095416;ENSMUSG00000042644;ENSMUSG00000095210;ENSMUSG00000041417;ENSMUSG00000096499;ENSMUSG00000105606;ENSMUSG00000076695	False	False
spleen	R-MMU-983705_SIGNALING_BY_THE_B_CELL_RECEPTOR_BCR	0.14434327809444447	5	5	0	0.14434327809444447	5	5	0	0.0014361349908937602	5.0	2.0	3.0	0.0014361349908937602	5.0	2.0	3.0	1.2587130605188115	0.11303344867358708	0.28037519779715897	ENSMUSG00000103254;ENSMUSG00000095612;ENSMUSG00000096452;ENSMUSG00000096326;ENSMUSG00000095285;ENSMUSG00000096078;ENSMUSG00000102364;ENSMUSG00000076666;ENSMUSG00000095200;ENSMUSG00000093838;ENSMUSG00000096577;ENSMUSG00000104452;ENSMUSG00000095429;ENSMUSG00000094502;ENSMUSG00000076670;ENSMUSG00000093896;ENSMUSG00000096150;ENSMUSG00000095442;ENSMUSG00000095416;ENSMUSG00000042644;ENSMUSG00000095210;ENSMUSG00000041417;ENSMUSG00000096499;ENSMUSG00000105606;ENSMUSG00000076695	True	True
spleen	R-MMU-983712_ION_CHANNEL_TRANSPORT	-0.06693161613888901	5	2	3	-0.06693161613888901	5	2	3	0.006778245174578807	5.0	4.0	1.0	0.006778245174578807	5.0	4.0	1.0	1.131787566711236	0.26878980891719745	0.43398454130901365	ENSMUSG00000026463;ENSMUSG00000041329;ENSMUSG00000021983;ENSMUSG00000026880;ENSMUSG00000006567;ENSMUSG00000032741;ENSMUSG00000036622;ENSMUSG00000031441;ENSMUSG00000028207;ENSMUSG00000025324;ENSMUSG00000009292;ENSMUSG00000020788;ENSMUSG00000015133;ENSMUSG00000036565;ENSMUSG00000027546	False	False
spleen	R-MMU-9841922_MLL4_AND_MLL3_COMPLEXES_REGULATE_EXPRESSION_OF_PPARG_TARGET_GENES_IN_ADIPOGENESIS_AND_HEPATIC_STEATOSIS	0.008966674964733332	5	3	2	0.008966674964733332	5	3	2	0.012149595075993246	5.0	4.0	1.0	0.012149595075993246	5.0	4.0	1.0	1.5889417401865378	0.01532567049808429	0.0760084325269301	ENSMUSG00000081058;ENSMUSG00000069308;ENSMUSG00000063954;ENSMUSG00000075031;ENSMUSG00000069306;ENSMUSG00000071516;ENSMUSG00000071478;ENSMUSG00000069301;ENSMUSG00000069303;ENSMUSG00000074403;ENSMUSG00000069300;ENSMUSG00000061615;ENSMUSG00000069309;ENSMUSG00000094248;ENSMUSG00000062727;ENSMUSG00000015846;ENSMUSG00000069266;ENSMUSG00000069267;ENSMUSG00000049932;ENSMUSG00000018102;ENSMUSG00000094777;ENSMUSG00000069272;ENSMUSG00000099517;ENSMUSG00000029478;ENSMUSG00000069307	True	True
spleen	R-MMU-9842860_REGULATION_OF_ENDOGENOUS_RETROELEMENTS	0.0008344094720988673	5	2	3	0.0008344094720988675	5	2	3	0.009748656804852509	5.0	3.0	2.0	0.009748656804852509	5.0	3.0	2.0	1.5471864804294564	0.018229166666666668	0.07908248524491424	ENSMUSG00000081058;ENSMUSG00000069308;ENSMUSG00000063954;ENSMUSG00000075031;ENSMUSG00000069306;ENSMUSG00000071516;ENSMUSG00000071478;ENSMUSG00000069301;ENSMUSG00000069303;ENSMUSG00000074403;ENSMUSG00000069300;ENSMUSG00000061615;ENSMUSG00000069309;ENSMUSG00000094248;ENSMUSG00000062727;ENSMUSG00000069266;ENSMUSG00000069267;ENSMUSG00000049932;ENSMUSG00000018102;ENSMUSG00000094777;ENSMUSG00000069272;ENSMUSG00000078903;ENSMUSG00000099517	True	True
spleen	R-MMU-9843940_REGULATION_OF_ENDOGENOUS_RETROELEMENTS_BY_KRAB_ZFP_PROTEINS	-0.004130127785254445	5	1	4	-0.004130127785254445	5	1	4	0.009748656804852509	5.0	3.0	2.0	0.009748656804852509	5.0	3.0	2.0	1.5471864804294564	0.018229166666666668	0.07908248524491424	ENSMUSG00000081058;ENSMUSG00000069308;ENSMUSG00000063954;ENSMUSG00000075031;ENSMUSG00000069306;ENSMUSG00000071516;ENSMUSG00000071478;ENSMUSG00000069301;ENSMUSG00000069303;ENSMUSG00000074403;ENSMUSG00000069300;ENSMUSG00000061615;ENSMUSG00000069309;ENSMUSG00000094248;ENSMUSG00000062727;ENSMUSG00000069266;ENSMUSG00000069267;ENSMUSG00000049932;ENSMUSG00000018102;ENSMUSG00000094777;ENSMUSG00000069272;ENSMUSG00000078903;ENSMUSG00000099517	False	False
spleen	R-MMU-9851695_EPIGENETIC_REGULATION_OF_ADIPOGENESIS_GENES_BY_MLL3_AND_MLL4_COMPLEXES	-0.0029627983515999982	5	2	3	-0.0029627983515999982	5	2	3	0.012149595075993246	5.0	4.0	1.0	0.012149595075993246	5.0	4.0	1.0	1.5889417401865378	0.01532567049808429	0.0760084325269301	ENSMUSG00000081058;ENSMUSG00000069308;ENSMUSG00000063954;ENSMUSG00000075031;ENSMUSG00000069306;ENSMUSG00000071516;ENSMUSG00000071478;ENSMUSG00000069301;ENSMUSG00000069303;ENSMUSG00000074403;ENSMUSG00000069300;ENSMUSG00000061615;ENSMUSG00000069309;ENSMUSG00000094248;ENSMUSG00000062727;ENSMUSG00000015846;ENSMUSG00000069266;ENSMUSG00000069267;ENSMUSG00000049932;ENSMUSG00000018102;ENSMUSG00000094777;ENSMUSG00000069272;ENSMUSG00000099517;ENSMUSG00000029478;ENSMUSG00000069307	False	False
spleen	R-MMU-9855142_CELLULAR_RESPONSES_TO_MECHANICAL_STIMULI	-0.0010969744706999997	5	3	2	-0.0010969744706999997	5	3	2	-0.0014910486129704275	5.0	2.0	3.0	-0.0014910486129704275	5.0	2.0	3.0	0.9243395779069028	0.5862068965517241	0.7058564487162065	ENSMUSG00000021823;ENSMUSG00000002997;ENSMUSG00000021699;ENSMUSG00000026193;ENSMUSG00000059588;ENSMUSG00000001240	True	False
spleen	R-MMU-9860931_RESPONSE_OF_ENDOTHELIAL_CELLS_TO_SHEAR_STRESS	0.011875838725000021	5	3	2	0.011875838725000021	5	3	2	-0.0014910486129704275	5.0	2.0	3.0	-0.0014910486129704275	5.0	2.0	3.0	0.9243395779069028	0.5862068965517241	0.7058564487162065	ENSMUSG00000021823;ENSMUSG00000002997;ENSMUSG00000021699;ENSMUSG00000026193;ENSMUSG00000059588;ENSMUSG00000001240	False	True
spleen	R-MMU-9909648_REGULATION_OF_PD_L1_CD274_EXPRESSION	-0.054276177036111185	5	0	5	-0.054276177036111185	5	0	5	0.00666256771825644	5.0	2.0	3.0	0.00666256771825644	5.0	2.0	3.0	1.6001931406788483	0.011479591836734694	0.07507382133767201	ENSMUSG00000081058;ENSMUSG00000069308;ENSMUSG00000063954;ENSMUSG00000075031;ENSMUSG00000069306;ENSMUSG00000071516;ENSMUSG00000071478;ENSMUSG00000069301;ENSMUSG00000069303;ENSMUSG00000074403;ENSMUSG00000069300;ENSMUSG00000009092;ENSMUSG00000061615;ENSMUSG00000069309;ENSMUSG00000094248;ENSMUSG00000062727;ENSMUSG00000069266;ENSMUSG00000026622;ENSMUSG00000069267;ENSMUSG00000049932;ENSMUSG00000029060;ENSMUSG00000018102;ENSMUSG00000094777;ENSMUSG00000069272;ENSMUSG00000099517	False	False
spleen	R-MMU-9909649_REGULATION_OF_PD_L1_CD274_TRANSCRIPTION	-0.004965210388077779	5	1	4	-0.00496521038807778	5	1	4	0.01215671654613584	5.0	3.0	2.0	0.01215671654613584	5.0	3.0	2.0	1.570606435546903	0.02204928664072633	0.08060959530481601	ENSMUSG00000081058;ENSMUSG00000069308;ENSMUSG00000063954;ENSMUSG00000075031;ENSMUSG00000069306;ENSMUSG00000071516;ENSMUSG00000071478;ENSMUSG00000069301;ENSMUSG00000069303;ENSMUSG00000074403;ENSMUSG00000069300;ENSMUSG00000061615;ENSMUSG00000069309;ENSMUSG00000094248;ENSMUSG00000062727;ENSMUSG00000069266;ENSMUSG00000069267;ENSMUSG00000049932;ENSMUSG00000018102;ENSMUSG00000094777;ENSMUSG00000069272;ENSMUSG00000099517	False	False
spleen	R-MMU-9917777_EPIGENETIC_REGULATION_BY_WDR5_CONTAINING_HISTONE_MODIFYING_COMPLEXES	-1.3093545054166516e-05	5	2	3	-1.3093545054166582e-05	5	2	3	0.009187241080125723	5.0	3.0	2.0	0.009187241080125723	5.0	3.0	2.0	1.5680256060318873	0.013630731102850062	0.07756978188369075	ENSMUSG00000081058;ENSMUSG00000069308;ENSMUSG00000063954;ENSMUSG00000075031;ENSMUSG00000069306;ENSMUSG00000071516;ENSMUSG00000071478;ENSMUSG00000069301;ENSMUSG00000069303;ENSMUSG00000107068;ENSMUSG00000074403;ENSMUSG00000069300;ENSMUSG00000061615;ENSMUSG00000069309;ENSMUSG00000094248;ENSMUSG00000038384;ENSMUSG00000062727;ENSMUSG00000015846;ENSMUSG00000069266;ENSMUSG00000069267;ENSMUSG00000048154;ENSMUSG00000049932;ENSMUSG00000018102;ENSMUSG00000094777;ENSMUSG00000069272;ENSMUSG00000099517;ENSMUSG00000002028;ENSMUSG00000029478;ENSMUSG00000069307	False	False
spleen	R-MMU-9932444_ATP_DEPENDENT_CHROMATIN_REMODELERS	-0.015609685563888897	5	2	3	-0.015609685563888897	5	2	3	0.009592989711517421	5.0	3.0	2.0	0.009592989711517421	5.0	3.0	2.0	1.7175434304268846	0.0025157232704402514	0.0630841893792764	ENSMUSG00000081058;ENSMUSG00000069308;ENSMUSG00000051149;ENSMUSG00000063954;ENSMUSG00000075031;ENSMUSG00000069306;ENSMUSG00000071516;ENSMUSG00000071478;ENSMUSG00000069301;ENSMUSG00000069303;ENSMUSG00000074403;ENSMUSG00000069300;ENSMUSG00000061615;ENSMUSG00000069309;ENSMUSG00000094248;ENSMUSG00000062727;ENSMUSG00000005893;ENSMUSG00000071064;ENSMUSG00000069266;ENSMUSG00000069267;ENSMUSG00000078154	False	False
spleen	R-MMU-9937848_CHD_CHROMATIN_REMODELERS	0.05038013302066665	5	2	3	0.05038013302066665	5	2	3	0.010979586969889352	5.0	3.0	2.0	0.010979586969889352	5.0	3.0	2.0	1.702631219329706	0.00510204081632653	0.06560340155292392	ENSMUSG00000081058;ENSMUSG00000069308;ENSMUSG00000051149;ENSMUSG00000063954;ENSMUSG00000075031;ENSMUSG00000069306;ENSMUSG00000071516;ENSMUSG00000071478;ENSMUSG00000069301;ENSMUSG00000069303;ENSMUSG00000074403;ENSMUSG00000069300;ENSMUSG00000061615;ENSMUSG00000069309;ENSMUSG00000094248;ENSMUSG00000062727;ENSMUSG00000005893;ENSMUSG00000071064;ENSMUSG00000069266;ENSMUSG00000069267;ENSMUSG00000078154	True	True
spleen	R-MMU-9937850_NURD_COMPLEX_ASSEMBLY	0.0007414155056611117	5	4	1	0.0007414155056611117	5	4	1	0.010738003837928223	5.0	3.0	2.0	0.010738003837928223	5.0	3.0	2.0	1.651898741184012	0.008871989860583017	0.06776005494364236	ENSMUSG00000081058;ENSMUSG00000069308;ENSMUSG00000063954;ENSMUSG00000075031;ENSMUSG00000069306;ENSMUSG00000071516;ENSMUSG00000071478;ENSMUSG00000069301;ENSMUSG00000069303;ENSMUSG00000074403;ENSMUSG00000069300;ENSMUSG00000061615;ENSMUSG00000069309;ENSMUSG00000094248;ENSMUSG00000062727;ENSMUSG00000005893;ENSMUSG00000071064;ENSMUSG00000069266;ENSMUSG00000069267;ENSMUSG00000078154;ENSMUSG00000049932;ENSMUSG00000018102;ENSMUSG00000094777;ENSMUSG00000069272;ENSMUSG00000099517;ENSMUSG00000018474;ENSMUSG00000069307	True	True
spleen	R-MMU-9940951_INTERACTION_OF_NURD_COMPLEXES_WITH_TRANSCRIPTION_FACTORS	0.007945262040222214	5	3	2	0.007945262040222214	5	3	2	0.010738003837928223	5.0	3.0	2.0	0.010738003837928223	5.0	3.0	2.0	1.651898741184012	0.008871989860583017	0.06776005494364236	ENSMUSG00000081058;ENSMUSG00000069308;ENSMUSG00000063954;ENSMUSG00000075031;ENSMUSG00000069306;ENSMUSG00000071516;ENSMUSG00000071478;ENSMUSG00000069301;ENSMUSG00000069303;ENSMUSG00000074403;ENSMUSG00000069300;ENSMUSG00000061615;ENSMUSG00000069309;ENSMUSG00000094248;ENSMUSG00000062727;ENSMUSG00000005893;ENSMUSG00000071064;ENSMUSG00000069266;ENSMUSG00000069267;ENSMUSG00000078154;ENSMUSG00000049932;ENSMUSG00000018102;ENSMUSG00000094777;ENSMUSG00000069272;ENSMUSG00000099517;ENSMUSG00000018474;ENSMUSG00000069307	True	True
spleen	R-MMU-9943965_CHD3_CHD4_CHD5_SUBFAMILY	5.112001554999982e-05	5	3	2	5.112001554999982e-05	5	3	2	0.011820672737937622	5.0	3.0	2.0	0.011820672737937622	5.0	3.0	2.0	1.700500941190408	0.005108556832694764	0.06253879292931147	ENSMUSG00000081058;ENSMUSG00000069308;ENSMUSG00000051149;ENSMUSG00000063954;ENSMUSG00000075031;ENSMUSG00000069306;ENSMUSG00000071516;ENSMUSG00000071478;ENSMUSG00000069301;ENSMUSG00000069303;ENSMUSG00000074403;ENSMUSG00000069300;ENSMUSG00000061615;ENSMUSG00000069309;ENSMUSG00000094248;ENSMUSG00000062727;ENSMUSG00000005893;ENSMUSG00000071064;ENSMUSG00000069266;ENSMUSG00000069267;ENSMUSG00000078154	True	True
spleen	R-MMU-9958825_ACTIVATION_OF_STAT3_BY_CADHERIN_ENGAGEMENT	-0.004466745945611109	5	2	3	-0.004466745945611109	5	2	3	0.004845654600215988	5.0	2.0	3.0	0.004845654600215988	5.0	2.0	3.0	1.0960948967784956	0.35384615384615387	0.4810609526329655	ENSMUSG00000058325;ENSMUSG00000021823;ENSMUSG00000034101;ENSMUSG00000021756	False	False
spleen	R-MMU-9958863_SLC_MEDIATED_TRANSPORT_OF_AMINO_ACIDS	0.09922132480138887	5	5	0	0.09922132480138887	5	5	0	0.029342260288305843	5.0	3.0	2.0	0.029342260288305843	5.0	3.0	2.0	1.634804010111789	0.005594405594405594	0.06590500327640683	ENSMUSG00000027075;ENSMUSG00000040010;ENSMUSG00000020142;ENSMUSG00000022180;ENSMUSG00000031297;ENSMUSG00000041313	True	True
spleen	R-MMU-9975921_ASSEMBLY_OF_THE_9_0_PRIMARY_CILIUM	0.031923600777777804	5	4	1	0.031923600777777804	5	4	1	-0.0003892344690789612	5.0	2.0	3.0	-0.0003892344690789612	5.0	2.0	3.0	0.5887168011589802	0.9758713136729222	0.985160962241764	ENSMUSG00000019942;ENSMUSG00000002997;ENSMUSG00000025758;ENSMUSG00000026622;ENSMUSG00000032855;ENSMUSG00000040549;ENSMUSG00000022377	False	True
