tissue	term	effect_seed2020	effect_seed2021	effect_seed2022	all_three_seeds_available	all_three_direction_concordant	seed_effect_median	seed_effect_minimum	seed_effect_maximum	primary_absolute_percentile
kidney	R-MMU-109581_APOPTOSIS	0.0355088042002923	0.0372192817643274	0.1111709899999999	True	True	0.0372192817643274	0.0355088042002923	0.1111709899999999	0.7105263157894737
kidney	R-MMU-109582_HEMOSTASIS	0.0173999371491229	0.0141865696052633	-0.0368472225146199	True	False	0.0141865696052633	-0.0368472225146199	0.0173999371491229	0.5361842105263158
kidney	R-MMU-110330_RECOGNITION_AND_ASSOCIATION_OF_DNA_GLYCOSYLASE_WITH_SITE_CONTAINING_AN_AFFECTED_PURINE	-6.667256479093336e-05	0.0006786715666081	-0.0002177752086827	True	False	-6.667256479093336e-05	-0.0002177752086827	0.0006786715666081	0.0131578947368421
kidney	R-MMU-110331_CLEAVAGE_OF_THE_DAMAGED_PURINE	-0.0002277548825102	NA	0.0008907743209473	False	False	0.0003315097192185	-0.0002277548825102	0.0008907743209473	0.0361842105263157
kidney	R-MMU-111465_APOPTOTIC_CLEAVAGE_OF_CELLULAR_PROTEINS	-0.0287463355732456	0.103108640733918	NA	False	False	0.0371811525803362	-0.0287463355732456	0.103108640733918	0.6381578947368421
kidney	R-MMU-111885_OPIOID_SIGNALLING	0.0014190849393742	NA	NA	False	False	0.0014190849393742	0.0014190849393742	0.0014190849393742	0.1842105263157894
kidney	R-MMU-112314_NEUROTRANSMITTER_RECEPTORS_AND_POSTSYNAPTIC_SIGNAL_TRANSMISSION	-0.0045087742295321	0.0151853100292395	-0.0149095668918127	True	False	-0.0045087742295321	-0.0149095668918127	0.0151853100292395	0.3848684210526316
kidney	R-MMU-112315_TRANSMISSION_ACROSS_CHEMICAL_SYNAPSES	-0.0696307578362574	-0.0793705640497075	-0.086575723362573	True	True	-0.0793705640497075	-0.086575723362573	-0.0696307578362574	0.9046052631578948
kidney	R-MMU-112316_NEURONAL_SYSTEM	-0.0270541414912281	-0.0008685842982454	-0.026517922982456	True	True	-0.026517922982456	-0.0270541414912281	-0.0008685842982454	0.6282894736842105
kidney	R-MMU-114608_PLATELET_DEGRANULATION	0.1431583571038011	0.0517811723976604	0.2066134147049707	True	True	0.1431583571038011	0.0517811723976604	0.2066134147049707	1.0
kidney	R-MMU-1169410_ANTIMICROBIAL_MECHANISM_OF_IFN_STIMULATED_GENES	-0.000695202251562	-0.0030145461539473	NA	False	False	-0.0018548742027546	-0.0030145461539473	-0.000695202251562	0.1019736842105263
kidney	R-MMU-1222556_ROS_AND_RNS_PRODUCTION_IN_PHAGOCYTES	-0.0097465064567251	NA	NA	False	False	-0.0097465064567251	-0.0097465064567251	-0.0097465064567251	0.4440789473684211
kidney	R-MMU-1236975_ANTIGEN_PROCESSING_CROSS_PRESENTATION	-0.0001079132262748	NA	NA	False	False	-0.0001079132262748	-0.0001079132262748	-0.0001079132262748	0.0164473684210526
kidney	R-MMU-1257604_PIP3_ACTIVATES_AKT_SIGNALING	-0.0025791454035087	-0.037141036111111	-0.0176045418216373	True	True	-0.0176045418216373	-0.037141036111111	-0.0025791454035087	0.3026315789473684
kidney	R-MMU-1266738_DEVELOPMENTAL_BIOLOGY	0.0967190057748541	0.0325783879093568	0.0476093478801171	True	True	0.0476093478801171	0.0325783879093568	0.0967190057748541	0.9539473684210528
kidney	R-MMU-1280215_CYTOKINE_SIGNALING_IN_IMMUNE_SYSTEM	-0.0361623448245611	-0.0683274993567254	-0.0414863719298247	True	True	-0.0414863719298247	-0.0683274993567254	-0.0361623448245611	0.7171052631578947
kidney	R-MMU-1280218_ADAPTIVE_IMMUNE_SYSTEM	-0.0914697839254385	-0.1551083951754387	-0.0449498505263159	True	True	-0.0914697839254385	-0.1551083951754387	-0.0449498505263159	0.944078947368421
kidney	R-MMU-1296071_POTASSIUM_CHANNELS	-0.0332830468421054	-0.0366309123099415	-0.0442266275730993	True	True	-0.0366309123099415	-0.0442266275730993	-0.0332830468421054	0.6875
kidney	R-MMU-1428517_AEROBIC_RESPIRATION_AND_RESPIRATORY_ELECTRON_TRANSPORT	-0.0351437695614034	-0.0165635168713452	-0.0050249772368421	True	True	-0.0165635168713452	-0.0351437695614034	-0.0050249772368421	0.7039473684210527
kidney	R-MMU-1430728_METABOLISM	0.1124969715058479	0.1396940137573099	0.1276492997807013	True	True	0.1276492997807013	0.1124969715058479	0.1396940137573099	0.993421052631579
kidney	R-MMU-1442490_COLLAGEN_DEGRADATION	-0.0364067727777777	-0.0313262553947369	0.0264087081432748	True	False	-0.0313262553947369	-0.0364067727777777	0.0264087081432748	0.7236842105263158
kidney	R-MMU-1474228_DEGRADATION_OF_THE_EXTRACELLULAR_MATRIX	0.0928780325766813	0.088342858099415	0.0181256317982455	True	True	0.088342858099415	0.0181256317982455	0.0928780325766813	0.950657894736842
kidney	R-MMU-1474244_EXTRACELLULAR_MATRIX_ORGANIZATION	-0.0036780117105263	0.0548002584502921	0.0559979190935669	True	False	0.0548002584502921	-0.0036780117105263	0.0559979190935669	0.3618421052631579
kidney	R-MMU-1474290_COLLAGEN_FORMATION	0.0189894201725145	0.0875481579985379	0.0090907597514618	True	True	0.0189894201725145	0.0090907597514618	0.0875481579985379	0.5394736842105263
kidney	R-MMU-1483206_GLYCEROPHOSPHOLIPID_BIOSYNTHESIS	0.0417813221733918	0.0398751607975146	0.0517731671752923	True	True	0.0417813221733918	0.0398751607975146	0.0517731671752923	0.7828947368421053
kidney	R-MMU-1483257_PHOSPHOLIPID_METABOLISM	-0.0248264495365497	-0.0673376987138888	-0.0625495196535087	True	True	-0.0625495196535087	-0.0673376987138888	-0.0248264495365497	0.6085526315789473
kidney	R-MMU-1500931_CELL_CELL_COMMUNICATION	0.035364710959649	0.1002269489327485	0.0049930382985847	True	True	0.035364710959649	0.0049930382985847	0.1002269489327485	0.7072368421052632
kidney	R-MMU-156580_PHASE_II_CONJUGATION_OF_COMPOUNDS	-0.005860264619883	-0.0272985602192982	-0.0389948980891813	True	True	-0.0272985602192982	-0.0389948980891813	-0.005860264619883	0.4144736842105263
kidney	R-MMU-156588_GLUCURONIDATION	-0.0585556107365497	-0.0858010197447367	-0.0811476544061403	True	True	-0.0811476544061403	-0.0858010197447367	-0.0585556107365497	0.8618421052631579
kidney	R-MMU-156590_GLUTATHIONE_CONJUGATION	-0.0003281373238889	0.0365851308061403	0.0339657302182748	True	False	0.0339657302182748	-0.0003281373238889	0.0365851308061403	0.0394736842105263
kidney	R-MMU-1566948_ELASTIC_FIBRE_FORMATION	0.0630813898230994	0.0698054224488303	0.06173076122807	True	True	0.0630813898230994	0.06173076122807	0.0698054224488303	0.8848684210526315
kidney	R-MMU-156827_L13A_MEDIATED_TRANSLATIONAL_SILENCING_OF_CERULOPLASMIN_EXPRESSION	0.00204083180369	-0.0433021290990643	NA	False	False	-0.0206306486476871	-0.0433021290990643	0.00204083180369	0.2565789473684211
kidney	R-MMU-157579_TELOMERE_MAINTENANCE	-0.0024491375426286	-0.0020491769782192	-0.0018224837199239	True	True	-0.0020491769782192	-0.0024491375426286	-0.0018224837199239	0.2927631578947368
kidney	R-MMU-157858_GAP_JUNCTION_TRAFFICKING_AND_REGULATION	-0.0016404104897002	-0.0320877408333329	NA	False	False	-0.0168640756615166	-0.0320877408333329	-0.0016404104897002	0.2072368421052631
kidney	R-MMU-15869_METABOLISM_OF_NUCLEOTIDES	-0.0398474713888888	-0.0754712194005849	-0.051358782353801	True	True	-0.051358782353801	-0.0754712194005849	-0.0398474713888888	0.7631578947368421
kidney	R-MMU-1592389_ACTIVATION_OF_MATRIX_METALLOPROTEINASES	-0.0026993803681286	-0.0005375493115497	-0.0080410984336842	True	True	-0.0026993803681286	-0.0080410984336842	-0.0005375493115497	0.3190789473684211
kidney	R-MMU-162582_SIGNAL_TRANSDUCTION	0.0115467956432747	0.0840246231725144	0.0201140909795315	True	True	0.0201140909795315	0.0115467956432747	0.0840246231725144	0.4736842105263157
kidney	R-MMU-1630316_GLYCOSAMINOGLYCAN_METABOLISM	0.0380518877531286	-0.0489430190230993	-0.0324743016481724	True	False	-0.0324743016481724	-0.0489430190230993	0.0380518877531286	0.7401315789473685
kidney	R-MMU-163125_POST_TRANSLATIONAL_MODIFICATION_SYNTHESIS_OF_GPI_ANCHORED_PROTEINS	0.0350838093859649	-0.0752287603347953	-0.0058834872017544	True	False	-0.0058834872017544	-0.0752287603347953	0.0350838093859649	0.7006578947368421
kidney	R-MMU-163685_INTEGRATION_OF_ENERGY_METABOLISM	0.0205579376301169	0.0468311140717104	0.0445356616324562	True	True	0.0445356616324562	0.0205579376301169	0.0468311140717104	0.5592105263157895
kidney	R-MMU-1638091_HEPARAN_SULFATE_HEPARIN_HS_GAG_METABOLISM	0.0001513909584239	NA	-0.0016565213860613	False	False	-0.0007525652138186	-0.0016565213860613	0.0001513909584239	0.0230263157894736
kidney	R-MMU-1640170_CELL_CYCLE	0.0237933569239766	-0.0340935516586256	0.015926910747076	True	False	0.015926910747076	-0.0340935516586256	0.0237933569239766	0.5888157894736842
kidney	R-MMU-1650814_COLLAGEN_BIOSYNTHESIS_AND_MODIFYING_ENZYMES	0.054389247166228	0.0097009117071491	0.0627226219210527	True	True	0.054389247166228	0.0097009117071491	0.0627226219210527	0.8421052631578947
kidney	R-MMU-166016_TOLL_LIKE_RECEPTOR_4_TLR4_CASCADE	0.0438070881988302	0.0013515545637573	3.219229039912204e-05	True	True	0.0013515545637573	3.219229039912204e-05	0.0438070881988302	0.7993421052631579
kidney	R-MMU-166166_MYD88_INDEPENDENT_TLR4_CASCADE	-0.0025397400596374	0.0002731364197295	0.0004729590724605	True	False	0.0002731364197295	-0.0025397400596374	0.0004729590724605	0.2993421052631579
kidney	R-MMU-166520_SIGNALING_BY_NTRKS	-0.015053191247076	NA	NA	False	False	-0.015053191247076	-0.015053191247076	-0.015053191247076	0.5131578947368421
kidney	R-MMU-166658_COMPLEMENT_CASCADE	0.0161268706286547	0.0799952186681285	-0.0230845889369006	True	False	0.0161268706286547	-0.0230845889369006	0.0799952186681285	0.5230263157894737
kidney	R-MMU-166663_INITIAL_TRIGGERING_OF_COMPLEMENT	NA	0.0213526609124561	-0.0115281509239766	False	False	0.0049122549942397	-0.0115281509239766	0.0213526609124561	NA
kidney	R-MMU-166786_CREATION_OF_C4_AND_C2_ACTIVATORS	-0.0001545982870321	NA	NA	False	False	-0.0001545982870321	-0.0001545982870321	-0.0001545982870321	0.0263157894736842
kidney	R-MMU-168138_TOLL_LIKE_RECEPTOR_9_TLR9_CASCADE	-0.0007062378382704	NA	0.0008898188389751	False	False	9.179050035234166e-05	-0.0007062378382704	0.0008898188389751	0.1052631578947368
kidney	R-MMU-168181_TOLL_LIKE_RECEPTOR_7_8_TLR7_8_CASCADE	0.0012501883076666	NA	-0.0031567312599619	False	False	-0.0009532714761476	-0.0031567312599619	0.0012501883076666	0.1546052631578947
kidney	R-MMU-168249_INNATE_IMMUNE_SYSTEM	-0.0751073163011696	-0.1183820256438742	-0.1477676948751461	True	True	-0.1183820256438742	-0.1477676948751461	-0.0751073163011696	0.9177631578947368
kidney	R-MMU-168256_IMMUNE_SYSTEM	-0.0991074501461984	-0.0435226822368415	-0.1215709040935672	True	True	-0.0991074501461984	-0.1215709040935672	-0.0435226822368415	0.9638157894736842
kidney	R-MMU-168898_TOLL_LIKE_RECEPTOR_CASCADES	0.0098138025039473	-0.0690720751900584	-0.0345760380950584	True	False	-0.0345760380950584	-0.0690720751900584	0.0098138025039473	0.4473684210526316
kidney	R-MMU-170834_SIGNALING_BY_TGF_BETA_RECEPTOR_COMPLEX	-0.0012940184176198	0.0002142379750681	-0.0073711217675438	True	False	-0.0012940184176198	-0.0073711217675438	0.0002142379750681	0.1644736842105263
kidney	R-MMU-174824_PLASMA_LIPOPROTEIN_ASSEMBLY_REMODELING_AND_CLEARANCE	0.0986064472295322	0.0985045225584795	-0.0126907650203216	True	False	0.0985045225584795	-0.0126907650203216	0.0986064472295322	0.9605263157894736
kidney	R-MMU-1793185_CHONDROITIN_SULFATE_DERMATAN_SULFATE_METABOLISM	0.0018950123025979	-0.0022119355007383	NA	False	False	-0.0001584615990701	-0.0022119355007383	0.0018950123025979	0.2401315789473684
kidney	R-MMU-1799339_SRP_DEPENDENT_COTRANSLATIONAL_PROTEIN_TARGETING_TO_MEMBRANE	0.0005767779578093	NA	-0.0964435148168128	False	False	-0.0479333684295017	-0.0964435148168128	0.0005767779578093	0.0756578947368421
kidney	R-MMU-1852241_ORGANELLE_BIOGENESIS_AND_MAINTENANCE	NA	-0.016207419983918	NA	False	False	-0.016207419983918	-0.016207419983918	-0.016207419983918	NA
kidney	R-MMU-186797_SIGNALING_BY_PDGF	-0.0020322622759984	NA	NA	False	False	-0.0020322622759984	-0.0020322622759984	-0.0020322622759984	0.25
kidney	R-MMU-192105_SYNTHESIS_OF_BILE_ACIDS_AND_BILE_SALTS	0.0260085716965497	NA	NA	False	False	0.0260085716965497	0.0260085716965497	0.0260085716965497	0.6151315789473685
kidney	R-MMU-193368_SYNTHESIS_OF_BILE_ACIDS_AND_BILE_SALTS_VIA_7ALPHA_HYDROXYCHOLESTEROL	NA	0.0256915809521344	NA	False	False	0.0256915809521344	0.0256915809521344	0.0256915809521344	NA
kidney	R-MMU-193704_P75_NTR_RECEPTOR_MEDIATED_SIGNALLING	-0.0031373978177938	-0.0018470665104459	-0.0021643852913889	True	True	-0.0021643852913889	-0.0031373978177938	-0.0018470665104459	0.3388157894736842
kidney	R-MMU-194068_BILE_ACID_AND_BILE_SALT_METABOLISM	0.010833786794883	NA	-0.0040248454093567	False	False	0.0034044706927631	-0.0040248454093567	0.010833786794883	0.4605263157894737
kidney	R-MMU-194138_SIGNALING_BY_VEGF	-0.0141412662719297	0.0485067120219297	-0.0203326849385964	True	False	-0.0141412662719297	-0.0203326849385964	0.0485067120219297	0.5032894736842105
kidney	R-MMU-194315_SIGNALING_BY_RHO_GTPASES	-0.0061768404093567	0.0559186128367105	0.0172902762719298	True	False	0.0172902762719298	-0.0061768404093567	0.0559186128367105	0.4210526315789473
kidney	R-MMU-195258_RHO_GTPASE_EFFECTORS	-0.0588442015139473	-0.0748527123552631	0.0272353406559239	True	False	-0.0588442015139473	-0.0748527123552631	0.0272353406559239	0.868421052631579
kidney	R-MMU-195721_SIGNALING_BY_WNT	0.0673427095614033	0.0333414833479532	0.0726824152485379	True	True	0.0673427095614033	0.0333414833479532	0.0726824152485379	0.9013157894736842
kidney	R-MMU-196071_METABOLISM_OF_STEROID_HORMONES	0.1101655525843566	0.0812440280782309	0.0768618482557017	True	True	0.0812440280782309	0.0768618482557017	0.1101655525843566	0.9835526315789472
kidney	R-MMU-196849_METABOLISM_OF_WATER_SOLUBLE_VITAMINS_AND_COFACTORS	-0.0164957420175439	0.0312928381432749	0.0231221426681288	True	False	0.0231221426681288	-0.0164957420175439	0.0312928381432749	0.5263157894736842
kidney	R-MMU-196854_METABOLISM_OF_VITAMINS_AND_COFACTORS	-0.0247112325	-0.0549917917690062	-0.0483307890497076	True	True	-0.0483307890497076	-0.0549917917690062	-0.0247112325	0.6052631578947368
kidney	R-MMU-1971475_GLYCOSAMINOGLYCAN_PROTEIN_LINKAGE_REGION_BIOSYNTHESIS	-0.0007587687605928	0.0145211368290058	0.0261693689453216	True	False	0.0145211368290058	-0.0007587687605928	0.0261693689453216	0.1151315789473684
kidney	R-MMU-198933_IMMUNOREGULATORY_INTERACTIONS_BETWEEN_A_LYMPHOID_AND_A_NON_LYMPHOID_CELL	-0.0561736426023391	-0.09049437165138	-0.0659271768713447	True	True	-0.0659271768713447	-0.09049437165138	-0.0561736426023391	0.8453947368421053
kidney	R-MMU-199418_NEGATIVE_REGULATION_OF_THE_PI3K_AKT_NETWORK	-0.0114703654576023	0.0129820266975146	NA	False	False	0.0007558306199561	-0.0114703654576023	0.0129820266975146	0.4671052631578947
kidney	R-MMU-199977_ER_TO_GOLGI_ANTEROGRADE_TRANSPORT	-2.3911580968416616e-05	0.0068269852843479	0.0016499728501286	True	False	0.0016499728501286	-2.3911580968416616e-05	0.0068269852843479	0.006578947368421
kidney	R-MMU-199991_MEMBRANE_TRAFFICKING	0.0450786393713448	0.0811211169590641	-0.0671209399415204	True	False	0.0450786393713448	-0.0671209399415204	0.0811211169590641	0.8026315789473685
kidney	R-MMU-201681_TCF_DEPENDENT_SIGNALING_IN_RESPONSE_TO_WNT	-0.007627301244152	-0.0062642475073099	0.0003121705730993	True	False	-0.0062642475073099	-0.007627301244152	0.0003121705730993	0.4342105263157895
kidney	R-MMU-2022090_ASSEMBLY_OF_COLLAGEN_FIBRILS_AND_OTHER_MULTIMERIC_STRUCTURES	0.0422575835058479	0.0019333281140351	0.0709190591524122	True	True	0.0422575835058479	0.0019333281140351	0.0709190591524122	0.7861842105263158
kidney	R-MMU-202403_TCR_SIGNALING	-0.0489727699631871	-0.0113828791330409	-0.0952736921973684	True	True	-0.0489727699631871	-0.0952736921973684	-0.0113828791330409	0.8223684210526315
kidney	R-MMU-202733_CELL_SURFACE_INTERACTIONS_AT_THE_VASCULAR_WALL	-0.0300841048976608	-0.0019716938084794	-0.1008024453640349	True	True	-0.0300841048976608	-0.1008024453640349	-0.0019716938084794	0.6578947368421053
kidney	R-MMU-2029482_REGULATION_OF_ACTIN_DYNAMICS_FOR_PHAGOCYTIC_CUP_FORMATION	NA	NA	-0.0010442659398377	False	False	-0.0010442659398377	-0.0010442659398377	-0.0010442659398377	NA
kidney	R-MMU-204998_CELL_DEATH_SIGNALLING_VIA_NRAGE_NRIF_AND_NADE	0.0113803467543859	NA	NA	False	False	0.0113803467543859	0.0113803467543859	0.0113803467543859	0.4638157894736842
kidney	R-MMU-211859_BIOLOGICAL_OXIDATIONS	-0.07192443878655	-0.1276647626461988	-0.1099445949122804	True	True	-0.1099445949122804	-0.1276647626461988	-0.07192443878655	0.9078947368421052
kidney	R-MMU-211897_CYTOCHROME_P450_ARRANGED_BY_SUBSTRATE_TYPE	-0.0384014856058479	-0.0022806990546782	-0.0338971283450291	True	True	-0.0338971283450291	-0.0384014856058479	-0.0022806990546782	0.7467105263157895
kidney	R-MMU-211945_PHASE_I_FUNCTIONALIZATION_OF_COMPOUNDS	-0.0316671265217836	0.1083551843757308	0.0716647737819444	True	False	0.0716647737819444	-0.0316671265217836	0.1083551843757308	0.6644736842105263
kidney	R-MMU-212165_EPIGENETIC_REGULATION_OF_GENE_EXPRESSION	-0.045982788541652	-0.021192395369883	NA	False	False	-0.0335875919557675	-0.045982788541652	-0.021192395369883	0.8157894736842105
kidney	R-MMU-212300_PRC2_METHYLATES_HISTONES_AND_DNA	0.0006513349876929	0.0030115816024795	-0.0002712710259488	True	False	0.0006513349876929	-0.0002712710259488	0.0030115816024795	0.0986842105263157
kidney	R-MMU-212436_GENERIC_TRANSCRIPTION_PATHWAY	-0.0279455311842105	-0.018806060599415	-0.0155859688304092	True	True	-0.018806060599415	-0.0279455311842105	-0.0155859688304092	0.631578947368421
kidney	R-MMU-2129379_MOLECULES_ASSOCIATED_WITH_ELASTIC_FIBRES	0.033935031248538	0.045437208230994	0.0394107159805555	True	True	0.0394107159805555	0.033935031248538	0.045437208230994	0.694078947368421
kidney	R-MMU-2132295_MHC_CLASS_II_ANTIGEN_PRESENTATION	-0.0145567037371345	-0.1171630502017543	-0.0488842393326608	True	True	-0.0488842393326608	-0.1171630502017543	-0.0145567037371345	0.506578947368421
kidney	R-MMU-2142753_ARACHIDONATE_METABOLISM	-0.0744308441725147	0.0322164606271929	-0.1115188915394736	True	False	-0.0744308441725147	-0.1115188915394736	0.0322164606271929	0.9144736842105264
kidney	R-MMU-216083_INTEGRIN_CELL_SURFACE_INTERACTIONS	0.0256169385453216	0.0889524996520467	-0.0274710254254386	True	False	0.0256169385453216	-0.0274710254254386	0.0889524996520467	0.6118421052631579
kidney	R-MMU-2168880_SCAVENGING_OF_HEME_FROM_PLASMA	0.0523110038793858	0.23981380625	0.0400379860265379	True	True	0.0523110038793858	0.0400379860265379	0.23981380625	0.8355263157894737
kidney	R-MMU-2173782_BINDING_AND_UPTAKE_OF_LIGANDS_BY_SCAVENGER_RECEPTORS	-0.0919729737690058	-0.0859589149283625	-0.1453393228545322	True	True	-0.0919729737690058	-0.1453393228545322	-0.0859589149283625	0.9473684210526316
kidney	R-MMU-2173789_TGF_BETA_RECEPTOR_SIGNALING_ACTIVATES_SMADS	0.0386755189193859	-0.001087478199959	0.0260389483552631	True	False	0.0260389483552631	-0.001087478199959	0.0386755189193859	0.75
kidney	R-MMU-2187338_VISUAL_PHOTOTRANSDUCTION	-0.0290647172953216	-0.0253515658918128	NA	False	False	-0.0272081415935672	-0.0290647172953216	-0.0253515658918128	0.6414473684210527
kidney	R-MMU-2262752_CELLULAR_RESPONSES_TO_STRESS	-0.0640339142690058	0.1032271801315797	-0.015468191140351	True	False	-0.015468191140351	-0.0640339142690058	0.1032271801315797	0.8881578947368421
kidney	R-MMU-2299718_CONDENSATION_OF_PROPHASE_CHROMOSOMES	-0.0023863588772967	-0.0019301817522309	0.0263252139207602	True	False	-0.0019301817522309	-0.0023863588772967	0.0263252139207602	0.2763157894736842
kidney	R-MMU-2454202_FC_EPSILON_RECEPTOR_FCERI_SIGNALING	-0.0150929328508772	NA	-0.0307704916038011	False	False	-0.0229317122273391	-0.0307704916038011	-0.0150929328508772	0.5164473684210527
kidney	R-MMU-2467813_SEPARATION_OF_SISTER_CHROMATIDS	-0.002438864785978	-0.0055152280786549	NA	False	False	-0.0039770464323165	-0.0055152280786549	-0.002438864785978	0.2894736842105263
kidney	R-MMU-2500257_RESOLUTION_OF_SISTER_CHROMATID_COHESION	-0.0024088949837069	0.0015427697168771	0.0009762352575994	True	False	0.0009762352575994	-0.0024088949837069	0.0015427697168771	0.2861842105263157
kidney	R-MMU-2555396_MITOTIC_METAPHASE_AND_ANAPHASE	0.0017880699552631	-0.0085675073197996	-0.003218744103497	True	False	-0.003218744103497	-0.0085675073197996	0.0017880699552631	0.2269736842105263
kidney	R-MMU-2559583_CELLULAR_SENESCENCE	0.0127063679678362	0.0087169169312866	0.021590199868421	True	True	0.0127063679678362	0.0087169169312866	0.021590199868421	0.4868421052631579
kidney	R-MMU-2559586_DNA_DAMAGE_TELOMERE_STRESS_INDUCED_SENESCENCE	-0.0131568379175146	-0.0205639931711988	-0.0047901019866958	True	True	-0.0131568379175146	-0.0205639931711988	-0.0047901019866958	0.4901315789473684
kidney	R-MMU-2672351_STIMULI_SENSING_CHANNELS	0.0781700057736842	-0.0135777512061402	-0.0271130623099415	True	False	-0.0135777512061402	-0.0271130623099415	0.0781700057736842	0.924342105263158
kidney	R-MMU-2682334_EPH_EPHRIN_SIGNALING	-0.008874993115997	NA	NA	False	False	-0.008874993115997	-0.008874993115997	-0.008874993115997	0.4407894736842105
kidney	R-MMU-2980736_PEPTIDE_HORMONE_METABOLISM	0.0397670950175437	0.0607635180394737	0.0272223415847954	True	True	0.0397670950175437	0.0272223415847954	0.0607635180394737	0.7598684210526315
kidney	R-MMU-2990846_SUMOYLATION	-0.0169564091169591	0.0005704258725146	-0.009268621122807	True	False	-0.009268621122807	-0.0169564091169591	0.0005704258725146	0.5328947368421053
kidney	R-MMU-3000171_NON_INTEGRIN_MEMBRANE_ECM_INTERACTIONS	0.040328440498538	-0.0023202887614181	0.0209097567054093	True	False	0.0209097567054093	-0.0023202887614181	0.040328440498538	0.7763157894736842
kidney	R-MMU-3000178_ECM_PROTEOGLYCANS	0.100975812482456	0.0955466980116227	0.0928647998479531	True	True	0.0955466980116227	0.0928647998479531	0.100975812482456	0.9736842105263158
kidney	R-MMU-3108232_SUMO_E3_LIGASES_SUMOYLATE_TARGET_PROTEINS	-0.000495848989486	-0.0006461452525485	0.0057157069064326	True	False	-0.000495848989486	-0.0006461452525485	0.0057157069064326	0.0625
kidney	R-MMU-3214841_PKMTS_METHYLATE_HISTONE_LYSINES	-0.0015897116739678	NA	NA	False	False	-0.0015897116739678	-0.0015897116739678	-0.0015897116739678	0.1973684210526315
kidney	R-MMU-3214842_HDMS_DEMETHYLATE_HISTONES	-0.0020339335779441	NA	NA	False	False	-0.0020339335779441	-0.0020339335779441	-0.0020339335779441	0.2532894736842105
kidney	R-MMU-3214847_HATS_ACETYLATE_HISTONES	-0.0269676220263157	NA	NA	False	False	-0.0269676220263157	-0.0269676220263157	-0.0269676220263157	0.625
kidney	R-MMU-3214858_RMTS_METHYLATE_HISTONE_ARGININES	-0.0027665532265628	-0.000480837158038	0.0039233746416812	True	False	-0.000480837158038	-0.0027665532265628	0.0039233746416812	0.3223684210526316
kidney	R-MMU-3247509_CHROMATIN_MODIFYING_ENZYMES	-0.057269374864035	-0.0055992279342105	-0.0310630125096052	True	True	-0.0310630125096052	-0.057269374864035	-0.0055992279342105	0.8585526315789473
kidney	R-MMU-3371497_HSP90_CHAPERONE_CYCLE_FOR_STEROID_HORMONE_RECEPTORS_SHR_IN_THE_PRESENCE_OF_LIGAND	NA	0.0006070844636622	NA	False	False	0.0006070844636622	0.0006070844636622	0.0006070844636622	NA
kidney	R-MMU-352230_AMINO_ACID_TRANSPORT_ACROSS_THE_PLASMA_MEMBRANE	-0.0134997440435672	NA	-0.0186461868378216	False	False	-0.0160729654406944	-0.0186461868378216	-0.0134997440435672	0.4934210526315789
kidney	R-MMU-3700989_TRANSCRIPTIONAL_REGULATION_BY_TP53	0.00333265966	-0.0200765343390175	NA	False	False	-0.0083719373395087	-0.0200765343390175	0.00333265966	0.3486842105263157
kidney	R-MMU-372790_SIGNALING_BY_GPCR	0.039998219839181	-0.0531299752923976	-0.0916793035233919	True	False	-0.0531299752923976	-0.0916793035233919	0.039998219839181	0.7697368421052632
kidney	R-MMU-373076_CLASS_A_1_RHODOPSIN_LIKE_RECEPTORS	-0.0071595706915204	-0.039581486461988	-0.1271163048815789	True	True	-0.039581486461988	-0.1271163048815789	-0.0071595706915204	0.4276315789473684
kidney	R-MMU-373755_SEMAPHORIN_INTERACTIONS	-0.030076975619883	NA	0.0126895708505262	False	False	-0.0086937023846783	-0.030076975619883	0.0126895708505262	0.6546052631578947
kidney	R-MMU-373760_L1CAM_INTERACTIONS	-0.010328169645614	-0.0042358803237163	NA	False	False	-0.0072820249846652	-0.010328169645614	-0.0042358803237163	0.4572368421052631
kidney	R-MMU-375165_NCAM_SIGNALING_FOR_NEURITE_OUT_GROWTH	-0.0018819472113947	0.030193332991228	0.0256799999473684	True	False	0.0256799999473684	-0.0018819472113947	0.030193332991228	0.2368421052631578
kidney	R-MMU-375276_PEPTIDE_LIGAND_BINDING_RECEPTORS	-0.0569927040029241	-0.140052851008772	-0.0820701449584795	True	True	-0.0820701449584795	-0.140052851008772	-0.0569927040029241	0.8519736842105263
kidney	R-MMU-380108_CHEMOKINE_RECEPTORS_BIND_CHEMOKINES	0.0247067152862573	-0.025363824447076	-0.0371604980521783	True	False	-0.025363824447076	-0.0371604980521783	0.0247067152862573	0.6019736842105263
kidney	R-MMU-381426_REGULATION_OF_INSULIN_LIKE_GROWTH_FACTOR_IGF_TRANSPORT_AND_UPTAKE_BY_INSULIN_LIKE_GROWTH_FACTOR_BINDING_PROTEINS_IGFBPS	0.1120095795292398	0.0282071457042397	0.0774237467997076	True	True	0.0774237467997076	0.0282071457042397	0.1120095795292398	0.9901315789473684
kidney	R-MMU-382551_TRANSPORT_OF_SMALL_MOLECULES	0.011496191856725	0.0531220809941519	0.0483049391228072	True	True	0.0483049391228072	0.011496191856725	0.0531220809941519	0.4703947368421052
kidney	R-MMU-382556_ABC_FAMILY_PROTEIN_MEDIATED_TRANSPORT	0.0290801278874267	0.0414112598318712	0.0510290976739767	True	True	0.0414112598318712	0.0290801278874267	0.0510290976739767	0.6447368421052632
kidney	R-MMU-383280_NUCLEAR_RECEPTOR_TRANSCRIPTION_PATHWAY	0.0398764871461987	-0.0218077487865494	0.0482368034035087	True	False	0.0398764871461987	-0.0218077487865494	0.0482368034035087	0.7664473684210527
kidney	R-MMU-3858494_BETA_CATENIN_INDEPENDENT_WNT_SIGNALING	-0.0116989007880117	-0.0122174808801169	0.0409066756076023	True	False	-0.0116989007880117	-0.0122174808801169	0.0409066756076023	0.4769736842105263
kidney	R-MMU-388396_GPCR_DOWNSTREAM_SIGNALLING	0.0260740686695906	-0.0353526183909356	0.1146515620847952	True	False	0.0260740686695906	-0.0353526183909356	0.1146515620847952	0.618421052631579
kidney	R-MMU-388841_REGULATION_OF_T_CELL_ACTIVATION_BY_CD28_FAMILY	-0.0041350934291373	-0.0973738233630116	-0.0422986306615497	True	True	-0.0422986306615497	-0.0973738233630116	-0.0041350934291373	0.3782894736842105
kidney	R-MMU-389948_CO_INHIBITION_BY_PD_1	0.0058299135353142	-0.0047880794145336	-0.009535063786366	True	False	-0.0047880794145336	-0.009535063786366	0.0058299135353142	0.4111842105263157
kidney	R-MMU-392499_METABOLISM_OF_PROTEINS	0.083896327631578	0.136244265058479	0.1440220199561406	True	True	0.136244265058479	0.083896327631578	0.1440220199561406	0.930921052631579
kidney	R-MMU-397014_MUSCLE_CONTRACTION	0.0528603024707604	-0.0104355973099412	0.034336602792397	True	False	0.034336602792397	-0.0104355973099412	0.0528603024707604	0.8388157894736842
kidney	R-MMU-416476_G_ALPHA_Q_SIGNALLING_EVENTS	0.0589792721280701	0.0198933240312865	-0.0663301517163742	True	False	0.0198933240312865	-0.0663301517163742	0.0589792721280701	0.8717105263157895
kidney	R-MMU-416482_G_ALPHA_12_13_SIGNALLING_EVENTS	0.0011730436076143	0.0009544952202923	0.001487621819845	True	True	0.0011730436076143	0.0009544952202923	0.001487621819845	0.1480263157894736
kidney	R-MMU-418346_PLATELET_HOMEOSTASIS	-0.001253841226645	-0.0099195213231725	-0.0175584144062865	True	True	-0.0099195213231725	-0.0175584144062865	-0.001253841226645	0.1578947368421052
kidney	R-MMU-418555_G_ALPHA_S_SIGNALLING_EVENTS	-0.0011536794208347	0.0618344516207601	0.0146270474238303	True	False	0.0146270474238303	-0.0011536794208347	0.0618344516207601	0.1447368421052631
kidney	R-MMU-418594_G_ALPHA_I_SIGNALLING_EVENTS	-0.1007964916374269	-0.0933322681286549	-0.0454831498194444	True	True	-0.0933322681286549	-0.1007964916374269	-0.0454831498194444	0.9703947368421052
kidney	R-MMU-418990_ADHERENS_JUNCTIONS_INTERACTIONS	-0.0197556240576451	-0.0373354878418127	-0.0203433291769005	True	True	-0.0203433291769005	-0.0373354878418127	-0.0197556240576451	0.5493421052631579
kidney	R-MMU-419037_NCAM1_INTERACTIONS	-0.000177275010682	NA	NA	False	False	-0.000177275010682	-0.000177275010682	-0.000177275010682	0.0296052631578947
kidney	R-MMU-421270_CELL_CELL_JUNCTION_ORGANIZATION	0.0460660807507309	0.0588337378698829	0.0248133830950291	True	True	0.0460660807507309	0.0248133830950291	0.0588337378698829	0.819078947368421
kidney	R-MMU-422356_REGULATION_OF_INSULIN_SECRETION	NA	-0.0036884529952221	0.0007867017806026	False	False	-0.0014508756073097	-0.0036884529952221	0.0007867017806026	NA
kidney	R-MMU-422475_AXON_GUIDANCE	-0.0220886199707603	-0.010044422236842	0.0649094646730993	True	False	-0.010044422236842	-0.0220886199707603	0.0649094646730993	0.5756578947368421
kidney	R-MMU-425407_SLC_MEDIATED_TRANSMEMBRANE_TRANSPORT	-0.0660025117543856	-0.1370683408333323	-0.0831277841081871	True	True	-0.0831277841081871	-0.1370683408333323	-0.0660025117543856	0.8980263157894737
kidney	R-MMU-428157_SPHINGOLIPID_METABOLISM	-0.0227509347833333	-0.0760970907518713	-0.0972494928055555	True	True	-0.0760970907518713	-0.0972494928055555	-0.0227509347833333	0.5822368421052632
kidney	R-MMU-4420097_VEGFA_VEGFR2_PATHWAY	0.0010799283585365	0.006714431002924	-0.0007718163409619	True	False	0.0010799283585365	-0.0007718163409619	0.006714431002924	0.1414473684210526
kidney	R-MMU-445355_SMOOTH_MUSCLE_CONTRACTION	0.0839337876619882	0.0703536925030993	0.0877253140647368	True	True	0.0839337876619882	0.0703536925030993	0.0877253140647368	0.9342105263157896
kidney	R-MMU-446203_ASPARAGINE_N_LINKED_GLYCOSYLATION	-0.0506350778070175	-0.0307034327324561	-0.0502939774678362	True	True	-0.0502939774678362	-0.0506350778070175	-0.0307034327324561	0.8289473684210527
kidney	R-MMU-446652_INTERLEUKIN_1_FAMILY_SIGNALING	NA	0.0085786196494663	NA	False	False	0.0085786196494663	0.0085786196494663	0.0085786196494663	NA
kidney	R-MMU-446728_CELL_JUNCTION_ORGANIZATION	0.0755649094444445	0.0344588224438537	0.0572602026900583	True	True	0.0572602026900583	0.0344588224438537	0.0755649094444445	0.9210526315789472
kidney	R-MMU-449147_SIGNALING_BY_INTERLEUKINS	0.0193042693274854	-0.1006257987909356	0.043110174137427	True	False	0.0193042693274854	-0.1006257987909356	0.043110174137427	0.5427631578947368
kidney	R-MMU-453274_MITOTIC_G2_G2_M_PHASES	0.0392847479748684	0.0005418103292251	-0.0012885940439912	True	False	0.0005418103292251	-0.0012885940439912	0.0392847479748684	0.756578947368421
kidney	R-MMU-4839726_CHROMATIN_ORGANIZATION	0.0378831636608187	0.019012336125731	0.035649098611111	True	True	0.035649098611111	0.019012336125731	0.0378831636608187	0.7368421052631579
kidney	R-MMU-500792_GPCR_LIGAND_BINDING	-0.0974449197953216	-0.1424514803614327	-0.0186674929824561	True	True	-0.0974449197953216	-0.1424514803614327	-0.0186674929824561	0.9572368421052632
kidney	R-MMU-5173105_O_LINKED_GLYCOSYLATION	0.038910765350877	-0.0092457200344005	0.0318789887923976	True	False	0.0318789887923976	-0.0092457200344005	0.038910765350877	0.7532894736842105
kidney	R-MMU-5173214_O_GLYCOSYLATION_OF_TSR_DOMAIN_CONTAINING_PROTEINS	0.0026514091125731	NA	0.0032720509223684	False	False	0.0029617300174707	0.0026514091125731	0.0032720509223684	0.3125
kidney	R-MMU-5357801_PROGRAMMED_CELL_DEATH	0.0016805720029239	-0.021027512002924	0.0382142960687134	True	False	0.0016805720029239	-0.021027512002924	0.0382142960687134	0.2138157894736842
kidney	R-MMU-5358351_SIGNALING_BY_HEDGEHOG	-1.1134513157951924e-05	-0.0222827153122806	0.0307470189473683	True	False	-1.1134513157951924e-05	-0.0222827153122806	0.0307470189473683	0.0032894736842105
kidney	R-MMU-5362517_SIGNALING_BY_RETINOIC_ACID	0.0246562532765497	0.0344788604137426	0.0035282385477046	True	True	0.0246562532765497	0.0035282385477046	0.0344788604137426	0.5986842105263158
kidney	R-MMU-5365859_RA_BIOSYNTHESIS_PATHWAY	0.0018484401944634	NA	NA	False	False	0.0018484401944634	0.0018484401944634	0.0018484401944634	0.2335526315789473
kidney	R-MMU-556833_METABOLISM_OF_LIPIDS	-0.0425751215497074	-0.1024606916081872	-0.0080692122660811	True	True	-0.0425751215497074	-0.1024606916081872	-0.0080692122660811	0.7894736842105263
kidney	R-MMU-5576891_CARDIAC_CONDUCTION	0.0586457617209502	0.1233169098005846	0.078391191347953	True	True	0.078391191347953	0.0586457617209502	0.1233169098005846	0.8651315789473685
kidney	R-MMU-5578775_ION_HOMEOSTASIS	-0.0570665997470759	NA	0.0046206239444443	False	False	-0.0262229879013157	-0.0570665997470759	0.0046206239444443	0.8552631578947368
kidney	R-MMU-5617833_CILIUM_ASSEMBLY	4.492732456133399e-05	-0.0014869412836256	-0.0347888843567251	True	False	-0.0014869412836256	-0.0347888843567251	4.492732456133399e-05	0.0098684210526315
kidney	R-MMU-5621481_C_TYPE_LECTIN_RECEPTORS_CLRS	NA	-0.0562026515043859	NA	False	False	-0.0562026515043859	-0.0562026515043859	-0.0562026515043859	NA
kidney	R-MMU-5633007_REGULATION_OF_TP53_ACTIVITY	NA	NA	-0.0086481570196315	False	False	-0.0086481570196315	-0.0086481570196315	-0.0086481570196315	NA
kidney	R-MMU-5653656_VESICLE_MEDIATED_TRANSPORT	-0.0060621172953217	-0.0627048066959061	0.0095645600877189	True	False	-0.0060621172953217	-0.0627048066959061	0.0095645600877189	0.4177631578947368
kidney	R-MMU-5663220_RHO_GTPASES_ACTIVATE_FORMINS	-0.0014201096446287	-0.0053532069443684	-0.0006552978696666	True	True	-0.0014201096446287	-0.0053532069443684	-0.0006552978696666	0.1875
kidney	R-MMU-5673001_RAF_MAP_KINASE_CASCADE	-0.0057975076023391	0.0259863686403509	-0.0150971458384502	True	False	-0.0057975076023391	-0.0150971458384502	0.0259863686403509	0.4046052631578947
kidney	R-MMU-5683057_MAPK_FAMILY_SIGNALING_CASCADES	-0.0121526672660818	0.0384787922997076	0.0005055635204677	True	False	0.0005055635204677	-0.0121526672660818	0.0384787922997076	0.4802631578947368
kidney	R-MMU-5684996_MAPK1_MAPK3_SIGNALING	-0.0040139381461988	0.0264331407953215	0.0342094951754385	True	False	0.0264331407953215	-0.0040139381461988	0.0342094951754385	0.3684210526315789
kidney	R-MMU-5686938_REGULATION_OF_TLR_BY_ENDOGENOUS_LIGAND	0.0013800383745823	0.1044939006224269	NA	False	False	0.0529369694985046	0.0013800383745823	0.1044939006224269	0.1809210526315789
kidney	R-MMU-5688426_DEUBIQUITINATION	0.0362035752777777	0.0192060040614034	0.0310467267872807	True	True	0.0310467267872807	0.0192060040614034	0.0362035752777777	0.7203947368421053
kidney	R-MMU-5689603_UCH_PROTEINASES	NA	0.004140018866402	0.0004810597141462	False	False	0.0023105392902741	0.0004810597141462	0.004140018866402	NA
kidney	R-MMU-5689880_UB_SPECIFIC_PROCESSING_PROTEASES	-0.0004861796813947	0.0358794616041154	0.0040573192802631	True	False	0.0040573192802631	-0.0004861796813947	0.0358794616041154	0.0592105263157894
kidney	R-MMU-5689901_METALLOPROTEASE_DUBS	NA	0.0016389849260687	-0.0001047282970862	False	False	0.0007671283144912	-0.0001047282970862	0.0016389849260687	NA
kidney	R-MMU-5693532_DNA_DOUBLE_STRAND_BREAK_REPAIR	-0.0147412553421052	-0.0043520137733917	NA	False	False	-0.0095466345577485	-0.0147412553421052	-0.0043520137733917	0.5098684210526315
kidney	R-MMU-5693538_HOMOLOGY_DIRECTED_REPAIR	0.0016705624855157	NA	-0.0002065105913889	False	False	0.0007320259470634	-0.0002065105913889	0.0016705624855157	0.2105263157894736
kidney	R-MMU-5693565_RECRUITMENT_AND_ATM_MEDIATED_PHOSPHORYLATION_OF_REPAIR_AND_SIGNALING_PROTEINS_AT_DNA_DOUBLE_STRAND_BREAKS	-0.0072800132017542	NA	-0.0395142792690057	False	False	-0.02339714623538	-0.0395142792690057	-0.0072800132017542	0.4309210526315789
kidney	R-MMU-5693567_HDR_THROUGH_HOMOLOGOUS_RECOMBINATION_HRR_OR_SINGLE_STRAND_ANNEALING_SSA	-0.005283192207492	NA	NA	False	False	-0.005283192207492	-0.005283192207492	-0.005283192207492	0.3881578947368421
kidney	R-MMU-5693571_NONHOMOLOGOUS_END_JOINING_NHEJ	-0.0018472401720438	NA	NA	False	False	-0.0018472401720438	-0.0018472401720438	-0.0018472401720438	0.2302631578947368
kidney	R-MMU-5693606_DNA_DOUBLE_STRAND_BREAK_RESPONSE	0.0007862648680116	-0.0201041136695906	NA	False	False	-0.0096589244007894	-0.0201041136695906	0.0007862648680116	0.1184210526315789
kidney	R-MMU-5693607_PROCESSING_OF_DNA_DOUBLE_STRAND_BREAK_ENDS	NA	-0.0007220578056856	NA	False	False	-0.0007220578056856	-0.0007220578056856	-0.0007220578056856	NA
kidney	R-MMU-597592_POST_TRANSLATIONAL_PROTEIN_MODIFICATION	0.0193061298497075	-0.0325025881578946	0.0440206530555555	True	False	0.0193061298497075	-0.0325025881578946	0.0440206530555555	0.5460526315789473
kidney	R-MMU-606279_DEPOSITION_OF_NEW_CENPA_CONTAINING_NUCLEOSOMES_AT_THE_CENTROMERE	0.0024650786732163	NA	0.001501541510614	False	False	0.0019833100919151	0.001501541510614	0.0024650786732163	0.2960526315789473
kidney	R-MMU-6791226_MAJOR_PATHWAY_OF_RRNA_PROCESSING_IN_THE_NUCLEOLUS_AND_CYTOSOL	NA	NA	0.0015650974277982	False	False	0.0015650974277982	0.0015650974277982	0.0015650974277982	NA
kidney	R-MMU-6794362_PROTEIN_PROTEIN_INTERACTIONS_AT_SYNAPSES	-0.0456476751396198	0.0141553183760233	-0.0449142324517542	True	False	-0.0449142324517542	-0.0456476751396198	0.0141553183760233	0.8092105263157895
kidney	R-MMU-6798695_NEUTROPHIL_DEGRANULATION	-0.1102665094005848	-0.0902320552777778	0.0727301954532163	True	False	-0.0902320552777778	-0.1102665094005848	0.0727301954532163	0.986842105263158
kidney	R-MMU-6805567_KERATINIZATION	0.0793630617546783	0.0658423939327485	0.0411527654932748	True	True	0.0658423939327485	0.0411527654932748	0.0793630617546783	0.9276315789473684
kidney	R-MMU-6806667_METABOLISM_OF_FAT_SOLUBLE_VITAMINS	-0.0020267826061003	-0.0546002507499999	0.0507155378602339	True	False	-0.0020267826061003	-0.0546002507499999	0.0507155378602339	0.2467105263157894
kidney	R-MMU-6806834_SIGNALING_BY_MET	0.0324055055371111	0.0196795494663743	0.0662162075877777	True	True	0.0324055055371111	0.0196795494663743	0.0662162075877777	0.6710526315789473
kidney	R-MMU-6809371_FORMATION_OF_THE_CORNIFIED_ENVELOPE	-0.0099314089195906	0.0256948352222221	0.0648536809590643	True	False	0.0256948352222221	-0.0099314089195906	0.0648536809590643	0.4506578947368421
kidney	R-MMU-6811434_COPI_DEPENDENT_GOLGI_TO_ER_RETROGRADE_TRAFFIC	NA	-0.0622596912295321	-0.0026696371846169	False	False	-0.0324646642070745	-0.0622596912295321	-0.0026696371846169	NA
kidney	R-MMU-6811442_INTRA_GOLGI_AND_RETROGRADE_GOLGI_TO_ER_TRAFFIC	-0.0453270071038011	0.011491605222222	-0.0144036352631578	True	False	-0.0144036352631578	-0.0453270071038011	0.011491605222222	0.805921052631579
kidney	R-MMU-6811558_PI5P_PP2A_AND_IER3_REGULATE_PI3K_AKT_SIGNALING	-0.0014641864970696	-0.004780114306497	0.0083720425959649	True	False	-0.0014641864970696	-0.004780114306497	0.0083720425959649	0.1907894736842105
kidney	R-MMU-68875_MITOTIC_PROPHASE	0.0003612613699707	0.0123699804852924	0.0247428427453215	True	True	0.0123699804852924	0.0003612613699707	0.0247428427453215	0.0460526315789473
kidney	R-MMU-68877_MITOTIC_PROMETAPHASE	-0.0009513946240939	0.0010839683163666	-0.0033835228862894	True	False	-0.0009513946240939	-0.0033835228862894	0.0010839683163666	0.1348684210526315
kidney	R-MMU-68882_MITOTIC_ANAPHASE	0.000567511658342	0.0007653863765073	0.0032376930879459	True	True	0.0007653863765073	0.000567511658342	0.0032376930879459	0.0723684210526315
kidney	R-MMU-68886_M_PHASE	-0.0198201744181287	-0.0032053583771929	-0.0029444976225614	True	True	-0.0032053583771929	-0.0198201744181287	-0.0029444976225614	0.5526315789473685
kidney	R-MMU-69275_G2_M_TRANSITION	-0.0002261439088581	-0.0048513648588186	-0.0029770584599122	True	True	-0.0029770584599122	-0.0048513648588186	-0.0002261439088581	0.0328947368421052
kidney	R-MMU-69278_CELL_CYCLE_MITOTIC	-0.0365505585087719	-0.0041063892690057	-0.0048506994005846	True	True	-0.0048506994005846	-0.0365505585087719	-0.0041063892690057	0.7269736842105263
kidney	R-MMU-69473_G2_M_DNA_DAMAGE_CHECKPOINT	-0.0008718141619297	0.0020420071906578	NA	False	False	0.000585096514364	-0.0008718141619297	0.0020420071906578	0.1282894736842105
kidney	R-MMU-69481_G2_M_CHECKPOINTS	-0.0030007735971637	NA	NA	False	False	-0.0030007735971637	-0.0030007735971637	-0.0030007735971637	0.3355263157894737
kidney	R-MMU-69620_CELL_CYCLE_CHECKPOINTS	0.0013685170099912	-0.0017844121326754	-0.0493339147748538	True	False	-0.0017844121326754	-0.0493339147748538	0.0013685170099912	0.1776315789473684
kidney	R-MMU-70326_GLUCOSE_METABOLISM	NA	0.049635049869883	0.0080455104604093	False	False	0.0288402801651461	0.0080455104604093	0.049635049869883	NA
kidney	R-MMU-71291_METABOLISM_OF_AMINO_ACIDS_AND_DERIVATIVES	-0.0848743164619886	-0.160944355730994	-0.1399779505994154	True	True	-0.1399779505994154	-0.160944355730994	-0.0848743164619886	0.9375
kidney	R-MMU-71387_METABOLISM_OF_CARBOHYDRATES_AND_CARBOHYDRATE_DERIVATIVES	-0.0370146920175436	-0.1042607970321636	-0.0490858457456136	True	True	-0.0490858457456136	-0.1042607970321636	-0.0370146920175436	0.7335526315789473
kidney	R-MMU-72312_RRNA_PROCESSING	0.0058006993623669	NA	0.0041410040616008	False	False	0.0049708517119838	0.0041410040616008	0.0058006993623669	0.4078947368421052
kidney	R-MMU-72613_EUKARYOTIC_TRANSLATION_INITIATION	-0.0021184811802806	NA	-0.0053680322038596	False	False	-0.0037432566920701	-0.0053680322038596	-0.0021184811802806	0.2598684210526316
kidney	R-MMU-72706_GTP_HYDROLYSIS_AND_JOINING_OF_THE_60S_RIBOSOMAL_SUBUNIT	-0.0029733129392646	0.0078930618599341	-0.0271450054321637	True	False	-0.0029733129392646	-0.0271450054321637	0.0078930618599341	0.3322368421052631
kidney	R-MMU-72737_CAP_DEPENDENT_TRANSLATION_INITIATION	-0.0295445941222222	-0.0119215030891813	NA	False	False	-0.0207330486057017	-0.0295445941222222	-0.0119215030891813	0.6513157894736842
kidney	R-MMU-72766_TRANSLATION	NA	0.0050649690292396	0.0109712336952192	False	False	0.0080181013622294	0.0050649690292396	0.0109712336952192	NA
kidney	R-MMU-73857_RNA_POLYMERASE_II_TRANSCRIPTION	0.0125969552748538	-0.0026351858625727	0.0286075727178362	True	False	0.0125969552748538	-0.0026351858625727	0.0286075727178362	0.4835526315789473
kidney	R-MMU-73884_BASE_EXCISION_REPAIR	-0.0004685820896958	0.0005994878520614	-0.0011158883758479	True	False	-0.0004685820896958	-0.0011158883758479	0.0005994878520614	0.0559210526315789
kidney	R-MMU-73886_CHROMOSOME_MAINTENANCE	-0.0035961536006286	-0.0029774871116531	-0.0058058587437134	True	True	-0.0035961536006286	-0.0058058587437134	-0.0029774871116531	0.3552631578947368
kidney	R-MMU-73887_DEATH_RECEPTOR_SIGNALING	-0.0205774396783624	0.0050117665497076	-0.0157643035526317	True	False	-0.0157643035526317	-0.0205774396783624	0.0050117665497076	0.5625
kidney	R-MMU-73894_DNA_REPAIR	-0.0324721544298244	-0.0397368323245614	-0.0288542735380116	True	True	-0.0324721544298244	-0.0397368323245614	-0.0288542735380116	0.6743421052631579
kidney	R-MMU-73927_DEPURINATION	0.001278399900226	0.0006107329206504	0.0008728492989955	True	True	0.0008728492989955	0.0006107329206504	0.001278399900226	0.1611842105263158
kidney	R-MMU-73929_BASE_EXCISION_REPAIR_AP_SITE_FORMATION	0.0017321337956704	-0.0041892087412412	-0.000111173654383	True	False	-0.000111173654383	-0.0041892087412412	0.0017321337956704	0.2171052631578947
kidney	R-MMU-74160_GENE_EXPRESSION_TRANSCRIPTION	0.0232664594883039	0.0576153963011696	-0.0221740298245617	True	False	0.0232664594883039	-0.0221740298245617	0.0576153963011696	0.5855263157894737
kidney	R-MMU-74752_SIGNALING_BY_INSULIN_RECEPTOR	-0.00540114698019	0.0063167147627193	-0.044847528819883	True	False	-0.00540114698019	-0.044847528819883	0.0063167147627193	0.3980263157894737
kidney	R-MMU-75153_APOPTOTIC_EXECUTION_PHASE	-0.0053459473859648	0.0196357174897661	0.0504942339561403	True	False	0.0196357174897661	-0.0053459473859648	0.0504942339561403	0.3914473684210526
kidney	R-MMU-76002_PLATELET_ACTIVATION_SIGNALING_AND_AGGREGATION	0.0381409391900584	0.068632964444444	-0.0625190674999998	True	False	0.0381409391900584	-0.0625190674999998	0.068632964444444	0.743421052631579
kidney	R-MMU-76005_RESPONSE_TO_ELEVATED_PLATELET_CYTOSOLIC_CA2	0.1041344910935672	0.2790341847409357	0.1347827466228069	True	True	0.1347827466228069	0.1041344910935672	0.2790341847409357	0.9769736842105264
kidney	R-MMU-774815_NUCLEOSOME_ASSEMBLY	0.0009443876600657	-0.0046737199086988	-0.0012512624601122	True	False	-0.0012512624601122	-0.0046737199086988	0.0009443876600657	0.131578947368421
kidney	R-MMU-8848021_SIGNALING_BY_PTK6	-0.0053771503362571	-0.0091934326520466	NA	False	False	-0.0072852914941519	-0.0091934326520466	-0.0053771503362571	0.3947368421052631
kidney	R-MMU-8856688_GOLGI_TO_ER_RETROGRADE_TRANSPORT	-0.0740460631200292	-0.0003262313863859	NA	False	False	-0.0371861472532075	-0.0740460631200292	-0.0003262313863859	0.9111842105263158
kidney	R-MMU-8856825_CARGO_RECOGNITION_FOR_CLATHRIN_MEDIATED_ENDOCYTOSIS	0.0031410587685087	0.0197603985040935	-0.0200946512967835	True	False	0.0031410587685087	-0.0200946512967835	0.0197603985040935	0.3421052631578947
kidney	R-MMU-8856828_CLATHRIN_MEDIATED_ENDOCYTOSIS	-0.0432982451140351	0.0003761922076021	-0.016956912741228	True	False	-0.016956912741228	-0.0432982451140351	0.0003761922076021	0.7960526315789473
kidney	R-MMU-8868773_RRNA_PROCESSING_IN_THE_NUCLEUS_AND_CYTOSOL	-0.0330653625393274	-0.0040549628040935	NA	False	False	-0.0185601626717105	-0.0330653625393274	-0.0040549628040935	0.6842105263157895
kidney	R-MMU-8878171_TRANSCRIPTIONAL_REGULATION_BY_RUNX1	0.0040283010412516	-0.0306853583742689	-0.0076155294711882	True	False	-0.0076155294711882	-0.0306853583742689	0.0040283010412516	0.3717105263157895
kidney	R-MMU-8936459_RUNX1_REGULATES_GENES_INVOLVED_IN_MEGAKARYOCYTE_DIFFERENTIATION_AND_PLATELET_FUNCTION	0.0240128836494444	0.0079765078455029	3.0790126937133305e-05	True	True	0.0079765078455029	3.0790126937133305e-05	0.0240128836494444	0.5953947368421053
kidney	R-MMU-8939211_ESR_MEDIATED_SIGNALING	-0.0066836727412281	-0.0003591222979532	0.0252387932678216	True	False	-0.0003591222979532	-0.0066836727412281	0.0252387932678216	0.4243421052631579
kidney	R-MMU-8948216_COLLAGEN_CHAIN_TRIMERIZATION	-0.0022420972901769	0.0069705267254385	0.0376806271586257	True	False	0.0069705267254385	-0.0022420972901769	0.0376806271586257	0.2664473684210526
kidney	R-MMU-8951664_NEDDYLATION	-0.0009808416194266	-0.0394222540721052	0.0217406294108187	True	False	-0.0009808416194266	-0.0394222540721052	0.0217406294108187	0.1381578947368421
kidney	R-MMU-8953854_METABOLISM_OF_RNA	0.0282833905570174	-0.0045661957982455	0.0132915123114034	True	False	0.0132915123114034	-0.0045661957982455	0.0282833905570174	0.6348684210526315
kidney	R-MMU-8953897_CELLULAR_RESPONSES_TO_STIMULI	-0.0645288383918129	-0.0481228712573099	-0.0356390668421052	True	True	-0.0481228712573099	-0.0645288383918129	-0.0356390668421052	0.8914473684210527
kidney	R-MMU-8957275_POST_TRANSLATIONAL_PROTEIN_PHOSPHORYLATION	-0.0322052985175438	0.0359933338289474	-0.0308250313532164	True	False	-0.0308250313532164	-0.0322052985175438	0.0359933338289474	0.6677631578947368
kidney	R-MMU-8957322_METABOLISM_OF_STEROIDS	-0.0340813805467836	-0.1649577788625728	-0.1511750436988306	True	True	-0.1511750436988306	-0.1649577788625728	-0.0340813805467836	0.6973684210526315
kidney	R-MMU-8963899_PLASMA_LIPOPROTEIN_REMODELING	0.0205964999342103	-0.0435607553818567	NA	False	False	-0.0114821277238231	-0.0435607553818567	0.0205964999342103	0.5657894736842105
kidney	R-MMU-8978868_FATTY_ACID_METABOLISM	0.1000384732815788	-0.1239703659049707	-0.1106688202046784	True	False	-0.1106688202046784	-0.1239703659049707	0.1000384732815788	0.9671052631578948
kidney	R-MMU-8980692_RHOA_GTPASE_CYCLE	-0.061171226689766	-0.0174590186315788	4.13739234122999e-05	True	False	-0.0174590186315788	-0.061171226689766	4.13739234122999e-05	0.881578947368421
kidney	R-MMU-9006925_INTRACELLULAR_SIGNALING_BY_SECOND_MESSENGERS	-0.0517178339093566	-0.0028362702661549	-0.0583793545584794	True	True	-0.0517178339093566	-0.0583793545584794	-0.0028362702661549	0.8322368421052632
kidney	R-MMU-9006927_SIGNALING_BY_NON_RECEPTOR_TYROSINE_KINASES	0.0044732301067411	NA	0.0173590637105263	False	False	0.0109161469086337	0.0044732301067411	0.0173590637105263	0.3815789473684211
kidney	R-MMU-9006931_SIGNALING_BY_NUCLEAR_RECEPTORS	0.0652396780409357	0.0842217627923975	0.0834799351315788	True	True	0.0834799351315788	0.0652396780409357	0.0842217627923975	0.8947368421052632
kidney	R-MMU-9006934_SIGNALING_BY_RECEPTOR_TYROSINE_KINASES	0.040247321491228	-0.000560730869883	0.0583641637280702	True	False	0.040247321491228	-0.000560730869883	0.0583641637280702	0.7730263157894737
kidney	R-MMU-9006936_SIGNALING_BY_TGFB_FAMILY_MEMBERS	0.0494878605730994	0.0444352245614034	0.0723759687385964	True	True	0.0494878605730994	0.0444352245614034	0.0723759687385964	0.8256578947368421
kidney	R-MMU-9009391_EXTRA_NUCLEAR_ESTROGEN_SIGNALING	0.0225671155874269	0.0002926510707094	0.0007682572710745	True	True	0.0007682572710745	0.0002926510707094	0.0225671155874269	0.5789473684210527
kidney	R-MMU-9012999_RHO_GTPASE_CYCLE	0.0330234849590642	0.0714950873105263	0.0631578358353801	True	True	0.0631578358353801	0.0330234849590642	0.0714950873105263	0.680921052631579
kidney	R-MMU-9013026_RHOB_GTPASE_CYCLE	-0.0029315994026473	0.0223236321190643	0.0046860213000453	True	False	0.0046860213000453	-0.0029315994026473	0.0223236321190643	0.3289473684210526
kidney	R-MMU-9013106_RHOC_GTPASE_CYCLE	-0.0006334641040394	NA	0.0003659786906286	False	False	-0.0001337427067053	-0.0006334641040394	0.0003659786906286	0.0888157894736842
kidney	R-MMU-9013148_CDC42_GTPASE_CYCLE	-0.0026290535993989	0.0022813606207602	-0.0271183711543128	True	False	-0.0026290535993989	-0.0271183711543128	0.0022813606207602	0.3092105263157895
kidney	R-MMU-9013149_RAC1_GTPASE_CYCLE	-0.0566196142489766	-0.0107585208896199	0.0003877680642251	True	False	-0.0107585208896199	-0.0566196142489766	0.0003877680642251	0.8486842105263158
kidney	R-MMU-9013404_RAC2_GTPASE_CYCLE	0.0017880674631783	0.0024361149260657	-0.0039133458230409	True	False	0.0017880674631783	-0.0039133458230409	0.0024361149260657	0.2236842105263158
kidney	R-MMU-9013406_RHOQ_GTPASE_CYCLE	-0.0013119811790377	NA	NA	False	False	-0.0013119811790377	-0.0013119811790377	-0.0013119811790377	0.1677631578947368
kidney	R-MMU-9013408_RHOG_GTPASE_CYCLE	0.0007365917868362	0.0002233365901622	-0.0219571643969005	True	False	0.0002233365901622	-0.0219571643969005	0.0007365917868362	0.1118421052631579
kidney	R-MMU-9013423_RAC3_GTPASE_CYCLE	-0.0008063531921067	-0.031793914862573	0.0004059711790643	True	False	-0.0008063531921067	-0.031793914862573	0.0004059711790643	0.1217105263157894
kidney	R-MMU-9018519_ESTROGEN_DEPENDENT_GENE_EXPRESSION	0.0006382509254883	NA	NA	False	False	0.0006382509254883	0.0006382509254883	0.0006382509254883	0.0921052631578947
kidney	R-MMU-9033241_PEROXISOMAL_PROTEIN_IMPORT	-0.0012445620228362	0.0525020187500001	NA	False	False	0.0256287283635819	-0.0012445620228362	0.0525020187500001	0.1513157894736842
kidney	R-MMU-913531_INTERFERON_SIGNALING	-0.0332880246345029	-0.0111248346782894	-0.0400809141299706	True	True	-0.0332880246345029	-0.0400809141299706	-0.0111248346782894	0.6907894736842105
kidney	R-MMU-913709_O_LINKED_GLYCOSYLATION_OF_MUCINS	0.0366489684326607	NA	-0.0483675265471637	False	False	-0.0058592790572514	-0.0483675265471637	0.0366489684326607	0.7302631578947368
kidney	R-MMU-917937_IRON_UPTAKE_AND_TRANSPORT	0.023812348449269	NA	0.0601004158207309	False	False	0.041956382135	0.023812348449269	0.0601004158207309	0.5921052631578947
kidney	R-MMU-927802_NONSENSE_MEDIATED_DECAY_NMD	0.0006273780474576	NA	NA	False	False	0.0006273780474576	0.0006273780474576	0.0006273780474576	0.0855263157894736
kidney	R-MMU-936837_ION_TRANSPORT_BY_P_TYPE_ATPASES	-0.0040671077050372	NA	NA	False	False	-0.0040671077050372	-0.0040671077050372	-0.0040671077050372	0.375
kidney	R-MMU-937061_TRIF_TICAM1_MEDIATED_TLR4_SIGNALING	0.0211714077543859	-0.0054661075466695	NA	False	False	0.0078526501038582	-0.0054661075466695	0.0211714077543859	0.569078947368421
kidney	R-MMU-948021_TRANSPORT_TO_THE_GOLGI_AND_SUBSEQUENT_MODIFICATION	-0.0140981744637427	-0.0032643036323684	0.0039812070506578	True	False	-0.0032643036323684	-0.0140981744637427	0.0039812070506578	0.5
kidney	R-MMU-9609507_PROTEIN_LOCALIZATION	-0.021598731798246	-0.0545866909064327	-0.041587085614035	True	True	-0.041587085614035	-0.0545866909064327	-0.021598731798246	0.5723684210526315
kidney	R-MMU-9648025_EML4_AND_NUDC_IN_MITOTIC_SPINDLE_FORMATION	NA	NA	0.000293949745952	False	False	0.000293949745952	0.000293949745952	0.000293949745952	NA
kidney	R-MMU-9670095_INHIBITION_OF_DNA_RECOMBINATION_AT_TELOMERE	0.0015986536026169	0.0066347897495993	0.002536758100166	True	True	0.002536758100166	0.0015986536026169	0.0066347897495993	0.2006578947368421
kidney	R-MMU-9675108_NERVOUS_SYSTEM_DEVELOPMENT	0.0600794463246344	0.052984776973684	-0.0037619282017544	True	False	0.052984776973684	-0.0037619282017544	0.0600794463246344	0.875
kidney	R-MMU-9709957_SENSORY_PERCEPTION	-0.029486742619883	-0.0689691016264034	0.0199776654678361	True	False	-0.029486742619883	-0.0689691016264034	0.0199776654678361	0.6480263157894737
kidney	R-MMU-9711123_CELLULAR_RESPONSE_TO_CHEMICAL_STRESS	-0.1156591498976606	-0.0090122000413742	-0.0681619099415202	True	True	-0.0681619099415202	-0.1156591498976606	-0.0090122000413742	0.9967105263157896
kidney	R-MMU-9716542_SIGNALING_BY_RHO_GTPASES_MIRO_GTPASES_AND_RHOBTB3	0.0166879679678361	0.0165892034356722	0.1028164317434941	True	True	0.0166879679678361	0.0165892034356722	0.1028164317434941	0.5296052631578947
kidney	R-MMU-9748784_DRUG_ADME	-0.0427217154678363	-0.1297972634649121	0.0073263504532164	True	False	-0.0427217154678363	-0.1297972634649121	0.0073263504532164	0.7927631578947368
kidney	R-MMU-9749641_ASPIRIN_ADME	0.0022437853836988	0.0056504586695907	-0.0833835460087719	True	False	0.0022437853836988	-0.0833835460087719	0.0056504586695907	0.2697368421052631
kidney	R-MMU-975138_TRAF6_MEDIATED_INDUCTION_OF_NFKB_AND_MAP_KINASES_UPON_TLR7_8_OR_9_ACTIVATION	NA	0.0036374014040204	NA	False	False	0.0036374014040204	0.0036374014040204	0.0036374014040204	NA
kidney	R-MMU-975155_MYD88_DEPENDENT_CASCADE_INITIATED_ON_ENDOSOME	0.0013153998682631	-0.0020095614052996	0.0042364607910818	True	False	0.0013153998682631	-0.0020095614052996	0.0042364607910818	0.1710526315789473
kidney	R-MMU-9753281_PARACETAMOL_ADME	0.0077323538070175	-0.0202656468322953	NA	False	False	-0.0062666465126389	-0.0202656468322953	0.0077323538070175	0.4375
kidney	R-MMU-975634_RETINOID_METABOLISM_AND_TRANSPORT	-0.0006382845580833	-0.0201903203159649	0.0927999401356725	True	False	-0.0006382845580833	-0.0201903203159649	0.0927999401356725	0.0953947368421052
kidney	R-MMU-9757110_PREDNISONE_ADME	-0.0905975036606725	0.1219225980214327	NA	False	False	0.01566254718038	-0.0905975036606725	0.1219225980214327	0.9407894736842104
kidney	R-MMU-9759476_REGULATION_OF_HOMOTYPIC_CELL_CELL_ADHESION	0.0201311264250789	0.0320864592254384	0.0725106517989763	True	True	0.0320864592254384	0.0201311264250789	0.0725106517989763	0.555921052631579
kidney	R-MMU-975956_NONSENSE_MEDIATED_DECAY_NMD_INDEPENDENT_OF_THE_EXON_JUNCTION_COMPLEX_EJC	0.0003951734174108	NA	-0.0001527615067611	False	False	0.0001212059553248	-0.0001527615067611	0.0003951734174108	0.0526315789473684
kidney	R-MMU-9764265_REGULATION_OF_CDH1_EXPRESSION_AND_FUNCTION	-0.0302846813095029	0.0290241679845028	0.0171172595902192	True	False	0.0171172595902192	-0.0302846813095029	0.0290241679845028	0.6611842105263158
kidney	R-MMU-9764274_REGULATION_OF_EXPRESSION_AND_FUNCTION_OF_TYPE_I_CLASSICAL_CADHERINS	0.1044010590994152	0.0105896047964327	0.1171260322631579	True	True	0.1044010590994152	0.0105896047964327	0.1171260322631579	0.9802631578947368
kidney	R-MMU-9764560_REGULATION_OF_CDH1_GENE_TRANSCRIPTION	-0.0031648968956491	-0.0181568406261696	0.0016698990694005	True	False	-0.0031648968956491	-0.0181568406261696	0.0016698990694005	0.3453947368421052
kidney	R-MMU-9764725_NEGATIVE_REGULATION_OF_CDH1_GENE_TRANSCRIPTION	0.0016151617981257	-0.0329171598861403	0.0039307061306432	True	False	0.0016151617981257	-0.0329171598861403	0.0039307061306432	0.2039473684210526
kidney	R-MMU-9769735_INITIATION_OF_COAGULATION_CASCADE	0.0005342231349414	0.0077953866436841	0.0021988960800555	True	True	0.0021988960800555	0.0005342231349414	0.0077953866436841	0.0657894736842105
kidney	R-MMU-9769739_REGULATION_OF_CLOTTING_CASCADE	0.000388375488326	-0.0411579807251461	0.0497122305438596	True	False	0.000388375488326	-0.0411579807251461	0.0497122305438596	0.0493421052631578
kidney	R-MMU-9769740_COAGULATION_PATHWAY	0.0140802736988302	0.0481621112865495	0.0249404953508773	True	True	0.0249404953508773	0.0140802736988302	0.0481621112865495	0.4967105263157895
kidney	R-MMU-977606_REGULATION_OF_COMPLEMENT_CASCADE	-0.010230427127383	-0.0248132229312573	0.0313386219005847	True	False	-0.010230427127383	-0.0248132229312573	0.0313386219005847	0.4539473684210526
kidney	R-MMU-9818564_EPIGENETIC_REGULATION_OF_GENE_EXPRESSION_BY_MLL3_AND_MLL4_COMPLEXES	0.0034197857880116	0.0018690957840467	0.0069136840002923	True	True	0.0034197857880116	0.0018690957840467	0.0069136840002923	0.3519736842105263
kidney	R-MMU-983168_ANTIGEN_PROCESSING_UBIQUITINATION_PROTEASOME_DEGRADATION	0.005613935494152	-0.0082290841409532	NA	False	False	-0.0013075743234005	-0.0082290841409532	0.005613935494152	0.4013157894736842
kidney	R-MMU-983169_CLASS_I_MHC_MEDIATED_ANTIGEN_PROCESSING_PRESENTATION	-0.0026780430804093	-0.0247574595950292	-0.0169365528552631	True	True	-0.0169365528552631	-0.0247574595950292	-0.0026780430804093	0.3157894736842105
kidney	R-MMU-983189_KINESINS	0.0013626036925292	NA	-0.0281918528216374	False	False	-0.0134146245645541	-0.0281918528216374	0.0013626036925292	0.1743421052631578
kidney	R-MMU-983231_FACTORS_INVOLVED_IN_MEGAKARYOCYTE_DEVELOPMENT_AND_PLATELET_PRODUCTION	0.0359474859517543	0.019976755862573	-0.0258175402149122	True	False	0.019976755862573	-0.0258175402149122	0.0359474859517543	0.7138157894736842
kidney	R-MMU-9833482_PKR_MEDIATED_SIGNALING	-0.0015859921210628	NA	NA	False	False	-0.0015859921210628	-0.0015859921210628	-0.0015859921210628	0.194078947368421
kidney	R-MMU-983705_SIGNALING_BY_THE_B_CELL_RECEPTOR_BCR	-0.0405256949210526	0.0342713278728522	-0.0258975146754386	True	False	-0.0258975146754386	-0.0405256949210526	0.0342713278728522	0.7796052631578947
kidney	R-MMU-983712_ION_CHANNEL_TRANSPORT	-0.0606426038157895	-0.0818722511695903	-0.0307755573245613	True	True	-0.0606426038157895	-0.0818722511695903	-0.0307755573245613	0.8782894736842105
kidney	R-MMU-9841922_MLL4_AND_MLL3_COMPLEXES_REGULATE_EXPRESSION_OF_PPARG_TARGET_GENES_IN_ADIPOGENESIS_AND_HEPATIC_STEATOSIS	-0.0017364034345087	-0.0211963733720175	0.0159520391375438	True	False	-0.0017364034345087	-0.0211963733720175	0.0159520391375438	0.2203947368421052
kidney	R-MMU-9842860_REGULATION_OF_ENDOGENOUS_RETROELEMENTS	0.0023259950012339	0.0007718627757309	-0.0081249669630263	True	False	0.0007718627757309	-0.0081249669630263	0.0023259950012339	0.2730263157894737
kidney	R-MMU-9843940_REGULATION_OF_ENDOGENOUS_RETROELEMENTS_BY_KRAB_ZFP_PROTEINS	0.0005665421024853	NA	-0.0035074698324707	False	False	-0.0014704638649926	-0.0035074698324707	0.0005665421024853	0.069078947368421
kidney	R-MMU-9851695_EPIGENETIC_REGULATION_OF_ADIPOGENESIS_GENES_BY_MLL3_AND_MLL4_COMPLEXES	-0.0023878788085029	NA	-0.0056925265586257	False	False	-0.0040402026835643	-0.0056925265586257	-0.0023878788085029	0.2796052631578947
kidney	R-MMU-9855142_CELLULAR_RESPONSES_TO_MECHANICAL_STIMULI	0.0008112884528011	NA	NA	False	False	0.0008112884528011	0.0008112884528011	0.0008112884528011	0.125
kidney	R-MMU-9860931_RESPONSE_OF_ENDOTHELIAL_CELLS_TO_SHEAR_STRESS	-0.0019250937340826	NA	NA	False	False	-0.0019250937340826	-0.0019250937340826	-0.0019250937340826	0.2434210526315789
kidney	R-MMU-9909648_REGULATION_OF_PD_L1_CD274_EXPRESSION	-0.0006262039314327	0.03315006709269	-8.927756622808512e-05	True	False	-8.927756622808512e-05	-0.0006262039314327	0.03315006709269	0.0822368421052631
kidney	R-MMU-9909649_REGULATION_OF_PD_L1_CD274_TRANSCRIPTION	0.0003408488357441	0.013590437711111	0.0007351399123537	True	True	0.0007351399123537	0.0003408488357441	0.013590437711111	0.0427631578947368
kidney	R-MMU-9917777_EPIGENETIC_REGULATION_BY_WDR5_CONTAINING_HISTONE_MODIFYING_COMPLEXES	0.0023979470842836	NA	0.0007292216763275	False	False	0.0015635843803055	0.0007292216763275	0.0023979470842836	0.2828947368421052
kidney	R-MMU-9932444_ATP_DEPENDENT_CHROMATIN_REMODELERS	-0.0036445619614093	0.0010473291783251	0.0086979898038304	True	False	0.0010473291783251	-0.0036445619614093	0.0086979898038304	0.3585526315789473
kidney	R-MMU-9937848_CHD_CHROMATIN_REMODELERS	0.0152459940322075	-0.01718550173538	-0.0015258559500818	True	False	-0.0015258559500818	-0.01718550173538	0.0152459940322075	0.5197368421052632
kidney	R-MMU-9937850_NURD_COMPLEX_ASSEMBLY	-0.0001217230566227	-0.0166284171332164	0.0277216258230847	True	False	-0.0001217230566227	-0.0166284171332164	0.0277216258230847	0.0197368421052631
kidney	R-MMU-9940951_INTERACTION_OF_NURD_COMPLEXES_WITH_TRANSCRIPTION_FACTORS	-0.0025791711165818	-0.0224609753874269	-0.0016378656874561	True	True	-0.0025791711165818	-0.0224609753874269	-0.0016378656874561	0.3059210526315789
kidney	R-MMU-9943965_CHD3_CHD4_CHD5_SUBFAMILY	-0.003807641369342	0.001685844671228	-0.0007001427340029	True	False	-0.0007001427340029	-0.003807641369342	0.001685844671228	0.3651315789473684
kidney	R-MMU-9948299_RIBOSOME_ASSOCIATED_QUALITY_CONTROL	-0.0007260991945321	-0.0528251954105116	NA	False	False	-0.0267756473025219	-0.0528251954105116	-0.0007260991945321	0.1085526315789473
kidney	R-MMU-9954714_PELO_HBS1L_AND_ABCE1_DISSOCIATE_A_RIBOSOME_ON_A_NON_STOP_MRNA	-0.0028603512663391	-0.0680030569254386	NA	False	False	-0.0354317040958888	-0.0680030569254386	-0.0028603512663391	0.3256578947368421
kidney	R-MMU-9954716_ZNF598_AND_THE_RIBOSOME_ASSOCIATED_QUALITY_TRIGGER_RQT_COMPLEX_DISSOCIATE_A_RIBOSOME_STALLED_ON_A_NO_GO_MRNA	NA	-0.0451093525415204	NA	False	False	-0.0451093525415204	-0.0451093525415204	-0.0451093525415204	NA
kidney	R-MMU-9955298_SLC_MEDIATED_TRANSPORT_OF_ORGANIC_ANIONS	-0.0269033280394737	-0.0196557415745614	-0.01969687475	True	True	-0.01969687475	-0.0269033280394737	-0.0196557415745614	0.6217105263157895
kidney	R-MMU-9958790_SLC_MEDIATED_TRANSPORT_OF_INORGANIC_ANIONS	-0.0325345909721359	0.0124359945274692	0.0373035012746491	True	False	0.0124359945274692	-0.0325345909721359	0.0373035012746491	0.6776315789473685
kidney	R-MMU-9958825_ACTIVATION_OF_STAT3_BY_CADHERIN_ENGAGEMENT	0.0005847775624385	0.0058376633934023	0.0609143151035086	True	True	0.0058376633934023	0.0005847775624385	0.0609143151035086	0.0789473684210526
kidney	R-MMU-9958863_SLC_MEDIATED_TRANSPORT_OF_AMINO_ACIDS	0.0457811249630117	0.0102491246387426	-0.013976046964035	True	False	0.0102491246387426	-0.013976046964035	0.0457811249630117	0.8125
kidney	R-MMU-9975921_ASSEMBLY_OF_THE_9_0_PRIMARY_CILIUM	-0.0021614312280702	-0.0111985238157896	-0.0247561731359648	True	True	-0.0111985238157896	-0.0247561731359648	-0.0021614312280702	0.2631578947368421
spleen	R-MMU-109581_APOPTOSIS	0.0111698353749998	0.0265895058302777	0.0837693279666665	True	True	0.0265895058302777	0.0111698353749998	0.0837693279666665	0.5243553008595988
spleen	R-MMU-109582_HEMOSTASIS	0.0426665411388886	0.0545887146388888	0.036508854472222	True	True	0.0426665411388886	0.036508854472222	0.0545887146388888	0.7220630372492837
spleen	R-MMU-110330_RECOGNITION_AND_ASSOCIATION_OF_DNA_GLYCOSYLASE_WITH_SITE_CONTAINING_AN_AFFECTED_PURINE	0.003207079952011	0.0031468485781944	-0.0003033630028152	True	False	0.0031468485781944	-0.0003033630028152	0.003207079952011	0.3696275071633237
spleen	R-MMU-110331_CLEAVAGE_OF_THE_DAMAGED_PURINE	-0.0028920620188944	-0.0013099811061166	0.000497310360346	True	False	-0.0013099811061166	-0.0028920620188944	0.000497310360346	0.3381088825214899
spleen	R-MMU-112314_NEUROTRANSMITTER_RECEPTORS_AND_POSTSYNAPTIC_SIGNAL_TRANSMISSION	0.0057254817398333	-0.0027079660166111	0.0031755304971916	True	False	0.0031755304971916	-0.0027079660166111	0.0057254817398333	0.4469914040114613
spleen	R-MMU-112315_TRANSMISSION_ACROSS_CHEMICAL_SYNAPSES	-0.0049059873651777	0.0190321917135	-0.023011163756111	True	False	-0.0049059873651777	-0.023011163756111	0.0190321917135	0.4097421203438395
spleen	R-MMU-112316_NEURONAL_SYSTEM	-0.0418857105222221	-0.0437548077416667	-0.0422093951222222	True	True	-0.0422093951222222	-0.0437548077416667	-0.0418857105222221	0.7134670487106017
spleen	R-MMU-114604_GPVI_MEDIATED_ACTIVATION_CASCADE	-9.304571011777987e-05	-0.0002731514921943	0.00069578208445	True	False	-9.304571011777987e-05	-0.0002731514921943	0.00069578208445	0.0200573065902578
spleen	R-MMU-114608_PLATELET_DEGRANULATION	-0.0031740768233333	-0.0636105015961111	-0.0408639528499999	True	True	-0.0408639528499999	-0.0636105015961111	-0.0031740768233333	0.3610315186246418
spleen	R-MMU-1169410_ANTIMICROBIAL_MECHANISM_OF_IFN_STIMULATED_GENES	0.0010374187980249	0.0447771250138889	-0.0002208751983249	True	False	0.0010374187980249	-0.0002208751983249	0.0447771250138889	0.1833810888252149
spleen	R-MMU-1257604_PIP3_ACTIVATES_AKT_SIGNALING	-0.0249700815661111	0.0006065836833332	-0.1017957993013889	True	False	-0.0249700815661111	-0.1017957993013889	0.0006065836833332	0.6103151862464183
spleen	R-MMU-1266738_DEVELOPMENTAL_BIOLOGY	0.0288704553055555	0.0162925438055555	0.0280671852499998	True	True	0.0280671852499998	0.0162925438055555	0.0288704553055555	0.6475644699140402
spleen	R-MMU-1280215_CYTOKINE_SIGNALING_IN_IMMUNE_SYSTEM	0.0115059868944444	-0.0649311781944445	0.0009160369722221	True	False	0.0009160369722221	-0.0649311781944445	0.0115059868944444	0.5329512893982808
spleen	R-MMU-1280218_ADAPTIVE_IMMUNE_SYSTEM	-0.0805104806111105	-0.144886535083333	-0.0259878862222222	True	True	-0.0805104806111105	-0.144886535083333	-0.0259878862222222	0.8710601719197708
spleen	R-MMU-141424_AMPLIFICATION_OF_SIGNAL_FROM_THE_KINETOCHORES	-0.0027613936196256	0.0033694723195833	-0.0007615977066389	True	False	-0.0007615977066389	-0.0027613936196256	0.0033694723195833	0.332378223495702
spleen	R-MMU-141444_AMPLIFICATION_OF_SIGNAL_FROM_UNATTACHED_KINETOCHORES_VIA_A_MAD2_INHIBITORY_SIGNAL	0.0013147828607777	6.508363116639634e-06	-0.0001157511789944	True	False	6.508363116639634e-06	-0.0001157511789944	0.0013147828607777	0.2406876790830945
spleen	R-MMU-1428517_AEROBIC_RESPIRATION_AND_RESPIRATORY_ELECTRON_TRANSPORT	-0.0090680634251666	-0.0091584315602222	-0.0058156316603889	True	True	-0.0090680634251666	-0.0091584315602222	-0.0058156316603889	0.504297994269341
spleen	R-MMU-1430728_METABOLISM	-0.0358946052222217	-0.0451961670555553	-0.0251806905555556	True	True	-0.0358946052222217	-0.0451961670555553	-0.0251806905555556	0.6905444126074498
spleen	R-MMU-1433557_SIGNALING_BY_SCF_KIT	-0.0016859510720777	0.0005709990839444	0.0021498681013888	True	False	0.0005709990839444	-0.0016859510720777	0.0021498681013888	0.2779369627507163
spleen	R-MMU-1442490_COLLAGEN_DEGRADATION	0.0030502605007999	0.0049533750836388	-0.0005478158280555	True	False	0.0030502605007999	-0.0005478158280555	0.0049533750836388	0.3524355300859599
spleen	R-MMU-1474228_DEGRADATION_OF_THE_EXTRACELLULAR_MATRIX	-0.006227075	-0.131512681013889	-0.0124385697499999	True	True	-0.0124385697499999	-0.131512681013889	-0.006227075	0.4555873925501432
spleen	R-MMU-1474244_EXTRACELLULAR_MATRIX_ORGANIZATION	0.0525701386279166	0.0371648324055555	0.0474732478649999	True	True	0.0474732478649999	0.0371648324055555	0.0525701386279166	0.7679083094555874
spleen	R-MMU-1474290_COLLAGEN_FORMATION	0.1157217962777777	0.0355869860833333	0.0025256611732916	True	True	0.0355869860833333	0.0025256611732916	0.1157217962777777	0.9541547277936964
spleen	R-MMU-1483206_GLYCEROPHOSPHOLIPID_BIOSYNTHESIS	0.0407939648194444	-0.1013627881315	0.0387966414354444	True	False	0.0387966414354444	-0.1013627881315	0.0407939648194444	0.7106017191977078
spleen	R-MMU-1483255_PI_METABOLISM	-0.0268407629397778	NA	-0.0166529090322222	False	False	-0.021746835986	-0.0268407629397778	-0.0166529090322222	0.6275071633237822
spleen	R-MMU-1483257_PHOSPHOLIPID_METABOLISM	-0.0495802369888887	0.0379478442805555	-0.0391663029236111	True	False	-0.0391663029236111	-0.0495802369888887	0.0379478442805555	0.7478510028653295
spleen	R-MMU-1500931_CELL_CELL_COMMUNICATION	0.0252062370555556	0.0632955066305556	0.030961297522222	True	True	0.030961297522222	0.0252062370555556	0.0632955066305556	0.6131805157593123
spleen	R-MMU-156580_PHASE_II_CONJUGATION_OF_COMPOUNDS	0.0117275577888887	0.0619804539472223	-0.0260639664477777	True	False	0.0117275577888887	-0.0260639664477777	0.0619804539472223	0.5358166189111748
spleen	R-MMU-157579_TELOMERE_MAINTENANCE	-0.082512294275	-0.1145245605349999	0.0167066093444443	True	False	-0.082512294275	-0.1145245605349999	0.0167066093444443	0.8796561604584527
spleen	R-MMU-157858_GAP_JUNCTION_TRAFFICKING_AND_REGULATION	-0.0016541263443333	NA	NA	False	False	-0.0016541263443333	-0.0016541263443333	-0.0016541263443333	0.2722063037249284
spleen	R-MMU-15869_METABOLISM_OF_NUCLEOTIDES	0.0280050226666665	0.039116798777778	0.0143519799888887	True	True	0.0280050226666665	0.0143519799888887	0.039116798777778	0.6418338108882522
spleen	R-MMU-1592389_ACTIVATION_OF_MATRIX_METALLOPROTEINASES	0.0025723093443889	-0.0007939655590638	-0.0005968423721799	True	False	-0.0005968423721799	-0.0007939655590638	0.0025723093443889	0.3237822349570201
spleen	R-MMU-162582_SIGNAL_TRANSDUCTION	0.0727593176666664	0.1199941825277778	0.0919062427222222	True	True	0.0919062427222222	0.0727593176666664	0.1199941825277778	0.839541547277937
spleen	R-MMU-1630316_GLYCOSAMINOGLYCAN_METABOLISM	-0.0464522625027777	-0.0169008254361111	-0.0534541946333333	True	True	-0.0464522625027777	-0.0534541946333333	-0.0169008254361111	0.7335243553008596
spleen	R-MMU-163125_POST_TRANSLATIONAL_MODIFICATION_SYNTHESIS_OF_GPI_ANCHORED_PROTEINS	-0.1333267010416666	-0.0720657628638887	-0.0337052110166665	True	True	-0.0720657628638887	-0.1333267010416666	-0.0337052110166665	0.97134670487106
spleen	R-MMU-1632852_MACROAUTOPHAGY	-0.0025468078452099	0.0052947816583332	0.0129573247833332	True	False	0.0052947816583332	-0.0025468078452099	0.0129573247833332	0.3209169054441261
spleen	R-MMU-163685_INTEGRATION_OF_ENERGY_METABOLISM	-0.0113127279805555	-0.0410398066138887	0.0007740357737722	True	False	-0.0113127279805555	-0.0410398066138887	0.0007740357737722	0.5272206303724928
spleen	R-MMU-1640170_CELL_CYCLE	0.0838755779794444	0.1026253427444444	-0.0021970426944444	True	False	0.0838755779794444	-0.0021970426944444	0.1026253427444444	0.8825214899713467
spleen	R-MMU-1650814_COLLAGEN_BIOSYNTHESIS_AND_MODIFYING_ENZYMES	0.0791940252222219	0.0057958420277775	-0.0127067257611111	True	False	0.0057958420277775	-0.0127067257611111	0.0791940252222219	0.8681948424068768
spleen	R-MMU-166016_TOLL_LIKE_RECEPTOR_4_TLR4_CASCADE	-0.0082889985972222	-0.0501361210227777	-0.0461356964348888	True	True	-0.0461356964348888	-0.0501361210227777	-0.0082889985972222	0.4899713467048711
spleen	R-MMU-166058_MYD88_MAL_TIRAP_CASCADE_INITIATED_ON_PLASMA_MEMBRANE	0.0003523425850947	-0.0016694982673122	-7.037670351109997e-05	True	False	-7.037670351109997e-05	-0.0016694982673122	0.0003523425850947	0.0544412607449856
spleen	R-MMU-1660662_GLYCOSPHINGOLIPID_METABOLISM	-0.0268046689566666	NA	-0.0002656526555894	False	False	-0.013535160806128	-0.0268046689566666	-0.0002656526555894	0.6246418338108882
spleen	R-MMU-166166_MYD88_INDEPENDENT_TLR4_CASCADE	0.0003257036002499	5.0264141444440137e-05	0.0017929314246944	True	True	0.0003257036002499	5.0264141444440137e-05	0.0017929314246944	0.0515759312320916
spleen	R-MMU-166520_SIGNALING_BY_NTRKS	-0.0465498770500001	NA	-0.0565262257055555	False	False	-0.0515380513777778	-0.0565262257055555	-0.0465498770500001	0.7363896848137536
spleen	R-MMU-166658_COMPLEMENT_CASCADE	-0.0584242496111106	0.01968767979	-0.0582792366944445	True	False	-0.0582792366944445	-0.0584242496111106	0.01968767979	0.8022922636103151
spleen	R-MMU-166663_INITIAL_TRIGGERING_OF_COMPLEMENT	0.0011248128163	-0.0001018468245833	-0.0182935925941666	True	False	-0.0001018468245833	-0.0182935925941666	0.0011248128163	0.2091690544412607
spleen	R-MMU-166786_CREATION_OF_C4_AND_C2_ACTIVATORS	-0.0044106862602222	0.0588142518138888	0.0442305737513055	True	False	0.0442305737513055	-0.0044106862602222	0.0588142518138888	0.4011461318051575
spleen	R-MMU-168138_TOLL_LIKE_RECEPTOR_9_TLR9_CASCADE	-0.0026937506554999	-0.0018817965262833	-0.0007516705942333	True	True	-0.0018817965262833	-0.0026937506554999	-0.0007516705942333	0.326647564469914
spleen	R-MMU-168142_TOLL_LIKE_RECEPTOR_10_TLR10_CASCADE	0.0002624908499666	-0.0011540680716666	-0.0002993803949694	True	False	-0.0002993803949694	-0.0011540680716666	0.0002624908499666	0.0372492836676217
spleen	R-MMU-168164_TOLL_LIKE_RECEPTOR_3_TLR3_CASCADE	0.0006483791456889	-6.348373728892005e-05	0.0005605048383916	True	False	0.0005605048383916	-6.348373728892005e-05	0.0006483791456889	0.1232091690544412
spleen	R-MMU-168176_TOLL_LIKE_RECEPTOR_5_TLR5_CASCADE	-0.0027557068320822	0.0016345997590444	-0.0002615388772806	True	False	-0.0002615388772806	-0.0027557068320822	0.0016345997590444	0.329512893982808
spleen	R-MMU-168179_TOLL_LIKE_RECEPTOR_TLR1_TLR2_CASCADE	0.0032945297626999	-0.001424987161611	-8.775420107442005e-05	True	False	-8.775420107442005e-05	-0.001424987161611	0.0032945297626999	0.3724928366762177
spleen	R-MMU-168181_TOLL_LIKE_RECEPTOR_7_8_TLR7_8_CASCADE	-0.0003750185299166	-0.003687058673	-0.0009400300685305	True	True	-0.0009400300685305	-0.003687058673	-0.0003750185299166	0.0573065902578796
spleen	R-MMU-168188_TOLL_LIKE_RECEPTOR_TLR6_TLR2_CASCADE	0.0017394433992638	0.0043606523216554	0.0001468352812166	True	True	0.0017394433992638	0.0001468352812166	0.0043606523216554	0.2836676217765043
spleen	R-MMU-168249_INNATE_IMMUNE_SYSTEM	-0.0178504881666667	-0.2355133731944445	-0.0398865924444446	True	True	-0.0398865924444446	-0.2355133731944445	-0.0178504881666667	0.5845272206303725
spleen	R-MMU-168256_IMMUNE_SYSTEM	-0.0151157729999999	-0.0326118295	-0.0039259450222222	True	True	-0.0151157729999999	-0.0326118295	-0.0039259450222222	0.5587392550143266
spleen	R-MMU-168643_NUCLEOTIDE_BINDING_DOMAIN_LEUCINE_RICH_REPEAT_CONTAINING_RECEPTOR_NLR_SIGNALING_PATHWAYS	-0.0738091176305554	0.0022587748608055	-0.001667819358293	True	False	-0.001667819358293	-0.0738091176305554	0.0022587748608055	0.8452722063037249
spleen	R-MMU-168898_TOLL_LIKE_RECEPTOR_CASCADES	-0.0740878002871721	0.0199406446355555	-0.0155892168734723	True	False	-0.0155892168734723	-0.0740878002871721	0.0199406446355555	0.8510028653295129
spleen	R-MMU-170834_SIGNALING_BY_TGF_BETA_RECEPTOR_COMPLEX	0.0526300684052777	0.0256550618888887	-0.0233997843527777	True	False	0.0256550618888887	-0.0233997843527777	0.0526300684052777	0.7736389684813754
spleen	R-MMU-173623_CLASSICAL_ANTIBODY_MEDIATED_COMPLEMENT_ACTIVATION	-0.0054082116440277	-0.0108875160938888	-0.0023130803888333	True	True	-0.0054082116440277	-0.0108875160938888	-0.0023130803888333	0.4326647564469914
spleen	R-MMU-174143_APC_C_MEDIATED_DEGRADATION_OF_CELL_CYCLE_PROTEINS	0.0036382849295555	-0.0006693728516761	-0.0003983560682722	True	False	-0.0003983560682722	-0.0006693728516761	0.0036382849295555	0.3868194842406877
spleen	R-MMU-174824_PLASMA_LIPOPROTEIN_ASSEMBLY_REMODELING_AND_CLEARANCE	-0.0997815958559888	-0.1158784564111111	-0.0408067150002222	True	True	-0.0997815958559888	-0.1158784564111111	-0.0408067150002222	0.9283667621776504
spleen	R-MMU-176187_ACTIVATION_OF_ATR_IN_RESPONSE_TO_REPLICATION_STRESS	-0.0010983491605649	0.0001015604766222	0.0002935659484477	True	False	0.0001015604766222	-0.0010983491605649	0.0002935659484477	0.2063037249283667
spleen	R-MMU-180786_EXTENSION_OF_TELOMERES	0.0004469714828277	-0.0019042846668527	-0.0011254245443972	True	False	-0.0011254245443972	-0.0019042846668527	0.0004469714828277	0.0802292263610315
spleen	R-MMU-181438_TOLL_LIKE_RECEPTOR_2_TLR2_CASCADE	-0.0020164734143333	0.0003778387302222	0.0006720165385888	True	False	0.0003778387302222	-0.0020164734143333	0.0006720165385888	0.2893982808022922
spleen	R-MMU-1852241_ORGANELLE_BIOGENESIS_AND_MAINTENANCE	0.0081685517504999	0.0273601438111111	0.0006428829097722	True	True	0.0081685517504999	0.0006428829097722	0.0273601438111111	0.484240687679083
spleen	R-MMU-186797_SIGNALING_BY_PDGF	-0.0007897128375833	0.0009338579860416	-0.0020104351779443	True	False	-0.0007897128375833	-0.0020104351779443	0.0009338579860416	0.1461318051575931
spleen	R-MMU-190828_GAP_JUNCTION_TRAFFICKING	0.0011730577314722	NA	NA	False	False	0.0011730577314722	0.0011730577314722	0.0011730577314722	0.2263610315186246
spleen	R-MMU-193648_NRAGE_SIGNALS_DEATH_THROUGH_JNK	-0.0001623285249111	-0.0003210605278777	-0.0003280627295799	True	True	-0.0003210605278777	-0.0003280627295799	-0.0001623285249111	0.0286532951289398
spleen	R-MMU-193704_P75_NTR_RECEPTOR_MEDIATED_SIGNALLING	0.0170872029822222	-0.0014027493935555	0.0010936335952092	True	False	0.0010936335952092	-0.0014027493935555	0.0170872029822222	0.5816618911174785
spleen	R-MMU-194138_SIGNALING_BY_VEGF	0.0688543471388886	0.0464074475	-0.00493191995	True	False	0.0464074475	-0.00493191995	0.0688543471388886	0.833810888252149
spleen	R-MMU-194315_SIGNALING_BY_RHO_GTPASES	0.0852622795555555	0.0224735177222221	0.0387710057388889	True	True	0.0387710057388889	0.0224735177222221	0.0852622795555555	0.8939828080229226
spleen	R-MMU-195258_RHO_GTPASE_EFFECTORS	0.0447894287102777	0.1053676218244445	0.1287443683443056	True	True	0.1053676218244445	0.0447894287102777	0.1287443683443056	0.7249283667621776
spleen	R-MMU-195721_SIGNALING_BY_WNT	0.0377296195555556	-0.02119541545	0.0130947690777777	True	False	0.0130947690777777	-0.02119541545	0.0377296195555556	0.6991404011461319
spleen	R-MMU-196849_METABOLISM_OF_WATER_SOLUBLE_VITAMINS_AND_COFACTORS	0.0201968031009999	0.0322247744844444	0.0289117078516666	True	True	0.0289117078516666	0.0201968031009999	0.0322247744844444	0.5959885386819485
spleen	R-MMU-196854_METABOLISM_OF_VITAMINS_AND_COFACTORS	-0.0500903324722223	-0.030814614083333	-0.0347224168055556	True	True	-0.0347224168055556	-0.0500903324722223	-0.030814614083333	0.7564469914040115
spleen	R-MMU-198933_IMMUNOREGULATORY_INTERACTIONS_BETWEEN_A_LYMPHOID_AND_A_NON_LYMPHOID_CELL	-0.2121549781027777	-0.1210719372472222	-0.1849021919083333	True	True	-0.1849021919083333	-0.2121549781027777	-0.1210719372472222	0.994269340974212
spleen	R-MMU-199418_NEGATIVE_REGULATION_OF_THE_PI3K_AKT_NETWORK	-0.0194760746027777	0.0287840344395944	0.0001469671220922	True	False	0.0001469671220922	-0.0194760746027777	0.0287840344395944	0.5931232091690545
spleen	R-MMU-199977_ER_TO_GOLGI_ANTEROGRADE_TRANSPORT	-0.0007076225186233	-0.0012275419180278	3.4326793854400005e-05	True	False	-0.0007076225186233	-0.0012275419180278	3.4326793854400005e-05	0.1260744985673352
spleen	R-MMU-199991_MEMBRANE_TRAFFICKING	-0.0155921796666666	0.0324870723055557	0.0844874039166665	True	False	0.0324870723055557	-0.0155921796666666	0.0844874039166665	0.5616045845272206
spleen	R-MMU-201681_TCF_DEPENDENT_SIGNALING_IN_RESPONSE_TO_WNT	-0.0236862695801111	-0.0350191124166666	-0.0954166606722222	True	True	-0.0350191124166666	-0.0954166606722222	-0.0236862695801111	0.6045845272206304
spleen	R-MMU-202403_TCR_SIGNALING	-0.2566870298888887	-0.1372860985055555	-0.2161294270833331	True	True	-0.2161294270833331	-0.2566870298888887	-0.1372860985055555	0.997134670487106
spleen	R-MMU-202424_DOWNSTREAM_TCR_SIGNALING	0.0049425683476111	0.0001528721593333	0.0011597233125	True	True	0.0011597233125	0.0001528721593333	0.0049425683476111	0.4126074498567335
spleen	R-MMU-202427_PHOSPHORYLATION_OF_CD3_AND_TCR_ZETA_CHAINS	-0.0024512845381111	0.001867513310661	0.0015303402249166	True	False	0.0015303402249166	-0.0024512845381111	0.001867513310661	0.3065902578796561
spleen	R-MMU-202430_TRANSLOCATION_OF_ZAP_70_TO_IMMUNOLOGICAL_SYNAPSE	-0.0007498761924624	NA	0.0012143855678688	False	False	0.0002322546877031	-0.0007498761924624	0.0012143855678688	0.1404011461318051
spleen	R-MMU-202433_GENERATION_OF_SECOND_MESSENGER_MOLECULES	-0.0050576554284333	-0.0115077203795833	0.0006048296611888	True	False	-0.0050576554284333	-0.0115077203795833	0.0006048296611888	0.4212034383954154
spleen	R-MMU-202733_CELL_SURFACE_INTERACTIONS_AT_THE_VASCULAR_WALL	0.011500099111111	-0.0234444970833332	-0.0092352549166667	True	False	-0.0092352549166667	-0.0234444970833332	0.011500099111111	0.5300859598853869
spleen	R-MMU-2029480_FCGAMMA_RECEPTOR_FCGR_DEPENDENT_PHAGOCYTOSIS	-0.0749322650252777	-0.0255916533944444	-0.0628363423495499	True	True	-0.0628363423495499	-0.0749322650252777	-0.0255916533944444	0.8538681948424068
spleen	R-MMU-2029481_FCGR_ACTIVATION	0.0394161236519444	0.0016243166268166	-0.0039670220290222	True	False	0.0016243166268166	-0.0039670220290222	0.0394161236519444	0.7048710601719198
spleen	R-MMU-2029482_REGULATION_OF_ACTIN_DYNAMICS_FOR_PHAGOCYTIC_CUP_FORMATION	-0.0035702747837777	0.0173770554938888	0.0019722111775903	True	False	0.0019722111775903	-0.0035702747837777	0.0173770554938888	0.3810888252148997
spleen	R-MMU-2029485_ROLE_OF_PHOSPHOLIPIDS_IN_PHAGOCYTOSIS	-0.0085924663766666	-0.0055296688688722	-0.0016452248674305	True	True	-0.0055296688688722	-0.0085924663766666	-0.0016452248674305	0.492836676217765
spleen	R-MMU-204998_CELL_DEATH_SIGNALLING_VIA_NRAGE_NRIF_AND_NADE	-0.0011591253441821	0.0003477888055694	0.0037359175450555	True	False	0.0003477888055694	-0.0011591253441821	0.0037359175450555	0.2234957020057306
spleen	R-MMU-211859_BIOLOGICAL_OXIDATIONS	0.0846599892166665	0.0214681258833335	0.0636727489223944	True	True	0.0636727489223944	0.0214681258833335	0.0846599892166665	0.8882521489971347
spleen	R-MMU-211945_PHASE_I_FUNCTIONALIZATION_OF_COMPOUNDS	0.0505851997888889	0.0676700789638888	0.0469042411916666	True	True	0.0505851997888889	0.0469042411916666	0.0676700789638888	0.7621776504297995
spleen	R-MMU-212165_EPIGENETIC_REGULATION_OF_GENE_EXPRESSION	0.0358606198583333	-0.0510251661972221	0.0127475982911666	True	False	0.0127475982911666	-0.0510251661972221	0.0358606198583333	0.6876790830945558
spleen	R-MMU-212300_PRC2_METHYLATES_HISTONES_AND_DNA	0.0082484797388888	0.001911841461111	0.0053833811283333	True	True	0.0053833811283333	0.001911841461111	0.0082484797388888	0.4871060171919771
spleen	R-MMU-212436_GENERIC_TRANSCRIPTION_PATHWAY	0.0310947434899999	-0.0368898340944444	-0.0507073794166667	True	False	-0.0368898340944444	-0.0507073794166667	0.0310947434899999	0.6561604584527221
spleen	R-MMU-2132295_MHC_CLASS_II_ANTIGEN_PRESENTATION	-0.1472351592358611	-0.0994747311447221	-0.181721757465	True	True	-0.1472351592358611	-0.181721757465	-0.0994747311447221	0.9799426934097422
spleen	R-MMU-2142753_ARACHIDONATE_METABOLISM	-0.0843541975055555	-0.0066232728305333	-0.0003052391039055	True	True	-0.0066232728305333	-0.0843541975055555	-0.0003052391039055	0.8853868194842407
spleen	R-MMU-216083_INTEGRIN_CELL_SURFACE_INTERACTIONS	0.025331088611111	-0.0271339911666666	-0.0004213597964688	True	False	-0.0004213597964688	-0.0271339911666666	0.025331088611111	0.6160458452722063
spleen	R-MMU-2168880_SCAVENGING_OF_HEME_FROM_PLASMA	0.0061726366381666	-0.105052279262361	0.0066741080093722	True	False	0.0061726366381666	-0.105052279262361	0.0066741080093722	0.4527220630372492
spleen	R-MMU-2172127_DAP12_INTERACTIONS	-0.1064837939333333	-0.0028626958496222	-0.0004582857669444	True	True	-0.0028626958496222	-0.1064837939333333	-0.0004582857669444	0.9455587392550144
spleen	R-MMU-2173782_BINDING_AND_UPTAKE_OF_LIGANDS_BY_SCAVENGER_RECEPTORS	-0.0326330977222223	0.0459463796944444	0.0339694136388893	True	False	0.0339694136388893	-0.0326330977222223	0.0459463796944444	0.6762177650429799
spleen	R-MMU-2173789_TGF_BETA_RECEPTOR_SIGNALING_ACTIVATES_SMADS	NA	NA	0.0035442703082088	False	False	0.0035442703082088	0.0035442703082088	0.0035442703082088	NA
spleen	R-MMU-2187338_VISUAL_PHOTOTRANSDUCTION	-0.0030581427401611	0.0055786714144733	0.1230927406744445	True	False	0.0055786714144733	-0.0030581427401611	0.1230927406744445	0.3553008595988539
spleen	R-MMU-2262752_CELLULAR_RESPONSES_TO_STRESS	-0.0014428878333334	-0.0262550990583333	0.0248870055277779	True	False	-0.0014428878333334	-0.0262550990583333	0.0248870055277779	0.2578796561604584
spleen	R-MMU-2299718_CONDENSATION_OF_PROPHASE_CHROMOSOMES	0.0049679479625638	-0.0038509673473266	0.000401840654	True	False	0.000401840654	-0.0038509673473266	0.0049679479625638	0.4183381088825215
spleen	R-MMU-2424491_DAP12_SIGNALING	0.0006454896508777	-0.1635817534736109	-0.1241697346291666	True	False	-0.1241697346291666	-0.1635817534736109	0.0006454896508777	0.1203438395415472
spleen	R-MMU-2454202_FC_EPSILON_RECEPTOR_FCERI_SIGNALING	0.1007008299397222	-0.04851977924	0.0349271523055555	True	False	0.0349271523055555	-0.04851977924	0.1007008299397222	0.9340974212034384
spleen	R-MMU-2467813_SEPARATION_OF_SISTER_CHROMATIDS	-0.0009764469275832	0.0038103926639444	0.0003136889713389	True	False	0.0003136889713389	-0.0009764469275832	0.0038103926639444	0.1776504297994269
spleen	R-MMU-2500257_RESOLUTION_OF_SISTER_CHROMATID_COHESION	0.0006032591604999	0.0025401349061111	0.003852785827361	True	True	0.0025401349061111	0.0006032591604999	0.003852785827361	0.1117478510028653
spleen	R-MMU-2555396_MITOTIC_METAPHASE_AND_ANAPHASE	-0.0055538194786832	0.0132874146583332	0.000509317293341	True	False	0.000509317293341	-0.0055538194786832	0.0132874146583332	0.4412607449856733
spleen	R-MMU-2559580_OXIDATIVE_STRESS_INDUCED_SENESCENCE	NA	-0.0394898612055556	-5.3269604147220025e-05	False	False	-0.0197715654048514	-0.0394898612055556	-5.3269604147220025e-05	NA
spleen	R-MMU-2559583_CELLULAR_SENESCENCE	-0.03098794171	-0.0531875152149244	0.001406826972411	True	False	-0.03098794171	-0.0531875152149244	0.001406826972411	0.6532951289398281
spleen	R-MMU-2559586_DNA_DAMAGE_TELOMERE_STRESS_INDUCED_SENESCENCE	-0.0014135444216666	-0.020138210716111	0.0164658707861113	True	False	-0.0014135444216666	-0.020138210716111	0.0164658707861113	0.2492836676217765
spleen	R-MMU-2565942_REGULATION_OF_PLK1_ACTIVITY_AT_G2_M_TRANSITION	-0.0012640916833166	0.0001374741497222	-5.628839486942666e-05	True	False	-5.628839486942666e-05	-0.0012640916833166	0.0001374741497222	0.2378223495702005
spleen	R-MMU-2672351_STIMULI_SENSING_CHANNELS	-0.0622612591897221	0.0014019378013888	-0.0845273144013888	True	False	-0.0622612591897221	-0.0845273144013888	0.0014019378013888	0.8137535816618912
spleen	R-MMU-2730905_ROLE_OF_LAT2_NTAL_LAB_ON_CALCIUM_MOBILIZATION	0.0532745605750001	-0.0105634973444444	0.0261891061638888	True	False	0.0261891061638888	-0.0105634973444444	0.0532745605750001	0.7765042979942693
spleen	R-MMU-2871796_FCERI_MEDIATED_MAPK_ACTIVATION	-0.0109324624850277	-0.00234062066895	-0.0130850543355555	True	True	-0.0109324624850277	-0.0130850543355555	-0.00234062066895	0.5186246418338109
spleen	R-MMU-2871809_FCERI_MEDIATED_CA_2_MOBILIZATION	0.0163221797472222	0.0922571036361111	-0.0128350887334777	True	False	0.0163221797472222	-0.0128350887334777	0.0922571036361111	0.5759312320916905
spleen	R-MMU-2871837_FCERI_MEDIATED_NF_KB_ACTIVATION	0.0041078997910833	0.0055742569281944	0.0136660112105555	True	True	0.0055742569281944	0.0041078997910833	0.0136660112105555	0.3954154727793696
spleen	R-MMU-2980736_PEPTIDE_HORMONE_METABOLISM	-0.1319275511111111	-0.1896341153611109	-0.1096125072777775	True	True	-0.1319275511111111	-0.1896341153611109	-0.1096125072777775	0.9656160458452722
spleen	R-MMU-2990846_SUMOYLATION	0.1324646825152778	-0.0004349131640916	0.1036477414875	True	False	0.1036477414875	-0.0004349131640916	0.1324646825152778	0.968481375358166
spleen	R-MMU-2995410_NUCLEAR_ENVELOPE_NE_REASSEMBLY	0.0001007737781633	-0.0008603887691511	-0.0013775245899611	True	False	-0.0008603887691511	-0.0013775245899611	0.0001007737781633	0.0229226361031518
spleen	R-MMU-3000171_NON_INTEGRIN_MEMBRANE_ECM_INTERACTIONS	0.0356567891527777	0.0008417065027778	0.0424116736027777	True	True	0.0356567891527777	0.0008417065027778	0.0424116736027777	0.6848137535816619
spleen	R-MMU-3000178_ECM_PROTEOGLYCANS	-0.0002329659293944	0.0033331990484721	0.0093153170057777	True	False	0.0033331990484721	-0.0002329659293944	0.0093153170057777	0.0343839541547277
spleen	R-MMU-3108232_SUMO_E3_LIGASES_SUMOYLATE_TARGET_PROTEINS	-0.0008806226236472	0.1052538615111111	0.0067981470165555	True	False	0.0067981470165555	-0.0008806226236472	0.1052538615111111	0.1690544412607449
spleen	R-MMU-3214841_PKMTS_METHYLATE_HISTONE_LYSINES	0.0007934091829677	0.0013815676356388	0.0003323946743499	True	True	0.0007934091829677	0.0003323946743499	0.0013815676356388	0.1489971346704871
spleen	R-MMU-3214842_HDMS_DEMETHYLATE_HISTONES	0.0011550268305722	0.0003545196799222	8.33119079994111e-05	True	True	0.0003545196799222	8.33119079994111e-05	0.0011550268305722	0.2206303724928366
spleen	R-MMU-3214847_HATS_ACETYLATE_HISTONES	0.0034614255826943	0.0624763066197223	0.0092018677344444	True	True	0.0092018677344444	0.0034614255826943	0.0624763066197223	0.3782234957020057
spleen	R-MMU-3214858_RMTS_METHYLATE_HISTONE_ARGININES	-0.0068516465842722	-0.000209164651425	-0.0003821900681855	True	True	-0.0003821900681855	-0.0068516465842722	-0.000209164651425	0.4670487106017192
spleen	R-MMU-3247509_CHROMATIN_MODIFYING_ENZYMES	0.0581269137722222	0.0469122281901387	0.0837814733299999	True	True	0.0581269137722222	0.0469122281901387	0.0837814733299999	0.7994269340974212
spleen	R-MMU-3371497_HSP90_CHAPERONE_CYCLE_FOR_STEROID_HORMONE_RECEPTORS_SHR_IN_THE_PRESENCE_OF_LIGAND	-0.0031898561657222	0.0015544473468555	0.0004780255027346	True	False	0.0004780255027346	-0.0031898561657222	0.0015544473468555	0.3667621776504298
spleen	R-MMU-352230_AMINO_ACID_TRANSPORT_ACROSS_THE_PLASMA_MEMBRANE	NA	-0.0013466497399055	-0.0003602860808772	False	False	-0.0008534679103913	-0.0013466497399055	-0.0003602860808772	NA
spleen	R-MMU-3700989_TRANSCRIPTIONAL_REGULATION_BY_TP53	0.0096911004722221	0.0501030723055557	0.0250818045555555	True	True	0.0250818045555555	0.0096911004722221	0.0501030723055557	0.5128939828080229
spleen	R-MMU-372790_SIGNALING_BY_GPCR	0.1029838775083333	0.0308432289596666	-0.0936260663277776	True	False	0.0308432289596666	-0.0936260663277776	0.1029838775083333	0.9398280802292264
spleen	R-MMU-373076_CLASS_A_1_RHODOPSIN_LIKE_RECEPTORS	-0.1704703994630555	-0.0797778441333331	-0.0175981996499998	True	True	-0.0797778441333331	-0.1704703994630555	-0.0175981996499998	0.988538681948424
spleen	R-MMU-373755_SEMAPHORIN_INTERACTIONS	0.0500149966372221	-0.0250115551950001	-0.0014171064666666	True	False	-0.0014171064666666	-0.0250115551950001	0.0500149966372221	0.7507163323782235
spleen	R-MMU-373760_L1CAM_INTERACTIONS	-0.0008912079665166	-0.0023432694685499	0.1641874468533334	True	False	-0.0008912079665166	-0.0023432694685499	0.1641874468533334	0.1719197707736389
spleen	R-MMU-375165_NCAM_SIGNALING_FOR_NEURITE_OUT_GROWTH	NA	0.0013511703920555	0.0001968582245749	False	False	0.0007740143083152	0.0001968582245749	0.0013511703920555	NA
spleen	R-MMU-375276_PEPTIDE_LIGAND_BINDING_RECEPTORS	0.0974723963333333	-0.2226168697000001	0.1125401546666665	True	False	0.0974723963333333	-0.2226168697000001	0.1125401546666665	0.9140401146131804
spleen	R-MMU-380108_CHEMOKINE_RECEPTORS_BIND_CHEMOKINES	-0.0014756166472222	-0.0983638144488888	-0.1731704416394444	True	True	-0.0983638144488888	-0.1731704416394444	-0.0014756166472222	0.2636103151862464
spleen	R-MMU-380259_LOSS_OF_NLP_FROM_MITOTIC_CENTROSOMES	-0.0004206746305888	-0.0005420373777278	0.0001977920363477	True	False	-0.0004206746305888	-0.0005420373777278	0.0001977920363477	0.0659025787965616
spleen	R-MMU-380270_RECRUITMENT_OF_MITOTIC_CENTROSOME_PROTEINS_AND_COMPLEXES	0.0007401047198222	0.0010635268558388	-0.0004290772224777	True	False	0.0007401047198222	-0.0004290772224777	0.0010635268558388	0.1346704871060172
spleen	R-MMU-380284_LOSS_OF_PROTEINS_REQUIRED_FOR_INTERPHASE_MICROTUBULE_ORGANIZATION_FROM_THE_CENTROSOME	-0.0011280713884972	-0.0006415791610471	NA	False	False	-0.0008848252747721	-0.0011280713884972	-0.0006415791610471	0.2120343839541547
spleen	R-MMU-380287_CENTROSOME_MATURATION	NA	-7.004224821721998e-05	NA	False	False	-7.004224821721998e-05	-7.004224821721998e-05	-7.004224821721998e-05	NA
spleen	R-MMU-380320_RECRUITMENT_OF_NUMA_TO_MITOTIC_CENTROSOMES	-0.0024658055190833	-0.0027620174598888	-0.0002897664922583	True	True	-0.0024658055190833	-0.0027620174598888	-0.0002897664922583	0.3094555873925501
spleen	R-MMU-381426_REGULATION_OF_INSULIN_LIKE_GROWTH_FACTOR_IGF_TRANSPORT_AND_UPTAKE_BY_INSULIN_LIKE_GROWTH_FACTOR_BINDING_PROTEINS_IGFBPS	-0.0162278811388887	0.0408443194444444	0.0255792871111109	True	False	0.0255792871111109	-0.0162278811388887	0.0408443194444444	0.5702005730659025
spleen	R-MMU-382551_TRANSPORT_OF_SMALL_MOLECULES	0.0820595553888888	0.1423828888666666	0.0831053780694443	True	True	0.0831053780694443	0.0820595553888888	0.1423828888666666	0.8767908309455588
spleen	R-MMU-382556_ABC_FAMILY_PROTEIN_MEDIATED_TRANSPORT	0.0137107467638889	0.0606286341122223	0.0534309136072222	True	True	0.0534309136072222	0.0137107467638889	0.0606286341122223	0.5501432664756447
spleen	R-MMU-383280_NUCLEAR_RECEPTOR_TRANSCRIPTION_PATHWAY	-0.0302885133722222	-0.0670159957638888	-0.0452305309111111	True	True	-0.0452305309111111	-0.0670159957638888	-0.0302885133722222	0.6504297994269341
spleen	R-MMU-388396_GPCR_DOWNSTREAM_SIGNALLING	-0.1003202410277779	-0.1575141726305554	-0.1533997597583334	True	True	-0.1533997597583334	-0.1575141726305554	-0.1003202410277779	0.9312320916905444
spleen	R-MMU-388841_REGULATION_OF_T_CELL_ACTIVATION_BY_CD28_FAMILY	-0.1534371808055554	-0.1321456373316666	-0.1177052598441666	True	True	-0.1321456373316666	-0.1534371808055554	-0.1177052598441666	0.982808022922636
spleen	R-MMU-389356_CO_STIMULATION_BY_CD28	-0.0010412935275499	0.0012551818724666	-0.00784078792025	True	False	-0.0010412935275499	-0.00784078792025	0.0012551818724666	0.1862464183381088
spleen	R-MMU-389357_CD28_DEPENDENT_PI3K_AKT_SIGNALING	0.0004651275652221	0.000720239489625	NA	False	False	0.0005926835274235	0.0004651275652221	0.000720239489625	0.0830945558739255
spleen	R-MMU-389948_CO_INHIBITION_BY_PD_1	0.0056016604005555	-0.0158801073999999	0.0033694889772222	True	False	0.0033694889772222	-0.0158801073999999	0.0056016604005555	0.4441260744985673
spleen	R-MMU-392499_METABOLISM_OF_PROTEINS	-0.0557956615277779	-0.0850771849166665	-0.0471366829444444	True	True	-0.0557956615277779	-0.0850771849166665	-0.0471366829444444	0.7908309455587392
spleen	R-MMU-397014_MUSCLE_CONTRACTION	0.0811784196930555	0.0845487953844444	0.0968941213144443	True	True	0.0845487953844444	0.0811784196930555	0.0968941213144443	0.8739255014326648
spleen	R-MMU-416476_G_ALPHA_Q_SIGNALLING_EVENTS	0.031157168775	-0.155023460661111	0.0407835762138889	True	False	0.031157168775	-0.155023460661111	0.0407835762138889	0.6590257879656161
spleen	R-MMU-416482_G_ALPHA_12_13_SIGNALLING_EVENTS	0.0019222928120833	0.0596313943672222	-0.0002537757935967	True	False	0.0019222928120833	-0.0002537757935967	0.0596313943672222	0.2865329512893982
spleen	R-MMU-418346_PLATELET_HOMEOSTASIS	0.0021598953508611	-0.048415671941111	-0.0200201625891666	True	False	-0.0200201625891666	-0.048415671941111	0.0021598953508611	0.2951289398280802
spleen	R-MMU-418555_G_ALPHA_S_SIGNALLING_EVENTS	-0.0995508468088888	-0.1191976858055556	-0.0797038555055555	True	True	-0.0995508468088888	-0.1191976858055556	-0.0797038555055555	0.9226361031518624
spleen	R-MMU-418594_G_ALPHA_I_SIGNALLING_EVENTS	-0.0058321755055555	0.0560766288333333	-0.0337500096277778	True	False	-0.0058321755055555	-0.0337500096277778	0.0560766288333333	0.4498567335243553
spleen	R-MMU-418990_ADHERENS_JUNCTIONS_INTERACTIONS	0.0162632213083333	-0.0006299081730944	0.0258568839694444	True	False	0.0162632213083333	-0.0006299081730944	0.0258568839694444	0.5730659025787965
spleen	R-MMU-421270_CELL_CELL_JUNCTION_ORGANIZATION	-0.0047460870249777	0.0383778515833331	0.0326047773472222	True	False	0.0326047773472222	-0.0047460870249777	0.0383778515833331	0.4068767908309456
spleen	R-MMU-422356_REGULATION_OF_INSULIN_SECRETION	0.0094605993888889	0.0384586091888889	0.0122008742638889	True	True	0.0122008742638889	0.0094605993888889	0.0384586091888889	0.5071633237822349
spleen	R-MMU-422475_AXON_GUIDANCE	0.1182856657902778	0.2286619581163888	0.0183632754888888	True	True	0.1182856657902778	0.0183632754888888	0.2286619581163888	0.9570200573065902
spleen	R-MMU-425407_SLC_MEDIATED_TRANSMEMBRANE_TRANSPORT	-0.078510179972222	0.1085890792499999	-0.0906012686666662	True	False	-0.078510179972222	-0.0906012686666662	0.1085890792499999	0.8653295128939829
spleen	R-MMU-428157_SPHINGOLIPID_METABOLISM	0.0574692889051666	-0.0009521782580555	0.0535742016939444	True	False	0.0535742016939444	-0.0009521782580555	0.0574692889051666	0.7965616045845272
spleen	R-MMU-4420097_VEGFA_VEGFR2_PATHWAY	0.0016750241146666	-0.0028214387136527	8.883838306108001e-05	True	False	8.883838306108001e-05	-0.0028214387136527	0.0016750241146666	0.2750716332378223
spleen	R-MMU-446203_ASPARAGINE_N_LINKED_GLYCOSYLATION	-0.0456233433902777	-0.0145450921313888	-0.0158436782249999	True	True	-0.0158436782249999	-0.0456233433902777	-0.0145450921313888	0.7306590257879656
spleen	R-MMU-446652_INTERLEUKIN_1_FAMILY_SIGNALING	-0.0071671332391222	-0.0174629134819489	-0.1138318175638888	True	True	-0.0174629134819489	-0.1138318175638888	-0.0071671332391222	0.4699140401146132
spleen	R-MMU-446728_CELL_JUNCTION_ORGANIZATION	0.0490048106944445	0.0747877876444444	0.0588652746255555	True	True	0.0588652746255555	0.0490048106944445	0.0747877876444444	0.7449856733524355
spleen	R-MMU-449147_SIGNALING_BY_INTERLEUKINS	-0.0077821454166666	-0.0008820588333334	-0.0711402690411666	True	True	-0.0077821454166666	-0.0711402690411666	-0.0008820588333334	0.4785100286532951
spleen	R-MMU-451927_INTERLEUKIN_2_FAMILY_SIGNALING	-0.0017392166056388	-0.0020756587353889	0.0005152338681416	True	False	-0.0017392166056388	-0.0020756587353889	0.0005152338681416	0.2808022922636103
spleen	R-MMU-453274_MITOTIC_G2_G2_M_PHASES	-0.0024437512392499	-0.0225920274833333	-0.0018197718527249	True	True	-0.0024437512392499	-0.0225920274833333	-0.0018197718527249	0.3037249283667622
spleen	R-MMU-453276_REGULATION_OF_MITOTIC_CELL_CYCLE	-0.0003778369014749	0.0003518691346055	-3.344481997000002e-05	True	False	-3.344481997000002e-05	-0.0003778369014749	0.0003518691346055	0.0601719197707736
spleen	R-MMU-453279_MITOTIC_G1_PHASE_AND_G1_S_TRANSITION	-0.0033058889972222	0.0065869439290222	-0.0001739653717055	True	False	-0.0001739653717055	-0.0033058889972222	0.0065869439290222	0.3753581661891118
spleen	R-MMU-4839726_CHROMATIN_ORGANIZATION	-0.0053734692222221	0.0061346165833333	0.0001821281666667	True	False	0.0001821281666667	-0.0053734692222221	0.0061346165833333	0.4269340974212034
spleen	R-MMU-500792_GPCR_LIGAND_BINDING	-0.0337197853333335	-0.1284004174999997	-0.1709990114226666	True	True	-0.1284004174999997	-0.1709990114226666	-0.0337197853333335	0.6819484240687679
spleen	R-MMU-512988_INTERLEUKIN_3_INTERLEUKIN_5_AND_GM_CSF_SIGNALING	-0.0029348194007111	0.0005402599293888	0.0016374511293332	True	False	0.0005402599293888	-0.0029348194007111	0.0016374511293332	0.3467048710601719
spleen	R-MMU-5173105_O_LINKED_GLYCOSYLATION	-0.0283658476638889	-0.0391674924416665	-0.0196964161944444	True	True	-0.0283658476638889	-0.0391674924416665	-0.0196964161944444	0.6446991404011462
spleen	R-MMU-5218859_REGULATED_NECROSIS	-0.0681801098666666	-0.1107334990444443	-0.001293483927911	True	True	-0.0681801098666666	-0.1107334990444443	-0.001293483927911	0.830945558739255
spleen	R-MMU-5357801_PROGRAMMED_CELL_DEATH	0.0274592511791666	-0.0182305797499999	-0.0476795805944443	True	False	-0.0182305797499999	-0.0476795805944443	0.0274592511791666	0.6332378223495702
spleen	R-MMU-5358351_SIGNALING_BY_HEDGEHOG	0.0375075048877777	0.0403889477641667	0.0419211860352777	True	True	0.0403889477641667	0.0375075048877777	0.0419211860352777	0.6962750716332379
spleen	R-MMU-5368287_MITOCHONDRIAL_TRANSLATION	-0.0037031822637229	NA	0.0007626443364444	False	False	-0.0014702689636392	-0.0037031822637229	0.0007626443364444	0.3896848137535816
spleen	R-MMU-5419276_MITOCHONDRIAL_TRANSLATION_TERMINATION	NA	-0.0015911638829444	NA	False	False	-0.0015911638829444	-0.0015911638829444	-0.0015911638829444	NA
spleen	R-MMU-556833_METABOLISM_OF_LIPIDS	-0.10819356075	-0.0611124606111113	-0.0444392987777778	True	True	-0.0611124606111113	-0.10819356075	-0.0444392987777778	0.9484240687679084
spleen	R-MMU-5576891_CARDIAC_CONDUCTION	-0.0004927303627777	-0.035058132061111	-0.00092174330945	True	True	-0.00092174330945	-0.035058132061111	-0.0004927303627777	0.0859598853868194
spleen	R-MMU-5578775_ION_HOMEOSTASIS	-0.0098642046888888	NA	0.0003243691430833	False	False	-0.0047699177729027	-0.0098642046888888	0.0003243691430833	0.5157593123209169
spleen	R-MMU-5610787_HEDGEHOG_OFF_STATE	NA	NA	-0.000530639395966	False	False	-0.000530639395966	-0.000530639395966	-0.000530639395966	NA
spleen	R-MMU-5617833_CILIUM_ASSEMBLY	0.0274613555277777	0.0371725241388885	0.0312077621666666	True	True	0.0312077621666666	0.0274613555277777	0.0371725241388885	0.6361031518624641
spleen	R-MMU-5620912_ANCHORING_OF_THE_BASAL_BODY_TO_THE_PLASMA_MEMBRANE	0.0007247717084722	0.0013841838990777	NA	False	False	0.0010544778037749	0.0007247717084722	0.0013841838990777	0.1289398280802292
spleen	R-MMU-5621481_C_TYPE_LECTIN_RECEPTORS_CLRS	-0.1048334360044444	-0.0584621117801666	-0.1352557571652444	True	True	-0.1048334360044444	-0.1352557571652444	-0.0584621117801666	0.9426934097421203
spleen	R-MMU-5628897_TP53_REGULATES_METABOLIC_GENES	-0.0005429679980555	-0.0013433574705555	7.928503417223999e-05	True	False	-0.0005429679980555	-0.0013433574705555	7.928503417223999e-05	0.0974212034383954
spleen	R-MMU-5633007_REGULATION_OF_TP53_ACTIVITY	-0.0053944278363889	0.0593633238705555	3.643420366112042e-05	True	False	3.643420366112042e-05	-0.0053944278363889	0.0593633238705555	0.4297994269340974
spleen	R-MMU-5653656_VESICLE_MEDIATED_TRANSPORT	0.0509193170583333	0.0413791036527777	0.0034437098333333	True	True	0.0413791036527777	0.0034437098333333	0.0509193170583333	0.7650429799426934
spleen	R-MMU-5663220_RHO_GTPASES_ACTIVATE_FORMINS	-0.0006031503641888	-0.0286756147172222	0.0001551114121111	True	False	-0.0006031503641888	-0.0286756147172222	0.0001551114121111	0.1088825214899713
spleen	R-MMU-5668541_TNFR2_NON_CANONICAL_NF_KB_PATHWAY	-0.056828512138889	-0.0565749850833332	0.0494468887837499	True	False	-0.0565749850833332	-0.056828512138889	0.0494468887837499	0.7936962750716332
spleen	R-MMU-5669034_TNFS_BIND_THEIR_PHYSIOLOGICAL_RECEPTORS	-0.127002725086111	0.0002931180472944	-0.1427273317316665	True	False	-0.127002725086111	-0.1427273317316665	0.0002931180472944	0.9627507163323782
spleen	R-MMU-5673001_RAF_MAP_KINASE_CASCADE	0.0322411651499999	-0.0075979876583333	-0.0733307279444444	True	False	-0.0075979876583333	-0.0733307279444444	0.0322411651499999	0.673352435530086
spleen	R-MMU-5683057_MAPK_FAMILY_SIGNALING_CASCADES	-0.0055217486583333	-0.0143430757222224	0.0394737284805554	True	False	-0.0055217486583333	-0.0143430757222224	0.0394737284805554	0.4383954154727794
spleen	R-MMU-5684996_MAPK1_MAPK3_SIGNALING	-0.0735479444166666	-0.1062161428722224	0.0686525779194444	True	False	-0.0735479444166666	-0.1062161428722224	0.0686525779194444	0.8424068767908309
spleen	R-MMU-5685942_HDR_THROUGH_HOMOLOGOUS_RECOMBINATION_HRR	0.0028034123255666	-0.0008724089087291	-0.0001358989174388	True	False	-0.0001358989174388	-0.0008724089087291	0.0028034123255666	0.335243553008596
spleen	R-MMU-5688426_DEUBIQUITINATION	-0.0756766513333332	-0.0062240844305555	0.0331700995916666	True	False	-0.0062240844305555	-0.0756766513333332	0.0331700995916666	0.8595988538681948
spleen	R-MMU-5689603_UCH_PROTEINASES	-0.0004448999130555	-0.000922945603161	0.0010871345700499	True	False	-0.0004448999130555	-0.000922945603161	0.0010871345700499	0.0773638968481375
spleen	R-MMU-5689880_UB_SPECIFIC_PROCESSING_PROTEASES	0.0138859915004166	-0.0043420567166666	-0.0856515080193055	True	False	-0.0043420567166666	-0.0856515080193055	0.0138859915004166	0.5530085959885387
spleen	R-MMU-5689901_METALLOPROTEASE_DUBS	-0.0066895496451222	-0.0029042456662499	0.0003339034413916	True	False	-0.0029042456662499	-0.0066895496451222	0.0003339034413916	0.4641833810888252
spleen	R-MMU-5690714_CD22_MEDIATED_BCR_REGULATION	0.0037912801618666	-0.0090152118264444	0.0052245440052388	True	False	0.0037912801618666	-0.0090152118264444	0.0052245440052388	0.3925501432664756
spleen	R-MMU-5693532_DNA_DOUBLE_STRAND_BREAK_REPAIR	0.0029314452277777	0.0885129580722223	0.077460667815	True	True	0.077460667815	0.0029314452277777	0.0885129580722223	0.3438395415472779
spleen	R-MMU-5693538_HOMOLOGY_DIRECTED_REPAIR	0.0860817316999999	0.0931295671137777	0.043592917408611	True	True	0.0860817316999999	0.043592917408611	0.0931295671137777	0.8997134670487106
spleen	R-MMU-5693565_RECRUITMENT_AND_ATM_MEDIATED_PHOSPHORYLATION_OF_REPAIR_AND_SIGNALING_PROTEINS_AT_DNA_DOUBLE_STRAND_BREAKS	-0.0163398215694444	0.0013033517640305	0.001552834016601	True	False	0.0013033517640305	-0.0163398215694444	0.001552834016601	0.5787965616045845
spleen	R-MMU-5693567_HDR_THROUGH_HOMOLOGOUS_RECOMBINATION_HRR_OR_SINGLE_STRAND_ANNEALING_SSA	-0.0010454412727278	0.0065712947721666	0.0018989063608933	True	False	0.0018989063608933	-0.0010454412727278	0.0065712947721666	0.1891117478510028
spleen	R-MMU-5693571_NONHOMOLOGOUS_END_JOINING_NHEJ	7.128082756666669e-05	0.0016016480202388	-0.0004464088144883	True	False	7.128082756666669e-05	-0.0004464088144883	0.0016016480202388	0.0171919770773638
spleen	R-MMU-5693606_DNA_DOUBLE_STRAND_BREAK_RESPONSE	3.99759924027599e-05	0.0030833936777041	5.113909505579999e-06	True	True	3.99759924027599e-05	5.113909505579999e-06	0.0030833936777041	0.0057306590257879
spleen	R-MMU-5693607_PROCESSING_OF_DNA_DOUBLE_STRAND_BREAK_ENDS	-0.0011821474183333	-0.0009049173316666	-0.000837351417093	True	True	-0.0009049173316666	-0.0011821474183333	-0.000837351417093	0.2292263610315186
spleen	R-MMU-597592_POST_TRANSLATIONAL_PROTEIN_MODIFICATION	-0.0224403499416667	0.0491122358555554	0.056439073211111	True	False	0.0491122358555554	-0.0224403499416667	0.056439073211111	0.5988538681948424
spleen	R-MMU-606279_DEPOSITION_OF_NEW_CENPA_CONTAINING_NUCLEOSOMES_AT_THE_CENTROMERE	0.0008176037807698	-0.0018758495446833	0.0001685827743111	True	False	0.0001685827743111	-0.0018758495446833	0.0008176037807698	0.154727793696275
spleen	R-MMU-6791226_MAJOR_PATHWAY_OF_RRNA_PROCESSING_IN_THE_NUCLEOLUS_AND_CYTOSOL	-0.0913403390638888	-0.0887329560055555	NA	False	False	-0.0900366475347221	-0.0913403390638888	-0.0887329560055555	0.9083094555873924
spleen	R-MMU-6791312_TP53_REGULATES_TRANSCRIPTION_OF_CELL_CYCLE_GENES	0.0004289582865	NA	0.0002075689669222	False	False	0.0003182636267111	0.0002075689669222	0.0004289582865	0.0744985673352435
spleen	R-MMU-6798695_NEUTROPHIL_DEGRANULATION	-0.2628305464944446	-0.1641614865905555	-0.1822968772083332	True	True	-0.1822968772083332	-0.2628305464944446	-0.1641614865905555	1.0
spleen	R-MMU-6803157_ANTIMICROBIAL_PEPTIDES	-0.0426227459133333	-0.1919424166272222	-0.1407352283727777	True	True	-0.1407352283727777	-0.1919424166272222	-0.0426227459133333	0.7191977077363897
spleen	R-MMU-6804756_REGULATION_OF_TP53_ACTIVITY_THROUGH_PHOSPHORYLATION	0.0003245845232277	0.0019057120476444	0.0002940855100055	True	True	0.0003245845232277	0.0002940855100055	0.0019057120476444	0.0487106017191977
spleen	R-MMU-6806667_METABOLISM_OF_FAT_SOLUBLE_VITAMINS	0.0012572991193738	-0.0003171591013111	NA	False	False	0.0004700700090313	-0.0003171591013111	0.0012572991193738	0.2349570200573066
spleen	R-MMU-6806834_SIGNALING_BY_MET	0.0419642942222221	0.0631182239916666	0.0020326245912721	True	True	0.0419642942222221	0.0020326245912721	0.0631182239916666	0.7163323782234957
spleen	R-MMU-6807878_COPI_MEDIATED_ANTEROGRADE_TRANSPORT	NA	NA	-0.000126034124825	False	False	-0.000126034124825	-0.000126034124825	-0.000126034124825	NA
spleen	R-MMU-6811434_COPI_DEPENDENT_GOLGI_TO_ER_RETROGRADE_TRAFFIC	-0.0009809421460555	-0.011283886602611	0.0656572294244444	True	False	-0.0009809421460555	-0.011283886602611	0.0656572294244444	0.1805157593123209
spleen	R-MMU-6811442_INTRA_GOLGI_AND_RETROGRADE_GOLGI_TO_ER_TRAFFIC	0.090309811491	0.0068682235749999	0.0922901331155556	True	True	0.090309811491	0.0068682235749999	0.0922901331155556	0.9054441260744984
spleen	R-MMU-6811558_PI5P_PP2A_AND_IER3_REGULATE_PI3K_AKT_SIGNALING	0.0029226754815444	-0.0605485150055555	0.0438277532444444	True	False	0.0029226754815444	-0.0605485150055555	0.0438277532444444	0.3409742120343839
spleen	R-MMU-68875_MITOTIC_PROPHASE	-0.0014281001189333	-0.000667802955686	-0.0005395604119527	True	True	-0.000667802955686	-0.0014281001189333	-0.0005395604119527	0.2550143266475644
spleen	R-MMU-68877_MITOTIC_PROMETAPHASE	-0.0011397156827778	0.0082528070828888	0.0002708086555555	True	False	0.0002708086555555	-0.0011397156827778	0.0082528070828888	0.2177650429799427
spleen	R-MMU-68882_MITOTIC_ANAPHASE	0.0055149510604916	0.0034907294984833	0.0011644945286388	True	True	0.0034907294984833	0.0011644945286388	0.0055149510604916	0.4355300859598854
spleen	R-MMU-68886_M_PHASE	-0.089522210525	-0.0240197227105555	-0.0095604885499999	True	True	-0.0240197227105555	-0.089522210525	-0.0095604885499999	0.9025787965616046
spleen	R-MMU-68962_ACTIVATION_OF_THE_PRE_REPLICATIVE_COMPLEX	-0.0009688610391888	-0.0001301449605444	0.0007591644138471	True	False	-0.0001301449605444	-0.0009688610391888	0.0007591644138471	0.1747851002865329
spleen	R-MMU-69002_DNA_REPLICATION_PRE_INITIATION	0.0008358223014833	0.0001613929375111	-0.0007246757048666	True	False	0.0001613929375111	-0.0007246757048666	0.0008358223014833	0.163323782234957
spleen	R-MMU-69052_SWITCHING_OF_ORIGINS_TO_A_POST_REPLICATIVE_STATE	-5.99615591110666e-05	-0.0008665218819444	0.001078009112636	True	False	-5.99615591110666e-05	-0.0008665218819444	0.001078009112636	0.0114613180515759
spleen	R-MMU-69206_G1_S_TRANSITION	0.0015532873497222	0.0037051364926499	-0.0003247944967555	True	False	0.0015532873497222	-0.0003247944967555	0.0037051364926499	0.2693409742120344
spleen	R-MMU-69231_CYCLIN_D_ASSOCIATED_EVENTS_IN_G1	-0.0025426503220555	-0.0008149342126277	-0.0004357647230829	True	True	-0.0008149342126277	-0.0025426503220555	-0.0004357647230829	0.318051575931232
spleen	R-MMU-69236_G1_PHASE	0.0015361010481666	-0.0329116868117222	-0.053743327205	True	False	-0.0329116868117222	-0.053743327205	0.0015361010481666	0.2664756446991404
spleen	R-MMU-69239_SYNTHESIS_OF_DNA	-0.0035878253017777	-0.0075323885243333	8.46022049444243e-05	True	False	-0.0035878253017777	-0.0075323885243333	8.46022049444243e-05	0.3839541547277937
spleen	R-MMU-69242_S_PHASE	-0.0663269359383333	0.0018212131316944	-0.0019552894743639	True	False	-0.0019552894743639	-0.0663269359383333	0.0018212131316944	0.8252148997134671
spleen	R-MMU-69273_CYCLIN_A_B1_B2_ASSOCIATED_EVENTS_DURING_G2_M_TRANSITION	-0.0004270408005111	-0.0007718190976577	-0.0003722738122844	True	True	-0.0004270408005111	-0.0007718190976577	-0.0003722738122844	0.0716332378223495
spleen	R-MMU-69275_G2_M_TRANSITION	-0.0010912538068444	-0.0009846496608666	-0.0435944791955555	True	True	-0.0010912538068444	-0.0435944791955555	-0.0009846496608666	0.2005730659025787
spleen	R-MMU-69278_CELL_CYCLE_MITOTIC	0.0637742820277775	0.099054254861111	0.0891249362694444	True	True	0.0891249362694444	0.0637742820277775	0.099054254861111	0.8194842406876791
spleen	R-MMU-69306_DNA_REPLICATION	-0.0005634329629166	0.0010148526476861	0.0007529176558702	True	False	0.0007529176558702	-0.0005634329629166	0.0010148526476861	0.1031518624641833
spleen	R-MMU-69473_G2_M_DNA_DAMAGE_CHECKPOINT	-0.0013608008935833	0.007328608929121	0.0001990092303277	True	False	0.0001990092303277	-0.0013608008935833	0.007328608929121	0.2435530085959885
spleen	R-MMU-69481_G2_M_CHECKPOINTS	-0.0002952240437133	0.0068041259876805	-0.0004360385185555	True	False	-0.0002952240437133	-0.0004360385185555	0.0068041259876805	0.0401146131805157
spleen	R-MMU-69618_MITOTIC_SPINDLE_CHECKPOINT	-0.0014594799920277	0.0009973191189177	0.0005958205975327	True	False	0.0005958205975327	-0.0014594799920277	0.0009973191189177	0.2607449856733524
spleen	R-MMU-69620_CELL_CYCLE_CHECKPOINTS	-0.0263196733027778	-0.001001612666111	-0.0005833945880555	True	True	-0.001001612666111	-0.0263196733027778	-0.0005833945880555	0.6189111747851003
spleen	R-MMU-71291_METABOLISM_OF_AMINO_ACIDS_AND_DERIVATIVES	-0.0450612912777777	0.0527186895888889	-0.0417735063944444	True	False	-0.0417735063944444	-0.0450612912777777	0.0527186895888889	0.7277936962750716
spleen	R-MMU-71387_METABOLISM_OF_CARBOHYDRATES_AND_CARBOHYDRATE_DERIVATIVES	-0.0234666576111112	-0.0446525576111111	-0.0539482516944445	True	True	-0.0446525576111111	-0.0539482516944445	-0.0234666576111112	0.6017191977077364
spleen	R-MMU-72312_RRNA_PROCESSING	-0.0611715123588888	0.0029224211505555	-0.0923687562944444	True	False	-0.0611715123588888	-0.0923687562944444	0.0029224211505555	0.8108882521489972
spleen	R-MMU-72766_TRANSLATION	0.0095723258121222	0.0053353118510305	0.0043573048853999	True	True	0.0053353118510305	0.0043573048853999	0.0095723258121222	0.5100286532951289
spleen	R-MMU-73857_RNA_POLYMERASE_II_TRANSCRIPTION	-0.0632431948888885	0.0635337349272221	0.0199689215944444	True	False	0.0199689215944444	-0.0632431948888885	0.0635337349272221	0.8166189111747851
spleen	R-MMU-73884_BASE_EXCISION_REPAIR	0.0589452482186666	-0.0787339393818055	0.0751991860322221	True	False	0.0589452482186666	-0.0787339393818055	0.0751991860322221	0.8051575931232091
spleen	R-MMU-73886_CHROMOSOME_MAINTENANCE	0.0008216268318315	-0.0398109166258888	-0.086822452795	True	False	-0.0398109166258888	-0.086822452795	0.0008216268318315	0.157593123209169
spleen	R-MMU-73887_DEATH_RECEPTOR_SIGNALING	0.0753127191669444	-0.016749985261111	-0.0676758439311111	True	False	-0.016749985261111	-0.0676758439311111	0.0753127191669444	0.8567335243553008
spleen	R-MMU-73894_DNA_REPAIR	0.0316698867597222	0.0665942081016666	0.0575053624722221	True	True	0.0575053624722221	0.0316698867597222	0.0665942081016666	0.664756446991404
spleen	R-MMU-73927_DEPURINATION	0.0007753454650586	0.0054639581032055	0.0005175164216588	True	True	0.0007753454650586	0.0005175164216588	0.0054639581032055	0.1432664756446991
spleen	R-MMU-73929_BASE_EXCISION_REPAIR_AP_SITE_FORMATION	-0.0003803311274999	0.00226568940118	0.0001551891689166	True	False	0.0001551891689166	-0.0003803311274999	0.00226568940118	0.0630372492836676
spleen	R-MMU-74160_GENE_EXPRESSION_TRANSCRIPTION	-0.0126648045555555	0.0190284453055555	0.0025906393333335	True	False	0.0025906393333335	-0.0126648045555555	0.0190284453055555	0.5472779369627507
spleen	R-MMU-74752_SIGNALING_BY_INSULIN_RECEPTOR	-0.0065764778174222	-2.600115210293257e-06	5.610991812778e-05	True	False	-2.600115210293257e-06	-0.0065764778174222	5.610991812778e-05	0.4584527220630373
spleen	R-MMU-75153_APOPTOTIC_EXECUTION_PHASE	0.0003135437855638	0.0020121539236388	0.0010846476905805	True	True	0.0010846476905805	0.0003135437855638	0.0020121539236388	0.0458452722063037
spleen	R-MMU-76002_PLATELET_ACTIVATION_SIGNALING_AND_AGGREGATION	-0.1246180497499999	-0.0377965384166664	-0.0069592912472221	True	True	-0.0377965384166664	-0.1246180497499999	-0.0069592912472221	0.9598853868194842
spleen	R-MMU-76005_RESPONSE_TO_ELEVATED_PLATELET_CYTOSOLIC_CA2	-0.0263628106944445	-0.1049624560555559	-0.0963761464444444	True	True	-0.0963761464444444	-0.1049624560555559	-0.0263628106944445	0.6217765042979942
spleen	R-MMU-774815_NUCLEOSOME_ASSEMBLY	0.0031873945461611	-0.0023056919881944	0.0001537069877283	True	False	0.0001537069877283	-0.0023056919881944	0.0031873945461611	0.3638968481375358
spleen	R-MMU-8852135_PROTEIN_UBIQUITINATION	-0.0005086650095	-0.0020533775841499	-0.0011012071234	True	True	-0.0011012071234	-0.0020533775841499	-0.0005086650095	0.0916905444126074
spleen	R-MMU-8852276_THE_ROLE_OF_GTSE1_IN_G2_M_PROGRESSION_AFTER_G2_CHECKPOINT	0.000313447314993	-0.0005339687507388	0.001149850716925	True	False	0.000313447314993	-0.0005339687507388	0.001149850716925	0.0429799426934097
spleen	R-MMU-8854518_AURKA_ACTIVATION_BY_TPX2	0.000183981552486	-0.0005976942700249	-0.0001200972098711	True	False	-0.0001200972098711	-0.0005976942700249	0.000183981552486	0.0315186246418338
spleen	R-MMU-8856688_GOLGI_TO_ER_RETROGRADE_TRANSPORT	-0.0013929070984222	0.1428385476544444	0.0008404269684	True	False	0.0008404269684	-0.0013929070984222	0.1428385476544444	0.2464183381088825
spleen	R-MMU-8856825_CARGO_RECOGNITION_FOR_CLATHRIN_MEDIATED_ENDOCYTOSIS	0.0125523366464999	0.0023500530273055	-0.010826730725	True	False	0.0023500530273055	-0.010826730725	0.0125523366464999	0.5444126074498568
spleen	R-MMU-8856828_CLATHRIN_MEDIATED_ENDOCYTOSIS	-0.0119959778527777	0.0771275732823332	0.0294167424666666	True	False	0.0294167424666666	-0.0119959778527777	0.0771275732823332	0.5415472779369628
spleen	R-MMU-8866654_E3_UBIQUITIN_LIGASES_UBIQUITINATE_TARGET_PROTEINS	-0.0010732803558899	0.0002895012146888	0.0014964282308016	True	False	0.0002895012146888	-0.0010732803558899	0.0014964282308016	0.1919770773638968
spleen	R-MMU-8868773_RRNA_PROCESSING_IN_THE_NUCLEUS_AND_CYTOSOL	0.0023718731564977	0.0047474679352499	0.041672430286111	True	True	0.0047474679352499	0.0023718731564977	0.041672430286111	0.3008595988538682
spleen	R-MMU-8875878_MET_PROMOTES_CELL_MOTILITY	-0.0005862851366524	0.0015453630460888	-0.0002894792278944	True	False	-0.0002894792278944	-0.0005862851366524	0.0015453630460888	0.1060171919770773
spleen	R-MMU-8876198_RAB_GEFS_EXCHANGE_GTP_FOR_GDP_ON_RABS	0.0327245896636111	0.0040148078277778	-0.0699058239194443	True	False	0.0040148078277778	-0.0699058239194443	0.0327245896636111	0.6790830945558739
spleen	R-MMU-8878171_TRANSCRIPTIONAL_REGULATION_BY_RUNX1	0.0279590175219444	0.1058848674499999	0.0933128243222222	True	True	0.0933128243222222	0.0279590175219444	0.1058848674499999	0.6389684813753582
spleen	R-MMU-8936459_RUNX1_REGULATES_GENES_INVOLVED_IN_MEGAKARYOCYTE_DIFFERENTIATION_AND_PLATELET_FUNCTION	0.0089976754394444	-0.0031192520132472	0.0116226360888891	True	False	0.0089976754394444	-0.0031192520132472	0.0116226360888891	0.498567335243553
spleen	R-MMU-8939211_ESR_MEDIATED_SIGNALING	0.0090549942944444	-0.0537002838166666	0.0006934155633777	True	False	0.0006934155633777	-0.0537002838166666	0.0090549942944444	0.501432664756447
spleen	R-MMU-8951664_NEDDYLATION	0.052604415538111	0.0449263760833334	0.041731973286111	True	True	0.0449263760833334	0.041731973286111	0.052604415538111	0.7707736389684814
spleen	R-MMU-8953854_METABOLISM_OF_RNA	-0.0072746928333333	-0.0198230706388889	-0.0177119875833332	True	True	-0.0177119875833332	-0.0198230706388889	-0.0072746928333333	0.4727793696275071
spleen	R-MMU-8953897_CELLULAR_RESPONSES_TO_STIMULI	0.0500745940000001	0.0202821833333334	0.0166074708055557	True	True	0.0202821833333334	0.0166074708055557	0.0500745940000001	0.7535816618911175
spleen	R-MMU-8957275_POST_TRANSLATIONAL_PROTEIN_PHOSPHORYLATION	0.0652717748333332	-0.0639780692666667	0.1280415873888889	True	False	0.0652717748333332	-0.0639780692666667	0.1280415873888889	0.8223495702005731
spleen	R-MMU-8957322_METABOLISM_OF_STEROIDS	-0.0159204742499999	0.0357648078777778	0.0096421674166665	True	False	0.0096421674166665	-0.0159204742499999	0.0357648078777778	0.5673352435530086
spleen	R-MMU-8978868_FATTY_ACID_METABOLISM	0.0766894860158666	0.0002653366305555	0.0282940252172222	True	True	0.0282940252172222	0.0002653366305555	0.0766894860158666	0.8624641833810889
spleen	R-MMU-8980692_RHOA_GTPASE_CYCLE	0.0608588339694444	0.0640779476638889	0.0681048434416665	True	True	0.0640779476638889	0.0608588339694444	0.0681048434416665	0.8080229226361032
spleen	R-MMU-9006925_INTRACELLULAR_SIGNALING_BY_SECOND_MESSENGERS	-0.0856932934166666	0.0510628634030555	-0.0871485320094444	True	False	-0.0856932934166666	-0.0871485320094444	0.0510628634030555	0.8968481375358166
spleen	R-MMU-9006931_SIGNALING_BY_NUCLEAR_RECEPTORS	-0.0480646392638888	0.0582638397827444	0.0035752422138888	True	False	0.0035752422138888	-0.0480646392638888	0.0582638397827444	0.7392550143266475
spleen	R-MMU-9006934_SIGNALING_BY_RECEPTOR_TYROSINE_KINASES	0.0540638793055555	-0.0153161555833334	0.0165826116666666	True	False	0.0165826116666666	-0.0153161555833334	0.0540638793055555	0.7793696275071633
spleen	R-MMU-9006936_SIGNALING_BY_TGFB_FAMILY_MEMBERS	-0.0398846645416666	-0.0245848933083333	0.0368130535499998	True	False	-0.0245848933083333	-0.0398846645416666	0.0368130535499998	0.7077363896848138
spleen	R-MMU-9007101_RAB_REGULATION_OF_TRAFFICKING	-0.0374986393338888	-0.0494048151583332	-0.0133601196055556	True	True	-0.0374986393338888	-0.0494048151583332	-0.0133601196055556	0.6934097421203438
spleen	R-MMU-9012999_RHO_GTPASE_CYCLE	0.0140945801833332	-0.0241985191112222	-0.0083200521999999	True	False	-0.0083200521999999	-0.0241985191112222	0.0140945801833332	0.5558739255014327
spleen	R-MMU-9013026_RHOB_GTPASE_CYCLE	-0.0314045701972221	-0.0220276047361111	0.0432380255447778	True	False	-0.0220276047361111	-0.0314045701972221	0.0432380255447778	0.66189111747851
spleen	R-MMU-9013106_RHOC_GTPASE_CYCLE	-0.0010879195855166	0.0010100397431888	0.0001968815866138	True	False	0.0001968815866138	-0.0010879195855166	0.0010100397431888	0.1977077363896848
spleen	R-MMU-9013148_CDC42_GTPASE_CYCLE	0.0005218644480277	-0.002182292740861	-0.0003094987456388	True	False	-0.0003094987456388	-0.002182292740861	0.0005218644480277	0.0945558739255014
spleen	R-MMU-9013149_RAC1_GTPASE_CYCLE	0.0237351259613888	-0.0773979096533332	-0.0528844711656666	True	False	-0.0528844711656666	-0.0773979096533332	0.0237351259613888	0.6074498567335244
spleen	R-MMU-9013404_RAC2_GTPASE_CYCLE	-0.0001272815607028	-0.002649680450625	-0.0005946036290805	True	True	-0.0005946036290805	-0.002649680450625	-0.0001272815607028	0.0257879656160458
spleen	R-MMU-9013406_RHOQ_GTPASE_CYCLE	0.0006249275998338	-0.0007604361138777	-0.0001691303566902	True	False	-0.0001691303566902	-0.0007604361138777	0.0006249275998338	0.1174785100286533
spleen	R-MMU-9013408_RHOG_GTPASE_CYCLE	-0.0976338930333333	-0.00066084506026	0.0153524219040555	True	False	-0.00066084506026	-0.0976338930333333	0.0153524219040555	0.9169054441260746
spleen	R-MMU-9013423_RAC3_GTPASE_CYCLE	-0.0022577735781499	0.0005861835598333	-0.0007821725454083	True	False	-0.0007821725454083	-0.0022577735781499	0.0005861835598333	0.2979942693409742
spleen	R-MMU-9018519_ESTROGEN_DEPENDENT_GENE_EXPRESSION	-0.0066132599695333	-0.0048738836605222	0.0005688797846299	True	False	-0.0048738836605222	-0.0066132599695333	0.0005688797846299	0.4613180515759312
spleen	R-MMU-9020702_INTERLEUKIN_1_SIGNALING	-0.1127155901488888	-0.17830929335	-0.0024501738541999	True	True	-0.1127155901488888	-0.17830929335	-0.0024501738541999	0.9512893982808024
spleen	R-MMU-9035034_RHOF_GTPASE_CYCLE	0.0011359034163133	-0.0005670611451805	0.000233320586161	True	False	0.000233320586161	-0.0005670611451805	0.0011359034163133	0.2148997134670487
spleen	R-MMU-913531_INTERFERON_SIGNALING	0.0554092412472222	0.0008871587553888	0.0249352351133333	True	True	0.0249352351133333	0.0008871587553888	0.0554092412472222	0.7879656160458453
spleen	R-MMU-913709_O_LINKED_GLYCOSYLATION_OF_MUCINS	0.0008027974416666	0.0004981778633333	0.0034190684499999	True	True	0.0008027974416666	0.0004981778633333	0.0034190684499999	0.1518624641833811
spleen	R-MMU-936837_ION_TRANSPORT_BY_P_TYPE_ATPASES	-0.0962609090491666	0.0009794178636278	-0.0006679638570111	True	False	-0.0006679638570111	-0.0962609090491666	0.0009794178636278	0.9111747851002864
spleen	R-MMU-937061_TRIF_TICAM1_MEDIATED_TLR4_SIGNALING	-0.0010867261045844	0.0002982007239166	0.000735548142936	True	False	0.0002982007239166	-0.0010867261045844	0.000735548142936	0.1948424068767908
spleen	R-MMU-948021_TRANSPORT_TO_THE_GOLGI_AND_SUBSEQUENT_MODIFICATION	-0.0031130786194027	-0.0048453926636555	0.000290857755125	True	False	-0.0031130786194027	-0.0048453926636555	0.000290857755125	0.3581661891117478
spleen	R-MMU-9607240_FLT3_SIGNALING	NA	NA	-0.0095696627356667	False	False	-0.0095696627356667	-0.0095696627356667	-0.0095696627356667	NA
spleen	R-MMU-9612973_AUTOPHAGY	0.011138809186111	0.0009939224843944	0.0004009005830055	True	True	0.0009939224843944	0.0004009005830055	0.011138809186111	0.5214899713467048
spleen	R-MMU-9648025_EML4_AND_NUDC_IN_MITOTIC_SPINDLE_FORMATION	-0.0025264848557361	-0.0015953548270833	-0.0002404514245522	True	True	-0.0015953548270833	-0.0025264848557361	-0.0002404514245522	0.3123209169054441
spleen	R-MMU-9663891_SELECTIVE_AUTOPHAGY	NA	NA	-0.0007027444289444	False	False	-0.0007027444289444	-0.0007027444289444	-0.0007027444289444	NA
spleen	R-MMU-9670095_INHIBITION_OF_DNA_RECOMBINATION_AT_TELOMERE	0.0025313868479	-0.0011267621688222	-0.0005225612287611	True	False	-0.0005225612287611	-0.0011267621688222	0.0025313868479	0.3151862464183381
spleen	R-MMU-9675108_NERVOUS_SYSTEM_DEVELOPMENT	0.0382765037333333	0.0446578637638888	0.0956350119772221	True	True	0.0446578637638888	0.0382765037333333	0.0956350119772221	0.7020057306590258
spleen	R-MMU-9696264_RND3_GTPASE_CYCLE	-0.0020974624089177	-0.0068720472444444	-0.0012818159388887	True	True	-0.0020974624089177	-0.0068720472444444	-0.0012818159388887	0.2922636103151863
spleen	R-MMU-9696270_RND2_GTPASE_CYCLE	0.0005086285128342	0.0014659701244444	-0.0006652911585549	True	False	0.0005086285128342	-0.0006652911585549	0.0014659701244444	0.0888252148997134
spleen	R-MMU-9696273_RND1_GTPASE_CYCLE	0.0007252067876	0.0002071716570722	-2.4293309477760028e-05	True	False	0.0002071716570722	-2.4293309477760028e-05	0.0007252067876	0.1318051575931232
spleen	R-MMU-9707564_CYTOPROTECTION_BY_HMOX1	NA	-0.0047774577249999	NA	False	False	-0.0047774577249999	-0.0047774577249999	-0.0047774577249999	NA
spleen	R-MMU-9709957_SENSORY_PERCEPTION	-0.1756771736194443	-0.1524725473066666	-0.0535039132361111	True	True	-0.1524725473066666	-0.1756771736194443	-0.0535039132361111	0.991404011461318
spleen	R-MMU-9711123_CELLULAR_RESPONSE_TO_CHEMICAL_STRESS	0.0073616639166666	0.0831832663055555	0.0029476658336755	True	True	0.0073616639166666	0.0029476658336755	0.0831832663055555	0.4756446991404011
spleen	R-MMU-9716542_SIGNALING_BY_RHO_GTPASES_MIRO_GTPASES_AND_RHOBTB3	0.1426459586240554	0.1350226075055555	0.0706404386666664	True	True	0.1350226075055555	0.0706404386666664	0.1426459586240554	0.9742120343839542
spleen	R-MMU-9748784_DRUG_ADME	-0.1007159590691666	-0.0838317796527777	0.0121486149566666	True	False	-0.0838317796527777	-0.1007159590691666	0.0121486149566666	0.9369627507163324
spleen	R-MMU-975138_TRAF6_MEDIATED_INDUCTION_OF_NFKB_AND_MAP_KINASES_UPON_TLR7_8_OR_9_ACTIVATION	-0.0008466822145833	-0.0013298071388333	0.0012527771451111	True	False	-0.0008466822145833	-0.0013298071388333	0.0012527771451111	0.166189111747851
spleen	R-MMU-975155_MYD88_DEPENDENT_CASCADE_INITIATED_ON_ENDOSOME	0.0014252078408333	-0.0014322959232777	-0.0006880252160055	True	False	-0.0006880252160055	-0.0014322959232777	0.0014252078408333	0.2521489971346705
spleen	R-MMU-975634_RETINOID_METABOLISM_AND_TRANSPORT	0.0995570028459999	-0.0060640691455221	-0.0014383524085277	True	False	-0.0014383524085277	-0.0060640691455221	0.0995570028459999	0.9255014326647564
spleen	R-MMU-975871_MYD88_CASCADE_INITIATED_ON_PLASMA_MEMBRANE	0.0005550925700166	0.0029668794611666	-0.0009522885904499	True	False	0.0005550925700166	-0.0009522885904499	0.0029668794611666	0.1002865329512893
spleen	R-MMU-9759476_REGULATION_OF_HOMOTYPIC_CELL_CELL_ADHESION	0.0006243788004444	0.0003533324149999	0.0014242356139305	True	True	0.0006243788004444	0.0003533324149999	0.0014242356139305	0.1146131805157593
spleen	R-MMU-9764265_REGULATION_OF_CDH1_EXPRESSION_AND_FUNCTION	0.001204833656136	-0.0070207430860388	0.0109050181741388	True	False	0.001204833656136	-0.0070207430860388	0.0109050181741388	0.2320916905444126
spleen	R-MMU-9764274_REGULATION_OF_EXPRESSION_AND_FUNCTION_OF_TYPE_I_CLASSICAL_CADHERINS	-6.474678613331978e-05	-0.0253297380894444	0.0005023473740088	True	False	-6.474678613331978e-05	-0.0253297380894444	0.0005023473740088	0.0143266475644699
spleen	R-MMU-9764560_REGULATION_OF_CDH1_GENE_TRANSCRIPTION	0.0179933675044445	0.0011892197078208	0.0001158384879188	True	True	0.0011892197078208	0.0001158384879188	0.0179933675044445	0.5873925501432665
spleen	R-MMU-9764725_NEGATIVE_REGULATION_OF_CDH1_GENE_TRANSCRIPTION	0.0051682272983	-0.02024953495	-0.0006473071112633	True	False	-0.0006473071112633	-0.02024953495	0.0051682272983	0.4240687679083094
spleen	R-MMU-9769739_REGULATION_OF_CLOTTING_CASCADE	0.0269451814083333	0.002367816545691	-0.0005471751323611	True	False	0.002367816545691	-0.0005471751323611	0.0269451814083333	0.6303724928366762
spleen	R-MMU-9769740_COAGULATION_PATHWAY	-0.0549049272608333	-0.0868761467262778	0.0211473698880555	True	False	-0.0549049272608333	-0.0868761467262778	0.0211473698880555	0.7851002865329513
spleen	R-MMU-977606_REGULATION_OF_COMPLEMENT_CASCADE	0.0319076422777779	0.0380091725833334	-0.0419428939777776	True	False	0.0319076422777779	-0.0419428939777776	0.0380091725833334	0.667621776504298
spleen	R-MMU-9818564_EPIGENETIC_REGULATION_OF_GENE_EXPRESSION_BY_MLL3_AND_MLL4_COMPLEXES	-0.0185502751624999	-0.0092587458445555	-0.0009175012311682	True	True	-0.0092587458445555	-0.0185502751624999	-0.0009175012311682	0.5902578796561605
spleen	R-MMU-983168_ANTIGEN_PROCESSING_UBIQUITINATION_PROTEASOME_DEGRADATION	0.0849702467188889	0.0046283810277777	0.09415119492	True	True	0.0849702467188889	0.0046283810277777	0.09415119492	0.8911174785100286
spleen	R-MMU-983169_CLASS_I_MHC_MEDIATED_ANTIGEN_PROCESSING_PRESENTATION	0.0488425882	0.0751589605468555	0.0683391812333333	True	True	0.0683391812333333	0.0488425882	0.0751589605468555	0.7421203438395415
spleen	R-MMU-983189_KINESINS	0.0739974087813888	0.0004873577223805	-0.0014195058786346	True	False	0.0004873577223805	-0.0014195058786346	0.0739974087813888	0.8481375358166189
spleen	R-MMU-983231_FACTORS_INVOLVED_IN_MEGAKARYOCYTE_DEVELOPMENT_AND_PLATELET_PRODUCTION	0.153560513832	-0.0016339858138889	0.0763806467111111	True	False	0.0763806467111111	-0.0016339858138889	0.153560513832	0.98567335243553
spleen	R-MMU-9833482_PKR_MEDIATED_SIGNALING	0.0004250142438822	-0.0005871808873888	-0.0002143928178611	True	False	-0.0002143928178611	-0.0005871808873888	0.0004250142438822	0.0687679083094555
spleen	R-MMU-983695_ANTIGEN_ACTIVATES_B_CELL_RECEPTOR_BCR_LEADING_TO_GENERATION_OF_SECOND_MESSENGERS	-0.0710653855016666	-0.0178843133681111	-0.0724884117190556	True	True	-0.0710653855016666	-0.0724884117190556	-0.0178843133681111	0.836676217765043
spleen	R-MMU-983705_SIGNALING_BY_THE_B_CELL_RECEPTOR_BCR	0.1443432780944444	0.0042848045914444	-0.0592152586353332	True	False	0.0042848045914444	-0.0592152586353332	0.1443432780944444	0.9770773638968482
spleen	R-MMU-983712_ION_CHANNEL_TRANSPORT	-0.066931616138889	-0.0503355405	-0.0701307445555555	True	True	-0.066931616138889	-0.0701307445555555	-0.0503355405	0.828080229226361
spleen	R-MMU-9841922_MLL4_AND_MLL3_COMPLEXES_REGULATE_EXPRESSION_OF_PPARG_TARGET_GENES_IN_ADIPOGENESIS_AND_HEPATIC_STEATOSIS	0.0089666749647333	-0.0012798658072444	0.0005543591075999	True	False	0.0005543591075999	-0.0012798658072444	0.0089666749647333	0.495702005730659
spleen	R-MMU-9842860_REGULATION_OF_ENDOGENOUS_RETROELEMENTS	0.0008344094720988	0.0573702160541666	-0.0012234397397889	True	False	0.0008344094720988	-0.0012234397397889	0.0573702160541666	0.160458452722063
spleen	R-MMU-9843940_REGULATION_OF_ENDOGENOUS_RETROELEMENTS_BY_KRAB_ZFP_PROTEINS	-0.0041301277852544	0.0029119957160722	0.0010415227095277	True	False	0.0010415227095277	-0.0041301277852544	0.0029119957160722	0.3982808022922636
spleen	R-MMU-9851695_EPIGENETIC_REGULATION_OF_ADIPOGENESIS_GENES_BY_MLL3_AND_MLL4_COMPLEXES	-0.0029627983515999	0.0082601240719166	0.0007752897145555	True	False	0.0007752897145555	-0.0029627983515999	0.0082601240719166	0.3495702005730659
spleen	R-MMU-9855142_CELLULAR_RESPONSES_TO_MECHANICAL_STIMULI	-0.0010969744707	0.0029803025356555	0.0096429417134722	True	False	0.0029803025356555	-0.0010969744707	0.0096429417134722	0.2034383954154728
spleen	R-MMU-9860931_RESPONSE_OF_ENDOTHELIAL_CELLS_TO_SHEAR_STRESS	0.0118758387249999	-0.0014273493706499	0.0004599922155638	True	False	0.0004599922155638	-0.0014273493706499	0.0118758387249999	0.5386819484240688
spleen	R-MMU-9909648_REGULATION_OF_PD_L1_CD274_EXPRESSION	-0.0542761770361111	0.0575929418444444	-0.0001038843691666	True	False	-0.0001038843691666	-0.0542761770361111	0.0575929418444444	0.7822349570200573
spleen	R-MMU-9909649_REGULATION_OF_PD_L1_CD274_TRANSCRIPTION	-0.0049652103880777	-0.0031814462008333	-0.0001236854079722	True	True	-0.0031814462008333	-0.0049652103880777	-0.0001236854079722	0.4154727793696275
spleen	R-MMU-9917777_EPIGENETIC_REGULATION_BY_WDR5_CONTAINING_HISTONE_MODIFYING_COMPLEXES	-1.3093545054160063e-05	-0.0008471350463249	-0.0001641141369894	True	True	-0.0001641141369894	-0.0008471350463249	-1.3093545054160063e-05	0.0028653295128939
spleen	R-MMU-9932444_ATP_DEPENDENT_CHROMATIN_REMODELERS	-0.0156096855638888	0.0206602841405555	-0.0266513242069444	True	False	-0.0156096855638888	-0.0266513242069444	0.0206602841405555	0.5644699140401146
spleen	R-MMU-9937848_CHD_CHROMATIN_REMODELERS	0.0503801330206666	0.0019435664311666	-0.0017175746129222	True	False	0.0019435664311666	-0.0017175746129222	0.0503801330206666	0.7593123209169055
spleen	R-MMU-9937850_NURD_COMPLEX_ASSEMBLY	0.0007414155056611	0.0066787011666666	0.0002472543791833	True	True	0.0007414155056611	0.0002472543791833	0.0066787011666666	0.1375358166189111
spleen	R-MMU-9940951_INTERACTION_OF_NURD_COMPLEXES_WITH_TRANSCRIPTION_FACTORS	0.0079452620402221	0.0031576971521555	0.000651766057618	True	True	0.0031576971521555	0.000651766057618	0.0079452620402221	0.4813753581661891
spleen	R-MMU-9943965_CHD3_CHD4_CHD5_SUBFAMILY	5.112001554998009e-05	-0.0024981091693055	0.0004178735716499	True	False	5.112001554998009e-05	-0.0024981091693055	0.0004178735716499	0.0085959885386819
spleen	R-MMU-9958825_ACTIVATION_OF_STAT3_BY_CADHERIN_ENGAGEMENT	-0.004466745945611	0.001239471429961	-0.0021254644417599	True	False	-0.0021254644417599	-0.004466745945611	0.001239471429961	0.4040114613180516
spleen	R-MMU-9958863_SLC_MEDIATED_TRANSPORT_OF_AMINO_ACIDS	0.0992213248013888	0.0005011211748333	0.0706357893355555	True	True	0.0706357893355555	0.0005011211748333	0.0992213248013888	0.9197707736389684
spleen	R-MMU-9975921_ASSEMBLY_OF_THE_9_0_PRIMARY_CILIUM	0.0319236007777777	-0.0197772531105555	-0.0027387290695777	True	False	-0.0027387290695777	-0.0197772531105555	0.0319236007777777	0.670487106017192
