term	flight_minus_ground	welch_fdr	abs_effect	mean_abs_accession_effect	abs_mean_accession_effect	low_effect_threshold	category	category_label	matched_keyword	rationale
R-MMU-141444_AMPLIFICATION_OF_SIGNAL_FROM_UNATTACHED_KINETOCHORES_VIA_A_MAD2_INHIBITORY_SIGNAL	-0.0006670931579381	0.014159335899071	0.0006670931579381	0.0008880210508448917	0.000783615667237775	0.014249067531992898	low_or_no_effect	low/no relative effect		below model-relative accession-level heatmap effect threshold
R-MMU-9696273_RND1_GTPASE_CYCLE	-0.0049206227443529	0.014159335899071	0.0049206227443529	0.008166710243486008	0.006923354778374924	0.014249067531992898	low_or_no_effect	low/no relative effect		below model-relative accession-level heatmap effect threshold
R-MMU-5683057_MAPK_FAMILY_SIGNALING_CASCADES	-0.067259289095545	0.014159335899071	0.067259289095545	0.07271636428304627	0.052492830394157385	0.014249067531992898	plausible_complementary	plausible/complementary	mapk	plausible complementary mechanism: mapk
R-MMU-202403_TCR_SIGNALING	-0.0765567582848358	0.014159335899071	0.0765567582848358	0.08900588264705889	0.07704941725817004	0.014249067531992898	plausible_complementary	plausible/complementary	tcr	plausible complementary mechanism: tcr
R-MMU-389948_CO_INHIBITION_BY_PD_1	0.002359833193153	0.014159335899071	0.002359833193153	0.0034994438699303167	0.0031912127497557333	0.014249067531992898	low_or_no_effect	low/no relative effect		below model-relative accession-level heatmap effect threshold
R-MMU-8848021_SIGNALING_BY_PTK6	-0.0061598145777937	0.014159335899071	0.0061598145777937	0.008905209265820049	0.007202087032962916	0.014249067531992898	low_or_no_effect	low/no relative effect		below model-relative accession-level heatmap effect threshold
R-MMU-422356_REGULATION_OF_INSULIN_SECRETION	-0.0694616806886905	0.014159335899071	0.0694616806886905	0.09404312274997634	0.08852267822616683	0.014249067531992898	prior_literature_match	prior literature match	insulin	matches expected tissue/spaceflight biology: insulin
R-MMU-70326_GLUCOSE_METABOLISM	0.0038418007969326	0.014159335899071	0.0038418007969326	0.005675888643919967	0.005434813937491401	0.014249067531992898	low_or_no_effect	low/no relative effect		below model-relative accession-level heatmap effect threshold
R-MMU-5693565_RECRUITMENT_AND_ATM_MEDIATED_PHOSPHORYLATION_OF_REPAIR_AND_SIGNALING_PROTEINS_AT_DNA_DOUBLE_STRAND_BREAKS	0.00311066415292	0.014159335899071	0.00311066415292	0.0037362807023650474	0.002996796578495102	0.014249067531992898	low_or_no_effect	low/no relative effect		below model-relative accession-level heatmap effect threshold
R-MMU-9013148_CDC42_GTPASE_CYCLE	0.0009503741325935	0.0146573343153803	0.0009503741325935	0.0012758331408006353	0.0010237176400863521	0.014249067531992898	low_or_no_effect	low/no relative effect		below model-relative accession-level heatmap effect threshold
R-MMU-73929_BASE_EXCISION_REPAIR_AP_SITE_FORMATION	-0.0014095979044241	0.0158594044562182	0.0014095979044241	0.0022210550466428805	0.002086391143938219	0.014249067531992898	low_or_no_effect	low/no relative effect		below model-relative accession-level heatmap effect threshold
R-MMU-212165_EPIGENETIC_REGULATION_OF_GENE_EXPRESSION	-0.0099358304585659	0.0158594044562182	0.0099358304585659	0.015482971427209438	0.011601215144209434	0.014249067531992898	broad_or_uncertain_signal	broad/uncertain signal		moderate/significant effect but not manually assigned to a literature family
R-MMU-202733_CELL_SURFACE_INTERACTIONS_AT_THE_VASCULAR_WALL	-0.1277069454251687	0.0158594044562182	0.1277069454251687	0.14785907529391037	0.11637160335264056	0.014249067531992898	plausible_complementary	plausible/complementary	rac	plausible complementary mechanism: rac
R-MMU-449147_SIGNALING_BY_INTERLEUKINS	-0.0810820919469026	0.0158594044562182	0.0810820919469026	0.09932183934247801	0.07800813053295425	0.014249067531992898	prior_literature_match	prior literature match	interleukin	matches expected tissue/spaceflight biology: interleukin
R-MMU-8854518_AURKA_ACTIVATION_BY_TPX2	0.000322853473171	0.0158594044562182	0.000322853473171	0.0004065979495876974	0.0003337149711972308	0.014249067531992898	low_or_no_effect	low/no relative effect		below model-relative accession-level heatmap effect threshold
R-MMU-8852276_THE_ROLE_OF_GTSE1_IN_G2_M_PROGRESSION_AFTER_G2_CHECKPOINT	-0.0004152681170649	0.0158594044562182	0.0004152681170649	0.00036735801250769163	0.0003146797094521583	0.014249067531992898	low_or_no_effect	low/no relative effect		below model-relative accession-level heatmap effect threshold
R-MMU-194068_BILE_ACID_AND_BILE_SALT_METABOLISM	-0.0022922048200074	0.0158594044562182	0.0022922048200074	0.003378592550960666	0.003279478276516233	0.014249067531992898	low_or_no_effect	low/no relative effect		below model-relative accession-level heatmap effect threshold
R-MMU-9012999_RHO_GTPASE_CYCLE	0.1107449696729414	0.0211153151205542	0.1107449696729414	0.12785089012021086	0.1028774743186236	0.014249067531992898	plausible_complementary	plausible/complementary	rho	plausible complementary mechanism: rho
R-MMU-2132295_MHC_CLASS_II_ANTIGEN_PRESENTATION	-0.1303823227375131	0.0280754220879166	0.1303823227375131	0.17551284087837346	0.1250478472275798	0.014249067531992898	prior_literature_match	prior literature match	mhc	matches expected tissue/spaceflight biology: mhc
R-MMU-3000178_ECM_PROTEOGLYCANS	-0.0864480611449677	0.0284914663463249	0.0864480611449677	0.1035274999357365	0.09690649220328039	0.014249067531992898	plausible_complementary	plausible/complementary	ecm	plausible complementary mechanism: ecm
R-MMU-168142_TOLL_LIKE_RECEPTOR_10_TLR10_CASCADE	0.0009874192383253	0.0284914663463249	0.0009874192383253	0.0014520907554456406	0.0013484114649762093	0.014249067531992898	low_or_no_effect	low/no relative effect		below model-relative accession-level heatmap effect threshold
R-MMU-187037_SIGNALING_BY_NTRK1_TRKA	-0.0010051514598359	0.0284914663463249	0.0010051514598359	0.002051180469475392	0.0018221429899001249	0.014249067531992898	low_or_no_effect	low/no relative effect		below model-relative accession-level heatmap effect threshold
R-MMU-1638074_KERATAN_SULFATE_KERATIN_METABOLISM	0.0006215860217429	0.0284914663463249	0.0006215860217429	0.0009449025510726593	0.00021046332313749073	0.014249067531992898	low_or_no_effect	low/no relative effect		below model-relative accession-level heatmap effect threshold
R-MMU-3214847_HATS_ACETYLATE_HISTONES	0.000683058357608	0.0284914663463249	0.000683058357608	0.0007336226731857869	0.0005635489094080202	0.014249067531992898	low_or_no_effect	low/no relative effect		below model-relative accession-level heatmap effect threshold
R-MMU-5576891_CARDIAC_CONDUCTION	0.1057085014741412	0.0342668887270139	0.1057085014741412	0.11637893052453524	0.1016613324689797	0.014249067531992898	likely_artifact	likely artifact/junk	cardiac conduction	context-incongruent Reactome term: cardiac conduction
R-MMU-166016_TOLL_LIKE_RECEPTOR_4_TLR4_CASCADE	-0.1274642317385104	0.0342668887270139	0.1274642317385104	0.19452485750834367	0.17873989996834364	0.014249067531992898	prior_literature_match	prior literature match	toll like receptor	matches expected tissue/spaceflight biology: toll like receptor
R-MMU-6805567_KERATINIZATION	-0.0046613496926128	0.0342668887270139	0.0046613496926128	0.0082059682032463	0.00684562313239255	0.014249067531992898	low_or_no_effect	low/no relative effect		below model-relative accession-level heatmap effect threshold
R-MMU-204998_CELL_DEATH_SIGNALLING_VIA_NRAGE_NRIF_AND_NADE	-0.0181482028549737	0.0342668887270139	0.0181482028549737	0.016877208634317	0.014528195800983667	0.014249067531992898	broad_or_uncertain_signal	broad/uncertain signal		moderate/significant effect but not manually assigned to a literature family
R-MMU-983169_CLASS_I_MHC_MEDIATED_ANTIGEN_PROCESSING_PRESENTATION	-0.0947747017151643	0.0342668887270139	0.0947747017151643	0.10097239564860401	0.08011004387082624	0.014249067531992898	prior_literature_match	prior literature match	mhc	matches expected tissue/spaceflight biology: mhc
R-MMU-4420097_VEGFA_VEGFR2_PATHWAY	-0.0238793946367916	0.0345828834937243	0.0238793946367916	0.03983140393968847	0.029901896024291667	0.014249067531992898	broad_or_uncertain_signal	broad/uncertain signal		moderate/significant effect but not manually assigned to a literature family
R-MMU-168188_TOLL_LIKE_RECEPTOR_TLR6_TLR2_CASCADE	0.0010394147224892	0.0345828834937243	0.0010394147224892	0.0016964258171876668	0.0015132389052188667	0.014249067531992898	low_or_no_effect	low/no relative effect		below model-relative accession-level heatmap effect threshold
R-MMU-1169410_ANTIMICROBIAL_MECHANISM_OF_IFN_STIMULATED_GENES	0.0258064965340632	0.0345828834937243	0.0258064965340632	0.04175182046993886	0.031573883957522114	0.014249067531992898	broad_or_uncertain_signal	broad/uncertain signal		moderate/significant effect but not manually assigned to a literature family
R-MMU-114604_GPVI_MEDIATED_ACTIVATION_CASCADE	-0.0090292362596655	0.0345828834937243	0.0090292362596655	0.015161945856074716	0.012500463398642601	0.014249067531992898	broad_or_uncertain_signal	broad/uncertain signal		moderate/significant effect but not manually assigned to a literature family
R-MMU-76002_PLATELET_ACTIVATION_SIGNALING_AND_AGGREGATION	0.0706294273736312	0.0477062478884112	0.0706294273736312	0.08427383866529005	0.07769695949862344	0.014249067531992898	plausible_complementary	plausible/complementary	platelet	plausible complementary mechanism: platelet
R-MMU-8953897_CELLULAR_RESPONSES_TO_STIMULI	0.0801574604469772	0.0501362789319497	0.0801574604469772	0.09320849814910263	0.09105466373389794	0.014249067531992898	broad_or_uncertain_signal	broad/uncertain signal		moderate/significant effect but not manually assigned to a literature family
R-MMU-422475_AXON_GUIDANCE	0.0681395017474125	0.0501853999992235	0.0681395017474125	0.07538579766787594	0.06074655972343158	0.014249067531992898	broad_or_uncertain_signal	broad/uncertain signal		moderate/significant effect but not manually assigned to a literature family
R-MMU-109581_APOPTOSIS	0.0526604826739913	0.0533246906869974	0.0526604826739913	0.05668919060687442	0.05327112482909666	0.014249067531992898	plausible_complementary	plausible/complementary	apoptosis	plausible complementary mechanism: apoptosis
R-MMU-199991_MEMBRANE_TRAFFICKING	-0.0631835639298034	0.0554272788083568	0.0631835639298034	0.07108561874332332	0.042910300052847156	0.014249067531992898	broad_or_uncertain_signal	broad/uncertain signal		moderate/significant effect but not manually assigned to a literature family
R-MMU-71291_METABOLISM_OF_AMINO_ACIDS_AND_DERIVATIVES	0.0476730539823013	0.0562964521619771	0.0476730539823013	0.08913169450210416	0.06231028156420398	0.014249067531992898	prior_literature_match	prior literature match	amino acids	matches expected tissue/spaceflight biology: amino acids
R-MMU-2467813_SEPARATION_OF_SISTER_CHROMATIDS	0.0008532925425161	0.0562964521619771	0.0008532925425161	0.00147087643002345	0.0005578868126399667	0.014249067531992898	low_or_no_effect	low/no relative effect		below model-relative accession-level heatmap effect threshold
R-MMU-8963899_PLASMA_LIPOPROTEIN_REMODELING	0.0450982438593068	0.0577481776051494	0.0450982438593068	0.050915894757357055	0.03251329975735708	0.014249067531992898	prior_literature_match	prior literature match	lipoprotein	matches expected tissue/spaceflight biology: lipoprotein
R-MMU-166058_MYD88_MAL_TIRAP_CASCADE_INITIATED_ON_PLASMA_MEMBRANE	-0.001929806392185	0.0630848243583071	0.001929806392185	0.0035637168347766993	0.0032405161538897665	0.014249067531992898	low_or_no_effect	low/no relative effect		below model-relative accession-level heatmap effect threshold
R-MMU-168256_IMMUNE_SYSTEM	0.1631336071621421	0.0630848243583071	0.1631336071621421	0.22740734767916662	0.15498591402837283	0.014249067531992898	prior_literature_match	prior literature match	exact override	literature override: liver immune/inflammatory remodeling
R-MMU-194138_SIGNALING_BY_VEGF	-0.113577276441053	0.0630848243583071	0.113577276441053	0.11088208815161775	0.09877428065161775	0.014249067531992898	broad_or_uncertain_signal	broad/uncertain signal		moderate/significant effect but not manually assigned to a literature family
R-MMU-68877_MITOTIC_PROMETAPHASE	0.0008139465746422	0.0728536660161809	0.0008139465746422	0.0013296168400642582	0.0011866380071420249	0.014249067531992898	low_or_no_effect	low/no relative effect		below model-relative accession-level heatmap effect threshold
R-MMU-8856828_CLATHRIN_MEDIATED_ENDOCYTOSIS	-0.0726636492042297	0.0728536660161809	0.0726636492042297	0.06709064459290909	0.06351401981513131	0.014249067531992898	broad_or_uncertain_signal	broad/uncertain signal		moderate/significant effect but not manually assigned to a literature family
R-MMU-6798695_NEUTROPHIL_DEGRANULATION	-0.1310276602204887	0.0728536660161809	0.1310276602204887	0.162430569013753	0.12185183822010227	0.014249067531992898	prior_literature_match	prior literature match	neutrophil	matches expected tissue/spaceflight biology: neutrophil
R-MMU-6811442_INTRA_GOLGI_AND_RETROGRADE_GOLGI_TO_ER_TRAFFIC	0.0010215062157616	0.0730092159763072	0.0010215062157616	0.0014584326286876583	0.0010386063716594249	0.014249067531992898	low_or_no_effect	low/no relative effect		below model-relative accession-level heatmap effect threshold
R-MMU-3700989_TRANSCRIPTIONAL_REGULATION_BY_TP53	0.0443522021126443	0.0806302250529709	0.0443522021126443	0.06425168466097429	0.06227321049737985	0.014249067531992898	broad_or_uncertain_signal	broad/uncertain signal		moderate/significant effect but not manually assigned to a literature family
R-MMU-9711123_CELLULAR_RESPONSE_TO_CHEMICAL_STRESS	-0.0157708954893955	0.0807586053535619	0.0157708954893955	0.01951370763152654	0.018331528452955128	0.014249067531992898	broad_or_uncertain_signal	broad/uncertain signal		moderate/significant effect but not manually assigned to a literature family
R-MMU-9013408_RHOG_GTPASE_CYCLE	-0.000338345762474	0.0809348859947013	0.000338345762474	0.000705056985542525	0.00033497597815147496	0.014249067531992898	low_or_no_effect	low/no relative effect		below model-relative accession-level heatmap effect threshold
R-MMU-9833482_PKR_MEDIATED_SIGNALING	-0.0082254826011909	0.0811962298595022	0.0082254826011909	0.013226635679370583	0.007366443370243651	0.014249067531992898	low_or_no_effect	low/no relative effect		below model-relative accession-level heatmap effect threshold
R-MMU-556833_METABOLISM_OF_LIPIDS	0.0505941471876414	0.0811962298595022	0.0505941471876414	0.08882410033223741	0.05328414088640048	0.014249067531992898	prior_literature_match	prior literature match	lipid	matches expected tissue/spaceflight biology: lipid
R-MMU-198933_IMMUNOREGULATORY_INTERACTIONS_BETWEEN_A_LYMPHOID_AND_A_NON_LYMPHOID_CELL	-0.0696391978341461	0.0811962298595022	0.0696391978341461	0.08996388911741487	0.05396374955789112	0.014249067531992898	plausible_complementary	plausible/complementary	rac	plausible complementary mechanism: rac
R-MMU-9958863_SLC_MEDIATED_TRANSPORT_OF_AMINO_ACIDS	-0.0469347047939658	0.0811962298595022	0.0469347047939658	0.05923270604222672	0.05121774183644703	0.014249067531992898	prior_literature_match	prior literature match	amino acids	matches expected tissue/spaceflight biology: amino acids
R-MMU-373760_L1CAM_INTERACTIONS	-0.0030010707232479	0.0811962298595022	0.0030010707232479	0.0054830048197564004	3.1990978854666705e-05	0.014249067531992898	low_or_no_effect	low/no relative effect		below model-relative accession-level heatmap effect threshold
R-MMU-71387_METABOLISM_OF_CARBOHYDRATES_AND_CARBOHYDRATE_DERIVATIVES	-0.0477062097795113	0.0897762889951769	0.0477062097795113	0.06609563604012275	0.046186600960757586	0.014249067531992898	broad_or_uncertain_signal	broad/uncertain signal		moderate/significant effect but not manually assigned to a literature family
R-MMU-163685_INTEGRATION_OF_ENERGY_METABOLISM	0.0019737479815297	0.0919395236446057	0.0019737479815297	0.0022253660064505422	0.0017964758141339086	0.014249067531992898	low_or_no_effect	low/no relative effect		below model-relative accession-level heatmap effect threshold
R-MMU-211859_BIOLOGICAL_OXIDATIONS	-0.0532858384880754	0.0922926930390476	0.0532858384880754	0.10804881928780287	0.0905863771449457	0.014249067531992898	broad_or_uncertain_signal	broad/uncertain signal		moderate/significant effect but not manually assigned to a literature family
R-MMU-6806667_METABOLISM_OF_FAT_SOLUBLE_VITAMINS	0.076548653359187	0.0928142472734009	0.076548653359187	0.11016127588553197	0.0948898500773379	0.014249067531992898	broad_or_uncertain_signal	broad/uncertain signal		moderate/significant effect but not manually assigned to a literature family
R-MMU-2172127_DAP12_INTERACTIONS	-0.0005662167712143	0.0958964620256451	0.0005662167712143	0.0009186904879057979	0.00037848153891633534	0.014249067531992898	low_or_no_effect	low/no relative effect		below model-relative accession-level heatmap effect threshold
R-MMU-174824_PLASMA_LIPOPROTEIN_ASSEMBLY_REMODELING_AND_CLEARANCE	0.0547579455677214	0.0970567148933287	0.0547579455677214	0.05480823383979663	0.03717966161757438	0.014249067531992898	prior_literature_match	prior literature match	lipoprotein	matches expected tissue/spaceflight biology: lipoprotein
R-MMU-373755_SEMAPHORIN_INTERACTIONS	0.0453922478688015	0.0970567148933287	0.0453922478688015	0.049512897184644356	0.031058555517977714	0.014249067531992898	plausible_complementary	plausible/complementary	rac	plausible complementary mechanism: rac
R-MMU-5173214_O_GLYCOSYLATION_OF_TSR_DOMAIN_CONTAINING_PROTEINS	0.0573799752243138	0.0970567148933287	0.0573799752243138	0.07608363605774476	0.07608363605774476	0.014249067531992898	broad_or_uncertain_signal	broad/uncertain signal		moderate/significant effect but not manually assigned to a literature family
R-MMU-372790_SIGNALING_BY_GPCR	0.0892868126593671	0.0997883534730592	0.0892868126593671	0.12726491101785609	0.06998951855753859	0.014249067531992898	plausible_complementary	plausible/complementary	gpcr	plausible complementary mechanism: gpcr
R-MMU-1257604_PIP3_ACTIVATES_AKT_SIGNALING	0.0845402611022199	0.1046232144299301	0.0845402611022199	0.13225279213779567	0.09321071653462115	0.014249067531992898	plausible_complementary	plausible/complementary	akt	plausible complementary mechanism: akt
R-MMU-453279_MITOTIC_G1_PHASE_AND_G1_S_TRANSITION	-0.0020439023749909	0.1046232144299301	0.0020439023749909	0.0029805472747019665	0.00174263414771785	0.014249067531992898	low_or_no_effect	low/no relative effect		below model-relative accession-level heatmap effect threshold
R-MMU-168176_TOLL_LIKE_RECEPTOR_5_TLR5_CASCADE	0.002040016589105	0.1089925111930793	0.002040016589105	0.004467386903028126	0.003500614844506575	0.014249067531992898	low_or_no_effect	low/no relative effect		below model-relative accession-level heatmap effect threshold
R-MMU-193648_NRAGE_SIGNALS_DEATH_THROUGH_JNK	0.0003640021203198	0.1106159540438177	0.0003640021203198	0.00075828335886395	8.111763217201667e-05	0.014249067531992898	low_or_no_effect	low/no relative effect		below model-relative accession-level heatmap effect threshold
R-MMU-500792_GPCR_LIGAND_BINDING	0.0480564801712162	0.1208709850913811	0.0480564801712162	0.06014246651764935	0.039679801358919235	0.014249067531992898	plausible_complementary	plausible/complementary	gpcr	plausible complementary mechanism: gpcr
R-MMU-69481_G2_M_CHECKPOINTS	-0.0018762195960152	0.1216634793902005	0.0018762195960152	0.004264247915345539	0.00335910816979002	0.014249067531992898	low_or_no_effect	low/no relative effect		below model-relative accession-level heatmap effect threshold
R-MMU-388841_REGULATION_OF_T_CELL_ACTIVATION_BY_CD28_FAMILY	-0.0112598990263658	0.1216634793902005	0.0112598990263658	0.011265319238151375	0.00662917601473871	0.014249067531992898	low_or_no_effect	low/no relative effect		below model-relative accession-level heatmap effect threshold
R-MMU-211981_XENOBIOTICS	-0.0010736916124344	0.1216634793902005	0.0010736916124344	0.002684690433892484	0.0017959307911439666	0.014249067531992898	low_or_no_effect	low/no relative effect		below model-relative accession-level heatmap effect threshold
R-MMU-199418_NEGATIVE_REGULATION_OF_THE_PI3K_AKT_NETWORK	-0.0340804288167691	0.1268979519992015	0.0340804288167691	0.035770337691337424	0.027441360670504147	0.014249067531992898	plausible_complementary	plausible/complementary	akt	plausible complementary mechanism: akt
R-MMU-9754706_ATORVASTATIN_ADME	-0.0005026530218559	0.1286966474706719	0.0005026530218559	0.0008608570715287915	0.0003996561354732584	0.014249067531992898	low_or_no_effect	low/no relative effect		below model-relative accession-level heatmap effect threshold
R-MMU-9937850_NURD_COMPLEX_ASSEMBLY	0.0006627166117687	0.1294891408182912	0.0006627166117687	0.0011299473697958333	0.0005971829517681168	0.014249067531992898	low_or_no_effect	low/no relative effect		below model-relative accession-level heatmap effect threshold
R-MMU-2173782_BINDING_AND_UPTAKE_OF_LIGANDS_BY_SCAVENGER_RECEPTORS	-0.0762852212544622	0.1297894522637024	0.0762852212544622	0.08221413619374988	0.07382254313819435	0.014249067531992898	broad_or_uncertain_signal	broad/uncertain signal		moderate/significant effect but not manually assigned to a literature family
R-MMU-5357801_PROGRAMMED_CELL_DEATH	-0.0569157681040946	0.1304427546647291	0.0569157681040946	0.0900192504225954	0.04572008454957959	0.014249067531992898	broad_or_uncertain_signal	broad/uncertain signal		moderate/significant effect but not manually assigned to a literature family
R-MMU-9006925_INTRACELLULAR_SIGNALING_BY_SECOND_MESSENGERS	0.0614215736500671	0.1304427546647291	0.0614215736500671	0.11263759213855973	0.09575142735068738	0.014249067531992898	plausible_complementary	plausible/complementary	rac	plausible complementary mechanism: rac
R-MMU-9909649_REGULATION_OF_PD_L1_CD274_TRANSCRIPTION	0.0003782002174505	0.1304427546647291	0.0003782002174505	0.000867046100518457	0.0007997926212132598	0.014249067531992898	low_or_no_effect	low/no relative effect		below model-relative accession-level heatmap effect threshold
R-MMU-421270_CELL_CELL_JUNCTION_ORGANIZATION	0.0399668245095246	0.1304427546647291	0.0399668245095246	0.04911144166825326	0.015457328516206506	0.014249067531992898	broad_or_uncertain_signal	broad/uncertain signal		moderate/significant effect but not manually assigned to a literature family
R-MMU-3214858_RMTS_METHYLATE_HISTONE_ARGININES	-0.0006143518642923	0.1304427546647291	0.0006143518642923	0.0007672107229153943	0.0003375909006376389	0.014249067531992898	low_or_no_effect	low/no relative effect		below model-relative accession-level heatmap effect threshold
R-MMU-983712_ION_CHANNEL_TRANSPORT	-0.0392751952377381	0.1321143023131432	0.0392751952377381	0.06192815121324833	0.047853830975153035	0.014249067531992898	broad_or_uncertain_signal	broad/uncertain signal		moderate/significant effect but not manually assigned to a literature family
R-MMU-2454202_FC_EPSILON_RECEPTOR_FCERI_SIGNALING	-0.0019421876525821	0.1321143023131432	0.0019421876525821	0.0036946617224285004	0.0018799068274292328	0.014249067531992898	low_or_no_effect	low/no relative effect		below model-relative accession-level heatmap effect threshold
R-MMU-5684996_MAPK1_MAPK3_SIGNALING	0.0701937282608367	0.1343378896873826	0.0701937282608367	0.08908775978628236	0.06179968673072678	0.014249067531992898	plausible_complementary	plausible/complementary	mapk	plausible complementary mechanism: mapk
R-MMU-112316_NEURONAL_SYSTEM	-0.0551659628768557	0.1343378896873826	0.0551659628768557	0.1004923304789415	0.06393083397100502	0.014249067531992898	likely_artifact	likely artifact/junk	neuronal	context-incongruent Reactome term: neuronal
R-MMU-110330_RECOGNITION_AND_ASSOCIATION_OF_DNA_GLYCOSYLASE_WITH_SITE_CONTAINING_AN_AFFECTED_PURINE	-0.0007161282528545	0.1343378896873826	0.0007161282528545	0.0012815661570866861	0.0011023316575866973	0.014249067531992898	low_or_no_effect	low/no relative effect		below model-relative accession-level heatmap effect threshold
R-MMU-8856825_CARGO_RECOGNITION_FOR_CLATHRIN_MEDIATED_ENDOCYTOSIS	0.0014847926698331	0.1343378896873826	0.0014847926698331	0.0024026701686952466	0.002088885263627026	0.014249067531992898	low_or_no_effect	low/no relative effect		below model-relative accession-level heatmap effect threshold
R-MMU-8957275_POST_TRANSLATIONAL_PROTEIN_PHOSPHORYLATION	-0.0426981673023526	0.1343378896873826	0.0426981673023526	0.06800139334635304	0.05149817973524195	0.014249067531992898	broad_or_uncertain_signal	broad/uncertain signal		moderate/significant effect but not manually assigned to a literature family
R-MMU-2672351_STIMULI_SENSING_CHANNELS	-0.0022647491997997	0.1343378896873826	0.0022647491997997	0.0035550776879708906	0.0027796744295694917	0.014249067531992898	low_or_no_effect	low/no relative effect		below model-relative accession-level heatmap effect threshold
R-MMU-375276_PEPTIDE_LIGAND_BINDING_RECEPTORS	0.0767043882285885	0.1382376302114744	0.0767043882285885	0.09171934421425197	0.07583707381742656	0.014249067531992898	broad_or_uncertain_signal	broad/uncertain signal		moderate/significant effect but not manually assigned to a literature family
R-MMU-9648025_EML4_AND_NUDC_IN_MITOTIC_SPINDLE_FORMATION	0.0006373774584127	0.1428505975853591	0.0006373774584127	0.001096879997651367	0.0007225208502109	0.014249067531992898	low_or_no_effect	low/no relative effect		below model-relative accession-level heatmap effect threshold
R-MMU-69275_G2_M_TRANSITION	-0.0669207329337033	0.1428505975853591	0.0669207329337033	0.07926826887063139	0.0615851069222187	0.014249067531992898	broad_or_uncertain_signal	broad/uncertain signal		moderate/significant effect but not manually assigned to a literature family
R-MMU-9013026_RHOB_GTPASE_CYCLE	-0.0020122853026811	0.1428505975853591	0.0020122853026811	0.004306600001272066	0.0028086559211927347	0.014249067531992898	low_or_no_effect	low/no relative effect		below model-relative accession-level heatmap effect threshold
R-MMU-1236975_ANTIGEN_PROCESSING_CROSS_PRESENTATION	0.0004565564850194	0.1428505975853591	0.0004565564850194	0.0006647396902524027	3.68176732524528e-05	0.014249067531992898	low_or_no_effect	low/no relative effect		below model-relative accession-level heatmap effect threshold
R-MMU-418990_ADHERENS_JUNCTIONS_INTERACTIONS	-0.0454715169646017	0.1430774020618147	0.0454715169646017	0.060191751979133505	0.033688016923577944	0.014249067531992898	plausible_complementary	plausible/complementary	rac	plausible complementary mechanism: rac
R-MMU-73927_DEPURINATION	-0.0004130978478731	0.1443000070615948	0.0004130978478731	0.000808368627121539	0.0002998116365941945	0.014249067531992898	low_or_no_effect	low/no relative effect		below model-relative accession-level heatmap effect threshold
R-MMU-9764725_NEGATIVE_REGULATION_OF_CDH1_GENE_TRANSCRIPTION	0.0003356445011304	0.1480324485236743	0.0003356445011304	0.0005056854520852553	0.0003234254892003552	0.014249067531992898	low_or_no_effect	low/no relative effect		below model-relative accession-level heatmap effect threshold
R-MMU-73887_DEATH_RECEPTOR_SIGNALING	0.045262265732181	0.1487074740875026	0.045262265732181	0.053226853332621525	0.02779886764214534	0.014249067531992898	broad_or_uncertain_signal	broad/uncertain signal		moderate/significant effect but not manually assigned to a literature family
R-MMU-9707564_CYTOPROTECTION_BY_HMOX1	0.0017683173352287	0.1529597382065733	0.0017683173352287	0.004711581627632132	0.0033289088228667645	0.014249067531992898	low_or_no_effect	low/no relative effect		below model-relative accession-level heatmap effect threshold
R-MMU-9663891_SELECTIVE_AUTOPHAGY	-0.000824912897077	0.1529597382065733	0.000824912897077	0.001357639584006	0.0012409197781964832	0.014249067531992898	low_or_no_effect	low/no relative effect		below model-relative accession-level heatmap effect threshold
R-MMU-1474290_COLLAGEN_FORMATION	-0.0533753353059855	0.1529597382065733	0.0533753353059855	0.07687669213754585	0.07383684053910532	0.014249067531992898	plausible_complementary	plausible/complementary	collagen	plausible complementary mechanism: collagen
R-MMU-975155_MYD88_DEPENDENT_CASCADE_INITIATED_ON_ENDOSOME	0.0012791241006152	0.1529597382065733	0.0012791241006152	0.0016772780966195248	0.0009615289537624085	0.014249067531992898	low_or_no_effect	low/no relative effect		below model-relative accession-level heatmap effect threshold
R-MMU-168898_TOLL_LIKE_RECEPTOR_CASCADES	-0.081898549320759	0.1529597382065733	0.081898549320759	0.12435036671368949	0.06513287862638788	0.014249067531992898	prior_literature_match	prior literature match	toll like receptor	matches expected tissue/spaceflight biology: toll like receptor
R-MMU-9818564_EPIGENETIC_REGULATION_OF_GENE_EXPRESSION_BY_MLL3_AND_MLL4_COMPLEXES	-0.0033470727053814	0.1529597382065733	0.0033470727053814	0.0048198297354681	0.004217016838543516	0.014249067531992898	low_or_no_effect	low/no relative effect		below model-relative accession-level heatmap effect threshold
R-MMU-69473_G2_M_DNA_DAMAGE_CHECKPOINT	-0.0003109018518809	0.1529597382065733	0.0003109018518809	0.0006252033350760423	0.0005072176118306242	0.014249067531992898	low_or_no_effect	low/no relative effect		below model-relative accession-level heatmap effect threshold
R-MMU-196849_METABOLISM_OF_WATER_SOLUBLE_VITAMINS_AND_COFACTORS	-0.0564308746817984	0.157403652767462	0.0564308746817984	0.08224319114641258	0.037371835574984046	0.014249067531992898	prior_literature_match	prior literature match	vitamins and cofactors	matches expected tissue/spaceflight biology: vitamins and cofactors
R-MMU-1483257_PHOSPHOLIPID_METABOLISM	0.0428426124207664	0.1649950755672554	0.0428426124207664	0.0674883381617876	0.030795822681628896	0.014249067531992898	prior_literature_match	prior literature match	lipid	matches expected tissue/spaceflight biology: lipid
R-MMU-9716542_SIGNALING_BY_RHO_GTPASES_MIRO_GTPASES_AND_RHOBTB3	0.064320115696715	0.1722931045364368	0.064320115696715	0.08087169257801759	0.06871447102413288	0.014249067531992898	plausible_complementary	plausible/complementary	rho	plausible complementary mechanism: rho
R-MMU-157579_TELOMERE_MAINTENANCE	0.0081183905276668	0.1788197735109013	0.0081183905276668	0.021805301044608386	0.010275533769970433	0.014249067531992898	plausible_complementary	plausible/complementary	telomere	plausible complementary mechanism: telomere
R-MMU-977606_REGULATION_OF_COMPLEMENT_CASCADE	0.0476192932728364	0.1788197735109013	0.0476192932728364	0.051890560311214834	0.025752178116770396	0.014249067531992898	prior_literature_match	prior literature match	complement	matches expected tissue/spaceflight biology: complement
R-MMU-1650814_COLLAGEN_BIOSYNTHESIS_AND_MODIFYING_ENZYMES	-0.0401307584889755	0.1788197735109013	0.0401307584889755	0.05911819303103185	0.012460550781031851	0.014249067531992898	plausible_complementary	plausible/complementary	collagen	plausible complementary mechanism: collagen
R-MMU-9769740_COAGULATION_PATHWAY	-0.0350612088113095	0.1815696404519797	0.0350612088113095	0.08696963590585778	0.008247753366559361	0.014249067531992898	plausible_complementary	plausible/complementary	coagulation	plausible complementary mechanism: coagulation
R-MMU-2029480_FCGAMMA_RECEPTOR_FCGR_DEPENDENT_PHAGOCYTOSIS	0.0061971921083268	0.1815696404519797	0.0061971921083268	0.014387368449494932	0.009031318187980633	0.014249067531992898	broad_or_uncertain_signal	broad/uncertain signal		moderate/significant effect but not manually assigned to a literature family
R-MMU-9013106_RHOC_GTPASE_CYCLE	0.0011676813920737	0.1815696404519797	0.0011676813920737	0.0024983371426662796	0.0014276647041742297	0.014249067531992898	low_or_no_effect	low/no relative effect		below model-relative accession-level heatmap effect threshold
R-MMU-380320_RECRUITMENT_OF_NUMA_TO_MITOTIC_CENTROSOMES	0.0013260226170799	0.1815696404519797	0.0013260226170799	0.0021874375205165586	0.001091741015040392	0.014249067531992898	low_or_no_effect	low/no relative effect		below model-relative accession-level heatmap effect threshold
R-MMU-75153_APOPTOTIC_EXECUTION_PHASE	0.0004664730418833	0.1944765927273501	0.0004664730418833	0.0013150983895391592	0.0008902879904910758	0.014249067531992898	low_or_no_effect	low/no relative effect		below model-relative accession-level heatmap effect threshold
R-MMU-166663_INITIAL_TRIGGERING_OF_COMPLEMENT	0.0383618417159141	0.200413129128454	0.0383618417159141	0.06700068732663979	0.03108526513219538	0.014249067531992898	prior_literature_match	prior literature match	complement	matches expected tissue/spaceflight biology: complement
R-MMU-9841922_MLL4_AND_MLL3_COMPLEXES_REGULATE_EXPRESSION_OF_PPARG_TARGET_GENES_IN_ADIPOGENESIS_AND_HEPATIC_STEATOSIS	0.00052705035435	0.200413129128454	0.00052705035435	0.0012188951768077178	0.0009619913559467656	0.014249067531992898	low_or_no_effect	low/no relative effect		below model-relative accession-level heatmap effect threshold
R-MMU-76005_RESPONSE_TO_ELEVATED_PLATELET_CYTOSOLIC_CA2	0.0821151455399731	0.200413129128454	0.0821151455399731	0.1437728284882008	0.07904399920248653	0.014249067531992898	plausible_complementary	plausible/complementary	platelet	plausible complementary mechanism: platelet
R-MMU-6811434_COPI_DEPENDENT_GOLGI_TO_ER_RETROGRADE_TRAFFIC	-0.1070287865671966	0.200413129128454	0.1070287865671966	0.22513389649632135	0.10615768532965486	0.014249067531992898	broad_or_uncertain_signal	broad/uncertain signal		moderate/significant effect but not manually assigned to a literature family
R-MMU-1640170_CELL_CYCLE	-0.0881579686065689	0.2172412413966703	0.0881579686065689	0.1752848847397618	0.08044199981912686	0.014249067531992898	plausible_complementary	plausible/complementary	cell cycle	plausible complementary mechanism: cell cycle
R-MMU-9769739_REGULATION_OF_CLOTTING_CASCADE	-0.0810552060855707	0.2240027653863984	0.0810552060855707	0.09612768138569706	0.03657747934403042	0.014249067531992898	broad_or_uncertain_signal	broad/uncertain signal		moderate/significant effect but not manually assigned to a literature family
R-MMU-425407_SLC_MEDIATED_TRANSMEMBRANE_TRANSPORT	0.0399164426503682	0.2240027653863984	0.0399164426503682	0.07593700122345537	0.04394601304885195	0.014249067531992898	broad_or_uncertain_signal	broad/uncertain signal		moderate/significant effect but not manually assigned to a literature family
R-MMU-194315_SIGNALING_BY_RHO_GTPASES	-0.0460116952265634	0.2275146498073335	0.0460116952265634	0.06843835701314437	0.0520423892353666	0.014249067531992898	plausible_complementary	plausible/complementary	rho	plausible complementary mechanism: rho
R-MMU-6794362_PROTEIN_PROTEIN_INTERACTIONS_AT_SYNAPSES	0.0223919973682316	0.2350327942060094	0.0223919973682316	0.03606746142187902	0.026019255349754272	0.014249067531992898	likely_artifact	likely artifact/junk	synapse	context-incongruent Reactome term: synapse
R-MMU-1428517_AEROBIC_RESPIRATION_AND_RESPIRATORY_ELECTRON_TRANSPORT	0.0043742585049827	0.2357007960488596	0.0043742585049827	0.0069115257572462075	0.0008996865037740253	0.014249067531992898	low_or_no_effect	low/no relative effect		below model-relative accession-level heatmap effect threshold
R-MMU-5673001_RAF_MAP_KINASE_CASCADE	-0.0466871607214188	0.2414237747631993	0.0466871607214188	0.06666740762577296	0.028362201950376156	0.014249067531992898	broad_or_uncertain_signal	broad/uncertain signal		moderate/significant effect but not manually assigned to a literature family
R-MMU-8957322_METABOLISM_OF_STEROIDS	0.0239102159026549	0.2414237747631993	0.0239102159026549	0.04143734752106452	0.031872655960747065	0.014249067531992898	prior_literature_match	prior literature match	steroid	matches expected tissue/spaceflight biology: steroid
R-MMU-9018677_BIOSYNTHESIS_OF_DHA_DERIVED_SPMS	0.0008327590479173	0.2418778528932886	0.0008327590479173	0.0018446023256976085	0.0013486802996951752	0.014249067531992898	low_or_no_effect	low/no relative effect		below model-relative accession-level heatmap effect threshold
R-MMU-8951664_NEDDYLATION	-0.0639449972055721	0.2418778528932886	0.0639449972055721	0.11670039292025601	0.07200282968653869	0.014249067531992898	broad_or_uncertain_signal	broad/uncertain signal		moderate/significant effect but not manually assigned to a literature family
R-MMU-3371497_HSP90_CHAPERONE_CYCLE_FOR_STEROID_HORMONE_RECEPTORS_SHR_IN_THE_PRESENCE_OF_LIGAND	0.000286841904089	0.2418778528932886	0.000286841904089	0.0008661082082439334	0.00042342796204276667	0.014249067531992898	low_or_no_effect	low/no relative effect		below model-relative accession-level heatmap effect threshold
R-MMU-9646399_AGGREPHAGY	0.0010756832352939	0.2418778528932886	0.0010756832352939	0.002605929611109025	0.001715410574109558	0.014249067531992898	low_or_no_effect	low/no relative effect		below model-relative accession-level heatmap effect threshold
R-MMU-381426_REGULATION_OF_INSULIN_LIKE_GROWTH_FACTOR_IGF_TRANSPORT_AND_UPTAKE_BY_INSULIN_LIKE_GROWTH_FACTOR_BINDING_PROTEINS_IGFBPS	-0.0594123741862908	0.2418778528932886	0.0594123741862908	0.09617462023024624	0.05923244555188356	0.014249067531992898	prior_literature_match	prior literature match	insulin	matches expected tissue/spaceflight biology: insulin
R-MMU-8978868_FATTY_ACID_METABOLISM	-0.0649593310813409	0.2418778528932886	0.0649593310813409	0.07637625155489457	0.043723903508862856	0.014249067531992898	prior_literature_match	prior literature match	fatty	matches expected tissue/spaceflight biology: fatty
R-MMU-9020702_INTERLEUKIN_1_SIGNALING	-0.0019169121957664	0.2447815820911736	0.0019169121957664	0.0036198109161292413	0.0022748832564603084	0.014249067531992898	low_or_no_effect	low/no relative effect		below model-relative accession-level heatmap effect threshold
R-MMU-1852241_ORGANELLE_BIOGENESIS_AND_MAINTENANCE	-0.0045329837638725	0.2552685175358129	0.0045329837638725	0.008344835893029173	0.003780613415846658	0.014249067531992898	low_or_no_effect	low/no relative effect		below model-relative accession-level heatmap effect threshold
R-MMU-5693538_HOMOLOGY_DIRECTED_REPAIR	0.0817140758407077	0.260203601616832	0.0817140758407077	0.14438483364161972	0.08605113538765152	0.014249067531992898	broad_or_uncertain_signal	broad/uncertain signal		moderate/significant effect but not manually assigned to a literature family
R-MMU-73857_RNA_POLYMERASE_II_TRANSCRIPTION	0.0297199178641069	0.2642443247067215	0.0297199178641069	0.05946524474955289	0.053789970940029	0.014249067531992898	broad_or_uncertain_signal	broad/uncertain signal		moderate/significant effect but not manually assigned to a literature family
R-MMU-211935_FATTY_ACIDS	-0.0005068006857441	0.2679577473575752	0.0005068006857441	0.0008460272628462751	0.000461646177622125	0.014249067531992898	low_or_no_effect	low/no relative effect		below model-relative accession-level heatmap effect threshold
R-MMU-2129379_MOLECULES_ASSOCIATED_WITH_ELASTIC_FIBRES	-0.0347608706854432	0.267970544518852	0.0347608706854432	0.045947396296332786	0.027375474890777254	0.014249067531992898	broad_or_uncertain_signal	broad/uncertain signal		moderate/significant effect but not manually assigned to a literature family
R-MMU-69278_CELL_CYCLE_MITOTIC	0.0682116319499026	0.267970544518852	0.0682116319499026	0.18348547336508836	0.0775800316984217	0.014249067531992898	plausible_complementary	plausible/complementary	cell cycle	plausible complementary mechanism: cell cycle
R-MMU-1442490_COLLAGEN_DEGRADATION	-0.0635160986117404	0.267970544518852	0.0635160986117404	0.09702866277576698	0.026426912839655963	0.014249067531992898	plausible_complementary	plausible/complementary	collagen	plausible complementary mechanism: collagen
R-MMU-3371556_CELLULAR_RESPONSE_TO_HEAT_STRESS	0.0421976950118495	0.267970544518852	0.0421976950118495	0.0584386881331846	0.02286265335540688	0.014249067531992898	broad_or_uncertain_signal	broad/uncertain signal		moderate/significant effect but not manually assigned to a literature family
R-MMU-1474228_DEGRADATION_OF_THE_EXTRACELLULAR_MATRIX	0.0547309371522348	0.2702724477696054	0.0547309371522348	0.07167622135395828	0.01348852601923609	0.014249067531992898	plausible_complementary	plausible/complementary	rac	plausible complementary mechanism: rac
R-MMU-181438_TOLL_LIKE_RECEPTOR_2_TLR2_CASCADE	-0.001026635115186	0.2764521083288784	0.001026635115186	0.002591959746363311	0.0017730596902769443	0.014249067531992898	low_or_no_effect	low/no relative effect		below model-relative accession-level heatmap effect threshold
R-MMU-5693606_DNA_DOUBLE_STRAND_BREAK_RESPONSE	0.0010786096864135	0.2830323492343355	0.0010786096864135	0.0022815457539046053	0.001078137868348311	0.014249067531992898	low_or_no_effect	low/no relative effect		below model-relative accession-level heatmap effect threshold
R-MMU-212300_PRC2_METHYLATES_HISTONES_AND_DNA	0.0005179701206069	0.2904061544045387	0.0005179701206069	0.0007757442728778512	0.0003975692145445346	0.014249067531992898	low_or_no_effect	low/no relative effect		below model-relative accession-level heatmap effect threshold
R-MMU-913531_INTERFERON_SIGNALING	-0.0530551190560296	0.2904061544045387	0.0530551190560296	0.057372443532406246	0.032907912971691995	0.014249067531992898	prior_literature_match	prior literature match	interferon	matches expected tissue/spaceflight biology: interferon
R-MMU-388396_GPCR_DOWNSTREAM_SIGNALLING	-0.0433884756457777	0.2942874045271647	0.0433884756457777	0.07611540543808913	0.05857071407697805	0.014249067531992898	plausible_complementary	plausible/complementary	gpcr	plausible complementary mechanism: gpcr
R-MMU-211976_ENDOGENOUS_STEROLS	0.0003220044456022	0.2986283727712523	0.0003220044456022	0.0012684313482821529	0.0006742526530918194	0.014249067531992898	low_or_no_effect	low/no relative effect		below model-relative accession-level heatmap effect threshold
R-MMU-380108_CHEMOKINE_RECEPTORS_BIND_CHEMOKINES	0.0779923980709464	0.2986283727712523	0.0779923980709464	0.12645173868587908	0.05656871114619657	0.014249067531992898	broad_or_uncertain_signal	broad/uncertain signal		moderate/significant effect but not manually assigned to a literature family
R-MMU-73884_BASE_EXCISION_REPAIR	0.0005317762748206	0.2986283727712523	0.0005317762748206	0.0013793142293714972	0.00029577731658398613	0.014249067531992898	low_or_no_effect	low/no relative effect		below model-relative accession-level heatmap effect threshold
R-MMU-166658_COMPLEMENT_CASCADE	-0.0652742703674815	0.2986283727712523	0.0652742703674815	0.18545316031117834	0.09993271641435293	0.014249067531992898	prior_literature_match	prior literature match	complement	matches expected tissue/spaceflight biology: complement
R-MMU-9018678_BIOSYNTHESIS_OF_SPECIALIZED_PRORESOLVING_MEDIATORS_SPMS	-0.0030348617228899	0.2986283727712523	0.0030348617228899	0.0054387738526391	0.00021451502277801673	0.014249067531992898	low_or_no_effect	low/no relative effect		below model-relative accession-level heatmap effect threshold
R-MMU-437239_RECYCLING_PATHWAY_OF_L1	-0.0004757440172845	0.3036207692845637	0.0004757440172845	0.0008397962654956879	0.0003378126804163452	0.014249067531992898	low_or_no_effect	low/no relative effect		below model-relative accession-level heatmap effect threshold
R-MMU-392499_METABOLISM_OF_PROTEINS	-0.0551499332608367	0.3036207692845637	0.0551499332608367	0.0802233154125453	0.05356031113379293	0.014249067531992898	broad_or_uncertain_signal	broad/uncertain signal		moderate/significant effect but not manually assigned to a literature family
R-MMU-2142691_SYNTHESIS_OF_LEUKOTRIENES_LT_AND_EOXINS_EX	-0.0002730758927261	0.3036207692845637	0.0002730758927261	0.0006729435643187537	0.00043584182511639813	0.014249067531992898	low_or_no_effect	low/no relative effect		below model-relative accession-level heatmap effect threshold
R-MMU-2565942_REGULATION_OF_PLK1_ACTIVITY_AT_G2_M_TRANSITION	0.0009170615044885	0.3036207692845637	0.0009170615044885	0.002039439843487358	0.001598105409345775	0.014249067531992898	low_or_no_effect	low/no relative effect		below model-relative accession-level heatmap effect threshold
R-MMU-418594_G_ALPHA_I_SIGNALLING_EVENTS	-0.0696243785526998	0.3054761481704829	0.0696243785526998	0.11621487478998226	0.047305399230586465	0.014249067531992898	broad_or_uncertain_signal	broad/uncertain signal		moderate/significant effect but not manually assigned to a literature family
R-MMU-1266738_DEVELOPMENTAL_BIOLOGY	0.0332081165441722	0.3092282276266725	0.0332081165441722	0.06773815403015822	0.05674694513650857	0.014249067531992898	broad_or_uncertain_signal	broad/uncertain signal		moderate/significant effect but not manually assigned to a literature family
R-MMU-418346_PLATELET_HOMEOSTASIS	0.0023992954575086	0.3092282276266725	0.0023992954575086	0.0035874250321832556	0.0026787065458436783	0.014249067531992898	low_or_no_effect	low/no relative effect		below model-relative accession-level heatmap effect threshold
R-MMU-382551_TRANSPORT_OF_SMALL_MOLECULES	0.0138257820758962	0.3105770085476078	0.0138257820758962	0.020712445397240927	0.0026263728631277573	0.014249067531992898	broad_or_uncertain_signal	broad/uncertain signal		moderate/significant effect but not manually assigned to a literature family
R-MMU-8953854_METABOLISM_OF_RNA	0.0378223914219286	0.3146112382422684	0.0378223914219286	0.04055659708164556	0.03215071191497894	0.014249067531992898	broad_or_uncertain_signal	broad/uncertain signal		moderate/significant effect but not manually assigned to a literature family
R-MMU-69239_SYNTHESIS_OF_DNA	0.0009541036989236	0.3155105696873088	0.0009541036989236	0.002956535582042183	0.0002444802045422167	0.014249067531992898	low_or_no_effect	low/no relative effect		below model-relative accession-level heatmap effect threshold
R-MMU-112314_NEUROTRANSMITTER_RECEPTORS_AND_POSTSYNAPTIC_SIGNAL_TRANSMISSION	0.0013993956552587	0.3155105696873088	0.0013993956552587	0.003971620083791658	0.0024870891321845416	0.014249067531992898	low_or_no_effect	low/no relative effect		below model-relative accession-level heatmap effect threshold
R-MMU-446728_CELL_JUNCTION_ORGANIZATION	-0.0347889735525723	0.3155105696873088	0.0347889735525723	0.041032960735964	0.018604424918503674	0.014249067531992898	broad_or_uncertain_signal	broad/uncertain signal		moderate/significant effect but not manually assigned to a literature family
R-MMU-2990846_SUMOYLATION	-0.0514396430177216	0.3190043307271015	0.0514396430177216	0.11106254054377922	0.0457920043583713	0.014249067531992898	broad_or_uncertain_signal	broad/uncertain signal		moderate/significant effect but not manually assigned to a literature family
R-MMU-1483206_GLYCEROPHOSPHOLIPID_BIOSYNTHESIS	0.0460641578615494	0.3190043307271015	0.0460641578615494	0.13216344786036605	0.06657259934655398	0.014249067531992898	prior_literature_match	prior literature match	lipid	matches expected tissue/spaceflight biology: lipid
R-MMU-110331_CLEAVAGE_OF_THE_DAMAGED_PURINE	-0.0004175718435164	0.3342464725520881	0.0004175718435164	0.0008720565683381167	0.0007359216949353	0.014249067531992898	low_or_no_effect	low/no relative effect		below model-relative accession-level heatmap effect threshold
R-MMU-1566948_ELASTIC_FIBRE_FORMATION	0.0242759395732713	0.3375184029309129	0.0242759395732713	0.04661412224743187	0.014662821341277657	0.014249067531992898	broad_or_uncertain_signal	broad/uncertain signal		moderate/significant effect but not manually assigned to a literature family
R-MMU-9696264_RND3_GTPASE_CYCLE	0.0002172017172965	0.3402597845641889	0.0002172017172965	0.000365886930166286	0.00014224454855239722	0.014249067531992898	low_or_no_effect	low/no relative effect		below model-relative accession-level heatmap effect threshold
R-MMU-199977_ER_TO_GOLGI_ANTEROGRADE_TRANSPORT	0.0002931976673389	0.3436960223046736	0.0002931976673389	0.0004571876214306166	0.00017693539669256663	0.014249067531992898	low_or_no_effect	low/no relative effect		below model-relative accession-level heatmap effect threshold
R-MMU-9958825_ACTIVATION_OF_STAT3_BY_CADHERIN_ENGAGEMENT	0.0012377616777109	0.3436960223046736	0.0012377616777109	0.003501860559223209	0.0008745007293660751	0.014249067531992898	low_or_no_effect	low/no relative effect		below model-relative accession-level heatmap effect threshold
R-MMU-1474244_EXTRACELLULAR_MATRIX_ORGANIZATION	-0.0574262207889604	0.3438924558892414	0.0574262207889604	0.1142387313405825	0.09833360699275086	0.014249067531992898	plausible_complementary	plausible/complementary	rac	plausible complementary mechanism: rac
R-MMU-75105_FATTY_ACYL_COA_BIOSYNTHESIS	0.0154400694450148	0.3438924558892414	0.0154400694450148	0.06882993102995144	0.046596871081871605	0.014249067531992898	prior_literature_match	prior literature match	fatty	matches expected tissue/spaceflight biology: fatty
R-MMU-156588_GLUCURONIDATION	0.0681910768195702	0.3490882733652291	0.0681910768195702	0.11166732631030686	0.030665614946418007	0.014249067531992898	prior_literature_match	prior literature match	exact override	literature override: liver phase II conjugation
R-MMU-1280218_ADAPTIVE_IMMUNE_SYSTEM	0.0216275774392005	0.3595929594438814	0.0216275774392005	0.05786434009017791	0.015596701329066853	0.014249067531992898	prior_literature_match	prior literature match	immune system	matches expected tissue/spaceflight biology: immune system
R-MMU-216083_INTEGRIN_CELL_SURFACE_INTERACTIONS	-0.0445168219553769	0.3595929594438814	0.0445168219553769	0.04972823196045215	0.03052224973822994	0.014249067531992898	plausible_complementary	plausible/complementary	rac	plausible complementary mechanism: rac
R-MMU-163125_POST_TRANSLATIONAL_MODIFICATION_SYNTHESIS_OF_GPI_ANCHORED_PROTEINS	0.0438772766334332	0.3595929594438814	0.0438772766334332	0.09351630354935407	0.03856451379697313	0.014249067531992898	broad_or_uncertain_signal	broad/uncertain signal		moderate/significant effect but not manually assigned to a literature family
R-MMU-5689880_UB_SPECIFIC_PROCESSING_PROTEASES	0.0011638936569703	0.3595929594438814	0.0011638936569703	0.0024898988270529525	7.688848485547391e-06	0.014249067531992898	low_or_no_effect	low/no relative effect		below model-relative accession-level heatmap effect threshold
R-MMU-9975921_ASSEMBLY_OF_THE_9_0_PRIMARY_CILIUM	0.0138362100644964	0.3624106827295426	0.0138362100644964	0.041296487095336946	0.03632231512688533	0.014249067531992898	likely_artifact	likely artifact/junk	primary cilium	context-incongruent Reactome term: primary cilium
R-MMU-9764560_REGULATION_OF_CDH1_GENE_TRANSCRIPTION	0.0004551956987484	0.4023462030204838	0.0004551956987484	0.0010399010832393251	0.0006595545580690916	0.014249067531992898	low_or_no_effect	low/no relative effect		below model-relative accession-level heatmap effect threshold
R-MMU-5633007_REGULATION_OF_TP53_ACTIVITY	-0.0006423169746637	0.4059935818469752	0.0006423169746637	0.0021655194691001752	0.00026724360260019166	0.014249067531992898	low_or_no_effect	low/no relative effect		below model-relative accession-level heatmap effect threshold
R-MMU-5626467_RHO_GTPASES_ACTIVATE_IQGAPS	-0.0002160525211061	0.4059935818469752	0.0002160525211061	0.0007052825120658326	4.379432049176746e-05	0.014249067531992898	low_or_no_effect	low/no relative effect		below model-relative accession-level heatmap effect threshold
R-MMU-2682334_EPH_EPHRIN_SIGNALING	-0.000203258782607	0.4072605520482915	0.000203258782607	0.000722656983725701	0.0003574557775313008	0.014249067531992898	low_or_no_effect	low/no relative effect		below model-relative accession-level heatmap effect threshold
R-MMU-5663220_RHO_GTPASES_ACTIVATE_FORMINS	0.0005320796528315	0.4100876863274214	0.0005320796528315	0.0008019979681586631	0.00040646139876750176	0.014249067531992898	low_or_no_effect	low/no relative effect		below model-relative accession-level heatmap effect threshold
R-MMU-166520_SIGNALING_BY_NTRKS	-0.0008453483402176	0.413919893541065	0.0008453483402176	0.002503413241945758	0.00037028330516722494	0.014249067531992898	low_or_no_effect	low/no relative effect		below model-relative accession-level heatmap effect threshold
R-MMU-2980736_PEPTIDE_HORMONE_METABOLISM	-0.0317593760514474	0.4157301007517243	0.0317593760514474	0.054888515279731466	0.023852279340151484	0.014249067531992898	broad_or_uncertain_signal	broad/uncertain signal		moderate/significant effect but not manually assigned to a literature family
R-MMU-1500931_CELL_CELL_COMMUNICATION	0.053228528236088	0.4291242943015671	0.053228528236088	0.08619198439723867	0.06869620504720586	0.014249067531992898	broad_or_uncertain_signal	broad/uncertain signal		moderate/significant effect but not manually assigned to a literature family
R-MMU-211945_PHASE_I_FUNCTIONALIZATION_OF_COMPOUNDS	0.0633255956254688	0.4312587958344942	0.0633255956254688	0.08417596127670651	0.010419891110039858	0.014249067531992898	prior_literature_match	prior literature match	exact override	literature override: liver phase I xenobiotic metabolism
R-MMU-445355_SMOOTH_MUSCLE_CONTRACTION	0.042227925788278	0.4336172531823921	0.042227925788278	0.06884707754693933	0.005882320400113991	0.014249067531992898	likely_artifact	likely artifact/junk	muscle contraction	context-incongruent Reactome term: muscle contraction
R-MMU-9748784_DRUG_ADME	0.0928682667211644	0.4469023409601608	0.0928682667211644	0.08992013148356996	0.05003690114626846	0.014249067531992898	prior_literature_match	prior literature match	drug adme	matches expected tissue/spaceflight biology: drug adme
R-MMU-2022090_ASSEMBLY_OF_COLLAGEN_FIBRILS_AND_OTHER_MULTIMERIC_STRUCTURES	0.0019916718006899	0.4516818542787567	0.0019916718006899	0.0065221129177265086	0.002753510976587292	0.014249067531992898	low_or_no_effect	low/no relative effect		below model-relative accession-level heatmap effect threshold
R-MMU-76009_PLATELET_AGGREGATION_PLUG_FORMATION	-0.0004949825740777	0.4637361883923316	0.0004949825740777	0.0019311794197791334	0.001253721027110517	0.014249067531992898	low_or_no_effect	low/no relative effect		below model-relative accession-level heatmap effect threshold
R-MMU-189445_METABOLISM_OF_PORPHYRINS	0.0544539340865456	0.464794514304007	0.0544539340865456	0.08211371123278623	0.011222120593897345	0.014249067531992898	broad_or_uncertain_signal	broad/uncertain signal		moderate/significant effect but not manually assigned to a literature family
R-MMU-6811558_PI5P_PP2A_AND_IER3_REGULATE_PI3K_AKT_SIGNALING	-0.0004406725417405	0.4682300063553007	0.0004406725417405	0.0014967921540410833	9.70490816807168e-05	0.014249067531992898	low_or_no_effect	low/no relative effect		below model-relative accession-level heatmap effect threshold
R-MMU-9009391_EXTRA_NUCLEAR_ESTROGEN_SIGNALING	-0.0297144473615569	0.4682300063553007	0.0297144473615569	0.04923534414339791	0.02486623719236754	0.014249067531992898	broad_or_uncertain_signal	broad/uncertain signal		moderate/significant effect but not manually assigned to a literature family
R-MMU-168138_TOLL_LIKE_RECEPTOR_9_TLR9_CASCADE	-0.0020479407635365	0.4682300063553007	0.0020479407635365	0.006282766449169859	0.004633746338021208	0.014249067531992898	low_or_no_effect	low/no relative effect		below model-relative accession-level heatmap effect threshold
R-MMU-2162123_SYNTHESIS_OF_PROSTAGLANDINS_PG_AND_THROMBOXANES_TX	-0.0001759945575363	0.4997342794314589	0.0001759945575363	0.0006121965221810694	4.6522504934280564e-05	0.014249067531992898	low_or_no_effect	low/no relative effect		below model-relative accession-level heatmap effect threshold
R-MMU-373076_CLASS_A_1_RHODOPSIN_LIKE_RECEPTORS	0.0366596120483724	0.5212296715830184	0.0366596120483724	0.06930686981979921	0.02182885690385664	0.014249067531992898	plausible_complementary	plausible/complementary	rho	plausible complementary mechanism: rho
R-MMU-195721_SIGNALING_BY_WNT	0.0374578473046356	0.5256893397742708	0.0374578473046356	0.0819830978359362	0.022698323423237837	0.014249067531992898	broad_or_uncertain_signal	broad/uncertain signal		moderate/significant effect but not manually assigned to a literature family
R-MMU-6809371_FORMATION_OF_THE_CORNIFIED_ENVELOPE	0.0225699225727462	0.5318806536910825	0.0225699225727462	0.031879220392550534	0.011070633531439453	0.014249067531992898	likely_artifact	likely artifact/junk	cornified	context-incongruent Reactome term: cornified
R-MMU-9035034_RHOF_GTPASE_CYCLE	-0.0001656533181916	0.5319887697896136	0.0001656533181916	0.0005912753892509524	7.657628829265237e-05	0.014249067531992898	low_or_no_effect	low/no relative effect		below model-relative accession-level heatmap effect threshold
R-MMU-611105_RESPIRATORY_ELECTRON_TRANSPORT	0.0023434121675048	0.5331252870541111	0.0023434121675048	0.010447927762435298	0.005569999147873099	0.014249067531992898	low_or_no_effect	low/no relative effect		below model-relative accession-level heatmap effect threshold
R-MMU-913709_O_LINKED_GLYCOSYLATION_OF_MUCINS	0.0261329107275461	0.5331252870541111	0.0261329107275461	0.09345362431522787	0.0546998365458832	0.014249067531992898	broad_or_uncertain_signal	broad/uncertain signal		moderate/significant effect but not manually assigned to a literature family
R-MMU-212436_GENERIC_TRANSCRIPTION_PATHWAY	-0.0208576325168741	0.5332548916047561	0.0208576325168741	0.07212017140587461	0.014021435898706172	0.014249067531992898	broad_or_uncertain_signal	broad/uncertain signal		moderate/significant effect but not manually assigned to a literature family
R-MMU-5620912_ANCHORING_OF_THE_BASAL_BODY_TO_THE_PLASMA_MEMBRANE	0.000103175742015	0.5332548916047561	0.000103175742015	0.00037692027507085264	0.00010504284297556393	0.014249067531992898	low_or_no_effect	low/no relative effect		below model-relative accession-level heatmap effect threshold
R-MMU-382556_ABC_FAMILY_PROTEIN_MEDIATED_TRANSPORT	-0.0172144137618122	0.5332548916047561	0.0172144137618122	0.06355525160849028	0.02339042846460912	0.014249067531992898	broad_or_uncertain_signal	broad/uncertain signal		moderate/significant effect but not manually assigned to a literature family
R-MMU-156580_PHASE_II_CONJUGATION_OF_COMPOUNDS	0.0339428050323984	0.5332548916047561	0.0339428050323984	0.07491733180730831	0.017842390807308366	0.014249067531992898	prior_literature_match	prior literature match	exact override	literature override: liver phase II xenobiotic metabolism
R-MMU-774815_NUCLEOSOME_ASSEMBLY	0.000312891628926	0.5332548916047561	0.000312891628926	0.001279002020015947	0.00027204739823426396	0.014249067531992898	low_or_no_effect	low/no relative effect		below model-relative accession-level heatmap effect threshold
R-MMU-1266695_INTERLEUKIN_7_SIGNALING	-0.0002227146013514	0.5395709955392025	0.0002227146013514	0.00046461981038092777	0.00020753833163337222	0.014249067531992898	low_or_no_effect	low/no relative effect		below model-relative accession-level heatmap effect threshold
R-MMU-211958_MISCELLANEOUS_SUBSTRATES	0.0006784247468879	0.5395709955392025	0.0006784247468879	0.002446598551306798	0.0004700974854695311	0.014249067531992898	low_or_no_effect	low/no relative effect		below model-relative accession-level heatmap effect threshold
R-MMU-446652_INTERLEUKIN_1_FAMILY_SIGNALING	0.0347350745000374	0.5395709955392025	0.0347350745000374	0.10802947814975318	4.324976737357655e-06	0.014249067531992898	prior_literature_match	prior literature match	interleukin	matches expected tissue/spaceflight biology: interleukin
R-MMU-5693571_NONHOMOLOGOUS_END_JOINING_NHEJ	7.071387014031795e-05	0.540626773961114	7.071387014031795e-05	0.000188910924803377	8.051109755113526e-05	0.014249067531992898	low_or_no_effect	low/no relative effect		below model-relative accession-level heatmap effect threshold
R-MMU-2995410_NUCLEAR_ENVELOPE_NE_REASSEMBLY	0.0001389522421687	0.540626773961114	0.0001389522421687	0.0003825165666492528	2.0837137314797232e-05	0.014249067531992898	low_or_no_effect	low/no relative effect		below model-relative accession-level heatmap effect threshold
R-MMU-69620_CELL_CYCLE_CHECKPOINTS	-0.0013834207133545	0.5446205315306416	0.0013834207133545	0.0031623586138027	0.0023242257785607997	0.014249067531992898	low_or_no_effect	low/no relative effect		below model-relative accession-level heatmap effect threshold
R-MMU-9006934_SIGNALING_BY_RECEPTOR_TYROSINE_KINASES	-0.0333567610244487	0.5446205315306416	0.0333567610244487	0.05505543270653118	0.032356050187734096	0.014249067531992898	broad_or_uncertain_signal	broad/uncertain signal		moderate/significant effect but not manually assigned to a literature family
R-MMU-5621481_C_TYPE_LECTIN_RECEPTORS_CLRS	-0.0312890714700689	0.5451133685529125	0.0312890714700689	0.06875134735312714	0.03365027524070024	0.014249067531992898	broad_or_uncertain_signal	broad/uncertain signal		moderate/significant effect but not manually assigned to a literature family
R-MMU-9764265_REGULATION_OF_CDH1_EXPRESSION_AND_FUNCTION	0.0007490370233005	0.5466194427875583	0.0007490370233005	0.0024519065117972003	0.0014395964433369008	0.014249067531992898	low_or_no_effect	low/no relative effect		below model-relative accession-level heatmap effect threshold
R-MMU-8866654_E3_UBIQUITIN_LIGASES_UBIQUITINATE_TARGET_PROTEINS	-0.0008879511718615	0.5493847828753111	0.0008879511718615	0.0030465962102346252	0.0017604247104819415	0.014249067531992898	low_or_no_effect	low/no relative effect		below model-relative accession-level heatmap effect threshold
R-MMU-5689603_UCH_PROTEINASES	-0.0001730056046566	0.5554126592257181	0.0001730056046566	0.0005453915366528221	8.31042048550889e-05	0.014249067531992898	low_or_no_effect	low/no relative effect		below model-relative accession-level heatmap effect threshold
R-MMU-9018519_ESTROGEN_DEPENDENT_GENE_EXPRESSION	0.0003484905558647	0.5559657633397211	0.0003484905558647	0.0011794663731744084	3.529919075777498e-05	0.014249067531992898	low_or_no_effect	low/no relative effect		below model-relative accession-level heatmap effect threshold
R-MMU-8980692_RHOA_GTPASE_CYCLE	-0.0366719157150457	0.5656493316230434	0.0366719157150457	0.1423110150723234	0.02317572840843456	0.014249067531992898	plausible_complementary	plausible/complementary	rho	plausible complementary mechanism: rho
R-MMU-8936459_RUNX1_REGULATES_GENES_INVOLVED_IN_MEGAKARYOCYTE_DIFFERENTIATION_AND_PLATELET_FUNCTION	-0.0002909730393195	0.5656493316230434	0.0002909730393195	0.0009639363659785416	0.00023199368558175836	0.014249067531992898	low_or_no_effect	low/no relative effect		below model-relative accession-level heatmap effect threshold
R-MMU-9860931_RESPONSE_OF_ENDOTHELIAL_CELLS_TO_SHEAR_STRESS	-0.0001512338954792	0.5759009004345778	0.0001512338954792	0.0005433023822617279	0.00017918200801416104	0.014249067531992898	low_or_no_effect	low/no relative effect		below model-relative accession-level heatmap effect threshold
R-MMU-190861_GAP_JUNCTION_ASSEMBLY	0.0006362246717953	0.5829862484667964	0.0006362246717953	0.0018579566151626084	0.0003237824722896084	0.014249067531992898	low_or_no_effect	low/no relative effect		below model-relative accession-level heatmap effect threshold
R-MMU-1630316_GLYCOSAMINOGLYCAN_METABOLISM	-0.0259756267993099	0.5829862484667964	0.0259756267993099	0.051416023881980334	0.04281488200025992	0.014249067531992898	broad_or_uncertain_signal	broad/uncertain signal		moderate/significant effect but not manually assigned to a literature family
R-MMU-3108232_SUMO_E3_LIGASES_SUMOYLATE_TARGET_PROTEINS	0.0014546476071165	0.5829862484667964	0.0014546476071165	0.0036037103832081154	0.0023633868354206154	0.014249067531992898	low_or_no_effect	low/no relative effect		below model-relative accession-level heatmap effect threshold
R-MMU-2262752_CELLULAR_RESPONSES_TO_STRESS	-0.0328471718324583	0.5829862484667964	0.0328471718324583	0.12354668838352596	0.023237100757795004	0.014249067531992898	broad_or_uncertain_signal	broad/uncertain signal		moderate/significant effect but not manually assigned to a literature family
R-MMU-9006927_SIGNALING_BY_NON_RECEPTOR_TYROSINE_KINASES	0.0002976159290644	0.5871932707361541	0.0002976159290644	0.0010368279163715942	0.00045474551069899443	0.014249067531992898	low_or_no_effect	low/no relative effect		below model-relative accession-level heatmap effect threshold
R-MMU-69206_G1_S_TRANSITION	0.0005867828423344	0.590096283369713	0.0005867828423344	0.0015951744662379167	5.93579465938375e-06	0.014249067531992898	low_or_no_effect	low/no relative effect		below model-relative accession-level heatmap effect threshold
R-MMU-8878171_TRANSCRIPTIONAL_REGULATION_BY_RUNX1	0.0033947171665749	0.590096283369713	0.0033947171665749	0.0060087053995298	0.004681090954899217	0.014249067531992898	low_or_no_effect	low/no relative effect		below model-relative accession-level heatmap effect threshold
R-MMU-6803157_ANTIMICROBIAL_PEPTIDES	-0.060131768217114	0.600953762377448	0.060131768217114	0.20286700890247744	0.023633111388101286	0.014249067531992898	broad_or_uncertain_signal	broad/uncertain signal		moderate/significant effect but not manually assigned to a literature family
R-MMU-3214841_PKMTS_METHYLATE_HISTONE_LYSINES	0.0002087751925555	0.600953762377448	0.0002087751925555	0.00045669803169259723	9.852655027399721e-05	0.014249067531992898	low_or_no_effect	low/no relative effect		below model-relative accession-level heatmap effect threshold
R-MMU-8856688_GOLGI_TO_ER_RETROGRADE_TRANSPORT	-0.0004247629230039	0.6070759505528404	0.0004247629230039	0.0009384963816929838	0.0008047356572557663	0.014249067531992898	low_or_no_effect	low/no relative effect		below model-relative accession-level heatmap effect threshold
R-MMU-428157_SPHINGOLIPID_METABOLISM	-0.013159314758242	0.6070759505528404	0.013159314758242	0.05022250466506304	0.0071317291543813765	0.014249067531992898	prior_literature_match	prior literature match	lipid	matches expected tissue/spaceflight biology: lipid
R-MMU-9909648_REGULATION_OF_PD_L1_CD274_EXPRESSION	-0.0009449404752105	0.6070759505528404	0.0009449404752105	0.0030446338288618	1.7550483789216732e-05	0.014249067531992898	low_or_no_effect	low/no relative effect		below model-relative accession-level heatmap effect threshold
R-MMU-6807878_COPI_MEDIATED_ANTEROGRADE_TRANSPORT	0.0001175882672243	0.6070759505528404	0.0001175882672243	0.00028603223790955125	0.00013671117008416794	0.014249067531992898	low_or_no_effect	low/no relative effect		below model-relative accession-level heatmap effect threshold
R-MMU-156590_GLUTATHIONE_CONJUGATION	-0.0337606766406628	0.6070759505528404	0.0337606766406628	0.1184170637945574	0.06434527232233518	0.014249067531992898	prior_literature_match	prior literature match	exact override	literature override: liver detoxification/oxidative defense
R-MMU-3247509_CHROMATIN_MODIFYING_ENZYMES	0.0313769773686065	0.6147308671965425	0.0313769773686065	0.09668315787589693	0.02192553349289646	0.014249067531992898	broad_or_uncertain_signal	broad/uncertain signal		moderate/significant effect but not manually assigned to a literature family
R-MMU-453274_MITOTIC_G2_G2_M_PHASES	0.0007712168508084	0.6147308671965425	0.0007712168508084	0.002909942210614225	1.436264424639159e-05	0.014249067531992898	low_or_no_effect	low/no relative effect		below model-relative accession-level heatmap effect threshold
R-MMU-186797_SIGNALING_BY_PDGF	0.0038386189881603	0.6159745211167971	0.0038386189881603	0.02064117867536072	0.014076856954405817	0.014249067531992898	broad_or_uncertain_signal	broad/uncertain signal		moderate/significant effect but not manually assigned to a literature family
R-MMU-9006936_SIGNALING_BY_TGFB_FAMILY_MEMBERS	0.0182737797337628	0.6366349347210124	0.0182737797337628	0.0866732853979078	0.03781543671320329	0.014249067531992898	broad_or_uncertain_signal	broad/uncertain signal		moderate/significant effect but not manually assigned to a literature family
R-MMU-1483255_PI_METABOLISM	-0.0001911315284837	0.6366349347210124	0.0001911315284837	0.0013143100730294832	0.0007046656354317166	0.014249067531992898	low_or_no_effect	low/no relative effect		below model-relative accession-level heatmap effect threshold
R-MMU-9609507_PROTEIN_LOCALIZATION	0.0412384972491373	0.6366349347210124	0.0412384972491373	0.10522826757993775	0.021110673458073954	0.014249067531992898	broad_or_uncertain_signal	broad/uncertain signal		moderate/significant effect but not manually assigned to a literature family
R-MMU-383280_NUCLEAR_RECEPTOR_TRANSCRIPTION_PATHWAY	-0.0013184800955377	0.6366349347210124	0.0013184800955377	0.0047652019219898084	0.0015427105468672753	0.014249067531992898	low_or_no_effect	low/no relative effect		below model-relative accession-level heatmap effect threshold
R-MMU-5423646_AFLATOXIN_ACTIVATION_AND_DETOXIFICATION	-0.0002047578193345	0.6366349347210124	0.0002047578193345	0.0010471117468775915	0.00021290362234457504	0.014249067531992898	low_or_no_effect	low/no relative effect		below model-relative accession-level heatmap effect threshold
R-MMU-190828_GAP_JUNCTION_TRAFFICKING	-0.0003730835792789	0.6366349347210124	0.0003730835792789	0.0016143544445039364	0.0002945050658575301	0.014249067531992898	low_or_no_effect	low/no relative effect		below model-relative accession-level heatmap effect threshold
R-MMU-937061_TRIF_TICAM1_MEDIATED_TLR4_SIGNALING	-0.0012484944149739	0.6366349347210124	0.0012484944149739	0.0035331226380070422	0.0014428423138380586	0.014249067531992898	low_or_no_effect	low/no relative effect		below model-relative accession-level heatmap effect threshold
R-MMU-1632852_MACROAUTOPHAGY	-0.000548547510561	0.6366349347210124	0.000548547510561	0.0017454172613148836	0.0010141769261482001	0.014249067531992898	low_or_no_effect	low/no relative effect		below model-relative accession-level heatmap effect threshold
R-MMU-6811436_COPI_INDEPENDENT_GOLGI_TO_ER_RETROGRADE_TRAFFIC	0.0001131251668491	0.6366349347210124	0.0001131251668491	0.0005835617297384472	0.00031024191933334724	0.014249067531992898	low_or_no_effect	low/no relative effect		below model-relative accession-level heatmap effect threshold
R-MMU-69242_S_PHASE	-0.0004068428001427	0.6399182507633342	0.0004068428001427	0.0016407198852000668	5.588519940123336e-05	0.014249067531992898	low_or_no_effect	low/no relative effect		below model-relative accession-level heatmap effect threshold
R-MMU-9749641_ASPIRIN_ADME	0.1019228601559922	0.639933104032709	0.1019228601559922	0.11897508394942995	0.03498108949501445	0.014249067531992898	broad_or_uncertain_signal	broad/uncertain signal		moderate/significant effect but not manually assigned to a literature family
R-MMU-936837_ION_TRANSPORT_BY_P_TYPE_ATPASES	0.0168006166323144	0.639933104032709	0.0168006166323144	0.061033460943392744	0.016137143160376916	0.014249067531992898	broad_or_uncertain_signal	broad/uncertain signal		moderate/significant effect but not manually assigned to a literature family
R-MMU-446203_ASPARAGINE_N_LINKED_GLYCOSYLATION	0.0243048381075446	0.639933104032709	0.0243048381075446	0.05472458794503896	0.014044849230753298	0.014249067531992898	broad_or_uncertain_signal	broad/uncertain signal		moderate/significant effect but not manually assigned to a literature family
R-MMU-5617833_CILIUM_ASSEMBLY	0.0003064361140355	0.6539502852632839	0.0003064361140355	0.0010725497537331357	4.187259332119126e-06	0.014249067531992898	low_or_no_effect	low/no relative effect		below model-relative accession-level heatmap effect threshold
R-MMU-1430728_METABOLISM	0.0379549247412622	0.6551301796349228	0.0379549247412622	0.09264450394478586	0.040589621981140335	0.014249067531992898	broad_or_uncertain_signal	broad/uncertain signal		moderate/significant effect but not manually assigned to a literature family
R-MMU-5610787_HEDGEHOG_OFF_STATE	0.0002677701542576	0.6551301796349228	0.0002677701542576	0.0010793456174281915	0.0002549679943852583	0.014249067531992898	low_or_no_effect	low/no relative effect		below model-relative accession-level heatmap effect threshold
R-MMU-73894_DNA_REPAIR	0.0175509705729716	0.6561573742631243	0.0175509705729716	0.05300340148453003	0.006160592783262993	0.014249067531992898	plausible_complementary	plausible/complementary	dna repair	plausible complementary mechanism: dna repair
R-MMU-201681_TCF_DEPENDENT_SIGNALING_IN_RESPONSE_TO_WNT	-0.01853280009937	0.6561573742631243	0.01853280009937	0.06329427706479403	0.033714666603536725	0.014249067531992898	broad_or_uncertain_signal	broad/uncertain signal		moderate/significant effect but not manually assigned to a literature family
R-MMU-1433557_SIGNALING_BY_SCF_KIT	0.0009350300729206	0.6642956714516328	0.0009350300729206	0.006448539026974026	0.0035380675241550585	0.014249067531992898	low_or_no_effect	low/no relative effect		below model-relative accession-level heatmap effect threshold
R-MMU-8852135_PROTEIN_UBIQUITINATION	0.0006320831358104	0.6649254398338489	0.0006320831358104	0.0034616684656958332	0.0013214627943835	0.014249067531992898	low_or_no_effect	low/no relative effect		below model-relative accession-level heatmap effect threshold
R-MMU-6806834_SIGNALING_BY_MET	-0.0211688707520849	0.6710395942356029	0.0211688707520849	0.04179030448106063	0.002110160360081147	0.014249067531992898	broad_or_uncertain_signal	broad/uncertain signal		moderate/significant effect but not manually assigned to a literature family
R-MMU-975138_TRAF6_MEDIATED_INDUCTION_OF_NFKB_AND_MAP_KINASES_UPON_TLR7_8_OR_9_ACTIVATION	0.0005661061523691	0.6717351010813668	0.0005661061523691	0.002154909004581479	0.0005130198674386451	0.014249067531992898	low_or_no_effect	low/no relative effect		below model-relative accession-level heatmap effect threshold
R-MMU-9675108_NERVOUS_SYSTEM_DEVELOPMENT	-0.02166757439826	0.684257909349511	0.02166757439826	0.06325583770198161	0.01638014705188419	0.014249067531992898	broad_or_uncertain_signal	broad/uncertain signal		moderate/significant effect but not manually assigned to a literature family
R-MMU-15869_METABOLISM_OF_NUCLEOTIDES	-0.0062499857132136	0.685066716350166	0.0062499857132136	0.05039977311368688	0.013552551764480584	0.014249067531992898	broad_or_uncertain_signal	broad/uncertain signal		moderate/significant effect but not manually assigned to a literature family
R-MMU-112315_TRANSMISSION_ACROSS_CHEMICAL_SYNAPSES	-0.0093505583887805	0.685066716350166	0.0093505583887805	0.03911116841163582	0.0164365965689197	0.014249067531992898	likely_artifact	likely artifact/junk	synapse	context-incongruent Reactome term: synapse
R-MMU-397014_MUSCLE_CONTRACTION	0.0289659980748462	0.685066716350166	0.0289659980748462	0.08147230270621662	0.010112030741290825	0.014249067531992898	likely_artifact	likely artifact/junk	muscle contraction	context-incongruent Reactome term: muscle contraction
R-MMU-983189_KINESINS	0.0179130545045597	0.685066716350166	0.0179130545045597	0.11285073129938485	0.00799016952954362	0.014249067531992898	broad_or_uncertain_signal	broad/uncertain signal		moderate/significant effect but not manually assigned to a literature family
R-MMU-9006931_SIGNALING_BY_NUCLEAR_RECEPTORS	-0.0184963276809209	0.6872399123250529	0.0184963276809209	0.06363936984789613	0.0014885164083250566	0.014249067531992898	broad_or_uncertain_signal	broad/uncertain signal		moderate/significant effect but not manually assigned to a literature family
R-MMU-9851695_EPIGENETIC_REGULATION_OF_ADIPOGENESIS_GENES_BY_MLL3_AND_MLL4_COMPLEXES	0.0001670487875893	0.6934200102798248	0.0001670487875893	0.0014135654295131582	0.0007298825489562417	0.014249067531992898	low_or_no_effect	low/no relative effect		below model-relative accession-level heatmap effect threshold
R-MMU-8964043_PLASMA_LIPOPROTEIN_CLEARANCE	-0.0332399769937678	0.7007235800409473	0.0332399769937678	0.07870124363055282	0.029160756897224898	0.014249067531992898	prior_literature_match	prior literature match	lipoprotein	matches expected tissue/spaceflight biology: lipoprotein
R-MMU-983168_ANTIGEN_PROCESSING_UBIQUITINATION_PROTEASOME_DEGRADATION	0.0012569513152347	0.7048227484504996	0.0012569513152347	0.006072966950783842	0.002554353587924159	0.014249067531992898	low_or_no_effect	low/no relative effect		below model-relative accession-level heatmap effect threshold
R-MMU-2029482_REGULATION_OF_ACTIN_DYNAMICS_FOR_PHAGOCYTIC_CUP_FORMATION	-0.0003063272164395	0.7048227484504996	0.0003063272164395	0.0011423956396689862	0.00041922002613046394	0.014249067531992898	low_or_no_effect	low/no relative effect		below model-relative accession-level heatmap effect threshold
R-MMU-5358351_SIGNALING_BY_HEDGEHOG	0.0188814085878955	0.7058227210299123	0.0188814085878955	0.09020602448811571	0.004929208938115715	0.014249067531992898	broad_or_uncertain_signal	broad/uncertain signal		moderate/significant effect but not manually assigned to a literature family
R-MMU-3214842_HDMS_DEMETHYLATE_HISTONES	9.62698804544023e-05	0.7071488883720364	9.62698804544023e-05	0.00045790099285704166	0.000165794853221675	0.014249067531992898	low_or_no_effect	low/no relative effect		below model-relative accession-level heatmap effect threshold
R-MMU-5365859_RA_BIOSYNTHESIS_PATHWAY	0.0001139867948276	0.7080903597380865	0.0001139867948276	0.0005269311668258523	0.00011362793876238806	0.014249067531992898	low_or_no_effect	low/no relative effect		below model-relative accession-level heatmap effect threshold
R-MMU-192105_SYNTHESIS_OF_BILE_ACIDS_AND_BILE_SALTS	-0.000134324515544	0.7119595067437913	0.000134324515544	0.0005135252512801384	0.00033772604258689717	0.014249067531992898	low_or_no_effect	low/no relative effect		below model-relative accession-level heatmap effect threshold
R-MMU-111465_APOPTOTIC_CLEAVAGE_OF_CELLULAR_PROTEINS	0.000567820565607	0.7134560197452207	0.000567820565607	0.0028750859348282663	0.0005057151614911333	0.014249067531992898	low_or_no_effect	low/no relative effect		below model-relative accession-level heatmap effect threshold
R-MMU-2173789_TGF_BETA_RECEPTOR_SIGNALING_ACTIVATES_SMADS	0.0125106210069746	0.7142108629637246	0.0125106210069746	0.06359906711426601	0.012617992411975601	0.014249067531992898	broad_or_uncertain_signal	broad/uncertain signal		moderate/significant effect but not manually assigned to a literature family
R-MMU-5173105_O_LINKED_GLYCOSYLATION	0.0176844766363626	0.7151175173906059	0.0176844766363626	0.053071124101462856	0.011226911581592648	0.014249067531992898	broad_or_uncertain_signal	broad/uncertain signal		moderate/significant effect but not manually assigned to a literature family
R-MMU-9932444_ATP_DEPENDENT_CHROMATIN_REMODELERS	-0.000637768631194	0.7325924065970834	0.000637768631194	0.0035776251011164916	0.001287893350383475	0.014249067531992898	low_or_no_effect	low/no relative effect		below model-relative accession-level heatmap effect threshold
R-MMU-114608_PLATELET_DEGRANULATION	0.0133868785765709	0.7325924065970834	0.0133868785765709	0.08128765860281302	0.006738571634002151	0.014249067531992898	plausible_complementary	plausible/complementary	platelet	plausible complementary mechanism: platelet
R-MMU-5693532_DNA_DOUBLE_STRAND_BREAK_REPAIR	0.0017521048414736	0.7325924065970834	0.0017521048414736	0.007641708362311074	0.0018021364718317251	0.014249067531992898	low_or_no_effect	low/no relative effect		below model-relative accession-level heatmap effect threshold
R-MMU-195258_RHO_GTPASE_EFFECTORS	-0.0229721715448476	0.7370354754516503	0.0229721715448476	0.19814405212893949	0.04043035611764919	0.014249067531992898	plausible_complementary	plausible/complementary	rho	plausible complementary mechanism: rho
R-MMU-211897_CYTOCHROME_P450_ARRANGED_BY_SUBSTRATE_TYPE	-0.1531992413454328	0.7455791284701366	0.1531992413454328	0.377664785673761	0.20819970849290573	0.014249067531992898	prior_literature_match	prior literature match	exact override	literature override: liver CYP450/xenobiotic metabolism
R-MMU-9709957_SENSORY_PERCEPTION	0.0217210734376781	0.7455791284701366	0.0217210734376781	0.09409723214963682	0.01634974236469062	0.014249067531992898	likely_artifact	likely artifact/junk	sensory perception	context-incongruent Reactome term: sensory perception
R-MMU-9612973_AUTOPHAGY	-0.0001731821207361	0.7621298546587857	0.0001731821207361	0.0009647996041624417	0.00019336751199580833	0.014249067531992898	low_or_no_effect	low/no relative effect		below model-relative accession-level heatmap effect threshold
R-MMU-109582_HEMOSTASIS	-0.0112374954402283	0.7635814571295936	0.0112374954402283	0.03705249144574015	0.00993336871042965	0.014249067531992898	plausible_complementary	plausible/complementary	hemostasis	plausible complementary mechanism: hemostasis
R-MMU-168179_TOLL_LIKE_RECEPTOR_TLR1_TLR2_CASCADE	0.0003250490079864	0.7635814571295936	0.0003250490079864	0.0023179256684172415	0.00027699528941729166	0.014249067531992898	low_or_no_effect	low/no relative effect		below model-relative accession-level heatmap effect threshold
R-MMU-69306_DNA_REPLICATION	0.0172099207870451	0.7728615295793617	0.0172099207870451	0.07600771008522599	0.02135977738144577	0.014249067531992898	broad_or_uncertain_signal	broad/uncertain signal		moderate/significant effect but not manually assigned to a literature family
R-MMU-9033241_PEROXISOMAL_PROTEIN_IMPORT	-0.0555775975578221	0.7747933188682732	0.0555775975578221	0.21374856911423257	0.1014803467246564	0.014249067531992898	prior_literature_match	prior literature match	peroxisom	matches expected tissue/spaceflight biology: peroxisom
R-MMU-9670095_INHIBITION_OF_DNA_RECOMBINATION_AT_TELOMERE	0.0001553403174983	0.7747933188682732	0.0001553403174983	0.0013809295735114418	0.0004624304899726249	0.014249067531992898	low_or_no_effect	low/no relative effect		below model-relative accession-level heatmap effect threshold
R-MMU-68882_MITOTIC_ANAPHASE	0.0005336997593949	0.7747933188682732	0.0005336997593949	0.001878027951639717	0.0002921319225943832	0.014249067531992898	low_or_no_effect	low/no relative effect		below model-relative accession-level heatmap effect threshold
R-MMU-69618_MITOTIC_SPINDLE_CHECKPOINT	0.0012976968752039	0.7747933188682732	0.0012976968752039	0.007328461744222282	0.0018987113711745	0.014249067531992898	low_or_no_effect	low/no relative effect		below model-relative accession-level heatmap effect threshold
R-MMU-975634_RETINOID_METABOLISM_AND_TRANSPORT	-0.0118084482718238	0.7747933188682732	0.0118084482718238	0.09462140503324229	0.02380815857704031	0.014249067531992898	broad_or_uncertain_signal	broad/uncertain signal		moderate/significant effect but not manually assigned to a literature family
R-MMU-3000171_NON_INTEGRIN_MEMBRANE_ECM_INTERACTIONS	-0.01339511300042	0.7794382611902052	0.01339511300042	0.061986813579037375	0.005927672601607713	0.014249067531992898	plausible_complementary	plausible/complementary	rac	plausible complementary mechanism: rac
R-MMU-111885_OPIOID_SIGNALLING	-0.0005452233147727	0.7794382611902052	0.0005452233147727	0.004264247385641484	0.00027725981935850007	0.014249067531992898	low_or_no_effect	low/no relative effect		below model-relative accession-level heatmap effect threshold
R-MMU-196854_METABOLISM_OF_VITAMINS_AND_COFACTORS	0.0052536038773061	0.7864627225892906	0.0052536038773061	0.04816120053483836	0.002070254387884984	0.014249067531992898	prior_literature_match	prior literature match	vitamins and cofactors	matches expected tissue/spaceflight biology: vitamins and cofactors
R-MMU-2555396_MITOTIC_METAPHASE_AND_ANAPHASE	0.0003597571700507	0.7864627225892906	0.0003597571700507	0.0026100582229187513	0.0007723451406763646	0.014249067531992898	low_or_no_effect	low/no relative effect		below model-relative accession-level heatmap effect threshold
R-MMU-5693607_PROCESSING_OF_DNA_DOUBLE_STRAND_BREAK_ENDS	-9.252945975093746e-05	0.8291642412573702	9.252945975093746e-05	0.0009062758580589669	0.0004642904523874333	0.014249067531992898	low_or_no_effect	low/no relative effect		below model-relative accession-level heatmap effect threshold
R-MMU-2168880_SCAVENGING_OF_HEME_FROM_PLASMA	-0.000636498938176	0.8303747221511775	0.000636498938176	0.00846092187064401	0.0037319271456414914	0.014249067531992898	low_or_no_effect	low/no relative effect		below model-relative accession-level heatmap effect threshold
R-MMU-597592_POST_TRANSLATIONAL_PROTEIN_MODIFICATION	-0.0160312817534116	0.8303747221511775	0.0160312817534116	0.10250750399813369	0.03509355961297739	0.014249067531992898	broad_or_uncertain_signal	broad/uncertain signal		moderate/significant effect but not manually assigned to a literature family
R-MMU-983705_SIGNALING_BY_THE_B_CELL_RECEPTOR_BCR	-0.0002416310120518	0.8303747221511775	0.0002416310120518	0.00098601513465245	0.00024271825068085002	0.014249067531992898	low_or_no_effect	low/no relative effect		below model-relative accession-level heatmap effect threshold
R-MMU-4839726_CHROMATIN_ORGANIZATION	-0.0068917166791657	0.8303747221511775	0.0068917166791657	0.05218471543465497	0.014284286194888918	0.014249067531992898	broad_or_uncertain_signal	broad/uncertain signal		moderate/significant effect but not manually assigned to a literature family
R-MMU-2559583_CELLULAR_SENESCENCE	-0.0144127800104993	0.8335777218522319	0.0144127800104993	0.052633128038235194	0.01387173868795534	0.014249067531992898	plausible_complementary	plausible/complementary	senescence	plausible complementary mechanism: senescence
R-MMU-141424_AMPLIFICATION_OF_SIGNAL_FROM_THE_KINETOCHORES	-9.972556908354564e-05	0.8345639590801462	9.972556908354564e-05	0.0006824287294254998	0.00010286543401680004	0.014249067531992898	low_or_no_effect	low/no relative effect		below model-relative accession-level heatmap effect threshold
R-MMU-9013406_RHOQ_GTPASE_CYCLE	4.29620910661092e-05	0.8354504744981293	4.29620910661092e-05	0.0004584930779123944	0.00013100273490423885	0.014249067531992898	low_or_no_effect	low/no relative effect		below model-relative accession-level heatmap effect threshold
R-MMU-418555_G_ALPHA_S_SIGNALLING_EVENTS	-0.0117017569831257	0.8491208436566384	0.0117017569831257	0.10563059184181106	0.04062684546374449	0.014249067531992898	broad_or_uncertain_signal	broad/uncertain signal		moderate/significant effect but not manually assigned to a literature family
R-MMU-5688426_DEUBIQUITINATION	0.0051646837726923	0.8516994309606525	0.0051646837726923	0.016248369482371492	0.0013959389386490571	0.014249067531992898	broad_or_uncertain_signal	broad/uncertain signal		moderate/significant effect but not manually assigned to a literature family
R-MMU-9937848_CHD_CHROMATIN_REMODELERS	0.0077988389656291	0.8577926581022707	0.0077988389656291	0.056945890018626384	0.006553555470213727	0.014249067531992898	broad_or_uncertain_signal	broad/uncertain signal		moderate/significant effect but not manually assigned to a literature family
R-MMU-1280215_CYTOKINE_SIGNALING_IN_IMMUNE_SYSTEM	-0.0052848588533072	0.8637412279357763	0.0052848588533072	0.050047820013514925	0.00026105188945481475	0.014249067531992898	prior_literature_match	prior literature match	immune system	matches expected tissue/spaceflight biology: immune system
R-MMU-70171_GLYCOLYSIS	0.000187107287922	0.8656061769781469	0.000187107287922	0.0014233325768453805	0.00012460189788038065	0.014249067531992898	low_or_no_effect	low/no relative effect		below model-relative accession-level heatmap effect threshold
R-MMU-9764274_REGULATION_OF_EXPRESSION_AND_FUNCTION_OF_TYPE_I_CLASSICAL_CADHERINS	-0.0496602480263237	0.8792690931924825	0.0496602480263237	0.21430417277683736	0.060125318244988034	0.014249067531992898	plausible_complementary	plausible/complementary	cadherin	plausible complementary mechanism: cadherin
R-MMU-9943965_CHD3_CHD4_CHD5_SUBFAMILY	5.432563225206242e-05	0.8792690931924825	5.432563225206242e-05	0.00042828589410724395	4.515372807693997e-06	0.014249067531992898	low_or_no_effect	low/no relative effect		below model-relative accession-level heatmap effect threshold
R-MMU-9917777_EPIGENETIC_REGULATION_BY_WDR5_CONTAINING_HISTONE_MODIFYING_COMPLEXES	9.948293547320394e-05	0.8876013033341158	9.948293547320394e-05	0.0009395003877311833	9.928127672765003e-05	0.014249067531992898	low_or_no_effect	low/no relative effect		below model-relative accession-level heatmap effect threshold
R-MMU-9955298_SLC_MEDIATED_TRANSPORT_OF_ORGANIC_ANIONS	0.0064044958481326	0.8876013033341158	0.0064044958481326	0.0396055319867705	0.008276479278705633	0.014249067531992898	broad_or_uncertain_signal	broad/uncertain signal		moderate/significant effect but not manually assigned to a literature family
R-MMU-193368_SYNTHESIS_OF_BILE_ACIDS_AND_BILE_SALTS_VIA_7ALPHA_HYDROXYCHOLESTEROL	-9.720223729166027e-05	0.8876013033341158	9.720223729166027e-05	0.001551886968693042	0.0008244372680430251	0.014249067531992898	low_or_no_effect	low/no relative effect		below model-relative accession-level heatmap effect threshold
R-MMU-983231_FACTORS_INVOLVED_IN_MEGAKARYOCYTE_DEVELOPMENT_AND_PLATELET_PRODUCTION	0.0066238169030299	0.8892420370392674	0.0066238169030299	0.040497949209358494	0.01779777243349861	0.014249067531992898	plausible_complementary	plausible/complementary	platelet	plausible complementary mechanism: platelet
R-MMU-5362517_SIGNALING_BY_RETINOIC_ACID	-0.0003474434317525	0.8892420370392674	0.0003474434317525	0.005090472913735425	0.0004327124992513415	0.014249067531992898	low_or_no_effect	low/no relative effect		below model-relative accession-level heatmap effect threshold
R-MMU-9842860_REGULATION_OF_ENDOGENOUS_RETROELEMENTS	0.0001474496039256	0.8929581995070133	0.0001474496039256	0.0025559429595335918	0.0009006278718796085	0.014249067531992898	low_or_no_effect	low/no relative effect		below model-relative accession-level heatmap effect threshold
R-MMU-9837999_MITOCHONDRIAL_PROTEIN_DEGRADATION	0.0091664773273587	0.9206565884284096	0.0091664773273587	0.14252238006950643	0.08862462350549344	0.014249067531992898	prior_literature_match	prior literature match	mitochond	matches expected tissue/spaceflight biology: mitochond
R-MMU-193704_P75_NTR_RECEPTOR_MEDIATED_SIGNALLING	-0.0022655810928303	0.9244200063290414	0.0022655810928303	0.022819313336278933	0.011890855918482934	0.014249067531992898	broad_or_uncertain_signal	broad/uncertain signal		moderate/significant effect but not manually assigned to a literature family
R-MMU-9843940_REGULATION_OF_ENDOGENOUS_RETROELEMENTS_BY_KRAB_ZFP_PROTEINS	-0.0001388380897873	0.924765646940239	0.0001388380897873	0.0023379457011843247	0.000931315374371175	0.014249067531992898	low_or_no_effect	low/no relative effect		below model-relative accession-level heatmap effect threshold
R-MMU-352230_AMINO_ACID_TRANSPORT_ACROSS_THE_PLASMA_MEMBRANE	-0.0061898634423278	0.9279664910626608	0.0061898634423278	0.03883207965039382	0.014893557050803469	0.014249067531992898	broad_or_uncertain_signal	broad/uncertain signal		moderate/significant effect but not manually assigned to a literature family
R-MMU-68886_M_PHASE	-0.0049163998242192	0.9471236098633564	0.0049163998242192	0.11038494241240697	0.0007077742630803204	0.014249067531992898	broad_or_uncertain_signal	broad/uncertain signal		moderate/significant effect but not manually assigned to a literature family
R-MMU-5693567_HDR_THROUGH_HOMOLOGOUS_RECOMBINATION_HRR_OR_SINGLE_STRAND_ANNEALING_SSA	-0.0001981042308791	0.9471236098633564	0.0001981042308791	0.002806993779936961	9.27626727258943e-05	0.014249067531992898	low_or_no_effect	low/no relative effect		below model-relative accession-level heatmap effect threshold
R-MMU-2142753_ARACHIDONATE_METABOLISM	-0.0052459993404831	0.9471236098633564	0.0052459993404831	0.12438221939131226	0.04639119596862921	0.014249067531992898	plausible_complementary	plausible/complementary	rac	plausible complementary mechanism: rac
R-MMU-1227986_SIGNALING_BY_ERBB2	0.0001100817402555	0.9518254407487924	0.0001100817402555	0.0030699568011320413	0.0015467423766456917	0.014249067531992898	low_or_no_effect	low/no relative effect		below model-relative accession-level heatmap effect threshold
R-MMU-72766_TRANSLATION	-0.0005079131154859	0.9552957228653988	0.0005079131154859	0.009717088736290883	0.004158928346367801	0.014249067531992898	low_or_no_effect	low/no relative effect		below model-relative accession-level heatmap effect threshold
R-MMU-375165_NCAM_SIGNALING_FOR_NEURITE_OUT_GROWTH	-3.860751340295488e-05	0.9565227939964156	3.860751340295488e-05	0.0005472862404731499	0.00010661442369591667	0.014249067531992898	low_or_no_effect	low/no relative effect		below model-relative accession-level heatmap effect threshold
R-MMU-416476_G_ALPHA_Q_SIGNALLING_EVENTS	0.003730902837858	0.960767412253902	0.003730902837858	0.0782524030945194	0.0029370267924201366	0.014249067531992898	broad_or_uncertain_signal	broad/uncertain signal		moderate/significant effect but not manually assigned to a literature family
R-MMU-157858_GAP_JUNCTION_TRAFFICKING_AND_REGULATION	-0.0026226401903014	0.9657652057985956	0.0026226401903014	0.056465732552997944	0.018893709096605173	0.014249067531992898	broad_or_uncertain_signal	broad/uncertain signal		moderate/significant effect but not manually assigned to a literature family
R-MMU-9759476_REGULATION_OF_HOMOTYPIC_CELL_CELL_ADHESION	-0.0002505664915404	0.9753812644543968	0.0002505664915404	0.0062393079349637335	0.0029209293853285838	0.014249067531992898	low_or_no_effect	low/no relative effect		below model-relative accession-level heatmap effect threshold
R-MMU-416482_G_ALPHA_12_13_SIGNALLING_EVENTS	-1.8790817818876288e-05	0.9843512505752564	1.8790817818876288e-05	0.0010761237805090584	0.0006034741784839584	0.014249067531992898	low_or_no_effect	low/no relative effect		below model-relative accession-level heatmap effect threshold
R-MMU-2559586_DNA_DAMAGE_TELOMERE_STRESS_INDUCED_SENESCENCE	0.008600504553255	0.9867793192067352	0.008600504553255	0.09848057071811829	0.054116065098993894	0.014249067531992898	plausible_complementary	plausible/complementary	telomere	plausible complementary mechanism: telomere
R-MMU-975871_MYD88_CASCADE_INITIATED_ON_PLASMA_MEMBRANE	-5.309661408647078e-05	0.9924835993238932	5.309661408647078e-05	0.00144152199211345	0.0006986259890092999	0.014249067531992898	low_or_no_effect	low/no relative effect		below model-relative accession-level heatmap effect threshold
R-MMU-162582_SIGNAL_TRANSDUCTION	-0.0008280098245085	0.9969772782976236	0.0008280098245085	0.07080304477276288	0.02430972772723704	0.014249067531992898	broad_or_uncertain_signal	broad/uncertain signal		moderate/significant effect but not manually assigned to a literature family
R-MMU-191273_CHOLESTEROL_BIOSYNTHESIS	0.0022472470571621	0.9969772782976236	0.0022472470571621	0.24802897888583955	0.061448824937600975	0.014249067531992898	prior_literature_match	prior literature match	exact override	literature override: liver lipid/cholesterol metabolism
R-MMU-5653656_VESICLE_MEDIATED_TRANSPORT	-0.001162481903405	0.9969772782976236	0.001162481903405	0.055566116883303755	0.015135352481775674	0.014249067531992898	broad_or_uncertain_signal	broad/uncertain signal		moderate/significant effect but not manually assigned to a literature family
R-MMU-9013404_RAC2_GTPASE_CYCLE	1.648429547750107e-05	0.9969772782976236	1.648429547750107e-05	0.0014350375298876668	0.0008447863839456167	0.014249067531992898	low_or_no_effect	low/no relative effect		below model-relative accession-level heatmap effect threshold
R-MMU-9753281_PARACETAMOL_ADME	3.525515367140382e-05	0.9969772782976236	3.525515367140382e-05	0.001712429153391461	7.70434402962555e-05	0.014249067531992898	low_or_no_effect	low/no relative effect		below model-relative accession-level heatmap effect threshold
R-MMU-166166_MYD88_INDEPENDENT_TLR4_CASCADE	2.6580663568621495e-05	0.9969772782976236	2.6580663568621495e-05	0.0022329643860518754	0.0001281670034943748	0.014249067531992898	low_or_no_effect	low/no relative effect		below model-relative accession-level heatmap effect threshold
R-MMU-170834_SIGNALING_BY_TGF_BETA_RECEPTOR_COMPLEX	0.0002151334058946	0.9969772782976236	0.0002151334058946	0.032687943847970816	0.023952521120918002	0.014249067531992898	broad_or_uncertain_signal	broad/uncertain signal		moderate/significant effect but not manually assigned to a literature family
R-MMU-2299718_CONDENSATION_OF_PROPHASE_CHROMOSOMES	3.36695106374664e-05	0.9969772782976236	3.36695106374664e-05	0.004851887593316184	0.0023175495460091666	0.014249067531992898	low_or_no_effect	low/no relative effect		below model-relative accession-level heatmap effect threshold
R-MMU-606279_DEPOSITION_OF_NEW_CENPA_CONTAINING_NUCLEOSOMES_AT_THE_CENTROMERE	2.8114823305084788e-05	0.9969772782976236	2.8114823305084788e-05	0.0009501445058147833	0.00024883984964420004	0.014249067531992898	low_or_no_effect	low/no relative effect		below model-relative accession-level heatmap effect threshold
R-MMU-9855142_CELLULAR_RESPONSES_TO_MECHANICAL_STIMULI	-1.2096746875056268e-05	0.9969772782976236	1.2096746875056268e-05	0.0004936460488959164	0.00018392440002752206	0.014249067531992898	low_or_no_effect	low/no relative effect		below model-relative accession-level heatmap effect threshold
R-MMU-73886_CHROMOSOME_MAINTENANCE	2.3509371373931076e-05	0.9969772782976236	2.3509371373931076e-05	0.000870945120175564	0.00042633886974546945	0.014249067531992898	low_or_no_effect	low/no relative effect		below model-relative accession-level heatmap effect threshold
R-MMU-9757110_PREDNISONE_ADME	0.0043733558459576	0.9969772782976236	0.0043733558459576	0.11839966938590983	0.0912985977153446	0.014249067531992898	broad_or_uncertain_signal	broad/uncertain signal		moderate/significant effect but not manually assigned to a literature family
R-MMU-9940951_INTERACTION_OF_NURD_COMPLEXES_WITH_TRANSCRIPTION_FACTORS	-1.1035280687940506e-05	0.9969772782976236	1.1035280687940506e-05	0.001090191849824703	0.0007056493451720806	0.014249067531992898	low_or_no_effect	low/no relative effect		below model-relative accession-level heatmap effect threshold
R-MMU-2187338_VISUAL_PHOTOTRANSDUCTION	-0.0002887512599367	0.9969772782976236	0.0002887512599367	0.07492019354254799	0.0040451255189945245	0.014249067531992898	likely_artifact	likely artifact/junk	visual phototransduction	context-incongruent Reactome term: visual phototransduction
R-MMU-948021_TRANSPORT_TO_THE_GOLGI_AND_SUBSEQUENT_MODIFICATION	1.515955290685468e-05	0.9969772782976236	1.515955290685468e-05	0.0014898144051899546	0.0004914990602831784	0.014249067531992898	low_or_no_effect	low/no relative effect		below model-relative accession-level heatmap effect threshold
R-MMU-9013423_RAC3_GTPASE_CYCLE	-2.745750364046792e-05	0.9969772782976236	2.745750364046792e-05	0.0009459238115072283	0.0001189656941262452	0.014249067531992898	low_or_no_effect	low/no relative effect		below model-relative accession-level heatmap effect threshold
R-MMU-8939211_ESR_MEDIATED_SIGNALING	-5.868348665528933e-05	0.9969772782976236	5.868348665528933e-05	0.005673293745267642	0.0007213951133470418	0.014249067531992898	low_or_no_effect	low/no relative effect		below model-relative accession-level heatmap effect threshold
R-MMU-68875_MITOTIC_PROPHASE	1.1741122822634016e-05	0.9969772782976236	1.1741122822634016e-05	0.0013649158140322415	0.0006874322240927084	0.014249067531992898	low_or_no_effect	low/no relative effect		below model-relative accession-level heatmap effect threshold
R-MMU-168249_INNATE_IMMUNE_SYSTEM	-0.0003626476766162	0.9969772782976236	0.0003626476766162	0.05279191229332735	0.0026186666352440314	0.014249067531992898	prior_literature_match	prior literature match	immune system	matches expected tissue/spaceflight biology: immune system
R-MMU-168164_TOLL_LIKE_RECEPTOR_3_TLR3_CASCADE	3.123836502414877e-05	0.9969772782976236	3.123836502414877e-05	0.003103509082679533	0.001265283271062495	0.014249067531992898	low_or_no_effect	low/no relative effect		below model-relative accession-level heatmap effect threshold
R-MMU-168181_TOLL_LIKE_RECEPTOR_7_8_TLR7_8_CASCADE	-6.027743747487556e-06	0.9969772782976236	6.027743747487556e-06	0.0013516523195316694	0.00033138078025403054	0.014249067531992898	low_or_no_effect	low/no relative effect		below model-relative accession-level heatmap effect threshold
R-MMU-8948216_COLLAGEN_CHAIN_TRIMERIZATION	6.888509646557715e-05	0.9969772782976236	6.888509646557715e-05	0.004334010729196278	0.001003270856045372	0.014249067531992898	low_or_no_effect	low/no relative effect		below model-relative accession-level heatmap effect threshold
R-MMU-2500257_RESOLUTION_OF_SISTER_CHROMATID_COHESION	-1.5516613409480035e-05	0.9969772782976236	1.5516613409480035e-05	0.0005038542805705965	6.611913895238123e-05	0.014249067531992898	low_or_no_effect	low/no relative effect		below model-relative accession-level heatmap effect threshold
R-MMU-74160_GENE_EXPRESSION_TRANSCRIPTION	0.0003656163851806	0.9969772782976236	0.0003656163851806	0.05709993309535371	0.02810834065513364	0.014249067531992898	broad_or_uncertain_signal	broad/uncertain signal		moderate/significant effect but not manually assigned to a literature family
R-MMU-196071_METABOLISM_OF_STEROID_HORMONES	8.881072446376148e-05	0.999797733005388	8.881072446376148e-05	0.1793795260028386	0.14459191114513884	0.014249067531992898	prior_literature_match	prior literature match	steroid	matches expected tissue/spaceflight biology: steroid
R-MMU-9013149_RAC1_GTPASE_CYCLE	1.2280460446975616e-05	0.999797733005388	1.2280460446975616e-05	0.13854262504291628	0.008202717525455995	0.014249067531992898	plausible_complementary	plausible/complementary	rac	plausible complementary mechanism: rac
