term	flight_minus_ground	welch_fdr	abs_effect	mean_abs_accession_effect	abs_mean_accession_effect	low_effect_threshold	category	category_label	matched_keyword	rationale
R-MMU-9769740_COAGULATION_PATHWAY	0.070102422097037	1.953819117966997e-12	0.070102422097037	0.0692514432913333	0.0692514432913333	0.0452117281136842	plausible_complementary	plausible/complementary	exact override	literature override: platelet/coagulation adjunct, not core thymus axis
R-MMU-8980692_RHOA_GTPASE_CYCLE	-0.7754457842275131	2.6717009673814648e-12	0.7754457842275131	0.812444811658421	0.812444811658421	0.0452117281136842	plausible_complementary	plausible/complementary	rho	plausible complementary mechanism: rho
R-MMU-1640170_CELL_CYCLE	-0.5512834094973544	1.4005140634182146e-11	0.5512834094973544	0.604111792668421	0.604111792668421	0.0452117281136842	prior_literature_match	prior literature match	exact override	literature override: thymic cell-cycle remodeling
R-MMU-8951664_NEDDYLATION	0.3969352938952382	2.194177328690381e-11	0.3969352938952382	0.43208778926561403	0.43208778926561403	0.0452117281136842	plausible_complementary	plausible/complementary	neddylation	plausible complementary mechanism: neddylation
R-MMU-2029482_REGULATION_OF_ACTIN_DYNAMICS_FOR_PHAGOCYTIC_CUP_FORMATION	0.0371250784573253	9.074447085471851e-11	0.0371250784573253	0.03821782680059997	0.03821782680059997	0.0452117281136842	low_or_no_effect	low/no relative effect		below model-relative accession-level heatmap effect threshold
R-MMU-8856688_GOLGI_TO_ER_RETROGRADE_TRANSPORT	-0.5977174732407406	6.908043425319915e-10	0.5977174732407406	0.6729473669126316	0.6729473669126316	0.0452117281136842	plausible_complementary	plausible/complementary	golgi	plausible complementary mechanism: golgi
R-MMU-73894_DNA_REPAIR	0.9285032611507934	2.3170704474466327e-09	0.9285032611507934	1.0068827600368422	1.0068827600368422	0.0452117281136842	prior_literature_match	prior literature match	exact override	literature override: thymic DNA repair/stress response
R-MMU-2672351_STIMULI_SENSING_CHANNELS	-0.1793186717566139	3.238644667358909e-09	0.1793186717566139	0.1778776186298246	0.1778776186298246	0.0452117281136842	broad_or_uncertain_signal	broad/uncertain signal		moderate/significant effect but not manually assigned to a literature family
R-MMU-69278_CELL_CYCLE_MITOTIC	-1.2779667424814818	6.558646200929782e-09	1.2779667424814818	1.438332769986316	1.438332769986316	0.0452117281136842	prior_literature_match	prior literature match	exact override	literature override: thymic mitotic/cell-cycle remodeling
R-MMU-1630316_GLYCOSAMINOGLYCAN_METABOLISM	0.3224427644973544	6.558646200929782e-09	0.3224427644973544	0.29358011803684203	0.29358011803684203	0.0452117281136842	plausible_complementary	plausible/complementary	glycosaminoglycan	plausible complementary mechanism: glycosaminoglycan
R-MMU-157579_TELOMERE_MAINTENANCE	0.4819538418994709	6.734357213894668e-09	0.4819538418994709	0.5554702357489474	0.5554702357489474	0.0452117281136842	prior_literature_match	prior literature match	telomere	matches expected tissue/spaceflight biology: telomere
R-MMU-9833482_PKR_MEDIATED_SIGNALING	-0.0097473250043915	8.072909105148365e-09	0.0097473250043915	0.01156156589538594	0.01156156589538594	0.0452117281136842	low_or_no_effect	low/no relative effect		below model-relative accession-level heatmap effect threshold
R-MMU-448424_INTERLEUKIN_17_SIGNALING	-0.0124838230548148	1.0869988649679813e-08	0.0124838230548148	0.0147942177589491	0.0147942177589491	0.0452117281136842	low_or_no_effect	low/no relative effect		below model-relative accession-level heatmap effect threshold
R-MMU-15869_METABOLISM_OF_NUCLEOTIDES	0.9652873905883596	2.5724779409477177e-08	0.9652873905883596	1.042990064164298	1.042990064164298	0.0452117281136842	prior_literature_match	prior literature match	nucleotide	matches expected tissue/spaceflight biology: nucleotide
R-MMU-166166_MYD88_INDEPENDENT_TLR4_CASCADE	0.3271017978677249	3.3760478097446964e-08	0.3271017978677249	0.3124392548473684	0.3124392548473684	0.0452117281136842	prior_literature_match	prior literature match	tlr	matches expected tissue/spaceflight biology: tlr
R-MMU-1430728_METABOLISM	0.5496332002645494	3.617106488366466e-08	0.5496332002645494	0.6153945210526309	0.6153945210526309	0.0452117281136842	broad_or_uncertain_signal	broad/uncertain signal		moderate/significant effect but not manually assigned to a literature family
R-MMU-6811434_COPI_DEPENDENT_GOLGI_TO_ER_RETROGRADE_TRAFFIC	0.8377131762412697	3.617106488366466e-08	0.8377131762412697	0.9291800423580702	0.9291800423580702	0.0452117281136842	plausible_complementary	plausible/complementary	golgi	plausible complementary mechanism: golgi
R-MMU-195258_RHO_GTPASE_EFFECTORS	0.232589498071693	7.466927831771272e-08	0.232589498071693	0.23858325871840344	0.23858325871840344	0.0452117281136842	plausible_complementary	plausible/complementary	rho	plausible complementary mechanism: rho
R-MMU-9012999_RHO_GTPASE_CYCLE	-0.5689157490132275	1.6454048867042926e-07	0.5689157490132275	0.6476626820628072	0.6476626820628072	0.0452117281136842	plausible_complementary	plausible/complementary	rho	plausible complementary mechanism: rho
R-MMU-9909648_REGULATION_OF_PD_L1_CD274_EXPRESSION	-0.017703803344074	4.794698126965459e-07	0.017703803344074	0.023274338089006964	0.023274338089006964	0.0452117281136842	low_or_no_effect	low/no relative effect		below model-relative accession-level heatmap effect threshold
R-MMU-109581_APOPTOSIS	-0.3722313388888887	5.537573301329153e-07	0.3722313388888887	0.38208399662807013	0.38208399662807013	0.0452117281136842	prior_literature_match	prior literature match	apoptosis	matches expected tissue/spaceflight biology: apoptosis
R-MMU-69620_CELL_CYCLE_CHECKPOINTS	0.1135597494473544	9.762863151987424e-07	0.1135597494473544	0.12240321088147361	0.12240321088147361	0.0452117281136842	prior_literature_match	prior literature match	cell cycle	matches expected tissue/spaceflight biology: cell cycle
R-MMU-8939211_ESR_MEDIATED_SIGNALING	-0.3535759963030422	1.2938230546298177e-06	0.3535759963030422	0.41075057712739477	0.41075057712739477	0.0452117281136842	plausible_complementary	plausible/complementary	esr mediated	plausible complementary mechanism: esr mediated
R-MMU-453274_MITOTIC_G2_G2_M_PHASES	0.0867243953171957	1.8691076024471136e-06	0.0867243953171957	0.09420380644824558	0.09420380644824558	0.0452117281136842	prior_literature_match	prior literature match	mitotic	matches expected tissue/spaceflight biology: mitotic
R-MMU-112314_NEUROTRANSMITTER_RECEPTORS_AND_POSTSYNAPTIC_SIGNAL_TRANSMISSION	0.3561367342097883	2.115738036772864e-06	0.3561367342097883	0.3581995713786842	0.3581995713786842	0.0452117281136842	likely_artifact	likely artifact/junk	postsynaptic	context-incongruent Reactome term: postsynaptic
R-MMU-8957322_METABOLISM_OF_STEROIDS	0.5100533674272487	3.0644884554426846e-06	0.5100533674272487	0.5799021726164035	0.5799021726164035	0.0452117281136842	plausible_complementary	plausible/complementary	er	plausible complementary mechanism: er
R-MMU-69242_S_PHASE	0.0732379181854497	4.674124289394328e-06	0.0732379181854497	0.08563182847580698	0.08368088990914034	0.0452117281136842	broad_or_uncertain_signal	broad/uncertain signal		moderate/significant effect but not manually assigned to a literature family
R-MMU-212436_GENERIC_TRANSCRIPTION_PATHWAY	0.5567819050899471	5.391060179973887e-06	0.5567819050899471	0.6303390344845613	0.6303390344845613	0.0452117281136842	prior_literature_match	prior literature match	transcription	matches expected tissue/spaceflight biology: transcription
R-MMU-69618_MITOTIC_SPINDLE_CHECKPOINT	-0.0055806928803703	5.647941279108134e-06	0.0055806928803703	0.0063716499074736605	0.0063716499074736605	0.0452117281136842	low_or_no_effect	low/no relative effect		below model-relative accession-level heatmap effect threshold
R-MMU-3858494_BETA_CATENIN_INDEPENDENT_WNT_SIGNALING	0.0171248665931481	5.647941279108134e-06	0.0171248665931481	0.01736459847578942	0.01736459847578942	0.0452117281136842	low_or_no_effect	low/no relative effect		below model-relative accession-level heatmap effect threshold
R-MMU-425407_SLC_MEDIATED_TRANSMEMBRANE_TRANSPORT	-0.2654718648941799	8.325211455211023e-06	0.2654718648941799	0.28818352816140347	0.28818352816140347	0.0452117281136842	broad_or_uncertain_signal	broad/uncertain signal		moderate/significant effect but not manually assigned to a literature family
R-MMU-372790_SIGNALING_BY_GPCR	0.3125048106666666	9.243163221035913e-06	0.3125048106666666	0.3611514744842105	0.3611514744842105	0.0452117281136842	plausible_complementary	plausible/complementary	gpcr	plausible complementary mechanism: gpcr
R-MMU-69052_SWITCHING_OF_ORIGINS_TO_A_POST_REPLICATIVE_STATE	0.0201788082256613	1.0726303070132398e-05	0.0201788082256613	0.0195159343927719	0.01659134095943862	0.0452117281136842	low_or_no_effect	low/no relative effect		below model-relative accession-level heatmap effect threshold
R-MMU-5668541_TNFR2_NON_CANONICAL_NF_KB_PATHWAY	0.1916870484285716	1.2414842154523296e-05	0.1916870484285716	0.16685882941964908	0.16685882941964908	0.0452117281136842	broad_or_uncertain_signal	broad/uncertain signal		moderate/significant effect but not manually assigned to a literature family
R-MMU-2467813_SEPARATION_OF_SISTER_CHROMATIDS	-0.0128526477578359	1.2414842154523296e-05	0.0128526477578359	0.010397634123442074	0.010397634123442074	0.0452117281136842	low_or_no_effect	low/no relative effect		below model-relative accession-level heatmap effect threshold
R-MMU-1632852_MACROAUTOPHAGY	0.0176071244354126	1.2537043385314905e-05	0.0176071244354126	0.01987071552685258	0.01987071552685258	0.0452117281136842	low_or_no_effect	low/no relative effect		below model-relative accession-level heatmap effect threshold
R-MMU-2730905_ROLE_OF_LAT2_NTAL_LAB_ON_CALCIUM_MOBILIZATION	0.0329493594690476	1.6530147299988883e-05	0.0329493594690476	0.030367810425556096	0.030367810425556096	0.0452117281136842	low_or_no_effect	low/no relative effect		below model-relative accession-level heatmap effect threshold
R-MMU-382551_TRANSPORT_OF_SMALL_MOLECULES	0.3785884079365083	1.6530147299988883e-05	0.3785884079365083	0.4523729386315788	0.4523729386315788	0.0452117281136842	plausible_complementary	plausible/complementary	transport of small molecules	plausible complementary mechanism: transport of small molecules
R-MMU-71291_METABOLISM_OF_AMINO_ACIDS_AND_DERIVATIVES	0.2272096374100528	1.917429338706787e-05	0.2272096374100528	0.3097264372635088	0.2974644997898246	0.0452117281136842	plausible_complementary	plausible/complementary	er	plausible complementary mechanism: er
R-MMU-196849_METABOLISM_OF_WATER_SOLUBLE_VITAMINS_AND_COFACTORS	-0.2422738531798941	2.8134498038293344e-05	0.2422738531798941	0.30792685947000004	0.30792685947000004	0.0452117281136842	plausible_complementary	plausible/complementary	er	plausible complementary mechanism: er
R-MMU-422356_REGULATION_OF_INSULIN_SECRETION	0.1567363921928571	2.8134498038293344e-05	0.1567363921928571	0.20432193433105258	0.20432193433105258	0.0452117281136842	broad_or_uncertain_signal	broad/uncertain signal		moderate/significant effect but not manually assigned to a literature family
R-MMU-114604_GPVI_MEDIATED_ACTIVATION_CASCADE	0.0089523564493756	5.826409630349936e-05	0.0089523564493756	0.010060207255052262	0.010060207255052262	0.0452117281136842	low_or_no_effect	low/no relative effect		below model-relative accession-level heatmap effect threshold
R-MMU-5673001_RAF_MAP_KINASE_CASCADE	-0.2526576965291006	6.941967867436701e-05	0.2526576965291006	0.27986818264070173	0.27986818264070173	0.0452117281136842	broad_or_uncertain_signal	broad/uncertain signal		moderate/significant effect but not manually assigned to a literature family
R-MMU-9013148_CDC42_GTPASE_CYCLE	-0.0099560354700529	6.941967867436701e-05	0.0099560354700529	0.00913500285457542	0.00913500285457542	0.0452117281136842	low_or_no_effect	low/no relative effect		below model-relative accession-level heatmap effect threshold
R-MMU-9932444_ATP_DEPENDENT_CHROMATIN_REMODELERS	-0.1486427082873015	0.0001058269367483	0.1486427082873015	0.20652254163912276	0.20652254163912276	0.0452117281136842	prior_literature_match	prior literature match	chromatin	matches expected tissue/spaceflight biology: chromatin
R-MMU-5693606_DNA_DOUBLE_STRAND_BREAK_RESPONSE	-0.0900688384492063	0.0001058269367483	0.0900688384492063	0.10606548256403507	0.09527423680403509	0.0452117281136842	broad_or_uncertain_signal	broad/uncertain signal		moderate/significant effect but not manually assigned to a literature family
R-MMU-111465_APOPTOTIC_CLEAVAGE_OF_CELLULAR_PROTEINS	-0.005706221865783	0.0001313644524387	0.005706221865783	0.005263461504505239	0.005263461504505239	0.0452117281136842	low_or_no_effect	low/no relative effect		below model-relative accession-level heatmap effect threshold
R-MMU-2555396_MITOTIC_METAPHASE_AND_ANAPHASE	-0.1410740241507936	0.0001624573677467	0.1410740241507936	0.12760341316771925	0.12760341316771925	0.0452117281136842	prior_literature_match	prior literature match	mitotic	matches expected tissue/spaceflight biology: mitotic
R-MMU-5357801_PROGRAMMED_CELL_DEATH	0.4167204333306877	0.0001859343831014	0.4167204333306877	0.44781356980175424	0.44781356980175424	0.0452117281136842	prior_literature_match	prior literature match	programmed cell death	matches expected tissue/spaceflight biology: programmed cell death
R-MMU-9006925_INTRACELLULAR_SIGNALING_BY_SECOND_MESSENGERS	-0.2126732159576718	0.0001859343831014	0.2126732159576718	0.18998363843684213	0.18998363843684213	0.0452117281136842	plausible_complementary	plausible/complementary	rac	plausible complementary mechanism: rac
R-MMU-166786_CREATION_OF_C4_AND_C2_ACTIVATORS	-0.0234357517671693	0.000195754430545	0.0234357517671693	0.02579136803520344	0.01955692381160348	0.0452117281136842	low_or_no_effect	low/no relative effect		below model-relative accession-level heatmap effect threshold
R-MMU-9958825_ACTIVATION_OF_STAT3_BY_CADHERIN_ENGAGEMENT	0.0173396994715978	0.0001991242124029	0.0173396994715978	0.02097800107014802	0.02097800107014802	0.0452117281136842	low_or_no_effect	low/no relative effect		below model-relative accession-level heatmap effect threshold
R-MMU-168138_TOLL_LIKE_RECEPTOR_9_TLR9_CASCADE	0.2808743050391534	0.0001991242124029	0.2808743050391534	0.2682553679054386	0.2682553679054386	0.0452117281136842	prior_literature_match	prior literature match	tlr	matches expected tissue/spaceflight biology: tlr
R-MMU-1280218_ADAPTIVE_IMMUNE_SYSTEM	0.3045116050264549	0.0002635347210511	0.3045116050264549	0.3213933765087721	0.3213933765087721	0.0452117281136842	prior_literature_match	prior literature match	immune	matches expected tissue/spaceflight biology: immune
R-MMU-975138_TRAF6_MEDIATED_INDUCTION_OF_NFKB_AND_MAP_KINASES_UPON_TLR7_8_OR_9_ACTIVATION	0.0266045780438624	0.0003184678927864	0.0266045780438624	0.03223686233414034	0.03223686233414034	0.0452117281136842	low_or_no_effect	low/no relative effect		below model-relative accession-level heatmap effect threshold
R-MMU-453276_REGULATION_OF_MITOTIC_CELL_CYCLE	0.0093070510816402	0.0003184678927864	0.0093070510816402	0.01447831007504032	0.00932383604070704	0.0452117281136842	low_or_no_effect	low/no relative effect		below model-relative accession-level heatmap effect threshold
R-MMU-774815_NUCLEOSOME_ASSEMBLY	-0.0065129728401719	0.0003184678927864	0.0065129728401719	0.00662048060413154	0.006516934444131541	0.0452117281136842	low_or_no_effect	low/no relative effect		below model-relative accession-level heatmap effect threshold
R-MMU-170834_SIGNALING_BY_TGF_BETA_RECEPTOR_COMPLEX	0.3468546198992064	0.000372803304979	0.3468546198992064	0.35329819584263156	0.35329819584263156	0.0452117281136842	plausible_complementary	plausible/complementary	tgf beta	plausible complementary mechanism: tgf beta
R-MMU-69481_G2_M_CHECKPOINTS	-0.0169145396930158	0.000372803304979	0.0169145396930158	0.02031970263481576	0.02031970263481576	0.0452117281136842	low_or_no_effect	low/no relative effect		below model-relative accession-level heatmap effect threshold
R-MMU-2995410_NUCLEAR_ENVELOPE_NE_REASSEMBLY	-0.0048554124945645	0.0004093281596967	0.0048554124945645	0.006931251558923659	0.006501011470856299	0.0452117281136842	low_or_no_effect	low/no relative effect		below model-relative accession-level heatmap effect threshold
R-MMU-73886_CHROMOSOME_MAINTENANCE	0.1135694681039683	0.0004459071838595	0.1135694681039683	0.1219460617357719	0.1219460617357719	0.0452117281136842	broad_or_uncertain_signal	broad/uncertain signal		moderate/significant effect but not manually assigned to a literature family
R-MMU-9917777_EPIGENETIC_REGULATION_BY_WDR5_CONTAINING_HISTONE_MODIFYING_COMPLEXES	-0.0062259903316666	0.0004532599912925	0.0062259903316666	0.00444096493036838	0.00403666999703506	0.0452117281136842	low_or_no_effect	low/no relative effect		below model-relative accession-level heatmap effect threshold
R-MMU-449147_SIGNALING_BY_INTERLEUKINS	-0.2845479937037037	0.0004532599912925	0.2845479937037037	0.3138840244210526	0.3138840244210526	0.0452117281136842	prior_literature_match	prior literature match	interleukin	matches expected tissue/spaceflight biology: interleukin
R-MMU-9612973_AUTOPHAGY	-0.1361205181137565	0.0005548717495725	0.1361205181137565	0.15570222705403505	0.15570222705403505	0.0452117281136842	broad_or_uncertain_signal	broad/uncertain signal		moderate/significant effect but not manually assigned to a literature family
R-MMU-8854518_AURKA_ACTIVATION_BY_TPX2	-0.0033877933807275	0.0006306418073238	0.0033877933807275	0.003019262708928034	0.0025966285281280336	0.0452117281136842	low_or_no_effect	low/no relative effect		below model-relative accession-level heatmap effect threshold
R-MMU-6791226_MAJOR_PATHWAY_OF_RRNA_PROCESSING_IN_THE_NUCLEOLUS_AND_CYTOSOL	0.466761989153439	0.0007044639585584	0.466761989153439	0.43702191371754384	0.43702191371754384	0.0452117281136842	broad_or_uncertain_signal	broad/uncertain signal		moderate/significant effect but not manually assigned to a literature family
R-MMU-109582_HEMOSTASIS	0.4216332103174598	0.0007867484439658	0.4216332103174598	0.4934601408666669	0.4934601408666669	0.0452117281136842	plausible_complementary	plausible/complementary	hemostasis	plausible complementary mechanism: hemostasis
R-MMU-174824_PLASMA_LIPOPROTEIN_ASSEMBLY_REMODELING_AND_CLEARANCE	-0.22516836655291	0.0008700477894155	0.22516836655291	0.255121845724035	0.255121845724035	0.0452117281136842	broad_or_uncertain_signal	broad/uncertain signal		moderate/significant effect but not manually assigned to a literature family
R-MMU-5685942_HDR_THROUGH_HOMOLOGOUS_RECOMBINATION_HRR	-0.0141190379696137	0.0009198703173981	0.0141190379696137	0.016464200730818578	0.016464200730818578	0.0452117281136842	low_or_no_effect	low/no relative effect		below model-relative accession-level heatmap effect threshold
R-MMU-913709_O_LINKED_GLYCOSYLATION_OF_MUCINS	0.0369720405150793	0.0009415456034335	0.0369720405150793	0.0365253729746666	0.033328923868	0.0452117281136842	low_or_no_effect	low/no relative effect		below model-relative accession-level heatmap effect threshold
R-MMU-6811442_INTRA_GOLGI_AND_RETROGRADE_GOLGI_TO_ER_TRAFFIC	0.0054875394537566	0.000967610638997	0.0054875394537566	0.00790769992348768	0.00459564479015436	0.0452117281136842	low_or_no_effect	low/no relative effect		below model-relative accession-level heatmap effect threshold
R-MMU-948021_TRANSPORT_TO_THE_GOLGI_AND_SUBSEQUENT_MODIFICATION	-0.0093654344931746	0.0009761633156391	0.0093654344931746	0.0130008315754912	0.0130008315754912	0.0452117281136842	low_or_no_effect	low/no relative effect		below model-relative accession-level heatmap effect threshold
R-MMU-2262752_CELLULAR_RESPONSES_TO_STRESS	0.3612671963121694	0.0010913580937488	0.3612671963121694	0.3810774206982456	0.3810774206982456	0.0452117281136842	broad_or_uncertain_signal	broad/uncertain signal		moderate/significant effect but not manually assigned to a literature family
R-MMU-597592_POST_TRANSLATIONAL_PROTEIN_MODIFICATION	-0.313798769455026	0.0011042567577611	0.313798769455026	0.43361728812543854	0.43361728812543854	0.0452117281136842	plausible_complementary	plausible/complementary	protein modification	plausible complementary mechanism: protein modification
R-MMU-168256_IMMUNE_SYSTEM	0.3235369783068784	0.0011143598269694	0.3235369783068784	0.37255813638596535	0.37255813638596535	0.0452117281136842	prior_literature_match	prior literature match	exact override	literature override: thymic immune system remodeling
R-MMU-983705_SIGNALING_BY_THE_B_CELL_RECEPTOR_BCR	-0.1478312510507936	0.0011877917061717	0.1478312510507936	0.19943174536894737	0.11748920026894738	0.0452117281136842	prior_literature_match	prior literature match	bcr	matches expected tissue/spaceflight biology: bcr
R-MMU-198933_IMMUNOREGULATORY_INTERACTIONS_BETWEEN_A_LYMPHOID_AND_A_NON_LYMPHOID_CELL	-0.4191214143624336	0.0012751150846886	0.4191214143624336	0.5009776116961403	0.5009776116961403	0.0452117281136842	plausible_complementary	plausible/complementary	rac	plausible complementary mechanism: rac
R-MMU-3000171_NON_INTEGRIN_MEMBRANE_ECM_INTERACTIONS	-0.244821133359788	0.0013544347327441	0.244821133359788	0.20710042446666668	0.20710042446666668	0.0452117281136842	plausible_complementary	plausible/complementary	rac	plausible complementary mechanism: rac
R-MMU-73887_DEATH_RECEPTOR_SIGNALING	-0.1533249329219576	0.0013544347327441	0.1533249329219576	0.2138089368473684	0.2138089368473684	0.0452117281136842	prior_literature_match	prior literature match	death receptor	matches expected tissue/spaceflight biology: death receptor
R-MMU-1169410_ANTIMICROBIAL_MECHANISM_OF_IFN_STIMULATED_GENES	0.3212629105084655	0.0014284265200912	0.3212629105084655	0.2977997148871052	0.2977997148871052	0.0452117281136842	broad_or_uncertain_signal	broad/uncertain signal		moderate/significant effect but not manually assigned to a literature family
R-MMU-446203_ASPARAGINE_N_LINKED_GLYCOSYLATION	0.3503661986640212	0.0014284265200912	0.3503661986640212	0.4391501264992983	0.4391501264992983	0.0452117281136842	broad_or_uncertain_signal	broad/uncertain signal		moderate/significant effect but not manually assigned to a literature family
R-MMU-375165_NCAM_SIGNALING_FOR_NEURITE_OUT_GROWTH	0.0080994797565608	0.0021431503977895	0.0080994797565608	0.01054583427897716	0.00796839270464384	0.0452117281136842	low_or_no_effect	low/no relative effect		below model-relative accession-level heatmap effect threshold
R-MMU-76002_PLATELET_ACTIVATION_SIGNALING_AND_AGGREGATION	-0.3041371023280425	0.0022058146376462	0.3041371023280425	0.34858287279649114	0.34858287279649114	0.0452117281136842	plausible_complementary	plausible/complementary	platelet	plausible complementary mechanism: platelet
R-MMU-5218859_REGULATED_NECROSIS	0.0310383812248677	0.0022058146376462	0.0310383812248677	0.03802654180657892	0.037621374006578924	0.0452117281136842	low_or_no_effect	low/no relative effect		below model-relative accession-level heatmap effect threshold
R-MMU-421270_CELL_CELL_JUNCTION_ORGANIZATION	-0.2413892049317463	0.0028642252317466	0.2413892049317463	0.257274383517614	0.257274383517614	0.0452117281136842	broad_or_uncertain_signal	broad/uncertain signal		moderate/significant effect but not manually assigned to a literature family
R-MMU-168181_TOLL_LIKE_RECEPTOR_7_8_TLR7_8_CASCADE	-0.0182585006592592	0.0028642252317466	0.0182585006592592	0.019384032652736822	0.019384032652736822	0.0452117281136842	low_or_no_effect	low/no relative effect		below model-relative accession-level heatmap effect threshold
R-MMU-68962_ACTIVATION_OF_THE_PRE_REPLICATIVE_COMPLEX	-0.009878773347155	0.002886452059089	0.009878773347155	0.0123263849938435	0.0123263849938435	0.0452117281136842	low_or_no_effect	low/no relative effect		below model-relative accession-level heatmap effect threshold
R-MMU-8978868_FATTY_ACID_METABOLISM	-0.120642729074074	0.0029021625195639	0.120642729074074	0.16242572377192982	0.13281242656140357	0.0452117281136842	broad_or_uncertain_signal	broad/uncertain signal		moderate/significant effect but not manually assigned to a literature family
R-MMU-9013406_RHOQ_GTPASE_CYCLE	0.0333795036405608	0.0029021625195639	0.0333795036405608	0.036725658100027994	0.03412942475543856	0.0452117281136842	low_or_no_effect	low/no relative effect		below model-relative accession-level heatmap effect threshold
R-MMU-5688426_DEUBIQUITINATION	-0.2138392606719577	0.0029548268752119	0.2138392606719577	0.22478377491298246	0.22478377491298246	0.0452117281136842	plausible_complementary	plausible/complementary	ubiquitin	plausible complementary mechanism: ubiquitin
R-MMU-983712_ION_CHANNEL_TRANSPORT	-0.1641340065343915	0.0029548268752119	0.1641340065343915	0.21096649097017545	0.19455800297017548	0.0452117281136842	broad_or_uncertain_signal	broad/uncertain signal		moderate/significant effect but not manually assigned to a literature family
R-MMU-163685_INTEGRATION_OF_ENERGY_METABOLISM	-0.0046367108324074	0.0029548268752119	0.0046367108324074	0.00705953367390876	0.0062023632802245595	0.0452117281136842	low_or_no_effect	low/no relative effect		below model-relative accession-level heatmap effect threshold
R-MMU-1474290_COLLAGEN_FORMATION	0.1495527108730158	0.0029548268752119	0.1495527108730158	0.24236554379473674	0.2254498520052631	0.0452117281136842	broad_or_uncertain_signal	broad/uncertain signal		moderate/significant effect but not manually assigned to a literature family
R-MMU-9954716_ZNF598_AND_THE_RIBOSOME_ASSOCIATED_QUALITY_TRIGGER_RQT_COMPLEX_DISSOCIATE_A_RIBOSOME_STALLED_ON_A_NO_GO_MRNA	0.0107865249490423	0.0029548268752119	0.0107865249490423	0.01562580218908766	0.00830777442375438	0.0452117281136842	low_or_no_effect	low/no relative effect		below model-relative accession-level heatmap effect threshold
R-MMU-6803157_ANTIMICROBIAL_PEPTIDES	0.2397705997354497	0.0034193442494113	0.2397705997354497	0.24441254484210512	0.24441254484210512	0.0452117281136842	broad_or_uncertain_signal	broad/uncertain signal		moderate/significant effect but not manually assigned to a literature family
R-MMU-168164_TOLL_LIKE_RECEPTOR_3_TLR3_CASCADE	0.0051715596009465	0.0034268975234533	0.0051715596009465	0.0072151811136663	0.0072151811136663	0.0452117281136842	low_or_no_effect	low/no relative effect		below model-relative accession-level heatmap effect threshold
R-MMU-983169_CLASS_I_MHC_MEDIATED_ANTIGEN_PROCESSING_PRESENTATION	-0.1353502276984128	0.0035552319289521	0.1353502276984128	0.1334154654578946	0.1330912978578947	0.0452117281136842	prior_literature_match	prior literature match	antigen	matches expected tissue/spaceflight biology: antigen
R-MMU-196854_METABOLISM_OF_VITAMINS_AND_COFACTORS	0.2500721176719576	0.0036409525808908	0.2500721176719576	0.22729692280701755	0.22729692280701755	0.0452117281136842	broad_or_uncertain_signal	broad/uncertain signal		moderate/significant effect but not manually assigned to a literature family
R-MMU-3108232_SUMO_E3_LIGASES_SUMOYLATE_TARGET_PROTEINS	-0.0099210983191164	0.0036719460869628	0.0099210983191164	0.013862679474903461	0.010302148370963141	0.0452117281136842	low_or_no_effect	low/no relative effect		below model-relative accession-level heatmap effect threshold
R-MMU-2173789_TGF_BETA_RECEPTOR_SIGNALING_ACTIVATES_SMADS	-0.0059219141458835	0.0037926113216523	0.0059219141458835	0.008239879985849099	0.00503534843198246	0.0452117281136842	low_or_no_effect	low/no relative effect		below model-relative accession-level heatmap effect threshold
R-MMU-201681_TCF_DEPENDENT_SIGNALING_IN_RESPONSE_TO_WNT	0.2421167473941799	0.0038012716247017	0.2421167473941799	0.2957401235096492	0.2176325443096491	0.0452117281136842	plausible_complementary	plausible/complementary	wnt	plausible complementary mechanism: wnt
R-MMU-1660499_SYNTHESIS_OF_PIPS_AT_THE_PLASMA_MEMBRANE	0.0035637432693465	0.0038846660241272	0.0035637432693465	0.0056147881656824	0.00529454377585084	0.0452117281136842	low_or_no_effect	low/no relative effect		below model-relative accession-level heatmap effect threshold
R-MMU-2559586_DNA_DAMAGE_TELOMERE_STRESS_INDUCED_SENESCENCE	0.8171984501719579	0.0042639574534601	0.8171984501719579	1.1341249837282459	1.1341249837282459	0.0452117281136842	prior_literature_match	prior literature match	dna damage	matches expected tissue/spaceflight biology: dna damage
R-MMU-69206_G1_S_TRANSITION	-0.015237800164328	0.0043595475683557	0.015237800164328	0.013847632303642079	0.013847632303642079	0.0452117281136842	low_or_no_effect	low/no relative effect		below model-relative accession-level heatmap effect threshold
R-MMU-5617833_CILIUM_ASSEMBLY	0.304154016484127	0.0047070532725358	0.304154016484127	0.3114017962519298	0.27670884505192983	0.0452117281136842	broad_or_uncertain_signal	broad/uncertain signal		moderate/significant effect but not manually assigned to a literature family
R-MMU-2424491_DAP12_SIGNALING	-0.0106143827960317	0.0049735115679904	0.0106143827960317	0.013947504695298218	0.0055006163819649	0.0452117281136842	low_or_no_effect	low/no relative effect		below model-relative accession-level heatmap effect threshold
R-MMU-5689603_UCH_PROTEINASES	0.0070509307364391	0.0050637464510066	0.0070509307364391	0.007586313710952581	0.007586313710952581	0.0452117281136842	low_or_no_effect	low/no relative effect		below model-relative accession-level heatmap effect threshold
R-MMU-1266738_DEVELOPMENTAL_BIOLOGY	-0.236517305555556	0.0050637464510066	0.236517305555556	0.25972871728070174	0.25972871728070174	0.0452117281136842	broad_or_uncertain_signal	broad/uncertain signal		moderate/significant effect but not manually assigned to a literature family
R-MMU-141444_AMPLIFICATION_OF_SIGNAL_FROM_UNATTACHED_KINETOCHORES_VIA_A_MAD2_INHIBITORY_SIGNAL	0.0028716253236772	0.0061646211525073	0.0028716253236772	0.0046165253653017	0.004093864008101701	0.0452117281136842	low_or_no_effect	low/no relative effect		below model-relative accession-level heatmap effect threshold
R-MMU-6798695_NEUTROPHIL_DEGRANULATION	0.3208608539153441	0.0061676678613983	0.3208608539153441	0.34881875881929825	0.34881875881929825	0.0452117281136842	plausible_complementary	plausible/complementary	neutrophil	plausible complementary mechanism: neutrophil
R-MMU-2172127_DAP12_INTERACTIONS	-0.130180451269841	0.0061973163600648	0.130180451269841	0.23721586752105256	0.1560754438789474	0.0452117281136842	plausible_complementary	plausible/complementary	rac	plausible complementary mechanism: rac
R-MMU-162582_SIGNAL_TRANSDUCTION	-0.3774832343915348	0.0064747340295089	0.3774832343915348	0.4515207469824561	0.4515207469824561	0.0452117281136842	broad_or_uncertain_signal	broad/uncertain signal		moderate/significant effect but not manually assigned to a literature family
R-MMU-2980736_PEPTIDE_HORMONE_METABOLISM	-0.2225330643650793	0.0064747340295089	0.2225330643650793	0.3297276647964912	0.3297276647964912	0.0452117281136842	broad_or_uncertain_signal	broad/uncertain signal		moderate/significant effect but not manually assigned to a literature family
R-MMU-1500931_CELL_CELL_COMMUNICATION	-0.1480567613492065	0.0064747340295089	0.1480567613492065	0.1941045124929824	0.1941045124929824	0.0452117281136842	broad_or_uncertain_signal	broad/uncertain signal		moderate/significant effect but not manually assigned to a literature family
R-MMU-1296071_POTASSIUM_CHANNELS	0.2669315790566137	0.0064866044915069	0.2669315790566137	0.34831702943	0.34831702943	0.0452117281136842	broad_or_uncertain_signal	broad/uncertain signal		moderate/significant effect but not manually assigned to a literature family
R-MMU-2029485_ROLE_OF_PHOSPHOLIPIDS_IN_PHAGOCYTOSIS	-0.0401783687522486	0.0069267461715883	0.0401783687522486	0.045824418524213976	0.04313376259901402	0.0452117281136842	broad_or_uncertain_signal	broad/uncertain signal		moderate/significant effect but not manually assigned to a literature family
R-MMU-9696264_RND3_GTPASE_CYCLE	0.0093160232555555	0.0069267461715883	0.0093160232555555	0.0166902747218333	0.013113977461833298	0.0452117281136842	low_or_no_effect	low/no relative effect		below model-relative accession-level heatmap effect threshold
R-MMU-110330_RECOGNITION_AND_ASSOCIATION_OF_DNA_GLYCOSYLASE_WITH_SITE_CONTAINING_AN_AFFECTED_PURINE	0.0081911148561375	0.0079574110172468	0.0081911148561375	0.00870918318854382	0.0072314174485438604	0.0452117281136842	low_or_no_effect	low/no relative effect		below model-relative accession-level heatmap effect threshold
R-MMU-195721_SIGNALING_BY_WNT	-0.1593649885185184	0.0080520623048027	0.1593649885185184	0.19924090943684206	0.19924090943684206	0.0452117281136842	plausible_complementary	plausible/complementary	wnt	plausible complementary mechanism: wnt
R-MMU-422475_AXON_GUIDANCE	-0.156804883201058	0.0080798643454224	0.156804883201058	0.22430938871929823	0.22430938871929823	0.0452117281136842	broad_or_uncertain_signal	broad/uncertain signal		moderate/significant effect but not manually assigned to a literature family
R-MMU-8852135_PROTEIN_UBIQUITINATION	0.0034855153865873	0.008215387860644	0.0034855153865873	0.004358985518378901	0.004358985518378901	0.0452117281136842	low_or_no_effect	low/no relative effect		below model-relative accession-level heatmap effect threshold
R-MMU-5693532_DNA_DOUBLE_STRAND_BREAK_REPAIR	-0.0060694004048148	0.0082937826142988	0.0060694004048148	0.011184575560419258	0.00823407266041926	0.0452117281136842	low_or_no_effect	low/no relative effect		below model-relative accession-level heatmap effect threshold
R-MMU-9707564_CYTOPROTECTION_BY_HMOX1	0.0112773098569576	0.0091628273530217	0.0112773098569576	0.02459573868926312	0.00706738114926312	0.0452117281136842	low_or_no_effect	low/no relative effect		below model-relative accession-level heatmap effect threshold
R-MMU-110331_CLEAVAGE_OF_THE_DAMAGED_PURINE	-0.0053891311743492	0.009164147141137	0.0053891311743492	0.006990700009970161	0.00619845841162984	0.0452117281136842	low_or_no_effect	low/no relative effect		below model-relative accession-level heatmap effect threshold
R-MMU-418594_G_ALPHA_I_SIGNALLING_EVENTS	-0.2420132974468252	0.009164147141137	0.2420132974468252	0.33078348677543856	0.33078348677543856	0.0452117281136842	plausible_complementary	plausible/complementary	g alpha	plausible complementary mechanism: g alpha
R-MMU-1474244_EXTRACELLULAR_MATRIX_ORGANIZATION	0.3646540354232803	0.0096471412748949	0.3646540354232803	0.431807671177193	0.431807671177193	0.0452117281136842	plausible_complementary	plausible/complementary	rac	plausible complementary mechanism: rac
R-MMU-397014_MUSCLE_CONTRACTION	-0.292414578455026	0.0098196874878733	0.292414578455026	0.3850010369807017	0.3850010369807017	0.0452117281136842	likely_artifact	likely artifact/junk	muscle contraction	context-incongruent Reactome term: muscle contraction
R-MMU-451927_INTERLEUKIN_2_FAMILY_SIGNALING	-0.0056319407401851	0.0102053393106284	0.0056319407401851	0.01056258578763592	0.00551459039019736	0.0452117281136842	low_or_no_effect	low/no relative effect		below model-relative accession-level heatmap effect threshold
R-MMU-72702_RIBOSOMAL_SCANNING_AND_START_CODON_RECOGNITION	0.0037709232843386	0.0102053393106284	0.0037709232843386	0.0056848941868947	0.004776785840438619	0.0452117281136842	low_or_no_effect	low/no relative effect		below model-relative accession-level heatmap effect threshold
R-MMU-76005_RESPONSE_TO_ELEVATED_PLATELET_CYTOSOLIC_CA2	-0.1774791607936505	0.0103858135405876	0.1774791607936505	0.2701020499473684	0.14397513794736827	0.0452117281136842	plausible_complementary	plausible/complementary	platelet	plausible complementary mechanism: platelet
R-MMU-380320_RECRUITMENT_OF_NUMA_TO_MITOTIC_CENTROSOMES	-0.0048586744923809	0.0103858135405876	0.0048586744923809	0.0038056235657894398	0.00284261557778944	0.0452117281136842	low_or_no_effect	low/no relative effect		below model-relative accession-level heatmap effect threshold
R-MMU-1266695_INTERLEUKIN_7_SIGNALING	0.0039346110132962	0.0103858135405876	0.0039346110132962	0.0045008745461376795	0.0045008745461376795	0.0452117281136842	low_or_no_effect	low/no relative effect		below model-relative accession-level heatmap effect threshold
R-MMU-9764265_REGULATION_OF_CDH1_EXPRESSION_AND_FUNCTION	0.0126274829999999	0.0103858135405876	0.0126274829999999	0.020067463132789422	0.00926677954278946	0.0452117281136842	low_or_no_effect	low/no relative effect		below model-relative accession-level heatmap effect threshold
R-MMU-2129379_MOLECULES_ASSOCIATED_WITH_ELASTIC_FIBRES	0.0107981411833597	0.0159537331677778	0.0107981411833597	0.0168134807002877	0.013020856468287701	0.0452117281136842	low_or_no_effect	low/no relative effect		below model-relative accession-level heatmap effect threshold
R-MMU-68877_MITOTIC_PROMETAPHASE	0.0065171037005026	0.0178340343341647	0.0065171037005026	0.011754363757350861	0.01059608422598246	0.0452117281136842	low_or_no_effect	low/no relative effect		below model-relative accession-level heatmap effect threshold
R-MMU-392499_METABOLISM_OF_PROTEINS	-0.4373278992063483	0.0178759507809243	0.4373278992063483	0.36351026859649094	0.36351026859649094	0.0452117281136842	plausible_complementary	plausible/complementary	metabolism of proteins	plausible complementary mechanism: metabolism of proteins
R-MMU-9841922_MLL4_AND_MLL3_COMPLEXES_REGULATE_EXPRESSION_OF_PPARG_TARGET_GENES_IN_ADIPOGENESIS_AND_HEPATIC_STEATOSIS	-0.0139700164333597	0.0178759507809243	0.0139700164333597	0.028951728071629757	0.019093827981103477	0.0452117281136842	low_or_no_effect	low/no relative effect		below model-relative accession-level heatmap effect threshold
R-MMU-2500257_RESOLUTION_OF_SISTER_CHROMATID_COHESION	0.0126353911877248	0.0179177152631945	0.0126353911877248	0.01185182141425436	0.011692473654254359	0.0452117281136842	low_or_no_effect	low/no relative effect		below model-relative accession-level heatmap effect threshold
R-MMU-5693607_PROCESSING_OF_DNA_DOUBLE_STRAND_BREAK_ENDS	-0.0137512593497354	0.0182788951122716	0.0137512593497354	0.01776156234294734	0.015125718542947341	0.0452117281136842	low_or_no_effect	low/no relative effect		below model-relative accession-level heatmap effect threshold
R-MMU-5693538_HOMOLOGY_DIRECTED_REPAIR	-0.0424600894832275	0.0183843735122655	0.0424600894832275	0.06308980564145612	0.0503665678301228	0.0452117281136842	broad_or_uncertain_signal	broad/uncertain signal		moderate/significant effect but not manually assigned to a literature family
R-MMU-975957_NONSENSE_MEDIATED_DECAY_NMD_ENHANCED_BY_THE_EXON_JUNCTION_COMPLEX_EJC	0.0117048827910581	0.0187422054245029	0.0117048827910581	0.018937596167877158	0.01786415733545612	0.0452117281136842	low_or_no_effect	low/no relative effect		below model-relative accession-level heatmap effect threshold
R-MMU-168142_TOLL_LIKE_RECEPTOR_10_TLR10_CASCADE	0.0037384074014391	0.0193122500634903	0.0037384074014391	0.00608847701142978	0.00608847701142978	0.0452117281136842	low_or_no_effect	low/no relative effect		below model-relative accession-level heatmap effect threshold
R-MMU-5684996_MAPK1_MAPK3_SIGNALING	-0.2595572755084655	0.0195143445656634	0.2595572755084655	0.29917694754568425	0.29917694754568425	0.0452117281136842	plausible_complementary	plausible/complementary	mapk	plausible complementary mechanism: mapk
R-MMU-9764725_NEGATIVE_REGULATION_OF_CDH1_GENE_TRANSCRIPTION	-0.0405456883386242	0.0199162665337938	0.0405456883386242	0.053008263275438505	0.0392182236087719	0.0452117281136842	prior_literature_match	prior literature match	transcription	matches expected tissue/spaceflight biology: transcription
R-MMU-937061_TRIF_TICAM1_MEDIATED_TLR4_SIGNALING	-0.0034104281351322	0.0201829057925047	0.0034104281351322	0.002593286927435087	0.002588325964101753	0.0452117281136842	low_or_no_effect	low/no relative effect		below model-relative accession-level heatmap effect threshold
R-MMU-69275_G2_M_TRANSITION	0.0100663281424867	0.0204925864604315	0.0100663281424867	0.013528060200964859	0.013528060200964859	0.0452117281136842	low_or_no_effect	low/no relative effect		below model-relative accession-level heatmap effect threshold
R-MMU-9013408_RHOG_GTPASE_CYCLE	0.0029703531910105	0.021556961161112	0.0029703531910105	0.0054409233138903	0.0025900384063570203	0.0452117281136842	low_or_no_effect	low/no relative effect		below model-relative accession-level heatmap effect threshold
R-MMU-2022090_ASSEMBLY_OF_COLLAGEN_FIBRILS_AND_OTHER_MULTIMERIC_STRUCTURES	0.0768306714285715	0.0233304703362395	0.0768306714285715	0.1460692023298245	0.11676119980350882	0.0452117281136842	plausible_complementary	plausible/complementary	er	plausible complementary mechanism: er
R-MMU-68882_MITOTIC_ANAPHASE	-0.0088007650213994	0.0259034478828717	0.0088007650213994	0.00526710564703888	0.004727478008118921	0.0452117281136842	low_or_no_effect	low/no relative effect		below model-relative accession-level heatmap effect threshold
R-MMU-199418_NEGATIVE_REGULATION_OF_THE_PI3K_AKT_NETWORK	0.0494268504657672	0.0268964445917987	0.0494268504657672	0.056034061538824474	0.0098439853474912	0.0452117281136842	broad_or_uncertain_signal	broad/uncertain signal		moderate/significant effect but not manually assigned to a literature family
R-MMU-389356_CO_STIMULATION_BY_CD28	-0.0044747177942433	0.0287073187723408	0.0044747177942433	0.004836010542050839	0.00344241591171756	0.0452117281136842	low_or_no_effect	low/no relative effect		below model-relative accession-level heatmap effect threshold
R-MMU-199991_MEMBRANE_TRAFFICKING	-0.1432913309523809	0.0310743212498167	0.1432913309523809	0.18444182411929816	0.18444182411929816	0.0452117281136842	plausible_complementary	plausible/complementary	membrane trafficking	plausible complementary mechanism: membrane trafficking
R-MMU-9958863_SLC_MEDIATED_TRANSPORT_OF_AMINO_ACIDS	-0.0922436522592592	0.0325206672044146	0.0922436522592592	0.10266497035649116	0.05646690843649125	0.0452117281136842	broad_or_uncertain_signal	broad/uncertain signal		moderate/significant effect but not manually assigned to a literature family
R-MMU-8953854_METABOLISM_OF_RNA	-0.1283715428571423	0.0325206672044146	0.1283715428571423	0.1596161307894735	0.1596161307894735	0.0452117281136842	broad_or_uncertain_signal	broad/uncertain signal		moderate/significant effect but not manually assigned to a literature family
R-MMU-9764560_REGULATION_OF_CDH1_GENE_TRANSCRIPTION	0.0152461114261904	0.0341493768609188	0.0152461114261904	0.03252963676018416	0.014384495555184201	0.0452117281136842	low_or_no_effect	low/no relative effect		below model-relative accession-level heatmap effect threshold
R-MMU-112316_NEURONAL_SYSTEM	-0.194155032010582	0.0341796343479754	0.194155032010582	0.2137028373684211	0.2127493426315789	0.0452117281136842	likely_artifact	likely artifact/junk	neuronal	context-incongruent Reactome term: neuronal
R-MMU-9007101_RAB_REGULATION_OF_TRAFFICKING	-0.0819968445005291	0.0347037856015123	0.0819968445005291	0.061776002603859625	0.061776002603859625	0.0452117281136842	broad_or_uncertain_signal	broad/uncertain signal		moderate/significant effect but not manually assigned to a literature family
R-MMU-4839726_CHROMATIN_ORGANIZATION	0.1792984398412691	0.0347741684626554	0.1792984398412691	0.23273005315789458	0.20145324515789453	0.0452117281136842	prior_literature_match	prior literature match	chromatin	matches expected tissue/spaceflight biology: chromatin
R-MMU-428157_SPHINGOLIPID_METABOLISM	0.0031184469124074	0.0368914555432288	0.0031184469124074	0.0049358710177596	0.0019738487520929602	0.0452117281136842	low_or_no_effect	low/no relative effect		below model-relative accession-level heatmap effect threshold
R-MMU-1236975_ANTIGEN_PROCESSING_CROSS_PRESENTATION	-0.0476220024716931	0.0378467873911253	0.0476220024716931	0.08186508928414034	0.06105405290519297	0.0452117281136842	prior_literature_match	prior literature match	antigen	matches expected tissue/spaceflight biology: antigen
R-MMU-2871796_FCERI_MEDIATED_MAPK_ACTIVATION	-0.0140518895376984	0.0388956649825094	0.0140518895376984	0.01765091553888066	0.01765091553888066	0.0452117281136842	low_or_no_effect	low/no relative effect		below model-relative accession-level heatmap effect threshold
R-MMU-5690714_CD22_MEDIATED_BCR_REGULATION	-0.0135990974448465	0.0390207880408505	0.0135990974448465	0.02177574453163296	0.01587355006263296	0.0452117281136842	low_or_no_effect	low/no relative effect		below model-relative accession-level heatmap effect threshold
R-MMU-512988_INTERLEUKIN_3_INTERLEUKIN_5_AND_GM_CSF_SIGNALING	-0.0035914857922116	0.041142190751071	0.0035914857922116	0.006670116911871899	0.00487679906726138	0.0452117281136842	low_or_no_effect	low/no relative effect		below model-relative accession-level heatmap effect threshold
R-MMU-211945_PHASE_I_FUNCTIONALIZATION_OF_COMPOUNDS	-0.1124416784338625	0.041191503783006	0.1124416784338625	0.1301679320052631	0.1301679320052631	0.0452117281136842	broad_or_uncertain_signal	broad/uncertain signal		moderate/significant effect but not manually assigned to a literature family
R-MMU-5578775_ION_HOMEOSTASIS	-0.0066866342025126	0.0413854935652704	0.0066866342025126	0.012940615741297842	0.004714480069297879	0.0452117281136842	low_or_no_effect	low/no relative effect		below model-relative accession-level heatmap effect threshold
R-MMU-163125_POST_TRANSLATIONAL_MODIFICATION_SYNTHESIS_OF_GPI_ANCHORED_PROTEINS	0.1969660755476188	0.0413854935652704	0.1969660755476188	0.2178861057929824	0.2178861057929824	0.0452117281136842	broad_or_uncertain_signal	broad/uncertain signal		moderate/significant effect but not manually assigned to a literature family
R-MMU-156580_PHASE_II_CONJUGATION_OF_COMPOUNDS	0.0096409539457671	0.0435339053745467	0.0096409539457671	0.0152427217576491	0.00974978509098246	0.0452117281136842	low_or_no_effect	low/no relative effect		below model-relative accession-level heatmap effect threshold
R-MMU-2565942_REGULATION_OF_PLK1_ACTIVITY_AT_G2_M_TRANSITION	-0.0042622991212169	0.0441798165111925	0.0042622991212169	0.0066138284241157395	0.0058985917987824195	0.0452117281136842	low_or_no_effect	low/no relative effect		below model-relative accession-level heatmap effect threshold
R-MMU-166520_SIGNALING_BY_NTRKS	-0.0059615242115079	0.044263846605944	0.0059615242115079	0.00587591700032802	0.0032727498451280597	0.0452117281136842	low_or_no_effect	low/no relative effect		below model-relative accession-level heatmap effect threshold
R-MMU-69231_CYCLIN_D_ASSOCIATED_EVENTS_IN_G1	0.0066624677486507	0.0448156589051824	0.0066624677486507	0.012982953164728	0.009864558444728	0.0452117281136842	low_or_no_effect	low/no relative effect		below model-relative accession-level heatmap effect threshold
R-MMU-983695_ANTIGEN_ACTIVATES_B_CELL_RECEPTOR_BCR_LEADING_TO_GENERATION_OF_SECOND_MESSENGERS	-0.0171315752599999	0.0456227176886806	0.0171315752599999	0.027372891377973656	0.01884532238197366	0.0452117281136842	low_or_no_effect	low/no relative effect		below model-relative accession-level heatmap effect threshold
R-MMU-9013423_RAC3_GTPASE_CYCLE	-0.0059068135163756	0.0471747128775427	0.0059068135163756	0.00852119740766484	0.00225700597399824	0.0452117281136842	low_or_no_effect	low/no relative effect		below model-relative accession-level heatmap effect threshold
R-MMU-5419276_MITOCHONDRIAL_TRANSLATION_TERMINATION	-0.0359665773708465	0.0471747128775427	0.0359665773708465	0.02703369672803508	0.013357903894701761	0.0452117281136842	low_or_no_effect	low/no relative effect		below model-relative accession-level heatmap effect threshold
R-MMU-9860931_RESPONSE_OF_ENDOTHELIAL_CELLS_TO_SHEAR_STRESS	0.0031594699641534	0.0486663139963032	0.0031594699641534	0.0037425314115096	0.0024452777707096003	0.0452117281136842	low_or_no_effect	low/no relative effect		below model-relative accession-level heatmap effect threshold
R-MMU-216083_INTEGRIN_CELL_SURFACE_INTERACTIONS	0.1274429576611112	0.0544261762310659	0.1274429576611112	0.15237623530873684	0.11415631370873684	0.0452117281136842	plausible_complementary	plausible/complementary	rac	plausible complementary mechanism: rac
R-MMU-202424_DOWNSTREAM_TCR_SIGNALING	-0.0161700067312381	0.0544261762310659	0.0161700067312381	0.031338680825785906	0.024104227959680664	0.0452117281136842	low_or_no_effect	low/no relative effect		below model-relative accession-level heatmap effect threshold
R-MMU-1257604_PIP3_ACTIVATES_AKT_SIGNALING	0.1556685827486775	0.059465884448638	0.1556685827486775	0.1804037120668071	0.1804037120668071	0.0452117281136842	broad_or_uncertain_signal	broad/uncertain signal		moderate/significant effect but not manually assigned to a literature family
R-MMU-9648025_EML4_AND_NUDC_IN_MITOTIC_SPINDLE_FORMATION	0.0034216742935449	0.0610974109340298	0.0034216742935449	0.00574277099002804	0.00339837865962804	0.0452117281136842	low_or_no_effect	low/no relative effect		below model-relative accession-level heatmap effect threshold
R-MMU-202403_TCR_SIGNALING	0.352924205777777	0.061510901180301	0.352924205777777	0.2585523313754388	0.25506835137543843	0.0452117281136842	prior_literature_match	prior literature match	exact override	literature override: thymic T-cell receptor biology
R-MMU-168179_TOLL_LIKE_RECEPTOR_TLR1_TLR2_CASCADE	-0.0049064435724074	0.061510901180301	0.0049064435724074	0.012174439003303481	0.008470967413829801	0.0452117281136842	low_or_no_effect	low/no relative effect		below model-relative accession-level heatmap effect threshold
R-MMU-6811558_PI5P_PP2A_AND_IER3_REGULATE_PI3K_AKT_SIGNALING	-0.0040060640137566	0.0619378572898267	0.0040060640137566	0.004947911022929781	0.00308265421959646	0.0452117281136842	low_or_no_effect	low/no relative effect		below model-relative accession-level heatmap effect threshold
R-MMU-975634_RETINOID_METABOLISM_AND_TRANSPORT	-0.0073000680372486	0.0697605100916183	0.0073000680372486	0.01624348971883856	0.0101583140799614	0.0452117281136842	low_or_no_effect	low/no relative effect		below model-relative accession-level heatmap effect threshold
R-MMU-3247509_CHROMATIN_MODIFYING_ENZYMES	-0.5561170568359788	0.0717336340329255	0.5561170568359788	0.881874070357193	0.881874070357193	0.0452117281136842	prior_literature_match	prior literature match	chromatin	matches expected tissue/spaceflight biology: chromatin
R-MMU-8856828_CLATHRIN_MEDIATED_ENDOCYTOSIS	0.0948506931587302	0.0727792298440775	0.0948506931587302	0.1264875325126315	0.1264875325126315	0.0452117281136842	broad_or_uncertain_signal	broad/uncertain signal		moderate/significant effect but not manually assigned to a literature family
R-MMU-141424_AMPLIFICATION_OF_SIGNAL_FROM_THE_KINETOCHORES	0.0074212881105873	0.0772710952825233	0.0074212881105873	0.0121785143538877	0.0121785143538877	0.0452117281136842	low_or_no_effect	low/no relative effect		below model-relative accession-level heatmap effect threshold
R-MMU-5173214_O_GLYCOSYLATION_OF_TSR_DOMAIN_CONTAINING_PROTEINS	0.0027271174710582	0.081951226791101	0.0027271174710582	0.00556787604670174	0.0013940539480351	0.0452117281136842	low_or_no_effect	low/no relative effect		below model-relative accession-level heatmap effect threshold
R-MMU-112315_TRANSMISSION_ACROSS_CHEMICAL_SYNAPSES	-0.1412885482433864	0.0840771559452219	0.1412885482433864	0.24259415900000003	0.05961199186666666	0.0452117281136842	likely_artifact	likely artifact/junk	synapse	context-incongruent Reactome term: synapse
R-MMU-1474228_DEGRADATION_OF_THE_EXTRACELLULAR_MATRIX	0.1973198674867724	0.0870557443360291	0.1973198674867724	0.23443031539649115	0.17964315739649117	0.0452117281136842	plausible_complementary	plausible/complementary	rac	plausible complementary mechanism: rac
R-MMU-6809371_FORMATION_OF_THE_CORNIFIED_ENVELOPE	-0.0909471401851846	0.0870557443360291	0.0909471401851846	0.229492824045614	0.13582083688771923	0.0452117281136842	likely_artifact	likely artifact/junk	cornified envelope	context-incongruent Reactome term: cornified envelope
R-MMU-166016_TOLL_LIKE_RECEPTOR_4_TLR4_CASCADE	0.0198561341663492	0.0870557443360291	0.0198561341663492	0.037598144063291164	0.0311724043369754	0.0452117281136842	low_or_no_effect	low/no relative effect		below model-relative accession-level heatmap effect threshold
R-MMU-416482_G_ALPHA_12_13_SIGNALLING_EVENTS	0.0822858111265608	0.0922926184225384	0.0822858111265608	0.06967763681599996	0.05445649104000002	0.0452117281136842	plausible_complementary	plausible/complementary	g alpha	plausible complementary mechanism: g alpha
R-MMU-173623_CLASSICAL_ANTIBODY_MEDIATED_COMPLEMENT_ACTIVATION	0.0234437755972486	0.0922926184225384	0.0234437755972486	0.023105479805343818	0.016023118129743816	0.0452117281136842	low_or_no_effect	low/no relative effect		below model-relative accession-level heatmap effect threshold
R-MMU-174143_APC_C_MEDIATED_DEGRADATION_OF_CELL_CYCLE_PROTEINS	0.0038662670464761	0.0922926184225384	0.0038662670464761	0.005988798126395059	0.00228973939839506	0.0452117281136842	low_or_no_effect	low/no relative effect		below model-relative accession-level heatmap effect threshold
R-MMU-383280_NUCLEAR_RECEPTOR_TRANSCRIPTION_PATHWAY	0.0657199499076454	0.0935611131136558	0.0657199499076454	0.1290957370026105	0.11680323075418948	0.0452117281136842	prior_literature_match	prior literature match	transcription	matches expected tissue/spaceflight biology: transcription
R-MMU-6804756_REGULATION_OF_TP53_ACTIVITY_THROUGH_PHOSPHORYLATION	-0.0118493401315343	0.0946650886500011	0.0118493401315343	0.01326249119549818	0.01326249119549818	0.0452117281136842	low_or_no_effect	low/no relative effect		below model-relative accession-level heatmap effect threshold
R-MMU-9663891_SELECTIVE_AUTOPHAGY	-0.0057158454220899	0.0946650886500011	0.0057158454220899	0.007475199512806979	0.007475199512806979	0.0452117281136842	low_or_no_effect	low/no relative effect		below model-relative accession-level heatmap effect threshold
R-MMU-9769735_INITIATION_OF_COAGULATION_CASCADE	0.0022128064439417	0.0946650886500011	0.0022128064439417	0.00273604916216134	0.00211925182616138	0.0452117281136842	low_or_no_effect	low/no relative effect		below model-relative accession-level heatmap effect threshold
R-MMU-388396_GPCR_DOWNSTREAM_SIGNALLING	0.1790758986772491	0.1006200514479167	0.1790758986772491	0.2529171031052632	0.14263905510526326	0.0452117281136842	plausible_complementary	plausible/complementary	gpcr	plausible complementary mechanism: gpcr
R-MMU-9709957_SENSORY_PERCEPTION	0.0912054261050264	0.1017894304988582	0.0912054261050264	0.060149289866140335	0.060149289866140335	0.0452117281136842	likely_artifact	likely artifact/junk	sensory perception	context-incongruent Reactome term: sensory perception
R-MMU-9035034_RHOF_GTPASE_CYCLE	0.0026278274728306	0.1017894304988582	0.0026278274728306	0.00695893315502278	0.00485501820744386	0.0452117281136842	low_or_no_effect	low/no relative effect		below model-relative accession-level heatmap effect threshold
R-MMU-211859_BIOLOGICAL_OXIDATIONS	0.1147894863227509	0.1038145011743657	0.1147894863227509	0.15779689714912287	0.13696014114912275	0.0452117281136842	broad_or_uncertain_signal	broad/uncertain signal		moderate/significant effect but not manually assigned to a literature family
R-MMU-1280215_CYTOKINE_SIGNALING_IN_IMMUNE_SYSTEM	0.1056886513227512	0.1069394280418364	0.1056886513227512	0.20016106412280696	0.15403918012280698	0.0452117281136842	prior_literature_match	prior literature match	immune	matches expected tissue/spaceflight biology: immune
R-MMU-204998_CELL_DEATH_SIGNALLING_VIA_NRAGE_NRIF_AND_NADE	-0.0361506126466137	0.1158047441772743	0.0361506126466137	0.037311040158210476	0.037311040158210476	0.0452117281136842	low_or_no_effect	low/no relative effect		below model-relative accession-level heatmap effect threshold
R-MMU-9013026_RHOB_GTPASE_CYCLE	0.0173298359354497	0.1183966128810337	0.0173298359354497	0.0419560065147368	0.0140025297947368	0.0452117281136842	low_or_no_effect	low/no relative effect		below model-relative accession-level heatmap effect threshold
R-MMU-1592389_ACTIVATION_OF_MATRIX_METALLOPROTEINASES	0.0072135734674603	0.1300472820179175	0.0072135734674603	0.010218415718842081	0.005321785558842079	0.0452117281136842	low_or_no_effect	low/no relative effect		below model-relative accession-level heatmap effect threshold
R-MMU-380108_CHEMOKINE_RECEPTORS_BIND_CHEMOKINES	0.0964374454497358	0.1335879675705471	0.0964374454497358	0.20750842186666668	0.13592391386666666	0.0452117281136842	broad_or_uncertain_signal	broad/uncertain signal		moderate/significant effect but not manually assigned to a literature family
R-MMU-157118_SIGNALING_BY_NOTCH	0.0663554512379365	0.1336176409692208	0.0663554512379365	0.1548063505433333	0.048904053032666636	0.0452117281136842	broad_or_uncertain_signal	broad/uncertain signal		moderate/significant effect but not manually assigned to a literature family
R-MMU-8957275_POST_TRANSLATIONAL_PROTEIN_PHOSPHORYLATION	0.203616890687831	0.1396982742373503	0.203616890687831	0.2817163522491226	0.2817163522491226	0.0452117281136842	broad_or_uncertain_signal	broad/uncertain signal		moderate/significant effect but not manually assigned to a literature family
R-MMU-5689880_UB_SPECIFIC_PROCESSING_PROTEASES	-0.0048268708647089	0.1429770320106897	0.0048268708647089	0.01279680276732276	0.00864811601574384	0.0452117281136842	low_or_no_effect	low/no relative effect		below model-relative accession-level heatmap effect threshold
R-MMU-9748784_DRUG_ADME	0.1303548378571428	0.1438429797600404	0.1303548378571428	0.19422263429122816	0.19422263429122816	0.0452117281136842	broad_or_uncertain_signal	broad/uncertain signal		moderate/significant effect but not manually assigned to a literature family
R-MMU-9006934_SIGNALING_BY_RECEPTOR_TYROSINE_KINASES	-0.0827020133862432	0.1443928975370276	0.0827020133862432	0.11671060983333321	0.10513728383333328	0.0452117281136842	broad_or_uncertain_signal	broad/uncertain signal		moderate/significant effect but not manually assigned to a literature family
R-MMU-168643_NUCLEOTIDE_BINDING_DOMAIN_LEUCINE_RICH_REPEAT_CONTAINING_RECEPTOR_NLR_SIGNALING_PATHWAYS	-0.0377108520886243	0.1455569321759559	0.0377108520886243	0.0404265129427561	0.0354348399027561	0.0452117281136842	low_or_no_effect	low/no relative effect		below model-relative accession-level heatmap effect threshold
R-MMU-2142753_ARACHIDONATE_METABOLISM	0.131585638031746	0.1455569321759559	0.131585638031746	0.17904817768456135	0.1738063646845614	0.0452117281136842	plausible_complementary	plausible/complementary	rac	plausible complementary mechanism: rac
R-MMU-1799339_SRP_DEPENDENT_COTRANSLATIONAL_PROTEIN_TARGETING_TO_MEMBRANE	0.0043908411706349	0.1455569321759559	0.0043908411706349	0.00522760709891222	0.0032209971109122596	0.0452117281136842	low_or_no_effect	low/no relative effect		below model-relative accession-level heatmap effect threshold
R-MMU-416476_G_ALPHA_Q_SIGNALLING_EVENTS	-0.0663317995925926	0.1460769113831243	0.0663317995925926	0.15649985471228067	0.10058813595438598	0.0452117281136842	plausible_complementary	plausible/complementary	g alpha	plausible complementary mechanism: g alpha
R-MMU-73857_RNA_POLYMERASE_II_TRANSCRIPTION	0.0757683084656086	0.1511139320131856	0.0757683084656086	0.11496207247368403	0.11496207247368403	0.0452117281136842	prior_literature_match	prior literature match	transcription	matches expected tissue/spaceflight biology: transcription
R-MMU-5368287_MITOCHONDRIAL_TRANSLATION	0.0225622059294047	0.1524389570148163	0.0225622059294047	0.02337583940854384	0.014341979323877202	0.0452117281136842	low_or_no_effect	low/no relative effect		below model-relative accession-level heatmap effect threshold
R-MMU-2559580_OXIDATIVE_STRESS_INDUCED_SENESCENCE	-0.0110342142969576	0.1524389570148163	0.0110342142969576	0.028252921127293818	0.01447191176870618	0.0452117281136842	low_or_no_effect	low/no relative effect		below model-relative accession-level heatmap effect threshold
R-MMU-72737_CAP_DEPENDENT_TRANSLATION_INITIATION	0.0108102437341269	0.1656798282884131	0.0108102437341269	0.015434865374192922	0.01258371893019292	0.0452117281136842	low_or_no_effect	low/no relative effect		below model-relative accession-level heatmap effect threshold
R-MMU-2454202_FC_EPSILON_RECEPTOR_FCERI_SIGNALING	0.1276684794788359	0.1676571382371422	0.1276684794788359	0.18280670450526312	0.05386700970526311	0.0452117281136842	plausible_complementary	plausible/complementary	er	plausible complementary mechanism: er
R-MMU-194315_SIGNALING_BY_RHO_GTPASES	-0.0650235359788355	0.1717607256200763	0.0650235359788355	0.08702547349122794	0.07152736949122793	0.0452117281136842	plausible_complementary	plausible/complementary	rho	plausible complementary mechanism: rho
R-MMU-114608_PLATELET_DEGRANULATION	-0.2194520170370369	0.1717607256200763	0.2194520170370369	0.29924416974736834	0.29924416974736834	0.0452117281136842	plausible_complementary	plausible/complementary	platelet	plausible complementary mechanism: platelet
R-MMU-8948216_COLLAGEN_CHAIN_TRIMERIZATION	-0.0038288874914391	0.1717607256200763	0.0038288874914391	0.010637406887859599	0.0024464331491929592	0.0452117281136842	low_or_no_effect	low/no relative effect		below model-relative accession-level heatmap effect threshold
R-MMU-9909649_REGULATION_OF_PD_L1_CD274_TRANSCRIPTION	0.0078726083761904	0.1779745499084747	0.0078726083761904	0.013377718483859602	0.007517211450526281	0.0452117281136842	low_or_no_effect	low/no relative effect		below model-relative accession-level heatmap effect threshold
R-MMU-446652_INTERLEUKIN_1_FAMILY_SIGNALING	0.0110011131428571	0.1839126208334865	0.0110011131428571	0.01317939102214032	0.009677006371192958	0.0452117281136842	low_or_no_effect	low/no relative effect		below model-relative accession-level heatmap effect threshold
R-MMU-388841_REGULATION_OF_T_CELL_ACTIVATION_BY_CD28_FAMILY	-0.2386450011216931	0.1851126637803939	0.2386450011216931	0.15405693411052632	0.11004004111052645	0.0452117281136842	broad_or_uncertain_signal	broad/uncertain signal		moderate/significant effect but not manually assigned to a literature family
R-MMU-6806667_METABOLISM_OF_FAT_SOLUBLE_VITAMINS	-0.0027478731499232	0.1873378464516205	0.0027478731499232	0.006645012186288139	0.004889486015761861	0.0452117281136842	low_or_no_effect	low/no relative effect		below model-relative accession-level heatmap effect threshold
R-MMU-1433557_SIGNALING_BY_SCF_KIT	-0.0264393890013227	0.1883784913048035	0.0264393890013227	0.0379786630335789	0.02217500006691226	0.0452117281136842	low_or_no_effect	low/no relative effect		below model-relative accession-level heatmap effect threshold
R-MMU-2029480_FCGAMMA_RECEPTOR_FCGR_DEPENDENT_PHAGOCYTOSIS	0.017587294247619	0.1922729089498718	0.017587294247619	0.02120183062656136	0.01864114820256136	0.0452117281136842	low_or_no_effect	low/no relative effect		below model-relative accession-level heatmap effect threshold
R-MMU-9842860_REGULATION_OF_ENDOGENOUS_RETROELEMENTS	-0.006261500189365	0.1922729089498718	0.006261500189365	0.008282821862122761	0.008282821862122761	0.0452117281136842	low_or_no_effect	low/no relative effect		below model-relative accession-level heatmap effect threshold
R-MMU-5610787_HEDGEHOG_OFF_STATE	0.0077106910179894	0.1922729089498718	0.0077106910179894	0.01237900288628066	0.007232382968385941	0.0452117281136842	low_or_no_effect	low/no relative effect		below model-relative accession-level heatmap effect threshold
R-MMU-9013149_RAC1_GTPASE_CYCLE	-0.1869464316452908	0.2009271087925481	0.1869464316452908	0.30001048543962094	0.30001048543962094	0.0452117281136842	plausible_complementary	plausible/complementary	rac	plausible complementary mechanism: rac
R-MMU-5362517_SIGNALING_BY_RETINOIC_ACID	0.0057059410000021	0.2016013424724801	0.0057059410000021	0.00504630185416556	0.00339488604403228	0.0452117281136842	low_or_no_effect	low/no relative effect		below model-relative accession-level heatmap effect threshold
R-MMU-69473_G2_M_DNA_DAMAGE_CHECKPOINT	0.0031637932940476	0.2078504395469718	0.0031637932940476	0.0055433993023403004	0.00038426038900702016	0.0452117281136842	low_or_no_effect	low/no relative effect		below model-relative accession-level heatmap effect threshold
R-MMU-166663_INITIAL_TRIGGERING_OF_COMPLEMENT	0.0102114924302645	0.2120504998986843	0.0102114924302645	0.01473465537147364	0.01040596461547368	0.0452117281136842	low_or_no_effect	low/no relative effect		below model-relative accession-level heatmap effect threshold
R-MMU-9855142_CELLULAR_RESPONSES_TO_MECHANICAL_STIMULI	-0.0012342610072539	0.2154525787059314	0.0012342610072539	0.00318261676511572	0.00066943166911576	0.0452117281136842	low_or_no_effect	low/no relative effect		below model-relative accession-level heatmap effect threshold
R-MMU-6805567_KERATINIZATION	0.1030899634735447	0.215989028740912	0.1030899634735447	0.2618828734508771	0.1976261184824561	0.0452117281136842	likely_artifact	likely artifact/junk	keratinization	context-incongruent Reactome term: keratinization
R-MMU-983189_KINESINS	-0.0014435903608994	0.2170070416751725	0.0014435903608994	0.00442631346764204	0.0008456310416420799	0.0452117281136842	low_or_no_effect	low/no relative effect		below model-relative accession-level heatmap effect threshold
R-MMU-450294_MAP_KINASE_ACTIVATION	0.0018379623022804	0.2184635526345797	0.0018379623022804	0.00298853654060034	0.0006120195636803401	0.0452117281136842	low_or_no_effect	low/no relative effect		below model-relative accession-level heatmap effect threshold
R-MMU-8856825_CARGO_RECOGNITION_FOR_CLATHRIN_MEDIATED_ENDOCYTOSIS	0.0097263028021164	0.221992257154694	0.0097263028021164	0.01248020344371924	0.01038864240371924	0.0452117281136842	low_or_no_effect	low/no relative effect		below model-relative accession-level heatmap effect threshold
R-MMU-72649_TRANSLATION_INITIATION_COMPLEX_FORMATION	-0.0017755911578306	0.2274434146714194	0.0017755911578306	0.004823885436184181	0.0029252922928157798	0.0452117281136842	low_or_no_effect	low/no relative effect		below model-relative accession-level heatmap effect threshold
R-MMU-2871809_FCERI_MEDIATED_CA_2_MOBILIZATION	-0.0096492326792328	0.2274434146714194	0.0096492326792328	0.01206075654891222	0.00669610352091226	0.0452117281136842	low_or_no_effect	low/no relative effect		below model-relative accession-level heatmap effect threshold
R-MMU-2132295_MHC_CLASS_II_ANTIGEN_PRESENTATION	0.091633800021164	0.2274434146714194	0.091633800021164	0.2593644124429824	0.14154271444298244	0.0452117281136842	prior_literature_match	prior literature match	antigen	matches expected tissue/spaceflight biology: antigen
R-MMU-9851695_EPIGENETIC_REGULATION_OF_ADIPOGENESIS_GENES_BY_MLL3_AND_MLL4_COMPLEXES	0.5068968220899468	0.2274434146714194	0.5068968220899468	0.9405745326589475	0.9405745326589475	0.0452117281136842	plausible_complementary	plausible/complementary	adipogenesis	plausible complementary mechanism: adipogenesis
R-MMU-2168880_SCAVENGING_OF_HEME_FROM_PLASMA	0.3460606409788358	0.2274434146714194	0.3460606409788358	0.5057024796403506	0.5057024796403506	0.0452117281136842	broad_or_uncertain_signal	broad/uncertain signal		moderate/significant effect but not manually assigned to a literature family
R-MMU-5173105_O_LINKED_GLYCOSYLATION	0.1530062175846561	0.2274434146714194	0.1530062175846561	0.19302016919140344	0.1819017313580701	0.0452117281136842	broad_or_uncertain_signal	broad/uncertain signal		moderate/significant effect but not manually assigned to a literature family
R-MMU-9759476_REGULATION_OF_HOMOTYPIC_CELL_CELL_ADHESION	0.0089857825231322	0.2274434146714194	0.0089857825231322	0.02186377942871224	0.009908405571287759	0.0452117281136842	low_or_no_effect	low/no relative effect		below model-relative accession-level heatmap effect threshold
R-MMU-4420097_VEGFA_VEGFR2_PATHWAY	-0.0094946267363756	0.229697337421296	0.0094946267363756	0.02092221620498242	0.009078628178982459	0.0452117281136842	low_or_no_effect	low/no relative effect		below model-relative accession-level heatmap effect threshold
R-MMU-69239_SYNTHESIS_OF_DNA	0.0044011348837566	0.241015192061427	0.0044011348837566	0.0046717568470403	0.00311636922870698	0.0452117281136842	low_or_no_effect	low/no relative effect		below model-relative accession-level heatmap effect threshold
R-MMU-1650814_COLLAGEN_BIOSYNTHESIS_AND_MODIFYING_ENZYMES	0.0057962025117407	0.2416140431225449	0.0057962025117407	0.013017435199080659	0.006748138620680699	0.0452117281136842	low_or_no_effect	low/no relative effect		below model-relative accession-level heatmap effect threshold
R-MMU-977606_REGULATION_OF_COMPLEMENT_CASCADE	-0.2120740989947085	0.2473633634886313	0.2120740989947085	0.270043446245614	0.23382173664561418	0.0452117281136842	plausible_complementary	plausible/complementary	complement	plausible complementary mechanism: complement
R-MMU-9764274_REGULATION_OF_EXPRESSION_AND_FUNCTION_OF_TYPE_I_CLASSICAL_CADHERINS	-0.0129160633095238	0.2488576639695244	0.0129160633095238	0.0277114421687719	0.01526301888456138	0.0452117281136842	low_or_no_effect	low/no relative effect		below model-relative accession-level heatmap effect threshold
R-MMU-2299718_CONDENSATION_OF_PROPHASE_CHROMOSOMES	-0.0094455284377248	0.2510178145262293	0.0094455284377248	0.024803280998456124	0.012759083014877201	0.0452117281136842	low_or_no_effect	low/no relative effect		below model-relative accession-level heatmap effect threshold
R-MMU-9943965_CHD3_CHD4_CHD5_SUBFAMILY	-0.0059129889304497	0.2510178145262293	0.0059129889304497	0.01085664594421048	0.0005905617108772002	0.0452117281136842	low_or_no_effect	low/no relative effect		below model-relative accession-level heatmap effect threshold
R-MMU-1852241_ORGANELLE_BIOGENESIS_AND_MAINTENANCE	-0.0150996514851851	0.2544101469008534	0.0150996514851851	0.011152309081578899	0.00852690228157894	0.0452117281136842	low_or_no_effect	low/no relative effect		below model-relative accession-level heatmap effect threshold
R-MMU-9818564_EPIGENETIC_REGULATION_OF_GENE_EXPRESSION_BY_MLL3_AND_MLL4_COMPLEXES	0.0062570130503703	0.2603701315376863	0.0062570130503703	0.014221654937614	0.00707247203761404	0.0452117281136842	low_or_no_effect	low/no relative effect		below model-relative accession-level heatmap effect threshold
R-MMU-2559583_CELLULAR_SENESCENCE	0.0649361355873016	0.2639461010178033	0.0649361355873016	0.10985525380210523	0.05821104696210524	0.0452117281136842	broad_or_uncertain_signal	broad/uncertain signal		moderate/significant effect but not manually assigned to a literature family
R-MMU-9975921_ASSEMBLY_OF_THE_9_0_PRIMARY_CILIUM	-0.0653135216931222	0.265330042286669	0.0653135216931222	0.1075672271754385	0.08400722717543845	0.0452117281136842	broad_or_uncertain_signal	broad/uncertain signal		moderate/significant effect but not manually assigned to a literature family
R-MMU-168898_TOLL_LIKE_RECEPTOR_CASCADES	-0.0906362883862432	0.2710954920954495	0.0906362883862432	0.11612826930877185	0.07799327162456135	0.0452117281136842	prior_literature_match	prior literature match	toll	matches expected tissue/spaceflight biology: toll
R-MMU-1483257_PHOSPHOLIPID_METABOLISM	0.086215762809524	0.2862672864830074	0.086215762809524	0.13377816757719296	0.022218732910526236	0.0452117281136842	broad_or_uncertain_signal	broad/uncertain signal		moderate/significant effect but not manually assigned to a literature family
R-MMU-8878171_TRANSCRIPTIONAL_REGULATION_BY_RUNX1	-0.0639094803968256	0.2931107655750429	0.0639094803968256	0.11901747043859642	0.09333493643859639	0.0452117281136842	prior_literature_match	prior literature match	transcription	matches expected tissue/spaceflight biology: transcription
R-MMU-74752_SIGNALING_BY_INSULIN_RECEPTOR	-0.0023384643778042	0.2945567043558075	0.0023384643778042	0.0037119996918456	0.00022852116464559986	0.0452117281136842	low_or_no_effect	low/no relative effect		below model-relative accession-level heatmap effect threshold
R-MMU-2029481_FCGR_ACTIVATION	0.0076984778406349	0.2971177897419659	0.0076984778406349	0.01188844026280524	0.00527845381240524	0.0452117281136842	low_or_no_effect	low/no relative effect		below model-relative accession-level heatmap effect threshold
R-MMU-5621481_C_TYPE_LECTIN_RECEPTORS_CLRS	0.0329054556534391	0.2971177897419659	0.0329054556534391	0.06407844865438596	0.03147401358771932	0.0452117281136842	broad_or_uncertain_signal	broad/uncertain signal		moderate/significant effect but not manually assigned to a literature family
R-MMU-975871_MYD88_CASCADE_INITIATED_ON_PLASMA_MEMBRANE	-0.0025680764721693	0.2971177897419659	0.0025680764721693	0.004497273806245599	0.0022052238417544	0.0452117281136842	low_or_no_effect	low/no relative effect		below model-relative accession-level heatmap effect threshold
R-MMU-212300_PRC2_METHYLATES_HISTONES_AND_DNA	0.0030353527679365	0.3153143641045401	0.0030353527679365	0.0096467178889666	0.0016389172233666402	0.0452117281136842	low_or_no_effect	low/no relative effect		below model-relative accession-level heatmap effect threshold
R-MMU-72706_GTP_HYDROLYSIS_AND_JOINING_OF_THE_60S_RIBOSOMAL_SUBUNIT	-0.0052803916916931	0.3153143641045401	0.0052803916916931	0.019430379588228023	0.0021200436162280203	0.0452117281136842	low_or_no_effect	low/no relative effect		below model-relative accession-level heatmap effect threshold
R-MMU-2173782_BINDING_AND_UPTAKE_OF_LIGANDS_BY_SCAVENGER_RECEPTORS	-0.0929293221798941	0.3213310110025762	0.0929293221798941	0.17380947111859646	0.14041084539859647	0.0452117281136842	plausible_complementary	plausible/complementary	er	plausible complementary mechanism: er
R-MMU-418990_ADHERENS_JUNCTIONS_INTERACTIONS	-0.0884342304973544	0.3224714475928577	0.0884342304973544	0.09352219209929821	0.03609394713929821	0.0452117281136842	plausible_complementary	plausible/complementary	rac	plausible complementary mechanism: rac
R-MMU-9940951_INTERACTION_OF_NURD_COMPLEXES_WITH_TRANSCRIPTION_FACTORS	0.1067354438968254	0.3244539751738162	0.1067354438968254	0.16591731407789484	0.16591731407789484	0.0452117281136842	prior_literature_match	prior literature match	transcription	matches expected tissue/spaceflight biology: transcription
R-MMU-983231_FACTORS_INVOLVED_IN_MEGAKARYOCYTE_DEVELOPMENT_AND_PLATELET_PRODUCTION	0.0891800957724867	0.3358741797055883	0.0891800957724867	0.10099373135859646	0.10099373135859646	0.0452117281136842	plausible_complementary	plausible/complementary	platelet	plausible complementary mechanism: platelet
R-MMU-168249_INNATE_IMMUNE_SYSTEM	0.160328358468254	0.3405874135517473	0.160328358468254	0.24417848423017538	0.24417848423017538	0.0452117281136842	prior_literature_match	prior literature match	immune	matches expected tissue/spaceflight biology: immune
R-MMU-193704_P75_NTR_RECEPTOR_MEDIATED_SIGNALLING	0.0083279452969841	0.3437375737528704	0.0083279452969841	0.025560673865670135	0.007134645345670179	0.0452117281136842	low_or_no_effect	low/no relative effect		below model-relative accession-level heatmap effect threshold
R-MMU-168176_TOLL_LIKE_RECEPTOR_5_TLR5_CASCADE	-0.0018117092649206	0.3459339545466953	0.0018117092649206	0.0043935942585507995	0.0011690207621508398	0.0452117281136842	low_or_no_effect	low/no relative effect		below model-relative accession-level heatmap effect threshold
R-MMU-975155_MYD88_DEPENDENT_CASCADE_INITIATED_ON_ENDOSOME	0.0021010525576137	0.3459339545466953	0.0021010525576137	0.0032395872995911804	0.0024375102635912195	0.0452117281136842	low_or_no_effect	low/no relative effect		below model-relative accession-level heatmap effect threshold
R-MMU-73929_BASE_EXCISION_REPAIR_AP_SITE_FORMATION	0.0020462374668253	0.3561457445856597	0.0020462374668253	0.0024433870998666002	0.0010129201592000002	0.0452117281136842	low_or_no_effect	low/no relative effect		below model-relative accession-level heatmap effect threshold
R-MMU-9006936_SIGNALING_BY_TGFB_FAMILY_MEMBERS	0.008906769498619	0.3561457445856597	0.008906769498619	0.017690393191259597	0.0167389414708596	0.0452117281136842	low_or_no_effect	low/no relative effect		below model-relative accession-level heatmap effect threshold
R-MMU-606279_DEPOSITION_OF_NEW_CENPA_CONTAINING_NUCLEOSOMES_AT_THE_CENTROMERE	-0.0044501948526719	0.3567185596682072	0.0044501948526719	0.017484647889108758	0.008396329431424559	0.0452117281136842	low_or_no_effect	low/no relative effect		below model-relative accession-level heatmap effect threshold
R-MMU-5358351_SIGNALING_BY_HEDGEHOG	0.0467273998518518	0.3632835701148247	0.0467273998518518	0.039576760945614	0.018157174945614002	0.0452117281136842	low_or_no_effect	low/no relative effect		below model-relative accession-level heatmap effect threshold
R-MMU-913531_INTERFERON_SIGNALING	0.0192809829060846	0.3696451737301032	0.0192809829060846	0.04958221532514034	0.029799583382859658	0.0452117281136842	prior_literature_match	prior literature match	interferon	matches expected tissue/spaceflight biology: interferon
R-MMU-983168_ANTIGEN_PROCESSING_UBIQUITINATION_PROTEASOME_DEGRADATION	0.0871408030806878	0.3717515785131922	0.0871408030806878	0.17318555460842103	0.15159349960842108	0.0452117281136842	prior_literature_match	prior literature match	antigen	matches expected tissue/spaceflight biology: antigen
R-MMU-212165_EPIGENETIC_REGULATION_OF_GENE_EXPRESSION	-0.0130616493160846	0.3781327766460524	0.0130616493160846	0.04364976843800871	0.01154028339567544	0.0452117281136842	low_or_no_effect	low/no relative effect		below model-relative accession-level heatmap effect threshold
R-MMU-72312_RRNA_PROCESSING	-0.008044394558201	0.3790443323984886	0.008044394558201	0.021079105073052596	0.012851159069052598	0.0452117281136842	low_or_no_effect	low/no relative effect		below model-relative accession-level heatmap effect threshold
R-MMU-927802_NONSENSE_MEDIATED_DECAY_NMD	-0.0034728807767195	0.3853425340407144	0.0034728807767195	0.0064508517124736405	0.0011138426275263597	0.0452117281136842	low_or_no_effect	low/no relative effect		below model-relative accession-level heatmap effect threshold
R-MMU-5689901_METALLOPROTEASE_DUBS	0.0021436734667592	0.3859552052100589	0.0021436734667592	0.0068837417672262605	0.00550272549017366	0.0452117281136842	low_or_no_effect	low/no relative effect		below model-relative accession-level heatmap effect threshold
R-MMU-69002_DNA_REPLICATION_PRE_INITIATION	0.0018158489999206	0.3863142083297743	0.0018158489999206	0.00370993737402626	0.0009583347950263398	0.0452117281136842	low_or_no_effect	low/no relative effect		below model-relative accession-level heatmap effect threshold
R-MMU-72695_FORMATION_OF_THE_TERNARY_COMPLEX_AND_SUBSEQUENTLY_THE_43S_COMPLEX	0.0029191339019047	0.3863142083297743	0.0029191339019047	0.00768240212987892	0.0031381808301210795	0.0452117281136842	low_or_no_effect	low/no relative effect		below model-relative accession-level heatmap effect threshold
R-MMU-8852276_THE_ROLE_OF_GTSE1_IN_G2_M_PROGRESSION_AFTER_G2_CHECKPOINT	-0.0030364957621428	0.3863142083297743	0.0030364957621428	0.007929636622578881	0.00465210517257892	0.0452117281136842	low_or_no_effect	low/no relative effect		below model-relative accession-level heatmap effect threshold
R-MMU-5653656_VESICLE_MEDIATED_TRANSPORT	-0.0838464595132274	0.3863142083297743	0.0838464595132274	0.15184317326456132	0.08664787578456132	0.0452117281136842	plausible_complementary	plausible/complementary	vesicle	plausible complementary mechanism: vesicle
R-MMU-1971475_GLYCOSAMINOGLYCAN_PROTEIN_LINKAGE_REGION_BIOSYNTHESIS	0.0017303805851322	0.3863142083297743	0.0017303805851322	0.00560658983456838	0.0008490499745684597	0.0452117281136842	low_or_no_effect	low/no relative effect		below model-relative accession-level heatmap effect threshold
R-MMU-5626467_RHO_GTPASES_ACTIVATE_IQGAPS	0.0045379402973544	0.3939649591735413	0.0045379402973544	0.011813963287420999	0.006956717065912279	0.0452117281136842	low_or_no_effect	low/no relative effect		below model-relative accession-level heatmap effect threshold
R-MMU-111885_OPIOID_SIGNALLING	0.0019293071242857	0.4089405860981708	0.0019293071242857	0.0026907844658911793	0.0026749986258911805	0.0452117281136842	low_or_no_effect	low/no relative effect		below model-relative accession-level heatmap effect threshold
R-MMU-202427_PHOSPHORYLATION_OF_CD3_AND_TCR_ZETA_CHAINS	0.0782559860502645	0.4143583671670139	0.0782559860502645	0.16490345078245605	0.033953473182456166	0.0452117281136842	prior_literature_match	prior literature match	exact override	literature override: thymic TCR/CD3 signaling
R-MMU-3371497_HSP90_CHAPERONE_CYCLE_FOR_STEROID_HORMONE_RECEPTORS_SHR_IN_THE_PRESENCE_OF_LIGAND	0.0041190932314814	0.425677772593032	0.0041190932314814	0.008226150099957821	0.008226150099957821	0.0452117281136842	low_or_no_effect	low/no relative effect		below model-relative accession-level heatmap effect threshold
R-MMU-9769739_REGULATION_OF_CLOTTING_CASCADE	0.0533470520775132	0.4310113115127481	0.0533470520775132	0.1350184309914912	0.03983234126517548	0.0452117281136842	broad_or_uncertain_signal	broad/uncertain signal		moderate/significant effect but not manually assigned to a literature family
R-MMU-72689_FORMATION_OF_A_POOL_OF_FREE_40S_SUBUNITS	0.1461660315132274	0.4310113115127481	0.1461660315132274	0.26396702958105267	0.18458508553894734	0.0452117281136842	broad_or_uncertain_signal	broad/uncertain signal		moderate/significant effect but not manually assigned to a literature family
R-MMU-202433_GENERATION_OF_SECOND_MESSENGER_MOLECULES	-0.0076640460880952	0.4318831046384015	0.0076640460880952	0.019381425142821002	0.012161100238312279	0.0452117281136842	low_or_no_effect	low/no relative effect		below model-relative accession-level heatmap effect threshold
R-MMU-936837_ION_TRANSPORT_BY_P_TYPE_ATPASES	-0.0608911521798941	0.4347681049931016	0.0608911521798941	0.053207350837894685	0.046501690837894724	0.0452117281136842	broad_or_uncertain_signal	broad/uncertain signal		moderate/significant effect but not manually assigned to a literature family
R-MMU-5576891_CARDIAC_CONDUCTION	0.0029484940238624	0.4347681049931016	0.0029484940238624	0.0037921321779561	0.0035292490859561406	0.0452117281136842	low_or_no_effect	low/no relative effect		below model-relative accession-level heatmap effect threshold
R-MMU-381426_REGULATION_OF_INSULIN_LIKE_GROWTH_FACTOR_IGF_TRANSPORT_AND_UPTAKE_BY_INSULIN_LIKE_GROWTH_FACTOR_BINDING_PROTEINS_IGFBPS	0.1257329016402113	0.4347681049931016	0.1257329016402113	0.3336356392438597	0.18379596324385977	0.0452117281136842	broad_or_uncertain_signal	broad/uncertain signal		moderate/significant effect but not manually assigned to a literature family
R-MMU-9764561_REGULATION_OF_CDH1_FUNCTION	-0.006174149232455	0.4468914337645571	0.006174149232455	0.02052855283314172	0.01016843460652488	0.0452117281136842	low_or_no_effect	low/no relative effect		below model-relative accession-level heatmap effect threshold
R-MMU-8868773_RRNA_PROCESSING_IN_THE_NUCLEUS_AND_CYTOSOL	-0.0026693485723015	0.4468914337645571	0.0026693485723015	0.00280446475780698	0.0020910474258070202	0.0452117281136842	low_or_no_effect	low/no relative effect		below model-relative accession-level heatmap effect threshold
R-MMU-5693571_NONHOMOLOGOUS_END_JOINING_NHEJ	0.0026862523322222	0.450086487067472	0.0026862523322222	0.00645058673956134	0.00457747774356138	0.0452117281136842	low_or_no_effect	low/no relative effect		below model-relative accession-level heatmap effect threshold
R-MMU-74160_GENE_EXPRESSION_TRANSCRIPTION	-0.0682298780423278	0.4589131186517646	0.0682298780423278	0.13658893107017528	0.054908735070175574	0.0452117281136842	prior_literature_match	prior literature match	transcription	matches expected tissue/spaceflight biology: transcription
R-MMU-157858_GAP_JUNCTION_TRAFFICKING_AND_REGULATION	-0.0032314930097486	0.4652861577819858	0.0032314930097486	0.0044955498866271395	0.0039798991482061395	0.0452117281136842	low_or_no_effect	low/no relative effect		below model-relative accession-level heatmap effect threshold
R-MMU-8866654_E3_UBIQUITIN_LIGASES_UBIQUITINATE_TARGET_PROTEINS	0.0013570750818624	0.4708862928158966	0.0013570750818624	0.00288665430108346	0.0005252220797501799	0.0452117281136842	low_or_no_effect	low/no relative effect		below model-relative accession-level heatmap effect threshold
R-MMU-69273_CYCLIN_A_B1_B2_ASSOCIATED_EVENTS_DURING_G2_M_TRANSITION	0.000767794114238	0.475566526690154	0.000767794114238	0.0027957254355868003	0.0005232122129131602	0.0452117281136842	low_or_no_effect	low/no relative effect		below model-relative accession-level heatmap effect threshold
R-MMU-69236_G1_PHASE	-0.0022821163618492	0.475566526690154	0.0022821163618492	0.01376025811166488	0.0034479293259351202	0.0452117281136842	low_or_no_effect	low/no relative effect		below model-relative accession-level heatmap effect threshold
R-MMU-5693565_RECRUITMENT_AND_ATM_MEDIATED_PHOSPHORYLATION_OF_REPAIR_AND_SIGNALING_PROTEINS_AT_DNA_DOUBLE_STRAND_BREAKS	-0.001800915095492	0.4884248288139479	0.001800915095492	0.0064062577394634794	0.0043125204139898	0.0452117281136842	low_or_no_effect	low/no relative effect		below model-relative accession-level heatmap effect threshold
R-MMU-389948_CO_INHIBITION_BY_PD_1	-0.0185227107433862	0.5076900316744484	0.0185227107433862	0.12822191685719292	0.02796930689719298	0.0452117281136842	broad_or_uncertain_signal	broad/uncertain signal		moderate/significant effect but not manually assigned to a literature family
R-MMU-68875_MITOTIC_PROPHASE	-0.0024209371644444	0.5227532120216647	0.0024209371644444	0.007884804948519241	0.00345593311518596	0.0452117281136842	low_or_no_effect	low/no relative effect		below model-relative accession-level heatmap effect threshold
R-MMU-177929_SIGNALING_BY_EGFR	0.0194959514666931	0.5324269815602033	0.0194959514666931	0.08460548998416487	0.0162358879581649	0.0452117281136842	broad_or_uncertain_signal	broad/uncertain signal		moderate/significant effect but not manually assigned to a literature family
R-MMU-1428517_AEROBIC_RESPIRATION_AND_RESPIRATORY_ELECTRON_TRANSPORT	-0.2811243254603175	0.5451095691686664	0.2811243254603175	0.7163978376688599	0.7163978376688599	0.0452117281136842	plausible_complementary	plausible/complementary	er	plausible complementary mechanism: er
R-MMU-9020702_INTERLEUKIN_1_SIGNALING	0.0042038484645502	0.5500869539164981	0.0042038484645502	0.006831497579894701	0.005556983746561381	0.0452117281136842	low_or_no_effect	low/no relative effect		below model-relative accession-level heatmap effect threshold
R-MMU-3000178_ECM_PROTEOGLYCANS	0.0060975353439788	0.5500869539164981	0.0060975353439788	0.026130069693635016	0.01891813337729818	0.0452117281136842	low_or_no_effect	low/no relative effect		below model-relative accession-level heatmap effect threshold
R-MMU-9948299_RIBOSOME_ASSOCIATED_QUALITY_CONTROL	-0.0062919892796825	0.5552116564536027	0.0062919892796825	0.01867088147386664	0.012376144760533319	0.0452117281136842	low_or_no_effect	low/no relative effect		below model-relative accession-level heatmap effect threshold
R-MMU-2871837_FCERI_MEDIATED_NF_KB_ACTIVATION	0.0097937657129629	0.5623332464653144	0.0097937657129629	0.014325118796175379	0.0012367739704912204	0.0452117281136842	low_or_no_effect	low/no relative effect		below model-relative accession-level heatmap effect threshold
R-MMU-8936459_RUNX1_REGULATES_GENES_INVOLVED_IN_MEGAKARYOCYTE_DIFFERENTIATION_AND_PLATELET_FUNCTION	-0.0022827910156084	0.5623332464653144	0.0022827910156084	0.00737825282698242	0.0033585112143509005	0.0452117281136842	low_or_no_effect	low/no relative effect		below model-relative accession-level heatmap effect threshold
R-MMU-186797_SIGNALING_BY_PDGF	-0.0040786072265608	0.5832399466193293	0.0040786072265608	0.006511097082333281	3.434353499999982e-05	0.0452117281136842	low_or_no_effect	low/no relative effect		below model-relative accession-level heatmap effect threshold
R-MMU-3700989_TRANSCRIPTIONAL_REGULATION_BY_TP53	-0.0036413444873015	0.6066806061941397	0.0036413444873015	0.01650170912999996	0.00392085497	0.0452117281136842	low_or_no_effect	low/no relative effect		below model-relative accession-level heatmap effect threshold
R-MMU-373760_L1CAM_INTERACTIONS	0.0028319621912698	0.6066806061941397	0.0028319621912698	0.014672643090947337	0.00568524886694734	0.0452117281136842	low_or_no_effect	low/no relative effect		below model-relative accession-level heatmap effect threshold
R-MMU-1566948_ELASTIC_FIBRE_FORMATION	-0.0341791552690476	0.6121046277270575	0.0341791552690476	0.21510413574536838	0.07454713241463155	0.0452117281136842	broad_or_uncertain_signal	broad/uncertain signal		moderate/significant effect but not manually assigned to a literature family
R-MMU-1483206_GLYCEROPHOSPHOLIPID_BIOSYNTHESIS	0.0010381505956349	0.6121046277270575	0.0010381505956349	0.0052580871816848606	0.0013647401149551402	0.0452117281136842	low_or_no_effect	low/no relative effect		below model-relative accession-level heatmap effect threshold
R-MMU-9711123_CELLULAR_RESPONSE_TO_CHEMICAL_STRESS	-0.0045837612277777	0.6121046277270575	0.0045837612277777	0.024148136380166656	0.010456862604166662	0.0452117281136842	low_or_no_effect	low/no relative effect		below model-relative accession-level heatmap effect threshold
R-MMU-1483255_PI_METABOLISM	0.0034271214868783	0.6122794066857948	0.0034271214868783	0.015554690610387677	0.006918794718387679	0.0452117281136842	low_or_no_effect	low/no relative effect		below model-relative accession-level heatmap effect threshold
R-MMU-75153_APOPTOTIC_EXECUTION_PHASE	0.0063018745015873	0.6406560300134468	0.0063018745015873	0.03132877342638592	0.00561355795761404	0.0452117281136842	low_or_no_effect	low/no relative effect		below model-relative accession-level heatmap effect threshold
R-MMU-168188_TOLL_LIKE_RECEPTOR_TLR6_TLR2_CASCADE	-0.0041132552066137	0.6445326540972607	0.0041132552066137	0.017257241378052603	0.008451122027947362	0.0452117281136842	low_or_no_effect	low/no relative effect		below model-relative accession-level heatmap effect threshold
R-MMU-556833_METABOLISM_OF_LIPIDS	-0.0246018225925928	0.6490453679065485	0.0246018225925928	0.057120708912280625	0.04654046491228074	0.0452117281136842	broad_or_uncertain_signal	broad/uncertain signal		moderate/significant effect but not manually assigned to a literature family
R-MMU-375276_PEPTIDE_LIGAND_BINDING_RECEPTORS	0.0368856238650264	0.664351961174564	0.0368856238650264	0.1320974916290526	0.03935252422905263	0.0452117281136842	broad_or_uncertain_signal	broad/uncertain signal		moderate/significant effect but not manually assigned to a literature family
R-MMU-6806834_SIGNALING_BY_MET	-0.0054103822203703	0.6649935937291576	0.0054103822203703	0.0292940348249561	0.021099607144956102	0.0452117281136842	low_or_no_effect	low/no relative effect		below model-relative accession-level heatmap effect threshold
R-MMU-9937850_NURD_COMPLEX_ASSEMBLY	0.001254306485582	0.6695511303746492	0.001254306485582	0.00932968395093858	0.0009777874630614199	0.0452117281136842	low_or_no_effect	low/no relative effect		below model-relative accession-level heatmap effect threshold
R-MMU-9843940_REGULATION_OF_ENDOGENOUS_RETROELEMENTS_BY_KRAB_ZFP_PROTEINS	0.0016016217489153	0.672872405986653	0.0016016217489153	0.00604591094699642	0.00152842993647018	0.0452117281136842	low_or_no_effect	low/no relative effect		below model-relative accession-level heatmap effect threshold
R-MMU-72613_EUKARYOTIC_TRANSLATION_INITIATION	0.0023417819556613	0.6784948917822461	0.0023417819556613	0.01549968828765958	0.010287340226606979	0.0452117281136842	low_or_no_effect	low/no relative effect		below model-relative accession-level heatmap effect threshold
R-MMU-190828_GAP_JUNCTION_TRAFFICKING	-0.000832907189656	0.6784948917822461	0.000832907189656	0.003562773812035061	0.0004452091430350609	0.0452117281136842	low_or_no_effect	low/no relative effect		below model-relative accession-level heatmap effect threshold
R-MMU-5633007_REGULATION_OF_TP53_ACTIVITY	-0.0019737253492592	0.6867769200680467	0.0019737253492592	0.01586544717912278	0.00023169637645613985	0.0452117281136842	low_or_no_effect	low/no relative effect		below model-relative accession-level heatmap effect threshold
R-MMU-9006931_SIGNALING_BY_NUCLEAR_RECEPTORS	0.0221999110873016	0.6918117433707508	0.0221999110873016	0.17969906613859643	0.09433147672807016	0.0452117281136842	broad_or_uncertain_signal	broad/uncertain signal		moderate/significant effect but not manually assigned to a literature family
R-MMU-1483249_INOSITOL_PHOSPHATE_METABOLISM	0.0016825156053968	0.691857818958139	0.0016825156053968	0.009922587671210481	0.0015401851421228002	0.0452117281136842	low_or_no_effect	low/no relative effect		below model-relative accession-level heatmap effect threshold
R-MMU-199977_ER_TO_GOLGI_ANTEROGRADE_TRANSPORT	-0.0005127022982804	0.6921789022185693	0.0005127022982804	0.0033600287264595797	0.00022670002274038006	0.0452117281136842	low_or_no_effect	low/no relative effect		below model-relative accession-level heatmap effect threshold
R-MMU-202430_TRANSLOCATION_OF_ZAP_70_TO_IMMUNOLOGICAL_SYNAPSE	-0.0026806310828042	0.7017227722091476	0.0026806310828042	0.018674334530999977	0.0004630069010000201	0.0452117281136842	low_or_no_effect	low/no relative effect		below model-relative accession-level heatmap effect threshold
R-MMU-9954714_PELO_HBS1L_AND_ABCE1_DISSOCIATE_A_RIBOSOME_ON_A_NON_STOP_MRNA	0.0032294623584656	0.7152422749598025	0.0032294623584656	0.015190823820306962	0.0022580556813596	0.0452117281136842	low_or_no_effect	low/no relative effect		below model-relative accession-level heatmap effect threshold
R-MMU-3214847_HATS_ACETYLATE_HISTONES	-0.0023592421791005	0.7167991275602976	0.0023592421791005	0.018973693575543817	0.0013148532088771785	0.0452117281136842	low_or_no_effect	low/no relative effect		below model-relative accession-level heatmap effect threshold
R-MMU-9696273_RND1_GTPASE_CYCLE	0.0150090909042328	0.7167991275602976	0.0150090909042328	0.03851260384112278	0.023539559241122783	0.0452117281136842	low_or_no_effect	low/no relative effect		below model-relative accession-level heatmap effect threshold
R-MMU-9696270_RND2_GTPASE_CYCLE	-0.0002434185119193	0.7219617870155598	0.0002434185119193	0.0016595352599982067	0.00015080044479820666	0.0452117281136842	low_or_no_effect	low/no relative effect		below model-relative accession-level heatmap effect threshold
R-MMU-418555_G_ALPHA_S_SIGNALLING_EVENTS	-0.0268364809931217	0.7237548771351192	0.0268364809931217	0.022832189797368348	0.0012701099707017847	0.0452117281136842	low_or_no_effect	low/no relative effect		below model-relative accession-level heatmap effect threshold
R-MMU-166058_MYD88_MAL_TIRAP_CASCADE_INITIATED_ON_PLASMA_MEMBRANE	-0.0014243269721693	0.7242063479812266	0.0014243269721693	0.00439116620737712	0.0007994056833772001	0.0452117281136842	low_or_no_effect	low/no relative effect		below model-relative accession-level heatmap effect threshold
R-MMU-72662_ACTIVATION_OF_THE_MRNA_UPON_BINDING_OF_THE_CAP_BINDING_COMPLEX_AND_EIFS_AND_SUBSEQUENT_BINDING_TO_43S	-0.0008601843658994	0.7274614247945878	0.0008601843658994	0.007846893566517498	0.0008362232294824997	0.0452117281136842	low_or_no_effect	low/no relative effect		below model-relative accession-level heatmap effect threshold
R-MMU-9937848_CHD_CHROMATIN_REMODELERS	-0.0011604280419047	0.7274614247945878	0.0011604280419047	0.009299410273561359	0.00507954645777192	0.0452117281136842	low_or_no_effect	low/no relative effect		below model-relative accession-level heatmap effect threshold
R-MMU-194138_SIGNALING_BY_VEGF	-0.0036705398809523	0.7367361923170601	0.0036705398809523	0.015335429875578921	0.002509977024421039	0.0452117281136842	low_or_no_effect	low/no relative effect		below model-relative accession-level heatmap effect threshold
R-MMU-5663220_RHO_GTPASES_ACTIVATE_FORMINS	-0.0015815865285449	0.7556826216655415	0.0015815865285449	0.01342944429257192	0.006171747406361399	0.0452117281136842	low_or_no_effect	low/no relative effect		below model-relative accession-level heatmap effect threshold
R-MMU-71387_METABOLISM_OF_CARBOHYDRATES_AND_CARBOHYDRATE_DERIVATIVES	-0.0237906278571428	0.7723836032263833	0.0237906278571428	0.08573552162631574	0.00635359544035082	0.0452117281136842	plausible_complementary	plausible/complementary	er	plausible complementary mechanism: er
R-MMU-72766_TRANSLATION	-0.006365457210582	0.7927334969939048	0.006365457210582	0.05021206958715786	0.0230376110608421	0.0452117281136842	broad_or_uncertain_signal	broad/uncertain signal		moderate/significant effect but not manually assigned to a literature family
R-MMU-437239_RECYCLING_PATHWAY_OF_L1	0.0018920106223544	0.7977175726121041	0.0018920106223544	0.019561608662438522	0.0012523168362280391	0.0452117281136842	low_or_no_effect	low/no relative effect		below model-relative accession-level heatmap effect threshold
R-MMU-68886_M_PHASE	-0.0331585464788359	0.8016080849168464	0.0331585464788359	0.18097696636228064	0.06726184753771931	0.0452117281136842	prior_literature_match	prior literature match	m phase	matches expected tissue/spaceflight biology: m phase
R-MMU-373080_CLASS_B_2_SECRETIN_FAMILY_RECEPTORS	0.0006537089628306	0.8018336774471321	0.0006537089628306	0.007864913933747341	0.00039543543985266045	0.0452117281136842	low_or_no_effect	low/no relative effect		below model-relative accession-level heatmap effect threshold
R-MMU-446728_CELL_JUNCTION_ORGANIZATION	0.0297180609087354	0.8113000258703649	0.0297180609087354	0.10353052033974346	0.10353052033974346	0.0452117281136842	broad_or_uncertain_signal	broad/uncertain signal		moderate/significant effect but not manually assigned to a literature family
R-MMU-8953897_CELLULAR_RESPONSES_TO_STIMULI	0.0407103049735448	0.8256944865160719	0.0407103049735448	0.18029041205438587	0.09700162038771935	0.0452117281136842	broad_or_uncertain_signal	broad/uncertain signal		moderate/significant effect but not manually assigned to a literature family
R-MMU-9018519_ESTROGEN_DEPENDENT_GENE_EXPRESSION	0.0005992270720423	0.8256944865160719	0.0005992270720423	0.0041040327280950405	0.00145873682363828	0.0452117281136842	low_or_no_effect	low/no relative effect		below model-relative accession-level heatmap effect threshold
R-MMU-500792_GPCR_LIGAND_BINDING	-0.0253791542328045	0.8271980671186676	0.0253791542328045	0.06212861440350874	0.0252695350701753	0.0452117281136842	plausible_complementary	plausible/complementary	gpcr	plausible complementary mechanism: gpcr
R-MMU-2990846_SUMOYLATION	-0.0039885066889894	0.8289869785607483	0.0039885066889894	0.04319743899498508	0.006573335241014921	0.0452117281136842	low_or_no_effect	low/no relative effect		below model-relative accession-level heatmap effect threshold
R-MMU-9009391_EXTRA_NUCLEAR_ESTROGEN_SIGNALING	-0.0009375574239153	0.8570522227760056	0.0009375574239153	0.0136640395038666	0.0040765341238666	0.0452117281136842	low_or_no_effect	low/no relative effect		below model-relative accession-level heatmap effect threshold
R-MMU-73884_BASE_EXCISION_REPAIR	0.0006872565497354	0.8670238923470064	0.0006872565497354	0.00366281928292976	0.0010044805604035203	0.0452117281136842	low_or_no_effect	low/no relative effect		below model-relative accession-level heatmap effect threshold
R-MMU-181438_TOLL_LIKE_RECEPTOR_2_TLR2_CASCADE	0.000466123055582	0.8803007055449049	0.000466123055582	0.00986865273832278	1.0194238343860101e-05	0.0452117281136842	low_or_no_effect	low/no relative effect		below model-relative accession-level heatmap effect threshold
R-MMU-156827_L13A_MEDIATED_TRANSLATIONAL_SILENCING_OF_CERULOPLASMIN_EXPRESSION	-0.0006456907479365	0.9200111048189084	0.0006456907479365	0.016251414127303482	0.0062291141290298	0.0452117281136842	low_or_no_effect	low/no relative effect		below model-relative accession-level heatmap effect threshold
R-MMU-3214841_PKMTS_METHYLATE_HISTONE_LYSINES	-0.0002552959103968	0.9306434788972398	0.0002552959103968	0.00204762711454382	0.0015568833245438202	0.0452117281136842	low_or_no_effect	low/no relative effect		below model-relative accession-level heatmap effect threshold
R-MMU-373755_SEMAPHORIN_INTERACTIONS	-0.0008391479518518	0.9307059769326844	0.0008391479518518	0.027410770330929778	0.0048044988530701795	0.0452117281136842	low_or_no_effect	low/no relative effect		below model-relative accession-level heatmap effect threshold
R-MMU-166658_COMPLEMENT_CASCADE	0.0117840540650793	0.9307059769326844	0.0117840540650793	0.05308706025807014	0.031371427378070145	0.0452117281136842	plausible_complementary	plausible/complementary	complement	plausible complementary mechanism: complement
R-MMU-1442490_COLLAGEN_DEGRADATION	-0.0004067871938888	0.9384026375991692	0.0004067871938888	0.01035853615797366	0.00126069657397366	0.0452117281136842	low_or_no_effect	low/no relative effect		below model-relative accession-level heatmap effect threshold
R-MMU-3214858_RMTS_METHYLATE_HISTONE_ARGININES	-0.0001311856477785	0.9384026375991692	0.0001311856477785	0.0039109429274035	0.00010159745292982002	0.0452117281136842	low_or_no_effect	low/no relative effect		below model-relative accession-level heatmap effect threshold
R-MMU-9716542_SIGNALING_BY_RHO_GTPASES_MIRO_GTPASES_AND_RHOBTB3	0.0165250668068782	0.9384026375991692	0.0165250668068782	0.07411332914096487	0.03435256448429824	0.0452117281136842	plausible_complementary	plausible/complementary	rho	plausible complementary mechanism: rho
R-MMU-193648_NRAGE_SIGNALS_DEATH_THROUGH_JNK	0.0002705676130158	0.9424838777686791	0.0002705676130158	0.006275311767606979	0.0024098561700070203	0.0452117281136842	low_or_no_effect	low/no relative effect		below model-relative accession-level heatmap effect threshold
R-MMU-453279_MITOTIC_G1_PHASE_AND_G1_S_TRANSITION	0.0011986788618782	0.9435855129892908	0.0011986788618782	0.03188839245645962	0.01167687015674038	0.0452117281136842	low_or_no_effect	low/no relative effect		below model-relative accession-level heatmap effect threshold
R-MMU-975956_NONSENSE_MEDIATED_DECAY_NMD_INDEPENDENT_OF_THE_EXON_JUNCTION_COMPLEX_EJC	0.0003148111683862	0.9573898560699204	0.0003148111683862	0.012538703079701721	0.00376092583229824	0.0452117281136842	low_or_no_effect	low/no relative effect		below model-relative accession-level heatmap effect threshold
R-MMU-5693567_HDR_THROUGH_HOMOLOGOUS_RECOMBINATION_HRR_OR_SINGLE_STRAND_ANNEALING_SSA	-0.0002601451496825	0.9573898560699204	0.0002601451496825	0.010019737484596461	0.00372713872340354	0.0452117281136842	low_or_no_effect	low/no relative effect		below model-relative accession-level heatmap effect threshold
R-MMU-9670095_INHIBITION_OF_DNA_RECOMBINATION_AT_TELOMERE	-9.553695707936478e-05	0.9573898560699204	9.553695707936478e-05	0.0037822384829472805	0.0004803970758526399	0.0452117281136842	low_or_no_effect	low/no relative effect		below model-relative accession-level heatmap effect threshold
R-MMU-9013404_RAC2_GTPASE_CYCLE	-0.0002869741348941	0.9573898560699204	0.0002869741348941	0.014931942844385936	0.0014726339883859396	0.0452117281136842	low_or_no_effect	low/no relative effect		below model-relative accession-level heatmap effect threshold
R-MMU-73927_DEPURINATION	-0.0003473796703439	0.9573898560699204	0.0003473796703439	0.01125366868943856	0.00267479480589472	0.0452117281136842	low_or_no_effect	low/no relative effect		below model-relative accession-level heatmap effect threshold
R-MMU-418346_PLATELET_HOMEOSTASIS	0.0012052839009523	0.9573898560699204	0.0012052839009523	0.047592932951613966	0.001525526291614037	0.0452117281136842	plausible_complementary	plausible/complementary	platelet	plausible complementary mechanism: platelet
R-MMU-9013106_RHOC_GTPASE_CYCLE	-0.0001243768356349	0.9573898560699204	0.0001243768356349	0.0038988215204140003	0.00227356813451928	0.0452117281136842	low_or_no_effect	low/no relative effect		below model-relative accession-level heatmap effect threshold
R-MMU-6791312_TP53_REGULATES_TRANSCRIPTION_OF_CELL_CYCLE_GENES	0.0002090141409523	0.9573898560699204	0.0002090141409523	0.00581623600257892	0.00261313726942104	0.0452117281136842	low_or_no_effect	low/no relative effect		below model-relative accession-level heatmap effect threshold
R-MMU-5683057_MAPK_FAMILY_SIGNALING_CASCADES	0.004278264632275	0.9681891406994004	0.004278264632275	0.12564055351052628	0.020891084289473623	0.0452117281136842	plausible_complementary	plausible/complementary	mapk	plausible complementary mechanism: mapk
R-MMU-69306_DNA_REPLICATION	0.0001284702231746	0.96991231563971	0.0001284702231746	0.0067659684714174995	0.0013444558253824603	0.0452117281136842	low_or_no_effect	low/no relative effect		below model-relative accession-level heatmap effect threshold
R-MMU-2187338_VISUAL_PHOTOTRANSDUCTION	0.0026219021386243	0.96991231563971	0.0026219021386243	0.046171125491228	0.026073098544561402	0.0452117281136842	likely_artifact	likely artifact/junk	visual phototransduction	context-incongruent Reactome term: visual phototransduction
R-MMU-3214842_HDMS_DEMETHYLATE_HISTONES	3.574592541798899e-05	0.96991231563971	3.574592541798899e-05	0.00140108055756134	0.0005480115657719	0.0452117281136842	low_or_no_effect	low/no relative effect		below model-relative accession-level heatmap effect threshold
R-MMU-9675108_NERVOUS_SYSTEM_DEVELOPMENT	-0.0038059344179895	0.978329533866403	0.0038059344179895	0.18311880495789476	0.04918026664210522	0.0452117281136842	plausible_complementary	plausible/complementary	er	plausible complementary mechanism: er
R-MMU-202733_CELL_SURFACE_INTERACTIONS_AT_THE_VASCULAR_WALL	0.0015868073600528	0.9786482449575596	0.0015868073600528	0.09014117858824558	0.0034435538682455803	0.0452117281136842	plausible_complementary	plausible/complementary	rac	plausible complementary mechanism: rac
R-MMU-373076_CLASS_A_1_RHODOPSIN_LIKE_RECEPTORS	0.001842059556455	0.9787264357764304	0.001842059556455	0.23242119525689472	0.06292022354110524	0.0452117281136842	plausible_complementary	plausible/complementary	rho	plausible complementary mechanism: rho
R-MMU-8963899_PLASMA_LIPOPROTEIN_REMODELING	1.1422738412697822e-05	0.9981788787774992	1.1422738412697822e-05	0.009334790116403499	0.0010847591469298201	0.0452117281136842	low_or_no_effect	low/no relative effect		below model-relative accession-level heatmap effect threshold
