{
  "run_dir": "outputs/mober_liver_ribo6_osdr_12_muscle_outliers",
  "onto": "OSD-379",
  "metrics": [
    {
      "space": "input_log2_cpm",
      "pc1_variance_ratio": 0.23010313510894775,
      "pc2_variance_ratio": 0.14066901803016663,
      "data_source_silhouette_pc1_10": 0.10776785761117935,
      "condition_silhouette_pc1_10": 0.0023385477252304554,
      "sex_silhouette_pc1_10": 0.1675671935081482,
      "strain_silhouette_pc1_10": 0.06537038087844849
    },
    {
      "space": "mober_projected_onto_OSD-379",
      "pc1_variance_ratio": 0.39503103494644165,
      "pc2_variance_ratio": 0.24594831466674805,
      "data_source_silhouette_pc1_10": -0.01723668724298477,
      "condition_silhouette_pc1_10": 0.0010582937393337488,
      "sex_silhouette_pc1_10": 0.22625310719013214,
      "strain_silhouette_pc1_10": 0.02453283965587616
    },
    {
      "space": "mober_latent_onto_OSD-379",
      "pc1_variance_ratio": null,
      "pc2_variance_ratio": null,
      "data_source_silhouette_pc1_10": -0.04925820603966713,
      "condition_silhouette_pc1_10": -4.88029581902083e-05,
      "sex_silhouette_pc1_10": 0.2713255286216736,
      "strain_silhouette_pc1_10": 0.0030390743631869555
    }
  ],
  "notes": [
    "Lower data_source silhouette after projection is consistent with reduced batch/source separation.",
    "Condition, sex, and strain are partly confounded with accession in this design."
  ]
}
