analysis_scope	tissue	gene	symbol	bh_family_size	bh_scope	bh_fdr_threshold	n_accessions	flt_gc_direction	meta_effect	meta_se	meta_p	meta_fdr	tau2	i2	n_accession_same_direction	n_accession_opposite_direction	accession_direction_fraction	direction_consistency	all_accessions_same_direction	directionally_heterogeneous	selection_interpretation	gene_set	stable_real	stable_generated	real_selection_frequency	generated_selection_frequency	real_effect_supports_generated	n_leave_one_out	n_same_direction	minimum_leave_one_out_fdr	maximum_leave_one_out_fdr	loo_direction_stable	loo_fdr_stable_0_05
canonical_tissue	adrenal_gland	ENSMUSG00000026395	Ptprc	974	within_tissue_974_gene_panel	0.05	3	FLT_lower	-0.0007704554502736	0.0001274297791692	1.483776684969316e-09	1.4451984911601137e-06	0.0	0.0	3	0	1.0	unanimous	True	False	real_only_selected	exploratory_union	True	False	0.5	0.0	False	3.0	3.0	7.352969072875017e-07	1.0	True	False
canonical_tissue	adrenal_gland	ENSMUSG00000031770	Herpud1	974	within_tissue_974_gene_panel	0.05	3	FLT_lower	-0.0039448742941723	0.0008822875795977	7.778600909821342e-06	0.0037881786430829	0.0	0.0	3	0	1.0	unanimous	True	False	not_stably_selected	not_in_stable_selection_union	False	False	0.0	0.0	False	3.0	3.0	0.0037698527486843	0.4061600919568799	True	False
canonical_tissue	adrenal_gland	ENSMUSG00000055128	Cgrrf1	974	within_tissue_974_gene_panel	0.05	3	FLT_lower	-0.0001988320330006	5.064046810193547e-05	8.624582975126491e-05	0.0168006876355464	0.0	0.0	3	0	1.0	unanimous	True	False	not_stably_selected	not_in_stable_selection_union	False	False	0.0	0.0	False	3.0	3.0	0.0040060585802599	0.8042022011282234	True	False
canonical_tissue	adrenal_gland	ENSMUSG00000023947	Nfkbie	974	within_tissue_974_gene_panel	0.05	3	FLT_lower	-0.0002019338209318	5.050567158773139e-05	6.381509683110983e-05	0.0168006876355464	0.0	0.0	3	0	1.0	unanimous	True	False	not_stably_selected	not_in_stable_selection_union	False	False	0.0	0.0	False	3.0	3.0	0.0045982128033353	1.0	True	False
canonical_tissue	adrenal_gland	ENSMUSG00000025511	Tspan4	974	within_tissue_974_gene_panel	0.05	3	FLT_lower	-0.0069320174967941	0.0017585736756507	8.085863519380954e-05	0.0168006876355464	0.0	0.0	3	0	1.0	unanimous	True	False	reinforced_real_and_synthetic	core_intersection	True	True	0.875	1.0	True	3.0	3.0	0.0150742277252651	0.4765188146825054	True	False
canonical_tissue	adrenal_gland	ENSMUSG00000031897	Psmb10	974	within_tissue_974_gene_panel	0.05	3	FLT_lower	-0.0045000378990768	0.0011650557533024	0.00011222860036	0.0182184427917814	0.0	0.0	3	0	1.0	unanimous	True	False	not_stably_selected	not_in_stable_selection_union	False	False	0.0	0.0	False	3.0	3.0	0.0050214264943624	0.7457264921133552	True	False
canonical_tissue	adrenal_gland	ENSMUSG00000024338	Psmb8	974	within_tissue_974_gene_panel	0.05	3	FLT_lower	-0.0037952402628091	0.0009925316232012	0.0001314116834757	0.0182849971007691	0.0	0.0	3	0	1.0	unanimous	True	False	synthetic_promoted	generated_supported	False	True	0.0	0.75	True	3.0	3.0	0.027936099443069	1.0	True	False
canonical_tissue	adrenal_gland	ENSMUSG00000029625	Cpsf4	974	within_tissue_974_gene_panel	0.05	3	FLT_lower	-0.0017020664377688	0.0004614256306853	0.0002253918370019	0.0219531649239887	0.0	0.0	3	0	1.0	unanimous	True	False	not_stably_selected	not_in_stable_selection_union	False	False	0.0	0.0	False	3.0	3.0	0.0063615425877843	1.0	True	False
canonical_tissue	adrenal_gland	ENSMUSG00000034792	Gna15	974	within_tissue_974_gene_panel	0.05	3	FLT_lower	-0.000247988538966	6.708293250878348e-05	0.000218380941482	0.0219531649239887	0.0	0.0	3	0	1.0	unanimous	True	False	not_stably_selected	not_in_stable_selection_union	False	False	0.0	0.0	False	3.0	3.0	0.0101859222389087	1.0	True	False
canonical_tissue	adrenal_gland	ENSMUSG00000047123	Ticam1	974	within_tissue_974_gene_panel	0.05	3	FLT_lower	-0.0012062621824229	0.0003246656044719	0.0002028834910926	0.0219531649239887	0.0	0.0	3	0	1.0	unanimous	True	False	synthetic_promoted	generated_supported	False	True	0.0	0.625	True	3.0	3.0	0.0101859222389087	1.0	True	False
canonical_tissue	adrenal_gland	ENSMUSG00000033220	Rac2	974	within_tissue_974_gene_panel	0.05	3	FLT_lower	-0.0002023873391444	5.5743816482791206e-05	0.0002826876751834	0.0229448163023911	0.0	0.0	3	0	1.0	unanimous	True	False	not_stably_selected	not_in_stable_selection_union	False	False	0.0	0.0	False	3.0	3.0	0.0208014029103264	1.0	True	False
canonical_tissue	adrenal_gland	ENSMUSG00000020484	Xbp1	974	within_tissue_974_gene_panel	0.05	3	FLT_lower	-0.0060207511756714	0.0016505064279889	0.0002644743028236	0.0229448163023911	0.0	0.0	3	0	1.0	unanimous	True	False	not_stably_selected	not_in_stable_selection_union	False	False	0.0	0.0	False	3.0	3.0	0.0101859222389087	0.7301175369939518	True	False
canonical_tissue	adrenal_gland	ENSMUSG00000031264	Btk	974	within_tissue_974_gene_panel	0.05	3	FLT_lower	-0.0005451834820853	0.0001546892609404	0.0004244776753232	0.0295315182689173	0.0	0.0	3	0	1.0	unanimous	True	False	not_stably_selected	not_in_stable_selection_union	False	False	0.0	0.0	False	3.0	3.0	0.0115354053836408	1.0	True	False
canonical_tissue	adrenal_gland	ENSMUSG00000044674	Fzd1	974	within_tissue_974_gene_panel	0.05	3	FLT_lower	-0.0023879962874311	0.0006738210662714	0.0003941619769714	0.0295315182689173	0.0	0.0	3	0	1.0	unanimous	True	False	not_stably_selected	not_in_stable_selection_union	False	False	0.0	0.0	False	3.0	3.0	0.0101859222389087	1.0	True	False
canonical_tissue	adrenal_gland	ENSMUSG00000031781	Ciapin1	974	within_tissue_974_gene_panel	0.05	3	FLT_higher	0.0028430628636712	0.000826495107538	0.0005819230623997	0.0377862041851591	0.0	0.0	2	1	0.6666666666666666	non_unanimous	False	True	not_stably_selected	not_in_stable_selection_union	False	False	0.0	0.0	False	3.0	3.0	0.0274776902653863	1.0	True	False
canonical_tissue	adrenal_gland	ENSMUSG00000034560	Washc4	974	within_tissue_974_gene_panel	0.05	3	FLT_lower	-0.0063835855837177	0.0018848118147859	0.0007069857014707	0.0430377545770316	0.0	0.0	3	0	1.0	unanimous	True	False	not_stably_selected	not_in_stable_selection_union	False	False	0.0	0.0	False	3.0	3.0	0.0564634161256525	0.4765188146825054	True	False
canonical_tissue	adrenal_gland	ENSMUSG00000049950	Rpp38	974	within_tissue_974_gene_panel	0.05	3	FLT_lower	-0.0001383675908938	4.122740367626261e-05	0.0007902016248877	0.0452739048612183	2.3214744361089816e-10	0.0439649012068202	3	0	1.0	unanimous	True	False	not_stably_selected	not_in_stable_selection_union	False	False	0.0	0.0	False	3.0	3.0	0.0093366269202319	1.0	True	False
canonical_tissue	adrenal_gland	ENSMUSG00000018654	Ikzf1	974	within_tissue_974_gene_panel	0.05	3	FLT_lower	-4.774427338242963e-06	1.4375498918507716e-06	0.00089623098543	0.0455546880749816	0.0	0.0	3	0	1.0	unanimous	True	False	not_stably_selected	not_in_stable_selection_union	False	False	0.0	0.0	False	3.0	3.0	0.0231500857561817	1.0	True	False
canonical_tissue	adrenal_gland	ENSMUSG00000024521	Pmaip1	974	within_tissue_974_gene_panel	0.05	3	FLT_lower	-0.000144261136657	4.359311285474855e-05	0.0009354145395273	0.0455546880749816	0.0	0.0	3	0	1.0	unanimous	True	False	synthetic_promoted	generated_supported	False	True	0.0	0.5	True	3.0	3.0	0.030336875527586	1.0	True	False
canonical_tissue	adrenal_gland	ENSMUSG00000036442	Thap11	974	within_tissue_974_gene_panel	0.05	3	FLT_lower	-0.0011779522562874	0.0003536075097553	0.0008645934379773	0.0455546880749816	0.0	0.0	3	0	1.0	unanimous	True	False	not_stably_selected	not_in_stable_selection_union	False	False	0.0	0.0	False	3.0	3.0	0.0231500857561817	1.0	True	False
canonical_tissue	adrenal_gland	ENSMUSG00000025453	Nnt	974	within_tissue_974_gene_panel	0.05	3	FLT_lower	-0.0080380081492222	0.0024580490301019	0.0010751843710466	0.0476013444272465	0.0	0.0	3	0	1.0	unanimous	True	False	not_stably_selected	not_in_stable_selection_union	False	False	0.0	0.0	False	3.0	3.0	0.0208871376716559	1.0	True	False
canonical_tissue	adrenal_gland	ENSMUSG00000020250	Txnrd1	974	within_tissue_974_gene_panel	0.05	3	FLT_lower	-0.0048322483487648	0.0014762662796161	0.0010630317173306	0.0476013444272465	0.0	0.0	3	0	1.0	unanimous	True	False	not_stably_selected	not_in_stable_selection_union	False	False	0.0	0.0	False	3.0	3.0	0.0383487882914129	1.0	True	False
canonical_tissue	eye	ENSMUSG00000073700	Klhl21	974	within_tissue_974_gene_panel	0.05	2	FLT_lower	-0.0060721659089043	0.0011214720982237	6.147391511704543e-08	5.987559332400223e-05	0.0	0.0	2	0	1.0	unanimous	True	False	reinforced_real_and_synthetic	core_intersection	True	True	0.875	1.0	True	2.0	0.0	1.0	1.0	False	False
canonical_tissue	eye	ENSMUSG00000015839	Nfe2l2	974	within_tissue_974_gene_panel	0.05	2	FLT_lower	-0.0022049019614916	0.0005037347765062	1.2026390755368504e-05	0.0049381087755231	0.0	0.0	2	0	1.0	unanimous	True	False	not_stably_selected	not_in_stable_selection_union	False	False	0.0	0.0	False	2.0	0.0	1.0	1.0	False	False
canonical_tissue	eye	ENSMUSG00000056749	Nfil3	974	within_tissue_974_gene_panel	0.05	2	FLT_higher	0.0009536918794192	0.0002204747713088	1.5209780622761249e-05	0.0049381087755231	0.0	0.0	2	0	1.0	unanimous	True	False	real_only_selected	exploratory_union	True	False	0.5	0.0	False	2.0	0.0	1.0	1.0	False	False
canonical_tissue	eye	ENSMUSG00000030103	Bhlhe40	974	within_tissue_974_gene_panel	0.05	2	FLT_lower	-0.0018879537610166	0.000447333994646	2.4380787029301204e-05	0.0059367216416348	0.0	0.0	2	0	1.0	unanimous	True	False	not_stably_selected	not_in_stable_selection_union	False	False	0.0	0.0	False	2.0	0.0	1.0	1.0	False	False
canonical_tissue	eye	ENSMUSG00000029270	Dipk1a	974	within_tissue_974_gene_panel	0.05	2	FLT_higher	0.0015520946629198	0.0003775884384446	3.9472455205128695e-05	0.0066640920797328	0.0	0.0	2	0	1.0	unanimous	True	False	not_stably_selected	not_in_stable_selection_union	False	False	0.0	0.0	False	2.0	0.0	1.0	1.0	False	False
canonical_tissue	eye	ENSMUSG00000031770	Herpud1	974	within_tissue_974_gene_panel	0.05	2	FLT_lower	-0.0030973286375248	0.0007551737238605	4.10519019285393e-05	0.0066640920797328	0.0	0.0	2	0	1.0	unanimous	True	False	not_stably_selected	not_in_stable_selection_union	False	False	0.0	0.0	False	2.0	0.0	1.0	1.0	False	False
canonical_tissue	eye	ENSMUSG00000002308	Cd320	974	within_tissue_974_gene_panel	0.05	2	FLT_higher	0.0008542926353468	0.0002127189323326	5.917844006091703e-05	0.0082342572313333	0.0	0.0	2	0	1.0	unanimous	True	False	not_stably_selected	not_in_stable_selection_union	False	False	0.0	0.0	False	2.0	0.0	1.0	1.0	False	False
canonical_tissue	eye	ENSMUSG00000020936	Nmt1	974	within_tissue_974_gene_panel	0.05	2	FLT_higher	0.0014452210817464	0.0003640974939283	7.207668788584984e-05	0.0087753367501022	0.0	0.0	2	0	1.0	unanimous	True	False	not_stably_selected	not_in_stable_selection_union	False	False	0.0	0.0	False	2.0	0.0	1.0	1.0	False	False
canonical_tissue	heart	ENSMUSG00000049493	Pls1	974	within_tissue_974_gene_panel	0.05	3	FLT_lower	-7.400259226294352e-05	8.660730271359992e-06	1.2896722817684205e-17	1.2561408024424414e-14	0.0	0.0	3	0	1.0	unanimous	True	False	not_stably_selected	not_in_stable_selection_union	False	False	0.0	0.0	False	3.0	3.0	1.6875494278342442e-14	1.0	True	False
canonical_tissue	heart	ENSMUSG00000026874	Hc	974	within_tissue_974_gene_panel	0.05	3	FLT_higher	1.3072534478669056e-05	2.0133074661664564e-06	8.4107867282026e-11	4.096053136634666e-08	0.0	0.0	3	0	1.0	unanimous	True	False	not_stably_selected	not_in_stable_selection_union	False	False	0.0	0.0	False	3.0	3.0	4.748106433504482e-08	1.0	True	False
canonical_tissue	heart	ENSMUSG00000041126	H2az2	974	within_tissue_974_gene_panel	0.05	3	FLT_lower	-0.0030126473795226	0.0005516858006042	4.739862395610297e-08	1.5388753244414764e-05	0.0	0.0	3	0	1.0	unanimous	True	False	not_stably_selected	not_in_stable_selection_union	False	False	0.0	0.0	False	3.0	3.0	8.469290711962039e-06	1.0	True	False
canonical_tissue	heart	ENSMUSG00000010651	Acaa1b	974	within_tissue_974_gene_panel	0.05	3	FLT_higher	3.51592564882012e-05	7.653789368106873e-06	4.354431998134293e-06	0.0010603041915457	0.0	0.0	3	0	1.0	unanimous	True	False	not_stably_selected	not_in_stable_selection_union	False	False	0.0	0.0	False	3.0	3.0	0.0006507486592392	1.0	True	False
canonical_tissue	kidney	ENSMUSG00000037940	Inpp4b	974	within_tissue_974_gene_panel	0.05	6	FLT_higher	0.000194350136523	3.522890371197368e-05	3.452658056205446e-08	3.362888946744105e-05	4.079985984346566e-11	0.0032705415581822	5	1	0.8333333333333334	non_unanimous	False	True	not_stably_selected	not_in_stable_selection_union	False	False	0.0	0.0	False	6.0	6.0	3.9900778891574345e-06	0.0396069279881359	True	True
canonical_tissue	kidney	ENSMUSG00000059401	Mamld1	974	within_tissue_974_gene_panel	0.05	6	FLT_higher	0.0003956418743623	8.170567319568829e-05	1.2835671023043074e-06	0.0006250971788221	6.400931687762697e-09	0.1561800808605148	5	1	0.8333333333333334	non_unanimous	False	True	real_only_selected	exploratory_union	True	False	0.625	0.0	False	6.0	6.0	2.823395882524633e-06	0.0871337185910453	True	False
canonical_tissue	kidney	ENSMUSG00000032114	Slc37a4	974	within_tissue_974_gene_panel	0.05	6	FLT_higher	0.014332034367675	0.0030945376105825	3.6320544858571553e-06	0.0011792070230749	2.723534028472938e-06	0.0445330273866426	6	0	1.0	unanimous	True	False	reinforced_real_and_synthetic	core_intersection	True	True	1.0	1.0	True	6.0	6.0	8.440322798958497e-05	0.4312341069174573	True	False
canonical_tissue	liver	ENSMUSG00000020176	Grb10	974	within_tissue_974_gene_panel	0.05	12	FLT_lower	-0.0004437179414167	7.885345911130137e-05	1.8324238625493858e-08	1.7847808421231017e-05	2.914057168785343e-09	0.0375223073330727	10	2	0.8333333333333334	non_unanimous	False	True	not_stably_selected	not_in_stable_selection_union	False	False	0.0	0.0	False	12.0	12.0	8.67519323490253e-07	0.0101295962932695	True	True
canonical_tissue	liver	ENSMUSG00000038539	Atf5	974	within_tissue_974_gene_panel	0.05	12	FLT_higher	0.015587332257946	0.0029691602092364	1.5231037804282685e-07	7.417515410685667e-05	2.0125552624057576e-05	0.2318730367102281	10	2	0.8333333333333334	non_unanimous	False	True	not_stably_selected	not_in_stable_selection_union	False	False	0.0	0.0	False	12.0	12.0	2.0761580278034945e-18	0.0162642321654401	True	True
canonical_tissue	liver	ENSMUSG00000024538	Ppic	974	within_tissue_974_gene_panel	0.05	12	FLT_lower	-0.0001664216475534	3.5057162423674764e-05	2.0630182345343417e-06	0.0006697932534788	0.0	0.0	11	1	0.9166666666666666	non_unanimous	False	True	real_only_selected	exploratory_union	True	False	0.75	0.0	False	12.0	12.0	0.0002384790048673	0.1031953986123797	True	False
canonical_tissue	liver	ENSMUSG00000031264	Btk	974	within_tissue_974_gene_panel	0.05	12	FLT_lower	-0.0001567727857013	3.666620930741576e-05	1.905592493522307e-05	0.00358181522989	1.4510628158168495e-09	0.0898203986278191	11	1	0.9166666666666666	non_unanimous	False	True	not_stably_selected	not_in_stable_selection_union	False	False	0.0	0.0	False	12.0	12.0	0.0006732519557778	0.0455563887332564	True	True
canonical_tissue	liver	ENSMUSG00000038712	Mindy1	974	within_tissue_974_gene_panel	0.05	12	FLT_higher	0.0027450288702504	0.0006612870904509	3.3096855306992084e-05	0.00358181522989	8.377076459911664e-08	0.0154022209383844	8	4	0.6666666666666666	non_unanimous	False	True	not_stably_selected	not_in_stable_selection_union	False	False	0.0	0.0	False	12.0	12.0	0.0009676302286728	0.0724989772608157	True	False
canonical_tissue	liver	ENSMUSG00000026566	Mpzl1	974	within_tissue_974_gene_panel	0.05	12	FLT_higher	1.9635230561406814e-05	4.653413370614299e-06	2.4480905680149864e-05	0.00358181522989	0.0	0.0	7	5	0.5833333333333334	non_unanimous	False	True	not_stably_selected	not_in_stable_selection_union	False	False	0.0	0.0	False	12.0	12.0	0.0016223555373113	0.0712126330527215	True	False
canonical_tissue	liver	ENSMUSG00000056515	Rab31	974	within_tissue_974_gene_panel	0.05	12	FLT_lower	-0.0001126899789065	2.7096260368054627e-05	3.198178612125803e-05	0.00358181522989	9.052487774774776e-10	0.1038432265642324	9	3	0.75	non_unanimous	False	True	real_only_selected	exploratory_union	True	False	0.5	0.0	False	12.0	12.0	0.0001623180961572	0.0704205715880058	True	False
canonical_tissue	liver	ENSMUSG00000033220	Rac2	974	within_tissue_974_gene_panel	0.05	12	FLT_lower	-8.095925412748305e-05	1.935496922193611e-05	2.878563251526868e-05	0.00358181522989	9.323641936527635e-10	0.2293567099936646	7	5	0.5833333333333334	non_unanimous	False	True	not_stably_selected	not_in_stable_selection_union	False	False	0.0	0.0	False	12.0	12.0	0.0006352207063304	0.0724989772608157	True	False
canonical_tissue	liver	ENSMUSG00000067377	Tspan6	974	within_tissue_974_gene_panel	0.05	12	FLT_lower	-2.5386006690673952e-05	5.9872606157405535e-06	2.235161810196897e-05	0.00358181522989	0.0	0.0	11	1	0.9166666666666666	non_unanimous	False	True	not_stably_selected	not_in_stable_selection_union	False	False	0.0	0.0	False	12.0	12.0	0.0021921431469388	0.0724989772608157	True	False
canonical_tissue	liver	ENSMUSG00000021144	Mta1	974	within_tissue_974_gene_panel	0.05	12	FLT_higher	0.001956547521363	0.0004798700511853	4.5572566254514486e-05	0.0044387679531897	0.0	0.0	8	4	0.6666666666666666	non_unanimous	False	True	not_stably_selected	not_in_stable_selection_union	False	False	0.0	0.0	False	12.0	12.0	0.0011095471761457	0.2765921225757652	True	False
canonical_tissue	liver	ENSMUSG00000006205	Htra1	974	within_tissue_974_gene_panel	0.05	12	FLT_lower	-2.255261474557437e-05	5.795292582845755e-06	9.96098320507402e-05	0.0088199978561291	0.0	0.0	10	2	0.8333333333333334	non_unanimous	False	True	not_stably_selected	not_in_stable_selection_union	False	False	0.0	0.0	False	12.0	12.0	0.0055999154157635	0.0724989772608157	True	False
canonical_tissue	liver	ENSMUSG00000020705	Ddx42	974	within_tissue_974_gene_panel	0.05	12	FLT_higher	0.0008566775039799	0.0002233575563031	0.000125332857249	0.0101728502467123	0.0	0.0	9	3	0.75	non_unanimous	False	True	not_stably_selected	not_in_stable_selection_union	False	False	0.0	0.0	False	12.0	12.0	0.0048187442457506	0.4020207444900188	True	False
canonical_tissue	liver	ENSMUSG00000037649	H2-DMa	974	within_tissue_974_gene_panel	0.05	12	FLT_lower	-0.0001966317287977	5.213618811134861e-05	0.0001622679686421	0.0121576154967244	1.4926674571121842e-08	0.6533207333087332	11	1	0.9166666666666666	non_unanimous	False	True	real_only_selected	exploratory_union	True	False	0.625	0.0	False	12.0	12.0	0.0048026863154648	0.0724989772608157	True	False
canonical_tissue	liver	ENSMUSG00000002489	Tiam1	974	within_tissue_974_gene_panel	0.05	12	FLT_lower	-7.046938318157242e-05	1.881563504426359e-05	0.0001802094191095	0.0125374267294767	5.964978562776874e-10	0.1516905915398231	8	4	0.6666666666666666	non_unanimous	False	True	not_stably_selected	not_in_stable_selection_union	False	False	0.0	0.0	False	12.0	12.0	0.0021714205612582	0.197712720434375	True	False
canonical_tissue	liver	ENSMUSG00000002963	Pnkp	974	within_tissue_974_gene_panel	0.05	12	FLT_higher	0.0008810199196422	0.0002381307314097	0.0002158271461721	0.014014376024777	1.073668640540876e-07	0.1612717332204175	8	4	0.6666666666666666	non_unanimous	False	True	not_stably_selected	not_in_stable_selection_union	False	False	0.0	0.0	False	12.0	12.0	0.0011312807422846	0.0796642836940842	True	False
canonical_tissue	liver	ENSMUSG00000039005	Tlr4	974	within_tissue_974_gene_panel	0.05	12	FLT_lower	-0.0007802260191157	0.0002190259859405	0.000367685508508	0.0223828553304279	2.1226736640679986e-07	0.4305085007413645	10	2	0.8333333333333334	non_unanimous	False	True	not_stably_selected	not_in_stable_selection_union	False	False	0.0	0.0	False	12.0	12.0	0.0021223556947879	0.0796642836940842	True	False
canonical_tissue	liver	ENSMUSG00000033543	Gtf2a2	974	within_tissue_974_gene_panel	0.05	12	FLT_lower	-0.0005616258354623	0.0001615145772671	0.0005065937496236	0.0290248418902019	8.218774545130705e-08	0.3165516360451907	10	2	0.8333333333333334	non_unanimous	False	True	not_stably_selected	not_in_stable_selection_union	False	False	0.0	0.0	False	12.0	12.0	0.0009322787316681	0.1526843019039015	True	False
canonical_tissue	liver	ENSMUSG00000027187	Cat	974	within_tissue_974_gene_panel	0.05	12	FLT_higher	0.022843578394063	0.0067254471093877	0.0006823141217679	0.0369207752556631	0.0	0.0	8	4	0.6666666666666666	non_unanimous	False	True	not_stably_selected	not_in_stable_selection_union	False	False	0.0	0.0	False	12.0	12.0	0.0170588924252452	0.4821342186865147	True	False
canonical_tissue	liver	ENSMUSG00000005320	Fgfr4	974	within_tissue_974_gene_panel	0.05	12	FLT_higher	0.0030157960373011	0.0009044213357924	0.0008545184964215	0.0438053166060334	3.405207195554735e-07	0.0311505588128743	7	5	0.5833333333333334	non_unanimous	False	True	not_stably_selected	not_in_stable_selection_union	False	False	0.0	0.0	False	12.0	12.0	0.0055999154157635	0.4854555991952716	True	False
canonical_tissue	retina	ENSMUSG00000028017	Egf	974	within_tissue_974_gene_panel	0.05	4	FLT_higher	1.704038577394744e-05	4.1959630395712615e-06	4.883405235730503e-05	0.0237821834980075	0.0	0.0	4	0	1.0	unanimous	True	False	real_only_selected	exploratory_union	True	False	1.0	0.0	False	4.0	4.0	0.0035450590709932	0.2456857060488564	True	False
canonical_tissue	retina	ENSMUSG00000032114	Slc37a4	974	within_tissue_974_gene_panel	0.05	4	FLT_higher	0.0013813679127563	0.0003285025412903	2.6103041287320636e-05	0.0237821834980075	0.0	0.0	4	0	1.0	unanimous	True	False	synthetic_promoted	generated_supported	False	True	0.0	0.5	True	4.0	4.0	0.007333412625738	0.2288807792122719	True	False
canonical_tissue	retina	ENSMUSG00000026102	Inpp1	974	within_tissue_974_gene_panel	0.05	4	FLT_higher	0.0029274275593901	0.0007537803493478	0.0001028952236459	0.033406649277067	0.0	0.0	4	0	1.0	unanimous	True	False	not_stably_selected	not_in_stable_selection_union	False	False	0.0	0.0	False	4.0	4.0	0.0022558543737532	0.6000904261712823	True	False
canonical_tissue	retina	ENSMUSG00000031508	Ankrd10	974	within_tissue_974_gene_panel	0.05	4	FLT_higher	0.0016990516167637	0.0004541793889719	0.000183343289717	0.0421840739007222	0.0	0.0	4	0	1.0	unanimous	True	False	not_stably_selected	not_in_stable_selection_union	False	False	0.0	0.0	False	4.0	4.0	0.0079524822568942	0.6400876903694881	True	False
canonical_tissue	retina	ENSMUSG00000021831	Ero1a	974	within_tissue_974_gene_panel	0.05	4	FLT_higher	0.0005789972854448	0.0001565330236428	0.0002165506873753	0.0421840739007222	2.8998293645641878e-08	0.2956641873651448	4	0	1.0	unanimous	True	False	not_stably_selected	not_in_stable_selection_union	False	False	0.0	0.0	False	4.0	4.0	0.000152774909907	0.4198715754887547	True	False
canonical_tissue	skeletal_muscle	ENSMUSG00000076431	Sox4	974	within_tissue_974_gene_panel	0.05	13	FLT_higher	0.0008297043311582	0.0001476685852694	1.9240825491442696e-08	1.8740564028665187e-05	2.1476651547782258e-07	0.8972314263989404	13	0	1.0	unanimous	True	False	real_only_selected	exploratory_union	True	False	1.0	0.0	False	13.0	13.0	1.4294755751611744e-10	0.0003898891560418	True	True
canonical_tissue	skeletal_muscle	ENSMUSG00000071637	Cebpd	974	within_tissue_974_gene_panel	0.05	13	FLT_higher	0.0017785503283676	0.0003503774634751	3.852647164712704e-07	0.000125082611281	8.778539127889378e-07	0.7645850909234264	12	1	0.9230769230769232	non_unanimous	False	True	reinforced_real_and_synthetic	core_intersection	True	True	1.0	1.0	True	13.0	13.0	3.337898264823815e-07	0.0058404896468783	True	True
canonical_tissue	skeletal_muscle	ENSMUSG00000021892	Sh3bp5	974	within_tissue_974_gene_panel	0.05	13	FLT_higher	0.0025567662828889	0.0005017650246233	3.477393298563228e-07	0.000125082611281	1.940650829767976e-06	0.7284491992511878	13	0	1.0	unanimous	True	False	reinforced_real_and_synthetic	core_intersection	True	True	1.0	1.0	True	13.0	13.0	2.2627004025522315e-05	0.0012289387423306	True	True
canonical_tissue	skeletal_muscle	ENSMUSG00000038286	Bphl	974	within_tissue_974_gene_panel	0.05	13	FLT_lower	-0.0016388454274583	0.000352757574373	3.3874113072426965e-06	0.0006598677226508	1.170297711751646e-06	0.828487133017463	12	1	0.9230769230769232	non_unanimous	False	True	real_only_selected	exploratory_union	True	False	0.5	0.0	False	13.0	13.0	0.0001845737873832	0.0048839457227067	True	True
canonical_tissue	skeletal_muscle	ENSMUSG00000023067	Cdkn1a	974	within_tissue_974_gene_panel	0.05	13	FLT_higher	0.0046982109995375	0.001010727472972	3.3460730928723163e-06	0.0006598677226508	1.037556302009998e-05	0.93861394932466	12	1	0.9230769230769232	non_unanimous	False	True	real_only_selected	exploratory_union	True	False	1.0	0.0	False	13.0	13.0	1.2845405891619295e-06	0.0086513020558805	True	True
canonical_tissue	skeletal_muscle	ENSMUSG00000073700	Klhl21	974	within_tissue_974_gene_panel	0.05	13	FLT_lower	-0.0110727649769785	0.0024480091722745	6.091987905125069e-06	0.0009889327032653	5.9955648531339225e-05	0.9367122408295012	10	3	0.7692307692307693	non_unanimous	False	True	not_stably_selected	not_in_stable_selection_union	False	False	0.0	0.0	False	13.0	13.0	0.0001845737873832	0.0172125417211124	True	True
canonical_tissue	skeletal_muscle	ENSMUSG00000021948	Prkcd	974	within_tissue_974_gene_panel	0.05	13	FLT_higher	0.0015446022593304	0.0003446116897948	7.389379383813519e-06	0.0010281793599763	1.2079145046917064e-06	0.9297436306126357	13	0	1.0	unanimous	True	False	reinforced_real_and_synthetic	core_intersection	True	True	1.0	1.0	True	13.0	13.0	0.0008551716036403	0.0116728821858437	True	True
canonical_tissue	skeletal_muscle	ENSMUSG00000029454	Mapkapk5	974	within_tissue_974_gene_panel	0.05	13	FLT_lower	-0.0054657623215005	0.0012732993693669	1.7659456765413512e-05	0.002150038861189	1.2445322912750111e-05	0.7113213452939027	11	2	0.8461538461538461	non_unanimous	False	True	not_stably_selected	not_in_stable_selection_union	False	False	0.0	0.0	False	13.0	13.0	0.0002679583120174	0.0298613456208912	True	True
canonical_tissue	skeletal_muscle	ENSMUSG00000059401	Mamld1	974	within_tissue_974_gene_panel	0.05	13	FLT_higher	0.0003916697295555	9.419201910563458e-05	3.207580423854453e-05	0.0034713148142602	5.5148574513662064e-08	0.6574408997608947	13	0	1.0	unanimous	True	False	not_stably_selected	not_in_stable_selection_union	False	False	0.0	0.0	False	13.0	13.0	0.0027263410901367	0.0099175781465441	True	True
canonical_tissue	skeletal_muscle	ENSMUSG00000019947	Arid5b	974	within_tissue_974_gene_panel	0.05	13	FLT_higher	0.0021643146422712	0.0005269806028629	4.008137628417227e-05	0.0039039260500783	2.7245837058911877e-06	0.8749942866150769	11	2	0.8461538461538461	non_unanimous	False	True	reinforced_real_and_synthetic	core_intersection	True	True	1.0	1.0	True	13.0	13.0	0.0025172670878344	0.0127493387692953	True	True
canonical_tissue	skeletal_muscle	ENSMUSG00000023272	Creld2	974	within_tissue_974_gene_panel	0.05	13	FLT_lower	-0.0003269814222243	8.221427215421641e-05	6.973572421499618e-05	0.0052330106995304	5.5844262844271194e-08	0.7909660580411427	11	2	0.8461538461538461	non_unanimous	False	True	not_stably_selected	not_in_stable_selection_union	False	False	0.0	0.0	False	13.0	13.0	0.0001534077173639	0.0312993745939419	True	True
canonical_tissue	skeletal_muscle	ENSMUSG00000003518	Dusp3	974	within_tissue_974_gene_panel	0.05	13	FLT_lower	-0.0005200081159301	0.0001310762365805	7.271621606886087e-05	0.0052330106995304	1.1987112304942906e-07	0.708210541312122	11	2	0.8461538461538461	non_unanimous	False	True	not_stably_selected	not_in_stable_selection_union	False	False	0.0	0.0	False	13.0	13.0	8.098411795852097e-10	0.0730301939803687	True	False
canonical_tissue	skeletal_muscle	ENSMUSG00000041126	H2az2	974	within_tissue_974_gene_panel	0.05	13	FLT_lower	-0.001645017221267	0.0004150222117082	7.380169164385819e-05	0.0052330106995304	1.4495391052787117e-06	0.7913484138653728	11	2	0.8461538461538461	non_unanimous	False	True	synthetic_promoted	generated_supported	False	True	0.0	0.625	True	13.0	13.0	0.000482467525261	0.0730301939803687	True	False
canonical_tissue	skeletal_muscle	ENSMUSG00000006675	P4htm	974	within_tissue_974_gene_panel	0.05	13	FLT_lower	-0.0001012296176128	2.556853989371977e-05	7.521781292959554e-05	0.0052330106995304	3.850251374693831e-09	0.6776788560454816	13	0	1.0	unanimous	True	False	not_stably_selected	not_in_stable_selection_union	False	False	0.0	0.0	False	13.0	13.0	0.0052180912485523	0.0300647635825912	True	True
canonical_tissue	skeletal_muscle	ENSMUSG00000005873	Reep5	974	within_tissue_974_gene_panel	0.05	13	FLT_lower	-0.0020264594111112	0.0005209256725393	0.0001001978062906	0.0065061775551388	1.6984405249367606e-06	0.588649960134493	12	1	0.9230769230769232	non_unanimous	False	True	not_stably_selected	not_in_stable_selection_union	False	False	0.0	0.0	False	13.0	13.0	0.0010298921809979	0.0414715333505234	True	True
canonical_tissue	skeletal_muscle	ENSMUSG00000038332	Sesn1	974	within_tissue_974_gene_panel	0.05	13	FLT_higher	0.0056292509724262	0.0014673223352563	0.0001248456091194	0.0075999764551464	2.19016626669926e-05	0.9306858652970472	10	3	0.7692307692307693	non_unanimous	False	True	reinforced_real_and_synthetic	core_intersection	True	True	1.0	1.0	True	13.0	13.0	0.0015456426692338	0.1401215554061627	True	False
canonical_tissue	skeletal_muscle	ENSMUSG00000051483	Cbr1	974	within_tissue_974_gene_panel	0.05	13	FLT_lower	-0.0006856653351236	0.000182269059788	0.0001686742471912	0.0096640421626043	2.634007876905099e-07	0.7453173724937843	12	1	0.9230769230769232	non_unanimous	False	True	not_stably_selected	not_in_stable_selection_union	False	False	0.0	0.0	False	13.0	13.0	0.0032159398824965	0.081958240532161	True	False
canonical_tissue	skeletal_muscle	ENSMUSG00000025511	Tspan4	974	within_tissue_974_gene_panel	0.05	13	FLT_lower	-0.0004257299720767	0.0001158540948096	0.0002381215641916	0.0128850224179252	1.0589494867817773e-07	0.7975197887332683	12	1	0.9230769230769232	non_unanimous	False	True	not_stably_selected	not_in_stable_selection_union	False	False	0.0	0.0	False	13.0	13.0	0.0001026903133336	0.0658006473192002	True	False
canonical_tissue	skeletal_muscle	ENSMUSG00000026566	Mpzl1	974	within_tissue_974_gene_panel	0.05	13	FLT_higher	2.4987169613363403e-05	6.886014557085436e-06	0.0002848698760226	0.0146033294340051	1.7009479070333055e-10	0.4103921468995422	11	2	0.8461538461538461	non_unanimous	False	True	not_stably_selected	not_in_stable_selection_union	False	False	0.0	0.0	False	13.0	13.0	0.0002503543412171	0.0771941817703855	True	False
canonical_tissue	skeletal_muscle	ENSMUSG00000008305	Tle1	974	within_tissue_974_gene_panel	0.05	13	FLT_higher	0.0015896849712961	0.0004490923228918	0.000400471021263	0.0195029387355128	2.043415923913238e-06	0.8646265159609093	10	3	0.7692307692307693	non_unanimous	False	True	reinforced_real_and_synthetic	core_intersection	True	True	1.0	1.0	True	13.0	13.0	0.0088042091022352	0.0687425901856074	True	False
canonical_tissue	skeletal_muscle	ENSMUSG00000026360	Rgs2	974	within_tissue_974_gene_panel	0.05	13	FLT_higher	0.0002308757619999	6.65954936678872e-05	0.0005266199408501	0.0244251343994312	3.246621114481364e-08	0.7206346970786447	12	1	0.9230769230769232	non_unanimous	False	True	real_only_selected	exploratory_union	True	False	0.75	0.0	False	13.0	13.0	0.0037086997227521	0.0676849052158258	True	False
canonical_tissue	skeletal_muscle	ENSMUSG00000019054	Fis1	974	within_tissue_974_gene_panel	0.05	13	FLT_lower	-0.0004687623201804	0.0001401386529214	0.0008228569053526	0.0364301193551561	1.1876053287907093e-07	0.54693691601834	11	2	0.8461538461538461	non_unanimous	False	True	not_stably_selected	not_in_stable_selection_union	False	False	0.0	0.0	False	13.0	13.0	0.004212021847055	0.0976478542242901	True	False
canonical_tissue	skeletal_muscle	ENSMUSG00000034621	Gpatch8	974	within_tissue_974_gene_panel	0.05	13	FLT_higher	0.001235214341854	0.0003730168995529	0.0009282491459146	0.0376714445050372	1.3179068911882444e-06	0.876916277398531	11	2	0.8461538461538461	non_unanimous	False	True	not_stably_selected	not_in_stable_selection_union	False	False	0.0	0.0	False	13.0	13.0	0.0129171288883302	0.1097995011324075	True	False
canonical_tissue	skeletal_muscle	ENSMUSG00000022817	Itgb5	974	within_tissue_974_gene_panel	0.05	13	FLT_lower	-0.0007233805981551	0.000218385562619	0.0009249879360382	0.0376714445050372	4.842021455266996e-07	0.8633131846003679	10	3	0.7692307692307693	non_unanimous	False	True	not_stably_selected	not_in_stable_selection_union	False	False	0.0	0.0	False	13.0	13.0	0.0169876656832969	0.0995793892156513	True	False
canonical_tissue	skeletal_muscle	ENSMUSG00000030545	Pex11a	974	within_tissue_974_gene_panel	0.05	13	FLT_lower	-0.0009029061129954	0.0002797254121853	0.0012473302162603	0.0467269088706775	5.804821218667757e-07	0.6889149303735503	10	3	0.7692307692307693	non_unanimous	False	True	not_stably_selected	not_in_stable_selection_union	False	False	0.0	0.0	False	13.0	13.0	0.0163328569859329	0.1150495884874394	True	False
canonical_tissue	skeletal_muscle	ENSMUSG00000067377	Tspan6	974	within_tissue_974_gene_panel	0.05	13	FLT_lower	-0.0001214994930425	3.762775418397365e-05	0.0012422995808353	0.0467269088706775	1.0175789844235729e-08	0.6811659511512755	11	2	0.8461538461538461	non_unanimous	False	True	not_stably_selected	not_in_stable_selection_union	False	False	0.0	0.0	False	13.0	13.0	0.0001534077173639	0.2769446297965657	True	False
canonical_tissue	skin	ENSMUSG00000023947	Nfkbie	974	within_tissue_974_gene_panel	0.05	6	FLT_higher	0.0005185737756666	0.0001158123277021	7.544873542723086e-06	0.0036743534153061	0.0	0.0	5	1	0.8333333333333334	non_unanimous	False	True	not_stably_selected	not_in_stable_selection_union	False	False	0.0	0.0	False	6.0	6.0	0.0022690286133785	0.8727525383554563	True	False
canonical_tissue	skin	ENSMUSG00000032369	Plscr1	974	within_tissue_974_gene_panel	0.05	6	FLT_higher	0.000322503584495	7.18874828668964e-05	7.249541836669617e-06	0.0036743534153061	0.0	0.0	6	0	1.0	unanimous	True	False	not_stably_selected	not_in_stable_selection_union	False	False	0.0	0.0	False	6.0	6.0	0.0032418217177429	0.1483001983520021	True	False
canonical_tissue	skin	ENSMUSG00000039219	Arid4b	974	within_tissue_974_gene_panel	0.05	6	FLT_lower	-0.0022836901035367	0.0006030705985555	0.000152617784884	0.0495499074923471	0.0	0.0	5	1	0.8333333333333334	non_unanimous	False	True	not_stably_selected	not_in_stable_selection_union	False	False	0.0	0.0	False	6.0	6.0	0.0076762531658553	0.658282135397346	True	False
canonical_tissue	spleen	ENSMUSG00000020427	Igfbp3	974	within_tissue_974_gene_panel	0.05	6	FLT_higher	0.0028379819665238	0.0004026257957492	1.8061792280120952e-12	1.7592185680837806e-09	0.0	0.0	6	0	1.0	unanimous	True	False	synthetic_promoted	generated_supported	False	True	0.0	0.75	True	6.0	6.0	6.662221294244396e-09	0.003849301814192	True	True
canonical_tissue	spleen	ENSMUSG00000022246	Rai14	974	within_tissue_974_gene_panel	0.05	6	FLT_higher	0.0072491712793601	0.0014343901794855	4.33025764471681e-07	0.0002108835472977	0.0	0.0	6	0	1.0	unanimous	True	False	synthetic_promoted	generated_supported	False	True	0.0	1.0	True	6.0	6.0	7.957350067988586e-05	0.097989999521269	True	False
canonical_tissue	spleen	ENSMUSG00000022892	App	974	within_tissue_974_gene_panel	0.05	6	FLT_higher	0.0022515973275767	0.0004685827452162	1.5465705533461783e-06	0.0003344560125552	0.0	0.0	6	0	1.0	unanimous	True	False	not_stably_selected	not_in_stable_selection_union	False	False	0.0	0.0	False	6.0	6.0	0.0001830999708981	0.0982784356333488	True	False
canonical_tissue	spleen	ENSMUSG00000026923	Notch1	974	within_tissue_974_gene_panel	0.05	6	FLT_higher	0.0021696199265138	0.000453499386756	1.7169199823163802e-06	0.0003344560125552	0.0	0.0	6	0	1.0	unanimous	True	False	not_stably_selected	not_in_stable_selection_union	False	False	0.0	0.0	False	6.0	6.0	0.0001830999708981	0.270543755052567	True	False
canonical_tissue	spleen	ENSMUSG00000017466	Timp2	974	within_tissue_974_gene_panel	0.05	6	FLT_higher	0.0018714290492223	0.0003907064630671	1.668981635678377e-06	0.0003344560125552	0.0	0.0	6	0	1.0	unanimous	True	False	not_stably_selected	not_in_stable_selection_union	False	False	0.0	0.0	False	6.0	6.0	0.0001830999708981	0.097989999521269	True	False
canonical_tissue	spleen	ENSMUSG00000067818	Myl9	974	within_tissue_974_gene_panel	0.05	6	FLT_higher	0.0010174917119636	0.0002143982238243	2.076808720647125e-06	0.0003371352823183	0.0	0.0	5	1	0.8333333333333334	non_unanimous	False	True	not_stably_selected	not_in_stable_selection_union	False	False	0.0	0.0	False	6.0	6.0	0.0001830999708981	0.0980310798596189	True	False
canonical_tissue	spleen	ENSMUSG00000027523	Gnas	974	within_tissue_974_gene_panel	0.05	6	FLT_higher	0.0004172289559859	9.630817949384467e-05	1.4760821430462366e-05	0.00205386286761	0.0	0.0	6	0	1.0	unanimous	True	False	not_stably_selected	not_in_stable_selection_union	False	False	0.0	0.0	False	6.0	6.0	0.0013074874820779	0.0912186452015305	True	False
canonical_tissue	spleen	ENSMUSG00000039952	Dag1	974	within_tissue_974_gene_panel	0.05	6	FLT_higher	0.0017676362111605	0.0004189848186653	2.45546081037367e-05	0.0023400263612201	0.0	0.0	6	0	1.0	unanimous	True	False	not_stably_selected	not_in_stable_selection_union	False	False	0.0	0.0	False	6.0	6.0	0.0018073581549732	0.4228154857088257	True	False
canonical_tissue	spleen	ENSMUSG00000029103	Lrpap1	974	within_tissue_974_gene_panel	0.05	6	FLT_higher	0.0007784683912848	0.0001852503374396	2.6427402436778044e-05	0.0023400263612201	1.2145811851318045e-08	0.0570496921543211	6	0	1.0	unanimous	True	False	not_stably_selected	not_in_stable_selection_union	False	False	0.0	0.0	False	6.0	6.0	0.0003403162688187	0.1068247965564331	True	False
canonical_tissue	spleen	ENSMUSG00000029528	Pxn	974	within_tissue_974_gene_panel	0.05	6	FLT_higher	0.0037034032468358	0.0008686173818536	2.0119448657305028e-05	0.0023400263612201	0.0	0.0	6	0	1.0	unanimous	True	False	not_stably_selected	not_in_stable_selection_union	False	False	0.0	0.0	False	6.0	6.0	0.0015689860755053	0.1528259739724379	True	False
canonical_tissue	spleen	ENSMUSG00000015837	Sqstm1	974	within_tissue_974_gene_panel	0.05	6	FLT_higher	0.0008256082629653	0.0001950833048258	2.315394343014392e-05	0.0023400263612201	0.0	0.0	6	0	1.0	unanimous	True	False	not_stably_selected	not_in_stable_selection_union	False	False	0.0	0.0	False	6.0	6.0	0.0018260832611115	0.097989999521269	True	False
canonical_tissue	spleen	ENSMUSG00000040605	Bace2	974	within_tissue_974_gene_panel	0.05	6	FLT_higher	0.0013921928942488	0.0003384572498871	3.899596332523669e-05	0.0030147850486877	0.0	0.0	6	0	1.0	unanimous	True	False	reinforced_real_and_synthetic	core_intersection	True	True	0.625	0.75	True	6.0	6.0	0.0015689860755053	0.0811137400623717	True	False
canonical_tissue	spleen	ENSMUSG00000022836	Mylk	974	within_tissue_974_gene_panel	0.05	6	FLT_higher	0.0028548560206046	0.0006952708194285	4.0238404140595775e-05	0.0030147850486877	1.5846349569277422e-07	0.0370275660851594	6	0	1.0	unanimous	True	False	not_stably_selected	not_in_stable_selection_union	False	False	0.0	0.0	False	6.0	6.0	0.0025617916924708	0.0912186452015305	True	False
canonical_tissue	spleen	ENSMUSG00000020176	Grb10	974	within_tissue_974_gene_panel	0.05	6	FLT_higher	0.0009316309326713	0.0002414209567659	0.0001138761345543	0.0079225253611361	0.0	0.0	6	0	1.0	unanimous	True	False	not_stably_selected	not_in_stable_selection_union	False	False	0.0	0.0	False	6.0	6.0	0.0036097991228116	0.0912186452015305	True	False
canonical_tissue	spleen	ENSMUSG00000032334	Loxl1	974	within_tissue_974_gene_panel	0.05	6	FLT_higher	0.0004834290579249	0.0001283263087427	0.0001650980784205	0.0107203685587774	3.1751055965907045e-08	0.3440143269684827	6	0	1.0	unanimous	True	False	reinforced_real_and_synthetic	core_intersection	True	True	0.5	0.75	True	6.0	6.0	0.0052597047580594	0.1189197350884293	True	False
canonical_tissue	spleen	ENSMUSG00000025889	Snca	974	within_tissue_974_gene_panel	0.05	6	FLT_lower	-0.0029567168985546	0.0007992715769093	0.0002162252461564	0.0131627118597757	1.484090986236694e-06	0.4681415230536016	4	2	0.6666666666666666	non_unanimous	False	True	synthetic_promoted	generated_supported	False	True	0.0	0.5	True	6.0	6.0	4.52275954732976e-11	0.3725930303940269	True	False
canonical_tissue	spleen	ENSMUSG00000019889	Ptprk	974	within_tissue_974_gene_panel	0.05	6	FLT_higher	0.0003410157612709	9.298980833424432e-05	0.0002451845389908	0.0140476318221799	0.0	0.0	6	0	1.0	unanimous	True	False	synthetic_promoted	generated_supported	False	True	0.0	0.75	True	6.0	6.0	0.0221023427261509	0.1812025045352124	True	False
canonical_tissue	spleen	ENSMUSG00000003518	Dusp3	974	within_tissue_974_gene_panel	0.05	6	FLT_higher	0.0002597373743846	7.35444816965465e-05	0.0004128905228708	0.0201077684638117	0.0	0.0	6	0	1.0	unanimous	True	False	not_stably_selected	not_in_stable_selection_union	False	False	0.0	0.0	False	6.0	6.0	0.0052597047580594	0.1362547641071821	True	False
canonical_tissue	spleen	ENSMUSG00000008461	Fut1	974	within_tissue_974_gene_panel	0.05	6	FLT_higher	0.0010595837990661	0.0002994726563311	0.000402917540645	0.0201077684638117	0.0	0.0	5	1	0.8333333333333334	non_unanimous	False	True	not_stably_selected	not_in_stable_selection_union	False	False	0.0	0.0	False	6.0	6.0	0.0052854893662623	0.1938200278554957	True	False
canonical_tissue	spleen	ENSMUSG00000025579	Gaa	974	within_tissue_974_gene_panel	0.05	6	FLT_higher	0.0002147046440382	6.07332988520307e-05	0.0004074593693682	0.0201077684638117	0.0	0.0	6	0	1.0	unanimous	True	False	not_stably_selected	not_in_stable_selection_union	False	False	0.0	0.0	False	6.0	6.0	0.0184876352790625	0.1736615459051565	True	False
canonical_tissue	spleen	ENSMUSG00000020387	Jade2	974	within_tissue_974_gene_panel	0.05	6	FLT_higher	0.0040141714914166	0.0011502319531568	0.0004832374815924	0.0216319709669723	5.146675128525072e-07	0.0348552806869448	5	1	0.8333333333333334	non_unanimous	False	True	not_stably_selected	not_in_stable_selection_union	False	False	0.0	0.0	False	6.0	6.0	0.0019718026618754	0.5047422650349719	True	False
canonical_tissue	spleen	ENSMUSG00000007817	Zmiz1	974	within_tissue_974_gene_panel	0.05	6	FLT_higher	0.0039924780866149	0.0011449851449535	0.0004886071470979	0.0216319709669723	0.0	0.0	5	1	0.8333333333333334	non_unanimous	False	True	not_stably_selected	not_in_stable_selection_union	False	False	0.0	0.0	False	6.0	6.0	0.0078581500844195	0.5418561333336399	True	False
canonical_tissue	spleen	ENSMUSG00000030062	Rpn1	974	within_tissue_974_gene_panel	0.05	6	FLT_higher	0.0018482137239464	0.0005325668599428	0.0005197067287473	0.0220084501652125	1.4579590980108332e-07	0.0827401112722324	6	0	1.0	unanimous	True	False	not_stably_selected	not_in_stable_selection_union	False	False	0.0	0.0	False	6.0	6.0	0.0036097991228116	0.1939028813086023	True	False
canonical_tissue	spleen	ENSMUSG00000019960	Dusp6	974	within_tissue_974_gene_panel	0.05	6	FLT_higher	0.0005445889089497	0.0001584005887503	0.0005859227117645	0.023393466078731	0.0	0.0	5	1	0.8333333333333334	non_unanimous	False	True	not_stably_selected	not_in_stable_selection_union	False	False	0.0	0.0	False	6.0	6.0	0.0138245828082196	0.2958718856508441	True	False
canonical_tissue	spleen	ENSMUSG00000034247	Plekhm1	974	within_tissue_974_gene_panel	0.05	6	FLT_higher	0.0008107734709214	0.0002362798503019	0.0006004483079756	0.023393466078731	0.0	0.0	4	2	0.6666666666666666	non_unanimous	False	True	not_stably_selected	not_in_stable_selection_union	False	False	0.0	0.0	False	6.0	6.0	0.0128965784710424	0.8448305444898514	True	False
canonical_tissue	spleen	ENSMUSG00000024914	Drap1	974	within_tissue_974_gene_panel	0.05	6	FLT_higher	0.0069733555510871	0.0020603411974797	0.0007129153468998	0.0258501475569495	0.0	0.0	5	1	0.8333333333333334	non_unanimous	False	True	not_stably_selected	not_in_stable_selection_union	False	False	0.0	0.0	False	6.0	6.0	0.0166508317345738	0.2978254004782484	True	False
canonical_tissue	spleen	ENSMUSG00000032366	Tpm1	974	within_tissue_974_gene_panel	0.05	6	FLT_higher	0.0003433966349357	0.0001015019318735	0.0007165851992172	0.0258501475569495	1.962242957623065e-08	0.3241339860306076	6	0	1.0	unanimous	True	False	not_stably_selected	not_in_stable_selection_union	False	False	0.0	0.0	False	6.0	6.0	0.0006127801750309	0.1938200278554957	True	False
canonical_tissue	spleen	ENSMUSG00000028212	Ccne2	974	within_tissue_974_gene_panel	0.05	6	FLT_lower	-0.0013414465301778	0.0004052556390655	0.0009325455575967	0.032439263324974	2.3091011188460746e-07	0.252084934634249	4	2	0.6666666666666666	non_unanimous	False	True	not_stably_selected	not_in_stable_selection_union	False	False	0.0	0.0	False	6.0	6.0	0.0002708299756608	0.3177816398358092	True	False
canonical_tissue	spleen	ENSMUSG00000020122	Egfr	974	within_tissue_974_gene_panel	0.05	6	FLT_higher	0.0006848753616303	0.0002075839550157	0.0009693688228131	0.0325574218420709	0.0	0.0	6	0	1.0	unanimous	True	False	not_stably_selected	not_in_stable_selection_union	False	False	0.0	0.0	False	6.0	6.0	0.0215428406548921	0.1528259739724379	True	False
canonical_tissue	spleen	ENSMUSG00000053898	Ech1	974	within_tissue_974_gene_panel	0.05	6	FLT_higher	0.0015589162375028	0.0004760648848337	0.001058162714321	0.0343550161249576	3.641647344681631e-07	0.2733904725974758	5	1	0.8333333333333334	non_unanimous	False	True	not_stably_selected	not_in_stable_selection_union	False	False	0.0	0.0	False	6.0	6.0	0.0008765863512647	0.2578261293447244	True	False
canonical_tissue	spleen	ENSMUSG00000020484	Xbp1	974	within_tissue_974_gene_panel	0.05	6	FLT_higher	0.0045711091021424	0.001417924471078	0.0012650041045925	0.0397456128346169	5.5789510024235175e-06	0.48273072219689	5	1	0.8333333333333334	non_unanimous	False	True	not_stably_selected	not_in_stable_selection_union	False	False	0.0	0.0	False	6.0	6.0	2.0839405589218262e-05	0.247690260028285	True	False
canonical_tissue	spleen	ENSMUSG00000020917	Acly	974	within_tissue_974_gene_panel	0.05	6	FLT_higher	0.001387667727458	0.0004329042121431	0.0013483532434114	0.0410405018463362	2.718776441044918e-07	0.2362071942659252	5	1	0.8333333333333334	non_unanimous	False	True	not_stably_selected	not_in_stable_selection_union	False	False	0.0	0.0	False	6.0	6.0	2.0770914131014634e-05	0.4361078549464205	True	False
canonical_tissue	spleen	ENSMUSG00000020250	Txnrd1	974	within_tissue_974_gene_panel	0.05	6	FLT_higher	0.0009537793338696	0.0003024005110124	0.0016103426440009	0.0475295071289975	0.0	0.0	6	0	1.0	unanimous	True	False	not_stably_selected	not_in_stable_selection_union	False	False	0.0	0.0	False	6.0	6.0	0.0272664244974958	0.3430572012112322	True	False
canonical_tissue	spleen	ENSMUSG00000054455	Vapb	974	within_tissue_974_gene_panel	0.05	6	FLT_higher	0.0018851567546593	0.0006011549249754	0.0017133244608898	0.0490817066149044	0.0	0.0	5	1	0.8333333333333334	non_unanimous	False	True	not_stably_selected	not_in_stable_selection_union	False	False	0.0	0.0	False	6.0	6.0	0.0188878882539056	0.2675483372050065	True	False
canonical_tissue	thymus	ENSMUSG00000004880	Lbr	974	within_tissue_974_gene_panel	0.05	5	FLT_lower	-0.0103789584758282	0.0011669917015487	5.906866769277545e-19	5.75328823327633e-16	0.0	0.0	5	0	1.0	unanimous	True	False	not_stably_selected	not_in_stable_selection_union	False	False	0.0	0.0	False	5.0	5.0	3.93797588795983e-16	2.095049922506556e-06	True	True
canonical_tissue	thymus	ENSMUSG00000045328	Cenpe	974	within_tissue_974_gene_panel	0.05	5	FLT_lower	-0.0116034337443976	0.0013957067155393	9.279327971302335e-17	4.519032722024237e-14	0.0	0.0	5	0	1.0	unanimous	True	False	synthetic_promoted	generated_supported	False	True	0.0	0.5	True	5.0	5.0	1.4348191409113468e-14	4.835493025969664e-07	True	True
canonical_tissue	thymus	ENSMUSG00000041431	Ccnb1	974	within_tissue_974_gene_panel	0.05	5	FLT_lower	-0.016650298391821	0.0023371324805498	1.046546956858026e-12	3.3977891199323907e-10	7.624365424195433e-06	0.282514187103749	5	0	1.0	unanimous	True	False	synthetic_promoted	generated_supported	False	True	0.0	0.875	True	5.0	5.0	4.84798121126751e-13	0.0002105490246538	True	True
canonical_tissue	thymus	ENSMUSG00000027306	Nusap1	974	within_tissue_974_gene_panel	0.05	5	FLT_lower	-0.0310693843087508	0.0044946714755072	4.762101069113083e-12	1.1595716103290356e-09	3.446393305914579e-05	0.3436127466040405	5	0	1.0	unanimous	True	False	synthetic_promoted	generated_supported	False	True	0.0	0.875	True	5.0	5.0	6.084711129294742e-17	0.0003971377064316	True	True
canonical_tissue	thymus	ENSMUSG00000028832	Stmn1	974	within_tissue_974_gene_panel	0.05	5	FLT_lower	-0.0111499861421321	0.0016528236207849	1.51952554484948e-11	2.9600357613667867e-09	5.8924485402930455e-06	0.4577583997204926	5	0	1.0	unanimous	True	False	synthetic_promoted	generated_supported	False	True	0.0	0.875	True	5.0	5.0	6.143484087219194e-20	0.0008174534620741	True	True
canonical_tissue	thymus	ENSMUSG00000021670	Hmgcr	974	within_tissue_974_gene_panel	0.05	5	FLT_lower	-0.0028338383881663	0.0004563743096368	5.316670774027765e-10	8.63072888983841e-08	1.906101004481734e-07	0.1804092975253844	5	0	1.0	unanimous	True	False	not_stably_selected	not_in_stable_selection_union	False	False	0.0	0.0	False	5.0	5.0	1.2762614427072973e-10	0.0006547986792284	True	True
canonical_tissue	thymus	ENSMUSG00000017716	Birc5	974	within_tissue_974_gene_panel	0.05	5	FLT_lower	-0.0133379360163701	0.0021776387526819	9.071011587145523e-10	1.2621664694113914e-07	1.214324618879512e-05	0.5372929811639616	5	0	1.0	unanimous	True	False	not_stably_selected	not_in_stable_selection_union	False	False	0.0	0.0	False	5.0	5.0	6.0331855628663045e-15	0.0037122756657324	True	True
canonical_tissue	thymus	ENSMUSG00000019942	Cdk1	974	within_tissue_974_gene_panel	0.05	5	FLT_lower	-0.0186189492557566	0.0031635727933394	3.9704845365148326e-09	4.834064923206809e-07	2.484075954861898e-05	0.5316347084189215	5	0	1.0	unanimous	True	False	synthetic_promoted	generated_supported	False	True	0.0	0.875	True	5.0	5.0	1.180249948082299e-09	0.0023690861629189	True	True
canonical_tissue	thymus	ENSMUSG00000020914	Top2a	974	within_tissue_974_gene_panel	0.05	5	FLT_lower	-0.08097393883702	0.0138600485821712	5.149887810445297e-09	5.573323030415243e-07	0.000429522275437	0.4885852735912573	5	0	1.0	unanimous	True	False	synthetic_promoted	generated_supported	False	True	0.0	0.75	True	5.0	5.0	1.3087437127223978e-09	0.0054727584549648	True	True
canonical_tissue	thymus	ENSMUSG00000027715	Ccna2	974	within_tissue_974_gene_panel	0.05	5	FLT_lower	-0.0321539224960979	0.0055774339753927	8.165648458187182e-09	7.953341598274315e-07	8.809717683825863e-05	0.6020400215405322	5	0	1.0	unanimous	True	False	not_stably_selected	not_in_stable_selection_union	False	False	0.0	0.0	False	5.0	5.0	2.143993000810001e-16	0.0008174534620741	True	True
canonical_tissue	thymus	ENSMUSG00000030695	Aldoa	974	within_tissue_974_gene_panel	0.05	5	FLT_higher	0.0001373473158795	2.4125693963338587e-05	1.2483426479816294e-08	1.1053506719400972e-06	5.78092961838097e-10	0.1909242338271836	5	0	1.0	unanimous	True	False	not_stably_selected	not_in_stable_selection_union	False	False	0.0	0.0	False	5.0	5.0	3.549023457516077e-13	0.4701712242038431	True	False
canonical_tissue	thymus	ENSMUSG00000021371	Mcur1	974	within_tissue_974_gene_panel	0.05	5	FLT_higher	0.0010157025728936	0.0001795009077677	1.5271813941727862e-08	1.239562231603578e-06	5.6060456143292094e-08	0.3802559034380194	5	0	1.0	unanimous	True	False	not_stably_selected	not_in_stable_selection_union	False	False	0.0	0.0	False	5.0	5.0	1.1556372783921851e-16	0.079277723306079	True	False
canonical_tissue	thymus	ENSMUSG00000032366	Tpm1	974	within_tissue_974_gene_panel	0.05	5	FLT_higher	0.0002185804539215	3.97747003221738e-05	3.896833154195225e-08	2.919627301681653e-06	0.0	0.0	5	0	1.0	unanimous	True	False	not_stably_selected	not_in_stable_selection_union	False	False	0.0	0.0	False	5.0	5.0	1.0340663964522212e-06	0.1496720526764924	True	False
canonical_tissue	thymus	ENSMUSG00000025358	Cdk2	974	within_tissue_974_gene_panel	0.05	5	FLT_lower	-0.0051603811455541	0.0009544014483468	6.41144400432905e-08	4.460533185868925e-06	0.0	0.0	5	0	1.0	unanimous	True	False	not_stably_selected	not_in_stable_selection_union	False	False	0.0	0.0	False	5.0	5.0	2.3231337869115784e-05	0.0277226196135784	True	True
canonical_tissue	thymus	ENSMUSG00000047832	Cdca4	974	within_tissue_974_gene_panel	0.05	5	FLT_lower	-0.0091247654659259	0.0017255760727806	1.2369263277945468e-07	8.031774955145922e-06	1.070822019279392e-06	0.065638438939621	5	0	1.0	unanimous	True	False	not_stably_selected	not_in_stable_selection_union	False	False	0.0	0.0	False	5.0	5.0	4.162888659944161e-06	0.008284584808711	True	True
canonical_tissue	thymus	ENSMUSG00000052504	Epha3	974	within_tissue_974_gene_panel	0.05	5	FLT_higher	0.0006248016109945	0.0001194207944906	1.6774643882856318e-07	1.0211564463688782e-05	0.0	0.0	5	0	1.0	unanimous	True	False	not_stably_selected	not_in_stable_selection_union	False	False	0.0	0.0	False	5.0	5.0	1.336609383111953e-05	0.1198695747880861	True	False
canonical_tissue	thymus	ENSMUSG00000029366	Dck	974	within_tissue_974_gene_panel	0.05	5	FLT_lower	-0.0283463243842712	0.00558733992773	3.9094861646056977e-07	2.2399056025446764e-05	5.1341340720675424e-05	0.3467893499278079	5	0	1.0	unanimous	True	False	not_stably_selected	not_in_stable_selection_union	False	False	0.0	0.0	False	5.0	5.0	2.8214563814134264e-16	0.025107609703672	True	True
canonical_tissue	thymus	ENSMUSG00000019124	Scrn1	974	within_tissue_974_gene_panel	0.05	5	FLT_higher	0.0002782173381584	5.913632216184087e-05	2.542672731896157e-06	0.0001375868467148	1.0197223525061502e-09	0.0443276227989313	5	0	1.0	unanimous	True	False	not_stably_selected	not_in_stable_selection_union	False	False	0.0	0.0	False	5.0	5.0	2.506280765431819e-05	0.2252907664196871	True	False
canonical_tissue	thymus	ENSMUSG00000032218	Ccnb2	974	within_tissue_974_gene_panel	0.05	5	FLT_lower	-0.0102311976129221	0.002233570128711	4.635383745052714e-06	0.0002376244088253	1.67192780420541e-05	0.6951409346130163	5	0	1.0	unanimous	True	False	synthetic_promoted	generated_supported	False	True	0.0	0.75	True	5.0	5.0	5.475793693112013e-17	0.0468277719394238	True	True
canonical_tissue	thymus	ENSMUSG00000020978	Klhdc2	974	within_tissue_974_gene_panel	0.05	5	FLT_higher	0.0023738248930739	0.000537997696868	1.0226275387216035e-05	0.0004980196113574	7.097249140895795e-07	0.4996776403531383	5	0	1.0	unanimous	True	False	not_stably_selected	not_in_stable_selection_union	False	False	0.0	0.0	False	5.0	5.0	2.703234285366358e-06	0.046564189520224	True	True
canonical_tissue	thymus	ENSMUSG00000039640	Mrpl12	974	within_tissue_974_gene_panel	0.05	5	FLT_higher	0.0011113627356497	0.0002535641143895	1.1707472179404208e-05	0.0005430037096542	0.0	0.0	4	1	0.8	non_unanimous	False	True	not_stably_selected	not_in_stable_selection_union	False	False	0.0	0.0	False	5.0	5.0	0.0001117747195319	0.2824635175017388	True	False
canonical_tissue	thymus	ENSMUSG00000035683	Melk	974	within_tissue_974_gene_panel	0.05	5	FLT_lower	-0.0052083077584696	0.0012494709252071	3.067311191483723e-05	0.0013579823184114	5.499622304757072e-06	0.7550826212124017	5	0	1.0	unanimous	True	False	not_stably_selected	not_in_stable_selection_union	False	False	0.0	0.0	False	5.0	5.0	0.0001782040037894	0.0774817821016057	True	False
canonical_tissue	thymus	ENSMUSG00000027496	Aurka	974	within_tissue_974_gene_panel	0.05	5	FLT_lower	-0.0122257596483196	0.0029742049062558	3.946363694989749e-05	0.0016162743725706	3.091494379066754e-05	0.7441768928468508	5	0	1.0	unanimous	True	False	not_stably_selected	not_in_stable_selection_union	False	False	0.0	0.0	False	5.0	5.0	1.448198721567614e-06	0.0886273549711325	True	False
canonical_tissue	thymus	ENSMUSG00000034349	Smc4	974	within_tissue_974_gene_panel	0.05	5	FLT_lower	-0.0171539793254707	0.0041752552134784	3.98260625684749e-05	0.0016162743725706	2.621312472306087e-05	0.278082613324124	4	1	0.8	non_unanimous	False	True	not_stably_selected	not_in_stable_selection_union	False	False	0.0	0.0	False	5.0	5.0	7.436860015261138e-08	0.0320936110814002	True	True
canonical_tissue	thymus	ENSMUSG00000018983	E2f2	974	within_tissue_974_gene_panel	0.05	5	FLT_lower	-0.0198026187596522	0.0048387834998251	4.267863237724517e-05	0.0016627595174174	7.933196455987521e-05	0.771697886591874	5	0	1.0	unanimous	True	False	not_stably_selected	not_in_stable_selection_union	False	False	0.0	0.0	False	5.0	5.0	6.774487712215297e-05	0.068218125297373	True	False
canonical_tissue	thymus	ENSMUSG00000028212	Ccne2	974	within_tissue_974_gene_panel	0.05	5	FLT_lower	-0.010656625053089	0.002614666235748	4.587387985308508e-05	0.0017185061144963	2.353514471111011e-05	0.7684839662040616	5	0	1.0	unanimous	True	False	synthetic_promoted	generated_supported	False	True	0.0	1.0	True	5.0	5.0	0.0006806075807923	0.0217305102966244	True	True
canonical_tissue	thymus	ENSMUSG00000020897	Aurkb	974	within_tissue_974_gene_panel	0.05	5	FLT_lower	-0.0095947921837508	0.0023912227137673	6.00779031327076e-05	0.0021278963463185	1.739317412108671e-05	0.6924266139197478	5	0	1.0	unanimous	True	False	not_stably_selected	not_in_stable_selection_union	False	False	0.0	0.0	False	5.0	5.0	2.506280765431819e-05	0.2083717829384362	True	False
canonical_tissue	thymus	ENSMUSG00000003992	Ssbp2	974	within_tissue_974_gene_panel	0.05	5	FLT_lower	-0.0013419003616048	0.0003347849877709	6.117155821038928e-05	0.0021278963463185	1.1276156336350824e-07	0.1747222829639506	4	1	0.8	non_unanimous	False	True	not_stably_selected	not_in_stable_selection_union	False	False	0.0	0.0	False	5.0	5.0	3.1427967196139934e-07	0.4413300324187859	True	False
canonical_tissue	thymus	ENSMUSG00000040713	Creg1	974	within_tissue_974_gene_panel	0.05	5	FLT_higher	0.0006608801065859	0.0001683856996249	8.680201101009059e-05	0.002873267614416	7.5742523247802e-08	0.6079651655914067	4	1	0.8	non_unanimous	False	True	not_stably_selected	not_in_stable_selection_union	False	False	0.0	0.0	False	5.0	5.0	4.992556244778312e-05	0.3256324103742212	True	False
canonical_tissue	thymus	ENSMUSG00000056458	Mok	974	within_tissue_974_gene_panel	0.05	5	FLT_higher	0.0010710871116439	0.0002732270269367	8.849900249741275e-05	0.002873267614416	2.3217140377571217e-08	0.0518941450320773	4	1	0.8	non_unanimous	False	True	synthetic_promoted	generated_supported	False	True	0.0	0.5	True	5.0	5.0	7.069529042470107e-05	0.3539380061894706	True	False
canonical_tissue	thymus	ENSMUSG00000038481	Cdk19	974	within_tissue_974_gene_panel	0.05	5	FLT_lower	-0.0079705210793598	0.0020419425471126	9.485026224368784e-05	0.002980134045979	0.0	0.0	5	0	1.0	unanimous	True	False	not_stably_selected	not_in_stable_selection_union	False	False	0.0	0.0	False	5.0	5.0	0.002737460215334	0.2083717829384362	True	False
canonical_tissue	thymus	ENSMUSG00000028678	Kif2c	974	within_tissue_974_gene_panel	0.05	5	FLT_lower	-0.0162364413784355	0.0042759864648943	0.0001463858787494	0.0044556201844375	6.64917993365794e-05	0.8078103585757306	5	0	1.0	unanimous	True	False	not_stably_selected	not_in_stable_selection_union	False	False	0.0	0.0	False	5.0	5.0	0.0007520168886804	0.1198695747880861	True	False
canonical_tissue	thymus	ENSMUSG00000015053	Gata2	974	within_tissue_974_gene_panel	0.05	5	FLT_higher	0.0001534807160499	4.099941912637625e-05	0.0001814853437324	0.0053565674180434	1.89091423921664e-09	0.2161446660472816	5	0	1.0	unanimous	True	False	not_stably_selected	not_in_stable_selection_union	False	False	0.0	0.0	False	5.0	5.0	0.0006468944759049	0.0786182394329913	True	False
canonical_tissue	thymus	ENSMUSG00000028007	Snx7	974	within_tissue_974_gene_panel	0.05	5	FLT_higher	0.000822360965945	0.0002260316852931	0.0002744913099882	0.0078633687037814	1.539349414621389e-07	0.6510573217402982	5	0	1.0	unanimous	True	False	real_only_selected	exploratory_union	True	False	0.625	0.0	False	5.0	5.0	0.0005775484301403	0.1852601695978029	True	False
canonical_tissue	thymus	ENSMUSG00000029687	Ezh2	974	within_tissue_974_gene_panel	0.05	5	FLT_lower	-0.0490796466829154	0.013605459349875	0.0003093408841349	0.0086085148899265	0.0005127860089459	0.5968882805125042	5	0	1.0	unanimous	True	False	not_stably_selected	not_in_stable_selection_union	False	False	0.0	0.0	False	5.0	5.0	0.0004855224760732	0.046564189520224	True	True
canonical_tissue	thymus	ENSMUSG00000030867	Plk1	974	within_tissue_974_gene_panel	0.05	5	FLT_lower	-0.0126570757884027	0.0035520177400532	0.0003661545627318	0.0099065151139114	4.403973339949848e-05	0.7149934629455059	4	1	0.8	non_unanimous	False	True	not_stably_selected	not_in_stable_selection_union	False	False	0.0	0.0	False	5.0	5.0	1.2893454121863076e-12	0.2112862851541066	True	False
canonical_tissue	thymus	ENSMUSG00000029311	Hsd17b11	974	within_tissue_974_gene_panel	0.05	5	FLT_higher	0.005406960285702	0.0015268474610039	0.0003982244707065	0.0102071219596878	6.892497832821684e-06	0.6308721595912887	4	1	0.8	non_unanimous	False	True	not_stably_selected	not_in_stable_selection_union	False	False	0.0	0.0	False	5.0	5.0	0.0017252104507246	0.2935804158860242	True	False
canonical_tissue	thymus	ENSMUSG00000001403	Ube2c	974	within_tissue_974_gene_panel	0.05	5	FLT_lower	-0.0018349696076913	0.0005173668661196	0.0003900182931145	0.0102071219596878	9.74097061058448e-07	0.8292873283278372	5	0	1.0	unanimous	True	False	real_only_selected	exploratory_union	True	False	0.5	0.0	False	5.0	5.0	6.030632661585081e-05	0.1577450944162449	True	False
canonical_tissue	thymus	ENSMUSG00000006373	Pgrmc1	974	within_tissue_974_gene_panel	0.05	5	FLT_higher	0.0034938150433413	0.0009926047477374	0.0004317987555019	0.0107838971245864	2.2839580088487768e-06	0.5034060191046582	5	0	1.0	unanimous	True	False	not_stably_selected	not_in_stable_selection_union	False	False	0.0	0.0	False	5.0	5.0	1.1307609202356736e-05	0.2460173388287616	True	False
canonical_tissue	thymus	ENSMUSG00000041498	Kif14	974	within_tissue_974_gene_panel	0.05	5	FLT_lower	-0.0332675448298451	0.0095118041304882	0.000469638883214	0.011435706806263	0.0002906937650345	0.7528039658222391	5	0	1.0	unanimous	True	False	not_stably_selected	not_in_stable_selection_union	False	False	0.0	0.0	False	5.0	5.0	6.773467327027089e-05	0.1578884547691175	True	False
canonical_tissue	thymus	ENSMUSG00000004151	Etv1	974	within_tissue_974_gene_panel	0.05	5	FLT_higher	0.0012593652412707	0.000360941317433	0.0004846252376788	0.0115128044268098	4.1745016777109e-07	0.6862394411046548	5	0	1.0	unanimous	True	False	not_stably_selected	not_in_stable_selection_union	False	False	0.0	0.0	False	5.0	5.0	0.0001678208126307	0.2781135501079532	True	False
canonical_tissue	thymus	ENSMUSG00000049580	Tsku	974	within_tissue_974_gene_panel	0.05	5	FLT_higher	0.0009563914800553	0.0002749451503531	0.0005042641946234	0.0116941267991255	1.3520599787810753e-07	0.4384141007495573	5	0	1.0	unanimous	True	False	not_stably_selected	not_in_stable_selection_union	False	False	0.0	0.0	False	5.0	5.0	1.0597440283922136e-05	0.3407186014650125	True	False
canonical_tissue	thymus	ENSMUSG00000032369	Plscr1	974	within_tissue_974_gene_panel	0.05	5	FLT_higher	0.0011011812499358	0.0003185106650619	0.00054565313697	0.0123596780327641	3.226560180215669e-07	0.6759011702450107	5	0	1.0	unanimous	True	False	not_stably_selected	not_in_stable_selection_union	False	False	0.0	0.0	False	5.0	5.0	7.038577383482147e-06	0.1852601695978029	True	False
canonical_tissue	thymus	ENSMUSG00000040084	Bub1b	974	within_tissue_974_gene_panel	0.05	5	FLT_lower	-0.0442761797515103	0.013033985399449	0.00068134098781	0.014426654828848	0.0005890126310119	0.7966179436367947	5	0	1.0	unanimous	True	False	not_stably_selected	not_in_stable_selection_union	False	False	0.0	0.0	False	5.0	5.0	0.0014531340173894	0.1852601695978029	True	False
canonical_tissue	thymus	ENSMUSG00000006398	Cdc20	974	within_tissue_974_gene_panel	0.05	5	FLT_lower	-0.0156954268968019	0.0046173549562068	0.0006757717943968	0.014426654828848	8.637046454644687e-05	0.8460305689219355	4	1	0.8	non_unanimous	False	True	not_stably_selected	not_in_stable_selection_union	False	False	0.0	0.0	False	5.0	5.0	0.0001028382668769	0.1407996265845632	True	False
canonical_tissue	thymus	ENSMUSG00000027257	Pacsin3	974	within_tissue_974_gene_panel	0.05	5	FLT_higher	0.0009384652782889	0.0002760096401598	0.0006735683874471	0.014426654828848	1.6621797881610744e-07	0.4970048944580497	5	0	1.0	unanimous	True	False	not_stably_selected	not_in_stable_selection_union	False	False	0.0	0.0	False	5.0	5.0	2.247902856328147e-08	0.2329368917805401	True	False
canonical_tissue	thymus	ENSMUSG00000027330	Cdc25b	974	within_tissue_974_gene_panel	0.05	5	FLT_lower	-0.0029546584589416	0.0008825459637684	0.0008143210421687	0.0167867805392104	1.9049196882966875e-06	0.568559897527174	4	1	0.8	non_unanimous	False	True	not_stably_selected	not_in_stable_selection_union	False	False	0.0	0.0	False	5.0	5.0	1.463597043567692e-06	0.3942689493822305	True	False
canonical_tissue	thymus	ENSMUSG00000027993	Trim2	974	within_tissue_974_gene_panel	0.05	5	FLT_higher	3.306713130307743e-05	9.889962730327372e-06	0.0008272746056284	0.0167867805392104	2.9753127854653713e-10	0.788611648639634	5	0	1.0	unanimous	True	False	not_stably_selected	not_in_stable_selection_union	False	False	0.0	0.0	False	5.0	5.0	0.0018819296703628	0.2460173388287616	True	False
canonical_tissue	thymus	ENSMUSG00000055128	Cgrrf1	974	within_tissue_974_gene_panel	0.05	5	FLT_higher	0.0001776431528568	5.328619639565596e-05	0.000856819237345	0.017024774614998	6.375034836896482e-09	0.4891362928296991	4	1	0.8	non_unanimous	False	True	not_stably_selected	not_in_stable_selection_union	False	False	0.0	0.0	False	5.0	5.0	0.0017252104507246	0.1491433086190766	True	False
canonical_tissue	thymus	ENSMUSG00000030545	Pex11a	974	within_tissue_974_gene_panel	0.05	5	FLT_higher	0.0014365844980967	0.0004318796695188	0.0008799022496093	0.017024774614998	3.818091322218488e-07	0.5602174223318118	5	0	1.0	unanimous	True	False	not_stably_selected	not_in_stable_selection_union	False	False	0.0	0.0	False	5.0	5.0	1.900729223763793e-05	0.3407186014650125	True	False
canonical_tissue	thymus	ENSMUSG00000041351	Rap1gap	974	within_tissue_974_gene_panel	0.05	5	FLT_higher	0.0026402234429082	0.0007945968437998	0.0008914409706005	0.017024774614998	2.5966937299584738e-06	0.8356197178925278	5	0	1.0	unanimous	True	False	not_stably_selected	not_in_stable_selection_union	False	False	0.0	0.0	False	5.0	5.0	1.3901774022233277e-05	0.1478435363554565	True	False
canonical_tissue	thymus	ENSMUSG00000068744	Psrc1	974	within_tissue_974_gene_panel	0.05	5	FLT_lower	-0.0041144148891614	0.0012678353590402	0.00117356592357	0.0219817924914859	4.041720731437392e-06	0.5338722615565509	4	1	0.8	non_unanimous	False	True	not_stably_selected	not_in_stable_selection_union	False	False	0.0	0.0	False	5.0	5.0	0.0007520168886804	0.2481729632134064	True	False
canonical_tissue	thymus	ENSMUSG00000006715	Gmnn	974	within_tissue_974_gene_panel	0.05	5	FLT_lower	-0.0050733709559632	0.0015731442568256	0.0012597805951744	0.0227227092537027	9.06081363978444e-06	0.7974304529845787	5	0	1.0	unanimous	True	False	reinforced_real_and_synthetic	core_intersection	True	True	0.625	1.0	True	5.0	5.0	0.0144313393923524	0.0955992231801715	True	False
canonical_tissue	thymus	ENSMUSG00000003779	Kif20a	974	within_tissue_974_gene_panel	0.05	5	FLT_lower	-0.0206811560346539	0.0064035485328057	0.0012394621075898	0.0227227092537027	0.00016444997615	0.8669848424349766	5	0	1.0	unanimous	True	False	not_stably_selected	not_in_stable_selection_union	False	False	0.0	0.0	False	5.0	5.0	0.004651984472742	0.2083717829384362	True	False
canonical_tissue	thymus	ENSMUSG00000038936	Sccpdh	974	within_tissue_974_gene_panel	0.05	5	FLT_higher	0.0005651143363349	0.0001759571455279	0.0013197095509262	0.0233708564109489	7.069686300150906e-08	0.5157965837948426	5	0	1.0	unanimous	True	False	not_stably_selected	not_in_stable_selection_union	False	False	0.0	0.0	False	5.0	5.0	0.0001785914892476	0.3537143158163086	True	False
canonical_tissue	thymus	ENSMUSG00000030707	Coro1a	974	within_tissue_974_gene_panel	0.05	5	FLT_lower	-0.0159498554998225	0.0049907568218379	0.0013940550476594	0.0242466002932193	6.606842527662161e-05	0.5787981958863307	4	1	0.8	non_unanimous	False	True	not_stably_selected	not_in_stable_selection_union	False	False	0.0	0.0	False	5.0	5.0	4.574654621155873e-09	0.385400132821616	True	False
canonical_tissue	thymus	ENSMUSG00000027313	Chac1	974	within_tissue_974_gene_panel	0.05	5	FLT_higher	0.0002292236264264	7.202048293662371e-05	0.0014588047648088	0.0249276463319965	0.0	0.0	5	0	1.0	unanimous	True	False	not_stably_selected	not_in_stable_selection_union	False	False	0.0	0.0	False	5.0	5.0	0.0058626898553805	0.4413300324187859	True	False
canonical_tissue	thymus	ENSMUSG00000027342	Pcna	974	within_tissue_974_gene_panel	0.05	5	FLT_lower	-0.0200369719917014	0.0063165508748212	0.0015132100522107	0.0254114929457458	0.0001588162669709	0.8274605937223316	5	0	1.0	unanimous	True	False	not_stably_selected	not_in_stable_selection_union	False	False	0.0	0.0	False	5.0	5.0	0.0059326673674879	0.1491433086190766	True	False
canonical_tissue	thymus	ENSMUSG00000072082	Ccnf	974	within_tissue_974_gene_panel	0.05	5	FLT_lower	-0.0201877828767226	0.0064503573989752	0.0017497573731436	0.0284043946906987	0.0001756033616135	0.9131050332608452	5	0	1.0	unanimous	True	False	not_stably_selected	not_in_stable_selection_union	False	False	0.0	0.0	False	5.0	5.0	0.0008399681737351	0.2460173388287616	True	False
canonical_tissue	thymus	ENSMUSG00000032324	Tspan3	974	within_tissue_974_gene_panel	0.05	5	FLT_higher	0.0015802481799365	0.0005044781115103	0.0017335896212787	0.0284043946906987	7.156719877072765e-07	0.5955319970638092	5	0	1.0	unanimous	True	False	not_stably_selected	not_in_stable_selection_union	False	False	0.0	0.0	False	5.0	5.0	2.541169480892071e-06	0.3524296223382087	True	False
canonical_tissue	thymus	ENSMUSG00000025277	Abhd6	974	within_tissue_974_gene_panel	0.05	5	FLT_higher	0.0020711885045416	0.0006631706454531	0.0017892002161649	0.0285685411564694	1.5102898391571808e-06	0.7493442508928124	4	1	0.8	non_unanimous	False	True	real_only_selected	exploratory_union	True	False	0.75	0.0	False	5.0	5.0	4.562122673030134e-13	0.4510661698304046	True	False
canonical_tissue	thymus	ENSMUSG00000071359	Tbpl1	974	within_tissue_974_gene_panel	0.05	5	FLT_lower	-0.0019750705430614	0.0006341727892737	0.0018431665787553	0.0289555523823816	1.409201775984756e-07	0.0513078911287909	4	1	0.8	non_unanimous	False	True	not_stably_selected	not_in_stable_selection_union	False	False	0.0	0.0	False	5.0	5.0	0.010638334132497	0.3537143158163086	True	False
canonical_tissue	thymus	ENSMUSG00000033379	Atp6v0b	974	within_tissue_974_gene_panel	0.05	5	FLT_higher	0.0029296140033322	0.0009500582756628	0.0020450201611359	0.030643840568407	1.961883135619585e-06	0.5015035760717615	4	1	0.8	non_unanimous	False	True	not_stably_selected	not_in_stable_selection_union	False	False	0.0	0.0	False	5.0	5.0	2.728202980420167e-12	0.614791204506	True	False
canonical_tissue	thymus	ENSMUSG00000045975	C2cd2	974	within_tissue_974_gene_panel	0.05	5	FLT_higher	0.0005010779410227	0.0001624206047315	0.0020350843892086	0.030643840568407	7.498988298259527e-08	0.712888890920362	4	1	0.8	non_unanimous	False	True	not_stably_selected	not_in_stable_selection_union	False	False	0.0	0.0	False	5.0	5.0	0.0008069518859916	0.3537143158163086	True	False
canonical_tissue	thymus	ENSMUSG00000006526	Stimate	974	within_tissue_974_gene_panel	0.05	5	FLT_higher	0.0027372140881495	0.0008856476305653	0.0019972858986269	0.030643840568407	2.345682746825405e-06	0.6363023305412139	5	0	1.0	unanimous	True	False	not_stably_selected	not_in_stable_selection_union	False	False	0.0	0.0	False	5.0	5.0	8.357775602350838e-06	0.3537143158163086	True	False
canonical_tissue	thymus	ENSMUSG00000031633	Slc25a4	974	within_tissue_974_gene_panel	0.05	5	FLT_higher	0.0006309505117799	0.0002062238736007	0.0022167602923619	0.0327140079509166	3.6550105514974674e-08	0.1583219299581769	4	1	0.8	non_unanimous	False	True	not_stably_selected	not_in_stable_selection_union	False	False	0.0	0.0	False	5.0	5.0	0.0001918135793576	0.8566941316976355	True	False
canonical_tissue	thymus	ENSMUSG00000026566	Mpzl1	974	within_tissue_974_gene_panel	0.05	5	FLT_higher	6.844907711792838e-05	2.2424783218547517e-05	0.0022703052980682	0.0330041397062462	1.5054888250622821e-09	0.6464681285125811	4	1	0.8	non_unanimous	False	True	real_only_selected	exploratory_union	True	False	0.625	0.0	False	5.0	5.0	0.0002058918261583	0.3537143158163086	True	False
canonical_tissue	thymus	ENSMUSG00000109511	Nup62	974	within_tissue_974_gene_panel	0.05	5	FLT_lower	-0.0026776839412539	0.0008862400200319	0.0025161028625596	0.0360394733548981	1.8578695994909208e-06	0.5141875265234761	4	1	0.8	non_unanimous	False	True	not_stably_selected	not_in_stable_selection_union	False	False	0.0	0.0	False	5.0	5.0	0.0008355144387593	0.397953519529251	True	False
canonical_tissue	thymus	ENSMUSG00000001036	Epn2	974	within_tissue_974_gene_panel	0.05	5	FLT_higher	0.0017983213207609	0.0005976825971001	0.0026226160448491	0.0364918289669003	1.1016242077690303e-06	0.7708985362587109	5	0	1.0	unanimous	True	False	not_stably_selected	not_in_stable_selection_union	False	False	0.0	0.0	False	5.0	5.0	0.0002007447899851	0.3537143158163086	True	False
canonical_tissue	thymus	ENSMUSG00000024215	Spdef	974	within_tissue_974_gene_panel	0.05	4	FLT_higher	0.0004168577769134	0.0001384422324986	0.0026033797230107	0.0364918289669003	3.6219126565432624e-08	0.4892573751936228	4	0	1.0	unanimous	True	False	not_stably_selected	not_in_stable_selection_union	False	False	0.0	0.0	False	5.0	5.0	0.0118490273374413	0.3628865804122895	True	False
canonical_tissue	thymus	ENSMUSG00000000028	Cdc45	974	within_tissue_974_gene_panel	0.05	5	FLT_lower	-0.0121917708442511	0.0040789046085296	0.0027990898277591	0.0383987815808083	5.737050604477982e-05	0.7389699440094738	5	0	1.0	unanimous	True	False	not_stably_selected	not_in_stable_selection_union	False	False	0.0	0.0	False	5.0	5.0	0.0002982766798995	0.2360215373573266	True	False
canonical_tissue	thymus	ENSMUSG00000028223	Decr1	974	within_tissue_974_gene_panel	0.05	5	FLT_higher	0.0034215799211601	0.001149068158141	0.0029042037082763	0.0392874223869608	2.459968069785285e-06	0.562848221951563	5	0	1.0	unanimous	True	False	not_stably_selected	not_in_stable_selection_union	False	False	0.0	0.0	False	5.0	5.0	1.0305751321278921e-07	0.6564970341962875	True	False
canonical_tissue	thymus	ENSMUSG00000069255	Dusp22	974	within_tissue_974_gene_panel	0.05	5	FLT_higher	0.0044322551881761	0.0014953727985191	0.003036879440741	0.040519459935367	8.424559685394651e-06	0.7825236169208609	5	0	1.0	unanimous	True	False	selected_both_direction_discordant	exploratory_union	True	True	0.5	0.875	False	5.0	5.0	0.0014027580332566	0.4568613455714195	True	False
canonical_tissue	thymus	ENSMUSG00000031902	Nfatc3	974	within_tissue_974_gene_panel	0.05	5	FLT_lower	-0.0126328882633478	0.0043062349883606	0.0033502630111784	0.0440967050390245	3.928087492548568e-05	0.5860801432059787	5	0	1.0	unanimous	True	False	not_stably_selected	not_in_stable_selection_union	False	False	0.0	0.0	False	5.0	5.0	1.3423198554526844e-07	0.1054748510760583	True	False
canonical_tissue	thymus	ENSMUSG00000020027	Socs2	974	within_tissue_974_gene_panel	0.05	5	FLT_higher	0.0028154074119536	0.0009616302534532	0.0034143080423073	0.044340480442765	3.236519211023451e-06	0.7848452972327215	4	1	0.8	non_unanimous	False	True	not_stably_selected	not_in_stable_selection_union	False	False	0.0	0.0	False	5.0	5.0	6.773467327027089e-05	0.4413300324187859	True	False
canonical_tissue	thymus	ENSMUSG00000045294	Insig1	974	within_tissue_974_gene_panel	0.05	5	FLT_lower	-0.0029235348311871	0.0010016740830363	0.0035155207953142	0.0450541744031062	2.5831442498038967e-06	0.6713159451219426	3	2	0.6	non_unanimous	False	True	not_stably_selected	not_in_stable_selection_union	False	False	0.0	0.0	False	5.0	5.0	2.237178627238059e-06	0.7358795681481612	True	False
canonical_tissue	thymus	ENSMUSG00000039474	Wfs1	974	within_tissue_974_gene_panel	0.05	5	FLT_higher	0.0006330154879436	0.0002174501846612	0.00360178579516	0.0455602514868293	1.3838357475708289e-07	0.637548004917836	5	0	1.0	unanimous	True	False	real_only_selected	exploratory_union	True	False	0.5	0.0	False	5.0	5.0	3.526713518738392e-05	0.3537143158163086	True	False
canonical_tissue	thymus	ENSMUSG00000019478	Rab4a	974	within_tissue_974_gene_panel	0.05	5	FLT_higher	0.0011866668091366	0.0004111787031521	0.0039015686580017	0.0487195881140213	6.590988391531064e-07	0.7939597829812886	5	0	1.0	unanimous	True	False	not_stably_selected	not_in_stable_selection_union	False	False	0.0	0.0	False	5.0	5.0	0.0099569264655804	0.2917183218047198	True	False
skeletal_muscle_group	edl	ENSMUSG00000022822	Abcc5	974	within_tissue_974_gene_panel	0.05	2	FLT_lower	-0.0042267235298966	0.000388549757559	1.464193719396247e-27	1.4261246826919443e-24	0.0	0.0	2	0	1.0	unanimous	True	False	reinforced_real_and_synthetic	core_intersection	True	True	1.0	1.0	True	2.0	0.0	1.0	1.0	False	False
skeletal_muscle_group	edl	ENSMUSG00000031683	Lsm6	974	within_tissue_974_gene_panel	0.05	2	FLT_lower	-0.0045082177158525	0.0004281657960777	6.341098117633677e-26	3.0881147832876004e-23	0.0	0.0	2	0	1.0	unanimous	True	False	reinforced_real_and_synthetic	core_intersection	True	True	1.0	1.0	True	2.0	0.0	1.0	1.0	False	False
skeletal_muscle_group	edl	ENSMUSG00000053604	Rpia	974	within_tissue_974_gene_panel	0.05	2	FLT_lower	-0.0031162425375964	0.0003196499214317	1.8643522276865554e-22	6.052930232555683e-20	0.0	0.0	2	0	1.0	unanimous	True	False	not_stably_selected	not_in_stable_selection_union	False	False	0.0	0.0	False	2.0	0.0	1.0	1.0	False	False
skeletal_muscle_group	edl	ENSMUSG00000023147	Get1	974	within_tissue_974_gene_panel	0.05	2	FLT_lower	-0.000311554047342	3.542489509700714e-05	1.4333254684795054e-18	3.4901475157475955e-16	0.0	0.0	2	0	1.0	unanimous	True	False	not_stably_selected	not_in_stable_selection_union	False	False	0.0	0.0	False	2.0	0.0	1.0	1.0	False	False
skeletal_muscle_group	edl	ENSMUSG00000003518	Dusp3	974	within_tissue_974_gene_panel	0.05	2	FLT_lower	-0.0008362267988103	9.600689513152538e-05	3.0368659294332278e-18	5.915814830535927e-16	0.0	0.0	2	0	1.0	unanimous	True	False	not_stably_selected	not_in_stable_selection_union	False	False	0.0	0.0	False	2.0	0.0	1.0	1.0	False	False
skeletal_muscle_group	edl	ENSMUSG00000028293	Slc35a1	974	within_tissue_974_gene_panel	0.05	2	FLT_lower	-0.0006335106142355	7.382643536617895e-05	9.39857521468151e-18	1.5257020431832984e-15	0.0	0.0	2	0	1.0	unanimous	True	False	not_stably_selected	not_in_stable_selection_union	False	False	0.0	0.0	False	2.0	0.0	1.0	1.0	False	False
skeletal_muscle_group	edl	ENSMUSG00000022013	Dnajc15	974	within_tissue_974_gene_panel	0.05	2	FLT_lower	-0.0019842681185897	0.000235798197662	3.92521465257588e-17	5.461655816584154e-15	0.0	0.0	2	0	1.0	unanimous	True	False	not_stably_selected	not_in_stable_selection_union	False	False	0.0	0.0	False	2.0	0.0	1.0	1.0	False	False
skeletal_muscle_group	edl	ENSMUSG00000056091	St3gal5	974	within_tissue_974_gene_panel	0.05	2	FLT_higher	0.0082944931425746	0.0009993287717799	1.0405499196651482e-16	1.2668695271923179e-14	0.0	0.0	2	0	1.0	unanimous	True	False	not_stably_selected	not_in_stable_selection_union	False	False	0.0	0.0	False	2.0	0.0	1.0	1.0	False	False
skeletal_muscle_group	edl	ENSMUSG00000034210	Efcab14	974	within_tissue_974_gene_panel	0.05	2	FLT_lower	-0.0008112479966472	0.0001093631080542	1.1896398613656326e-13	1.2874546944112514e-11	0.0	0.0	2	0	1.0	unanimous	True	False	not_stably_selected	not_in_stable_selection_union	False	False	0.0	0.0	False	2.0	0.0	1.0	1.0	False	False
skeletal_muscle_group	edl	ENSMUSG00000021548	Ccnh	974	within_tissue_974_gene_panel	0.05	2	FLT_lower	-0.0016581994263735	0.0002282848400841	3.765594754972733e-13	3.667689291343441e-11	0.0	0.0	2	0	1.0	unanimous	True	False	not_stably_selected	not_in_stable_selection_union	False	False	0.0	0.0	False	2.0	0.0	1.0	1.0	False	False
skeletal_muscle_group	edl	ENSMUSG00000017776	Crk	974	within_tissue_974_gene_panel	0.05	2	FLT_lower	-0.0040841030174705	0.0005777779232131	1.564616425237255e-12	1.385396725619169e-10	0.0	0.0	2	0	1.0	unanimous	True	False	not_stably_selected	not_in_stable_selection_union	False	False	0.0	0.0	False	2.0	0.0	1.0	1.0	False	False
skeletal_muscle_group	edl	ENSMUSG00000045975	C2cd2	974	within_tissue_974_gene_panel	0.05	2	FLT_lower	-0.0043452915005882	0.0006199091552089	2.390657702293035e-12	1.94041716836118e-10	0.0	0.0	2	0	1.0	unanimous	True	False	not_stably_selected	not_in_stable_selection_union	False	False	0.0	0.0	False	2.0	0.0	1.0	1.0	False	False
skeletal_muscle_group	edl	ENSMUSG00000030357	Fkbp4	974	within_tissue_974_gene_panel	0.05	2	FLT_lower	-0.0057263648359505	0.0008226065684293	3.372816032315833e-12	2.5270175503658623e-10	0.0	0.0	2	0	1.0	unanimous	True	False	not_stably_selected	not_in_stable_selection_union	False	False	0.0	0.0	False	2.0	0.0	1.0	1.0	False	False
skeletal_muscle_group	edl	ENSMUSG00000056121	Fez2	974	within_tissue_974_gene_panel	0.05	2	FLT_lower	-0.0033035171511976	0.0004832903594838	8.17361339901944e-12	5.686499607603524e-10	0.0	0.0	2	0	1.0	unanimous	True	False	not_stably_selected	not_in_stable_selection_union	False	False	0.0	0.0	False	2.0	0.0	1.0	1.0	False	False
skeletal_muscle_group	edl	ENSMUSG00000029992	Gfpt1	974	within_tissue_974_gene_panel	0.05	2	FLT_lower	-0.002020048240606	0.0002999145129751	1.6346445911242002e-11	1.0614292211699806e-09	0.0	0.0	2	0	1.0	unanimous	True	False	not_stably_selected	not_in_stable_selection_union	False	False	0.0	0.0	False	2.0	0.0	1.0	1.0	False	False
skeletal_muscle_group	edl	ENSMUSG00000052428	Tmco1	974	within_tissue_974_gene_panel	0.05	2	FLT_lower	-0.0007922446794169	0.0001217171136321	7.570243843776098e-11	4.6083859398987e-09	0.0	0.0	2	0	1.0	unanimous	True	False	not_stably_selected	not_in_stable_selection_union	False	False	0.0	0.0	False	2.0	0.0	1.0	1.0	False	False
skeletal_muscle_group	edl	ENSMUSG00000026727	Rsu1	974	within_tissue_974_gene_panel	0.05	2	FLT_lower	-0.000636017698255	0.0001031313357555	6.956896458036187e-10	3.985892441251321e-08	0.0	0.0	2	0	1.0	unanimous	True	False	real_only_selected	exploratory_union	True	False	0.875	0.0	False	2.0	0.0	1.0	1.0	False	False
skeletal_muscle_group	edl	ENSMUSG00000027601	Mtfr1	974	within_tissue_974_gene_panel	0.05	2	FLT_lower	-0.0006232036826415	0.0001043893110362	2.3726061163833672e-09	1.283843531865222e-07	0.0	0.0	2	0	1.0	unanimous	True	False	not_stably_selected	not_in_stable_selection_union	False	False	0.0	0.0	False	2.0	0.0	1.0	1.0	False	False
skeletal_muscle_group	edl	ENSMUSG00000019590	Cyb561	974	within_tissue_974_gene_panel	0.05	2	FLT_lower	-0.0002859568628677	4.81598973352061e-05	2.8912737475181373e-09	1.482158226359298e-07	0.0	0.0	2	0	1.0	unanimous	True	False	not_stably_selected	not_in_stable_selection_union	False	False	0.0	0.0	False	2.0	0.0	1.0	1.0	False	False
skeletal_muscle_group	edl	ENSMUSG00000021840	Mapk1ip1l	974	within_tissue_974_gene_panel	0.05	2	FLT_lower	-0.000532729742267	9.027640559010824e-05	3.610945541307114e-09	1.7003706554976785e-07	0.0	0.0	2	0	1.0	unanimous	True	False	not_stably_selected	not_in_stable_selection_union	False	False	0.0	0.0	False	2.0	0.0	1.0	1.0	False	False
skeletal_muscle_group	edl	ENSMUSG00000007815	Rhoa	974	within_tissue_974_gene_panel	0.05	2	FLT_lower	-0.0026752699110601	0.0004535435768932	3.666096895836883e-09	1.7003706554976785e-07	0.0	0.0	2	0	1.0	unanimous	True	False	not_stably_selected	not_in_stable_selection_union	False	False	0.0	0.0	False	2.0	0.0	1.0	1.0	False	False
skeletal_muscle_group	edl	ENSMUSG00000019777	Hdac2	974	within_tissue_974_gene_panel	0.05	2	FLT_lower	-0.0020041384753517	0.0003439319394881	5.638637630974739e-09	2.387840457638868e-07	0.0	0.0	2	0	1.0	unanimous	True	False	not_stably_selected	not_in_stable_selection_union	False	False	0.0	0.0	False	2.0	0.0	1.0	1.0	False	False
skeletal_muscle_group	edl	ENSMUSG00000029534	St7	974	within_tissue_974_gene_panel	0.05	2	FLT_lower	-0.0009450871748213	0.0001621127028084	5.548863605451405e-09	2.387840457638868e-07	0.0	0.0	2	0	1.0	unanimous	True	False	not_stably_selected	not_in_stable_selection_union	False	False	0.0	0.0	False	2.0	0.0	1.0	1.0	False	False
skeletal_muscle_group	edl	ENSMUSG00000029326	Enoph1	974	within_tissue_974_gene_panel	0.05	2	FLT_lower	-0.0001918709882441	3.3033944008701626e-05	6.31111430555076e-09	2.56126055566935e-07	0.0	0.0	2	0	1.0	unanimous	True	False	not_stably_selected	not_in_stable_selection_union	False	False	0.0	0.0	False	2.0	0.0	1.0	1.0	False	False
skeletal_muscle_group	edl	ENSMUSG00000031536	Polb	974	within_tissue_974_gene_panel	0.05	2	FLT_lower	-0.0013511592372587	0.0002343222445807	8.105768114838777e-09	3.158007257541187e-07	0.0	0.0	2	0	1.0	unanimous	True	False	not_stably_selected	not_in_stable_selection_union	False	False	0.0	0.0	False	2.0	0.0	1.0	1.0	False	False
skeletal_muscle_group	edl	ENSMUSG00000038784	Cnot4	974	within_tissue_974_gene_panel	0.05	2	FLT_lower	-0.0009950352524784	0.0001727887725975	8.477422642830336e-09	3.1757729438910565e-07	0.0	0.0	2	0	1.0	unanimous	True	False	real_only_selected	exploratory_union	True	False	0.875	0.0	False	2.0	0.0	1.0	1.0	False	False
skeletal_muscle_group	edl	ENSMUSG00000022752	Tomm70a	974	within_tissue_974_gene_panel	0.05	2	FLT_lower	-0.002361097582454	0.0004115134702507	9.603048074473883e-09	3.464210675754653e-07	0.0	0.0	2	0	1.0	unanimous	True	False	not_stably_selected	not_in_stable_selection_union	False	False	0.0	0.0	False	2.0	0.0	1.0	1.0	False	False
skeletal_muscle_group	edl	ENSMUSG00000066877	Nck2	974	within_tissue_974_gene_panel	0.05	2	FLT_lower	-0.0004825135193956	8.570127874063589e-05	1.8002294021378965e-08	6.262226563151112e-07	4.357460895875505e-09	0.0385010681221936	2	0	1.0	unanimous	True	False	not_stably_selected	not_in_stable_selection_union	False	False	0.0	0.0	False	2.0	0.0	1.0	1.0	False	False
skeletal_muscle_group	edl	ENSMUSG00000038774	Ascc3	974	within_tissue_974_gene_panel	0.05	2	FLT_lower	-0.0019947975628623	0.0003600732529368	3.0251126328324924e-08	1.016020587716844e-06	6.757263719076336e-08	0.2604618015041796	2	0	1.0	unanimous	True	False	real_only_selected	exploratory_union	True	False	0.75	0.0	False	2.0	0.0	1.0	1.0	False	False
skeletal_muscle_group	edl	ENSMUSG00000052102	Gnpda1	974	within_tissue_974_gene_panel	0.05	2	FLT_lower	-0.0016608296688275	0.0003030673601444	4.2516298082111557e-08	1.380362477732555e-06	0.0	0.0	2	0	1.0	unanimous	True	False	not_stably_selected	not_in_stable_selection_union	False	False	0.0	0.0	False	2.0	0.0	1.0	1.0	False	False
skeletal_muscle_group	edl	ENSMUSG00000010057	Nprl2	974	within_tissue_974_gene_panel	0.05	2	FLT_lower	-0.0018136367253797	0.0003379245168908	8.006251475710623e-08	2.51551256043295e-06	0.0	0.0	2	0	1.0	unanimous	True	False	not_stably_selected	not_in_stable_selection_union	False	False	0.0	0.0	False	2.0	0.0	1.0	1.0	False	False
skeletal_muscle_group	edl	ENSMUSG00000023067	Cdkn1a	974	within_tissue_974_gene_panel	0.05	2	FLT_higher	0.0054606043228264	0.0010363539572511	1.3712908520876437e-07	4.1738665310417644e-06	1.0384035388609194e-06	0.183066726577842	2	0	1.0	unanimous	True	False	not_stably_selected	not_in_stable_selection_union	False	False	0.0	0.0	False	2.0	0.0	1.0	1.0	False	False
skeletal_muscle_group	edl	ENSMUSG00000006134	Crkl	974	within_tissue_974_gene_panel	0.05	2	FLT_lower	-0.001249872141965	0.0002381718791228	1.539481712007258e-07	4.543803598469907e-06	0.0	0.0	2	0	1.0	unanimous	True	False	not_stably_selected	not_in_stable_selection_union	False	False	0.0	0.0	False	2.0	0.0	1.0	1.0	False	False
skeletal_muscle_group	edl	ENSMUSG00000027763	Mbnl1	974	within_tissue_974_gene_panel	0.05	2	FLT_lower	-0.0154622878613349	0.0029525252439691	1.6323369365427145e-07	4.676165224095894e-06	0.0	0.0	2	0	1.0	unanimous	True	False	not_stably_selected	not_in_stable_selection_union	False	False	0.0	0.0	False	2.0	0.0	1.0	1.0	False	False
skeletal_muscle_group	edl	ENSMUSG00000054894	Dmac2l	974	within_tissue_974_gene_panel	0.05	2	FLT_lower	-0.0005286977802569	0.0001044423545755	4.146605561221603e-07	1.1539410904656687e-05	0.0	0.0	2	0	1.0	unanimous	True	False	not_stably_selected	not_in_stable_selection_union	False	False	0.0	0.0	False	2.0	0.0	1.0	1.0	False	False
skeletal_muscle_group	edl	ENSMUSG00000023272	Creld2	974	within_tissue_974_gene_panel	0.05	2	FLT_lower	-0.0003915922369972	7.765925596861091e-05	4.596298573815196e-07	1.243554114137778e-05	0.0	0.0	2	0	1.0	unanimous	True	False	not_stably_selected	not_in_stable_selection_union	False	False	0.0	0.0	False	2.0	0.0	1.0	1.0	False	False
skeletal_muscle_group	edl	ENSMUSG00000049950	Rpp38	974	within_tissue_974_gene_panel	0.05	2	FLT_lower	-0.0001316445671012	2.6466592671917667e-05	6.55886961343278e-07	1.681141843021981e-05	0.0	0.0	2	0	1.0	unanimous	True	False	real_only_selected	exploratory_union	True	False	0.875	0.0	False	2.0	0.0	1.0	1.0	False	False
skeletal_muscle_group	edl	ENSMUSG00000094870	Zfp131	974	within_tissue_974_gene_panel	0.05	2	FLT_lower	-0.0005438457800262	0.0001092712421758	6.456875314902841e-07	1.681141843021981e-05	1.1364258214458978e-08	0.471423958562735	2	0	1.0	unanimous	True	False	not_stably_selected	not_in_stable_selection_union	False	False	0.0	0.0	False	2.0	0.0	1.0	1.0	False	False
skeletal_muscle_group	edl	ENSMUSG00000020661	Dnmt3a	974	within_tissue_974_gene_panel	0.05	2	FLT_lower	-0.0023548217611097	0.0004816960002504	1.0155272209621031e-06	2.536214136454073e-05	0.0	0.0	2	0	1.0	unanimous	True	False	not_stably_selected	not_in_stable_selection_union	False	False	0.0	0.0	False	2.0	0.0	1.0	1.0	False	False
skeletal_muscle_group	edl	ENSMUSG00000026203	Dnajb2	974	within_tissue_974_gene_panel	0.05	2	FLT_lower	-0.001815360705387	0.0003794260909881	1.7142120513103484e-06	4.174106344940699e-05	0.0	0.0	2	0	1.0	unanimous	True	False	not_stably_selected	not_in_stable_selection_union	False	False	0.0	0.0	False	2.0	0.0	1.0	1.0	False	False
skeletal_muscle_group	edl	ENSMUSG00000028944	Prkag2	974	within_tissue_974_gene_panel	0.05	2	FLT_lower	-0.0008923148780077	0.0001868589004939	1.7940342494364504e-06	4.2619252657343967e-05	0.0	0.0	2	0	1.0	unanimous	True	False	not_stably_selected	not_in_stable_selection_union	False	False	0.0	0.0	False	2.0	0.0	1.0	1.0	False	False
skeletal_muscle_group	edl	ENSMUSG00000019738	Polr2i	974	within_tissue_974_gene_panel	0.05	2	FLT_lower	-0.0047621515866359	0.0010057408345842	2.190886771343e-06	5.0807707506859085e-05	0.0	0.0	2	0	1.0	unanimous	True	False	synthetic_promoted	generated_supported	False	True	0.0	1.0	True	2.0	0.0	1.0	1.0	False	False
skeletal_muscle_group	edl	ENSMUSG00000079111	Kdelr2	974	within_tissue_974_gene_panel	0.05	2	FLT_lower	-0.0006209541267124	0.0001313165178205	2.2598138651927146e-06	5.118741173715591e-05	0.0	0.0	2	0	1.0	unanimous	True	False	not_stably_selected	not_in_stable_selection_union	False	False	0.0	0.0	False	2.0	0.0	1.0	1.0	False	False
skeletal_muscle_group	edl	ENSMUSG00000028495	Rps6	974	within_tissue_974_gene_panel	0.05	2	FLT_lower	-0.0015891845120228	0.0003410148826507	3.159609928269004e-06	6.994227432122749e-05	5.2422820406423773e-08	0.12687728820516	2	0	1.0	unanimous	True	False	not_stably_selected	not_in_stable_selection_union	False	False	0.0	0.0	False	2.0	0.0	1.0	1.0	False	False
skeletal_muscle_group	edl	ENSMUSG00000006699	Cdc42	974	within_tissue_974_gene_panel	0.05	2	FLT_lower	-0.0023963599968504	0.0005343549131895	7.305600009654782e-06	0.0001581256535423	0.0	0.0	2	0	1.0	unanimous	True	False	not_stably_selected	not_in_stable_selection_union	False	False	0.0	0.0	False	2.0	0.0	1.0	1.0	False	False
skeletal_muscle_group	edl	ENSMUSG00000057134	Ado	974	within_tissue_974_gene_panel	0.05	2	FLT_lower	-0.0004830345994126	0.0001079157557567	7.604235543551148e-06	0.0001610114221612	0.0	0.0	2	0	1.0	unanimous	True	False	not_stably_selected	not_in_stable_selection_union	False	False	0.0	0.0	False	2.0	0.0	1.0	1.0	False	False
skeletal_muscle_group	edl	ENSMUSG00000024165	Jpt2	974	within_tissue_974_gene_panel	0.05	2	FLT_lower	-0.0003013744127401	6.825486401880789e-05	1.0081050107035516e-05	0.0002089136766862	0.0	0.0	2	0	1.0	unanimous	True	False	not_stably_selected	not_in_stable_selection_union	False	False	0.0	0.0	False	2.0	0.0	1.0	1.0	False	False
skeletal_muscle_group	edl	ENSMUSG00000042508	Dmtf1	974	within_tissue_974_gene_panel	0.05	2	FLT_lower	-0.0005520241222732	0.0001263876869339	1.255589712930056e-05	0.0002547467145231	0.0	0.0	2	0	1.0	unanimous	True	False	not_stably_selected	not_in_stable_selection_union	False	False	0.0	0.0	False	2.0	0.0	1.0	1.0	False	False
skeletal_muscle_group	edl	ENSMUSG00000031540	Kat6a	974	within_tissue_974_gene_panel	0.05	2	FLT_lower	-0.0023655884352569	0.000542462844643	1.295698016661302e-05	0.0002547467145231	0.0	0.0	2	0	1.0	unanimous	True	False	not_stably_selected	not_in_stable_selection_union	False	False	0.0	0.0	False	2.0	0.0	1.0	1.0	False	False
skeletal_muscle_group	edl	ENSMUSG00000043909	Trp53bp1	974	within_tissue_974_gene_panel	0.05	2	FLT_lower	-0.0001225314416801	2.8111234558152956e-05	1.3077346741435217e-05	0.0002547467145231	0.0	0.0	2	0	1.0	unanimous	True	False	not_stably_selected	not_in_stable_selection_union	False	False	0.0	0.0	False	2.0	0.0	1.0	1.0	False	False
skeletal_muscle_group	edl	ENSMUSG00000035596	Mboat7	974	within_tissue_974_gene_panel	0.05	2	FLT_lower	-0.0002503051120031	5.748384265942787e-05	1.334587073186346e-05	0.0002548799626046	0.0	0.0	2	0	1.0	unanimous	True	False	not_stably_selected	not_in_stable_selection_union	False	False	0.0	0.0	False	2.0	0.0	1.0	1.0	False	False
skeletal_muscle_group	edl	ENSMUSG00000004035	Gstm7	974	within_tissue_974_gene_panel	0.05	2	FLT_higher	0.0006585540163891	0.0001526924577899	1.6109494843904373e-05	0.0003017432303454	2.893334432230329e-08	0.57224179953982	2	0	1.0	unanimous	True	False	not_stably_selected	not_in_stable_selection_union	False	False	0.0	0.0	False	2.0	0.0	1.0	1.0	False	False
skeletal_muscle_group	edl	ENSMUSG00000018583	G3bp1	974	within_tissue_974_gene_panel	0.05	2	FLT_lower	-0.0048246350634469	0.0011216442716409	1.6972619481505226e-05	0.0003119119127355	0.0	0.0	2	0	1.0	unanimous	True	False	not_stably_selected	not_in_stable_selection_union	False	False	0.0	0.0	False	2.0	0.0	1.0	1.0	False	False
skeletal_muscle_group	edl	ENSMUSG00000027018	Hat1	974	within_tissue_974_gene_panel	0.05	2	FLT_lower	-0.0003895725863803	9.097558452229164e-05	1.8508253307011864e-05	0.0003338340503894	0.0	0.0	2	0	1.0	unanimous	True	False	not_stably_selected	not_in_stable_selection_union	False	False	0.0	0.0	False	2.0	0.0	1.0	1.0	False	False
skeletal_muscle_group	edl	ENSMUSG00000055128	Cgrrf1	974	within_tissue_974_gene_panel	0.05	2	FLT_lower	-0.0002882874815967	6.833777141754025e-05	2.458596878854272e-05	0.0004276202428578	5.177882505708647e-09	0.5287846748741889	2	0	1.0	unanimous	True	False	not_stably_selected	not_in_stable_selection_union	False	False	0.0	0.0	False	2.0	0.0	1.0	1.0	False	False
skeletal_muscle_group	edl	ENSMUSG00000019978	Epb41l2	974	within_tissue_974_gene_panel	0.05	2	FLT_lower	-0.0014866524398788	0.0003522870076344	2.442984190991108e-05	0.0004276202428578	5.0365181846529257e-08	0.1639886523931998	2	0	1.0	unanimous	True	False	not_stably_selected	not_in_stable_selection_union	False	False	0.0	0.0	False	2.0	0.0	1.0	1.0	False	False
skeletal_muscle_group	edl	ENSMUSG00000021892	Sh3bp5	974	within_tissue_974_gene_panel	0.05	2	FLT_higher	0.0013989054451033	0.0003397822300381	3.8372827614688944e-05	0.0006557041069597	0.0	0.0	2	0	1.0	unanimous	True	False	not_stably_selected	not_in_stable_selection_union	False	False	0.0	0.0	False	2.0	0.0	1.0	1.0	False	False
skeletal_muscle_group	edl	ENSMUSG00000031592	Pcm1	974	within_tissue_974_gene_panel	0.05	2	FLT_lower	-0.0040689610560737	0.0010204739179499	6.682248991390322e-05	0.0011221569857955	0.0	0.0	2	0	1.0	unanimous	True	False	not_stably_selected	not_in_stable_selection_union	False	False	0.0	0.0	False	2.0	0.0	1.0	1.0	False	False
skeletal_muscle_group	edl	ENSMUSG00000078566	Bnip3	974	within_tissue_974_gene_panel	0.05	2	FLT_higher	0.0085901953102624	0.0021618070152843	7.078905729089564e-05	0.0011320898552349	1.8895026106012136e-06	0.2000634550321732	2	0	1.0	unanimous	True	False	not_stably_selected	not_in_stable_selection_union	False	False	0.0	0.0	False	2.0	0.0	1.0	1.0	False	False
skeletal_muscle_group	edl	ENSMUSG00000024754	Cemip2	974	within_tissue_974_gene_panel	0.05	2	FLT_lower	-0.0013809412575664	0.0003476762803586	7.129662396810816e-05	0.0011320898552349	0.0	0.0	2	0	1.0	unanimous	True	False	not_stably_selected	not_in_stable_selection_union	False	False	0.0	0.0	False	2.0	0.0	1.0	1.0	False	False
skeletal_muscle_group	edl	ENSMUSG00000032192	Gnb5	974	within_tissue_974_gene_panel	0.05	2	FLT_lower	-0.0007842674834341	0.0001977699430447	7.322552451724896e-05	0.0011320898552349	2.551708219914203e-08	0.0819016969139518	2	0	1.0	unanimous	True	False	not_stably_selected	not_in_stable_selection_union	False	False	0.0	0.0	False	2.0	0.0	1.0	1.0	False	False
skeletal_muscle_group	edl	ENSMUSG00000022216	Psme1	974	within_tissue_974_gene_panel	0.05	2	FLT_lower	-0.0007807597348669	0.0001967604376559	7.245621110076106e-05	0.0011320898552349	3.454892635198226e-08	0.4383242315698863	2	0	1.0	unanimous	True	False	not_stably_selected	not_in_stable_selection_union	False	False	0.0	0.0	False	2.0	0.0	1.0	1.0	False	False
skeletal_muscle_group	edl	ENSMUSG00000025140	Pycr1	974	within_tissue_974_gene_panel	0.05	2	FLT_lower	-0.0003466259488331	8.725851477535992e-05	7.115133967070145e-05	0.0011320898552349	0.0	0.0	2	0	1.0	unanimous	True	False	not_stably_selected	not_in_stable_selection_union	False	False	0.0	0.0	False	2.0	0.0	1.0	1.0	False	False
skeletal_muscle_group	edl	ENSMUSG00000049960	Mrps16	974	within_tissue_974_gene_panel	0.05	2	FLT_lower	-0.0021589092481241	0.0005453710570794	7.538841843589565e-05	0.0011473174930712	3.541589502258112e-07	0.5160765500571111	2	0	1.0	unanimous	True	False	not_stably_selected	not_in_stable_selection_union	False	False	0.0	0.0	False	2.0	0.0	1.0	1.0	False	False
skeletal_muscle_group	edl	ENSMUSG00000020745	Pafah1b1	974	within_tissue_974_gene_panel	0.05	2	FLT_lower	-0.0026287577299279	0.0006656532558147	7.843255471634135e-05	0.0011752816660571	0.0	0.0	2	0	1.0	unanimous	True	False	not_stably_selected	not_in_stable_selection_union	False	False	0.0	0.0	False	2.0	0.0	1.0	1.0	False	False
skeletal_muscle_group	edl	ENSMUSG00000003873	Bax	974	within_tissue_974_gene_panel	0.05	2	FLT_lower	-0.0005850282276148	0.0001483051087738	7.9879566845532e-05	0.0011788287592052	0.0	0.0	2	0	1.0	unanimous	True	False	not_stably_selected	not_in_stable_selection_union	False	False	0.0	0.0	False	2.0	0.0	1.0	1.0	False	False
skeletal_muscle_group	edl	ENSMUSG00000067787	Blcap	974	within_tissue_974_gene_panel	0.05	2	FLT_lower	-0.0014443109850204	0.0003685345117291	8.889286229949188e-05	0.0012732595276427	0.0	0.0	2	0	1.0	unanimous	True	False	not_stably_selected	not_in_stable_selection_union	False	False	0.0	0.0	False	2.0	0.0	1.0	1.0	False	False
skeletal_muscle_group	edl	ENSMUSG00000022668	Gtpbp8	974	within_tissue_974_gene_panel	0.05	2	FLT_lower	-0.0009005470432043	0.0002296907973569	8.829478144100294e-05	0.0012732595276427	0.0	0.0	2	0	1.0	unanimous	True	False	not_stably_selected	not_in_stable_selection_union	False	False	0.0	0.0	False	2.0	0.0	1.0	1.0	False	False
skeletal_muscle_group	edl	ENSMUSG00000031431	Tsc22d3	974	within_tissue_974_gene_panel	0.05	2	FLT_lower	-0.0092107808908421	0.002378525931666	0.0001077359743151	0.0015207947678694	0.0	0.0	2	0	1.0	unanimous	True	False	synthetic_promoted	generated_supported	False	True	0.0	0.625	True	2.0	0.0	1.0	1.0	False	False
skeletal_muscle_group	edl	ENSMUSG00000026104	Stat1	974	within_tissue_974_gene_panel	0.05	2	FLT_lower	-0.0006152944642187	0.0001624572584819	0.0001522174320754	0.0021179968405927	0.0	0.0	2	0	1.0	unanimous	True	False	not_stably_selected	not_in_stable_selection_union	False	False	0.0	0.0	False	2.0	0.0	1.0	1.0	False	False
skeletal_muscle_group	edl	ENSMUSG00000031562	Dctd	974	within_tissue_974_gene_panel	0.05	2	FLT_lower	-1.83190354947826e-05	5.030161530888734e-06	0.0002706979731719	0.0037135186742173	0.0	0.0	2	0	1.0	unanimous	True	False	not_stably_selected	not_in_stable_selection_union	False	False	0.0	0.0	False	2.0	0.0	1.0	1.0	False	False
skeletal_muscle_group	edl	ENSMUSG00000048578	Mlec	974	within_tissue_974_gene_panel	0.05	2	FLT_lower	-0.0160824722701565	0.0044346844995624	0.0002872665191718	0.0038860776343526	2.8162762723887798e-05	0.6632581601365775	2	0	1.0	unanimous	True	False	not_stably_selected	not_in_stable_selection_union	False	False	0.0	0.0	False	2.0	0.0	1.0	1.0	False	False
skeletal_muscle_group	edl	ENSMUSG00000023915	Tnfrsf21	974	within_tissue_974_gene_panel	0.05	2	FLT_lower	-0.0015845413220026	0.0004379606763502	0.0002968894571326	0.0039612374143458	0.0	0.0	2	0	1.0	unanimous	True	False	not_stably_selected	not_in_stable_selection_union	False	False	0.0	0.0	False	2.0	0.0	1.0	1.0	False	False
skeletal_muscle_group	edl	ENSMUSG00000024045	Akap8	974	within_tissue_974_gene_panel	0.05	2	FLT_lower	-0.000837516317872	0.000232124286488	0.0003085055795414	0.0040190784711893	0.0	0.0	2	0	1.0	unanimous	True	False	not_stably_selected	not_in_stable_selection_union	False	False	0.0	0.0	False	2.0	0.0	1.0	1.0	False	False
skeletal_muscle_group	edl	ENSMUSG00000079197	Psme2	974	within_tissue_974_gene_panel	0.05	2	FLT_lower	-0.0004167375883353	0.0001155282600386	0.0003094772950094	0.0040190784711893	0.0	0.0	2	0	1.0	unanimous	True	False	not_stably_selected	not_in_stable_selection_union	False	False	0.0	0.0	False	2.0	0.0	1.0	1.0	False	False
skeletal_muscle_group	edl	ENSMUSG00000004846	Plod3	974	within_tissue_974_gene_panel	0.05	2	FLT_lower	-0.0004916130797231	0.0001368225767647	0.0003268048969905	0.0041882627588002	0.0	0.0	2	0	1.0	unanimous	True	False	not_stably_selected	not_in_stable_selection_union	False	False	0.0	0.0	False	2.0	0.0	1.0	1.0	False	False
skeletal_muscle_group	edl	ENSMUSG00000015839	Nfe2l2	974	within_tissue_974_gene_panel	0.05	2	FLT_lower	-0.0028716147535753	0.0008033820758518	0.0003510221520704	0.0044402022872283	0.0	0.0	2	0	1.0	unanimous	True	False	not_stably_selected	not_in_stable_selection_union	False	False	0.0	0.0	False	2.0	0.0	1.0	1.0	False	False
skeletal_muscle_group	edl	ENSMUSG00000031429	Psmd10	974	within_tissue_974_gene_panel	0.05	2	FLT_lower	-0.0004742670355049	0.0001328887051997	0.0003584777002792	0.0044763753855386	0.0	0.0	2	0	1.0	unanimous	True	False	not_stably_selected	not_in_stable_selection_union	False	False	0.0	0.0	False	2.0	0.0	1.0	1.0	False	False
skeletal_muscle_group	edl	ENSMUSG00000022607	Ptk2	974	within_tissue_974_gene_panel	0.05	2	FLT_lower	-0.001509612331704	0.0004279656695394	0.0004196391786385	0.0051737792404296	0.0	0.0	2	0	1.0	unanimous	True	False	not_stably_selected	not_in_stable_selection_union	False	False	0.0	0.0	False	2.0	0.0	1.0	1.0	False	False
skeletal_muscle_group	edl	ENSMUSG00000029136	Rbks	974	within_tissue_974_gene_panel	0.05	2	FLT_higher	0.0005179287708938	0.0001470208812532	0.0004269739008062	0.005198407242316	0.0	0.0	2	0	1.0	unanimous	True	False	real_only_selected	exploratory_union	True	False	0.625	0.0	False	2.0	0.0	1.0	1.0	False	False
skeletal_muscle_group	edl	ENSMUSG00000030881	Arfip2	974	within_tissue_974_gene_panel	0.05	2	FLT_lower	-0.0003643359750552	0.0001037749124748	0.0004467116060996	0.0053715691893959	0.0	0.0	2	0	1.0	unanimous	True	False	not_stably_selected	not_in_stable_selection_union	False	False	0.0	0.0	False	2.0	0.0	1.0	1.0	False	False
skeletal_muscle_group	edl	ENSMUSG00000070923	Klhl9	974	within_tissue_974_gene_panel	0.05	2	FLT_lower	-0.0009620899297753	0.0002746116790494	0.0004592625524842	0.0054551430014595	5.1537808272064607e-08	0.3370889643287447	2	0	1.0	unanimous	True	False	not_stably_selected	not_in_stable_selection_union	False	False	0.0	0.0	False	2.0	0.0	1.0	1.0	False	False
skeletal_muscle_group	edl	ENSMUSG00000026576	Atp1b1	974	within_tissue_974_gene_panel	0.05	2	FLT_lower	-0.0005502655114517	0.0001574885066715	0.0004758334454258	0.0055838768174072	0.0	0.0	1	1	0.5	non_unanimous	False	True	not_stably_selected	not_in_stable_selection_union	False	False	0.0	0.0	False	2.0	0.0	1.0	1.0	False	False
skeletal_muscle_group	edl	ENSMUSG00000031012	Cask	974	within_tissue_974_gene_panel	0.05	2	FLT_lower	-0.0001899525131223	5.445229022010222e-05	0.0004858823647767	0.0056339217058632	0.0	0.0	2	0	1.0	unanimous	True	False	not_stably_selected	not_in_stable_selection_union	False	False	0.0	0.0	False	2.0	0.0	1.0	1.0	False	False
skeletal_muscle_group	edl	ENSMUSG00000032577	Mapkapk3	974	within_tissue_974_gene_panel	0.05	2	FLT_lower	-0.0043802085418277	0.0012645241019538	0.0005323676031673	0.0060586382866827	1.3342587992044429e-06	0.3389687313126908	2	0	1.0	unanimous	True	False	not_stably_selected	not_in_stable_selection_union	False	False	0.0	0.0	False	2.0	0.0	1.0	1.0	False	False
skeletal_muscle_group	edl	ENSMUSG00000020132	Rab21	974	within_tissue_974_gene_panel	0.05	2	FLT_lower	-0.0008659195189935	0.0002502935072185	0.0005409454439821	0.0060586382866827	0.0	0.0	2	0	1.0	unanimous	True	False	not_stably_selected	not_in_stable_selection_union	False	False	0.0	0.0	False	2.0	0.0	1.0	1.0	False	False
skeletal_muscle_group	edl	ENSMUSG00000016308	Ube2a	974	within_tissue_974_gene_panel	0.05	2	FLT_lower	-0.0005890446735797	0.0001702685524549	0.0005411720030199	0.0060586382866827	0.0	0.0	2	0	1.0	unanimous	True	False	not_stably_selected	not_in_stable_selection_union	False	False	0.0	0.0	False	2.0	0.0	1.0	1.0	False	False
skeletal_muscle_group	edl	ENSMUSG00000029156	Sgcb	974	within_tissue_974_gene_panel	0.05	2	FLT_lower	-0.0017474440449463	0.0005070075810346	0.0005677227532743	0.0062836586555592	0.0	0.0	2	0	1.0	unanimous	True	False	not_stably_selected	not_in_stable_selection_union	False	False	0.0	0.0	False	2.0	0.0	1.0	1.0	False	False
skeletal_muscle_group	edl	ENSMUSG00000024431	Nr3c1	974	within_tissue_974_gene_panel	0.05	2	FLT_lower	-0.0101216130566826	0.0029531206350154	0.000609324288094	0.0066683354674557	5.187411631583264e-06	0.2969209664241169	2	0	1.0	unanimous	True	False	not_stably_selected	not_in_stable_selection_union	False	False	0.0	0.0	False	2.0	0.0	1.0	1.0	False	False
skeletal_muscle_group	edl	ENSMUSG00000006641	Slc5a6	974	within_tissue_974_gene_panel	0.05	2	FLT_lower	-0.0003572845845668	0.0001046870526186	0.0006427970748169	0.0069564927874632	0.0	0.0	2	0	1.0	unanimous	True	False	not_stably_selected	not_in_stable_selection_union	False	False	0.0	0.0	False	2.0	0.0	1.0	1.0	False	False
skeletal_muscle_group	edl	ENSMUSG00000031949	Adat1	974	within_tissue_974_gene_panel	0.05	2	FLT_lower	-0.0010137922819521	0.0002996448002423	0.0007161684399812	0.0076653633026568	3.841542808270517e-08	0.1600871315648486	2	0	1.0	unanimous	True	False	not_stably_selected	not_in_stable_selection_union	False	False	0.0	0.0	False	2.0	0.0	1.0	1.0	False	False
skeletal_muscle_group	edl	ENSMUSG00000032115	Hyou1	974	within_tissue_974_gene_panel	0.05	2	FLT_lower	-0.0013104514493096	0.0003906618530985	0.0007952601624973	0.0083288537448648	0.0	0.0	2	0	1.0	unanimous	True	False	not_stably_selected	not_in_stable_selection_union	False	False	0.0	0.0	False	2.0	0.0	1.0	1.0	False	False
skeletal_muscle_group	edl	ENSMUSG00000000827	Tpd52l2	974	within_tissue_974_gene_panel	0.05	2	FLT_lower	-0.0009673381387955	0.0002882410068683	0.0007907725958894	0.0083288537448648	7.184562740629295e-08	0.3332071487944596	2	0	1.0	unanimous	True	False	not_stably_selected	not_in_stable_selection_union	False	False	0.0	0.0	False	2.0	0.0	1.0	1.0	False	False
skeletal_muscle_group	edl	ENSMUSG00000045996	Polr2k	974	within_tissue_974_gene_panel	0.05	2	FLT_lower	-0.0012215296710003	0.0003674405769133	0.0008860016936744	0.0091804856344563	1.0698949062747029e-07	0.3952961064572467	2	0	1.0	unanimous	True	False	not_stably_selected	not_in_stable_selection_union	False	False	0.0	0.0	False	2.0	0.0	1.0	1.0	False	False
skeletal_muscle_group	edl	ENSMUSG00000027852	Nras	974	within_tissue_974_gene_panel	0.05	2	FLT_lower	-0.0005560202611325	0.0001677452125048	0.0009175090571671	0.0094068823334817	0.0	0.0	2	0	1.0	unanimous	True	False	not_stably_selected	not_in_stable_selection_union	False	False	0.0	0.0	False	2.0	0.0	1.0	1.0	False	False
skeletal_muscle_group	edl	ENSMUSG00000032939	Nup93	974	within_tissue_974_gene_panel	0.05	2	FLT_higher	0.0006619546257681	0.0002001417514856	0.000941565886083	0.0095017062418291	0.0	0.0	2	0	1.0	unanimous	True	False	not_stably_selected	not_in_stable_selection_union	False	False	0.0	0.0	False	2.0	0.0	1.0	1.0	False	False
skeletal_muscle_group	edl	ENSMUSG00000028277	Ube2j1	974	within_tissue_974_gene_panel	0.05	2	FLT_lower	-0.00070999115645	0.0002147562038203	0.0009462684860959	0.0095017062418291	0.0	0.0	2	0	1.0	unanimous	True	False	not_stably_selected	not_in_stable_selection_union	False	False	0.0	0.0	False	2.0	0.0	1.0	1.0	False	False
skeletal_muscle_group	edl	ENSMUSG00000057666	Gapdh	974	within_tissue_974_gene_panel	0.05	2	FLT_lower	-0.0249039067460397	0.0075504310610452	0.000972574663902	0.0096662012514341	1.147060718733308e-05	0.0936075134117262	2	0	1.0	unanimous	True	False	not_stably_selected	not_in_stable_selection_union	False	False	0.0	0.0	False	2.0	0.0	1.0	1.0	False	False
skeletal_muscle_group	edl	ENSMUSG00000028059	Arhgef2	974	within_tissue_974_gene_panel	0.05	2	FLT_higher	0.0001598533461769	4.8838623354226136e-05	0.0010637754757218	0.0104658314480105	0.0	0.0	2	0	1.0	unanimous	True	False	not_stably_selected	not_in_stable_selection_union	False	False	0.0	0.0	False	2.0	0.0	1.0	1.0	False	False
skeletal_muscle_group	edl	ENSMUSG00000021069	Pygl	974	within_tissue_974_gene_panel	0.05	2	FLT_lower	-6.115354007614281e-05	1.8944701571734782e-05	0.0012465797575092	0.0121416868381401	0.0	0.0	2	0	1.0	unanimous	True	False	not_stably_selected	not_in_stable_selection_union	False	False	0.0	0.0	False	2.0	0.0	1.0	1.0	False	False
skeletal_muscle_group	edl	ENSMUSG00000002885	Adgre5	974	within_tissue_974_gene_panel	0.05	2	FLT_lower	-0.0002893686251492	9.024237708752597e-05	0.0013432696700379	0.0129147270062569	0.0	0.0	1	1	0.5	non_unanimous	False	True	not_stably_selected	not_in_stable_selection_union	False	False	0.0	0.0	False	2.0	0.0	1.0	1.0	False	False
skeletal_muscle_group	edl	ENSMUSG00000076431	Sox4	974	within_tissue_974_gene_panel	0.05	2	FLT_higher	0.0008417769925087	0.0002626770705858	0.0013524662778626	0.0129147270062569	1.0333544724782699e-07	0.746406469261654	2	0	1.0	unanimous	True	False	not_stably_selected	not_in_stable_selection_union	False	False	0.0	0.0	False	2.0	0.0	1.0	1.0	False	False
skeletal_muscle_group	edl	ENSMUSG00000029270	Dipk1a	974	within_tissue_974_gene_panel	0.05	2	FLT_lower	-0.0025001129593544	0.0007821772926833	0.0013917782012077	0.0130345381536185	9.181625982495572e-07	0.7378097159782456	2	0	1.0	unanimous	True	False	not_stably_selected	not_in_stable_selection_union	False	False	0.0	0.0	False	2.0	0.0	1.0	1.0	False	False
skeletal_muscle_group	edl	ENSMUSG00000005682	Pan2	974	within_tissue_974_gene_panel	0.05	2	FLT_lower	-0.0003339579082315	0.0001044157449193	0.0013821728709223	0.0130345381536185	1.0829575813471469e-08	0.4966387707904797	2	0	1.0	unanimous	True	False	real_only_selected	exploratory_union	True	False	1.0	0.0	False	2.0	0.0	1.0	1.0	False	False
skeletal_muscle_group	edl	ENSMUSG00000026797	Stxbp1	974	within_tissue_974_gene_panel	0.05	2	FLT_lower	-3.087277903485542e-05	9.680981301779764e-06	0.0014275926306337	0.0132426211641649	0.0	0.0	1	1	0.5	non_unanimous	False	True	not_stably_selected	not_in_stable_selection_union	False	False	0.0	0.0	False	2.0	0.0	1.0	1.0	False	False
skeletal_muscle_group	edl	ENSMUSG00000033379	Atp6v0b	974	within_tissue_974_gene_panel	0.05	2	FLT_lower	-0.0013107016072899	0.0004122382663215	0.0014754166926971	0.0133060727656204	0.0	0.0	2	0	1.0	unanimous	True	False	not_stably_selected	not_in_stable_selection_union	False	False	0.0	0.0	False	2.0	0.0	1.0	1.0	False	False
skeletal_muscle_group	edl	ENSMUSG00000037499	Nenf	974	within_tissue_974_gene_panel	0.05	2	FLT_lower	-0.0006478375266234	0.000203689449502	0.0014701308681421	0.0133060727656204	0.0	0.0	2	0	1.0	unanimous	True	False	not_stably_selected	not_in_stable_selection_union	False	False	0.0	0.0	False	2.0	0.0	1.0	1.0	False	False
skeletal_muscle_group	edl	ENSMUSG00000032501	Trib1	974	within_tissue_974_gene_panel	0.05	2	FLT_lower	-0.0014121195022137	0.0004436532285367	0.0014579021027825	0.0133060727656204	0.0	0.0	2	0	1.0	unanimous	True	False	not_stably_selected	not_in_stable_selection_union	False	False	0.0	0.0	False	2.0	0.0	1.0	1.0	False	False
skeletal_muscle_group	edl	ENSMUSG00000030602	Pak4	974	within_tissue_974_gene_panel	0.05	2	FLT_lower	-0.0002506545652955	8.036708458542755e-05	0.00181545457911	0.0162225023858089	0.0	0.0	1	1	0.5	non_unanimous	False	True	not_stably_selected	not_in_stable_selection_union	False	False	0.0	0.0	False	2.0	0.0	1.0	1.0	False	False
skeletal_muscle_group	edl	ENSMUSG00000004446	Bid	974	within_tissue_974_gene_panel	0.05	2	FLT_lower	-9.112402455552324e-05	2.925536025853138e-05	0.001840818620056	0.0162996121448595	0.0	0.0	2	0	1.0	unanimous	True	False	not_stably_selected	not_in_stable_selection_union	False	False	0.0	0.0	False	2.0	0.0	1.0	1.0	False	False
skeletal_muscle_group	edl	ENSMUSG00000038481	Cdk19	974	within_tissue_974_gene_panel	0.05	2	FLT_lower	-0.001570766932327	0.0005121926444968	0.0021639956577649	0.0189885745104779	0.0	0.0	2	0	1.0	unanimous	True	False	not_stably_selected	not_in_stable_selection_union	False	False	0.0	0.0	False	2.0	0.0	1.0	1.0	False	False
skeletal_muscle_group	edl	ENSMUSG00000015289	Lage3	974	within_tissue_974_gene_panel	0.05	2	FLT_lower	-0.0006558242810282	0.0002142173381353	0.0022023820256272	0.0191528579728651	6.003257351531288e-08	0.6216279330471337	2	0	1.0	unanimous	True	False	not_stably_selected	not_in_stable_selection_union	False	False	0.0	0.0	False	2.0	0.0	1.0	1.0	False	False
skeletal_muscle_group	edl	ENSMUSG00000028945	Rheb	974	within_tissue_974_gene_panel	0.05	2	FLT_lower	-0.0005230778111857	0.00017223998402	0.0023901459309412	0.0206017888206791	0.0	0.0	2	0	1.0	unanimous	True	False	not_stably_selected	not_in_stable_selection_union	False	False	0.0	0.0	False	2.0	0.0	1.0	1.0	False	False
skeletal_muscle_group	edl	ENSMUSG00000040084	Bub1b	974	within_tissue_974_gene_panel	0.05	2	FLT_higher	0.0002118336897022	6.996166338035648e-05	0.0024629719746227	0.0210432868709	0.0	0.0	2	0	1.0	unanimous	True	False	not_stably_selected	not_in_stable_selection_union	False	False	0.0	0.0	False	2.0	0.0	1.0	1.0	False	False
skeletal_muscle_group	edl	ENSMUSG00000031785	Adgrg1	974	within_tissue_974_gene_panel	0.05	2	FLT_lower	-0.000155292916168	5.184193938213146e-05	0.0027398859915756	0.0228089654341423	0.0	0.0	1	1	0.5	non_unanimous	False	True	not_stably_selected	not_in_stable_selection_union	False	False	0.0	0.0	False	2.0	0.0	1.0	1.0	False	False
skeletal_muscle_group	edl	ENSMUSG00000027496	Aurka	974	within_tissue_974_gene_panel	0.05	2	FLT_lower	-0.0011200351809157	0.0003736929266272	0.0027246533440529	0.0228089654341423	2.2067150857159757e-07	0.7900797755845534	2	0	1.0	unanimous	True	False	not_stably_selected	not_in_stable_selection_union	False	False	0.0	0.0	False	2.0	0.0	1.0	1.0	False	False
skeletal_muscle_group	edl	ENSMUSG00000016528	Mapkapk2	974	within_tissue_974_gene_panel	0.05	2	FLT_lower	-0.0012972924550111	0.0004325473854618	0.0027069707884433	0.0228089654341423	0.0	0.0	2	0	1.0	unanimous	True	False	not_stably_selected	not_in_stable_selection_union	False	False	0.0	0.0	False	2.0	0.0	1.0	1.0	False	False
skeletal_muscle_group	edl	ENSMUSG00000020978	Klhdc2	974	within_tissue_974_gene_panel	0.05	2	FLT_lower	-0.0023876878763961	0.000810410313368	0.0032163115282494	0.0263251044413022	3.452115311625469e-07	0.0758444572947536	2	0	1.0	unanimous	True	False	not_stably_selected	not_in_stable_selection_union	False	False	0.0	0.0	False	2.0	0.0	1.0	1.0	False	False
skeletal_muscle_group	edl	ENSMUSG00000026360	Rgs2	974	within_tissue_974_gene_panel	0.05	2	FLT_higher	0.0003635243345153	0.0001232796707418	0.0031903344739983	0.0263251044413022	3.944592504324672e-09	0.1073983239775992	2	0	1.0	unanimous	True	False	not_stably_selected	not_in_stable_selection_union	False	False	0.0	0.0	False	2.0	0.0	1.0	1.0	False	False
skeletal_muscle_group	edl	ENSMUSG00000059401	Mamld1	974	within_tissue_974_gene_panel	0.05	2	FLT_higher	0.0002118959345169	7.209909922042016e-05	0.0032932196978453	0.0267299665475117	0.0	0.0	2	0	1.0	unanimous	True	False	not_stably_selected	not_in_stable_selection_union	False	False	0.0	0.0	False	2.0	0.0	1.0	1.0	False	False
skeletal_muscle_group	edl	ENSMUSG00000021190	Lgmn	974	within_tissue_974_gene_panel	0.05	2	FLT_lower	-0.0002818328326426	9.663545564111568e-05	0.0035403525886917	0.0284983753833533	7.534363791224687e-09	0.3719773934265435	2	0	1.0	unanimous	True	False	not_stably_selected	not_in_stable_selection_union	False	False	0.0	0.0	False	2.0	0.0	1.0	1.0	False	False
skeletal_muscle_group	edl	ENSMUSG00000025980	Hspd1	974	within_tissue_974_gene_panel	0.05	2	FLT_lower	-0.0050816396059122	0.0017475880379184	0.0036397896808574	0.0288223995866273	5.07620686512874e-06	0.8295689519739667	2	0	1.0	unanimous	True	False	not_stably_selected	not_in_stable_selection_union	False	False	0.0	0.0	False	2.0	0.0	1.0	1.0	False	False
skeletal_muscle_group	edl	ENSMUSG00000027306	Nusap1	974	within_tissue_974_gene_panel	0.05	2	FLT_higher	5.860447227238311e-05	2.014780052547133e-05	0.003629024045374	0.0288223995866273	0.0	0.0	2	0	1.0	unanimous	True	False	not_stably_selected	not_in_stable_selection_union	False	False	0.0	0.0	False	2.0	0.0	1.0	1.0	False	False
skeletal_muscle_group	edl	ENSMUSG00000027078	Ube2l6	974	within_tissue_974_gene_panel	0.05	2	FLT_higher	0.0002571797587325	8.86020805087411e-05	0.0037003418371355	0.0290655883013715	0.0	0.0	2	0	1.0	unanimous	True	False	not_stably_selected	not_in_stable_selection_union	False	False	0.0	0.0	False	2.0	0.0	1.0	1.0	False	False
skeletal_muscle_group	edl	ENSMUSG00000030315	Vgll4	974	within_tissue_974_gene_panel	0.05	2	FLT_lower	-0.0009795207826936	0.0003399805888976	0.0039627987190437	0.0308781276187888	9.269480124039969e-08	0.3832429445903152	2	0	1.0	unanimous	True	False	not_stably_selected	not_in_stable_selection_union	False	False	0.0	0.0	False	2.0	0.0	1.0	1.0	False	False
skeletal_muscle_group	edl	ENSMUSG00000022836	Mylk	974	within_tissue_974_gene_panel	0.05	2	FLT_lower	-0.0006774377056407	0.0002356896783982	0.0040495208382609	0.0313034388608427	0.0	0.0	2	0	1.0	unanimous	True	False	not_stably_selected	not_in_stable_selection_union	False	False	0.0	0.0	False	2.0	0.0	1.0	1.0	False	False
skeletal_muscle_group	edl	ENSMUSG00000039000	Ube3c	974	within_tissue_974_gene_panel	0.05	2	FLT_lower	-0.0043339529437845	0.0015123915911255	0.0041618189499192	0.0319182020253651	2.344883224997689e-06	0.3704378862023385	2	0	1.0	unanimous	True	False	not_stably_selected	not_in_stable_selection_union	False	False	0.0	0.0	False	2.0	0.0	1.0	1.0	False	False
skeletal_muscle_group	edl	ENSMUSG00000040151	Hs2st1	974	within_tissue_974_gene_panel	0.05	2	FLT_lower	-0.000327615694328	0.0001177105913691	0.0053820574139998	0.0408558088674456	0.0	0.0	2	0	1.0	unanimous	True	False	not_stably_selected	not_in_stable_selection_union	False	False	0.0	0.0	False	2.0	0.0	1.0	1.0	False	False
skeletal_muscle_group	edl	ENSMUSG00000028007	Snx7	974	within_tissue_974_gene_panel	0.05	2	FLT_lower	-0.0001346755792854	4.8418593797193513e-05	0.0054110876220744	0.0408558088674456	0.0	0.0	2	0	1.0	unanimous	True	False	not_stably_selected	not_in_stable_selection_union	False	False	0.0	0.0	False	2.0	0.0	1.0	1.0	False	False
skeletal_muscle_group	edl	ENSMUSG00000072082	Ccnf	974	within_tissue_974_gene_panel	0.05	2	FLT_lower	-5.765105014071648e-05	2.0784746120937884e-05	0.005541948452878	0.0415219830238709	0.0	0.0	2	0	1.0	unanimous	True	False	not_stably_selected	not_in_stable_selection_union	False	False	0.0	0.0	False	2.0	0.0	1.0	1.0	False	False
skeletal_muscle_group	edl	ENSMUSG00000034792	Gna15	974	within_tissue_974_gene_panel	0.05	2	FLT_lower	-2.330132658531798e-05	8.417360529324367e-06	0.0056358856994038	0.0419034555054912	0.0	0.0	1	1	0.5	non_unanimous	False	True	not_stably_selected	not_in_stable_selection_union	False	False	0.0	0.0	False	2.0	0.0	1.0	1.0	False	False
skeletal_muscle_group	edl	ENSMUSG00000057286	St6galnac2	974	within_tissue_974_gene_panel	0.05	2	FLT_lower	-0.0001844626526568	6.67832433845842e-05	0.0057429157242889	0.0423757569352837	0.0	0.0	2	0	1.0	unanimous	True	False	not_stably_selected	not_in_stable_selection_union	False	False	0.0	0.0	False	2.0	0.0	1.0	1.0	False	False
skeletal_muscle_group	edl	ENSMUSG00000030245	Golt1b	974	within_tissue_974_gene_panel	0.05	2	FLT_lower	-0.0005161771480584	0.000188196513422	0.0060925907386942	0.0446179201465281	4.283764128741296e-08	0.514753257173932	2	0	1.0	unanimous	True	False	not_stably_selected	not_in_stable_selection_union	False	False	0.0	0.0	False	2.0	0.0	1.0	1.0	False	False
skeletal_muscle_group	edl	ENSMUSG00000026568	Mpc2	974	within_tissue_974_gene_panel	0.05	2	FLT_lower	-0.0007175186984372	0.0002642716209857	0.0066259682239681	0.0481618884339178	0.0	0.0	2	0	1.0	unanimous	True	False	not_stably_selected	not_in_stable_selection_union	False	False	0.0	0.0	False	2.0	0.0	1.0	1.0	False	False
skeletal_muscle_group	edl	ENSMUSG00000034055	Phka1	974	within_tissue_974_gene_panel	0.05	2	FLT_lower	-0.0378091497998255	0.0139557620950085	0.0067442768645522	0.0483716524334734	0.0	0.0	2	0	1.0	unanimous	True	False	not_stably_selected	not_in_stable_selection_union	False	False	0.0	0.0	False	2.0	0.0	1.0	1.0	False	False
skeletal_muscle_group	edl	ENSMUSG00000025016	Tm9sf3	974	within_tissue_974_gene_panel	0.05	2	FLT_lower	-0.0024244661643914	0.0008950568169515	0.0067541527011831	0.0483716524334734	0.0	0.0	2	0	1.0	unanimous	True	False	not_stably_selected	not_in_stable_selection_union	False	False	0.0	0.0	False	2.0	0.0	1.0	1.0	False	False
skeletal_muscle_group	gastrocnemius	ENSMUSG00000021359	Tfap2a	974	within_tissue_974_gene_panel	0.05	2	FLT_higher	9.497892353536062e-05	1.0608001165040812e-05	3.4433140196727405e-19	3.353787855161249e-16	0.0	0.0	2	0	1.0	unanimous	True	False	real_only_selected	exploratory_union	True	False	0.5	0.0	False	3.0	1.0	3.353787855161249e-16	1.0	False	False
skeletal_muscle_group	gastrocnemius	ENSMUSG00000045382	Cxcr4	974	within_tissue_974_gene_panel	0.05	3	FLT_higher	9.082804984066048e-05	2.1057770901032085e-05	1.6085061646359254e-05	0.0053774501840367	0.0	0.0	3	0	1.0	unanimous	True	False	synthetic_promoted	generated_supported	False	True	0.0	0.625	True	3.0	3.0	0.0028844212463355	0.8442219682838846	True	False
skeletal_muscle_group	gastrocnemius	ENSMUSG00000031431	Tsc22d3	974	within_tissue_974_gene_panel	0.05	3	FLT_higher	0.0026540138581989	0.0006162373671696	1.6562988246519887e-05	0.0053774501840367	0.0	0.0	2	1	0.6666666666666666	non_unanimous	False	True	synthetic_selected_without_real_direction_support	exploratory_union	False	True	0.0	0.625	False	3.0	3.0	0.0024476999623392	0.9219138837145404	True	False
skeletal_muscle_group	gastrocnemius	ENSMUSG00000036820	Amdhd2	974	within_tissue_974_gene_panel	0.05	3	FLT_lower	-0.0009674468435637	0.0002331940070196	3.344008001084532e-05	0.0081426594826408	0.0	0.0	3	0	1.0	unanimous	True	False	not_stably_selected	not_in_stable_selection_union	False	False	0.0	0.0	False	3.0	3.0	0.0046155730393252	0.4945571060637528	True	False
skeletal_muscle_group	gastrocnemius	ENSMUSG00000021025	Nfkbia	974	within_tissue_974_gene_panel	0.05	3	FLT_higher	0.0004716121674576	0.0001162670889585	4.9859932103716577e-05	0.0097127147738039	0.0	0.0	3	0	1.0	unanimous	True	False	not_stably_selected	not_in_stable_selection_union	False	False	0.0	0.0	False	3.0	3.0	0.006473482922086	0.1388276842491835	True	False
skeletal_muscle_group	gastrocnemius	ENSMUSG00000008136	Fhl2	974	within_tissue_974_gene_panel	0.05	3	FLT_lower	-5.721244935669836e-05	1.453365627997351e-05	8.266176552389598e-05	0.0107233976346998	0.0	0.0	3	0	1.0	unanimous	True	False	not_stably_selected	not_in_stable_selection_union	False	False	0.0	0.0	False	3.0	3.0	0.0127129461408891	0.2325992023946127	True	False
skeletal_muscle_group	gastrocnemius	ENSMUSG00000040151	Hs2st1	974	within_tissue_974_gene_panel	0.05	3	FLT_higher	0.0004052529127114	0.0001028631154786	8.157332814620879e-05	0.0107233976346998	1.866337101167981e-09	0.0100718539818854	2	1	0.6666666666666666	non_unanimous	False	True	not_stably_selected	not_in_stable_selection_union	False	False	0.0	0.0	False	3.0	2.0	0.0015594055896875	0.985086137100802	False	False
skeletal_muscle_group	gastrocnemius	ENSMUSG00000020873	Slc35b1	974	within_tissue_974_gene_panel	0.05	3	FLT_lower	-0.0020732226672974	0.0005287097141721	8.807718796468015e-05	0.0107233976346998	0.0	0.0	3	0	1.0	unanimous	True	False	not_stably_selected	not_in_stable_selection_union	False	False	0.0	0.0	False	3.0	3.0	0.0185009858226013	0.3968826164822606	True	False
skeletal_muscle_group	gastrocnemius	ENSMUSG00000006675	P4htm	974	within_tissue_974_gene_panel	0.05	3	FLT_lower	-0.0002284544627224	5.96091130617377e-05	0.0001268256497328	0.0137253536488626	0.0	0.0	3	0	1.0	unanimous	True	False	not_stably_selected	not_in_stable_selection_union	False	False	0.0	0.0	False	3.0	3.0	0.0127129461408891	0.3176111392173776	True	False
skeletal_muscle_group	gastrocnemius	ENSMUSG00000031540	Kat6a	974	within_tissue_974_gene_panel	0.05	3	FLT_higher	0.0011506886732509	0.0003033172438519	0.0001484307208439	0.0144571522102031	0.0	0.0	3	0	1.0	unanimous	True	False	not_stably_selected	not_in_stable_selection_union	False	False	0.0	0.0	False	3.0	3.0	0.0127129461408891	0.8767933128907124	True	False
skeletal_muscle_group	gastrocnemius	ENSMUSG00000042389	Tsen2	974	within_tissue_974_gene_panel	0.05	3	FLT_lower	-0.0006956453730294	0.0001998600460371	0.0005001752609822	0.0442882458360629	0.0	0.0	3	0	1.0	unanimous	True	False	not_stably_selected	not_in_stable_selection_union	False	False	0.0	0.0	False	3.0	3.0	0.0347605777057115	0.3264878204007311	True	False
skeletal_muscle_group	gastrocnemius	ENSMUSG00000009566	Fpgs	974	within_tissue_974_gene_panel	0.05	3	FLT_higher	0.0004258911601422	0.0001237928166207	0.0005809529432072	0.0471540138903193	2.2475573625591953e-09	0.0430190676745405	3	0	1.0	unanimous	True	False	not_stably_selected	not_in_stable_selection_union	False	False	0.0	0.0	False	3.0	3.0	0.0123714385260873	0.8146030797533451	True	False
skeletal_muscle_group	gastrocnemius	ENSMUSG00000028212	Ccne2	974	within_tissue_974_gene_panel	0.05	3	FLT_lower	-0.0009075691400646	0.0002683811273282	0.0007205373900248	0.0489261423379831	0.0	0.0	3	0	1.0	unanimous	True	False	not_stably_selected	not_in_stable_selection_union	False	False	0.0	0.0	False	3.0	3.0	0.0977652925394895	0.6197989428790334	True	False
skeletal_muscle_group	gastrocnemius	ENSMUSG00000003541	Ier3	974	within_tissue_974_gene_panel	0.05	3	FLT_lower	-0.0001977510327623	5.807807544294261e-05	0.0006618413989694	0.0489261423379831	6.319168213447961e-09	0.6275423209620988	3	0	1.0	unanimous	True	False	not_stably_selected	not_in_stable_selection_union	False	False	0.0	0.0	False	3.0	3.0	1.6022251215236744e-05	0.5629618586831572	True	False
skeletal_muscle_group	gastrocnemius	ENSMUSG00000026360	Rgs2	974	within_tissue_974_gene_panel	0.05	3	FLT_higher	0.0001520976188653	4.514165785889529e-05	0.0007534826848765	0.0489261423379831	0.0	0.0	3	0	1.0	unanimous	True	False	real_only_selected	exploratory_union	True	False	1.0	0.0	False	3.0	3.0	0.0488117758039054	0.636370174343005	True	False
skeletal_muscle_group	quadriceps	ENSMUSG00000071637	Cebpd	974	within_tissue_974_gene_panel	0.05	4	FLT_higher	0.0025541095194866	0.000405029597695	2.8637155598251377e-10	2.789258955269685e-07	0.0	0.0	4	0	1.0	unanimous	True	False	synthetic_promoted	generated_supported	False	True	0.0	0.75	True	4.0	4.0	2.590488120625008e-07	0.2940658026764159	True	False
skeletal_muscle_group	quadriceps	ENSMUSG00000041133	Smc1a	974	within_tissue_974_gene_panel	0.05	4	FLT_higher	0.0014828953818975	0.0002523174762184	4.175125921269377e-09	2.0332863236581867e-06	0.0	0.0	4	0	1.0	unanimous	True	False	not_stably_selected	not_in_stable_selection_union	False	False	0.0	0.0	False	4.0	4.0	6.851455345639226e-07	0.0353730110990015	True	True
skeletal_muscle_group	quadriceps	ENSMUSG00000026516	Nvl	974	within_tissue_974_gene_panel	0.05	4	FLT_higher	0.0016483481179309	0.0003009685399663	4.330568283351436e-08	1.4059911693280996e-05	0.0	0.0	4	0	1.0	unanimous	True	False	not_stably_selected	not_in_stable_selection_union	False	False	0.0	0.0	False	4.0	4.0	4.923096402071055e-06	0.133727490271364	True	False
skeletal_muscle_group	quadriceps	ENSMUSG00000021519	Mterf3	974	within_tissue_974_gene_panel	0.05	4	FLT_higher	0.0008020443304419	0.0001596386726486	5.057381284736398e-07	0.0001231472342833	0.0	0.0	4	0	1.0	unanimous	True	False	not_stably_selected	not_in_stable_selection_union	False	False	0.0	0.0	False	4.0	4.0	7.886852349937629e-05	0.0409012905874823	True	True
skeletal_muscle_group	quadriceps	ENSMUSG00000032582	Rbm6	974	within_tissue_974_gene_panel	0.05	4	FLT_higher	0.0047300177403833	0.001023984640116	3.851718493457949e-06	0.0007503147625256	0.0	0.0	4	0	1.0	unanimous	True	False	synthetic_promoted	generated_supported	False	True	0.0	0.75	True	4.0	4.0	0.0006141869945333	0.0375751149043096	True	True
skeletal_muscle_group	quadriceps	ENSMUSG00000026566	Mpzl1	974	within_tissue_974_gene_panel	0.05	4	FLT_higher	4.883873629869551e-05	1.1173830574545631e-05	1.2378414510599307e-05	0.0017223679619033	0.0	0.0	4	0	1.0	unanimous	True	False	not_stably_selected	not_in_stable_selection_union	False	False	0.0	0.0	False	4.0	4.0	0.0007958187199007	0.7655281330152777	True	False
skeletal_muscle_group	quadriceps	ENSMUSG00000021892	Sh3bp5	974	within_tissue_974_gene_panel	0.05	4	FLT_higher	0.0033974933998266	0.000773199201799	1.1124665450751696e-05	0.0017223679619033	8.644788522107913e-07	0.3583794514274018	4	0	1.0	unanimous	True	False	synthetic_promoted	generated_supported	False	True	0.0	0.5	True	4.0	4.0	0.0008508432588392	0.05279941077247	True	False
skeletal_muscle_group	quadriceps	ENSMUSG00000031078	Cttn	974	within_tissue_974_gene_panel	0.05	4	FLT_higher	0.0005545164063548	0.0001279027687106	1.4546043895503722e-05	0.0017709808442775	0.0	0.0	4	0	1.0	unanimous	True	False	not_stably_selected	not_in_stable_selection_union	False	False	0.0	0.0	False	4.0	4.0	0.0014613716042853	0.0353730110990015	True	True
skeletal_muscle_group	quadriceps	ENSMUSG00000034621	Gpatch8	974	within_tissue_974_gene_panel	0.05	4	FLT_higher	0.0026567521612663	0.0006333793027482	2.7339287876502245e-05	0.0029587184879681	5.174261948893043e-07	0.3167206039600661	4	0	1.0	unanimous	True	False	reinforced_real_and_synthetic	core_intersection	True	True	0.5	0.625	True	4.0	4.0	3.623684007478227e-07	0.2886684813234449	True	False
skeletal_muscle_group	quadriceps	ENSMUSG00000020176	Grb10	974	within_tissue_974_gene_panel	0.05	4	FLT_higher	0.0027218511867348	0.0006661246062691	4.386863754074292e-05	0.0040442730524676	0.0	0.0	4	0	1.0	unanimous	True	False	not_stably_selected	not_in_stable_selection_union	False	False	0.0	0.0	False	4.0	4.0	0.003400757232375	0.0690562725602833	True	False
skeletal_muscle_group	quadriceps	ENSMUSG00000025511	Tspan4	974	within_tissue_974_gene_panel	0.05	4	FLT_lower	-0.0005515055556203	0.0001352815344628	4.567454166031201e-05	0.0040442730524676	9.350740230479814e-09	0.1104299748958217	4	0	1.0	unanimous	True	False	not_stably_selected	not_in_stable_selection_union	False	False	0.0	0.0	False	4.0	4.0	0.0005183750060609	0.3236914804044261	True	False
skeletal_muscle_group	quadriceps	ENSMUSG00000007817	Zmiz1	974	within_tissue_974_gene_panel	0.05	4	FLT_higher	0.0024299492247327	0.0006007815963983	5.2402115955748e-05	0.0042533050784082	0.0	0.0	4	0	1.0	unanimous	True	False	not_stably_selected	not_in_stable_selection_union	False	False	0.0	0.0	False	4.0	4.0	0.0055111699840923	0.0790345986003519	True	False
skeletal_muscle_group	quadriceps	ENSMUSG00000025358	Cdk2	974	within_tissue_974_gene_panel	0.05	4	FLT_higher	0.0004469818280597	0.0001131870465319	7.84604517094183e-05	0.0058784984588441	1.855536864540867e-08	0.3943973751039334	3	1	0.75	non_unanimous	False	True	real_only_selected	exploratory_union	True	False	0.5	0.0	False	4.0	4.0	2.346941776139659e-09	0.8476358490736972	True	False
skeletal_muscle_group	quadriceps	ENSMUSG00000036023	Parp2	974	within_tissue_974_gene_panel	0.05	4	FLT_higher	0.0001694685477258	4.467341540798448e-05	0.000148539349446	0.0103340947400329	1.0743204458222435e-09	0.0696931426110523	3	1	0.75	non_unanimous	False	True	not_stably_selected	not_in_stable_selection_union	False	False	0.0	0.0	False	4.0	4.0	9.70760773226838e-05	0.8044696974279922	True	False
skeletal_muscle_group	quadriceps	ENSMUSG00000002625	Akap8l	974	within_tissue_974_gene_panel	0.05	4	FLT_higher	0.0025797934913185	0.0007058030629858	0.0002570636977107	0.0153516102179722	0.0	0.0	4	0	1.0	unanimous	True	False	not_stably_selected	not_in_stable_selection_union	False	False	0.0	0.0	False	4.0	4.0	0.0167046881897398	0.4607962355593163	True	False
skeletal_muscle_group	quadriceps	ENSMUSG00000004151	Etv1	974	within_tissue_974_gene_panel	0.05	4	FLT_higher	0.0004686426135131	0.000128590077268	0.0002679439155087	0.0153516102179722	0.0	0.0	4	0	1.0	unanimous	True	False	not_stably_selected	not_in_stable_selection_union	False	False	0.0	0.0	False	4.0	4.0	0.0142338762387709	0.3658795200354773	True	False
skeletal_muscle_group	quadriceps	ENSMUSG00000012483	Rpa3	974	within_tissue_974_gene_panel	0.05	4	FLT_lower	-0.0011278139397011	0.0003068965417928	0.0002379430832014	0.0153516102179722	7.36528551794677e-08	0.1289367214681009	4	0	1.0	unanimous	True	False	real_only_selected	exploratory_union	True	False	0.75	0.0	False	4.0	4.0	3.89816908410755e-06	0.8562649213572491	True	False
skeletal_muscle_group	quadriceps	ENSMUSG00000022528	Hes1	974	within_tissue_974_gene_panel	0.05	4	FLT_lower	-0.0004962808745798	0.0001394003198501	0.0003706954102385	0.0200587405317976	0.0	0.0	3	1	0.75	non_unanimous	False	True	not_stably_selected	not_in_stable_selection_union	False	False	0.0	0.0	False	4.0	4.0	0.0142338762387709	0.8562649213572491	True	False
skeletal_muscle_group	quadriceps	ENSMUSG00000002109	Ddb2	974	within_tissue_974_gene_panel	0.05	4	FLT_higher	0.0004544449684715	0.0001311698308458	0.0005311114026602	0.0258651253095556	9.670709772932625e-09	0.1141152248791401	3	1	0.75	non_unanimous	False	True	not_stably_selected	not_in_stable_selection_union	False	False	0.0	0.0	False	4.0	4.0	0.0007958187199007	0.7069131363672266	True	False
skeletal_muscle_group	quadriceps	ENSMUSG00000042197	Zfp451	974	within_tissue_974_gene_panel	0.05	4	FLT_higher	0.0001317217780861	3.787983137801858e-05	0.000506379033154	0.0258651253095556	1.825840822234155e-09	0.2940798832487791	4	0	1.0	unanimous	True	False	not_stably_selected	not_in_stable_selection_union	False	False	0.0	0.0	False	4.0	4.0	0.0025846843081418	0.2250173165039533	True	False
skeletal_muscle_group	quadriceps	ENSMUSG00000021108	Prkch	974	within_tissue_974_gene_panel	0.05	4	FLT_higher	0.0009629611857775	0.0002824460283658	0.0006511464937436	0.0292387979694421	8.095272269431965e-08	0.2380528101239233	4	0	1.0	unanimous	True	False	real_only_selected	exploratory_union	True	False	0.5	0.0	False	4.0	4.0	0.0131060745425525	0.1461710363971367	True	False
skeletal_muscle_group	quadriceps	ENSMUSG00000029201	Ugdh	974	within_tissue_974_gene_panel	0.05	4	FLT_higher	6.794150110968741e-06	1.995050812201661e-06	0.0006604245947923	0.0292387979694421	0.0	0.0	2	2	0.5	non_unanimous	False	True	not_stably_selected	not_in_stable_selection_union	False	False	0.0	0.0	False	4.0	4.0	0.0110527560199688	0.8530761137979257	True	False
skeletal_muscle_group	quadriceps	ENSMUSG00000063450	Syne2	974	within_tissue_974_gene_panel	0.05	4	FLT_higher	0.000703885185083	0.0002082534142186	0.0007250021107649	0.0294230023285433	0.0	0.0	4	0	1.0	unanimous	True	False	not_stably_selected	not_in_stable_selection_union	False	False	0.0	0.0	False	4.0	4.0	0.0160077507048252	0.3208828710417638	True	False
skeletal_muscle_group	quadriceps	ENSMUSG00000000093	Tbx2	974	within_tissue_974_gene_panel	0.05	4	FLT_higher	0.0001736279606691	5.133093038944612e-05	0.000718237319299	0.0294230023285433	0.0	0.0	3	1	0.75	non_unanimous	False	True	not_stably_selected	not_in_stable_selection_union	False	False	0.0	0.0	False	4.0	4.0	0.0185166311820936	0.9316339997750248	True	False
skeletal_muscle_group	quadriceps	ENSMUSG00000026102	Inpp1	974	within_tissue_974_gene_panel	0.05	4	FLT_higher	0.0007071444152664	0.0002113124511407	0.0008185642560932	0.0318912634173947	0.0	0.0	2	2	0.5	non_unanimous	False	True	real_only_selected	exploratory_union	True	False	0.5	0.0	False	4.0	4.0	0.0121948114146526	0.7581774190091143	True	False
skeletal_muscle_group	quadriceps	ENSMUSG00000029207	Apbb2	974	within_tissue_974_gene_panel	0.05	4	FLT_higher	0.0015308879546151	0.0004623211512922	0.000928607759218	0.0347870752876305	0.0	0.0	4	0	1.0	unanimous	True	False	not_stably_selected	not_in_stable_selection_union	False	False	0.0	0.0	False	4.0	4.0	0.0215895074251157	0.3930930738884439	True	False
skeletal_muscle_group	quadriceps	ENSMUSG00000044303	Cdkn2a	974	within_tissue_974_gene_panel	0.05	4	FLT_lower	-2.257996883401049e-05	6.860388386988483e-06	0.0009970624995241	0.0359681064643156	0.0	0.0	4	0	1.0	unanimous	True	False	real_only_selected	exploratory_union	True	False	0.5	0.0	False	4.0	4.0	0.0277470615181278	0.2889441204534241	True	False
skeletal_muscle_group	quadriceps	ENSMUSG00000027330	Cdc25b	974	within_tissue_974_gene_panel	0.05	4	FLT_higher	0.0001342813991428	4.0931249377760566e-05	0.0010356552302599	0.0360260069383289	0.0	0.0	4	0	1.0	unanimous	True	False	not_stably_selected	not_in_stable_selection_union	False	False	0.0	0.0	False	4.0	4.0	0.0189523490055237	0.7071457288979964	True	False
skeletal_muscle_group	quadriceps	ENSMUSG00000022272	Myo10	974	within_tissue_974_gene_panel	0.05	4	FLT_higher	0.0060081556929402	0.0018452906172572	0.0011301759715041	0.037958324008451	6.84373833039211e-06	0.5560693662389365	4	0	1.0	unanimous	True	False	not_stably_selected	not_in_stable_selection_union	False	False	0.0	0.0	False	4.0	4.0	0.0025257900864245	0.3720309942380317	True	False
skeletal_muscle_group	soleus	ENSMUSG00000046598	Bdh1	974	within_tissue_974_gene_panel	0.05	3	FLT_lower	-0.0644880662748361	0.0050983807464444	1.1369081567782391e-36	1.1073485447020053e-33	1.518010084900172e-06	0.0181818684104689	3	0	1.0	unanimous	True	False	reinforced_real_and_synthetic	core_intersection	True	True	1.0	0.875	True	3.0	3.0	1.7012748909122286e-21	2.3394921000104852e-14	True	True
skeletal_muscle_group	soleus	ENSMUSG00000053898	Ech1	974	within_tissue_974_gene_panel	0.05	3	FLT_lower	-0.0298289989761815	0.0028286134558174	5.331756134019879e-26	2.596565237267681e-23	1.232155417231946e-06	0.0437573513941374	3	0	1.0	unanimous	True	False	reinforced_real_and_synthetic	core_intersection	True	True	1.0	1.0	True	3.0	3.0	1.815982233008317e-20	6.823910049383622e-06	True	True
skeletal_muscle_group	soleus	ENSMUSG00000078566	Bnip3	974	within_tissue_974_gene_panel	0.05	3	FLT_lower	-0.0358175224677628	0.0049246710789551	3.5138433280587154e-13	1.1408278005097296e-10	3.1368912271076025e-05	0.4147292585516313	3	0	1.0	unanimous	True	False	reinforced_real_and_synthetic	core_intersection	True	True	1.0	1.0	True	3.0	3.0	3.7900529130049286e-15	3.701165631414057e-05	True	True
skeletal_muscle_group	soleus	ENSMUSG00000053644	Aldh7a1	974	within_tissue_974_gene_panel	0.05	3	FLT_lower	-0.0036912348603892	0.0005137986186508	6.759912517674998e-13	1.646038698053862e-10	0.0	0.0	3	0	1.0	unanimous	True	False	not_stably_selected	not_in_stable_selection_union	False	False	0.0	0.0	False	3.0	3.0	1.9945797375397075e-10	0.0212896328309492	True	True
skeletal_muscle_group	soleus	ENSMUSG00000031781	Ciapin1	974	within_tissue_974_gene_panel	0.05	3	FLT_lower	-0.0045070156294403	0.0006427628156957	2.3503252226795025e-12	4.5784335337796706e-10	0.0	0.0	3	0	1.0	unanimous	True	False	not_stably_selected	not_in_stable_selection_union	False	False	0.0	0.0	False	3.0	3.0	7.97295075388116e-10	1.2775200338245764e-05	True	True
skeletal_muscle_group	soleus	ENSMUSG00000033735	Spr	974	within_tissue_974_gene_panel	0.05	3	FLT_lower	-0.0010268748347299	0.0001576943810533	7.425377746141059e-11	1.205386320790232e-08	0.0	0.0	3	0	1.0	unanimous	True	False	not_stably_selected	not_in_stable_selection_union	False	False	0.0	0.0	False	3.0	3.0	1.1662369103521831e-08	0.1021720072507291	True	False
skeletal_muscle_group	soleus	ENSMUSG00000006715	Gmnn	974	within_tissue_974_gene_panel	0.05	3	FLT_lower	-0.0011086939318677	0.0001835518513576	1.5390232548828415e-09	2.1414409289369825e-07	5.6543379969167684e-08	0.5592741920617575	3	0	1.0	unanimous	True	False	reinforced_real_and_synthetic	core_intersection	True	True	1.0	0.875	True	3.0	3.0	5.923469293892105e-22	0.0011716038939797	True	True
skeletal_muscle_group	soleus	ENSMUSG00000029499	Pxmp2	974	within_tissue_974_gene_panel	0.05	3	FLT_lower	-0.0190650305985124	0.0032104794171008	2.878610659584466e-09	3.504708478044088e-07	1.7700698993246043e-05	0.5678527574385795	3	0	1.0	unanimous	True	False	synthetic_promoted	generated_supported	False	True	0.0	0.625	True	3.0	3.0	9.89004919769061e-17	0.0292704278162145	True	True
skeletal_muscle_group	soleus	ENSMUSG00000026102	Inpp1	974	within_tissue_974_gene_panel	0.05	3	FLT_lower	-0.0010414819977348	0.0001986576526258	1.583321755378479e-07	1.7135059885984875e-05	0.0	0.0	3	0	1.0	unanimous	True	False	not_stably_selected	not_in_stable_selection_union	False	False	0.0	0.0	False	3.0	3.0	0.000159388471578	0.0093903393824382	True	True
skeletal_muscle_group	soleus	ENSMUSG00000005583	Mef2c	974	within_tissue_974_gene_panel	0.05	3	FLT_lower	-0.0334538226752321	0.0066437461692256	4.768882875727985e-07	4.4704809556781886e-05	0.0	0.0	3	0	1.0	unanimous	True	False	synthetic_promoted	generated_supported	False	True	0.0	0.5	True	3.0	3.0	0.0011992291067337	0.0431414239124937	True	True
skeletal_muscle_group	soleus	ENSMUSG00000005873	Reep5	974	within_tissue_974_gene_panel	0.05	3	FLT_lower	-0.0034932677671439	0.0006952538924898	5.048797793887071e-07	4.4704809556781886e-05	1.185695688675479e-07	0.0662783894488572	3	0	1.0	unanimous	True	False	not_stably_selected	not_in_stable_selection_union	False	False	0.0	0.0	False	3.0	3.0	1.237729670616123e-06	0.2777425897461916	True	False
skeletal_muscle_group	soleus	ENSMUSG00000048895	Cdk5r1	974	within_tissue_974_gene_panel	0.05	3	FLT_higher	7.56558908541001e-05	1.5260343540623476e-05	7.134015666163835e-07	5.79044271570298e-05	0.0	0.0	3	0	1.0	unanimous	True	False	not_stably_selected	not_in_stable_selection_union	False	False	0.0	0.0	False	3.0	3.0	5.922226299411873e-05	0.427662576604414	True	False
skeletal_muscle_group	soleus	ENSMUSG00000021033	Gstz1	974	within_tissue_974_gene_panel	0.05	3	FLT_lower	-0.0027102210260855	0.0005760214305167	2.537791354816548e-06	0.0001901391368916	1.909847269939681e-07	0.1660996326857003	3	0	1.0	unanimous	True	False	not_stably_selected	not_in_stable_selection_union	False	False	0.0	0.0	False	3.0	3.0	3.0364782448429582e-06	0.2932812929885094	True	False
skeletal_muscle_group	soleus	ENSMUSG00000028223	Decr1	974	within_tissue_974_gene_panel	0.05	3	FLT_lower	-0.027688112105157	0.0059676394160051	3.488996146521873e-06	0.0002427344461937	7.566570420399594e-05	0.7155956486743028	3	0	1.0	unanimous	True	False	reinforced_real_and_synthetic	core_intersection	True	True	0.875	0.875	True	3.0	3.0	5.923469293892105e-22	0.1325988512336181	True	False
skeletal_muscle_group	soleus	ENSMUSG00000047379	B4gat1	974	within_tissue_974_gene_panel	0.05	3	FLT_lower	-0.0006337618854389	0.0001391595850884	5.258296722572168e-06	0.0003414387338523	0.0	0.0	3	0	1.0	unanimous	True	False	not_stably_selected	not_in_stable_selection_union	False	False	0.0	0.0	False	3.0	3.0	8.852380319305539e-05	0.5488813362227265	True	False
skeletal_muscle_group	soleus	ENSMUSG00000019947	Arid5b	974	within_tissue_974_gene_panel	0.05	3	FLT_higher	0.003181993204189	0.0007081645886503	7.012915796440459e-06	0.0004269112491083	0.0	0.0	3	0	1.0	unanimous	True	False	real_only_selected	exploratory_union	True	False	0.625	0.0	False	3.0	3.0	0.0002495615881998	0.049921112953578	True	True
skeletal_muscle_group	soleus	ENSMUSG00000048756	Foxo3	974	within_tissue_974_gene_panel	0.05	3	FLT_lower	-0.0017481817922284	0.0003906302972363	7.63095613308192e-06	0.0004372088984483	0.0	0.0	3	0	1.0	unanimous	True	False	not_stably_selected	not_in_stable_selection_union	False	False	0.0	0.0	False	3.0	3.0	0.0001138727635801	0.7842373343275312	True	False
skeletal_muscle_group	soleus	ENSMUSG00000030545	Pex11a	974	within_tissue_974_gene_panel	0.05	3	FLT_lower	-0.0013449398062455	0.0003048517220588	1.0252258763208709e-05	0.0005547611130758	0.0	0.0	3	0	1.0	unanimous	True	False	not_stably_selected	not_in_stable_selection_union	False	False	0.0	0.0	False	3.0	3.0	0.0004002085039677	0.1727685402292511	True	False
skeletal_muscle_group	soleus	ENSMUSG00000039953	Clstn1	974	within_tissue_974_gene_panel	0.05	3	FLT_lower	-0.0004396574174319	0.0001052895158542	2.9707128868304695e-05	0.0014467371758864	0.0	0.0	3	0	1.0	unanimous	True	False	not_stably_selected	not_in_stable_selection_union	False	False	0.0	0.0	False	3.0	3.0	0.0006643027129248	0.6480681544495092	True	False
skeletal_muscle_group	soleus	ENSMUSG00000032366	Tpm1	974	within_tissue_974_gene_panel	0.05	3	FLT_higher	0.0259588786959929	0.0062036465441065	2.8585128678402167e-05	0.0014467371758864	8.93393515203312e-05	0.7773964500755308	3	0	1.0	unanimous	True	False	reinforced_real_and_synthetic	core_intersection	True	True	1.0	1.0	True	3.0	3.0	8.682010511143393e-07	0.03622756904631	True	True
skeletal_muscle_group	soleus	ENSMUSG00000022892	App	974	within_tissue_974_gene_panel	0.05	3	FLT_lower	-0.0010663866173855	0.0002635691737074	5.211226836320996e-05	0.0024170166374174	0.0	0.0	3	0	1.0	unanimous	True	False	not_stably_selected	not_in_stable_selection_union	False	False	0.0	0.0	False	3.0	3.0	0.000775872456279	0.6480681544495092	True	False
skeletal_muscle_group	soleus	ENSMUSG00000051483	Cbr1	974	within_tissue_974_gene_panel	0.05	3	FLT_lower	-0.0012822818007818	0.0003195543933484	6.0023496260615925e-05	0.0026574038799018	1.3747643946996933e-07	0.4364559035059289	3	0	1.0	unanimous	True	False	not_stably_selected	not_in_stable_selection_union	False	False	0.0	0.0	False	3.0	3.0	3.014217660291761e-08	0.1778781441219734	True	False
skeletal_muscle_group	soleus	ENSMUSG00000030695	Aldoa	974	within_tissue_974_gene_panel	0.05	3	FLT_higher	0.0032949752580379	0.0008379805103027	8.422705405829646e-05	0.0035668326370774	1.7032292170715794e-06	0.81068999873928	3	0	1.0	unanimous	True	False	not_stably_selected	not_in_stable_selection_union	False	False	0.0	0.0	False	3.0	3.0	1.2285102215355166e-11	0.1778781441219734	True	False
skeletal_muscle_group	soleus	ENSMUSG00000028603	Scp2	974	within_tissue_974_gene_panel	0.05	3	FLT_lower	-0.00199466487617	0.0005260846602849	0.0001497230849988	0.0060762618662047	5.314085614970858e-07	0.6477821548816637	3	0	1.0	unanimous	True	False	real_only_selected	exploratory_union	True	False	0.625	0.0	False	3.0	3.0	0.0002414261177028	0.1521256639160002	True	False
skeletal_muscle_group	soleus	ENSMUSG00000066571	Garre1	974	within_tissue_974_gene_panel	0.05	3	FLT_higher	0.0019244293775725	0.000532614546797	0.0003024708228269	0.0117842632573362	0.0	0.0	3	0	1.0	unanimous	True	False	not_stably_selected	not_in_stable_selection_union	False	False	0.0	0.0	False	3.0	3.0	0.0105256317410629	0.1605013458279744	True	False
skeletal_muscle_group	soleus	ENSMUSG00000001755	Coasy	974	within_tissue_974_gene_panel	0.05	3	FLT_lower	-0.0013930807219493	0.0003977423560463	0.0004609654639048	0.0172684754555131	2.247379134111304e-07	0.4735901064021395	2	1	0.6666666666666666	non_unanimous	False	True	not_stably_selected	not_in_stable_selection_union	False	False	0.0	0.0	False	3.0	3.0	3.67683462083081e-09	0.884013601074036	True	False
skeletal_muscle_group	soleus	ENSMUSG00000035268	Pkig	974	within_tissue_974_gene_panel	0.05	3	FLT_lower	-0.0008156697137426	0.0002456662354361	0.0008994159736497	0.0324455984568449	0.0	0.0	3	0	1.0	unanimous	True	False	not_stably_selected	not_in_stable_selection_union	False	False	0.0	0.0	False	3.0	3.0	0.0090401250390598	0.6480681544495092	True	False
skeletal_muscle_group	soleus	ENSMUSG00000026028	Trak2	974	within_tissue_974_gene_panel	0.05	3	FLT_lower	-0.0004699219711518	0.000142181912941	0.0009495078464818	0.0330293086597631	5.0288314670041754e-08	0.8766097310399756	3	0	1.0	unanimous	True	False	not_stably_selected	not_in_stable_selection_union	False	False	0.0	0.0	False	3.0	3.0	2.7338476926804688e-05	0.884013601074036	True	False
skeletal_muscle_group	soleus	ENSMUSG00000026825	Dnm1	974	within_tissue_974_gene_panel	0.05	3	FLT_lower	-0.0001376540709005	4.203207609904894e-05	0.001056706796215	0.0354907730866712	0.0	0.0	2	1	0.6666666666666666	non_unanimous	False	True	not_stably_selected	not_in_stable_selection_union	False	False	0.0	0.0	False	3.0	2.0	0.0086623543989819	0.8218911781921867	False	False
skeletal_muscle_group	tibialis_anterior	ENSMUSG00000023067	Cdkn1a	974	within_tissue_974_gene_panel	0.05	2	FLT_higher	0.0073705059023382	0.000657271873361	3.48942868832641e-29	3.3987035424299236e-26	0.0	0.0	2	0	1.0	unanimous	True	False	reinforced_real_and_synthetic	core_intersection	True	True	1.0	1.0	True	2.0	0.0	1.0	1.0	False	False
skeletal_muscle_group	tibialis_anterior	ENSMUSG00000067377	Tspan6	974	within_tissue_974_gene_panel	0.05	2	FLT_lower	-0.0002307049276988	3.807246187001124e-05	1.3643734806756179e-09	6.644498850890259e-07	0.0	0.0	2	0	1.0	unanimous	True	False	not_stably_selected	not_in_stable_selection_union	False	False	0.0	0.0	False	2.0	0.0	1.0	1.0	False	False
skeletal_muscle_group	tibialis_anterior	ENSMUSG00000056091	St3gal5	974	within_tissue_974_gene_panel	0.05	2	FLT_higher	0.0095014379538271	0.0016287755176655	5.428140861297377e-09	1.7623363996345484e-06	0.0	0.0	2	0	1.0	unanimous	True	False	reinforced_real_and_synthetic	core_intersection	True	True	1.0	1.0	True	2.0	0.0	1.0	1.0	False	False
skeletal_muscle_group	tibialis_anterior	ENSMUSG00000008305	Tle1	974	within_tissue_974_gene_panel	0.05	2	FLT_higher	0.0040109809673758	0.0007628820337328	1.4589306533101086e-07	3.552496140810114e-05	0.0	0.0	2	0	1.0	unanimous	True	False	not_stably_selected	not_in_stable_selection_union	False	False	0.0	0.0	False	2.0	0.0	1.0	1.0	False	False
skeletal_muscle_group	tibialis_anterior	ENSMUSG00000029103	Lrpap1	974	within_tissue_974_gene_panel	0.05	2	FLT_higher	0.0007758518611467	0.0001514333572673	3.000937650173406e-07	5.845826542537795e-05	0.0	0.0	2	0	1.0	unanimous	True	False	not_stably_selected	not_in_stable_selection_union	False	False	0.0	0.0	False	2.0	0.0	1.0	1.0	False	False
skeletal_muscle_group	tibialis_anterior	ENSMUSG00000020694	Tlk2	974	within_tissue_974_gene_panel	0.05	2	FLT_higher	0.0050217074899749	0.0010159213917404	7.692635572584647e-07	0.0001070375292528	0.0	0.0	2	0	1.0	unanimous	True	False	not_stably_selected	not_in_stable_selection_union	False	False	0.0	0.0	False	2.0	0.0	1.0	1.0	False	False
skeletal_muscle_group	tibialis_anterior	ENSMUSG00000028560	Usp1	974	within_tissue_974_gene_panel	0.05	2	FLT_higher	0.0006815731576027	0.0001375188282449	7.187892656568418e-07	0.0001070375292528	0.0	0.0	2	0	1.0	unanimous	True	False	not_stably_selected	not_in_stable_selection_union	False	False	0.0	0.0	False	2.0	0.0	1.0	1.0	False	False
skeletal_muscle_group	tibialis_anterior	ENSMUSG00000034621	Gpatch8	974	within_tissue_974_gene_panel	0.05	2	FLT_higher	0.0010477790916298	0.0002136995745413	9.436131942290084e-07	0.0001148849063973	0.0	0.0	2	0	1.0	unanimous	True	False	not_stably_selected	not_in_stable_selection_union	False	False	0.0	0.0	False	2.0	0.0	1.0	1.0	False	False
skeletal_muscle_group	tibialis_anterior	ENSMUSG00000026360	Rgs2	974	within_tissue_974_gene_panel	0.05	2	FLT_higher	0.0005507697819664	0.0001238803277015	8.749102839630367e-06	0.0009468473517555	0.0	0.0	2	0	1.0	unanimous	True	False	not_stably_selected	not_in_stable_selection_union	False	False	0.0	0.0	False	2.0	0.0	1.0	1.0	False	False
skeletal_muscle_group	tibialis_anterior	ENSMUSG00000061559	Skic8	974	within_tissue_974_gene_panel	0.05	2	FLT_higher	0.0015140105279985	0.0003592443578755	2.504087850873345e-05	0.0022172559697733	0.0	0.0	2	0	1.0	unanimous	True	False	not_stably_selected	not_in_stable_selection_union	False	False	0.0	0.0	False	2.0	0.0	1.0	1.0	False	False
skeletal_muscle_group	tibialis_anterior	ENSMUSG00000033430	Terf2ip	974	within_tissue_974_gene_panel	0.05	2	FLT_higher	0.0007379925076931	0.0001749528410571	2.462201916828421e-05	0.0022172559697733	0.0	0.0	2	0	1.0	unanimous	True	False	not_stably_selected	not_in_stable_selection_union	False	False	0.0	0.0	False	2.0	0.0	1.0	1.0	False	False
skeletal_muscle_group	tibialis_anterior	ENSMUSG00000071637	Cebpd	974	within_tissue_974_gene_panel	0.05	2	FLT_higher	0.0034325240032827	0.000820306313431	2.858677081625428e-05	0.0023202928979193	0.0	0.0	2	0	1.0	unanimous	True	False	synthetic_promoted	generated_supported	False	True	0.0	1.0	True	2.0	0.0	1.0	1.0	False	False
skeletal_muscle_group	tibialis_anterior	ENSMUSG00000021585	Cast	974	within_tissue_974_gene_panel	0.05	2	FLT_higher	0.0041780573590511	0.0010146387665789	3.825426564215932e-05	0.0028661272873433	0.0	0.0	2	0	1.0	unanimous	True	False	not_stably_selected	not_in_stable_selection_union	False	False	0.0	0.0	False	2.0	0.0	1.0	1.0	False	False
skeletal_muscle_group	tibialis_anterior	ENSMUSG00000025358	Cdk2	974	within_tissue_974_gene_panel	0.05	2	FLT_higher	0.0002385851010106	5.9552906862366216e-05	6.168479682995689e-05	0.0042914994365984	0.0	0.0	2	0	1.0	unanimous	True	False	not_stably_selected	not_in_stable_selection_union	False	False	0.0	0.0	False	2.0	0.0	1.0	1.0	False	False
skeletal_muscle_group	tibialis_anterior	ENSMUSG00000027984	Hadh	974	within_tissue_974_gene_panel	0.05	2	FLT_higher	0.003517918927582	0.0008960812359214	8.640861271214108e-05	0.0056107992521083	0.0	0.0	2	0	1.0	unanimous	True	False	not_stably_selected	not_in_stable_selection_union	False	False	0.0	0.0	False	2.0	0.0	1.0	1.0	False	False
skeletal_muscle_group	tibialis_anterior	ENSMUSG00000032458	Copb2	974	within_tissue_974_gene_panel	0.05	2	FLT_higher	0.0030244669483275	0.0007799779738691	0.0001054784364688	0.0061464435120171	0.0	0.0	2	0	1.0	unanimous	True	False	not_stably_selected	not_in_stable_selection_union	False	False	0.0	0.0	False	2.0	0.0	1.0	1.0	False	False
skeletal_muscle_group	tibialis_anterior	ENSMUSG00000026618	Iars2	974	within_tissue_974_gene_panel	0.05	2	FLT_higher	0.0022410568628853	0.0005785596477616	0.0001072787881974	0.0061464435120171	0.0	0.0	2	0	1.0	unanimous	True	False	not_stably_selected	not_in_stable_selection_union	False	False	0.0	0.0	False	2.0	0.0	1.0	1.0	False	False
skeletal_muscle_group	tibialis_anterior	ENSMUSG00000028703	Lrrc41	974	within_tissue_974_gene_panel	0.05	2	FLT_higher	0.0020464962294417	0.0005367403442616	0.0001373881946591	0.0070429527156836	0.0	0.0	2	0	1.0	unanimous	True	False	not_stably_selected	not_in_stable_selection_union	False	False	0.0	0.0	False	2.0	0.0	1.0	1.0	False	False
skeletal_muscle_group	tibialis_anterior	ENSMUSG00000053838	Nudcd3	974	within_tissue_974_gene_panel	0.05	2	FLT_higher	0.0019783544314815	0.0005182022861524	0.0001346872941103	0.0070429527156836	0.0	0.0	2	0	1.0	unanimous	True	False	not_stably_selected	not_in_stable_selection_union	False	False	0.0	0.0	False	2.0	0.0	1.0	1.0	False	False
skeletal_muscle_group	tibialis_anterior	ENSMUSG00000037979	Ccdc92	974	within_tissue_974_gene_panel	0.05	2	FLT_lower	-2.847690429952787e-05	7.578545250984386e-06	0.0001715722828026	0.0078846846634243	5.211547725617928e-12	0.0134616231208617	2	0	1.0	unanimous	True	False	not_stably_selected	not_in_stable_selection_union	False	False	0.0	0.0	False	2.0	0.0	1.0	1.0	False	False
skeletal_muscle_group	tibialis_anterior	ENSMUSG00000031683	Lsm6	974	within_tissue_974_gene_panel	0.05	2	FLT_lower	-0.0018322070077998	0.0004930200613112	0.0002021671179772	0.0078846846634243	0.0	0.0	2	0	1.0	unanimous	True	False	not_stably_selected	not_in_stable_selection_union	False	False	0.0	0.0	False	2.0	0.0	1.0	1.0	False	False
skeletal_muscle_group	tibialis_anterior	ENSMUSG00000038650	Rnh1	974	within_tissue_974_gene_panel	0.05	2	FLT_higher	0.0004561303531489	0.0001224627338238	0.0001955893546521	0.0078846846634243	0.0	0.0	2	0	1.0	unanimous	True	False	not_stably_selected	not_in_stable_selection_union	False	False	0.0	0.0	False	2.0	0.0	1.0	1.0	False	False
skeletal_muscle_group	tibialis_anterior	ENSMUSG00000024259	Slc25a46	974	within_tissue_974_gene_panel	0.05	2	FLT_higher	0.0031874865660513	0.0008548898904123	0.0001925964412125	0.0078846846634243	0.0	0.0	2	0	1.0	unanimous	True	False	not_stably_selected	not_in_stable_selection_union	False	False	0.0	0.0	False	2.0	0.0	1.0	1.0	False	False
skeletal_muscle_group	tibialis_anterior	ENSMUSG00000076431	Sox4	974	within_tissue_974_gene_panel	0.05	2	FLT_higher	0.0009792284029716	0.0002602606507116	0.0001682292425342	0.0078846846634243	7.140867286975687e-08	0.5234322636901568	2	0	1.0	unanimous	True	False	not_stably_selected	not_in_stable_selection_union	False	False	0.0	0.0	False	2.0	0.0	1.0	1.0	False	False
skeletal_muscle_group	tibialis_anterior	ENSMUSG00000025027	Xpnpep1	974	within_tissue_974_gene_panel	0.05	2	FLT_higher	0.001811043969789	0.0004873601197093	0.0002023789698004	0.0078846846634243	3.835892249651302e-07	0.8052177597126732	2	0	1.0	unanimous	True	False	not_stably_selected	not_in_stable_selection_union	False	False	0.0	0.0	False	2.0	0.0	1.0	1.0	False	False
skeletal_muscle_group	tibialis_anterior	ENSMUSG00000024778	Fas	974	within_tissue_974_gene_panel	0.05	2	FLT_higher	0.0001845401390683	4.981057613170148e-05	0.0002115254786883	0.0079240698554774	0.0	0.0	2	0	1.0	unanimous	True	False	not_stably_selected	not_in_stable_selection_union	False	False	0.0	0.0	False	2.0	0.0	1.0	1.0	False	False
skeletal_muscle_group	tibialis_anterior	ENSMUSG00000003308	Keap1	974	within_tissue_974_gene_panel	0.05	2	FLT_higher	0.0031413188299446	0.0008515364850572	0.0002251364538877	0.0081215891143225	0.0	0.0	2	0	1.0	unanimous	True	False	not_stably_selected	not_in_stable_selection_union	False	False	0.0	0.0	False	2.0	0.0	1.0	1.0	False	False
skeletal_muscle_group	tibialis_anterior	ENSMUSG00000024960	Plcb3	974	within_tissue_974_gene_panel	0.05	2	FLT_higher	0.0008101243119102	0.0002203235351406	0.0002360154000643	0.0082099642736684	0.0	0.0	2	0	1.0	unanimous	True	False	not_stably_selected	not_in_stable_selection_union	False	False	0.0	0.0	False	2.0	0.0	1.0	1.0	False	False
skeletal_muscle_group	tibialis_anterior	ENSMUSG00000069808	Tlcd3a	974	within_tissue_974_gene_panel	0.05	2	FLT_lower	-0.000102578484395	2.8039956440784415e-05	0.0002538968718824	0.008527432869432	0.0	0.0	2	0	1.0	unanimous	True	False	not_stably_selected	not_in_stable_selection_union	False	False	0.0	0.0	False	2.0	0.0	1.0	1.0	False	False
skeletal_muscle_group	tibialis_anterior	ENSMUSG00000003534	Ddr1	974	within_tissue_974_gene_panel	0.05	2	FLT_higher	0.0005633071999288	0.0001588916530816	0.0003922730286082	0.0127357976621463	0.0	0.0	2	0	1.0	unanimous	True	False	not_stably_selected	not_in_stable_selection_union	False	False	0.0	0.0	False	2.0	0.0	1.0	1.0	False	False
skeletal_muscle_group	tibialis_anterior	ENSMUSG00000021892	Sh3bp5	974	within_tissue_974_gene_panel	0.05	2	FLT_higher	0.0029945162444513	0.00086194649115	0.0005125080480725	0.0161026722200855	6.942759622957308e-07	0.3695067989698125	2	0	1.0	unanimous	True	False	not_stably_selected	not_in_stable_selection_union	False	False	0.0	0.0	False	2.0	0.0	1.0	1.0	False	False
skeletal_muscle_group	tibialis_anterior	ENSMUSG00000038286	Bphl	974	within_tissue_974_gene_panel	0.05	2	FLT_lower	-0.0012185625523992	0.0003521445598254	0.0005393648928354	0.0161174737481958	0.0	0.0	2	0	1.0	unanimous	True	False	not_stably_selected	not_in_stable_selection_union	False	False	0.0	0.0	False	2.0	0.0	1.0	1.0	False	False
skeletal_muscle_group	tibialis_anterior	ENSMUSG00000025511	Tspan4	974	within_tissue_974_gene_panel	0.05	2	FLT_lower	-0.0004509752772095	0.0001304499868613	0.0005460745725774	0.0161174737481958	1.9746967113438028e-08	0.5581976831139553	2	0	1.0	unanimous	True	False	real_only_selected	exploratory_union	True	False	0.875	0.0	False	2.0	0.0	1.0	1.0	False	False
skeletal_muscle_group	tibialis_anterior	ENSMUSG00000010914	Pdhx	974	within_tissue_974_gene_panel	0.05	2	FLT_higher	0.0043844109523921	0.001288165320763	0.0006650189780522	0.0190508377830257	0.0	0.0	2	0	1.0	unanimous	True	False	synthetic_promoted	generated_supported	False	True	0.0	0.625	True	2.0	0.0	1.0	1.0	False	False
skeletal_muscle_group	tibialis_anterior	ENSMUSG00000024498	Tcerg1	974	within_tissue_974_gene_panel	0.05	2	FLT_higher	0.0006857607031418	0.0002036163017513	0.0007574122812302	0.0210777017690935	0.0	0.0	2	0	1.0	unanimous	True	False	not_stably_selected	not_in_stable_selection_union	False	False	0.0	0.0	False	2.0	0.0	1.0	1.0	False	False
skeletal_muscle_group	tibialis_anterior	ENSMUSG00000030619	Eed	974	within_tissue_974_gene_panel	0.05	2	FLT_higher	0.0010938180852468	0.0003268910928992	0.000819497807297	0.0221719684529817	0.0	0.0	2	0	1.0	unanimous	True	False	not_stably_selected	not_in_stable_selection_union	False	False	0.0	0.0	False	2.0	0.0	1.0	1.0	False	False
skeletal_muscle_group	tibialis_anterior	ENSMUSG00000039231	Suv39h1	974	within_tissue_974_gene_panel	0.05	2	FLT_higher	0.0007163990796447	0.0002188188672699	0.0010606043676033	0.0279196933525865	1.8297144976767757e-08	0.1218840510160638	2	0	1.0	unanimous	True	False	not_stably_selected	not_in_stable_selection_union	False	False	0.0	0.0	False	2.0	0.0	1.0	1.0	False	False
skeletal_muscle_group	tibialis_anterior	ENSMUSG00000078566	Bnip3	974	within_tissue_974_gene_panel	0.05	2	FLT_higher	0.0103726054866186	0.0031808446427212	0.0011103590698664	0.0284602561592093	1.100645534740418e-05	0.3804236586403268	2	0	1.0	unanimous	True	False	reinforced_real_and_synthetic	core_intersection	True	True	1.0	0.75	True	2.0	0.0	1.0	1.0	False	False
skeletal_muscle_group	tibialis_anterior	ENSMUSG00000025453	Nnt	974	within_tissue_974_gene_panel	0.05	2	FLT_higher	0.0070976829733813	0.0021910811231816	0.0011980163137138	0.0296970853015083	4.009691156110464e-06	0.3398960460553734	2	0	1.0	unanimous	True	False	not_stably_selected	not_in_stable_selection_union	False	False	0.0	0.0	False	2.0	0.0	1.0	1.0	False	False
skeletal_muscle_group	tibialis_anterior	ENSMUSG00000032114	Slc37a4	974	within_tissue_974_gene_panel	0.05	2	FLT_higher	0.0115416320919128	0.0035685565418673	0.0012195928255239	0.0296970853015083	0.0	0.0	2	0	1.0	unanimous	True	False	not_stably_selected	not_in_stable_selection_union	False	False	0.0	0.0	False	2.0	0.0	1.0	1.0	False	False
skeletal_muscle_group	tibialis_anterior	ENSMUSG00000032715	Trib3	974	within_tissue_974_gene_panel	0.05	2	FLT_higher	0.0002347120990699	7.284374647357654e-05	0.0012724091165003	0.0302274751090572	0.0	0.0	2	0	1.0	unanimous	True	False	not_stably_selected	not_in_stable_selection_union	False	False	0.0	0.0	False	2.0	0.0	1.0	1.0	False	False
skeletal_muscle_group	tibialis_anterior	ENSMUSG00000022711	Pmm2	974	within_tissue_974_gene_panel	0.05	2	FLT_higher	0.001169151795193	0.0003655971200153	0.0013842076767088	0.0321004351693919	0.0	0.0	2	0	1.0	unanimous	True	False	not_stably_selected	not_in_stable_selection_union	False	False	0.0	0.0	False	2.0	0.0	1.0	1.0	False	False
skeletal_muscle_group	tibialis_anterior	ENSMUSG00000078676	Casc3	974	within_tissue_974_gene_panel	0.05	2	FLT_higher	0.0008207566158327	0.0002619558193243	0.001729191280191	0.0391681931838629	0.0	0.0	2	0	1.0	unanimous	True	False	not_stably_selected	not_in_stable_selection_union	False	False	0.0	0.0	False	2.0	0.0	1.0	1.0	False	False
skeletal_muscle_group	tibialis_anterior	ENSMUSG00000020549	Elac2	974	within_tissue_974_gene_panel	0.05	2	FLT_higher	0.000234525113089	7.529800250115012e-05	0.0018417830202029	0.0402797385590525	0.0	0.0	2	0	1.0	unanimous	True	False	not_stably_selected	not_in_stable_selection_union	False	False	0.0	0.0	False	2.0	0.0	1.0	1.0	False	False
skeletal_muscle_group	tibialis_anterior	ENSMUSG00000006998	Psmd2	974	within_tissue_974_gene_panel	0.05	2	FLT_higher	0.0064174124793518	0.0020624376265379	0.0018609735473894	0.0402797385590525	0.0	0.0	2	0	1.0	unanimous	True	False	not_stably_selected	not_in_stable_selection_union	False	False	0.0	0.0	False	2.0	0.0	1.0	1.0	False	False
skeletal_muscle_group	tibialis_anterior	ENSMUSG00000031078	Cttn	974	within_tissue_974_gene_panel	0.05	2	FLT_higher	0.0002582975768233	8.38012264569687e-05	0.0020543195050281	0.0434979825629883	0.0	0.0	2	0	1.0	unanimous	True	False	not_stably_selected	not_in_stable_selection_union	False	False	0.0	0.0	False	2.0	0.0	1.0	1.0	False	False
skeletal_muscle_group	tibialis_anterior	ENSMUSG00000025889	Snca	974	within_tissue_974_gene_panel	0.05	2	FLT_higher	0.0001999238415341	6.517776882337259e-05	0.0021595681594521	0.0447536039852416	0.0	0.0	2	0	1.0	unanimous	True	False	not_stably_selected	not_in_stable_selection_union	False	False	0.0	0.0	False	2.0	0.0	1.0	1.0	False	False
skeletal_muscle_group	tibialis_anterior	ENSMUSG00000032939	Nup93	974	within_tissue_974_gene_panel	0.05	2	FLT_higher	0.0009086120978669	0.0002994058028909	0.0024076090433359	0.0488544001710252	0.0	0.0	2	0	1.0	unanimous	True	False	not_stably_selected	not_in_stable_selection_union	False	False	0.0	0.0	False	2.0	0.0	1.0	1.0	False	False
