component	explained_variance_ratio
1	0.6646267
2	0.10974615
3	0.09708796
4	0.05568369
5	0.046636295
6	0.017840771
7	0.0036177458
8	0.0017111461
9	0.0009124582
10	0.00064130913
