model	gene_id	gene_symbol	pooled_log2cpm_flt_minus_gc	pooled_p	pooled_fdr	accession_mean_log2cpm_flt_minus_gc	accession_t_p	accession_t_fdr	n_accessions_tested	n_accessions_same_direction	n_accessions_nonzero_direction	pooled_deg_fdr05	accession_deg_fdr05	any_deg_fdr05	nominal_p05
skin_hvg	ENSMUSG00000000058	Cav2	0.17454370475438985	0.11125031889304013	0.25419552268810197	0.175874862706225	0.185695468293132	0.5869713003186572	6	5	6	False	False	False	False
skin_hvg	ENSMUSG00000000120	Ngfr	0.16295606804519025	0.21517154827545687	0.3762675848564688	0.19018380947515837	0.21696489921044	0.5869713003186572	6	4	6	False	False	False	False
skin_hvg	ENSMUSG00000000125	Wnt3	-0.010266009275714083	0.9184106637161003	0.9461931637304992	0.03505023791849441	0.689888728336444	0.8389754338240996	6	3	6	False	False	False	False
skin_hvg	ENSMUSG00000000142	Axin2	0.12399494370614761	0.2492148491682603	0.4123579415382227	0.0920869085765279	0.2767890637480202	0.5909715492757674	6	3	6	False	False	False	False
skin_hvg	ENSMUSG00000000184	Ccnd2	-0.11136195193252796	0.07905005142585846	0.20853758612607576	-0.04432428800708118	0.6349162338632893	0.8075972732643241	6	4	6	False	False	False	False
skin_hvg	ENSMUSG00000000275		0.15444474669969388	0.0046854424207170365	0.0492712545850238	0.14956133985588504	0.028984412186582906	0.5869713003186572	6	5	6	True	False	True	True
skin_hvg	ENSMUSG00000000290	Itgb2	0.16269237381532076	0.1748025102947439	0.3328241138165722	0.08997870842256168	0.4723777171847552	0.7032265687093832	6	5	6	False	False	False	False
skin_hvg	ENSMUSG00000000305	Cdh4	0.25544978996589496	0.08273108200274099	0.2142580042741113	0.011731016701047666	0.9532908684181646	0.9797847988837235	6	3	6	False	False	False	False
skin_hvg	ENSMUSG00000000308	Ckmt1	-0.16333899718028455	0.07502017122591081	0.20493290451840646	-0.0867902084101706	0.19626507781027244	0.5869713003186572	6	4	6	False	False	False	False
skin_hvg	ENSMUSG00000000320	Alox12	-0.08644690371759456	0.2004044249953604	0.36095661953915725	-0.0287445324829186	0.7525047064795843	0.8657237371227584	6	4	6	False	False	False	False
skin_hvg	ENSMUSG00000000530	Acvrl1	0.23844010456258502	0.048560096306554716	0.1594975531647858	0.11412421648812406	0.1336756746286763	0.5869713003186572	6	5	6	False	False	False	True
skin_hvg	ENSMUSG00000000555	Itga5	0.17980018698508182	0.12753990928636713	0.2755030003643211	0.10063170787504205	0.1812741313326023	0.5869713003186572	6	5	6	False	False	False	False
skin_hvg	ENSMUSG00000000567	Sox9	-0.042842611345539794	0.695656288490265	0.7929369909332529	0.04277558864690093	0.7917845680948512	0.8912533004048985	6	3	6	False	False	False	False
skin_hvg	ENSMUSG00000000594	Gm2a	0.03523267261417473	0.5307722206209124	0.6785865074135481	0.0251380128646946	0.7535057269763955	0.8657237371227584	6	3	6	False	False	False	False
skin_hvg	ENSMUSG00000000628	Hk2	0.12074398000136277	0.08664871100317287	0.21910442251310477	0.14904245793275214	0.18262782182787218	0.5869713003186572	6	5	6	False	False	False	False
skin_hvg	ENSMUSG00000000682	Cd52	0.18713994094211728	0.19709673374855574	0.3575160202783468	0.19955129593371077	0.2316664409823108	0.5869713003186572	6	4	6	False	False	False	False
skin_hvg	ENSMUSG00000000794	Kcnn3	0.3527518266385581	0.009524219737187855	0.06215642750053642	0.31717628704991013	0.1420502435160004	0.5869713003186572	6	4	6	False	False	False	True
skin_hvg	ENSMUSG00000000805	Car4	0.7338753444900914	2.7548185887347786e-06	0.0027506863608516767	0.6764602996066227	0.04417569251691115	0.5869713003186572	6	5	6	True	False	True	True
skin_hvg	ENSMUSG00000000861	Bcl11a	-0.08524732475248165	0.2905352911937782	0.45865531740235177	-0.025837266355059302	0.8349049317422568	0.9140365901440127	6	3	6	False	False	False	False
skin_hvg	ENSMUSG00000000901	Mmp11	0.0901931619856855	0.6560723818122519	0.7711457012825585	0.04517572633640876	0.7824207827496318	0.8852658941365522	6	4	6	False	False	False	False
skin_hvg	ENSMUSG00000000957	Mmp14	0.057500196338249765	0.6341807575844806	0.756546578791044	-0.11309364696181017	0.14710020970904975	0.5869713003186572	6	5	6	False	False	False	False
skin_hvg	ENSMUSG00000000982	Ccl3	-0.052925169827732654	0.7019128892689107	0.7969315918646589	0.0030459095275424397	0.9832594138625963	0.9926712832022282	6	2	6	False	False	False	False
skin_hvg	ENSMUSG00000001119	Col6a1	-0.0037809756657427585	0.973236122943018	0.982088194804046	-0.1460779450247814	0.5168808706747382	0.732064609033654	6	2	6	False	False	False	False
skin_hvg	ENSMUSG00000001128		0.1844556753643687	0.21978466401776187	0.38000863553547226	0.06679657523002207	0.6012091184444234	0.7852286524090998	6	4	6	False	False	False	False
skin_hvg	ENSMUSG00000001131	Timp1	-0.30041215724462145	0.05128242194649387	0.16516473848709282	-0.3400838505497928	0.28935631738976575	0.5936141152037087	6	3	6	False	False	False	False
skin_hvg	ENSMUSG00000001270	Ckb	-0.047720289456703036	0.8206259995373877	0.8815439059043374	-0.12997272994241524	0.20648774591193614	0.5869713003186572	6	4	6	False	False	False	False
skin_hvg	ENSMUSG00000001281	Itgb7	0.28899467929285727	0.1024108119025183	0.24260307398496922	0.2181541207498039	0.05947060938696511	0.5869713003186572	6	6	6	False	False	False	False
skin_hvg	ENSMUSG00000001300	Efnb2	-0.03801348205540478	0.43357418879888543	0.5975484161707206	0.039215744062921644	0.6841174822996356	0.8348355077384755	6	3	6	False	False	False	False
skin_hvg	ENSMUSG00000001403	Ube2c	-0.35775376787732593	0.019222176660074516	0.09596671697542203	-0.24437958027019965	0.2470903406541812	0.5869713003186572	6	3	6	False	False	False	True
skin_hvg	ENSMUSG00000001435	Col18a1	-0.2283713736818882	0.21764964120281688	0.37828227457095326	-0.25048334591685534	0.13631291180051228	0.5869713003186572	6	5	6	False	False	False	False
skin_hvg	ENSMUSG00000001467	Cyp51	-0.09565960028307074	0.27980396466642193	0.4476290524717327	-0.053382710140391275	0.504258492563378	0.7227059414429496	6	3	6	False	False	False	False
skin_hvg	ENSMUSG00000001473	Tubb6	-0.2912184511619973	0.12051462264175435	0.2671117662770071	-0.17299777186881174	0.5101085354844704	0.7271140223857869	6	4	6	False	False	False	False
skin_hvg	ENSMUSG00000001507	Itga3	-0.015857851722288707	0.9278071259587419	0.9521227289514942	-0.041311887641159416	0.748378575088155	0.8653804368564247	6	3	6	False	False	False	False
skin_hvg	ENSMUSG00000001508	Sgca	0.4869412561431723	0.05549833480752424	0.1715637377873466	0.5881583599073575	0.24404005800748768	0.5869713003186572	6	5	6	False	False	False	False
skin_hvg	ENSMUSG00000001517	Foxm1	-0.3370340340206104	0.04827208652267835	0.15907484618116943	-0.3089088665298901	0.25334881995054026	0.5869713003186572	6	5	6	False	False	False	True
skin_hvg	ENSMUSG00000001542	Ell2	-0.11694196900865883	0.19008403431470716	0.348574670823205	-0.00408406496459494	0.9558468758105324	0.9808922212907893	6	3	6	False	False	False	False
skin_hvg	ENSMUSG00000001552	Jup	-0.0898495225843039	0.6076060419174978	0.7371745235171586	-0.1102268110398299	0.38948655347481054	0.6525206772560375	6	5	6	False	False	False	False
skin_hvg	ENSMUSG00000001622	Csn3	0.279665734924456	0.46605141775524755	0.6263203720457842	0.4921127601569395	0.06760097189864919	0.5869713003186572	6	5	6	False	False	False	False
skin_hvg	ENSMUSG00000001657	Hoxc8	0.1843491910487005	0.07482424282730805	0.20493290451840646	0.3209537264821538	0.12629208367682712	0.5869713003186572	6	5	6	False	False	False	False
skin_hvg	ENSMUSG00000001741	Il16	0.23302863567016985	0.0323826644161521	0.12909202523417876	0.15566779514182905	0.05301373168094765	0.5869713003186572	6	6	6	False	False	False	True
skin_hvg	ENSMUSG00000001768	Rin2	-0.07407297507519317	0.1663512371144658	0.3202904663401389	-0.03851702586653616	0.24003495104691475	0.5869713003186572	6	5	6	False	False	False	False
skin_hvg	ENSMUSG00000001804	Dsg4	-1.362368834009847	0.007757752558002543	0.0576942858062094	-1.129914172908679	0.1315617950608314	0.5869713003186572	6	4	6	False	False	False	True
skin_hvg	ENSMUSG00000001865	Cpa3	0.061300044153334454	0.7965419638614437	0.8650249891825169	0.07831358211169108	0.6524221234745726	0.816857041115186	6	4	6	False	False	False	False
skin_hvg	ENSMUSG00000001870	Ltbp1	0.16317819546931034	0.042674695109185604	0.15056778468735627	0.08706511768863241	0.1827246294187434	0.5869713003186572	6	4	6	False	False	False	True
skin_hvg	ENSMUSG00000001918	Slc1a5	0.2815739523453331	0.0342145134937676	0.13371112220558493	0.20746706747634422	0.13557937757974212	0.5869713003186572	6	5	6	False	False	False	True
skin_hvg	ENSMUSG00000001930	Vwf	0.2856090893201291	0.04522132525860762	0.15478183354464253	0.11501621502332486	0.42700395740561475	0.6857785714958604	6	4	6	False	False	False	True
skin_hvg	ENSMUSG00000001985		-0.16119130174788676	0.3200585112456955	0.4909038763115621	-0.10250720984632104	0.3922870319751443	0.6555625128488395	6	4	6	False	False	False	False
skin_hvg	ENSMUSG00000002020	Ltbp2	0.4142361898847886	0.0020242628255293963	0.04002428576814064	0.3626789946464033	0.04959776907853388	0.5869713003186572	6	5	6	True	False	True	True
skin_hvg	ENSMUSG00000002028		0.14319271322711913	0.009407726107430478	0.06215642750053642	0.12592501993629698	0.21639831854213537	0.5869713003186572	6	5	6	False	False	False	True
skin_hvg	ENSMUSG00000002033	Cd3g	0.23451982001877436	0.16303772408981143	0.3178723848179387	0.35454132501545027	0.037828816575039205	0.5869713003186572	6	5	6	False	False	False	True
skin_hvg	ENSMUSG00000002233	Rhoc	0.1640945160468954	0.08036454022307189	0.2107319740019462	0.151036494608773	0.014322111401324935	0.5869713003186572	6	6	6	False	False	False	True
skin_hvg	ENSMUSG00000002266	Zim1	0.07128182320501786	0.6781428858183384	0.7814491303977045	0.18753302797313168	0.4838830923369075	0.7100033324002971	6	4	6	False	False	False	False
skin_hvg	ENSMUSG00000002289	Angptl4	0.3063531794990091	0.024557420558647555	0.1103200718669654	0.2757117173418943	0.22864584629716092	0.5869713003186572	6	4	6	False	False	False	True
skin_hvg	ENSMUSG00000002500	Rpl3l	0.46954491418023014	0.05899927906606254	0.1761159346710417	0.57792176493164	0.21060026785519434	0.5869713003186572	6	5	6	False	False	False	False
skin_hvg	ENSMUSG00000002602	Axl	0.16583914221813423	0.032785276586208	0.12990515345765355	0.13150499205667346	0.00782686850603183	0.5869713003186572	6	6	6	False	False	False	True
skin_hvg	ENSMUSG00000002603	Tgfb1	0.11694256399085834	0.2537894677514815	0.41747740288279117	0.09952697338410488	0.23148287713526106	0.5869713003186572	6	4	6	False	False	False	False
skin_hvg	ENSMUSG00000002633	Shh	-0.7654552450661889	0.009712440738439609	0.06276939855878284	-0.5923101922681314	0.25631650092316927	0.5869713003186572	6	4	6	False	False	False	True
skin_hvg	ENSMUSG00000002797	Ggct	-0.30555284457076937	0.0010765062671811822	0.03160990410058508	-0.20910684958527762	0.05167541254921224	0.5869713003186572	6	6	6	True	False	True	True
skin_hvg	ENSMUSG00000002799	Jag2	0.04929311441351558	0.8271504943159732	0.8854429911660193	0.01556230292281017	0.9042733378217743	0.9493090584696844	6	4	6	False	False	False	False
skin_hvg	ENSMUSG00000002847	Pla1a	0.2853917144738549	0.09380998930731665	0.23008467764612434	0.2559901536407607	0.3969055791538592	0.6619747622783776	6	4	6	False	False	False	False
skin_hvg	ENSMUSG00000002870	Mcm2	-0.2919950414540944	0.036385693419495484	0.13787899384958727	-0.1846632275817305	0.4121207548970279	0.6695296804715821	6	3	6	False	False	False	True
skin_hvg	ENSMUSG00000002885	Adgre5	0.20573237799924726	0.03989015422928441	0.14643499631595766	0.18916286648517003	0.025953671630266482	0.5869713003186572	6	6	6	False	False	False	True
skin_hvg	ENSMUSG00000002944	Cd36	0.34561501855319854	0.019656450080046645	0.09740429481353138	0.3579582591591122	0.1416827566362709	0.5869713003186572	6	5	6	False	False	False	True
skin_hvg	ENSMUSG00000002985	Apoe	-0.1127428530559822	0.5302492463914276	0.678352174915875	-0.04301670001914074	0.7743538114124188	0.8796271680265075	6	4	6	False	False	False	False
skin_hvg	ENSMUSG00000002997		0.17230873652577117	0.1974662846104239	0.3575160202783468	0.19089363576720464	0.28956392324787605	0.5936141152037087	6	4	6	False	False	False	False
skin_hvg	ENSMUSG00000003031	Cdkn1b	0.024998390385958302	0.6853412309544608	0.7868286665513455	0.082629539046929	0.2026813394985481	0.5869713003186572	6	4	6	False	False	False	False
skin_hvg	ENSMUSG00000003051	Elf3	0.05994142833581684	0.7000851431151409	0.7961674435085059	0.21002290750267447	0.24787912179873575	0.5869713003186572	6	3	6	False	False	False	False
skin_hvg	ENSMUSG00000003153	Slc2a3	0.1527174252696426	0.05926441332947355	0.1763137195910068	0.14486952438292247	0.007787423259804418	0.5869713003186572	6	5	6	False	False	False	True
skin_hvg	ENSMUSG00000003227	Edar	-0.2498409915438966	0.05198790542160894	0.16637796013934786	-0.11473493490959341	0.5713073381917405	0.7662659600979229	6	4	6	False	False	False	False
skin_hvg	ENSMUSG00000003271	Sult2b1	-0.28225880574190043	0.109414475313739	0.25231028545212103	-0.21047318219736302	0.24993768086563012	0.5869713003186572	6	3	6	False	False	False	False
skin_hvg	ENSMUSG00000003283	Hck	0.05657357898250792	0.6456175168988237	0.762684573898166	0.06001499832042634	0.6996338228118528	0.8448744918902582	6	3	6	False	False	False	False
skin_hvg	ENSMUSG00000003418	St8sia6	-0.38062779469412433	0.03657858626590988	0.13834741813072354	-0.09595257833745825	0.7202540843058777	0.8557970384749141	6	4	6	False	False	False	True
skin_hvg	ENSMUSG00000003541	Ier3	-0.13275967146403556	0.22819312994795635	0.39015554837848354	-0.028711722502460606	0.8606720562594077	0.9294024983751419	6	2	6	False	False	False	False
skin_hvg	ENSMUSG00000003555	Cyp17a1	-0.6159688815680777	0.0005788162614741293	0.023589715799261963	-0.41253120645853664	0.1185664160286509	0.5869713003186572	6	5	6	True	False	True	True
skin_hvg	ENSMUSG00000003617	Cp	0.26740380070761294	0.05765562304283264	0.17402861734093722	0.2644491413324099	0.08810951144994603	0.5869713003186572	6	5	6	False	False	False	False
skin_hvg	ENSMUSG00000003665	Has1	-0.37302944604600174	0.14184885780056067	0.29385079774659717	-0.220709125006576	0.16979550649630296	0.5869713003186572	6	5	6	False	False	False	False
skin_hvg	ENSMUSG00000003746	Man1a	0.17608288828897045	0.12684800324274512	0.2750439331984386	0.08847387439870354	0.49266041160096286	0.7150402987867941	6	3	6	False	False	False	False
skin_hvg	ENSMUSG00000003752	Itpkc	-0.0401727932196394	0.6527422379738018	0.7681356801612742	-0.011790812296350298	0.8702584989848234	0.9328535815741773	6	3	6	False	False	False	False
skin_hvg	ENSMUSG00000003779	Kif20a	-0.4950649935260527	0.0029648748219935103	0.044078281846389886	-0.37572714449006356	0.18855546732262427	0.5869713003186572	6	3	6	True	False	True	True
skin_hvg	ENSMUSG00000003865	Gys1	0.3659866455924048	0.004451276629997566	0.0492712545850238	0.40578780692759037	0.08670592618220659	0.5869713003186572	6	6	6	True	False	True	True
skin_hvg	ENSMUSG00000003882	Il7r	-0.030127872221799912	0.856523559606881	0.9021506057673742	0.05076599635705451	0.7618807283240757	0.8719059108671514	6	3	6	False	False	False	False
skin_hvg	ENSMUSG00000004032	Gstm5	-0.12149308218017119	0.041768925792000935	0.14868546311341507	-0.016972973444804307	0.8357690603920718	0.9140365901440127	6	3	6	False	False	False	True
skin_hvg	ENSMUSG00000004098	Col5a3	0.10470217349782196	0.43115651126165583	0.5950377007529556	0.03207010127073954	0.7980962051650612	0.8942098889332241	6	4	6	False	False	False	False
skin_hvg	ENSMUSG00000004099	Dnmt1	-0.19070530076487557	0.0672405198057315	0.1921020286867608	-0.14781147355643012	0.3068945171534047	0.606800347282524	6	4	6	False	False	False	False
skin_hvg	ENSMUSG00000004552	Ctse	-1.1756406628851144	0.006987381279595591	0.0561398163450692	-1.0023453604723702	0.12932691192906137	0.5869713003186572	6	4	6	False	False	False	True
skin_hvg	ENSMUSG00000004651	Tyr	-1.1210004113773886	0.003141488419389184	0.04427492508465355	-0.7555567732470925	0.20290605744489212	0.5869713003186572	6	4	6	True	False	True	True
skin_hvg	ENSMUSG00000004655	Aqp1	0.3208303341876757	0.007407527948938292	0.056858918477194334	0.21980284254316254	0.12627378397140349	0.5869713003186572	6	5	6	False	False	False	True
skin_hvg	ENSMUSG00000004665	Cnn2	0.0444284450815271	0.6711757817177624	0.7767996979353216	0.10006679028325616	0.36857191862791394	0.6353631925831507	6	4	6	False	False	False	False
skin_hvg	ENSMUSG00000004730	Adgre1	0.16179971857160513	0.2305369280296257	0.39281761542249366	0.09789219004123757	0.4762827096110148	0.7040241088772735	6	3	6	False	False	False	False
skin_hvg	ENSMUSG00000004791	Pgf	0.13671096104247882	0.1507772139685401	0.3045925003218047	0.11208661358341332	0.04535959117976314	0.5869713003186572	6	5	6	False	False	False	True
skin_hvg	ENSMUSG00000004864	Mapk13	-0.21503273660686073	0.167072009715945	0.32053341345037983	-0.19817933101103957	0.13032981365506682	0.5869713003186572	6	4	6	False	False	False	False
skin_hvg	ENSMUSG00000004885	Crabp2	-0.31168380273317187	0.008101712547208548	0.058916863488169074	-0.15158937293446315	0.2627822068506446	0.5909715492757674	6	3	6	False	False	False	True
skin_hvg	ENSMUSG00000004951	Hspb1	0.06487110201553392	0.6634227330076732	0.7742624967695266	0.0697058992079862	0.6835875195289074	0.8348355077384755	6	3	6	False	False	False	False
skin_hvg	ENSMUSG00000004952	Rasa4	0.2361294550947033	0.056872210995494984	0.17313080085061505	0.16448944370210658	0.017288157843058767	0.5869713003186572	6	6	6	False	False	False	True
skin_hvg	ENSMUSG00000005054	Cstb	-0.35829467160670525	0.010613064857750808	0.06551850652892433	-0.1700282733524238	0.3258415504992145	0.6185414223830146	6	3	6	False	False	False	True
skin_hvg	ENSMUSG00000005087	Cd44	-0.2937790514391132	0.00257862329346502	0.0435290012929335	-0.1936035043316003	0.08668494852002641	0.5869713003186572	6	5	6	True	False	True	True
skin_hvg	ENSMUSG00000005220	Lrp4	-0.9111418630320389	0.006860109514591276	0.055638660870374106	-0.7054056365051191	0.058764367557530166	0.5869713003186572	6	5	6	False	False	False	True
skin_hvg	ENSMUSG00000005233	Spc25	-0.4137453329969132	0.013720599204755577	0.0771832017236532	-0.29114593030522734	0.2610490732837998	0.5899156264169036	6	4	6	False	False	False	True
skin_hvg	ENSMUSG00000005268	Prlr	0.1572750557650764	0.25221628870687235	0.41557419847163707	0.23307843482585108	0.1050759381529934	0.5869713003186572	6	4	6	False	False	False	False
skin_hvg	ENSMUSG00000005320	Fgfr4	0.213171100755011	0.31397716135420045	0.48484765951709646	0.007149226402674754	0.9563330770421467	0.9808922212907893	6	4	6	False	False	False	False
skin_hvg	ENSMUSG00000005338	Cadm3	0.37717262832944254	0.023378668643958142	0.10804506742090378	0.1725039647094578	0.13415357655718324	0.5869713003186572	6	5	6	False	False	False	True
skin_hvg	ENSMUSG00000005355	Casp14	-0.6315763629359026	2.3755164787298606e-05	0.00790651068003922	-0.5282678838548963	0.04016572875659862	0.5869713003186572	6	5	6	True	False	True	True
skin_hvg	ENSMUSG00000005360	Slc1a3	0.04783573322875512	0.5458713399137268	0.690814363629729	0.13221777292010803	0.5022118704185234	0.7215317980224437	6	3	6	False	False	False	False
skin_hvg	ENSMUSG00000005397	Nid1	0.2084756232069953	0.015658628649275693	0.08520512646485984	0.09607514531101173	0.524386084319485	0.7369451163870595	6	4	6	False	False	False	True
skin_hvg	ENSMUSG00000005410	Mcm5	-0.417751343517649	0.017793353734729178	0.09205525235299007	-0.2810430884858424	0.3481389867910903	0.6246482988515789	6	3	6	False	False	False	True
skin_hvg	ENSMUSG00000005413	Hmox1	-0.03144272683359173	0.744949772478232	0.8286532791918261	-0.03481433656080949	0.7169459929785172	0.8547708346137904	6	4	6	False	False	False	False
skin_hvg	ENSMUSG00000005483	Dnajb1	-0.12078674015098656	0.08040949633925037	0.2107319740019462	-0.04380676829127742	0.6201371256241857	0.7958955811635561	6	2	6	False	False	False	False
skin_hvg	ENSMUSG00000005583	Mef2c	0.2763775456819655	0.09011818348339991	0.22467666968333283	0.3492241623313941	0.10178210091042647	0.5869713003186572	6	5	6	False	False	False	False
skin_hvg	ENSMUSG00000005628	Tmod4	0.3337056285379809	0.09323843965389929	0.22987304196152702	0.40540557806849903	0.2553311505752386	0.5869713003186572	6	5	6	False	False	False	False
skin_hvg	ENSMUSG00000005667	Mthfd2	-0.049630727871356584	0.6582034448567977	0.7727409049847296	-0.06672159425307855	0.6907717496570387	0.8389754338240996	6	2	6	False	False	False	False
skin_hvg	ENSMUSG00000005672	Kit	-0.06795320319747944	0.5708167273640299	0.7067086203012819	0.011572560144238686	0.9314359299423011	0.9677822851689778	6	3	6	False	False	False	False
skin_hvg	ENSMUSG00000005686	Ampd3	-0.04162697681308902	0.48521625202954277	0.6434109264960138	-0.023826743879387696	0.7808685900512684	0.8845119536769047	6	3	6	False	False	False	False
skin_hvg	ENSMUSG00000005763	Cd247	0.22929041392417826	0.04481985459554804	0.15405378593340693	0.2673211225332563	0.0929056730939332	0.5869713003186572	6	5	6	False	False	False	True
skin_hvg	ENSMUSG00000005800	Mmp8	0.02089970901592275	0.8380822372315218	0.8920373121335816	0.07301909861457105	0.6643539312870558	0.8225653784121488	6	2	6	False	False	False	False
skin_hvg	ENSMUSG00000005836	Gata6	0.06782688116062285	0.3747175243735135	0.5474110432874224	0.1457367459751334	0.1096333130964116	0.5869713003186572	6	5	6	False	False	False	False
skin_hvg	ENSMUSG00000005958	Ephb3	-0.2259038039652932	0.27220722660830177	0.43838534801353113	-0.17370665085353312	0.4503725791347316	0.6970877244787581	6	4	6	False	False	False	False
skin_hvg	ENSMUSG00000005994	Tyrp1	-0.9164850662221946	0.005139656344758104	0.0510641478630942	-0.5908960737343939	0.2437115172482571	0.5869713003186572	6	4	6	False	False	False	True
skin_hvg	ENSMUSG00000006205	Htra1	0.06138601861432136	0.39752953468071656	0.5670474862552792	-0.04010083271842261	0.7454605933953625	0.8645644612118528	6	4	6	False	False	False	False
skin_hvg	ENSMUSG00000006219	Fblim1	-0.14015021760717694	0.311204274212384	0.4825115959643873	-0.004101531802599941	0.9848131303450728	0.9930679528460457	6	2	6	False	False	False	False
skin_hvg	ENSMUSG00000006269	Atp6v1b1	-0.018207920711600156	0.9260601092814161	0.95183746297323	-0.1545795821042161	0.653069804763058	0.8171556391678113	6	2	6	False	False	False	False
skin_hvg	ENSMUSG00000006345	Ggt1	-0.9968236223880007	0.01786362820392717	0.0921800142719446	-0.7584176832606455	0.23141652654567585	0.5869713003186572	6	3	6	False	False	False	True
skin_hvg	ENSMUSG00000006386	Tek	0.2949417987770886	0.0018626206288391038	0.03915424627149147	0.20275147697762952	0.19963998996326793	0.5869713003186572	6	5	6	True	False	True	True
skin_hvg	ENSMUSG00000006398	Cdc20	-0.4591859214541705	0.02065922201812719	0.10034429974209737	-0.3812889148022636	0.1950630353092642	0.5869713003186572	6	4	6	False	False	False	True
skin_hvg	ENSMUSG00000006403	Adamts4	0.11391891031773493	0.495988356444678	0.6520252922133616	-0.028510034452199868	0.8477507545835625	0.9200860091866165	6	4	6	False	False	False	False
skin_hvg	ENSMUSG00000006411	Nectin4	-0.1745487298493611	0.11539044555819077	0.2592066589198054	-0.1230162847552861	0.3652553739094923	0.6337228337943147	6	4	6	False	False	False	False
skin_hvg	ENSMUSG00000006445	Epha2	-0.24112140849428254	0.18804487119509294	0.3464258374322884	-0.20425265135844542	0.26110718172578173	0.5899156264169036	6	4	6	False	False	False	False
skin_hvg	ENSMUSG00000006457	Actn3	0.4614405918110922	0.14441841443090092	0.298245681094632	0.46319693623089037	0.3250514845434444	0.6176287484617111	6	5	6	False	False	False	False
skin_hvg	ENSMUSG00000006517	Mvd	0.09285407682366209	0.7100162857617679	0.8020458055985735	0.04815951411484779	0.6221486137575964	0.796429988252513	6	4	6	False	False	False	False
skin_hvg	ENSMUSG00000006519	Cyba	0.17189336985866444	0.3582436219259105	0.5295429407742733	0.09060455239138114	0.28376203654582344	0.5936141152037087	6	4	6	False	False	False	False
skin_hvg	ENSMUSG00000006574	Slc4a1	-0.9652289647994703	0.009902370442156647	0.06352449438944369	-0.8027096161385462	0.11350651727985055	0.5869713003186572	6	4	6	False	False	False	True
skin_hvg	ENSMUSG00000006678	Pola1	-0.1625272430927973	0.0789674226671731	0.20853758612607576	-0.04594236365858562	0.5833662042246943	0.772534688220633	6	3	6	False	False	False	False
skin_hvg	ENSMUSG00000006731	B4galnt1	0.08994875849844419	0.5512014714639737	0.6940411970451169	0.09344436457305472	0.32453866247616303	0.6176287484617111	6	3	6	False	False	False	False
skin_hvg	ENSMUSG00000006777	Krt23	-0.11094386896536257	0.11097152542279713	0.25419552268810197	-0.03646552648499165	0.7754195187386251	0.8802293099211201	6	4	6	False	False	False	False
skin_hvg	ENSMUSG00000007080	Pole	-0.32899055697827695	0.004709999322156658	0.0492712545850238	-0.22075909204614716	0.31998505777390435	0.6168051741066476	6	4	6	True	False	True	True
skin_hvg	ENSMUSG00000007097	Atp1a2	0.3872565686685263	0.02727011774607148	0.11761430490862818	0.40008884395574346	0.25916589531098844	0.58879896807286	6	5	6	False	False	False	True
skin_hvg	ENSMUSG00000007279	Scube2	-0.09435903247571176	0.24096039597954497	0.40386110653264135	-0.050690104059739095	0.576975275172516	0.7696050676229939	6	3	6	False	False	False	False
skin_hvg	ENSMUSG00000007480	Mc5r	-0.4263381435656486	0.000464556659338418	0.021574875551135367	-0.30853476262900914	0.0077360818221643675	0.5869713003186572	6	6	6	True	False	True	True
skin_hvg	ENSMUSG00000007655	Cav1	0.17768783061061733	0.12073545530634722	0.2673045501627222	0.18588105818320808	0.23357218767372015	0.5869713003186572	6	4	6	False	False	False	False
skin_hvg	ENSMUSG00000007877	Tcap	0.13786345827863222	0.6590388532391722	0.7727468152342478	0.31920095002082993	0.5113572312556531	0.7278548758499923	6	5	6	False	False	False	False
skin_hvg	ENSMUSG00000007888	Crlf1	0.12557365327352343	0.4658608744248429	0.6263203720457842	0.03930291895902401	0.7236789727255782	0.8579164156219179	6	2	6	False	False	False	False
skin_hvg	ENSMUSG00000007989	Fzd3	-0.055218709286432244	0.5025021710237835	0.6567387667110574	0.0446322160703545	0.5990090905726349	0.783379930500034	6	2	6	False	False	False	False
skin_hvg	ENSMUSG00000008206	Cers4	-0.16627499825468917	0.13216285957753182	0.2801796502933451	-0.11273415818487731	0.21214372317961677	0.5869713003186572	6	4	6	False	False	False	False
skin_hvg	ENSMUSG00000008461	Fut1	-0.03556490298944048	0.4878081859795807	0.6455619267072383	0.03410994437892997	0.7089213349759635	0.8504614354279968	6	3	6	False	False	False	False
skin_hvg	ENSMUSG00000008540	Mgst1	0.059161354420279366	0.42247206114278313	0.5895714228526471	0.11365918445626615	0.15199560423149472	0.5869713003186572	6	5	6	False	False	False	False
skin_hvg	ENSMUSG00000008601	Rab25	-0.20274162831167608	0.15286584291555758	0.30649908464093223	-0.1392329125372278	0.3140306688638932	0.6128514887476345	6	3	6	False	False	False	False
skin_hvg	ENSMUSG00000008845	Cd163	0.23677178248198594	0.08294221812438184	0.2142580042741113	0.05850984202445675	0.7537161237162169	0.8657237371227584	6	3	6	False	False	False	False
skin_hvg	ENSMUSG00000008855	Hdac5	0.07667528479213637	0.6653553105015604	0.7752126925738716	0.06630418247443821	0.5424467174537647	0.7483314704862921	6	3	6	False	False	False	False
skin_hvg	ENSMUSG00000008999	Bmp7	-0.18146047026502732	0.15215432206361343	0.30630260197685083	-0.12620822875977092	0.3851804347610023	0.6485711030503555	6	4	6	False	False	False	False
skin_hvg	ENSMUSG00000009281	Rarres2	0.31800858986573655	0.031193613416133872	0.12610049795955333	0.2579652700897041	0.1772121727168946	0.5869713003186572	6	5	6	False	False	False	True
skin_hvg	ENSMUSG00000009356	Lpo	-0.009012921082939718	0.9246694148070305	0.9513471516587532	0.001936268940218829	0.9817790468645032	0.9917110554316707	6	3	6	False	False	False	False
skin_hvg	ENSMUSG00000009376	Met	0.051238150831215634	0.5327587134693881	0.6802552115079079	0.16003247643259857	0.040092517765170865	0.5869713003186572	6	5	6	False	False	False	True
skin_hvg	ENSMUSG00000009585	Apobec3	0.415337894487088	0.00383689629659625	0.04817083322089042	0.28574562270653886	0.06484448792981447	0.5869713003186572	6	5	6	True	False	True	True
skin_hvg	ENSMUSG00000009614	Sardh	-0.3455781420562758	0.048193229986987954	0.15907484618116943	-0.24627962298939363	0.28549941523072786	0.5936141152037087	6	3	6	False	False	False	True
skin_hvg	ENSMUSG00000010064	Slc38a3	0.12131605949854052	0.3866352260739275	0.5579035489855982	0.16864919168471534	0.4625859071150354	0.6995462927199243	6	2	6	False	False	False	False
skin_hvg	ENSMUSG00000010651	Acaa1b	-0.10515446750997892	0.6418749060624785	0.7593745186059062	0.10851420038634736	0.4566857355573104	0.6985560297574038	6	3	6	False	False	False	False
skin_hvg	ENSMUSG00000010663	Fads1	-0.021645031800483494	0.7481814894497887	0.8300657969062378	0.04826935505364668	0.4870839595322128	0.7123368694195644	6	4	6	False	False	False	False
skin_hvg	ENSMUSG00000011008	Mcoln2	0.09305418214644146	0.4440289620360419	0.6073464638260108	0.11314228651043139	0.24532618727927644	0.5869713003186572	6	3	6	False	False	False	False
skin_hvg	ENSMUSG00000011034	Slc5a1	-0.20852789246358405	0.05236503390374685	0.16651747246143705	-0.1728752187558067	0.15177077173557132	0.5869713003186572	6	6	6	False	False	False	False
skin_hvg	ENSMUSG00000011148	Adssl1	0.4984109482742518	0.03573505938892001	0.13618858378392612	0.5972637537491535	0.1699909721929374	0.5869713003186572	6	5	6	False	False	False	True
skin_hvg	ENSMUSG00000011179	Odc1	-0.20552094024691492	0.058487582301427046	0.1752847471855426	-0.11255687605455522	0.5449018443158842	0.7509792844022227	6	3	6	False	False	False	False
skin_hvg	ENSMUSG00000011256	Adam19	0.16984327434111623	0.004634617721325961	0.0492712545850238	0.08048621407222074	0.45202877996707175	0.6970877244787581	6	3	6	True	False	True	True
skin_hvg	ENSMUSG00000012428	Steap4	0.07458337887153377	0.3580398090161985	0.5295429407742733	0.12626494884492878	0.36906286300187874	0.6353631925831507	6	4	6	False	False	False	False
skin_hvg	ENSMUSG00000012443		-0.4978731949009543	0.005894533204069774	0.053023024044536286	-0.3597075314414145	0.2169464986796115	0.5869713003186572	6	3	6	False	False	False	True
skin_hvg	ENSMUSG00000013236	Ptprs	0.0005348283748656257	0.9974163430732284	0.9987277304636993	-0.018113635763756204	0.8616334926786428	0.9295959399671797	6	3	6	False	False	False	False
skin_hvg	ENSMUSG00000013584	Aldh1a2	-0.06650588399588209	0.6876968786507057	0.7888171548911311	-0.07258749074944	0.478145475316605	0.7057328264650852	6	4	6	False	False	False	False
skin_hvg	ENSMUSG00000013629		-0.10474475048884635	0.5249888027463059	0.6750821887214249	-0.07877337155905935	0.6849414618702266	0.8348355077384755	6	4	6	False	False	False	False
skin_hvg	ENSMUSG00000013846	St3gal1	0.2573469334313154	0.001993954227381171	0.04002428576814064	0.1901863379111021	0.0705233986074292	0.5869713003186572	6	4	6	True	False	True	True
skin_hvg	ENSMUSG00000013974		0.05869780781574763	0.5957138114821569	0.7271641085145888	0.11452450840872751	0.3993019674788775	0.6632461406860252	6	3	6	False	False	False	False
skin_hvg	ENSMUSG00000014158	Trpv4	-0.03543943256262416	0.8473442002264502	0.8953155385461486	-0.12067150121101822	0.22324067748611268	0.5869713003186572	6	4	6	False	False	False	False
skin_hvg	ENSMUSG00000014361	Mertk	-0.032414897789911024	0.5771260596434675	0.7114325562395091	-0.055753780231697636	0.53006000487903	0.7412673877755063	6	2	6	False	False	False	False
skin_hvg	ENSMUSG00000014599	Csf1	0.2408206085129212	0.004736173481609596	0.0492712545850238	0.1944243298617002	0.01010358359410373	0.5869713003186572	6	6	6	True	False	True	True
skin_hvg	ENSMUSG00000014602	Kif1a	0.11117406089412452	0.3510704602473015	0.5231997829207918	0.015749144671411308	0.9052566823463123	0.9494735265995723	6	3	6	False	False	False	False
skin_hvg	ENSMUSG00000014773	Dll1	0.13368382143370372	0.13366242892151553	0.2830581872282784	0.15250766491986756	0.11919594728945095	0.5869713003186572	6	4	6	False	False	False	False
skin_hvg	ENSMUSG00000015085	Entpd2	0.25163382336819584	0.1244074697569306	0.2721157909141187	0.011096592052388518	0.9335952207670594	0.9690174926568698	6	3	6	False	False	False	False
skin_hvg	ENSMUSG00000015090	Ptgds	-0.4849799665456267	0.05641518720360362	0.17252852809432837	-0.2501544401375231	0.4815426064555903	0.7091744727815738	6	4	6	False	False	False	False
skin_hvg	ENSMUSG00000015134	Aldh1a3	-0.5198688838041221	0.00211361723574182	0.040053656800756114	-0.34607430608469913	0.2109866659019736	0.5869713003186572	6	5	6	True	False	True	True
skin_hvg	ENSMUSG00000015143	Actn1	-0.07474797915266151	0.44370569981878666	0.6073202759000116	0.008849843995285767	0.9508394460446483	0.9780166563238847	6	3	6	False	False	False	False
skin_hvg	ENSMUSG00000015243	Abca1	0.05143866101531458	0.31776078782363354	0.4877542607869302	0.07064848029574004	0.14443633882862827	0.5869713003186572	6	4	6	False	False	False	False
skin_hvg	ENSMUSG00000015340	Cybb	0.11085913688752402	0.49464004231221637	0.6520252922133616	0.055831854241209435	0.7517830559365073	0.8657237371227584	6	4	6	False	False	False	False
skin_hvg	ENSMUSG00000015354	Pcolce2	0.3141119058402104	0.05134076777709767	0.16516473848709282	0.06909714034549659	0.7722763104792496	0.8790283200863022	6	3	6	False	False	False	False
skin_hvg	ENSMUSG00000015355	Cd48	0.17210900228915804	0.21927306927422432	0.3798669457388435	0.15431739391874175	0.34780393592125325	0.6246482988515789	6	4	6	False	False	False	False
skin_hvg	ENSMUSG00000015405	Ace2	-0.5632076176129885	0.0016859082821330848	0.03782875100471652	-0.3423980222549344	0.14051789957165844	0.5869713003186572	6	4	6	True	False	True	True
skin_hvg	ENSMUSG00000015437	Gzmb	0.22028707789885071	0.023997808116685556	0.1096650407529086	0.25812900909695385	0.005839603294306498	0.5869713003186572	6	6	6	False	False	False	True
skin_hvg	ENSMUSG00000015533	Itga2	0.08483798967050138	0.3726227288676398	0.5459483415617584	0.103708204939908	0.3682788426541993	0.6353631925831507	6	3	6	False	False	False	False
skin_hvg	ENSMUSG00000015568	Lpl	0.1381075195868231	0.3738961151916143	0.5470113861081712	0.21397609888877067	0.19686741168393906	0.5869713003186572	6	5	6	False	False	False	False
skin_hvg	ENSMUSG00000015619	Gata3	0.042828221715019765	0.5224210400909821	0.6726465616129538	0.08896851617552137	0.32342062514325265	0.6176287484617111	6	3	6	False	False	False	False
skin_hvg	ENSMUSG00000015665	Awat1	-0.02506282210204791	0.9199691455763054	0.9469991668638567	0.059047492621924214	0.46190092245556846	0.6995462927199243	6	4	6	False	False	False	False
skin_hvg	ENSMUSG00000015850	Adamtsl4	0.4270640537682553	0.009196730663333349	0.061837949948406384	0.2743358422029094	0.05740740157545216	0.5869713003186572	6	5	6	False	False	False	True
skin_hvg	ENSMUSG00000015880	Ncapg	-0.5126708799872262	0.006881697163236057	0.055638660870374106	-0.3606831849307682	0.2666611234837378	0.5909715492757674	6	3	6	False	False	False	True
skin_hvg	ENSMUSG00000015947	Fcgr1	0.18994996275278586	0.19598834252550337	0.35613168336981826	0.17931328437739635	0.24979369301561974	0.5869713003186572	6	4	6	False	False	False	False
skin_hvg	ENSMUSG00000015950	Ncf1	0.08477868435581382	0.3291019397390117	0.4994408302173042	0.05207394813291444	0.575072469635065	0.7682006549301765	6	4	6	False	False	False	False
skin_hvg	ENSMUSG00000015957	Wnt11	-0.44116216514137463	0.043992984780016786	0.15225691665159724	-0.3552469428612246	0.25659786939318363	0.5869713003186572	6	4	6	False	False	False	True
skin_hvg	ENSMUSG00000015970	Chdh	0.05934058944519727	0.38912658103371056	0.5582512804054023	0.032820736986676646	0.4669605944275817	0.6997211329032088	6	5	6	False	False	False	False
skin_hvg	ENSMUSG00000016024	Lbp	0.034403258428296724	0.7456634665536863	0.8286532791918261	-0.009653714149329437	0.9646696193002947	0.9853939794080248	6	3	6	False	False	False	False
skin_hvg	ENSMUSG00000016194	Hsd11b1	0.48116121909656684	0.00140168109773856	0.035432369014986136	0.3741477000914409	0.11286188320315901	0.5869713003186572	6	4	6	True	False	True	True
skin_hvg	ENSMUSG00000016256	Ctsz	0.06765930278255183	0.5477509632300303	0.6918777188933398	0.07224993270243107	0.47603192838611735	0.7040241088772735	6	3	6	False	False	False	False
skin_hvg	ENSMUSG00000016283		0.16032028636450946	0.3121897820988618	0.4832891432956798	0.27541836116596724	0.0947576721814678	0.5869713003186572	6	5	6	False	False	False	False
skin_hvg	ENSMUSG00000016494	Cd34	0.14405827113655967	0.20679780666008923	0.3676038392074081	0.061987105050478476	0.7148715542821102	0.8542554695193822	6	4	6	False	False	False	False
skin_hvg	ENSMUSG00000016496	Cd274	0.14474764093499104	0.14724885853723674	0.30079236872209253	0.18541298953909324	0.03903786191187456	0.5869713003186572	6	6	6	False	False	False	True
skin_hvg	ENSMUSG00000016524		0.015337658805509524	0.9365788171933036	0.9581700296798296	0.017382219292468654	0.9243551364162012	0.9614256288662258	6	3	6	False	False	False	False
skin_hvg	ENSMUSG00000016763	Scube1	-0.20371279717398805	0.2773868112356813	0.4442192959403814	-0.15491037850143732	0.5342794742541888	0.7446059578882008	6	4	6	False	False	False	False
skin_hvg	ENSMUSG00000017002	Slpi	0.0009216913722376319	0.9961340174402131	0.9981332829042175	0.09512114074149407	0.7099233613342868	0.8509705597746523	6	2	6	False	False	False	False
skin_hvg	ENSMUSG00000017009	Sdc4	0.1195533502678181	0.00665913495888202	0.05530289177569726	0.13480964731762293	0.05947784110656038	0.5869713003186572	6	6	6	False	False	False	True
skin_hvg	ENSMUSG00000017057	Il13ra1	-0.035442436737223915	0.7676664990945946	0.8438250728504548	0.002565097512182627	0.9775708992866823	0.9908551998339065	6	4	6	False	False	False	False
skin_hvg	ENSMUSG00000017144	Rnd3	-0.14144809642076872	0.07918295410321775	0.20861261127193384	-0.021624648122752	0.8046170277782781	0.8973646370758989	6	4	6	False	False	False	False
skin_hvg	ENSMUSG00000017146	Brca1	-0.47991834616687434	0.002046271462681902	0.040053656800756114	-0.3347037066588509	0.2586598531442844	0.58879896807286	6	3	6	True	False	True	True
skin_hvg	ENSMUSG00000017300	Tnnc2	0.4594207818837557	0.11535572183605314	0.2592066589198054	0.5769515843657148	0.29824495860435835	0.5976364723489961	6	5	6	False	False	False	False
skin_hvg	ENSMUSG00000017311	Pyy	-0.03766539728860607	0.8356090555110395	0.8917931830416878	-0.0038333697184979774	0.979404521107096	0.9909889118398547	6	3	6	False	False	False	False
skin_hvg	ENSMUSG00000017390		-0.06634830392161906	0.46431928734716976	0.6257862555448487	-0.0023666971459013197	0.9670027371017141	0.9872302509037625	6	3	6	False	False	False	False
skin_hvg	ENSMUSG00000017466	Timp2	0.16893029439751928	0.07179287082372124	0.19884932459774107	0.0002555383835725067	0.9983013573568493	0.9983121635461235	6	4	6	False	False	False	False
skin_hvg	ENSMUSG00000017493	Igfbp4	0.07750983042459403	0.21138397097754957	0.37192404409001456	0.11124919782638217	0.2351672507909774	0.5869713003186572	6	4	6	False	False	False	False
skin_hvg	ENSMUSG00000017499	Cdc6	-0.3734342804171824	0.002870854409113333	0.044078281846389886	-0.2437903898900141	0.2988054205250389	0.5976364723489961	6	3	6	True	False	True	True
skin_hvg	ENSMUSG00000017588	Krt27	-1.8379756171608674	0.008687714476425242	0.060620294434204934	-1.6672931901837054	0.1166463217205339	0.5869713003186572	6	5	6	False	False	False	True
skin_hvg	ENSMUSG00000017607	Tns4	-0.0035313759643855747	0.963960004360303	0.9766758643873796	0.011572819155940254	0.8750768566851257	0.9346944454432177	6	3	6	False	False	False	False
skin_hvg	ENSMUSG00000017677	Wsb1	0.06411325158391001	0.4274251387634751	0.5930026734104771	0.08856734926339598	0.006945880296757701	0.5869713003186572	6	6	6	False	False	False	True
skin_hvg	ENSMUSG00000017724	Etv4	-0.48104024356876707	0.010148918881017873	0.0639270046865085	-0.42631690571812575	0.16179451313136214	0.5869713003186572	6	3	6	False	False	False	True
skin_hvg	ENSMUSG00000017737	Mmp9	0.25230390477163933	0.09638681294866808	0.2324691611817514	0.21077781609806653	0.01092624998023433	0.5869713003186572	6	6	6	False	False	False	True
skin_hvg	ENSMUSG00000017754	Pltp	0.12387451517341752	0.3763146986037811	0.549342436485198	-0.036601598384752375	0.8083199325457614	0.9002871752893952	6	3	6	False	False	False	False
skin_hvg	ENSMUSG00000017897	Eya2	-0.2571933439616645	0.23023275936518103	0.3926343470984343	-0.10821731747726404	0.6459578172678277	0.8151691701805637	6	4	6	False	False	False	False
skin_hvg	ENSMUSG00000017929	B4galt5	0.24031661992394415	0.017726058926516308	0.09205525235299007	0.22183840237436772	0.004585519666949059	0.5869713003186572	6	6	6	False	False	False	True
skin_hvg	ENSMUSG00000018008	Cyth4	0.2489041376407224	0.034788999445706244	0.13386056241440342	0.14296264414184648	0.1315442046552531	0.5869713003186572	6	5	6	False	False	False	True
skin_hvg	ENSMUSG00000018166	Erbb3	-0.04547740259245181	0.39274004241987787	0.5614186576324238	0.009301378074283365	0.8862804592774478	0.9409367768086461	6	3	6	False	False	False	False
skin_hvg	ENSMUSG00000018339	Gpx3	0.45499235638428814	0.002725387201367745	0.044078281846389886	0.3447098517280451	0.12628125485306924	0.5869713003186572	6	5	6	True	False	True	True
skin_hvg	ENSMUSG00000018341	Il12rb2	0.3689705996607806	0.05365101577550549	0.16798393196967942	0.36997114247672264	0.1579836974048182	0.5869713003186572	6	5	6	False	False	False	False
skin_hvg	ENSMUSG00000018362	Kpna2	-0.3394205481621384	0.00866989249038038	0.060620294434204934	-0.22038501364692387	0.28732886171586036	0.5936141152037087	6	3	6	False	False	False	True
skin_hvg	ENSMUSG00000018474	Chd3	-0.08019376383479049	0.40065885508688664	0.5696780516363077	-0.052737467360631264	0.604441801004634	0.7879048802912885	6	4	6	False	False	False	False
skin_hvg	ENSMUSG00000018476	Kdm6b	0.0278585075529465	0.8662084962313532	0.9109101458525605	-0.013906669560815802	0.9218375738698069	0.9611542660491594	6	3	6	False	False	False	False
skin_hvg	ENSMUSG00000018566	Slc2a4	0.3504728047734318	0.04330984255585669	0.15147067527853905	0.3487544938829821	0.2055157270049455	0.5869713003186572	6	5	6	False	False	False	True
skin_hvg	ENSMUSG00000018593	Sparc	0.003232194544347422	0.9806210162892199	0.9860524519282841	-0.325936888052443	0.3888735619523099	0.6525206772560375	6	3	6	False	False	False	False
skin_hvg	ENSMUSG00000018604	Tbx3	0.5581888383194782	0.00047784685734386184	0.021687731229902092	0.4116134465042869	0.10483610466147512	0.5869713003186572	6	4	6	True	False	True	True
skin_hvg	ENSMUSG00000018774		-0.04336949790976252	0.7603785868821147	0.838473792381879	-0.03699145493621921	0.7077297340493662	0.8498714846040796	6	3	6	False	False	False	False
skin_hvg	ENSMUSG00000018796	Acsl1	0.13802236328009165	0.21024613717481444	0.3705750537847347	0.18061444985031697	0.23350907022415596	0.5869713003186572	6	5	6	False	False	False	False
skin_hvg	ENSMUSG00000018800	Abca5	0.09274208677269336	0.4491795839397117	0.6114598698893008	0.141617166661133	0.3015062082290186	0.599709061587002	6	4	6	False	False	False	False
skin_hvg	ENSMUSG00000018830	Myh11	0.3174573934988949	0.01798665943824657	0.09229885410568164	0.332431977504491	0.07435439471480756	0.5869713003186572	6	5	6	False	False	False	True
skin_hvg	ENSMUSG00000018868		-0.07662525196457626	0.7252720688476959	0.8142082154659388	0.01524451968692849	0.8118570291283087	0.90221396058388	6	4	6	False	False	False	False
skin_hvg	ENSMUSG00000018893	Mb	0.39822547430577426	0.131246817684254	0.27961611847685053	0.538832020065018	0.31973003421774077	0.6168051741066476	6	4	6	False	False	False	False
skin_hvg	ENSMUSG00000018909	Arrb1	0.24778468816577437	9.72493403157622e-05	0.012316317430220719	0.15928611512073765	0.09394118222309569	0.5869713003186572	6	5	6	True	False	True	True
skin_hvg	ENSMUSG00000018920	Cxcl16	0.0888889895421423	0.2595815495079346	0.42386292262252284	0.17952479628846327	0.09282015506758359	0.5869713003186572	6	6	6	False	False	False	False
skin_hvg	ENSMUSG00000018924	Alox15	0.030456678957535566	0.8802864220621909	0.9203832381456519	0.08642449739081515	0.6451507504289167	0.8151691701805637	6	4	6	False	False	False	False
skin_hvg	ENSMUSG00000018927	Ccl6	0.24740039558839833	0.10901531683695023	0.25197174505021946	0.1473701715456229	0.4368689548656482	0.6894304921338599	6	4	6	False	False	False	False
skin_hvg	ENSMUSG00000018930	Ccl4	-0.06063398817169391	0.5503969244068916	0.6938767170950128	-0.006890388993687342	0.9436447913808212	0.9745934199455507	6	3	6	False	False	False	False
skin_hvg	ENSMUSG00000018983	E2f2	-0.36239949835879326	0.030663859127465613	0.12497087077050781	-0.25966253140041556	0.3441371522249996	0.6246482988515789	6	4	6	False	False	False	True
skin_hvg	ENSMUSG00000019055	Plod1	0.21013393867370223	0.09889329325737684	0.23566814634246008	0.07084440567662798	0.46811589061526643	0.6997211329032088	6	4	6	False	False	False	False
skin_hvg	ENSMUSG00000019102	Aldh3a1	0.02089236074979972	0.9043888869787469	0.9375343065055857	-0.02984054744800968	0.6945237270213468	0.8421152901406374	6	2	6	False	False	False	False
skin_hvg	ENSMUSG00000019122	Ccl9	0.19522856014969392	0.18278644072329497	0.34082588433652666	0.1262102160754425	0.4410436715212818	0.6928705015345237	6	4	6	False	False	False	False
skin_hvg	ENSMUSG00000019139	Isyna1	-0.1702353624420212	0.5125792486314223	0.6658789796094684	-0.13095125145569023	0.5697074802697261	0.7651014378605534	6	3	6	False	False	False	False
skin_hvg	ENSMUSG00000019256	Ahr	0.134107984075305	0.14117874722176466	0.2937843033816605	0.15184327828480418	0.12963875242579576	0.5869713003186572	6	4	6	False	False	False	False
skin_hvg	ENSMUSG00000019278	Dpep1	0.26590983600893736	0.04729117270939905	0.15827895636295392	0.13441761965479135	0.29361259987464694	0.5958784166155182	6	4	6	False	False	False	True
skin_hvg	ENSMUSG00000019312	Grb7	-0.0633124541449348	0.6663007152797694	0.7754689932507673	-0.018315836464737778	0.8717572486657192	0.9329577843437521	6	3	6	False	False	False	False
skin_hvg	ENSMUSG00000019326	Aoc3	0.27977397460400866	0.03443278568506988	0.13377874127059253	0.2676648994881973	0.15599102092183956	0.5869713003186572	6	5	6	False	False	False	True
skin_hvg	ENSMUSG00000019577	Pdk4	0.4213848401394067	0.0751181202340879	0.20493290451840646	0.48990791654853744	0.38071521473488035	0.6479349484420985	6	4	6	False	False	False	False
skin_hvg	ENSMUSG00000019699	Akt3	0.14613515603988603	0.12408248261714692	0.27198364263744684	0.21458839601600443	0.053189002017802994	0.5869713003186572	6	4	6	False	False	False	False
skin_hvg	ENSMUSG00000019761		-0.06589845372452352	0.5705374438732412	0.7067086203012819	-0.11640743626932319	0.42832167520013076	0.6857785714958604	6	3	6	False	False	False	False
skin_hvg	ENSMUSG00000019768	Esr1	0.24206255255173836	0.03923217200994683	0.14562573885476546	0.23831206046827225	0.13791418600796743	0.5869713003186572	6	5	6	False	False	False	True
skin_hvg	ENSMUSG00000019787	Trdn	0.24557540070377648	0.4180447524296109	0.5858493828785495	0.45581582531763026	0.36071376430905455	0.630886975248091	6	5	6	False	False	False	False
skin_hvg	ENSMUSG00000019820	Utrn	0.09784898319825253	0.02975989118384291	0.12336693865067644	0.09721525440207035	0.1641590864920322	0.5869713003186572	6	4	6	False	False	False	True
skin_hvg	ENSMUSG00000019838	Slc16a10	0.17714569665631963	0.011518531542294087	0.06886978290407572	0.19604799781476157	0.14633614534532002	0.5869713003186572	6	4	6	False	False	False	True
skin_hvg	ENSMUSG00000019846		0.1967836897489601	0.015890447817211634	0.08623158774720553	0.15092060589550785	0.22062929538050208	0.5869713003186572	6	3	6	False	False	False	True
skin_hvg	ENSMUSG00000019850	Tnfaip3	0.07390937190822466	0.5855157459292921	0.7197575634795067	0.14692110751971343	0.09370129337475262	0.5869713003186572	6	5	6	False	False	False	False
skin_hvg	ENSMUSG00000019851	Perp	-0.14214599338106382	0.028995568954353707	0.12113839163565765	-0.05958609083668017	0.23618475205764666	0.5869713003186572	6	4	6	False	False	False	True
skin_hvg	ENSMUSG00000019853	Hebp2	-0.09785436965890337	0.14423606037216394	0.2981774457176101	-0.01188329400687286	0.8113655381057497	0.9021698104661371	6	3	6	False	False	False	False
skin_hvg	ENSMUSG00000019880	Rspo3	0.015622118434404975	0.8755828156309204	0.917429638362994	0.03769179029409342	0.3690642480703329	0.6353631925831507	6	3	6	False	False	False	False
skin_hvg	ENSMUSG00000019889	Ptprk	-0.18148477667046414	0.024268017198542907	0.11021658141778433	-0.07590985154338774	0.43009988782554576	0.6857785714958604	6	4	6	False	False	False	True
skin_hvg	ENSMUSG00000019929	Dcn	0.07121085169447028	0.676693417276451	0.7802290729220974	-0.01841572245398737	0.9180194250906752	0.9583297396268052	6	3	6	False	False	False	False
skin_hvg	ENSMUSG00000019942	Cdk1	-0.46614037624406546	0.004625005459200233	0.0492712545850238	-0.3503485179087025	0.22659194788844947	0.5869713003186572	6	3	6	True	False	True	True
skin_hvg	ENSMUSG00000019947	Arid5b	0.012706575804184439	0.8117488325341448	0.8757765632472648	0.05087479828402556	0.45719215367697885	0.6985560297574038	6	5	6	False	False	False	False
skin_hvg	ENSMUSG00000019960	Dusp6	-0.2559038683536041	0.0047386833251245	0.0492712545850238	-0.1406327310977263	0.29555885394254844	0.5971645780872262	6	3	6	True	False	True	True
skin_hvg	ENSMUSG00000019966	Kitl	-0.015645063527806258	0.8876540354350961	0.9242153851740808	0.08242447609587152	0.27695741491964215	0.5909715492757674	6	4	6	False	False	False	False
skin_hvg	ENSMUSG00000019970	Sgk1	-0.14793381520634696	0.028474092013925856	0.12037965917252626	-0.08312034434045905	0.1493385431504487	0.5869713003186572	6	5	6	False	False	False	True
skin_hvg	ENSMUSG00000019978	Epb41l2	0.18183850870067175	0.01896035967981805	0.09544753831506594	0.14846856684296275	0.200413964345641	0.5869713003186572	6	4	6	False	False	False	True
skin_hvg	ENSMUSG00000019987	Arg1	-0.15574323563515247	0.06050977613666354	0.17770297491899573	-0.07526012563949373	0.48296106412421236	0.7100033324002971	6	3	6	False	False	False	False
skin_hvg	ENSMUSG00000020007	Il20ra	0.13191902259789678	0.31737308388018065	0.4875338834682467	0.15613999090886374	0.47292602993325067	0.7032265687093832	6	4	6	False	False	False	False
skin_hvg	ENSMUSG00000020009	Ifngr1	0.20427196972248396	0.01134583584431107	0.0685777116597901	0.1585360223450832	0.2700621775677876	0.5909715492757674	6	4	6	False	False	False	True
skin_hvg	ENSMUSG00000020017	Hal	-0.11116267259935775	0.37072664423368384	0.543667101928907	-0.07627260706398904	0.40296006463158046	0.6632461406860252	6	4	6	False	False	False	False
skin_hvg	ENSMUSG00000020019	Ntn4	-0.22674624760147477	0.052168142591474315	0.1664213750082655	-0.09855984171041232	0.49455206968261856	0.7156670167798473	6	5	6	False	False	False	False
skin_hvg	ENSMUSG00000020027	Socs2	0.24084175748743242	0.05854471366558822	0.1752847471855426	0.3392641949783015	0.05177343659553268	0.5869713003186572	6	6	6	False	False	False	False
skin_hvg	ENSMUSG00000020032	Nuak1	0.07897900674870151	0.16173773724575494	0.3178723848179387	0.14283463219774953	0.3478956978603963	0.6246482988515789	6	3	6	False	False	False	False
skin_hvg	ENSMUSG00000020044	Timp3	0.05052814955992879	0.48222742560973464	0.6398725375034153	0.14623735444240835	0.05292168993051565	0.5869713003186572	6	5	6	False	False	False	False
skin_hvg	ENSMUSG00000020053	Igf1	0.16763474970762182	0.2735778599145502	0.44023770044267263	0.14401104927803296	0.3660255466130523	0.6341665043082283	6	4	6	False	False	False	False
skin_hvg	ENSMUSG00000020061	Mybpc1	0.36071110493945646	0.15611061203623122	0.3107469905686664	0.5909177774607777	0.2723354800163766	0.5909715492757674	6	5	6	False	False	False	False
skin_hvg	ENSMUSG00000020062	Slc5a8	-0.17372822083060502	0.18493209233530022	0.34258755880667396	-0.09246513702989019	0.46174615578295347	0.6995462927199243	6	4	6	False	False	False	False
skin_hvg	ENSMUSG00000020077	Srgn	0.05613447157974516	0.6383869742940989	0.7591675099489219	0.10698157129245711	0.2794355640981135	0.5928186063526332	6	4	6	False	False	False	False
skin_hvg	ENSMUSG00000020089	Ppa1	-0.10006230061893451	0.135526795970553	0.2860043270225301	-0.07746603716637201	0.3415351563333635	0.6246482988515789	6	5	6	False	False	False	False
skin_hvg	ENSMUSG00000020102	Slc16a7	-0.48370347246238765	0.002899858663381075	0.044078281846389886	-0.3183097509658362	0.1562077354549157	0.5869713003186572	6	4	6	True	False	True	True
skin_hvg	ENSMUSG00000020108	Ddit4	-0.13589921759260903	0.22993586554871856	0.3926343470984343	-0.14544494405781627	0.46698921417712563	0.6997211329032088	6	3	6	False	False	False	False
skin_hvg	ENSMUSG00000020120	Plek	-0.0116728956138763	0.9468817557977632	0.9649877185950552	0.019489809282900783	0.8583510985208997	0.9285629164389149	6	4	6	False	False	False	False
skin_hvg	ENSMUSG00000020121	Srgap1	-0.05001171355388312	0.42927656854638785	0.5936740355866597	-0.09769044570605745	0.3623851870100927	0.6322736996588836	6	3	6	False	False	False	False
skin_hvg	ENSMUSG00000020122	Egfr	-0.08126163773060568	0.1411429733726108	0.2937843033816605	-0.026686500943690444	0.6983215865922849	0.8442466691327318	6	3	6	False	False	False	False
skin_hvg	ENSMUSG00000020123	Avpr1a	0.21336228326196505	0.0834622096304715	0.21478612452583967	0.20684607761165305	0.16338570278170922	0.5869713003186572	6	5	6	False	False	False	False
skin_hvg	ENSMUSG00000020140	Lgr5	-0.19643878943397475	0.13977569213679197	0.29197913932758746	-0.14639565347030267	0.22658405159913014	0.5869713003186572	6	4	6	False	False	False	False
skin_hvg	ENSMUSG00000020142	Slc1a4	-0.18164915086039723	0.030047978801966673	0.12346875240231985	-0.13097277625116113	0.18203363764192942	0.5869713003186572	6	5	6	False	False	False	True
skin_hvg	ENSMUSG00000020143	Dock2	0.18432463258316112	0.051516869929369866	0.16540062580217302	0.1557183426798899	0.2270375812959341	0.5869713003186572	6	5	6	False	False	False	False
skin_hvg	ENSMUSG00000020154	Ptprb	0.3509719433137537	5.106921030855355e-05	0.011331690331797938	0.2817675418835484	0.09404986096528335	0.5869713003186572	6	5	6	True	False	True	True
skin_hvg	ENSMUSG00000020176	Grb10	0.18458985986238297	0.016676853981585537	0.08952601451942559	0.16022764503172496	0.09321335384842833	0.5869713003186572	6	5	6	False	False	False	True
skin_hvg	ENSMUSG00000020183	Cpm	-0.9651047454470394	0.0013319959919943234	0.03454540254561901	-0.7141312647528516	0.1145112190643549	0.5869713003186572	6	4	6	True	False	True	True
skin_hvg	ENSMUSG00000020185	E2f7	-0.2631691477094211	0.03331955001084099	0.1315002793906116	-0.19443966762000287	0.34705641808196874	0.6246482988515789	6	4	6	False	False	False	True
skin_hvg	ENSMUSG00000020205	Phlda1	0.018009845840175842	0.82014815211433	0.881504768445811	0.006778368735445757	0.9118156909957259	0.953861999763827	6	3	6	False	False	False	False
skin_hvg	ENSMUSG00000020241	Col6a2	0.06234407954304366	0.6667402410673848	0.7754689932507673	-0.1294286061101714	0.6193998689163429	0.7954607962867761	6	2	6	False	False	False	False
skin_hvg	ENSMUSG00000020250	Txnrd1	-0.16553949560162984	0.0410123793129662	0.1483726838550607	-0.10240693565372183	0.45311615318367654	0.6970877244787581	6	4	6	False	False	False	True
skin_hvg	ENSMUSG00000020256	Aldh1l2	-0.06565727164493662	0.7033934436592569	0.7976585502484589	-0.4410439924023833	0.318226038456118	0.616389329579891	6	3	6	False	False	False	False
skin_hvg	ENSMUSG00000020262	Adarb1	0.12432616966439891	0.049154757423554955	0.16039550747522752	0.06527831913412079	0.4729032815746517	0.7032265687093832	6	4	6	False	False	False	True
skin_hvg	ENSMUSG00000020264	Slc36a2	0.12497433540103486	0.32354635125848447	0.493599742905419	0.06884322645254375	0.7038471610337185	0.8472470045716309	6	3	6	False	False	False	False
skin_hvg	ENSMUSG00000020275	Rel	0.05443900360239251	0.5617116912625671	0.7028435134406934	0.1027015597202016	0.19591199645415225	0.5869713003186572	6	4	6	False	False	False	False
skin_hvg	ENSMUSG00000020277	Pfkl	0.058997610519374355	0.7298879368587347	0.8165749075108645	0.05000363825973908	0.6086886217765287	0.7913744646404478	6	4	6	False	False	False	False
skin_hvg	ENSMUSG00000020303	Stc2	0.3198090400660556	0.0033862437596476717	0.046002236653172796	0.3448849510930894	0.04684463043869824	0.5869713003186572	6	5	6	True	False	True	True
skin_hvg	ENSMUSG00000020326	Ccng1	0.20701832103593176	0.18099714101252212	0.3387547240881037	0.3008256513074521	0.18768278621967346	0.5869713003186572	6	5	6	False	False	False	False
skin_hvg	ENSMUSG00000020330	Hmmr	-0.5215812236335733	0.0021717931824723714	0.04015806467960487	-0.3785905536693748	0.1271529683443633	0.5869713003186572	6	4	6	True	False	True	True
skin_hvg	ENSMUSG00000020334	Slc22a4	0.160369394513447	0.12953807266269737	0.2774475426681796	0.07302420681759925	0.6496610989758344	0.8151691701805637	6	4	6	False	False	False	False
skin_hvg	ENSMUSG00000020340	Cyfip2	-0.08828500710940546	0.24233569583186565	0.4049743803985236	-0.06746596395335717	0.6716034117324983	0.8258571510035708	6	4	6	False	False	False	False
skin_hvg	ENSMUSG00000020354	Sgcd	0.29481893214545707	0.027759734097185976	0.11921761073565676	0.30836920312473054	0.10895201673767928	0.5869713003186572	6	5	6	False	False	False	True
skin_hvg	ENSMUSG00000020357	Flt4	0.299592322879338	0.0676290259222083	0.1923862745963675	0.19317453498703285	0.07068757848546298	0.5869713003186572	6	5	6	False	False	False	False
skin_hvg	ENSMUSG00000020363	Gfpt2	0.24591751033562037	0.08129798980476374	0.21278123937105267	0.15252429911572488	0.2332222604217141	0.5869713003186572	6	4	6	False	False	False	False
skin_hvg	ENSMUSG00000020387	Jade2	0.11842072302752182	0.28244346959121674	0.44943395121407154	0.051910198067817305	0.666080340985197	0.8229778352110126	6	4	6	False	False	False	False
skin_hvg	ENSMUSG00000020407	Upp1	-0.48019987208077275	0.0677709707499749	0.19251583013897566	-0.4151306235675769	0.2701330194760228	0.5909715492757674	6	5	6	False	False	False	False
skin_hvg	ENSMUSG00000020411	Nipal4	-0.08005528177483257	0.14647594985242296	0.30079236872209253	-0.02096083743445269	0.8089327859675136	0.9004675437999581	6	3	6	False	False	False	False
skin_hvg	ENSMUSG00000020422	Tns3	0.026634959099716582	0.7177846601585927	0.8067859248822914	0.04634248059370183	0.4501495486086133	0.6970877244787581	6	3	6	False	False	False	False
skin_hvg	ENSMUSG00000020423	Btg2	-0.018586355650290542	0.8834160775976388	0.9217251342541718	0.07950416437897416	0.399976638599914	0.6632461406860252	6	4	6	False	False	False	False
skin_hvg	ENSMUSG00000020427	Igfbp3	0.4016218876165194	0.0006785675934581533	0.025567914795017587	0.29034361215456705	0.2206899274209971	0.5869713003186572	6	4	6	True	False	True	True
skin_hvg	ENSMUSG00000020431	Adcy1	0.37520618337948086	0.0055879764276173536	0.05285464444776847	0.291382122299535	0.07636478568532835	0.5869713003186572	6	5	6	False	False	False	True
skin_hvg	ENSMUSG00000020432	Tcn2	0.0610478430847321	0.5790270695993817	0.7133356310857281	0.04068369599763081	0.5731441664411865	0.7671373326964138	6	4	6	False	False	False	False
skin_hvg	ENSMUSG00000020553	Pctp	-0.05245059257587581	0.7179061534881481	0.8067859248822914	0.050064512208015	0.557561904322227	0.7600348961989674	6	3	6	False	False	False	False
skin_hvg	ENSMUSG00000020566	Atp6v1c2	-0.14836155152861075	0.09401261116099334	0.23008467764612434	-0.037887351233022525	0.6397515418107951	0.8116796880534675	6	3	6	False	False	False	False
skin_hvg	ENSMUSG00000020573	Pik3cg	0.10390811247493659	0.2169454319661252	0.37804539933364056	0.07095809009747918	0.4655240504806541	0.6995462927199243	6	4	6	False	False	False	False
skin_hvg	ENSMUSG00000020592	Sdc1	-0.20967514269330323	0.11228592587438889	0.2556841436387168	-0.12335085893895788	0.45455164691826494	0.6970877244787581	6	4	6	False	False	False	False
skin_hvg	ENSMUSG00000020609	Apob	-0.047117145242520975	0.6731655628951699	0.7779581186930871	-0.08629801681428757	0.6330920478622473	0.8057901973109673	6	3	6	False	False	False	False
skin_hvg	ENSMUSG00000020614	Fam20a	0.10406178391983723	0.40414674555859087	0.5723979084258908	0.020304934316142848	0.7930681596492262	0.8912533004048985	6	3	6	False	False	False	False
skin_hvg	ENSMUSG00000020620	Abca8b	0.23691604485108098	0.07880113693845583	0.2084316165113858	0.1537576373644849	0.38189574661812004	0.6479349484420985	6	3	6	False	False	False	False
skin_hvg	ENSMUSG00000020642	Rnf144a	0.2923967887437806	0.0017232255341472567	0.03800129357798299	0.1360004594488576	0.449533955103467	0.6970877244787581	6	3	6	True	False	True	True
skin_hvg	ENSMUSG00000020646	Mboat2	-0.04551371823837158	0.6627053523934426	0.7739313384384239	0.010764174320971579	0.8969470470655396	0.9462246450025793	6	2	6	False	False	False	False
skin_hvg	ENSMUSG00000020649	Rrm2	-0.3852861507223224	0.0027754868061401045	0.044078281846389886	-0.2548920170165294	0.27654117503158204	0.5909715492757674	6	3	6	True	False	True	True
skin_hvg	ENSMUSG00000020674	Pxdn	0.030167188674678158	0.6332336711633271	0.7558682853037443	0.012208409999362383	0.8534762123895345	0.9251911161936524	6	4	6	False	False	False	False
skin_hvg	ENSMUSG00000020676	Ccl11	0.0565566308166483	0.77030454242065	0.8461486090286239	0.11888891307082024	0.4622921627993604	0.6995462927199243	6	4	6	False	False	False	False
skin_hvg	ENSMUSG00000020681	Ace	0.22222516324917851	0.18377346964312194	0.3416019732032049	-0.1861731467604589	0.5197235313626974	0.7335433743408629	6	3	6	False	False	False	False
skin_hvg	ENSMUSG00000020689	Itgb3	0.18842823931782515	0.033057013143005826	0.13072248563679728	0.0663438210607447	0.4757723076627823	0.7040241088772735	6	4	6	False	False	False	True
skin_hvg	ENSMUSG00000020695	Mrc2	0.2699128595750908	0.10336236033630891	0.244277672889478	0.017609347192588814	0.9221690404357483	0.9611542660491594	6	4	6	False	False	False	False
skin_hvg	ENSMUSG00000020717	Pecam1	0.33541876684408933	0.00022500450534509062	0.016047642756219498	0.26341330540614427	0.08334733599437162	0.5869713003186572	6	5	6	True	False	True	True
skin_hvg	ENSMUSG00000020758		0.1751845134913168	0.3404102968283932	0.5115119358662914	0.08604712077947003	0.4530767758501289	0.6970877244787581	6	3	6	False	False	False	False
skin_hvg	ENSMUSG00000020766	Galk1	-0.10654809384339892	0.6277194843503727	0.7519830895307105	-0.11706377668813113	0.5193572843260954	0.7335433743408629	6	3	6	False	False	False	False
skin_hvg	ENSMUSG00000020788	Atp2a3	0.3847476325891179	0.004157084247124591	0.0492712545850238	0.3031982379012422	0.02836082027023702	0.5869713003186572	6	5	6	True	False	True	True
skin_hvg	ENSMUSG00000020810	Cygb	0.1871786800919475	0.2035559656319657	0.363271906494223	0.13064347166745938	0.07475553004202876	0.5869713003186572	6	5	6	False	False	False	False
skin_hvg	ENSMUSG00000020826	Nos2	0.4793385545840989	9.542553374251752e-05	0.012316317430220719	0.4161259696671289	0.004930173617853692	0.5869713003186572	6	6	6	True	False	True	True
skin_hvg	ENSMUSG00000020838	Slc6a4	0.11313293073428277	0.43531229422072154	0.5987043054812541	0.12952092576051225	0.47714270751581966	0.7047736589564289	6	3	6	False	False	False	False
skin_hvg	ENSMUSG00000020865		0.04431525012783233	0.756952748337094	0.8365437954782383	-0.027340569376291885	0.8324819409053225	0.9140365901440127	6	3	6	False	False	False	False
skin_hvg	ENSMUSG00000020889	Nr1d1	-0.13964721410733905	0.49774205739746663	0.6520252922133616	0.03241149077501163	0.869074705902553	0.9325858074623312	6	3	6	False	False	False	False
skin_hvg	ENSMUSG00000020891	Alox8	-0.9284049466457196	0.002419806511860467	0.04351152627893897	-0.6624047424487566	0.19069282389508094	0.5869713003186572	6	4	6	True	False	True	True
skin_hvg	ENSMUSG00000020892	Aloxe3	0.06225873029071316	0.5702423925858863	0.7067086203012819	-0.024082530260206198	0.8037793300809009	0.8973646370758989	6	3	6	False	False	False	False
skin_hvg	ENSMUSG00000020897		-0.4042422704326434	0.02408378274600278	0.10980665329627294	-0.3363566027524508	0.2723905000215305	0.5909715492757674	6	3	6	False	False	False	True
skin_hvg	ENSMUSG00000020900	Myh10	0.03948180785618849	0.5753351673170329	0.7096629580803674	0.059882621547800476	0.38881366239891757	0.6525206772560375	6	4	6	False	False	False	False
skin_hvg	ENSMUSG00000020901	Pik3r5	0.1277902634730923	0.2762962726978361	0.44282797478136326	0.08475273421662048	0.31689877755086393	0.6144144259893934	6	4	6	False	False	False	False
skin_hvg	ENSMUSG00000020908	Myh3	0.07315016163500143	0.6610658426714111	0.7727468152342478	0.08664092468086591	0.3892248533065301	0.6525206772560375	6	5	6	False	False	False	False
skin_hvg	ENSMUSG00000020911	Krt19	0.5898878427376628	0.02035790336560507	0.0996439534831209	0.6632667915882261	0.013788585883681072	0.5869713003186572	6	5	6	False	False	False	True
skin_hvg	ENSMUSG00000020913	Krt24	-0.4096056120419753	0.20811445924496458	0.36820137067169195	-0.8675403256972299	0.2170078888908711	0.5869713003186572	6	4	6	False	False	False	False
skin_hvg	ENSMUSG00000020914	Top2a	-0.47778619299069547	0.003995786038072339	0.048361119503214915	-0.3307595354514244	0.2246943282781348	0.5869713003186572	6	3	6	True	False	True	True
skin_hvg	ENSMUSG00000020916	Krt36	-0.9415689743257794	0.006192371923889408	0.05374471652728701	-0.8775567620022221	0.09398923678237057	0.5869713003186572	6	4	6	False	False	False	True
skin_hvg	ENSMUSG00000020961	Ston2	-0.09825747019366915	0.2470419660415453	0.4108338466549209	-0.004566692521599395	0.9689605815425713	0.9882606135549106	6	3	6	False	False	False	False
skin_hvg	ENSMUSG00000021025	Nfkbia	-0.015556288603800539	0.8713808023178307	0.9144232591848175	0.004788840189687615	0.9615738238765463	0.98424547733545	6	3	6	False	False	False	False
skin_hvg	ENSMUSG00000021061	Sptb	0.5012865851364054	0.026532064885619884	0.11543471367447257	0.5575607474869534	0.20015461023906242	0.5869713003186572	6	5	6	False	False	False	True
skin_hvg	ENSMUSG00000021062	Rab15	-0.3575270345236117	0.041409189127725336	0.1486348138540167	-0.24151884963612544	0.16125606603523215	0.5869713003186572	6	4	6	False	False	False	True
skin_hvg	ENSMUSG00000021069	Pygl	0.04430221860270578	0.5275730755512399	0.6772824950954509	0.027166076453464544	0.7925479086669733	0.8912533004048985	6	4	6	False	False	False	False
skin_hvg	ENSMUSG00000021070	Bdkrb2	-0.22911512004368761	0.08686349893881164	0.2193001357532324	-0.17428991386071377	0.28883757863793386	0.5936141152037087	6	3	6	False	False	False	False
skin_hvg	ENSMUSG00000021091	Serpina3n	0.2032146299453519	0.06280539196645947	0.18309834709053951	0.062361830139598805	0.7468315431433039	0.8651435976853237	6	3	6	False	False	False	False
skin_hvg	ENSMUSG00000021109	Hif1a	-0.18536093078158622	0.0759029916796187	0.20566930038561537	-0.05367799070910303	0.3203507907786734	0.6169146858100393	6	4	6	False	False	False	False
skin_hvg	ENSMUSG00000021125	Arg2	-0.49096181437649644	0.00523586194867853	0.05125498191917169	-0.28101287624000765	0.2939266914037123	0.5959102565819426	6	4	6	False	False	False	True
skin_hvg	ENSMUSG00000021127	Zfp36l1	0.06002735268504367	0.46440422169126977	0.6257862555448487	0.07151435158099535	0.21746066765085006	0.5869713003186572	6	4	6	False	False	False	False
skin_hvg	ENSMUSG00000021130	Galnt16	0.2917633997240259	0.009515043166922853	0.06215642750053642	0.13207038289855313	0.2170153893312105	0.5869713003186572	6	3	6	False	False	False	True
skin_hvg	ENSMUSG00000021186	Fbln5	0.12194601374079106	0.26408596520122135	0.42858562623040847	0.1251452843935025	0.224523924115059	0.5869713003186572	6	4	6	False	False	False	False
skin_hvg	ENSMUSG00000021190	Lgmn	-0.03824758597240496	0.6477345579099573	0.763142131059696	-0.029472378472167254	0.6779057185735073	0.8295206617593713	6	4	6	False	False	False	False
skin_hvg	ENSMUSG00000021196	Pfkp	-0.006787130889051696	0.8827984805116036	0.921616455603362	0.026242544468334888	0.5478675603150264	0.7517144485488968	6	3	6	False	False	False	False
skin_hvg	ENSMUSG00000021214	Akr1c18	-0.5313566961117333	0.08243363864084763	0.2142580042741113	-0.013341731931212871	0.9327895906622206	0.968684769918073	6	4	6	False	False	False	False
skin_hvg	ENSMUSG00000021238	Aldh6a1	0.16738292210146533	0.09050829466902344	0.22508725336742194	0.19765202885759603	0.20633244338655868	0.5869713003186572	6	5	6	False	False	False	False
skin_hvg	ENSMUSG00000021250	Fos	0.044507810835630934	0.88511680861242	0.9225356298533418	0.04850709593766567	0.792648428098246	0.8912533004048985	6	3	6	False	False	False	False
skin_hvg	ENSMUSG00000021253	Tgfb3	0.14956356502738988	0.06251946337793546	0.18253124030078524	0.1034542709687621	0.18774995290951801	0.5869713003186572	6	4	6	False	False	False	False
skin_hvg	ENSMUSG00000021262	Evl	-0.10377029883715494	0.42909292541498917	0.5936740355866597	-0.049964063995791896	0.8039065200476448	0.8973646370758989	6	4	6	False	False	False	False
skin_hvg	ENSMUSG00000021263	Degs2	-0.38064080047499305	0.054089780347526345	0.1686159574646554	-0.2616925454132774	0.2111713436811278	0.5869713003186572	6	4	6	False	False	False	False
skin_hvg	ENSMUSG00000021270	Hsp90aa1	-0.11996086148360874	0.19446900618062066	0.3549859281011878	0.0075961783386029325	0.9510807944822153	0.9780166563238847	6	3	6	False	False	False	False
skin_hvg	ENSMUSG00000021273	Fdft1	-0.06213152850322956	0.3305434762368534	0.5002396252189965	0.016031930363607394	0.7953413794801354	0.8933052501810069	6	4	6	False	False	False	False
skin_hvg	ENSMUSG00000021294	Kif26a	-0.31659985298802784	0.24196216434111567	0.40468881255377553	-0.29768892478619674	0.33334021642219236	0.6225142190809545	6	3	6	False	False	False	False
skin_hvg	ENSMUSG00000021298	Gpr132	0.21084566580057906	0.04354988475814552	0.15204391584268637	0.23347226360852166	0.07712734193975956	0.5869713003186572	6	5	6	False	False	False	True
skin_hvg	ENSMUSG00000021318	Gli3	-0.2675218796429837	0.0033258388996512877	0.04582044281571391	-0.21332428468254605	0.17613857100650357	0.5869713003186572	6	4	6	True	False	True	True
skin_hvg	ENSMUSG00000021340	Gpld1	0.10835828256190627	0.10191409946774733	0.24200054296919316	0.08434672337979698	0.17502209699494908	0.5869713003186572	6	4	6	False	False	False	False
skin_hvg	ENSMUSG00000021367	Edn1	-0.1976654467938923	0.11264149064751897	0.25570574333290885	-0.104033231106141	0.4096958369783759	0.6667991739574709	6	5	6	False	False	False	False
skin_hvg	ENSMUSG00000021390	Ogn	0.08721722263225828	0.626064441641434	0.7506599014486005	0.11785715094987781	0.5547551811352783	0.7577606680760266	6	3	6	False	False	False	False
skin_hvg	ENSMUSG00000021423	Ly86	0.183994373648928	0.1624135800396608	0.3178723848179387	0.1181222969534302	0.4145520517881834	0.6719646488806836	6	4	6	False	False	False	False
skin_hvg	ENSMUSG00000021451	Sema4d	0.04426413797500217	0.639360135185413	0.7591675099489219	0.06907092350616158	0.5355210973309115	0.7452513110591151	6	3	6	False	False	False	False
skin_hvg	ENSMUSG00000021456	Fbp2	0.7370068961636944	0.001491832135314854	0.036331570417362964	0.9322125950680366	0.1515631261658979	0.5869713003186572	6	5	6	True	False	True	True
skin_hvg	ENSMUSG00000021457	Syk	0.11596460720646995	0.11159266265333374	0.2546863397928085	0.0615774127836947	0.44225284395892145	0.6928705015345237	6	4	6	False	False	False	False
skin_hvg	ENSMUSG00000021466	Ptch1	-0.20510929814400214	0.05211008327924527	0.1664213750082655	-0.12911644228557742	0.4593807096783111	0.6995092831490081	6	4	6	False	False	False	False
skin_hvg	ENSMUSG00000021477	Ctsl	-0.13273496581661703	0.0993252971625384	0.23641551660737686	-0.10805311306792358	0.22062587115295823	0.5869713003186572	6	5	6	False	False	False	False
skin_hvg	ENSMUSG00000021493	Pdlim7	0.04093938583854584	0.8242116346720465	0.884444188307403	0.06498616856200708	0.6760956246382737	0.828320835829836	6	4	6	False	False	False	False
skin_hvg	ENSMUSG00000021536	Adcy2	0.3070865309379398	0.005647277548529266	0.05285464444776847	0.3205334903664512	0.2641646695521991	0.5909715492757674	6	5	6	False	False	False	True
skin_hvg	ENSMUSG00000021565		-0.6801524072628142	0.0005630726432221168	0.023589715799261963	-0.5245343213378697	0.06704380672641763	0.5869713003186572	6	5	6	True	False	True	True
skin_hvg	ENSMUSG00000021587	Pcsk1	-0.3864370238771624	0.03231359775225058	0.12909202523417876	-0.1646642381824004	0.4591923262227373	0.6995092831490081	6	4	6	False	False	False	True
skin_hvg	ENSMUSG00000021591	Glrx	-0.25694003578780844	0.028140557893171932	0.11982237550674701	-0.14986938986081397	0.026943998143620248	0.5869713003186572	6	6	6	False	False	False	True
skin_hvg	ENSMUSG00000021614	Vcan	-0.4585576041731638	0.0029622179372864772	0.044078281846389886	-0.4314684021312482	0.13559120232004385	0.5869713003186572	6	5	6	True	False	True	True
skin_hvg	ENSMUSG00000021638	Ocln	-0.1341514311384051	0.08270185739468772	0.2142580042741113	-0.0012105798956989489	0.9894052529642131	0.9955806225510166	6	3	6	False	False	False	False
skin_hvg	ENSMUSG00000021662	Arhgef28	0.05789420911677112	0.38297652207427696	0.5559719382926259	0.09684775491858948	0.06219631212645683	0.5869713003186572	6	5	6	False	False	False	False
skin_hvg	ENSMUSG00000021670		-0.07565318745790073	0.4595118541948453	0.6208695350657011	-0.028191514177740906	0.7017084841254141	0.8456921199749258	6	3	6	False	False	False	False
skin_hvg	ENSMUSG00000021676	Iqgap2	0.2526301506480193	0.006674009473181292	0.05530289177569726	0.14622888031787293	0.2878706238986487	0.5936141152037087	6	3	6	False	False	False	True
skin_hvg	ENSMUSG00000021678	F2rl1	-0.05600100516285966	0.2833416141616302	0.45014574660364	0.020502718829739013	0.8365694863147638	0.9144112009691205	6	2	6	False	False	False	False
skin_hvg	ENSMUSG00000021696	Elovl7	-0.2646936243632183	0.060431678249451136	0.17770297491899573	-0.14545221348743306	0.06910790042391406	0.5869713003186572	6	5	6	False	False	False	False
skin_hvg	ENSMUSG00000021699	Pde4d	0.3417091562036161	0.00037149253859717984	0.01980239896630141	0.3645191694588135	0.16732465851313394	0.5869713003186572	6	4	6	True	False	True	True
skin_hvg	ENSMUSG00000021701	Plk2	-0.16853956199958553	0.055125496515393516	0.17094039835596406	-0.05442800191264826	0.6743803419753733	0.8280596030924762	6	3	6	False	False	False	False
skin_hvg	ENSMUSG00000021702	Thbs4	-0.16336964240581864	0.26358377247143444	0.42858562623040847	-0.2833354535561403	0.2896914398730335	0.5936141152037087	6	3	6	False	False	False	False
skin_hvg	ENSMUSG00000021703	Serinc5	-0.40067300135670614	0.004412241387901835	0.0492712545850238	-0.2776401700619129	0.1708456562544039	0.5869713003186572	6	4	6	True	False	True	True
skin_hvg	ENSMUSG00000021728	Emb	0.021383900689729174	0.8390959377020824	0.8920373121335816	0.11172225955519188	0.20931702371431302	0.5869713003186572	6	5	6	False	False	False	False
skin_hvg	ENSMUSG00000021733		-0.07928549798653162	0.4020157507929962	0.5709996119015742	0.011861705999844633	0.8192939358196394	0.9069456706384811	6	4	6	False	False	False	False
skin_hvg	ENSMUSG00000021751	Acox2	-0.34006540892079773	0.23321232923510643	0.3968239216857186	-0.17990416039058088	0.10648194231058099	0.5869713003186572	6	5	6	False	False	False	False
skin_hvg	ENSMUSG00000021756	Il6st	0.1963547894195905	0.00011718078676724769	0.012316317430220719	0.18515155019957952	0.03421584886921913	0.5869713003186572	6	4	6	True	False	True	True
skin_hvg	ENSMUSG00000021759	Plpp1	0.1573442362004629	0.01676258226539275	0.08974497797316172	0.1414662441420965	0.1365857395461145	0.5869713003186572	6	5	6	False	False	False	True
skin_hvg	ENSMUSG00000021765	Fst	0.09108121310324435	0.2751212051027613	0.44165357442943265	0.1382510131812841	0.053166949520717856	0.5869713003186572	6	4	6	False	False	False	False
skin_hvg	ENSMUSG00000021775	Nr1d2	-0.23860937595633835	0.1799310042708404	0.3377088491812672	-0.022665118251581202	0.8609887941882887	0.9294024983751419	6	3	6	False	False	False	False
skin_hvg	ENSMUSG00000021806	Nid2	0.02311607886714384	0.8198503536681757	0.881504768445811	0.008625006391208482	0.9391900032638121	0.9733069208706968	6	3	6	False	False	False	False
skin_hvg	ENSMUSG00000021822	Plau	0.11408385798886655	0.09438989629058865	0.23071802067601657	0.15455290191924517	0.045733746667177076	0.5869713003186572	6	5	6	False	False	False	True
skin_hvg	ENSMUSG00000021823	Vcl	0.01749012855322718	0.6884980128449276	0.7892827391798625	0.09147241270510698	0.2802307282908792	0.5928186063526332	6	4	6	False	False	False	False
skin_hvg	ENSMUSG00000021831	Ero1a	-0.3691537227220234	0.017399775322158688	0.09120039716102599	-0.1918749424938464	0.334299251231046	0.6233385664877673	6	3	6	False	False	False	True
skin_hvg	ENSMUSG00000021835	Bmp4	-0.054220548343902664	0.6251279945374738	0.750228729021235	-0.10299290975182333	0.22754771605940557	0.5869713003186572	6	4	6	False	False	False	False
skin_hvg	ENSMUSG00000021846	Peli2	0.0683081595430739	0.3209392753319936	0.49112316692566377	0.030089717450085374	0.7550792958147983	0.8657237371227584	6	3	6	False	False	False	False
skin_hvg	ENSMUSG00000021886	Gpr65	0.052507350175484024	0.734985086035064	0.820897772266232	0.06898647494667014	0.7298683153330696	0.8595456393493699	6	3	6	False	False	False	False
skin_hvg	ENSMUSG00000021895	Arhgef3	0.04739680693746884	0.3088177894575688	0.4795560851841096	0.016283056731498362	0.7438829858285012	0.8645644612118528	6	2	6	False	False	False	False
skin_hvg	ENSMUSG00000021903		0.48852679490219586	0.00010474455620449529	0.012316317430220719	0.3625364938341124	0.09569504809331408	0.5869713003186572	6	5	6	True	False	True	True
skin_hvg	ENSMUSG00000021919	Chat	0.2770301271772082	0.09359103116885403	0.23008467764612434	0.24523051160530196	0.3455107706139702	0.6246482988515789	6	4	6	False	False	False	False
skin_hvg	ENSMUSG00000021959	Lats2	0.02969297161361162	0.35038730895515635	0.5229622242028754	0.046084846837623594	0.40008331132917424	0.6632461406860252	6	4	6	False	False	False	False
skin_hvg	ENSMUSG00000021990	Spata13	0.028281177231183285	0.72679183486144	0.8147127299770314	0.061949798064004025	0.4455111359696066	0.6939826353598318	6	3	6	False	False	False	False
skin_hvg	ENSMUSG00000021994	Wnt5a	-0.37173130055010706	0.004873713898767331	0.04991182900429929	-0.27299282104449435	0.22965785337031805	0.5869713003186572	6	4	6	True	False	True	True
skin_hvg	ENSMUSG00000022014	Epsti1	0.2559799229926263	0.15591320827818045	0.3107372025264734	0.17857145174632047	0.33249171083392565	0.6217096877671812	6	4	6	False	False	False	False
skin_hvg	ENSMUSG00000022015	Tnfsf11	0.023137483045873708	0.8780728244410078	0.9190311480129415	0.04425601296758654	0.66130180837938	0.8225653784121488	6	4	6	False	False	False	False
skin_hvg	ENSMUSG00000022021	Diaph3	-0.3435420703952783	0.003931820638460259	0.04817083322089042	-0.22835056523030817	0.19126550761681244	0.5869713003186572	6	4	6	True	False	True	True
skin_hvg	ENSMUSG00000022034	Esco2	-0.5213037665915232	0.00304597040300541	0.044078281846389886	-0.39348789866658934	0.1560364734626568	0.5869713003186572	6	4	6	True	False	True	True
skin_hvg	ENSMUSG00000022037	Clu	-0.25424959496846	0.11828356731482256	0.2639243395840231	-0.15229723142949694	0.43063433805589735	0.6857785714958604	6	4	6	False	False	False	False
skin_hvg	ENSMUSG00000022040	Ephx2	0.16611397346461043	0.17909486507750438	0.33677254760807557	0.25045261271425473	0.21251347289269304	0.5869713003186572	6	5	6	False	False	False	False
skin_hvg	ENSMUSG00000022048	Dpysl2	0.25719547092330863	0.0015544799147278734	0.03740116132182606	0.15995589468644159	0.10398044536228486	0.5869713003186572	6	5	6	True	False	True	True
skin_hvg	ENSMUSG00000022055	Nefl	0.10062508818763827	0.1125413691980489	0.25570574333290885	0.07922372906661024	0.3977245421962881	0.6624319522652105	6	3	6	False	False	False	False
skin_hvg	ENSMUSG00000022091	Sorbs3	0.1827679467452228	0.17062780992078003	0.32638288928333115	0.09716434153715658	0.1824705689495962	0.5869713003186572	6	4	6	False	False	False	False
skin_hvg	ENSMUSG00000022094	Slc39a14	-0.16212918675821086	0.15426996151785863	0.30838549864981346	-0.09774758891825656	0.4927695201751475	0.7150402987867941	6	4	6	False	False	False	False
skin_hvg	ENSMUSG00000022098	Bmp1	-0.09437189444623328	0.43562596993166514	0.598723373677588	-0.20073712548629988	0.13239568701485427	0.5869713003186572	6	5	6	False	False	False	False
skin_hvg	ENSMUSG00000022102	Dok2	0.16499538166945804	0.27413749291591233	0.4406258010641509	0.07231607966559801	0.49222732753745907	0.7150402987867941	6	4	6	False	False	False	False
skin_hvg	ENSMUSG00000022103	Gfra2	0.09459003978193348	0.23521206595676178	0.3990836716607587	0.009704762749934629	0.9007524493309264	0.9472367779430542	6	4	6	False	False	False	False
skin_hvg	ENSMUSG00000022114	Spry2	0.15008982423289297	0.00847857546852163	0.060620294434204934	0.1371935004751951	0.11199887137078139	0.5869713003186572	6	5	6	False	False	False	True
skin_hvg	ENSMUSG00000022122	Ednrb	-0.2926816010737401	0.07074107102837304	0.1979733808363256	-0.17981792045419379	0.35636890326166243	0.6297953095695044	6	4	6	False	False	False	False
skin_hvg	ENSMUSG00000022129	Dct	-0.7095514604923379	0.007771538749058753	0.0576942858062094	-0.4289142719121828	0.28346067827201654	0.5936141152037087	6	4	6	False	False	False	True
skin_hvg	ENSMUSG00000022146	Osmr	0.10181364458240871	0.22053594094941384	0.38097774574046667	0.12352920586655418	0.09926594574173449	0.5869713003186572	6	4	6	False	False	False	False
skin_hvg	ENSMUSG00000022148	Fyb	0.21072514937986675	0.009173219637620298	0.061837949948406384	0.22955710708233834	0.005376212771267806	0.5869713003186572	6	6	6	False	False	False	True
skin_hvg	ENSMUSG00000022150	Dab2	0.1349621848998961	0.2633206253704275	0.42856665759147816	0.08000522675529294	0.5211856201653008	0.7339969559027543	6	4	6	False	False	False	False
skin_hvg	ENSMUSG00000022180	Slc7a8	-0.654291584934561	0.022163609908528274	0.10418390755458169	-0.49877464198092447	0.19865937854985127	0.5869713003186572	6	4	6	False	False	False	True
skin_hvg	ENSMUSG00000022199	Slc22a17	0.08489343319354337	0.4696794919625336	0.6294966076840132	0.01257010167418541	0.7924155282336547	0.8912533004048985	6	2	6	False	False	False	False
skin_hvg	ENSMUSG00000022218	Tgm1	-0.35189990939026483	0.025789216558328176	0.11368888624057696	-0.2973519606883661	0.13183434713991088	0.5869713003186572	6	4	6	False	False	False	True
skin_hvg	ENSMUSG00000022221	Ripk3	-0.15917720052486928	0.08529370765351436	0.21714036275062465	-0.1312252819514741	0.33076564841112394	0.6202244130300605	6	4	6	False	False	False	False
skin_hvg	ENSMUSG00000022225	Cma1	0.12732358788693698	0.48730642320338113	0.6453255484994378	0.10379583369261376	0.5396265246068918	0.7473191190291005	6	4	6	False	False	False	False
skin_hvg	ENSMUSG00000022229	Atp12a	-0.6490555126898965	0.02993307776409854	0.12338970012599369	-0.41897643417676206	0.19866643561197453	0.5869713003186572	6	5	6	False	False	False	True
skin_hvg	ENSMUSG00000022231	Sema5a	0.0071691416537174035	0.908315306620001	0.9408224415560903	0.06292766727126657	0.18467578542828872	0.5869713003186572	6	4	6	False	False	False	False
skin_hvg	ENSMUSG00000022243	Slc45a2	-0.934301617084043	0.005822745006764679	0.05285464444776847	-0.6061581993769191	0.24934942691955791	0.5869713003186572	6	4	6	False	False	False	True
skin_hvg	ENSMUSG00000022261	Sdc2	0.010552459434840067	0.9177596189470631	0.9461931637304992	-0.00387389982296756	0.9696127801295223	0.9883190055156829	6	4	6	False	False	False	False
skin_hvg	ENSMUSG00000022265	Ank	0.015586473121885547	0.6912556041529417	0.79041206827654	0.03579058213875245	0.517848800110163	0.7329157007937601	6	3	6	False	False	False	False
skin_hvg	ENSMUSG00000022272	Myo10	-0.1453672666492718	0.14880475171891977	0.30261007045079713	-0.09932108773263426	0.4545256092061378	0.6970877244787581	6	4	6	False	False	False	False
skin_hvg	ENSMUSG00000022309	Angpt1	0.03942337598697243	0.766179932247545	0.8430089943241583	0.05445625245962319	0.6981273489945887	0.8442466691327318	6	3	6	False	False	False	False
skin_hvg	ENSMUSG00000022346	Myc	0.008033481813598087	0.9267430281811654	0.9519152681286013	0.009377814384041727	0.8922100346057873	0.9432204547950012	6	3	6	False	False	False	False
skin_hvg	ENSMUSG00000022351	Sqle	-0.1981989570027025	0.0169007804019663	0.09000228923393787	-0.09718996870716119	0.3797277215319623	0.6479349484420985	6	3	6	False	False	False	True
skin_hvg	ENSMUSG00000022358	Fbxo32	0.18472779511808923	0.052868571918525946	0.16723638135278177	0.2972537910321324	0.26367936270337616	0.5909715492757674	6	4	6	False	False	False	False
skin_hvg	ENSMUSG00000022360	Atad2	-0.25379353375046776	0.010956570728928328	0.06694200133181287	-0.13950433315523517	0.3319581970041774	0.6217096877671812	6	3	6	False	False	False	True
skin_hvg	ENSMUSG00000022367	Has2	0.08150915767871414	0.5398860172294783	0.6855807451610016	0.12833422459832663	0.5574604584496186	0.7600348961989674	6	3	6	False	False	False	False
skin_hvg	ENSMUSG00000022371	Col14a1	-0.2116253102165082	0.11628528108919568	0.2606304223738763	-0.2783229085474792	0.18506658255619107	0.5869713003186572	6	4	6	False	False	False	False
skin_hvg	ENSMUSG00000022372	Sla	0.03678134934463362	0.7965853555867044	0.8650249891825169	0.035445754044963085	0.8760352577998627	0.9346944454432177	6	3	6	False	False	False	False
skin_hvg	ENSMUSG00000022382	Wnt7b	0.0690359235957132	0.6116454954440153	0.7401303723848686	0.023505602948031317	0.7384293457187349	0.8623645633919962	6	4	6	False	False	False	False
skin_hvg	ENSMUSG00000022415	Syngr1	-0.07038930263253285	0.5896067972014944	0.7219811691325759	-0.03830481004162797	0.7196238210354907	0.8557970384749141	6	4	6	False	False	False	False
skin_hvg	ENSMUSG00000022438	Parvb	0.3493067411609587	0.0007639030171279	0.02676340921411257	0.26839158901499277	0.006324538339828427	0.5869713003186572	6	6	6	True	False	True	True
skin_hvg	ENSMUSG00000022449	Adamts20	-0.4048602410209625	0.018115052110339206	0.09252112292671968	-0.2870144459018908	0.2249813320559129	0.5869713003186572	6	4	6	False	False	False	True
skin_hvg	ENSMUSG00000022462	Slc38a2	0.013360970271600436	0.7972530559177678	0.86527953949336	0.06584222767132204	0.3424144839157809	0.6246482988515789	6	4	6	False	False	False	False
skin_hvg	ENSMUSG00000022464	Slc38a4	0.2643214526719815	0.06343939857449674	0.18440826630752544	0.2693599102188536	0.2443712473328394	0.5869713003186572	6	5	6	False	False	False	False
skin_hvg	ENSMUSG00000022469	Rapgef3	0.22131136544437968	0.146138791069456	0.30055526855376274	0.1649351126693396	0.05115889851373798	0.5869713003186572	6	5	6	False	False	False	False
skin_hvg	ENSMUSG00000022479	Vdr	-0.2537318174900012	0.02888830101353187	0.12094326441094999	-0.13852431880599259	0.4270594024753831	0.6857785714958604	6	4	6	False	False	False	True
skin_hvg	ENSMUSG00000022483	Col2a1	-0.15720062894967968	0.037463929209919124	0.14089541738645667	-0.15778411052596092	0.10070524070861442	0.5869713003186572	6	4	6	False	False	False	True
skin_hvg	ENSMUSG00000022488	Nckap1l	0.14710724280954945	0.17383674268693944	0.33156826661491695	0.11355189258718819	0.3455662377417462	0.6246482988515789	6	4	6	False	False	False	False
skin_hvg	ENSMUSG00000022514	Il1rap	-0.08659524545798813	0.23893863815838348	0.4022577885163299	-0.07433057986227265	0.2841841838987508	0.5936141152037087	6	4	6	False	False	False	False
skin_hvg	ENSMUSG00000022546	Gpt	0.04218150507853391	0.7935778718599739	0.8643470702657619	0.02485606483045899	0.6905629873472935	0.8389754338240996	6	4	6	False	False	False	False
skin_hvg	ENSMUSG00000022548	Apod	0.20232084919516602	0.09714612939974346	0.23317406299433616	0.14004689639999235	0.36449794904909616	0.6329586123922131	6	5	6	False	False	False	False
skin_hvg	ENSMUSG00000022562	Oplah	-0.1605824586256155	0.4339685018095404	0.5976793780094153	-0.09838118453482785	0.6064736451824722	0.7893497313229368	6	3	6	False	False	False	False
skin_hvg	ENSMUSG00000022565	Plec	0.15933131453716776	0.4449954852597455	0.6078358304129357	0.06996375310930543	0.5476099030029348	0.7517144485488968	6	3	6	False	False	False	False
skin_hvg	ENSMUSG00000022587	Ly6e	0.19449067910180773	0.027327510003807447	0.11761430490862818	0.13409071879117165	0.17112704112637675	0.5869713003186572	6	4	6	False	False	False	True
skin_hvg	ENSMUSG00000022629	Kif21a	-0.022021232111121947	0.7253261969523811	0.8142082154659388	0.0013900832441965012	0.9811929205849382	0.991620578141762	6	2	6	False	False	False	False
skin_hvg	ENSMUSG00000022661	Cd200	0.008082533341876363	0.9187123407478408	0.9461931637304992	0.09097802738860421	0.08992426406236764	0.5869713003186572	6	5	6	False	False	False	False
skin_hvg	ENSMUSG00000022673	Mcm4	-0.2425660927905069	0.0029009191833232763	0.044078281846389886	-0.12318378455014918	0.4123793224737336	0.6695296804715821	6	3	6	True	False	True	True
skin_hvg	ENSMUSG00000022686	B3gnt5	-0.41190345441200904	0.07661316502755958	0.20647299670720173	-0.13470967967171568	0.6971740104314541	0.8442466691327318	6	3	6	False	False	False	False
skin_hvg	ENSMUSG00000022747	St3gal6	0.22271335628621358	0.11280759132513404	0.25570574333290885	0.26200861262755976	0.19268300860908855	0.5869713003186572	6	5	6	False	False	False	False
skin_hvg	ENSMUSG00000022788	Fgd4	-0.03125661227035437	0.6984088981669047	0.7947137148941928	-0.014980580221955364	0.834947472704249	0.9140365901440127	6	3	6	False	False	False	False
skin_hvg	ENSMUSG00000022797	Tfrc	-0.21337865841249481	0.06625455765701951	0.18962333559924657	-0.055779736022810056	0.6750530965621188	0.8280596030924762	6	3	6	False	False	False	False
skin_hvg	ENSMUSG00000022799	Arhgap31	0.14550763411405754	0.0011356786074200353	0.03239928827168301	0.11851794080860116	0.08716541868701053	0.5869713003186572	6	5	6	True	False	True	True
skin_hvg	ENSMUSG00000022816	Fstl1	-0.06561854483808993	0.5024481211572978	0.6567387667110574	-0.16403710146598507	0.25478652323537776	0.5869713003186572	6	3	6	False	False	False	False
skin_hvg	ENSMUSG00000022822	Abcc5	0.14106414991576877	0.008083386912127278	0.058916863488169074	0.10800045560142972	0.1921645210769549	0.5869713003186572	6	4	6	False	False	False	True
skin_hvg	ENSMUSG00000022836	Mylk	0.2471230657759751	0.006173642007397713	0.05374471652728701	0.2410803401704452	0.1088902045612335	0.5869713003186572	6	5	6	False	False	False	True
skin_hvg	ENSMUSG00000022840	Adcy5	0.45370628510334665	0.0013267596080732036	0.03454540254561901	0.3060715662173701	0.028081922419126475	0.5869713003186572	6	5	6	True	False	True	True
skin_hvg	ENSMUSG00000022865	Cxadr	-0.03741987593079443	0.6605733414231163	0.7727468152342478	0.08675845531870952	0.14297206781255847	0.5869713003186572	6	5	6	False	False	False	False
skin_hvg	ENSMUSG00000022878	Adipoq	0.24043216995727512	0.15850145892192785	0.3143271236018768	0.22312922172491292	0.43297113824364136	0.687065698626669	6	5	6	False	False	False	False
skin_hvg	ENSMUSG00000022885	St6gal1	-0.1229390124963361	0.2233753425429394	0.38521637224373917	-0.03760191109323108	0.7201224133913144	0.8557970384749141	6	3	6	False	False	False	False
skin_hvg	ENSMUSG00000022887	Masp1	-0.08923851999673627	0.44479964651394915	0.6078358304129357	-0.09180191553274897	0.3160312385915273	0.6139244975362647	6	4	6	False	False	False	False
skin_hvg	ENSMUSG00000022893	Adamts1	-0.021073619421882128	0.7461441180630284	0.8287262534882468	0.01896479650627203	0.7148274314546761	0.8542554695193822	6	3	6	False	False	False	False
skin_hvg	ENSMUSG00000022894	Adamts5	0.1940651845430832	0.09627612055285081	0.2324691611817514	0.13557656972296014	0.46553702566364424	0.6995462927199243	6	4	6	False	False	False	False
skin_hvg	ENSMUSG00000022895	Ets2	-0.0928117337587473	0.05338141764541283	0.16769067668434293	-0.04416419823331067	0.49093768631274565	0.7150402987867941	6	4	6	False	False	False	False
skin_hvg	ENSMUSG00000022902	Stfa2	-0.46504259190071673	0.013285873657475281	0.07602260657300326	-0.2918148271406224	0.1728767095518849	0.5869713003186572	6	4	6	False	False	False	True
skin_hvg	ENSMUSG00000022912	Pros1	0.02097800341597278	0.8431416854259084	0.8946620328350368	0.008106936083130734	0.9435983779168285	0.9745934199455507	6	3	6	False	False	False	False
skin_hvg	ENSMUSG00000022986	Krt75	-0.3268518195286987	0.18123458785760843	0.3388815280446105	-0.17923508432275495	0.6152271649463473	0.7937091338774711	6	3	6	False	False	False	False
skin_hvg	ENSMUSG00000022995	Enah	-0.11185295532037642	0.24363911964214863	0.40613298992101066	-0.018705384271807606	0.869943141001001	0.9328535815741773	6	3	6	False	False	False	False
skin_hvg	ENSMUSG00000022996	Wnt10b	-0.3106508157209351	0.0037390593588098463	0.047765057018286095	-0.23554407733088376	0.21154212487876778	0.5869713003186572	6	4	6	True	False	True	True
skin_hvg	ENSMUSG00000023015	Racgap1	-0.35883023639367373	0.006635949734459707	0.05530289177569726	-0.2826938895410067	0.22091193099032405	0.5869713003186572	6	5	6	False	False	False	True
skin_hvg	ENSMUSG00000023019	Gpd1	0.2678890797452116	0.07860822633988399	0.2084316165113858	0.21295229441904193	0.1459137232760019	0.5869713003186572	6	5	6	False	False	False	False
skin_hvg	ENSMUSG00000023032	Slc4a8	0.3728145918769661	0.0047048114858058415	0.0492712545850238	0.2761048107306996	0.0467856092450648	0.5869713003186572	6	5	6	True	False	True	True
skin_hvg	ENSMUSG00000023034	Nr4a1	0.1433079628439904	0.5679480498676366	0.7057823619076977	0.1472017208902686	0.17972481270453242	0.5869713003186572	6	5	6	False	False	False	False
skin_hvg	ENSMUSG00000023041	Krt6b	-0.9346247854608967	0.025950513775549744	0.11389709013136888	-0.6200167823805425	0.09814266029531961	0.5869713003186572	6	5	6	False	False	False	True
skin_hvg	ENSMUSG00000023043	Krt18	0.08320448351155152	0.8067686954119109	0.8711129683956212	0.3010794957244997	0.3266812298933048	0.6189586490483204	6	4	6	False	False	False	False
skin_hvg	ENSMUSG00000023046	Igfbp6	0.3971724285795153	0.07862611452937543	0.2084316165113858	0.23018737175165946	0.1316317721430418	0.5869713003186572	6	5	6	False	False	False	False
skin_hvg	ENSMUSG00000023067	Cdkn1a	-0.005847735139715482	0.9444719666265533	0.9647624129684025	0.018081830545888522	0.8554594349543414	0.9264384444706181	6	3	6	False	False	False	False
skin_hvg	ENSMUSG00000023078	Cxcl13	0.5653132196290631	0.023978612665013548	0.1096650407529086	0.6428378453494897	0.2226918003782916	0.5869713003186572	6	4	6	False	False	False	True
skin_hvg	ENSMUSG00000023169	Slc38a1	0.14413840804876177	0.05886009830082946	0.17596349746520423	0.24414500661941885	0.09692376916891231	0.5869713003186572	6	5	6	False	False	False	False
skin_hvg	ENSMUSG00000023224	Serping1	0.19529544389880016	0.15869209653297398	0.31439297299240976	0.03453757440000663	0.8202344779601405	0.907330275141304	6	3	6	False	False	False	False
skin_hvg	ENSMUSG00000023232	Serinc2	-0.3530368541048414	0.09257115502768273	0.22879281756223072	-0.2748683146295094	0.22990989003910947	0.5869713003186572	6	4	6	False	False	False	False
skin_hvg	ENSMUSG00000023341	Mx2	0.1747342606425204	0.12634566021875648	0.27425248201832253	0.236874073768905	0.06249358895088567	0.5869713003186572	6	4	6	False	False	False	False
skin_hvg	ENSMUSG00000023349	Clec4n	0.09066721089947993	0.44551065370694387	0.6081235649027799	0.10655183538629716	0.3464212656507325	0.6246482988515789	6	4	6	False	False	False	False
skin_hvg	ENSMUSG00000023764	Sfi1	-0.1091213079239104	0.5923517401713432	0.723502400686344	0.04067532102727093	0.6220531160120246	0.796429988252513	6	4	6	False	False	False	False
skin_hvg	ENSMUSG00000023800	Tiam2	-0.1887952918339808	0.044068351439470806	0.15225691665159724	-0.09842522722588794	0.548070223879416	0.7517144485488968	6	4	6	False	False	False	True
skin_hvg	ENSMUSG00000023827	Agpat4	0.1292159913684321	0.24943835422041716	0.4123579415382227	0.056874296044752214	0.46516407966483403	0.6995462927199243	6	3	6	False	False	False	False
skin_hvg	ENSMUSG00000023830	Igf2r	0.010445930441674633	0.7997194706498489	0.8665435609808727	0.03393355155441006	0.5725305458932463	0.766829979979083	6	3	6	False	False	False	False
skin_hvg	ENSMUSG00000023832	Acat2	-0.05005016336489021	0.5563541989681685	0.6978890297358245	-0.02338142272408768	0.7315339474499692	0.8595456393493699	6	3	6	False	False	False	False
skin_hvg	ENSMUSG00000023885	Thbs2	0.07463120050975114	0.5533527748025567	0.6951690359134325	0.2017525076183316	0.0830641145552055	0.5869713003186572	6	5	6	False	False	False	False
skin_hvg	ENSMUSG00000023905	Tnfrsf12a	0.10527454363216115	0.4299983937595171	0.5942607559430835	0.19928871561616482	0.38516380185043975	0.6485711030503555	6	4	6	False	False	False	False
skin_hvg	ENSMUSG00000023913	Pla2g7	-0.13657046633079695	0.1646472983441742	0.3194459997439892	-0.06648012381307122	0.4393827036127021	0.6909033536335165	6	5	6	False	False	False	False
skin_hvg	ENSMUSG00000023927	Satb1	0.35611828167067827	0.0030437139850225067	0.044078281846389886	0.356745163759693	0.062395225576770484	0.5869713003186572	6	4	6	True	False	True	True
skin_hvg	ENSMUSG00000023940	Sgo1	-0.5093201495578539	0.002588863635375108	0.0435290012929335	-0.379418197044052	0.1608355777201238	0.5869713003186572	6	3	6	True	False	True	True
skin_hvg	ENSMUSG00000023942	Slc29a1	0.13802335619752082	0.2611625059325113	0.4257481831405918	0.10210251362558331	0.2657685871274643	0.5909715492757674	6	4	6	False	False	False	False
skin_hvg	ENSMUSG00000023951	Vegfa	0.3411656957003073	7.378996174999912e-05	0.012316317430220719	0.3103502215807203	0.02566845704074189	0.5869713003186572	6	6	6	True	False	True	True
skin_hvg	ENSMUSG00000024030	Abcg1	0.09913262286598368	0.21740831315864656	0.3781919872629069	0.08237166898254585	0.271413990546501	0.5909715492757674	6	4	6	False	False	False	False
skin_hvg	ENSMUSG00000024039	Cbs	-0.21463310168967986	0.15148743094640824	0.30557616121209824	-0.1127794303071467	0.6191673676027362	0.7954607962867761	6	2	6	False	False	False	False
skin_hvg	ENSMUSG00000024044	Epb41l3	0.14623848257098526	0.09212774018605333	0.22826190713591624	0.09046175570157351	0.27665763322481807	0.5909715492757674	6	5	6	False	False	False	False
skin_hvg	ENSMUSG00000024053	Emilin2	0.10324400476084694	0.41085536433835274	0.5785682912930344	0.020763688280655963	0.8261414096448959	0.9104880767444024	6	5	6	False	False	False	False
skin_hvg	ENSMUSG00000024056	Ndc80	-0.43484095944727397	0.005059526389974243	0.050708850453370015	-0.3039661087888806	0.28462456581054585	0.5936141152037087	6	3	6	False	False	False	True
skin_hvg	ENSMUSG00000024064		-0.45040177577416873	0.01217601093884213	0.0717271204863355	-0.3368956385910562	0.24424702225882647	0.5869713003186572	6	4	6	False	False	False	True
skin_hvg	ENSMUSG00000024065	Ehd3	0.10252297189745896	0.11443424122612154	0.25822054206617484	0.17137925106844318	0.16570136220799045	0.5869713003186572	6	4	6	False	False	False	False
skin_hvg	ENSMUSG00000024066	Xdh	0.13690206183240328	0.017673765848974347	0.09205525235299007	0.121633476770494	0.097657143731759	0.5869713003186572	6	4	6	False	False	False	True
skin_hvg	ENSMUSG00000024084	Qpct	-0.09334746994571574	0.5175063109774579	0.669358490059188	-0.12511397441722036	0.3022409633849867	0.6005723421689735	6	4	6	False	False	False	False
skin_hvg	ENSMUSG00000024087	Cyp1b1	-0.01505594633785634	0.8960478915325478	0.9310133399534329	0.10264252302524983	0.40882056012139	0.6661378908390464	6	2	6	False	False	False	False
skin_hvg	ENSMUSG00000024130	Abca3	0.12384166685026265	0.16606716343703748	0.3202904663401389	0.11129717631832718	0.10639696034545708	0.5869713003186572	6	4	6	False	False	False	False
skin_hvg	ENSMUSG00000024140	Epas1	0.27441751492324684	0.0016184531615092998	0.037706987171159466	0.18248307027802793	0.04965786483904768	0.5869713003186572	6	5	6	True	False	True	True
skin_hvg	ENSMUSG00000024143	Rhoq	0.20327240688404302	0.035352430301095396	0.1353204010260697	0.2390229122379456	0.05624874602519023	0.5869713003186572	6	5	6	False	False	False	True
skin_hvg	ENSMUSG00000024164	C3	0.3045219142607376	0.03243365137912913	0.12909202523417876	0.14269576991595034	0.5197615797157341	0.7335433743408629	6	4	6	False	False	False	True
skin_hvg	ENSMUSG00000024190	Dusp1	0.02386830363077408	0.8890490067309686	0.9247035762717418	0.008712070717936449	0.9430499439160835	0.9745934199455507	6	3	6	False	False	False	False
skin_hvg	ENSMUSG00000024222	Fkbp5	0.04812131116025675	0.7170148869269347	0.8067859248822914	0.0345630086162411	0.8168918778018972	0.9052902774530459	6	3	6	False	False	False	False
skin_hvg	ENSMUSG00000024232	Bambi	-0.7439087256541121	0.004929104713640923	0.049966609711375246	-0.5588642512434051	0.14720838014906865	0.5869713003186572	6	5	6	True	False	True	True
skin_hvg	ENSMUSG00000024235	Map3k8	0.01123864748007275	0.8472425599805891	0.8953155385461486	0.044992695607553625	0.5691591335293905	0.7651014378605534	6	4	6	False	False	False	False
skin_hvg	ENSMUSG00000024238	Zeb1	0.21552360154775307	0.016868159379264162	0.09000228923393787	0.21552511257546522	0.05318461771114583	0.5869713003186572	6	5	6	False	False	False	True
skin_hvg	ENSMUSG00000024299	Adamts10	0.15281812168352626	0.11034951954886912	0.2532965408495306	0.05664989175736516	0.21530065049824035	0.5869713003186572	6	5	6	False	False	False	False
skin_hvg	ENSMUSG00000024302	Dtna	0.42152019443395083	0.012617005075584786	0.07324464865099657	0.5018123777623077	0.08254936959869318	0.5869713003186572	6	5	6	False	False	False	True
skin_hvg	ENSMUSG00000024304	Cdh2	0.23432206416144652	0.03096420703671005	0.12568195417136171	0.19810402622369358	0.10387895851043652	0.5869713003186572	6	5	6	False	False	False	True
skin_hvg	ENSMUSG00000024308	Tapbp	0.1599909757107234	0.047826936704957586	0.1588142067649391	0.1243439972978182	0.03025498514203556	0.5869713003186572	6	6	6	False	False	False	True
skin_hvg	ENSMUSG00000024331	Dsc2	-0.4271493793740957	0.030773518589193194	0.12516235564688147	-0.2758336722314687	0.3420035330472176	0.6246482988515789	6	4	6	False	False	False	True
skin_hvg	ENSMUSG00000024338	Psmb8	0.1740189575669664	0.18475990338253095	0.3425863760955565	0.22475888436439315	0.053734845112504794	0.5869713003186572	6	5	6	False	False	False	False
skin_hvg	ENSMUSG00000024349		0.1901405765155486	0.02278473595384728	0.10631102266316125	0.18145384083704252	0.03756747754333821	0.5869713003186572	6	5	6	False	False	False	True
skin_hvg	ENSMUSG00000024371	C2	0.0975653755551873	0.33646060495171987	0.508254030324194	0.003808978872890704	0.9800240889614037	0.9909889118398547	6	3	6	False	False	False	False
skin_hvg	ENSMUSG00000024378	Stard4	-0.20079700477642337	0.021595111745024837	0.10292467340051217	-0.1075860027189508	0.22942282122082713	0.5869713003186572	6	5	6	False	False	False	True
skin_hvg	ENSMUSG00000024379	Tslp	0.22007753050471868	0.039875446561960064	0.14643499631595766	0.11622637943432783	0.30394490415655345	0.6021606880958703	6	4	6	False	False	False	True
skin_hvg	ENSMUSG00000024381	Bin1	0.32823189303194233	0.011824198292957009	0.07013588769338004	0.33135528641610373	0.07204899367830546	0.5869713003186572	6	5	6	False	False	False	True
skin_hvg	ENSMUSG00000024395	Lims2	0.34248549642404225	0.0592454575891745	0.1763137195910068	0.17645598684179595	0.23108626482183636	0.5869713003186572	6	4	6	False	False	False	False
skin_hvg	ENSMUSG00000024399	Ltb	0.2544721346094003	0.2836186357259523	0.4502276753137733	0.3149907069098194	0.07358328183608678	0.5869713003186572	6	6	6	False	False	False	False
skin_hvg	ENSMUSG00000024401	Tnf	0.048889212044788355	0.6855692938404313	0.7868286665513455	0.11894980093803365	0.26454208886714714	0.5909715492757674	6	3	6	False	False	False	False
skin_hvg	ENSMUSG00000024411	Aqp4	0.41308658240777696	0.1644441719776451	0.3194459997439892	0.6164790675091611	0.16746793918457284	0.5869713003186572	6	5	6	False	False	False	False
skin_hvg	ENSMUSG00000024459	H2-M5	0.15526707511908722	0.2938969163979893	0.4632297885136422	0.23890462148466915	0.1728249517735355	0.5869713003186572	6	4	6	False	False	False	False
skin_hvg	ENSMUSG00000024462	Gabbr1	0.20025675898364348	0.0002837448688587441	0.017707453222216	0.17576104928588446	0.0424040366875538	0.5869713003186572	6	5	6	True	False	True	True
skin_hvg	ENSMUSG00000024486	Hbegf	-0.23202261675715885	0.30805541226094935	0.47874448115573215	-0.1089592325370637	0.44448193750514536	0.693455318899926	6	4	6	False	False	False	False
skin_hvg	ENSMUSG00000024501	Dpysl3	-0.029751498499885898	0.6426151970447292	0.7598002063341174	-0.0775538249262427	0.5513215725580817	0.7541021783551295	6	3	6	False	False	False	False
skin_hvg	ENSMUSG00000024511	Rab27b	-0.17785133808151876	0.09094906176303968	0.22590208500098288	-0.12521120119312826	0.0313980936507428	0.5869713003186572	6	5	6	False	False	False	True
skin_hvg	ENSMUSG00000024521	Pmaip1	-0.1789509500508233	0.19480702447005366	0.35519896861815614	-0.0011324449962407297	0.9932853939424642	0.9955806225510166	6	3	6	False	False	False	False
skin_hvg	ENSMUSG00000024526	Cidea	-0.08650028963495071	0.6397991583595571	0.7591675099489219	-0.004064269688360008	0.9497849984593598	0.9780166563238847	6	3	6	False	False	False	False
skin_hvg	ENSMUSG00000024529	Lox	0.29835365631679256	0.04526419168255946	0.15478183354464253	0.034474981012040384	0.8678272108180063	0.9317478172062142	6	4	6	False	False	False	True
skin_hvg	ENSMUSG00000024590	Lmnb1	-0.36924248528841375	0.013475144473504551	0.07631525207161644	-0.2557284486125315	0.3126935805299418	0.6120994063303257	6	4	6	False	False	False	True
skin_hvg	ENSMUSG00000024597	Slc12a2	0.18803108118969547	0.07332897914282549	0.20254214570985132	0.25547223892727483	0.04287351396087657	0.5869713003186572	6	5	6	False	False	False	True
skin_hvg	ENSMUSG00000024598	Fbn2	-0.23761683372914977	0.21616832702340896	0.37754015033755933	-0.332331868242036	0.1551738445245454	0.5869713003186572	6	4	6	False	False	False	False
skin_hvg	ENSMUSG00000024600		-0.4533068868040493	0.0068442476278443385	0.055638660870374106	-0.3062104017986084	0.2998656711535774	0.5976364723489961	6	3	6	False	False	False	True
skin_hvg	ENSMUSG00000024610	Cd74	0.1923166395951892	0.30566906848713826	0.47689150763188676	0.06789366720495978	0.620929828146381	0.7958955811635561	6	3	6	False	False	False	False
skin_hvg	ENSMUSG00000024617	Camk2a	0.36959662933547666	0.07392313997019269	0.20364026575821847	0.25591785050084637	0.27728609998567555	0.5909715492757674	6	4	6	False	False	False	False
skin_hvg	ENSMUSG00000024620	Pdgfrb	0.27766882277418503	0.02260098031180672	0.10570060347231386	0.12026258241510002	0.2551848123480785	0.5869713003186572	6	4	6	False	False	False	True
skin_hvg	ENSMUSG00000024621	Csf1r	0.16064680098312856	0.20117411995347123	0.36095661953915725	0.028593764455634958	0.8190517583041278	0.9069456706384811	6	3	6	False	False	False	False
skin_hvg	ENSMUSG00000024640	Psat1	-0.09834342528579398	0.10979902184157668	0.2526136481769915	-0.06250120322678443	0.3557327946461598	0.629785807542891	6	4	6	False	False	False	False
skin_hvg	ENSMUSG00000024659	Anxa1	-0.1255268448694462	0.08883504781270325	0.22284823109138666	-0.04812498341193875	0.31472628638736033	0.6131789208932279	6	4	6	False	False	False	False
skin_hvg	ENSMUSG00000024660	Incenp	-0.2553040608427448	0.04628638263355435	0.15676645537154638	-0.23226478714820953	0.2085890947477512	0.5869713003186572	6	5	6	False	False	False	True
skin_hvg	ENSMUSG00000024663	Rab3il1	0.18745398700110627	0.0739304920754674	0.20364026575821847	0.08042703899999919	0.32878028420438193	0.6201188088392988	6	3	6	False	False	False	False
skin_hvg	ENSMUSG00000024665	Fads2	-0.30918327202040885	0.11818914876139903	0.2639243395840231	-0.14887714160589605	0.5473161869580568	0.7517144485488968	6	3	6	False	False	False	False
skin_hvg	ENSMUSG00000024697	Gna14	0.12730749780236117	0.09797303151483644	0.23459489680471027	0.14344854527877438	0.27151511968219394	0.5909715492757674	6	4	6	False	False	False	False
skin_hvg	ENSMUSG00000024713	Pcsk5	0.03801506342187988	0.5736357786663556	0.7086696514798771	0.06775945944925728	0.23998692083260012	0.5869713003186572	6	4	6	False	False	False	False
skin_hvg	ENSMUSG00000024736	Tmem132a	-0.16363376878531266	0.5133314654717356	0.6658789796094684	-0.1989265857825974	0.26113440848900493	0.5899156264169036	6	4	6	False	False	False	False
skin_hvg	ENSMUSG00000024737	Slc15a3	0.1912062466055504	0.13582351231009493	0.2860043270225301	0.1726579817247397	0.10213052758306555	0.5869713003186572	6	4	6	False	False	False	False
skin_hvg	ENSMUSG00000024771	Lipk	-0.37807617082235545	0.0017555857171578386	0.03800129357798299	-0.22077537060061067	0.06401820240571429	0.5869713003186572	6	4	6	True	False	True	True
skin_hvg	ENSMUSG00000024784	Gpha2	0.12838225735408892	0.45659374603879527	0.6190208491781902	0.06559326349051793	0.6188930152848564	0.7954607962867761	6	4	6	False	False	False	False
skin_hvg	ENSMUSG00000024795		-0.4186640109914608	0.005993101214097068	0.05319210277578598	-0.2696352454052158	0.24365158504084564	0.5869713003186572	6	3	6	False	False	False	True
skin_hvg	ENSMUSG00000024810	Il33	0.282450259444353	0.04690900712209659	0.1577058707454998	0.2701929094717235	0.06747349218085207	0.5869713003186572	6	5	6	False	False	False	True
skin_hvg	ENSMUSG00000024812	Tjp2	-0.2580241339346241	0.032020193404095634	0.12892001255640925	-0.17040822897265637	0.3525902717396675	0.627672779114404	6	4	6	False	False	False	True
skin_hvg	ENSMUSG00000024883	Rin1	0.13352147210540455	0.19719009605755725	0.3575160202783468	0.15508427780451983	0.1258371181155214	0.5869713003186572	6	4	6	False	False	False	False
skin_hvg	ENSMUSG00000024887	Asah2	0.0035941057190882475	0.9752712700920674	0.9827732962578911	0.03168245924219019	0.647282992276937	0.8151691701805637	6	3	6	False	False	False	False
skin_hvg	ENSMUSG00000024892	Pcx	0.11078783341641163	0.506549712810081	0.660847111086939	0.02883264271284632	0.8708317899186548	0.9329246267001808	6	3	6	False	False	False	False
skin_hvg	ENSMUSG00000024900	Cpt1a	-0.1367838720246528	0.07647893424931601	0.20647299670720173	-0.06261231592767391	0.5056386989948033	0.7231002218482664	6	4	6	False	False	False	False
skin_hvg	ENSMUSG00000024909	Efemp2	-0.021929124631686392	0.8859157617877509	0.9228866855973598	-0.05896212724697166	0.6633544672707189	0.8225653784121488	6	4	6	False	False	False	False
skin_hvg	ENSMUSG00000024924	Vldlr	0.34567432472275605	0.017260194310618513	0.09106320903525629	0.3478142799197162	0.09866748588338675	0.5869713003186572	6	5	6	False	False	False	True
skin_hvg	ENSMUSG00000024935	Slc1a1	0.039555806469564025	0.6934139049736815	0.7908324204639874	0.18193613574541004	0.2991351138400574	0.5976364723489961	6	3	6	False	False	False	False
skin_hvg	ENSMUSG00000024940	Ltbp3	0.04690937870462264	0.7122563265615109	0.803602194431264	0.01927825697120585	0.8508586854264122	0.9229575202588512	6	2	6	False	False	False	False
skin_hvg	ENSMUSG00000024990	Rbp4	0.011964036606718409	0.9463247173115824	0.9649877185950552	0.037441943806088084	0.8609683037872782	0.9294024983751419	6	3	6	False	False	False	False
skin_hvg	ENSMUSG00000024998	Plce1	0.22542395849823205	0.0008046452896680681	0.02723519734690054	0.1406691283151802	0.21377719517611019	0.5869713003186572	6	4	6	True	False	True	True
skin_hvg	ENSMUSG00000025006	Sorbs1	0.2155793233598544	0.017051062403399878	0.09056109473295096	0.22090453479081548	0.09357068292897947	0.5869713003186572	6	4	6	False	False	False	True
skin_hvg	ENSMUSG00000025007	Aldh18a1	-0.1974349021233861	0.11927036302933917	0.26494206336995585	-0.21510960367610998	0.2518491379757877	0.5869713003186572	6	4	6	False	False	False	False
skin_hvg	ENSMUSG00000025044	Msr1	0.308292885378477	0.04571823301822095	0.1555354537263837	0.2638915478168628	0.03697506995723725	0.5869713003186572	6	5	6	False	False	False	True
skin_hvg	ENSMUSG00000025059	Gk	-0.11984509246114605	0.23932415223315343	0.40229825926734625	-0.05323346344231883	0.3752809948133613	0.6427411206194533	6	4	6	False	False	False	False
skin_hvg	ENSMUSG00000025064	Col17a1	0.09126582577442299	0.3982829272301079	0.5673117016251964	0.04459133025419219	0.6999871886289918	0.8448744918902582	6	3	6	False	False	False	False
skin_hvg	ENSMUSG00000025068	Gsto1	-0.028015928394830247	0.7322750714620133	0.8183286612812762	-0.00878298937588943	0.8987950912829259	0.9466048006065844	6	3	6	False	False	False	False
skin_hvg	ENSMUSG00000025089	Gfra1	-0.056371625014509874	0.3872779556995352	0.5579035489855982	0.004380036778232584	0.9571833416372361	0.9812603353437169	6	3	6	False	False	False	False
skin_hvg	ENSMUSG00000025092	Hspa12a	0.22761349141266418	0.016631319442352913	0.08952222352123657	0.19973305774809047	0.12183913062447799	0.5869713003186572	6	4	6	False	False	False	True
skin_hvg	ENSMUSG00000025151	Maged1	-0.05169361765095104	0.5389854663681128	0.6851393865926934	-0.077467848133051	0.3809520156875968	0.6479349484420985	6	4	6	False	False	False	False
skin_hvg	ENSMUSG00000025153	Fasn	0.08172902758729883	0.6395852812107994	0.7591675099489219	-0.022010950618593778	0.9092910771882	0.9527042398451393	6	3	6	False	False	False	False
skin_hvg	ENSMUSG00000025154	Arhgap19	0.026836270078235636	0.8756238811817058	0.917429638362994	0.00020014377293990174	0.9983121635461235	0.9983121635461235	6	4	6	False	False	False	False
skin_hvg	ENSMUSG00000025161	Slc16a3	0.40484287515632644	0.028279687901267298	0.12015858880602297	0.38106025400305343	0.10858590321058835	0.5869713003186572	6	5	6	False	False	False	True
skin_hvg	ENSMUSG00000025185	Loxl4	0.20899285996307793	0.18975200438550238	0.348574670823205	0.08994755001789183	0.21422559475654854	0.5869713003186572	6	3	6	False	False	False	False
skin_hvg	ENSMUSG00000025190	Got1	0.18769138569188293	0.03862055601793198	0.14389039247725777	0.22419239312700467	0.10161952761912825	0.5869713003186572	6	6	6	False	False	False	True
skin_hvg	ENSMUSG00000025232	Hexa	0.12330176820185912	0.1796308214997571	0.337462606335856	0.020837753492444804	0.8342331788716421	0.9140365901440127	6	3	6	False	False	False	False
skin_hvg	ENSMUSG00000025268	Maged2	-0.03432742319530657	0.6575594353607692	0.7724389367149742	-0.06669662232932143	0.43031896531627756	0.6857785714958604	6	3	6	False	False	False	False
skin_hvg	ENSMUSG00000025270	Alas2	0.051618527827242744	0.6692588835461766	0.7761382058314255	-0.024569905848690714	0.8940299569258411	0.944644351312648	6	3	6	False	False	False	False
skin_hvg	ENSMUSG00000025278	Flnb	-0.049165974663726075	0.6004093346241619	0.7306885968639026	-0.002825784397600728	0.9779547315336152	0.9908551998339065	6	3	6	False	False	False	False
skin_hvg	ENSMUSG00000025283	Sat1	-0.24370749204796027	0.008820040462984555	0.060620294434204934	-0.13234625094371047	0.1684505842540525	0.5869713003186572	6	4	6	False	False	False	True
skin_hvg	ENSMUSG00000025314	Ptprj	0.10707518661127935	0.12879557696494243	0.27656426580536564	0.0780457180646077	0.3396274466372404	0.6246482988515789	6	3	6	False	False	False	False
skin_hvg	ENSMUSG00000025321	Itgb8	-0.20069149645765272	0.059857846420568225	0.17709054711388852	-0.06257076654991556	0.2504731039708925	0.5869713003186572	6	5	6	False	False	False	False
skin_hvg	ENSMUSG00000025328	Padi3	-1.7477888319162824	0.0045314487697724615	0.0492712545850238	-1.5278227371392568	0.10656193015612103	0.5869713003186572	6	5	6	True	False	True	True
skin_hvg	ENSMUSG00000025329	Padi1	-1.4661677044101182	0.006485917792585931	0.054421755595773544	-1.3119279239561485	0.09402288720662946	0.5869713003186572	6	4	6	False	False	False	True
skin_hvg	ENSMUSG00000025330	Padi4	-1.0483680603500112	0.002440305930516357	0.04351152627893897	-0.7898941860728804	0.15866545069494978	0.5869713003186572	6	4	6	True	False	True	True
skin_hvg	ENSMUSG00000025348	Itga7	0.3284076836577414	0.00769689315323119	0.0576942858062094	0.2651117926909385	0.05442278589339037	0.5869713003186572	6	5	6	False	False	False	True
skin_hvg	ENSMUSG00000025351	Cd63	0.010987758001190784	0.8451230191649749	0.8949858172117245	0.015227037979605562	0.7323210418924995	0.8595456393493699	6	3	6	False	False	False	False
skin_hvg	ENSMUSG00000025355	Mmp19	0.15133311549452877	0.0905075890524835	0.22508725336742194	0.11956295754760611	0.347294533072302	0.6246482988515789	6	4	6	False	False	False	False
skin_hvg	ENSMUSG00000025402	Nab2	-0.11526994162055626	0.39160277640377467	0.5609976646186069	-0.03726795489971938	0.8406957892062747	0.9153341287452862	6	3	6	False	False	False	False
skin_hvg	ENSMUSG00000025407	Gli1	-0.31333047923368795	0.10612735483425598	0.24763090188729356	-0.28294221955550203	0.24470579086475205	0.5869713003186572	6	3	6	False	False	False	False
skin_hvg	ENSMUSG00000025473	Adam8	0.03857656080270999	0.7563802312545003	0.8363739323450925	0.023127733245863553	0.7296527372040846	0.8595456393493699	6	4	6	False	False	False	False
skin_hvg	ENSMUSG00000025479	Cyp2e1	0.12754182906397205	0.5921683923697989	0.723502400686344	-0.07837417871649317	0.7712777333474112	0.8786318502537251	6	3	6	False	False	False	False
skin_hvg	ENSMUSG00000025491	Ifitm1	0.27370428635929134	0.010961459406861697	0.06694200133181287	0.26202585625681135	0.13137172836107705	0.5869713003186572	6	5	6	False	False	False	True
skin_hvg	ENSMUSG00000025492	Ifitm3	0.12491836155788238	0.2809113695008187	0.448161745302396	0.10482681208484983	0.2416835998949326	0.5869713003186572	6	4	6	False	False	False	False
skin_hvg	ENSMUSG00000025498	Irf7	-0.013181143183166988	0.9128827834138206	0.9426199164826264	0.04025643521209036	0.7455082634986533	0.8645644612118528	6	3	6	False	False	False	False
skin_hvg	ENSMUSG00000025509	Pnpla2	0.3435004107918953	0.029837872492877674	0.12336693865067644	0.2683530180181381	0.045737126172210554	0.5869713003186572	6	5	6	False	False	False	True
skin_hvg	ENSMUSG00000025555	Farp1	-0.20603878251715457	0.13029455744229115	0.2782868783018775	-0.17175847728331992	0.353576035993152	0.6281951457992212	6	4	6	False	False	False	False
skin_hvg	ENSMUSG00000025557	Slc15a1	-0.3100204712647887	0.014471224155820722	0.0800527275323379	-0.15246791546125124	0.2899476144812234	0.5936141152037087	6	4	6	False	False	False	True
skin_hvg	ENSMUSG00000025574	Tk1	-0.37021384868637064	0.0505922325860264	0.16401410466606287	-0.2828375932257628	0.30820449145200496	0.6075857546195992	6	3	6	False	False	False	False
skin_hvg	ENSMUSG00000025579	Gaa	0.31056169609614415	0.12796079129949098	0.275958639551926	0.23905287354941493	0.08907712190030431	0.5869713003186572	6	6	6	False	False	False	False
skin_hvg	ENSMUSG00000025650	Col7a1	0.12333087399624709	0.5280565071925974	0.6772824950954509	0.03565239297101123	0.7920071135535983	0.8912533004048985	6	3	6	False	False	False	False
skin_hvg	ENSMUSG00000025665	Rps6ka6	-0.249531585529847	0.01747297661912099	0.0913443306502215	-0.11883663333946466	0.03385718177392188	0.5869713003186572	6	6	6	False	False	False	True
skin_hvg	ENSMUSG00000025701		0.17446017162786287	0.17209245690262745	0.32886950854980573	0.07137681136469116	0.5607033180179058	0.7611995418638735	6	4	6	False	False	False	False
skin_hvg	ENSMUSG00000025743	Sdc3	0.13788513635775512	0.21932911184526233	0.3798669457388435	0.07130990629446184	0.2719088607200384	0.5909715492757674	6	5	6	False	False	False	False
skin_hvg	ENSMUSG00000025746	Il6	-0.22703479029586116	0.28599404388907007	0.4528284200752817	-0.036711906368140056	0.8205500635479195	0.907330275141304	6	2	6	False	False	False	False
skin_hvg	ENSMUSG00000025747	Tyms	-0.21904985717089787	0.009956518149171695	0.06352449438944369	-0.10235983355003701	0.42625587395360187	0.6857785714958604	6	3	6	False	False	False	True
skin_hvg	ENSMUSG00000025757	Hspa4l	-0.15352992587562042	0.0874916272384576	0.2203288519485496	-0.0457610507465415	0.49271920468243263	0.7150402987867941	6	2	6	False	False	False	False
skin_hvg	ENSMUSG00000025784	Clec3b	0.3820019973460891	0.08540502150259462	0.21714036275062465	0.13899177503936513	0.18893097874239187	0.5869713003186572	6	4	6	False	False	False	False
skin_hvg	ENSMUSG00000025790	Slco3a1	0.07506605174560477	0.2586406749731108	0.423018368485915	0.07787371787171882	0.22432466051318253	0.5869713003186572	6	5	6	False	False	False	False
skin_hvg	ENSMUSG00000025791	Pgm1	0.27079725811709743	0.06416243488687527	0.1859686247737154	0.30962483338257635	0.08521722856882048	0.5869713003186572	6	5	6	False	False	False	False
skin_hvg	ENSMUSG00000025804	Ccr1	0.034465855485116936	0.8452394848579431	0.8949858172117245	-0.04388693548978765	0.7310280242394289	0.8595456393493699	6	2	6	False	False	False	False
skin_hvg	ENSMUSG00000025810	Nrp1	0.24523404462239284	0.002005881424022089	0.04002428576814064	0.21334508525832577	0.07839398111267118	0.5869713003186572	6	5	6	True	False	True	True
skin_hvg	ENSMUSG00000025813	Homer2	0.10060601624171817	0.22547632075009294	0.3874230692343422	0.06001209184846745	0.41531810405082437	0.6726603842574991	6	4	6	False	False	False	False
skin_hvg	ENSMUSG00000025877	Hk3	0.19517649304410467	0.13133696501316264	0.27961611847685053	0.12132213203429247	0.2875453174346968	0.5936141152037087	6	5	6	False	False	False	False
skin_hvg	ENSMUSG00000025880	Smad7	-0.19080813365916072	0.1508472623025863	0.3045925003218047	-0.1007769632992459	0.6190494742894568	0.7954607962867761	6	4	6	False	False	False	False
skin_hvg	ENSMUSG00000025885	Myo5b	-0.2105837883091075	0.012957950527605525	0.07478909596424345	-0.12651902023587777	0.24595315368724233	0.5869713003186572	6	4	6	False	False	False	True
skin_hvg	ENSMUSG00000025888	Casp1	-0.22786377896631116	0.11030732879557768	0.2532965408495306	-0.06245954463054826	0.47493869737567207	0.7040241088772735	6	3	6	False	False	False	False
skin_hvg	ENSMUSG00000025927	Tfap2b	-0.0454135776174045	0.5206786198930836	0.6712686920119355	-0.0036242874867358963	0.9486648157459714	0.9780166563238847	6	3	6	False	False	False	False
skin_hvg	ENSMUSG00000025934	Gsta3	0.28941322926355095	0.06934120265672152	0.19552208547088795	0.15186104696784897	0.3294089246199412	0.6201188088392988	6	4	6	False	False	False	False
skin_hvg	ENSMUSG00000025950	Idh1	-0.18592254791999174	0.06215572267937379	0.18173496074774445	-0.05065315807000855	0.5965838413844883	0.7818522346674105	6	4	6	False	False	False	False
skin_hvg	ENSMUSG00000025964	Adam23	0.14684935500599217	0.29841666169980835	0.4690861708142601	0.11021852843973139	0.49149582829191907	0.7150402987867941	6	2	6	False	False	False	False
skin_hvg	ENSMUSG00000025969	Nrp2	-0.17686835384593813	0.038609459933713265	0.14389039247725777	-0.11933413245864492	0.44764188696208596	0.6956738118780432	6	4	6	False	False	False	True
skin_hvg	ENSMUSG00000025991		-0.9503061444828025	0.0018887030465488217	0.0391710371090132	-0.777420516265142	0.11528645668378586	0.5869713003186572	6	4	6	True	False	True	True
skin_hvg	ENSMUSG00000025993	Slc40a1	-0.5497550942076774	0.00386849261486211	0.04817083322089042	-0.4002517291285603	0.14397656405365006	0.5869713003186572	6	5	6	True	False	True	True
skin_hvg	ENSMUSG00000025997	Ikzf2	0.23800098847560314	0.05506320834878255	0.17094039835596406	0.23689103355375085	0.1458266041151995	0.5869713003186572	6	4	6	False	False	False	False
skin_hvg	ENSMUSG00000026039	Sgo2a	-0.38451477656739197	0.009416034293035523	0.06215642750053642	-0.2516132608853187	0.24773767154193996	0.5869713003186572	6	3	6	False	False	False	True
skin_hvg	ENSMUSG00000026042	Col5a2	-0.005027934807726453	0.9593843419082807	0.9739082392970214	-0.2033192645559939	0.4062005191000325	0.6653450045347296	6	2	6	False	False	False	False
skin_hvg	ENSMUSG00000026043	Col3a1	-0.17103023122982286	0.3461025438886161	0.5173404043005736	-0.5876173597013418	0.2858780024076836	0.5936141152037087	6	2	6	False	False	False	False
skin_hvg	ENSMUSG00000026069	Il1rl1	0.2280910322365255	0.1553704334654801	0.3102747556305637	0.20311620725770085	0.23810768953213476	0.5869713003186572	6	4	6	False	False	False	False
skin_hvg	ENSMUSG00000026072	Il1r1	-0.01598902687443271	0.8146276141261778	0.8779338075606999	0.026132092866692897	0.47022731537980755	0.7009624967897257	6	3	6	False	False	False	False
skin_hvg	ENSMUSG00000026073	Il1r2	0.17042145262623087	0.11120844320009536	0.25419552268810197	0.11160067541852554	0.015393157588876454	0.5869713003186572	6	6	6	False	False	False	True
skin_hvg	ENSMUSG00000026107	Nabp1	0.026948058698193833	0.8006051804301141	0.8668005921447536	0.1424475309090519	0.2865994082325039	0.5936141152037087	6	3	6	False	False	False	False
skin_hvg	ENSMUSG00000026110	Mgat4a	-0.1655806162121518	0.08303574052815657	0.2142580042741113	-0.05116196213012536	0.6133889243801227	0.7928399236162492	6	4	6	False	False	False	False
skin_hvg	ENSMUSG00000026131	Dst	0.11701577811379948	0.1232420571458796	0.27164943501139244	0.13510287724838724	0.2730400009471343	0.5909715492757674	6	3	6	False	False	False	False
skin_hvg	ENSMUSG00000026166	Ccl20	-0.030789914942155328	0.7825948372715325	0.857291217790044	0.0337224600034847	0.7234490356455672	0.8579164156219179	6	3	6	False	False	False	False
skin_hvg	ENSMUSG00000026167	Wnt10a	-0.06643278792736762	0.5405212258446705	0.6857820127139816	-0.03396965914139353	0.7973856647148578	0.8942098889332241	6	3	6	False	False	False	False
skin_hvg	ENSMUSG00000026170	Cyp27a1	0.1324596926510866	0.12868595492770518	0.27656426580536564	0.10331235480533874	0.204367501961057	0.5869713003186572	6	5	6	False	False	False	False
skin_hvg	ENSMUSG00000026177	Slc11a1	0.32205111050276347	0.007112355300602157	0.0561398163450692	0.2612171714503317	0.05542669105095725	0.5869713003186572	6	5	6	False	False	False	True
skin_hvg	ENSMUSG00000026180	Cxcr2	-0.3391393110239582	0.08667626128460329	0.21910442251310477	-0.25947305020632044	0.22252170314862438	0.5869713003186572	6	4	6	False	False	False	False
skin_hvg	ENSMUSG00000026185	Igfbp5	0.08977532559376478	0.42464976551332345	0.5912615458489662	-0.09820886597824756	0.6926453219804188	0.840347939243558	6	4	6	False	False	False	False
skin_hvg	ENSMUSG00000026193	Fn1	-0.0037964075941889774	0.977988730255037	0.9839010046948659	-0.266128080364808	0.5056247915782728	0.7231002218482664	6	3	6	False	False	False	False
skin_hvg	ENSMUSG00000026202	Tuba4a	-0.06482700290803045	0.5172076645009642	0.669358490059188	-0.03902569247494666	0.6637775612094976	0.8225653784121488	6	3	6	False	False	False	False
skin_hvg	ENSMUSG00000026208	Des	0.5238690694609129	0.042894574088320606	0.15081067685629623	0.6427481587458631	0.19821275694777132	0.5869713003186572	6	5	6	False	False	False	True
skin_hvg	ENSMUSG00000026235	Epha4	-0.2762118810969785	0.008833503094819046	0.060620294434204934	-0.14958171962472022	0.34711965740640405	0.6246482988515789	6	4	6	False	False	False	True
skin_hvg	ENSMUSG00000026241	Nppc	-0.6452518376751182	0.006703653547262109	0.05531899228877038	-0.49831011196982766	0.15704634738015288	0.5869713003186572	6	4	6	False	False	False	True
skin_hvg	ENSMUSG00000026249	Serpine2	0.22000251749355826	0.010629942972143957	0.06551850652892433	0.07259750503390805	0.45427181944121287	0.6970877244787581	6	4	6	False	False	False	True
skin_hvg	ENSMUSG00000026288	Inpp5d	0.1914217058152632	0.04404062149797803	0.15225691665159724	0.12789324749701972	0.07920418472219336	0.5869713003186572	6	5	6	False	False	False	True
skin_hvg	ENSMUSG00000026315	Serpinb8	-0.04563145100546784	0.5092065859505357	0.6628792600223247	-0.016459436137679678	0.7325721973823873	0.8595456393493699	6	3	6	False	False	False	False
skin_hvg	ENSMUSG00000026343	Gpr39	0.04161438434569775	0.6237404181678876	0.7493201870247401	0.08465535827274019	0.518698951693264	0.7335433743408629	6	3	6	False	False	False	False
skin_hvg	ENSMUSG00000026355	Mcm6	-0.18603744176347448	0.0561680184383652	0.17252852809432837	-0.090096049354823	0.5618847628173282	0.7622852386862803	6	3	6	False	False	False	False
skin_hvg	ENSMUSG00000026358	Rgs1	0.28323634615171756	0.32121652533064854	0.49117105749257667	0.4388812395943966	0.012704727250050543	0.5869713003186572	6	5	6	False	False	False	True
skin_hvg	ENSMUSG00000026360	Rgs2	0.00894266471095495	0.9340217856611446	0.9565341056232337	0.12908408909556268	0.041751761471016106	0.5869713003186572	6	5	6	False	False	False	True
skin_hvg	ENSMUSG00000026365	Cfh	0.18812359515988497	0.1977925549740604	0.3575542158930145	0.11192519763634845	0.4430354074185149	0.6928705015345237	6	3	6	False	False	False	False
skin_hvg	ENSMUSG00000026385	Dbi	-0.12775925540212896	0.13605613954501933	0.2860043270225301	-0.06227551167590484	0.5595920799224622	0.7608833421644108	6	3	6	False	False	False	False
skin_hvg	ENSMUSG00000026389	Steap3	0.11527014773044009	0.22681628980117283	0.38880011221711774	0.05827297069628449	0.42117318386092656	0.6799376298870415	6	4	6	False	False	False	False
skin_hvg	ENSMUSG00000026395	Ptprc	0.24829066603622607	0.07995817157075481	0.21010061661420704	0.2560738383550752	0.10446912855980765	0.5869713003186572	6	4	6	False	False	False	False
skin_hvg	ENSMUSG00000026399	Cd55	0.12933606876499582	0.3146888864728327	0.48527699327123314	0.15691227304990582	0.21670771902599836	0.5869713003186572	6	5	6	False	False	False	False
skin_hvg	ENSMUSG00000026413	Pkp1	-0.11774304412418779	0.1450677086294479	0.2989682292394298	-0.11330527479503931	0.2353128624801484	0.5869713003186572	6	4	6	False	False	False	False
skin_hvg	ENSMUSG00000026414	Tnnt2	0.1413074250459756	0.12725822306087356	0.2755030003643211	0.07690017706799468	0.6238089065404309	0.7980438093281489	6	3	6	False	False	False	False
skin_hvg	ENSMUSG00000026418	Tnni1	-0.5469955869280754	0.028013757596018474	0.11979330603693553	-0.594760075681778	0.05916196752580832	0.5869713003186572	6	5	6	False	False	False	True
skin_hvg	ENSMUSG00000026420	Il24	-0.06938363064040157	0.385397398657109	0.5572977562384347	-0.020412790501090333	0.7263823679261516	0.8595171442652233	6	3	6	False	False	False	False
skin_hvg	ENSMUSG00000026435	Slc45a3	-0.03542742931432041	0.7621469287840456	0.8399599430362797	0.04169712414947835	0.7824185753215984	0.8852658941365522	6	2	6	False	False	False	False
skin_hvg	ENSMUSG00000026450		-0.06748503845713927	0.6895204650112362	0.7900013589371422	-0.10582634565207123	0.15089230871300321	0.5869713003186572	6	5	6	False	False	False	False
skin_hvg	ENSMUSG00000026458	Ppfia4	0.22177073934310787	0.16648047273964156	0.3202904663401389	0.14320502957094158	0.24245738713387924	0.5869713003186572	6	5	6	False	False	False	False
skin_hvg	ENSMUSG00000026463	Atp2b4	0.060354020288501786	0.27611413729399886	0.44282797478136326	0.05189740909473706	0.5130261474837782	0.7286722734886949	6	4	6	False	False	False	False
skin_hvg	ENSMUSG00000026473	Glul	-0.00010435542885467441	0.9988594973785095	0.9988594973785095	0.0021474595240498218	0.9772526888462227	0.9908551998339065	6	4	6	False	False	False	False
skin_hvg	ENSMUSG00000026475	Rgs16	-0.1237018255185327	0.3027651234702621	0.4742132953491085	-0.007139440407823994	0.9723130218045664	0.9893115785844547	6	3	6	False	False	False	False
skin_hvg	ENSMUSG00000026482	Rgl1	0.16022476917726358	0.00879320790010328	0.060620294434204934	0.113714566916063	0.13750427094528636	0.5869713003186572	6	5	6	False	False	False	True
skin_hvg	ENSMUSG00000026489	Coq8a	0.20195757651200807	0.2037554578263979	0.3633032582851041	0.24965179645331226	0.3816653280730761	0.6479349484420985	6	5	6	False	False	False	False
skin_hvg	ENSMUSG00000026494	Kif26b	-0.358340430821114	0.0037551897605763228	0.047765057018286095	-0.3032896504327529	0.08201321797259756	0.5869713003186572	6	5	6	True	False	True	True
skin_hvg	ENSMUSG00000026536	Ifi211	0.18456242747435603	0.24106619527930964	0.40386110653264135	0.2049338717987975	0.12593801436448104	0.5869713003186572	6	5	6	False	False	False	False
skin_hvg	ENSMUSG00000026547	Tagln2	-0.11020920116467181	0.3423147057624958	0.5136006516962465	-0.060698033596540725	0.6368448415425374	0.8085054981312443	6	3	6	False	False	False	False
skin_hvg	ENSMUSG00000026576	Atp1b1	0.03605160007282926	0.6409692764778546	0.7593745186059062	0.16828491566427406	0.2969933973839869	0.5976364723489961	6	2	6	False	False	False	False
skin_hvg	ENSMUSG00000026579	F5	-0.2754102750695857	0.10682406799699887	0.24793375643902849	-0.17502319859843948	0.43430650444708613	0.6874780020837367	6	3	6	False	False	False	False
skin_hvg	ENSMUSG00000026580	Selp	0.19202086956999853	0.03402520216400443	0.13323201710101343	0.13026779132067415	0.32445392818077096	0.6176287484617111	6	4	6	False	False	False	True
skin_hvg	ENSMUSG00000026581	Sell	0.30434642522050925	0.1650817585056569	0.3194459997439892	0.35593215936200734	0.28631130430422846	0.5936141152037087	6	4	6	False	False	False	False
skin_hvg	ENSMUSG00000026582	Sele	0.1848757899626423	0.20749821405108432	0.367678734214743	0.1708780259259314	0.4907405132794186	0.7150402987867941	6	4	6	False	False	False	False
skin_hvg	ENSMUSG00000026596	Abl2	0.03274907222182932	0.5983630095001921	0.7295060622538971	-0.0007179357796038843	0.9908524406489262	0.9955806225510166	6	3	6	False	False	False	False
skin_hvg	ENSMUSG00000026600	Soat1	-0.018026228249642173	0.8610322179928905	0.9059438036521614	0.04226687605560642	0.4546454786714577	0.6970877244787581	6	5	6	False	False	False	False
skin_hvg	ENSMUSG00000026605	Cenpf	-0.5132287341876012	0.0021217935702722893	0.040053656800756114	-0.39126823469357247	0.1348026315053467	0.5869713003186572	6	4	6	True	False	True	True
skin_hvg	ENSMUSG00000026622	Nek2	-0.4549956358399214	0.007345257917869239	0.05663505815438174	-0.3621391720887612	0.21860662516833781	0.5869713003186572	6	3	6	False	False	False	True
skin_hvg	ENSMUSG00000026623	Lpgat1	0.09607007470736662	0.4236533464672527	0.590602903900251	0.20296216427080468	0.11176479858133292	0.5869713003186572	6	5	6	False	False	False	False
skin_hvg	ENSMUSG00000026640	Plxna2	-0.15305355823533873	0.0984732373067865	0.23515701036048173	-0.04810599021815628	0.7634619623672563	0.8720965901213605	6	3	6	False	False	False	False
skin_hvg	ENSMUSG00000026656	Fcgr2b	0.14657445630774202	0.16667085356690717	0.3203481179721979	0.04870709063087212	0.7391907238089078	0.8627491966372817	6	3	6	False	False	False	False
skin_hvg	ENSMUSG00000026674	Ddr2	0.09259788874883768	0.3386560441353219	0.5102732078086659	0.04948994444912813	0.6209340588146322	0.7958955811635561	6	3	6	False	False	False	False
skin_hvg	ENSMUSG00000026675	Hsd17b7	-0.06135263796650392	0.5881731287002293	0.7219811691325759	-0.1389057146963791	0.4448253698101178	0.693455318899926	6	4	6	False	False	False	False
skin_hvg	ENSMUSG00000026678	Rgs5	0.1567801498100838	0.1807524515183802	0.3386141141484102	0.10028204957811078	0.5345571397763502	0.7446059578882008	6	4	6	False	False	False	False
skin_hvg	ENSMUSG00000026683	Nuf2	-0.40618870307768784	0.008735662881593541	0.060620294434204934	-0.2630609889099282	0.2383836479453631	0.5869713003186572	6	3	6	False	False	False	True
skin_hvg	ENSMUSG00000026712	Mrc1	0.08656693507306734	0.5543773636397094	0.6958463828966056	0.013255271600938793	0.9469141272520986	0.9772545282286516	6	3	6	False	False	False	False
skin_hvg	ENSMUSG00000026725	Tnn	-0.16141488770721768	0.3538651675282114	0.5261867010825303	-0.22748558167852995	0.1943280892577575	0.5869713003186572	6	5	6	False	False	False	False
skin_hvg	ENSMUSG00000026728	Vim	0.06444930234178692	0.49700061673783524	0.6520252922133616	0.01935983185835995	0.8859363147795988	0.9409367768086461	6	4	6	False	False	False	False
skin_hvg	ENSMUSG00000026765	Lypd6b	-0.35563395933878894	0.00031318004018887825	0.01839222418131774	-0.2093340801578525	0.1291393311832246	0.5869713003186572	6	5	6	True	False	True	True
skin_hvg	ENSMUSG00000026768	Itga8	0.0686089469511062	0.6004306396863617	0.7306885968639026	0.1925590809506407	0.1903593519048574	0.5869713003186572	6	5	6	False	False	False	False
skin_hvg	ENSMUSG00000026773	Pfkfb3	0.07570186851340033	0.6193679416099069	0.7458735909080773	0.0850022868233727	0.5533014430331092	0.7562922530712657	6	3	6	False	False	False	False
skin_hvg	ENSMUSG00000026786	Apbb1ip	0.16796317024748486	0.12962371422604485	0.2774475426681796	0.12626031690686768	0.35499930280731895	0.629785807542891	6	5	6	False	False	False	False
skin_hvg	ENSMUSG00000026817	Ak1	0.2903059738671523	0.08202901337544724	0.2137843559551185	0.30670986780349896	0.1797972690802452	0.5869713003186572	6	5	6	False	False	False	False
skin_hvg	ENSMUSG00000026822	Lcn2	0.4152992095830115	0.026262402663063518	0.11476152761080491	0.4770365465026911	0.0012640088209557759	0.4207042692414474	6	6	6	False	False	False	True
skin_hvg	ENSMUSG00000026825	Dnm1	0.18803090401663258	0.13570033814186494	0.2860043270225301	0.04118717353591972	0.6464373282025875	0.8151691701805637	6	4	6	False	False	False	False
skin_hvg	ENSMUSG00000026826	Nr4a2	0.07741208092418717	0.617148708381113	0.7451305747503523	0.08089422695173705	0.49092507658514595	0.7150402987867941	6	4	6	False	False	False	False
skin_hvg	ENSMUSG00000026837	Col5a1	0.07036798525391319	0.6395507556603429	0.7591675099489219	-0.24334377464524012	0.47487224101794834	0.7040241088772735	6	2	6	False	False	False	False
skin_hvg	ENSMUSG00000026872	Zeb2	0.2447877478758116	0.01355025816922031	0.07644029820320046	0.16876288225952005	0.19963296399162214	0.5869713003186572	6	3	6	False	False	False	True
skin_hvg	ENSMUSG00000026874	Hc	0.509954993536299	0.04559935609715712	0.15539575789423682	0.5052654235757589	0.09406234483733311	0.5869713003186572	6	5	6	False	False	False	True
skin_hvg	ENSMUSG00000026879	Gsn	0.23443246108953808	0.12367114831143058	0.27198364263744684	0.11579032543709762	0.3477936139808932	0.6246482988515789	6	4	6	False	False	False	False
skin_hvg	ENSMUSG00000026880	Stom	-0.019826009976505077	0.6838488183109656	0.7862096086165793	0.020217812809204833	0.6117996285288085	0.7927403879376062	6	4	6	False	False	False	False
skin_hvg	ENSMUSG00000026888	Grb14	0.07937118385904363	0.553489617978146	0.6951690359134325	0.1560015438532131	0.21178082575860477	0.5869713003186572	6	5	6	False	False	False	False
skin_hvg	ENSMUSG00000026896	Ifih1	0.07824204365578336	0.41025298405831384	0.5781758709699737	0.15675564183286386	0.0439379674817129	0.5869713003186572	6	5	6	False	False	False	True
skin_hvg	ENSMUSG00000026923	Notch1	-0.1228774638366037	0.46012906848431373	0.6212831303334513	-0.0934717575590464	0.6067360228245909	0.7893497313229368	6	3	6	False	False	False	False
skin_hvg	ENSMUSG00000026938	Fcna	0.3287786492284681	0.07703719740187973	0.20705690876386784	0.286306421532303	0.14070633692893733	0.5869713003186572	6	5	6	False	False	False	False
skin_hvg	ENSMUSG00000026950	Neb	0.4101757704099178	0.14172203132152714	0.29385079774659717	0.5892426153671059	0.28954263804933317	0.5936141152037087	6	5	6	False	False	False	False
skin_hvg	ENSMUSG00000026971	Itgb6	-0.17112975799374652	0.08304241127098755	0.2142580042741113	-0.08081464798126688	0.19210509608424892	0.5869713003186572	6	4	6	False	False	False	False
skin_hvg	ENSMUSG00000026981	Il1rn	-0.24995100597686903	0.0009527583978681147	0.02888144906815025	-0.14726435431884757	0.09951217625680092	0.5869713003186572	6	5	6	True	False	True	True
skin_hvg	ENSMUSG00000026983	Il36rn	-0.19465269234658678	0.012332930577968563	0.07222540282757542	-0.13148653306285216	0.0415173206302322	0.5869713003186572	6	5	6	False	False	False	True
skin_hvg	ENSMUSG00000026984	Il36a	-0.7283060037490716	0.001000322276738314	0.029815575920095715	-0.7379559076812304	0.03832215536550601	0.5869713003186572	6	6	6	True	False	True	True
skin_hvg	ENSMUSG00000026985		-0.5222815840138919	0.003382335727388729	0.046002236653172796	-0.46447176677337126	0.02895572820921431	0.5869713003186572	6	5	6	True	False	True	True
skin_hvg	ENSMUSG00000027009	Itga4	0.17647582185549915	0.1771253919657362	0.3347680022930433	0.11253307247942897	0.4313386699462846	0.6858147483142758	6	3	6	False	False	False	False
skin_hvg	ENSMUSG00000027015		-0.764337426356283	0.003326972562983734	0.04582044281571391	-0.5715180149339862	0.16089184676624946	0.5869713003186572	6	4	6	True	False	True	True
skin_hvg	ENSMUSG00000027068	Dhrs9	-0.6605844252712672	0.0042066710409436135	0.0492712545850238	-0.4121725929072159	0.22547245637446192	0.5869713003186572	6	4	6	True	False	True	True
skin_hvg	ENSMUSG00000027070	Lrp2	-0.659003260055633	0.003962675428758365	0.04825282214164912	-0.5226844839596102	0.12342993365580171	0.5869713003186572	6	4	6	True	False	True	True
skin_hvg	ENSMUSG00000027075	Slc43a1	0.21129124087348394	0.08470075537421702	0.2164464777958512	0.11500835820928801	0.6472699227064793	0.8151691701805637	6	3	6	False	False	False	False
skin_hvg	ENSMUSG00000027078	Ube2l6	0.10456273159310303	0.23780772779358175	0.4021185710446933	0.10698974300778685	0.3468354102755516	0.6246482988515789	6	4	6	False	False	False	False
skin_hvg	ENSMUSG00000027111	Itga6	0.0916894947911775	0.23895754788458337	0.4022577885163299	0.09616068387815109	0.18306118551525744	0.5869713003186572	6	4	6	False	False	False	False
skin_hvg	ENSMUSG00000027187	Cat	0.08185682186095455	0.2821461826851516	0.4493189209108834	0.12858007110842143	0.11335927763240908	0.5869713003186572	6	5	6	False	False	False	False
skin_hvg	ENSMUSG00000027199	Gatm	0.16772459189134192	0.13772833039895763	0.28921501136353145	0.10620862705673033	0.49405021995733006	0.71545923803828	6	4	6	False	False	False	False
skin_hvg	ENSMUSG00000027200	Sema6d	0.18765670163992532	0.010618461491640451	0.06551850652892433	0.1598022895241562	0.0685006169970106	0.5869713003186572	6	6	6	False	False	False	True
skin_hvg	ENSMUSG00000027204	Fbn1	0.02667761136509128	0.8339339470476854	0.8910465983168688	-0.09352489205435462	0.5623656187362267	0.7624196473973148	6	3	6	False	False	False	False
skin_hvg	ENSMUSG00000027208	Fgf7	0.06433037236210826	0.5648192842047814	0.7053080279070946	0.11492842780253583	0.15076285467223374	0.5869713003186572	6	5	6	False	False	False	False
skin_hvg	ENSMUSG00000027221	Chst1	0.44345398246963885	0.0025626061261492567	0.0435290012929335	0.36582362416476366	0.0297393629347553	0.5869713003186572	6	5	6	True	False	True	True
skin_hvg	ENSMUSG00000027224		-0.07654487457512005	0.4587093176594422	0.6208695350657011	-0.05862469290436367	0.3142513392476603	0.6128514887476345	6	4	6	False	False	False	False
skin_hvg	ENSMUSG00000027239	Mdk	0.056495065136452194	0.6904507262450312	0.7901605159377234	0.07460350056597036	0.6749558001486012	0.8280596030924762	6	3	6	False	False	False	False
skin_hvg	ENSMUSG00000027276	Jag1	-0.2251992927130413	0.004106579481636711	0.04910682170555995	-0.14547639108615082	0.2712108917587009	0.5909715492757674	6	4	6	True	False	True	True
skin_hvg	ENSMUSG00000027313	Chac1	-0.6229538132183032	0.03463946169626656	0.13386056241440342	-0.6068608251588219	0.13083603782576342	0.5869713003186572	6	4	6	False	False	False	True
skin_hvg	ENSMUSG00000027315	Spint1	-0.4004438794045857	0.007086492688837618	0.0561398163450692	-0.26576438730128843	0.2298897795581123	0.5869713003186572	6	4	6	False	False	False	True
skin_hvg	ENSMUSG00000027318	Adam33	0.31816787716014705	0.07456660252316843	0.20482737997079417	0.08883223104231641	0.24714232632441668	0.5869713003186572	6	4	6	False	False	False	False
skin_hvg	ENSMUSG00000027323	Rad51	-0.3520485539101923	0.007907822098250656	0.05848859529706134	-0.25474793999016265	0.2699753347338371	0.5909715492757674	6	3	6	False	False	False	True
skin_hvg	ENSMUSG00000027330	Cdc25b	-0.028677580596404795	0.6653311209616003	0.7752126925738716	0.015956166818774875	0.8126823386355966	0.9026288266158433	6	3	6	False	False	False	False
skin_hvg	ENSMUSG00000027333	Smox	-0.2968952588775604	0.12463514610611275	0.27217497411599	-0.24246745072229134	0.2480784439666132	0.5869713003186572	6	4	6	False	False	False	False
skin_hvg	ENSMUSG00000027338	Prnd	-0.08540162914066807	0.46611300835921904	0.6263203720457842	-0.08235459396479805	0.4106971270711876	0.6678844973625095	6	3	6	False	False	False	False
skin_hvg	ENSMUSG00000027347	Rasgrp1	0.2087900161749987	0.022322062625625447	0.10464121845862445	0.21977494049802315	0.08865350542977793	0.5869713003186572	6	5	6	False	False	False	True
skin_hvg	ENSMUSG00000027358	Bmp2	0.15796077806304787	0.031139029552149994	0.12610049795955333	0.14304479056819167	0.31871016677069225	0.6167288789157679	6	4	6	False	False	False	True
skin_hvg	ENSMUSG00000027360	Hdc	0.13976376902593746	0.477202672670688	0.636164043607052	0.15268066968363195	0.382876651543061	0.6479700619758414	6	4	6	False	False	False	False
skin_hvg	ENSMUSG00000027368	Dusp2	-0.7513848489036388	0.011436453775125944	0.06862020378742703	-0.5548609689801606	0.23479123934851442	0.5869713003186572	6	4	6	False	False	False	True
skin_hvg	ENSMUSG00000027379	Bub1	-0.5682744450564314	0.0040503352176341255	0.04872602066033343	-0.3911210941118	0.24623656853873702	0.5869713003186572	6	3	6	True	False	True	True
skin_hvg	ENSMUSG00000027380	Acoxl	0.03446055705880813	0.8438782634757691	0.8947476032419125	-0.11831443317421408	0.6407847899224798	0.8124744288731379	6	2	6	False	False	False	False
skin_hvg	ENSMUSG00000027381	Bcl2l11	0.07366995388303899	0.20090420674679213	0.36095661953915725	0.09110397102947099	0.22625519455638798	0.5869713003186572	6	4	6	False	False	False	False
skin_hvg	ENSMUSG00000027397	Slc20a1	-0.026841281866794908	0.6239957291047286	0.7493201870247401	0.05014214228587077	0.6091495643615099	0.7914584775731525	6	3	6	False	False	False	False
skin_hvg	ENSMUSG00000027398	Il1b	-0.16192193562136703	0.5409731779857684	0.6859196421825902	0.0013771187663237743	0.9933370876514459	0.9955806225510166	6	4	6	False	False	False	False
skin_hvg	ENSMUSG00000027399	Il1a	-0.07285936583806851	0.6155989972294309	0.7441593205007104	-0.06561811371891697	0.07151060366632152	0.5869713003186572	6	5	6	False	False	False	False
skin_hvg	ENSMUSG00000027435	Cd93	0.3017841929675864	0.0021260328597296685	0.040053656800756114	0.2503352074391317	0.13126258178550465	0.5869713003186572	6	4	6	True	False	True	True
skin_hvg	ENSMUSG00000027460	Angpt4	0.13819066080704623	0.35173813441884594	0.5234136024101604	0.0999992267630642	0.5892837870170885	0.7752303838426389	6	4	6	False	False	False	False
skin_hvg	ENSMUSG00000027469	Tpx2	-0.43804411203951776	0.007559054687807052	0.057397080652283966	-0.30270343247050074	0.26867441341076936	0.5909715492757674	6	3	6	False	False	False	True
skin_hvg	ENSMUSG00000027496		-0.2999272142836844	0.041680268281546994	0.1486348138540167	-0.21549211749499753	0.34099489980818354	0.6246482988515789	6	3	6	False	False	False	True
skin_hvg	ENSMUSG00000027500	Stmn2	-0.153968316866802	0.14707245633670857	0.30079236872209253	-0.1863905499949917	0.262822844476442	0.5909715492757674	6	3	6	False	False	False	False
skin_hvg	ENSMUSG00000027508	Pag1	-0.15670096889556273	0.07853854080515445	0.2084316165113858	-0.04754678255198138	0.7640781955203698	0.8720965901213605	6	4	6	False	False	False	False
skin_hvg	ENSMUSG00000027513	Pck1	0.13856142079028544	0.45476814204312677	0.616964660095193	0.15877007612630845	0.5378860892299973	0.7466140377507583	6	5	6	False	False	False	False
skin_hvg	ENSMUSG00000027524	Edn3	-0.2882026298105269	0.08469998618260098	0.2164464777958512	-0.18510743163985652	0.324452958985237	0.6176287484617111	6	4	6	False	False	False	False
skin_hvg	ENSMUSG00000027533	Fabp5	-0.41843847518816624	0.005043956666155896	0.050708850453370015	-0.2807927311884786	0.1937753118871061	0.5869713003186572	6	3	6	False	False	False	True
skin_hvg	ENSMUSG00000027544	Nfatc2	0.09302335446190746	0.20694705558570906	0.3676038392074081	0.07571840418415639	0.3156078085993452	0.6136989228557861	6	5	6	False	False	False	False
skin_hvg	ENSMUSG00000027555	Car13	-0.1297386968559806	0.12761155500100002	0.2755030003643211	-0.0191614526389922	0.5659140403223997	0.7651014378605534	6	4	6	False	False	False	False
skin_hvg	ENSMUSG00000027559	Car3	0.1524755859726703	0.3978611019594779	0.5671153608944164	0.28441023075025296	0.29237505509443135	0.5943324979698786	6	5	6	False	False	False	False
skin_hvg	ENSMUSG00000027562	Car2	-0.5477227437867267	0.009843182483582064	0.06340914651520445	-0.2855304693890612	0.23505788590100382	0.5869713003186572	6	5	6	False	False	False	True
skin_hvg	ENSMUSG00000027580	Helz2	0.23759414544722368	0.03808869207431291	0.14244029601573574	0.2124717884886853	0.04550104646143543	0.5869713003186572	6	5	6	False	False	False	True
skin_hvg	ENSMUSG00000027597	Ahcy	-0.2245016556667565	0.21429458764383233	0.3753914837936256	-0.17369647415181566	0.45429241906424617	0.6970877244787581	6	3	6	False	False	False	False
skin_hvg	ENSMUSG00000027605	Acss2	0.08065875056365535	0.3383779611696533	0.5102732078086659	0.05177685818164365	0.7049181328338772	0.8477593815743147	6	4	6	False	False	False	False
skin_hvg	ENSMUSG00000027611	Procr	-0.36592466099880205	0.04282824555925668	0.15081067685629623	-0.3777986412962706	0.13831180180827346	0.5869713003186572	6	4	6	False	False	False	True
skin_hvg	ENSMUSG00000027639	Samhd1	0.2028215570182148	0.006367664343591545	0.053981679616608054	0.15586436067550657	0.09047709570632374	0.5869713003186572	6	5	6	False	False	False	True
skin_hvg	ENSMUSG00000027654		-0.1091607383598312	0.17660486716487164	0.3346109295334428	-0.04065294006924258	0.6724072894735103	0.8263368351252923	6	4	6	False	False	False	False
skin_hvg	ENSMUSG00000027660	Skil	-0.16935151334858922	0.057209713939331455	0.17336540020765542	-0.0829861722516118	0.19539995948600541	0.5869713003186572	6	4	6	False	False	False	False
skin_hvg	ENSMUSG00000027692	Tnik	-0.0968536324126994	0.18045796935956812	0.3383798730620258	0.01557917045413563	0.8831038451519232	0.9390619695252346	6	3	6	False	False	False	False
skin_hvg	ENSMUSG00000027699	Ect2	-0.38978895946014713	0.004464177900649834	0.0492712545850238	-0.2935909320370163	0.15712352088324405	0.5869713003186572	6	4	6	True	False	True	True
skin_hvg	ENSMUSG00000027715	Ccna2	-0.46782309948387724	0.00764798353544036	0.0576942858062094	-0.3398591883435671	0.22144916895198563	0.5869713003186572	6	3	6	False	False	False	True
skin_hvg	ENSMUSG00000027737	Slc7a11	-1.1820749116195968	0.0006570023745519448	0.025231418115004494	-0.9556745113285773	0.0879251177960238	0.5869713003186572	6	5	6	True	False	True	True
skin_hvg	ENSMUSG00000027761	Aadac	-0.004614357246989442	0.9737499126626485	0.9821103917107622	0.10414682605236347	0.121547329135306	0.5869713003186572	6	4	6	False	False	False	False
skin_hvg	ENSMUSG00000027765	P2ry1	0.08449208805970265	0.34379400316986525	0.5150462298051169	0.13812196254221698	0.1959372946606359	0.5869713003186572	6	5	6	False	False	False	False
skin_hvg	ENSMUSG00000027792	Bche	0.1343231779781302	0.3956974157578348	0.5648375548737642	0.17059573060047054	0.35030092847062944	0.6258014196857077	6	4	6	False	False	False	False
skin_hvg	ENSMUSG00000027803	Wwtr1	0.05225320158087676	0.22493011198866156	0.38689529168075554	0.09056263805261071	0.08537276594232593	0.5869713003186572	6	4	6	False	False	False	False
skin_hvg	ENSMUSG00000027805	Pfn2	0.04174219524632061	0.669198497327262	0.7761382058314255	0.16934376156346667	0.29905173769283216	0.5976364723489961	6	5	6	False	False	False	False
skin_hvg	ENSMUSG00000027820	Mme	-0.014736609800308997	0.9046713112850594	0.9375343065055857	-0.042577718124014265	0.822402513534595	0.9085452619838326	6	4	6	False	False	False	False
skin_hvg	ENSMUSG00000027832	Ptx3	0.3432943418772658	0.11739065820797957	0.2625186387920887	0.4470542994603954	0.010871584896088395	0.5869713003186572	6	6	6	False	False	False	True
skin_hvg	ENSMUSG00000027859	Ngf	0.07409281641353749	0.43226397936459876	0.5961541207120882	0.12191400430647518	0.09193314925824411	0.5869713003186572	6	5	6	False	False	False	False
skin_hvg	ENSMUSG00000027861	Casq2	0.0855509934629275	0.5072205279708023	0.6611745393979714	0.28576227241461827	0.3414887043386872	0.6246482988515789	6	4	6	False	False	False	False
skin_hvg	ENSMUSG00000027869	Hsd3b6	-0.4211326736344896	0.020966601254328854	0.10064976611753539	-0.3215099176246665	0.05530733490139886	0.5869713003186572	6	5	6	False	False	False	True
skin_hvg	ENSMUSG00000027875	Hmgcs2	0.2726375217410508	0.06364461924350605	0.18473590789139765	0.26292253560745477	0.3243326512154487	0.6176287484617111	6	4	6	False	False	False	False
skin_hvg	ENSMUSG00000027931	Npr1	0.36657995031637913	0.00018993108362965857	0.014588168231093391	0.2888725812510038	0.0038894089079816153	0.5869713003186572	6	6	6	True	False	True	True
skin_hvg	ENSMUSG00000027947	Il6ra	0.21932416234713692	0.018193887698535187	0.0926867187091193	0.13791126520014294	0.2962881781236945	0.5976364723489961	6	3	6	False	False	False	True
skin_hvg	ENSMUSG00000027962	Vcam1	0.3365263261037308	0.035803208055363654	0.13618858378392612	0.3658137755028859	0.07385748901496969	0.5869713003186572	6	5	6	False	False	False	True
skin_hvg	ENSMUSG00000027966	Col11a1	-0.6967700143913262	0.003092751242826705	0.04411588737089236	-0.6560040422284318	0.11660234894002967	0.5869713003186572	6	4	6	True	False	True	True
skin_hvg	ENSMUSG00000027985	Lef1	-0.6634111922286019	0.012386230163225447	0.07232544338000356	-0.4606120874894735	0.3209240508865033	0.6174232462623768	6	4	6	False	False	False	True
skin_hvg	ENSMUSG00000027995	Tlr2	0.1501276439410324	0.16492450484618584	0.3194459997439892	0.1329190909702979	0.0724136836843452	0.5869713003186572	6	5	6	False	False	False	False
skin_hvg	ENSMUSG00000028003	Lrat	-0.7120355316673699	0.0017697147234614012	0.03800129357798299	-0.3943661900909161	0.3154352746393884	0.6136989228557861	6	4	6	True	False	True	True
skin_hvg	ENSMUSG00000028019	Pdgfc	0.21451648978145954	0.02096523322288368	0.10064976611753539	0.09979011569442608	0.560089390576707	0.7608833421644108	6	4	6	False	False	False	True
skin_hvg	ENSMUSG00000028024	Enpep	0.13630119990615253	0.3379421080119059	0.510106114663474	0.09437692192976203	0.6487380833214793	0.8151691701805637	6	4	6	False	False	False	False
skin_hvg	ENSMUSG00000028031	Dkk2	0.12744747332226236	0.3826275748800416	0.5559719382926259	0.12290225579216967	0.40274329075477217	0.6632461406860252	6	3	6	False	False	False	False
skin_hvg	ENSMUSG00000028033	Kcnq5	0.38585957525661296	0.06042298005624381	0.17770297491899573	0.5008539145835671	0.13402941782651373	0.5869713003186572	6	5	6	False	False	False	False
skin_hvg	ENSMUSG00000028036	Ptgfr	0.07354914310951521	0.6316697798542973	0.7549039798737472	0.026524751694212128	0.8812723145408392	0.938113439306	6	3	6	False	False	False	False
skin_hvg	ENSMUSG00000028037	Ifi44	0.227906280823317	0.24901028416520177	0.4123579415382227	0.336089750303236	0.030284311205416838	0.5869713003186572	6	5	6	False	False	False	True
skin_hvg	ENSMUSG00000028039	Efna3	-0.06503443112575802	0.608912787656497	0.737885621834699	-0.024279480294207605	0.8008926974572823	0.8955110396540833	6	3	6	False	False	False	False
skin_hvg	ENSMUSG00000028047	Thbs3	0.130612109017763	0.26866390602757734	0.43405135461612665	-0.000823665773389178	0.9931638491155679	0.9955806225510166	6	2	6	False	False	False	False
skin_hvg	ENSMUSG00000028059	Arhgef2	0.19278593696282975	0.0029774204800216216	0.044078281846389886	0.15405075887206765	0.028633863203846067	0.5869713003186572	6	5	6	True	False	True	True
skin_hvg	ENSMUSG00000028068	Iqgap3	-0.33087586237689415	0.0406145205340587	0.1473366209355666	-0.3346293349184344	0.20691850964939612	0.5869713003186572	6	5	6	False	False	False	True
skin_hvg	ENSMUSG00000028108	Ecm1	0.12567016214683147	0.4130309401574908	0.5804523486942359	-0.03933473534423948	0.7402871552508422	0.8635242108854743	6	2	6	False	False	False	False
skin_hvg	ENSMUSG00000028111	Ctsk	0.14709781230662067	0.427603329850319	0.5930026734104771	-0.1656514029129843	0.46167178550894333	0.6995462927199243	6	3	6	False	False	False	False
skin_hvg	ENSMUSG00000028124	Gclm	-0.2476006216466038	0.020757219892929737	0.10036844582610337	-0.1033006104362757	0.46026800103044396	0.6995092831490081	6	3	6	False	False	False	True
skin_hvg	ENSMUSG00000028128	F3	-0.018877600377422254	0.7903756566290688	0.862031778420672	0.009207509343336214	0.9169634317102325	0.9577280194170159	6	2	6	False	False	False	False
skin_hvg	ENSMUSG00000028148	Them5	-0.10060452125365771	0.2671317848089328	0.4323032206348774	-0.14839726136180417	0.264732874399643	0.5909715492757674	6	5	6	False	False	False	False
skin_hvg	ENSMUSG00000028150	Rorc	0.3599880047804076	0.00041794576318588815	0.020752230640567592	0.32174653233625977	0.05843171620472048	0.5869713003186572	6	6	6	True	False	True	True
skin_hvg	ENSMUSG00000028179	Cth	-0.49608605104493453	0.0048327231711206755	0.049747155529525716	-0.38653109613605857	0.09310388213915785	0.5869713003186572	6	5	6	True	False	True	True
skin_hvg	ENSMUSG00000028194	Ddah1	0.07207705695831734	0.509524118244501	0.6628792600223247	0.08511458518853414	0.27611106477707753	0.5909715492757674	6	3	6	False	False	False	False
skin_hvg	ENSMUSG00000028195	Ccn1	0.19353920304257866	0.2660088240019211	0.4311126005955188	0.23459000064650817	0.02757505459157455	0.5869713003186572	6	5	6	False	False	False	True
skin_hvg	ENSMUSG00000028211	Trp53inp1	-0.16842426868507765	0.17734651404023258	0.3347680022930433	-0.08681781510101505	0.5473890352206204	0.7517144485488968	6	2	6	False	False	False	False
skin_hvg	ENSMUSG00000028212	Ccne2	-0.40177796665150733	0.0025938663764942848	0.0435290012929335	-0.2542016395568079	0.14239791404377622	0.5869713003186572	6	4	6	True	False	True	True
skin_hvg	ENSMUSG00000028236	Sdr16c5	0.0829098759611755	0.46676862168438943	0.6264361139137942	0.04560924371432703	0.5469012931138787	0.7517144485488968	6	5	6	False	False	False	False
skin_hvg	ENSMUSG00000028238	Atp6v0d2	-0.4180737670108212	0.05586675228959541	0.17222422504748863	-0.1552911353393566	0.3730830594625089	0.6411763078714546	6	4	6	False	False	False	False
skin_hvg	ENSMUSG00000028270	Gbp2	0.17532752253977169	0.17532847658239056	0.3328241138165722	0.24114452462066596	0.11080478788728253	0.5869713003186572	6	5	6	False	False	False	False
skin_hvg	ENSMUSG00000028278	Rragd	0.4508094339929807	0.053405743801323034	0.16769067668434293	0.5669108227051844	0.159879784078168	0.5869713003186572	6	5	6	False	False	False	False
skin_hvg	ENSMUSG00000028289	Epha7	0.10924325493698062	0.39879926025968165	0.5676422827787485	0.06843426966002426	0.6493172005352448	0.8151691701805637	6	3	6	False	False	False	False
skin_hvg	ENSMUSG00000028312	Smc2	-0.3827534791122851	0.004232125369171454	0.0492712545850238	-0.23107070013782982	0.21033461405319998	0.5869713003186572	6	3	6	True	False	True	True
skin_hvg	ENSMUSG00000028328	Tmod1	0.31412669355646106	0.095777989185242	0.23240418517974273	0.3772987921435642	0.24176009507992144	0.5869713003186572	6	5	6	False	False	False	False
skin_hvg	ENSMUSG00000028339	Col15a1	0.009643245919111365	0.9309113945967287	0.9538378937966481	-0.12627510792506888	0.5696261767318651	0.7651014378605534	6	2	6	False	False	False	False
skin_hvg	ENSMUSG00000028341	Nr4a3	-0.06226939786325403	0.7156103509333884	0.8064750963961493	0.040082078167510936	0.6591089216314998	0.8225653784121488	6	3	6	False	False	False	False
skin_hvg	ENSMUSG00000028364	Tnc	-0.7330620031337185	0.0025897098698419163	0.0435290012929335	-0.556602857858234	0.18029732194562456	0.5869713003186572	6	4	6	True	False	True	True
skin_hvg	ENSMUSG00000028370		-0.2838275382417361	0.009949418540307757	0.06352449438944369	-0.1789907799107008	0.2840853836885652	0.5936141152037087	6	4	6	False	False	False	True
skin_hvg	ENSMUSG00000028381	Ugcg	-0.08215028109311895	0.3571439246807889	0.5287000871664459	-0.015413897332375784	0.7439299756125801	0.8645644612118528	6	4	6	False	False	False	False
skin_hvg	ENSMUSG00000028393	Alad	-0.14649488939331867	0.556873635795776	0.6981021033798899	-0.02227425839136569	0.8408688631462236	0.9153341287452862	6	2	6	False	False	False	False
skin_hvg	ENSMUSG00000028399		0.11542044211027847	0.25730716923137775	0.4215278235890577	0.0014959766795053693	0.9939412941055823	0.9955806225510166	6	3	6	False	False	False	False
skin_hvg	ENSMUSG00000028435	Aqp3	-0.17272139834778777	0.08912900340502486	0.223045889473477	-0.15003040992545	0.18512969836387103	0.5869713003186572	6	3	6	False	False	False	False
skin_hvg	ENSMUSG00000028444	Cntfr	-0.231200126988508	0.4275988557900214	0.5930026734104771	-0.25187759298102175	0.3803404617315442	0.6479349484420985	6	4	6	False	False	False	False
skin_hvg	ENSMUSG00000028459	Cd72	0.12787499999992757	0.28126510865950777	0.4482732817183057	0.21216991967014875	0.07188508909939571	0.5869713003186572	6	6	6	False	False	False	False
skin_hvg	ENSMUSG00000028464	Tpm2	0.3325047928178133	0.08978686599977645	0.22413046425194197	0.46987806386193015	0.2676514492037826	0.5909715492757674	6	5	6	False	False	False	False
skin_hvg	ENSMUSG00000028476	Reck	0.15281540350422063	0.19802451816608616	0.3575542158930145	0.0834002234426577	0.5093256949184515	0.7265167233943911	6	4	6	False	False	False	False
skin_hvg	ENSMUSG00000028517	Plpp3	0.2900873161474049	0.0003381610325406867	0.01875854394399309	0.21008358722061526	0.005511073629850523	0.5869713003186572	6	6	6	True	False	True	True
skin_hvg	ENSMUSG00000028518		0.3635540961303523	0.03149047207728181	0.12704337926935713	0.4061965056795991	0.16582858656790833	0.5869713003186572	6	5	6	False	False	False	True
skin_hvg	ENSMUSG00000028519	Dab1	0.14604268133486364	0.3292819800031118	0.4994408302173042	0.16198902832735262	0.2442676406580656	0.5869713003186572	6	3	6	False	False	False	False
skin_hvg	ENSMUSG00000028525	Pde4b	0.23432772210854935	0.016119287623781467	0.08723636147612897	0.30320457197231104	0.08445485930357093	0.5869713003186572	6	5	6	False	False	False	True
skin_hvg	ENSMUSG00000028527	Ak4	-0.1203784532537302	0.04198622155723629	0.14892803632291451	-0.008519804301443537	0.9235966177330736	0.9614256288662258	6	2	6	False	False	False	True
skin_hvg	ENSMUSG00000028528	Dnajc6	-0.04314838879642835	0.6176823225151815	0.7453242284367477	0.02683532805501887	0.7979337532064725	0.8942098889332241	6	2	6	False	False	False	False
skin_hvg	ENSMUSG00000028544	Slc5a9	0.06660043979002328	0.45284821099509787	0.6156146203929275	0.10794555765993212	0.24105208596869931	0.5869713003186572	6	4	6	False	False	False	False
skin_hvg	ENSMUSG00000028583	Pdpn	0.015448730753505835	0.8819906733423527	0.921616455603362	0.04322423933870242	0.515428479656661	0.7310445126948524	6	4	6	False	False	False	False
skin_hvg	ENSMUSG00000028599	Tnfrsf1b	0.2723160493606027	0.002961736647498355	0.044078281846389886	0.21796682716092564	0.02332308037155177	0.5869713003186572	6	6	6	True	False	True	True
skin_hvg	ENSMUSG00000028613	Lrp8	-0.3189531508606027	0.04159776109750821	0.1486348138540167	-0.23019729021079405	0.4087034078941106	0.6661378908390464	6	4	6	False	False	False	True
skin_hvg	ENSMUSG00000028626	Col9a2	0.1965723860284363	0.11502488020721004	0.2592066589198054	0.2020654046943197	0.08365631823549767	0.5869713003186572	6	5	6	False	False	False	False
skin_hvg	ENSMUSG00000028635	Edn2	-0.46415717002949375	0.020701978714944475	0.10034429974209737	-0.4574079947234075	0.0804153303645387	0.5869713003186572	6	5	6	False	False	False	True
skin_hvg	ENSMUSG00000028640	Tfap2c	-0.08796966882511725	0.14895643163605285	0.3026103702718185	-0.04515142034774774	0.5028615063073383	0.7219370439221816	6	4	6	False	False	False	False
skin_hvg	ENSMUSG00000028645	Slc2a1	0.10607090740512781	0.3737648804049595	0.5470113861081712	0.1673272964515847	0.26881136480775375	0.5909715492757674	6	4	6	False	False	False	False
skin_hvg	ENSMUSG00000028655		-0.25837378795693144	0.1252692035006532	0.2728054518983691	-0.28370217598695646	0.16862657846184995	0.5869713003186572	6	5	6	False	False	False	False
skin_hvg	ENSMUSG00000028678	Kif2c	-0.545671313672103	0.0035535932297217727	0.046996858806320395	-0.4001149391948607	0.2358257567722562	0.5869713003186572	6	3	6	True	False	True	True
skin_hvg	ENSMUSG00000028680	Plk3	-0.3295235655139708	0.0832926274272768	0.21462629286744747	-0.30630916996447466	0.15734031117876107	0.5869713003186572	6	4	6	False	False	False	False
skin_hvg	ENSMUSG00000028698	Pik3r3	-0.3888173826071908	0.023081614655152065	0.10719531271241552	-0.21112943159322173	0.311742893062259	0.6114453929860874	6	4	6	False	False	False	True
skin_hvg	ENSMUSG00000028713	Cyp4b1	0.2594788840192912	0.032135794403396714	0.12909202523417876	0.19685598792001477	0.16340988051576769	0.5869713003186572	6	5	6	False	False	False	True
skin_hvg	ENSMUSG00000028749	Pla2g2f	-0.12088034328990105	0.25320315228544604	0.4168563026496585	-0.11210934524927858	0.17939245737131587	0.5869713003186572	6	4	6	False	False	False	False
skin_hvg	ENSMUSG00000028756	Pink1	0.23679664456389027	0.10376544814383859	0.2449404254648294	0.1779409395313163	0.33778333852017756	0.6246482988515789	6	5	6	False	False	False	False
skin_hvg	ENSMUSG00000028766	Alpl	0.19195965454022623	0.09490213952882486	0.2310838499032521	0.30460153301588083	0.03787543928532796	0.5869713003186572	6	5	6	False	False	False	True
skin_hvg	ENSMUSG00000028773	Fabp3	0.6727535837905734	0.009291182713107764	0.06215642750053642	0.7687425238490596	0.2016676628804208	0.5869713003186572	6	5	6	False	False	False	True
skin_hvg	ENSMUSG00000028793	Rnf19b	-0.11143884365920798	0.15393266875592812	0.3080195786629143	-0.09893077084073794	0.2300186497335655	0.5869713003186572	6	5	6	False	False	False	False
skin_hvg	ENSMUSG00000028860	Sytl1	-0.10688298953219277	0.5896903923251735	0.7219811691325759	-0.08856319148155316	0.5364262829326772	0.7457602818596808	6	3	6	False	False	False	False
skin_hvg	ENSMUSG00000028864		0.09103464540687156	0.5658004310000829	0.7053080279070946	0.12902938766655989	0.5275779034706941	0.7383132958871592	6	3	6	False	False	False	False
skin_hvg	ENSMUSG00000028873	Cdca8	-0.4027460349921901	0.005750763157891965	0.05285464444776847	-0.3202369649386041	0.2126979078801488	0.5869713003186572	6	4	6	False	False	False	True
skin_hvg	ENSMUSG00000028874	Fgr	0.12117126574177073	0.3022072544633343	0.47371105742800523	0.11969893818397075	0.25361714830601134	0.5869713003186572	6	5	6	False	False	False	False
skin_hvg	ENSMUSG00000028893	Sesn2	-0.03723263282427158	0.749872352741897	0.8310183620563643	0.017612980620621926	0.8906635645547942	0.942583539171131	6	3	6	False	False	False	False
skin_hvg	ENSMUSG00000028909	Ptpru	0.03707377371079179	0.8414408079528815	0.8933318944614058	-0.03805861906843585	0.7367305872594224	0.8615005336405035	6	3	6	False	False	False	False
skin_hvg	ENSMUSG00000028919	Arhgef19	-0.1635948708495949	0.49791615955201624	0.6520252922133616	-0.18011391088574502	0.43741033226519804	0.6894304921338599	6	4	6	False	False	False	False
skin_hvg	ENSMUSG00000028927	Padi2	0.36663228426960526	0.16708827411209085	0.32053341345037983	0.2388250968643737	0.21065558797455494	0.5869713003186572	6	4	6	False	False	False	False
skin_hvg	ENSMUSG00000028937	Acot7	-0.20809225796020847	0.22082156024726454	0.38114144841295355	-0.11372075449004553	0.5849790169482183	0.7726465255465981	6	3	6	False	False	False	False
skin_hvg	ENSMUSG00000028965	Tnfrsf9	0.08902949359470735	0.4219770255339946	0.5894637441581758	0.15665961732495803	0.3531669308389538	0.6280270355168216	6	3	6	False	False	False	False
skin_hvg	ENSMUSG00000028972	Car6	-1.0644195786736885	0.0036042457872782463	0.04704365253068404	-0.7856556002474652	0.09990552943916405	0.5869713003186572	6	4	6	True	False	True	True
skin_hvg	ENSMUSG00000028976	Slc2a5	0.003744347811658777	0.9755558985572871	0.9827732962578911	-0.05378977592750892	0.6128422827802009	0.7927403879376062	6	2	6	False	False	False	False
skin_hvg	ENSMUSG00000029026	Trp73	0.07418383901099812	0.5183679029460697	0.6695063903787095	0.10575322548613213	0.4013481216540124	0.6632461406860252	6	3	6	False	False	False	False
skin_hvg	ENSMUSG00000029055	Plch2	0.0703062862501298	0.6223505611407469	0.7482444735689775	0.047168713481827496	0.6455286119277783	0.8151691701805637	6	3	6	False	False	False	False
skin_hvg	ENSMUSG00000029070	Mxra8	0.14637864479639795	0.0865717475943562	0.21910442251310477	0.08419356259970501	0.290416119456196	0.5936141152037087	6	3	6	False	False	False	False
skin_hvg	ENSMUSG00000029084	Cd38	0.45369318937799274	0.005715495646363396	0.05285464444776847	0.3423278864081811	0.05001385696699787	0.5869713003186572	6	5	6	False	False	False	True
skin_hvg	ENSMUSG00000029108	Pcdh7	-0.13727945142401232	0.01172481436054883	0.06989389336721198	-0.031345408619955016	0.7444754347452475	0.8645644612118528	6	4	6	False	False	False	True
skin_hvg	ENSMUSG00000029134	Plb1	-0.28804623473635704	0.16405871502337388	0.31932285955329204	-0.18734923248731597	0.4054411524492242	0.6652966158102718	6	4	6	False	False	False	False
skin_hvg	ENSMUSG00000029163	Emilin1	0.15962928967521872	0.4712535544051774	0.6307596167206028	0.02083708468626355	0.8140317379083554	0.9036250031145001	6	3	6	False	False	False	False
skin_hvg	ENSMUSG00000029177	Cenpa	-0.28643252019357046	0.028615116973676982	0.12054549955721244	-0.2220279295695621	0.2518766585597239	0.5869713003186572	6	4	6	False	False	False	True
skin_hvg	ENSMUSG00000029188	Slc34a2	-0.7776430881664007	0.00014584114981957812	0.013238398917713522	-0.6396475324523329	0.08132395206272479	0.5869713003186572	6	4	6	True	False	True	True
skin_hvg	ENSMUSG00000029223	Uchl1	0.09324384767298177	0.49607304554636583	0.6520252922133616	-0.08025801937819001	0.1330408887077785	0.5869713003186572	6	4	6	False	False	False	False
skin_hvg	ENSMUSG00000029231	Pdgfra	0.11195099724506363	0.2809707086222332	0.448161745302396	0.08194091351402004	0.5419345673761916	0.7483314704862921	6	4	6	False	False	False	False
skin_hvg	ENSMUSG00000029287	Tgfbr3	0.2528046228143985	0.0007231931960421933	0.026506079147039688	0.20335861281197745	0.04292256339847845	0.5869713003186572	6	5	6	True	False	True	True
skin_hvg	ENSMUSG00000029304	Spp1	0.18435540983284504	0.38233891693564975	0.5559719382926259	0.2613189735287645	0.19642569102934998	0.5869713003186572	6	5	6	False	False	False	False
skin_hvg	ENSMUSG00000029309	Sparcl1	0.17887124811899469	0.0778354612095457	0.20752659016750702	0.1236259602558653	0.44228302265122393	0.6928705015345237	6	4	6	False	False	False	False
skin_hvg	ENSMUSG00000029321	Slc10a6	-0.1905949822368065	0.02978267402813568	0.12336693865067644	-0.1926032213076058	0.06434427935778239	0.5869713003186572	6	5	6	False	False	False	True
skin_hvg	ENSMUSG00000029322	Plac8	0.37992501327307693	0.03222406075801778	0.12909202523417876	0.45012778741209275	0.06866073212689856	0.5869713003186572	6	5	6	False	False	False	True
skin_hvg	ENSMUSG00000029337	Fgf5	-0.7662295644956609	0.02034247086901136	0.0996439534831209	-0.40650018305829166	0.3775607440083336	0.6460915216663602	6	3	6	False	False	False	True
skin_hvg	ENSMUSG00000029371	Cxcl5	-0.24985451560349697	0.06331434854158087	0.18431305253285277	-0.15517544613272186	0.38478763674517874	0.6485711030503555	6	5	6	False	False	False	False
skin_hvg	ENSMUSG00000029372	Ppbp	0.14246396984825438	0.11382082143051216	0.25741809784454445	0.0024150176576026583	0.9881279228055284	0.9951041159065256	6	4	6	False	False	False	False
skin_hvg	ENSMUSG00000029373	Pf4	0.1646481640655919	0.28293559685856834	0.4498585883173256	0.029663618079163772	0.8712591030524973	0.9329246267001808	6	3	6	False	False	False	False
skin_hvg	ENSMUSG00000029377	Ereg	-0.3565594271103816	0.00771990607001588	0.0576942858062094	-0.2917525954275135	0.01562432110733252	0.5869713003186572	6	6	6	False	False	False	True
skin_hvg	ENSMUSG00000029378	Areg	-0.3509587444154345	0.04065221739383936	0.1473366209355666	-0.12367042250010048	0.5691592843033281	0.7651014378605534	6	4	6	False	False	False	True
skin_hvg	ENSMUSG00000029379	Cxcl3	-0.11749913924720515	0.14243023547662909	0.29474940958220547	-0.06922764984444857	0.23451059488999654	0.5869713003186572	6	4	6	False	False	False	False
skin_hvg	ENSMUSG00000029380	Cxcl1	-0.1296888265433096	0.5654666654498886	0.7053080279070946	0.05730210129082016	0.7342485651274681	0.8605013993894094	6	3	6	False	False	False	False
skin_hvg	ENSMUSG00000029413	Naaa	0.05490222790962829	0.49740004766198237	0.6520252922133616	-0.0009793125076294669	0.994083600199351	0.9955806225510166	6	3	6	False	False	False	False
skin_hvg	ENSMUSG00000029414	Kntc1	-0.4593661982095085	0.0007926344880889339	0.02723519734690054	-0.33550140493971164	0.19769003226469362	0.5869713003186572	6	3	6	True	False	True	True
skin_hvg	ENSMUSG00000029417	Cxcl9	0.24825939652411488	0.16179332145418485	0.3178723848179387	0.30074316638954635	0.1387356254845761	0.5869713003186572	6	5	6	False	False	False	False
skin_hvg	ENSMUSG00000029468	P2rx7	0.014593848028957801	0.7647216088976228	0.8420330431618493	0.012269748700468597	0.6152537502465324	0.7937091338774711	6	3	6	False	False	False	False
skin_hvg	ENSMUSG00000029482	Aacs	0.06978289791287473	0.6764317483142891	0.7802290729220974	0.026712623676658758	0.6563184513261623	0.8201927079463993	6	4	6	False	False	False	False
skin_hvg	ENSMUSG00000029541	Cyp2w1	0.2475516442340444	0.2935923173891334	0.46311521155300106	0.12882444087448663	0.3581070578555266	0.630886975248091	6	3	6	False	False	False	False
skin_hvg	ENSMUSG00000029636	Wasf3	0.08769417642499366	0.3061612312148954	0.4772864783264216	0.07769812461032262	0.14146365638045594	0.5869713003186572	6	4	6	False	False	False	False
skin_hvg	ENSMUSG00000029648	Flt1	0.3558417040064423	7.387836945484752e-06	0.004917836793377683	0.32479735296998397	0.016588447502998517	0.5869713003186572	6	5	6	True	False	True	True
skin_hvg	ENSMUSG00000029657	Hsph1	0.0368269220864299	0.6118954656021122	0.7401303723848686	0.1156487344461472	0.38471313556710884	0.6485711030503555	6	4	6	False	False	False	False
skin_hvg	ENSMUSG00000029661	Col1a2	-0.012083511352535936	0.9597653555015213	0.9739082392970214	-0.5018987732350025	0.3056238057142421	0.6048867591787328	6	3	6	False	False	False	False
skin_hvg	ENSMUSG00000029671	Wnt16	0.18489024729347303	0.3296259460322518	0.4994408302173042	0.08535442373380953	0.7160859569231076	0.8542554695193822	6	3	6	False	False	False	False
skin_hvg	ENSMUSG00000029673		0.13284865776668475	0.052340988562468965	0.16651747246143705	0.08700021535773006	0.33811226863453725	0.6246482988515789	6	4	6	False	False	False	False
skin_hvg	ENSMUSG00000029675	Eln	0.2837163986162228	0.04775730898569028	0.1588142067649391	0.07604677413913692	0.48890604678304306	0.7142248540056598	6	3	6	False	False	False	True
skin_hvg	ENSMUSG00000029718	Pcolce	0.025763971971657362	0.8748396759917627	0.917429638362994	-0.22357862049230462	0.4740407221564449	0.7040241088772735	6	2	6	False	False	False	False
skin_hvg	ENSMUSG00000029727	Cyp3a13	0.13641087100072724	0.2639878293968201	0.42858562623040847	0.1489620361166426	0.2331812511276027	0.5869713003186572	6	4	6	False	False	False	False
skin_hvg	ENSMUSG00000029730	Mcm7	-0.19143369341094907	0.07695821447476323	0.20705690876386784	-0.11665437685230524	0.4372672121488352	0.6894304921338599	6	4	6	False	False	False	False
skin_hvg	ENSMUSG00000029761	Cald1	-0.1462820400042002	0.1829991148516673	0.34089826491303366	0.004475827732979572	0.9700076368606603	0.9883190055156829	6	3	6	False	False	False	False
skin_hvg	ENSMUSG00000029762	Akr1b8	-0.04469911313116448	0.6011280767600118	0.730908881958645	-0.014805672898939637	0.8728255779132884	0.933600792229693	6	2	6	False	False	False	False
skin_hvg	ENSMUSG00000029765	Plxna4	0.20356416945830436	0.008027606446004728	0.058916863488169074	0.10568263566824809	0.43830660442875724	0.6897543648890688	6	3	6	False	False	False	True
skin_hvg	ENSMUSG00000029778	Adcyap1r1	0.4074182184332926	0.010259655683293744	0.06422737429322134	0.22982180459070975	0.34308709417690997	0.6246482988515789	6	3	6	False	False	False	True
skin_hvg	ENSMUSG00000029816	Gpnmb	-0.5093295695330173	0.01890389846614782	0.09544753831506594	-0.4072681774314493	0.20678779898239513	0.5869713003186572	6	4	6	False	False	False	True
skin_hvg	ENSMUSG00000029838	Ptn	-0.0655825246348698	0.5589867560774031	0.7003115131032459	0.010877064644871334	0.8774257787880325	0.9355148319485856	6	3	6	False	False	False	False
skin_hvg	ENSMUSG00000029859	Epha1	-0.25050033606583355	0.04731724434085303	0.15827895636295392	-0.18105292934026407	0.2174861239438912	0.5869713003186572	6	4	6	False	False	False	True
skin_hvg	ENSMUSG00000029869	Ephb6	-0.014454031657731292	0.9363644595996894	0.9581700296798296	-0.03781223781605133	0.6671035204633017	0.8229778352110126	6	3	6	False	False	False	False
skin_hvg	ENSMUSG00000029910	Mad2l1	-0.34560155453518515	0.009464688271775695	0.06215642750053642	-0.2018504713486767	0.33354542534633014	0.6225142190809545	6	3	6	False	False	False	True
skin_hvg	ENSMUSG00000029919	Hpgds	-0.018197596918938075	0.9115118664776072	0.9422421169910965	0.10946717505517893	0.11547079404817305	0.5869713003186572	6	5	6	False	False	False	False
skin_hvg	ENSMUSG00000029999	Tgfa	-0.3421668306276704	0.007090343810833827	0.0561398163450692	-0.23483190820084246	0.15617373432625095	0.5869713003186572	6	5	6	False	False	False	True
skin_hvg	ENSMUSG00000030000	Add2	-0.2471561592846241	0.17892599085916586	0.33677254760807557	-0.16158232038788448	0.3728725895981953	0.6411763078714546	6	4	6	False	False	False	False
skin_hvg	ENSMUSG00000030022	Adamts9	-0.11715763707760019	0.20165915088443484	0.36150208645979925	-0.12093751983665187	0.42551047980556195	0.6854986996621343	6	3	6	False	False	False	False
skin_hvg	ENSMUSG00000030029	Lrig1	-0.11102673705521404	0.2516877812830642	0.415045829250437	-0.036276968119613194	0.7188402612501316	0.8557970384749141	6	3	6	False	False	False	False
skin_hvg	ENSMUSG00000030055	Rab43	0.12614271170220892	0.5610423273976193	0.7024460989423484	-0.042424473652211546	0.5590275536019108	0.7608833421644108	6	3	6	False	False	False	False
skin_hvg	ENSMUSG00000030088	Aldh1l1	-0.05185417517779811	0.7041331971934206	0.7980442649235306	-0.06967195531746813	0.6493364186801998	0.8151691701805637	6	3	6	False	False	False	False
skin_hvg	ENSMUSG00000030091	Nup210	-0.14587046315410568	0.3324820257324303	0.5026242281511455	-0.03826819028853956	0.8737320781029688	0.9340701070511931	6	4	6	False	False	False	False
skin_hvg	ENSMUSG00000030093	Wnt7a	0.21351020012462718	0.03977617488054412	0.14643499631595766	0.16987236573113473	0.215783661393535	0.5869713003186572	6	5	6	False	False	False	True
skin_hvg	ENSMUSG00000030096	Slc6a6	-0.1352326628144489	0.10608532363665321	0.24763090188729356	-0.1355180331210374	0.14556625663157421	0.5869713003186572	6	4	6	False	False	False	False
skin_hvg	ENSMUSG00000030102	Itpr1	0.3027202235348909	1.1596649132591107e-06	0.0023158508317784442	0.2542504882896841	0.030813225924602148	0.5869713003186572	6	5	6	True	False	True	True
skin_hvg	ENSMUSG00000030107	Usp18	0.29021380572463773	0.0014772767037435387	0.036331570417362964	0.20821840777050524	0.03272537814880962	0.5869713003186572	6	6	6	True	False	True	True
skin_hvg	ENSMUSG00000030110	Ret	-0.2688043019852584	0.16208757510325167	0.3178723848179387	-0.24201557219151212	0.1666938582843025	0.5869713003186572	6	4	6	False	False	False	False
skin_hvg	ENSMUSG00000030116	Mfap5	0.02374350426950933	0.8366670275290711	0.8918728026713036	-0.03208441487607431	0.8342270354031853	0.9140365901440127	6	3	6	False	False	False	False
skin_hvg	ENSMUSG00000030123	Plxnd1	0.29996238379060713	0.04231160471484995	0.14981608974389246	0.14690177024329168	0.12461844503148076	0.5869713003186572	6	4	6	False	False	False	True
skin_hvg	ENSMUSG00000030137	Tuba8	0.027889133031879787	0.7989349307858341	0.8661634401624922	0.053758761347576435	0.6256494524171603	0.7998860156703387	6	3	6	False	False	False	False
skin_hvg	ENSMUSG00000030142	Clec4e	-0.16636731839788066	0.41964067440616915	0.5872616866076523	-0.050703704220074274	0.7409374397902466	0.8637782062236559	6	4	6	False	False	False	False
skin_hvg	ENSMUSG00000030144	Clec4d	0.009945824661047098	0.9527828665319125	0.9686332575256437	0.10009911665970798	0.3997954589355919	0.6632461406860252	6	4	6	False	False	False	False
skin_hvg	ENSMUSG00000030161	Gabarapl1	0.11722117730831894	0.05130659554530624	0.16516473848709282	0.14795754295401156	0.09166457917017053	0.5869713003186572	6	5	6	False	False	False	False
skin_hvg	ENSMUSG00000030162	Olr1	-0.06928342580924962	0.6608294184577628	0.7727468152342478	0.05562000653765357	0.493295677084074	0.7150402987867941	6	3	6	False	False	False	False
skin_hvg	ENSMUSG00000030214	Plbd1	-0.18805725736735113	0.007182659031700151	0.05625007876982432	-0.09899123378140857	0.2656223274609933	0.5909715492757674	6	5	6	False	False	False	True
skin_hvg	ENSMUSG00000030217	Art4	0.048431529172808574	0.39222296100783655	0.5610811268858522	0.06445797955881183	0.2987472230484095	0.5976364723489961	6	5	6	False	False	False	False
skin_hvg	ENSMUSG00000030220	Arhgdib	0.022383456262902612	0.7883541791454243	0.8602968829253619	0.03458000605934567	0.43001360995408566	0.6857785714958604	6	4	6	False	False	False	False
skin_hvg	ENSMUSG00000030246	Ldhb	0.028880359687414092	0.8016577265144794	0.867232112594483	0.13950409259096772	0.3193315622397163	0.6168051741066476	6	4	6	False	False	False	False
skin_hvg	ENSMUSG00000030249	Abcc9	0.30999429049025906	0.01944252608886433	0.09660484833322967	0.27358820715440535	0.19544887529996866	0.5869713003186572	6	5	6	False	False	False	True
skin_hvg	ENSMUSG00000030255	Sspn	0.1871470550646288	0.0347832550858959	0.13386056241440342	0.1422630349734654	0.2671608402475183	0.5909715492757674	6	4	6	False	False	False	True
skin_hvg	ENSMUSG00000030257	Srgap3	0.03654636599397065	0.5654677598238885	0.7053080279070946	-0.01349512643633144	0.8323625288886941	0.9140365901440127	6	2	6	False	False	False	False
skin_hvg	ENSMUSG00000030268	Bcat1	0.33594132176841285	0.04651041982179484	0.15704070376978108	0.03488338395669325	0.9046245058927439	0.9493090584696844	6	4	6	False	False	False	True
skin_hvg	ENSMUSG00000030278	Cidec	0.27680589807939526	0.11199454752024106	0.2553117710021934	0.30374458544442984	0.19683763496972662	0.5869713003186572	6	5	6	False	False	False	False
skin_hvg	ENSMUSG00000030287	Itpr2	0.05329852142297753	0.4771920771846491	0.636164043607052	0.09128931448470201	0.1328494550027818	0.5869713003186572	6	5	6	False	False	False	False
skin_hvg	ENSMUSG00000030303	Far2	-0.18788224346204707	0.33890904976145586	0.5102732078086659	-0.09888209481573658	0.3431764522417688	0.6246482988515789	6	4	6	False	False	False	False
skin_hvg	ENSMUSG00000030340	Scnn1a	-0.02966894518978691	0.7882146097380794	0.8602968829253619	-0.026293616632786804	0.7797485089797305	0.8837444792466072	6	3	6	False	False	False	False
skin_hvg	ENSMUSG00000030399	Ckm	0.44091760093528976	0.19799280354675447	0.3575542158930145	0.5114600449297292	0.35816390491886263	0.630886975248091	6	5	6	False	False	False	False
skin_hvg	ENSMUSG00000030409	Dmpk	0.07514414435616867	0.5885281585487032	0.7219811691325759	0.04941109811734027	0.47955045622841175	0.7069653511158883	6	3	6	False	False	False	False
skin_hvg	ENSMUSG00000030450	Oca2	-1.0800192267449358	0.009669607699671203	0.06269547589689413	-0.7114609059154238	0.2948911105845978	0.5971645780872262	6	3	6	False	False	False	True
skin_hvg	ENSMUSG00000030483	Cyp2b10	0.06407955639455398	0.6613041097823383	0.7727468152342478	0.10448062374860283	0.2219488185641074	0.5869713003186572	6	5	6	False	False	False	False
skin_hvg	ENSMUSG00000030484		-0.26832405766805323	0.004292689344186483	0.0492712545850238	-0.18307021736107712	0.14833252476073872	0.5869713003186572	6	4	6	True	False	True	True
skin_hvg	ENSMUSG00000030510	Cers3	-0.2612645064276915	0.0008923521399479952	0.028323090183901604	-0.1567147008353622	0.11403164225524248	0.5869713003186572	6	5	6	True	False	True	True
skin_hvg	ENSMUSG00000030513	Pcsk6	-0.02926387875659131	0.6928587216865916	0.7906711531612391	-0.08922945166693481	0.142776680946074	0.5869713003186572	6	4	6	False	False	False	False
skin_hvg	ENSMUSG00000030523	Trpm1	-1.0079202977378996	0.004473375165621343	0.0492712545850238	-0.6812812534957774	0.23101673055493704	0.5869713003186572	6	4	6	True	False	True	True
skin_hvg	ENSMUSG00000030530	Furin	-0.006152807221218026	0.9689450508774108	0.980234684195638	-0.060573941012786126	0.5690084393744899	0.7651014378605534	6	5	6	False	False	False	False
skin_hvg	ENSMUSG00000030551	Nr2f2	0.36423352499618744	0.00020818248366727125	0.015397793329020026	0.28291019035826137	0.05092851800448	0.5869713003186572	6	5	6	True	False	True	True
skin_hvg	ENSMUSG00000030560	Ctsc	-0.247594292243571	0.07555590273317545	0.20555947895739102	-0.1669807310624926	0.23891727791535108	0.5869713003186572	6	4	6	False	False	False	False
skin_hvg	ENSMUSG00000030562	Nox4	0.17747320379915088	0.31416768723841904	0.48484765951709646	0.11889171373117986	0.6000731653084153	0.7842579261262469	6	4	6	False	False	False	False
skin_hvg	ENSMUSG00000030579	Tyrobp	0.12648420870512922	0.3780001409450837	0.551399767324567	0.053632529032183296	0.6498494336141499	0.8151691701805637	6	4	6	False	False	False	False
skin_hvg	ENSMUSG00000030589	Rasgrp4	0.24533156395468936	0.038907280697224454	0.1446887142501997	0.14957217259467592	0.03048564801406178	0.5869713003186572	6	6	6	False	False	False	True
skin_hvg	ENSMUSG00000030592	Ryr1	0.5232244707301934	0.05935627412457744	0.1763137195910068	0.5753778507759334	0.20938909166685063	0.5869713003186572	6	5	6	False	False	False	False
skin_hvg	ENSMUSG00000030605	Mfge8	0.19449521534604308	0.1676836363506932	0.3213668155396682	0.1705439094983944	0.08581204836091155	0.5869713003186572	6	5	6	False	False	False	False
skin_hvg	ENSMUSG00000030607	Acan	-0.8813007585077308	0.007545591295151924	0.057397080652283966	-0.8657495332319769	0.11071306644882288	0.5869713003186572	6	5	6	False	False	False	True
skin_hvg	ENSMUSG00000030616	Sytl2	-0.5170668282955351	0.028113114950887988	0.11982237550674701	-0.3026142474818522	0.3625342768866107	0.6322736996588836	6	4	6	False	False	False	True
skin_hvg	ENSMUSG00000030672	Mylpf	0.4447842409791125	0.10920110509620609	0.25210937211228157	0.5442026958443463	0.29255325263114207	0.5943324979698786	6	5	6	False	False	False	False
skin_hvg	ENSMUSG00000030677	Kif22	-0.43562181043448245	0.013865423516850375	0.07735068100173678	-0.3452838940689693	0.2132725760774547	0.5869713003186572	6	3	6	False	False	False	True
skin_hvg	ENSMUSG00000030680	Pagr1a	-0.2529753739006395	0.42486746033713896	0.5912615458489662	-0.2239038164537092	0.4284073040253101	0.6857785714958604	6	3	6	False	False	False	False
skin_hvg	ENSMUSG00000030711	Sult1a1	0.19539311654827163	0.10588380990338449	0.24763090188729356	0.1451684824868226	0.5019117586156502	0.7215317980224437	6	5	6	False	False	False	False
skin_hvg	ENSMUSG00000030713	Klk7	-0.3757581527411542	0.00011432528585386979	0.012316317430220719	-0.26052500374487825	0.09945331482770257	0.5869713003186572	6	5	6	True	False	True	True
skin_hvg	ENSMUSG00000030730	Atp2a1	0.5611917367777615	0.06040589074096336	0.17770297491899573	0.613622270250822	0.23997690507526598	0.5869713003186572	6	5	6	False	False	False	False
skin_hvg	ENSMUSG00000030737	Slco2b1	0.3381119718346177	0.0037543331204315145	0.047765057018286095	0.22012081005759013	0.12846720731445957	0.5869713003186572	6	5	6	True	False	True	True
skin_hvg	ENSMUSG00000030739	Myh14	-0.040838964874350125	0.8441184198837072	0.8947476032419125	-0.030740690236968977	0.8756260526441324	0.9346944454432177	6	3	6	False	False	False	False
skin_hvg	ENSMUSG00000030747	Dgat2	0.11000250176237536	0.3888975106774199	0.5582512804054023	0.04561744818763932	0.6983953417162108	0.8442466691327318	6	3	6	False	False	False	False
skin_hvg	ENSMUSG00000030748	Il4ra	0.208102551185684	0.046798629024170826	0.15760010482507444	0.22951735314580102	0.048787813588506264	0.5869713003186572	6	5	6	False	False	False	True
skin_hvg	ENSMUSG00000030761	Myo7a	0.0021522439198582433	0.9883151948655822	0.9927894588262413	-0.12745784360482468	0.15109978841819802	0.5869713003186572	6	3	6	False	False	False	False
skin_hvg	ENSMUSG00000030785	Cox6a2	0.5446349321661748	0.07171301152374263	0.19884932459774107	0.6099296058880416	0.2398083580727092	0.5869713003186572	6	5	6	False	False	False	False
skin_hvg	ENSMUSG00000030786	Itgam	-0.02866017478488736	0.8144437929622893	0.8779338075606999	-0.06565099846813933	0.730848907711567	0.8595456393493699	6	3	6	False	False	False	False
skin_hvg	ENSMUSG00000030787	Lyve1	0.21961750938402602	0.15977572264448422	0.3162260833706987	0.10114437774574074	0.5813915415727646	0.7712098634701623	6	3	6	False	False	False	False
skin_hvg	ENSMUSG00000030789	Itgax	0.03351005606846691	0.7773372702402032	0.8524670668147643	0.09028049751020051	0.3227735205244308	0.6176287484617111	6	3	6	False	False	False	False
skin_hvg	ENSMUSG00000030790	Adm	0.2868433221567237	0.01896725354157538	0.09544753831506594	0.23782566024453722	0.17896380266924194	0.5869713003186572	6	4	6	False	False	False	True
skin_hvg	ENSMUSG00000030793	Pycard	0.007604669342157422	0.9519743108543879	0.9686332575256437	-0.0016083094560728206	0.9758331075231976	0.9908155504590652	6	3	6	False	False	False	False
skin_hvg	ENSMUSG00000030830	Itgal	0.20033749197563466	0.08833670538407262	0.22217682701762345	0.20631402565075105	0.21716861348844027	0.5869713003186572	6	4	6	False	False	False	False
skin_hvg	ENSMUSG00000030847	Bag3	0.11584177854615785	0.09500242402131695	0.2310838499032521	0.10335920987904339	0.288478280599444	0.5936141152037087	6	4	6	False	False	False	False
skin_hvg	ENSMUSG00000030867	Plk1	-0.3747313035004227	0.05397258585769873	0.1686159574646554	-0.29092768300045607	0.34026964371679747	0.6246482988515789	6	3	6	False	False	False	False
skin_hvg	ENSMUSG00000030905	Crym	-1.342345391895062	0.007141734022257094	0.056149774970265416	-1.1121051375121078	0.10589764122264093	0.5869713003186572	6	4	6	False	False	False	True
skin_hvg	ENSMUSG00000030930	Chst15	0.1130743338514062	0.07508137864668962	0.20493290451840646	0.11697119428891023	0.2556923710302727	0.5869713003186572	6	5	6	False	False	False	False
skin_hvg	ENSMUSG00000030946	Lhpp	0.19828289747402117	0.24924938984448342	0.4123579415382227	0.18377817210853	0.05065598789877306	0.5869713003186572	6	5	6	False	False	False	False
skin_hvg	ENSMUSG00000030978	Rrm1	-0.24699851602571243	0.005220403302729445	0.05125498191917169	-0.1438191006306647	0.30113192222795554	0.5995617633990302	6	3	6	False	False	False	True
skin_hvg	ENSMUSG00000031016	Wee1	-0.28116737240882106	0.030554365961140643	0.12497087077050781	-0.2439914090345646	0.1333105401632851	0.5869713003186572	6	5	6	False	False	False	True
skin_hvg	ENSMUSG00000031024	Denn2b	0.07086901877256402	0.3003752222083047	0.47157965310533373	0.0782943556214728	0.276795816786212	0.5909715492757674	6	4	6	False	False	False	False
skin_hvg	ENSMUSG00000031075	Ano1	0.10339737486538958	0.2722009717996649	0.43838534801353113	0.08572658939242661	0.46589713035428104	0.6995462927199243	6	4	6	False	False	False	False
skin_hvg	ENSMUSG00000031089	Slc6a14	-0.08505761135241485	0.5175210358795124	0.669358490059188	0.0042790621598141065	0.9614595037773385	0.98424547733545	6	2	6	False	False	False	False
skin_hvg	ENSMUSG00000031097	Tnni2	0.5085087192796838	0.07775885523855021	0.20752659016750702	0.6315175709423917	0.27371949745143126	0.5909715492757674	6	5	6	False	False	False	False
skin_hvg	ENSMUSG00000031112	Stk26	-0.29025737112456795	0.02644508156220645	0.11530748445355082	-0.12405885248762043	0.44711167060412216	0.6956738118780432	6	4	6	False	False	False	True
skin_hvg	ENSMUSG00000031119	Gpc4	-0.05578681490395265	0.3830392387834964	0.5559719382926259	-0.008141144805368613	0.9205619744799507	0.9604818511162285	6	4	6	False	False	False	False
skin_hvg	ENSMUSG00000031209	Heph	-0.11052820385230433	0.14566693299298977	0.29989367545051604	-0.04249955180037709	0.502171099217472	0.7215317980224437	6	3	6	False	False	False	False
skin_hvg	ENSMUSG00000031216	Stard8	0.19105746398974954	0.028672564992326444	0.12054549955721244	0.08352681029736682	0.43274742505327407	0.687065698626669	6	3	6	False	False	False	True
skin_hvg	ENSMUSG00000031217	Efnb1	-0.023109715759339622	0.8985127022842528	0.933088854114224	-0.016747587512139155	0.9241612733125225	0.9614256288662258	6	3	6	False	False	False	False
skin_hvg	ENSMUSG00000031273	Col4a6	0.18834824662113725	0.5102118390684702	0.6633418246222234	0.028141032214880585	0.792285856101763	0.8912533004048985	6	3	6	False	False	False	False
skin_hvg	ENSMUSG00000031274	Col4a5	-0.06674713431643031	0.23821287108998773	0.4021226572837747	-0.044079747334438014	0.45495400783248363	0.6970877244787581	6	5	6	False	False	False	False
skin_hvg	ENSMUSG00000031278	Acsl4	-0.05340402661225063	0.6474298497458365	0.763142131059696	0.058392367946835666	0.1543038583038662	0.5869713003186572	6	5	6	False	False	False	False
skin_hvg	ENSMUSG00000031283	Chrdl1	0.32325379047348957	0.07157515951600592	0.19879776572109015	0.3502063142087544	0.2531529254245243	0.5869713003186572	6	5	6	False	False	False	False
skin_hvg	ENSMUSG00000031284	Pak3	-0.041903080840841156	0.6902016020843696	0.7901605159377234	0.044807230574517	0.5211196508320599	0.7339969559027543	6	3	6	False	False	False	False
skin_hvg	ENSMUSG00000031304	Il2rg	0.19965810785725857	0.09618451758948532	0.2324691611817514	0.26356557111409523	0.06324363001915695	0.5869713003186572	6	6	6	False	False	False	False
skin_hvg	ENSMUSG00000031375	Bgn	-0.09773880204684282	0.25957156131709336	0.42386292262252284	-0.11815848824937565	0.34421817459424203	0.6246482988515789	6	4	6	False	False	False	False
skin_hvg	ENSMUSG00000031380	Vegfd	0.12315671983591159	0.16616153060249392	0.3202904663401389	0.10632834584507449	0.2894826908287963	0.5936141152037087	6	5	6	False	False	False	False
skin_hvg	ENSMUSG00000031431	Tsc22d3	-0.06165389658671927	0.6416949602550729	0.7593745186059062	-0.11694547142087834	0.664131131325909	0.8225653784121488	6	3	6	False	False	False	False
skin_hvg	ENSMUSG00000031442	Mcf2l	0.13253970326566122	0.2132442865277936	0.37420811968014395	0.11701513509160459	0.28131697019678814	0.5932312454941773	6	5	6	False	False	False	False
skin_hvg	ENSMUSG00000031444	F10	0.0014536484155265317	0.9896949700769603	0.9931763091676832	0.003849677422806841	0.9626999438567222	0.98441548270238	6	3	6	False	False	False	False
skin_hvg	ENSMUSG00000031451	Gas6	0.2829253416126978	0.040162990858908974	0.14678499293505723	0.22107907927107875	0.13471045678583443	0.5869713003186572	6	5	6	False	False	False	True
skin_hvg	ENSMUSG00000031453	Rasa3	0.2750233763730776	0.0004931389790902467	0.021884412027627167	0.25042310908273474	0.019300360154655152	0.5869713003186572	6	5	6	True	False	True	True
skin_hvg	ENSMUSG00000031465	Angpt2	0.23974469947869714	0.0024671413292069746	0.0435290012929335	0.20579859646782314	0.13440210783913992	0.5869713003186572	6	4	6	True	False	True	True
skin_hvg	ENSMUSG00000031480	Thsd1	0.06389074222458557	0.3568266461856235	0.5286222644159422	0.10483272824840577	0.3129461661809026	0.6120994063303257	6	4	6	False	False	False	False
skin_hvg	ENSMUSG00000031489	Adrb3	0.11675764154679413	0.4287057368121472	0.5936740355866597	0.10972471657038059	0.49972737546686485	0.7210661624330412	6	5	6	False	False	False	False
skin_hvg	ENSMUSG00000031502	Col4a1	0.0850734637583681	0.4789144154475204	0.6375947250991321	0.0481570013962053	0.5559149390844558	0.7588257917646332	6	4	6	False	False	False	False
skin_hvg	ENSMUSG00000031503	Col4a2	0.10533315608964955	0.5050427382173783	0.6596274350687408	0.03304110326809706	0.6910939352231567	0.8389754338240996	6	4	6	False	False	False	False
skin_hvg	ENSMUSG00000031523	Dlc1	0.2872557191820313	7.841660307487379e-05	0.012316317430220719	0.1826674795128215	0.12485816748415711	0.5869713003186572	6	4	6	True	False	True	True
skin_hvg	ENSMUSG00000031530	Dusp4	0.039115788183696765	0.7160843535031535	0.8065541195407769	0.16502000255426985	0.2903722934042965	0.5936141152037087	6	4	6	False	False	False	False
skin_hvg	ENSMUSG00000031538	Plat	-0.035828570032331974	0.709171879930911	0.8019344531268568	-0.005471873995116579	0.9234898469265544	0.9614256288662258	6	2	6	False	False	False	False
skin_hvg	ENSMUSG00000031558	Slit2	-0.08852937805562888	0.47931066004777517	0.6376971273253877	-0.014399763761394032	0.6478074341531204	0.8151691701805637	6	4	6	False	False	False	False
skin_hvg	ENSMUSG00000031565	Fgfr1	0.16483427358819291	0.024583090626339312	0.1103200718669654	0.0859218042854583	0.15875788353240813	0.5869713003186572	6	4	6	False	False	False	True
skin_hvg	ENSMUSG00000031604	Msmo1	-0.11306554954283676	0.28616397903605684	0.4528284200752817	-0.07147354056318218	0.4067752132408111	0.6653450045347296	6	4	6	False	False	False	False
skin_hvg	ENSMUSG00000031613	Hpgd	-0.0365258111722202	0.7078164771961354	0.800855243603786	-0.11189936337989777	0.40313631734673466	0.6632461406860252	6	4	6	False	False	False	False
skin_hvg	ENSMUSG00000031616	Ednra	-0.030505225050563745	0.535158006324107	0.6815755986155878	-0.02088184735915914	0.7638688596286298	0.8720965901213605	6	3	6	False	False	False	False
skin_hvg	ENSMUSG00000031659	Adcy7	-0.0035968989704802112	0.960608085069686	0.9742683320894682	-0.011208574583213485	0.7893191173152053	0.8912533004048985	6	3	6	False	False	False	False
skin_hvg	ENSMUSG00000031673	Cdh11	-0.23931335138488752	0.08868530563808759	0.22277302560913323	-0.14128911395014265	0.32319653663775755	0.6176287484617111	6	3	6	False	False	False	False
skin_hvg	ENSMUSG00000031700	Gpt2	0.11164805640634867	0.09629108502271747	0.2324691611817514	0.10875601107414361	0.1836089265590286	0.5869713003186572	6	5	6	False	False	False	False
skin_hvg	ENSMUSG00000031722	Hp	-0.05443819723509691	0.8192623397609804	0.8815015584604946	-0.197964944825438	0.45092694585596066	0.6970877244787581	6	3	6	False	False	False	False
skin_hvg	ENSMUSG00000031740	Mmp2	0.2434029402789566	0.13548770843757446	0.2860043270225301	-0.028829709810245834	0.8316493488132474	0.9140365901440127	6	3	6	False	False	False	False
skin_hvg	ENSMUSG00000031750	Il34	0.24424552904882635	0.09841736984476025	0.23515701036048173	0.20430799777526212	0.1551997529448202	0.5869713003186572	6	4	6	False	False	False	False
skin_hvg	ENSMUSG00000031762	Mt2	-0.1915406364047474	0.07144946266991206	0.19879776572109015	-0.16458522328013103	0.09737712042695826	0.5869713003186572	6	4	6	False	False	False	False
skin_hvg	ENSMUSG00000031778	Cx3cl1	0.05415228338281253	0.6385059966396439	0.7591675099489219	0.051958241887216726	0.6106904890488141	0.792429439006161	6	2	6	False	False	False	False
skin_hvg	ENSMUSG00000031779	Ccl22	0.025438067421527766	0.837644563135857	0.8920373121335816	0.024066168569674955	0.9023216327237272	0.9483875266048859	6	3	6	False	False	False	False
skin_hvg	ENSMUSG00000031808	Slc27a1	0.24142254630669058	0.09323607080146112	0.22987304196152702	0.21957923168305507	0.18713168230666757	0.5869713003186572	6	5	6	False	False	False	False
skin_hvg	ENSMUSG00000031825	Crispld2	0.29875190642095806	0.024935957314694755	0.11151221152339337	0.23736722127611318	0.20580933888871086	0.5869713003186572	6	4	6	False	False	False	True
skin_hvg	ENSMUSG00000031827	Cotl1	0.08570737710708798	0.5856815426410608	0.7197575634795067	0.08405901341724986	0.4309725123822258	0.6857785714958604	6	3	6	False	False	False	False
skin_hvg	ENSMUSG00000031841	Cdh13	0.045770416000923575	0.5672152914964735	0.7057823619076977	0.0171052199231229	0.8761882833598916	0.9346944454432177	6	3	6	False	False	False	False
skin_hvg	ENSMUSG00000031870	Pgr	0.1657116202165838	0.6042265831158579	0.7335200525728682	0.5449477822211386	0.15686662074769803	0.5869713003186572	6	5	6	False	False	False	False
skin_hvg	ENSMUSG00000031871	Cdh5	0.40077433581726485	1.9675226789875535e-05	0.00790651068003922	0.3113129390772496	0.06155700068937865	0.5869713003186572	6	5	6	True	False	True	True
skin_hvg	ENSMUSG00000031891	Hsd11b2	-0.2422235244529516	0.16494639023399552	0.3194459997439892	-0.312199012840485	0.25360948108719633	0.5869713003186572	6	4	6	False	False	False	False
skin_hvg	ENSMUSG00000031906	Smpd3	0.07752667451014172	0.5088144181672826	0.6628195649576408	-0.05730444436736611	0.39226980900365016	0.6555625128488395	6	3	6	False	False	False	False
skin_hvg	ENSMUSG00000031910	Has3	-0.5744903980495852	0.003578873304359469	0.04701980255793328	-0.4332775422826403	0.15397731249221278	0.5869713003186572	6	3	6	True	False	True	True
skin_hvg	ENSMUSG00000031962	Cdh15	0.46641106247415776	0.025566950112541363	0.11346414952599408	0.5407731978440049	0.20663092610439507	0.5869713003186572	6	5	6	False	False	False	True
skin_hvg	ENSMUSG00000031972	Acta1	0.4752239619623442	0.1415203886658427	0.2937843033816605	0.5985095083741175	0.289949920197741	0.5936141152037087	6	5	6	False	False	False	False
skin_hvg	ENSMUSG00000032006	Pdgfd	0.039559626751178634	0.7289222386427734	0.8159516314852122	-0.0010972928370203878	0.994085008195657	0.9955806225510166	6	3	6	False	False	False	False
skin_hvg	ENSMUSG00000032009	Sesn3	-0.20501634542497804	0.049147682318499884	0.16039550747522752	-0.10990432183530412	0.3601619067987561	0.630886975248091	6	4	6	False	False	False	True
skin_hvg	ENSMUSG00000032010	Usp2	-0.015625575246119183	0.8386731463257335	0.8920373121335816	-0.035204395074720285	0.5934106635460418	0.7796322994088456	6	4	6	False	False	False	False
skin_hvg	ENSMUSG00000032011	Thy1	-0.11083809809771328	0.38739425044914666	0.5579035489855982	-0.09949589337882007	0.46321767890163607	0.6995462927199243	6	3	6	False	False	False	False
skin_hvg	ENSMUSG00000032035	Ets1	0.29954296552185955	0.00031596229699341834	0.01839222418131774	0.2907639515158529	0.047760087860100824	0.5869713003186572	6	5	6	True	False	True	True
skin_hvg	ENSMUSG00000032060	Cryab	0.32121482837475845	0.026828588961440376	0.11647106990434007	0.40079266844287	0.27081441765864905	0.5909715492757674	6	4	6	False	False	False	True
skin_hvg	ENSMUSG00000032068	Plet1	-0.19961647620301193	0.07795523717167313	0.2075688115091083	-0.027021532309002172	0.840793407651178	0.9153341287452862	6	2	6	False	False	False	False
skin_hvg	ENSMUSG00000032076	Cadm1	-0.033856923366240466	0.5997968122353533	0.7306885968639026	0.03416090565268911	0.5597326568761222	0.7608833421644108	6	4	6	False	False	False	False
skin_hvg	ENSMUSG00000032089	Il10ra	0.22321798269237636	0.03511488083448121	0.1348546481278057	0.13083868621659814	0.21656863280389743	0.5869713003186572	6	4	6	False	False	False	True
skin_hvg	ENSMUSG00000032122	Slc37a2	-0.2978489387940195	0.0003768107965545586	0.01980239896630141	-0.1871607447028958	0.09025741631187068	0.5869713003186572	6	4	6	True	False	True	True
skin_hvg	ENSMUSG00000032135	Mcam	0.2009878646643095	0.006807822968633459	0.055638660870374106	0.20127547003963686	0.13725900022536563	0.5869713003186572	6	5	6	False	False	False	True
skin_hvg	ENSMUSG00000032186	Tmod2	0.24343604909598415	0.05277353454185838	0.16723638135278177	0.13769530482330458	0.407739320035606	0.6661378908390464	6	3	6	False	False	False	False
skin_hvg	ENSMUSG00000032193	Ldlr	-0.02001553209075624	0.8359723778938606	0.8917931830416878	0.0015468095583449266	0.9870552359907823	0.9945253815709345	6	3	6	False	False	False	False
skin_hvg	ENSMUSG00000032198	Dock6	0.16627538403579312	0.2371188466162338	0.40129350567171096	0.06922713756383099	0.3955946142038588	0.6605371610076137	6	4	6	False	False	False	False
skin_hvg	ENSMUSG00000032202	Rab27a	-0.02262211825620586	0.7800385788180404	0.8549599571348115	0.08839159183554468	0.1845782886706717	0.5869713003186572	6	4	6	False	False	False	False
skin_hvg	ENSMUSG00000032204	Aqp9	-0.1382619245446195	0.0619142357520558	0.18129432374905488	-0.03851678527053185	0.6586258429015747	0.8225614810972136	6	4	6	False	False	False	False
skin_hvg	ENSMUSG00000032218	Ccnb2	-0.5197358448383946	0.00297190264185054	0.044078281846389886	-0.40092433448870207	0.17638744876023651	0.5869713003186572	6	3	6	True	False	True	True
skin_hvg	ENSMUSG00000032238	Rora	-0.018895200279084534	0.8470725476543548	0.8953155385461486	-0.02738682630463411	0.801695808702157	0.8959074034573069	6	3	6	False	False	False	False
skin_hvg	ENSMUSG00000032243	Itga11	0.14450461612960908	0.19880344451520776	0.35863638545336035	0.08738055317714928	0.09923376721099698	0.5869713003186572	6	5	6	False	False	False	False
skin_hvg	ENSMUSG00000032254	Kif23	-0.3905664997192577	0.0025717241199617394	0.0435290012929335	-0.3105297620530452	0.16879345811757707	0.5869713003186572	6	5	6	True	False	True	True
skin_hvg	ENSMUSG00000032271	Nnmt	0.17147882682079807	0.17484286087930045	0.3328241138165722	0.15985362964986663	0.45338958840167315	0.6970877244787581	6	4	6	False	False	False	False
skin_hvg	ENSMUSG00000032281	Acsbg1	0.04287430722140506	0.7846884649249776	0.8586426654548933	0.056336817121171855	0.6489263983556463	0.8151691701805637	6	2	6	False	False	False	False
skin_hvg	ENSMUSG00000032285	Dnaja4	0.1817169093651465	0.0062168400189300446	0.05374471652728701	0.22008420778540008	0.2685213518238147	0.5909715492757674	6	4	6	False	False	False	True
skin_hvg	ENSMUSG00000032289	Thsd4	0.14009307695009898	0.2480796879993614	0.4118280745983492	0.054035242352272306	0.7288151065143833	0.8595456393493699	6	4	6	False	False	False	False
skin_hvg	ENSMUSG00000032291	Crabp1	0.027552506438416557	0.8264956119649657	0.8854429911660193	0.06898129556313141	0.5970579158076119	0.7818522346674105	6	3	6	False	False	False	False
skin_hvg	ENSMUSG00000032315	Cyp1a1	0.250743207625268	0.13972456238610395	0.29197913932758746	0.3123032875108021	0.024409399432221708	0.5869713003186572	6	6	6	False	False	False	True
skin_hvg	ENSMUSG00000032327	Stra6	-0.7117317848283884	0.041461351210726964	0.1486348138540167	-0.5390608668823639	0.28536655244729053	0.5936141152037087	6	3	6	False	False	False	True
skin_hvg	ENSMUSG00000032332		-0.47610375725924214	0.0013008643981241399	0.03454540254561901	-0.326543317799777	0.11376021489852811	0.5869713003186572	6	4	6	True	False	True	True
skin_hvg	ENSMUSG00000032334		0.3562768067053863	0.018974798553370645	0.09544753831506594	0.20730225343598363	0.005339671029911384	0.5869713003186572	6	6	6	False	False	False	True
skin_hvg	ENSMUSG00000032350	Gclc	-0.2987433511157427	0.009003479305221766	0.061365010827740166	-0.17266585388394473	0.26555028905028355	0.5909715492757674	6	4	6	False	False	False	True
skin_hvg	ENSMUSG00000032358		-0.16214383687952783	0.03276388841851594	0.12990515345765355	-0.06554964381984056	0.1665470743165078	0.5869713003186572	6	4	6	False	False	False	True
skin_hvg	ENSMUSG00000032359	Ctsh	-0.08081407008992691	0.1222536640104227	0.27036607644386945	-0.12987651100814013	0.2800374790597828	0.5928186063526332	6	3	6	False	False	False	False
skin_hvg	ENSMUSG00000032363	Adamts7	0.20507557977577573	0.08176409142822798	0.21368519442545134	0.15019299405089295	0.025793519964784704	0.5869713003186572	6	5	6	False	False	False	True
skin_hvg	ENSMUSG00000032366	Tpm1	0.11815983299880628	0.3249629266031692	0.49538241559277024	0.23208642693953863	0.3668847576187779	0.6348950268324952	6	2	6	False	False	False	False
skin_hvg	ENSMUSG00000032373	Car12	-0.5227127789257029	0.0016291013960801693	0.037706987171159466	-0.3720687963866336	0.08108887873388387	0.5869713003186572	6	5	6	True	False	True	True
skin_hvg	ENSMUSG00000032374	Plod2	-0.16877993318689288	0.3630026849727049	0.5357844507690256	0.025876021275304417	0.844605388349569	0.9176697282557613	6	4	6	False	False	False	False
skin_hvg	ENSMUSG00000032402	Smad3	0.16549088046362392	4.285271925506487e-05	0.011239059003716769	0.15240240991526136	0.007637509028691294	0.5869713003186572	6	6	6	True	False	True	True
skin_hvg	ENSMUSG00000032418	Me1	0.0604886679590404	0.5387173520854082	0.6851393865926934	0.08126570742284074	0.4551839723186282	0.6970877244787581	6	4	6	False	False	False	False
skin_hvg	ENSMUSG00000032420	Nt5e	-0.0993020526848003	0.1660254983948008	0.3202904663401389	-0.0349789083764002	0.4130945611725853	0.6701460915204329	6	4	6	False	False	False	False
skin_hvg	ENSMUSG00000032440	Tgfbr2	0.30713345984434604	0.0011697861571017486	0.03280534151127406	0.24941018184032368	0.0004946557395753322	0.31913234509282745	6	6	6	True	False	True	True
skin_hvg	ENSMUSG00000032454	Rbp2	-0.42005168384724056	0.0005600123003875968	0.023589715799261963	-0.31415084638755686	0.0622035693711251	0.5869713003186572	6	5	6	True	False	True	True
skin_hvg	ENSMUSG00000032487	Ptgs2	-0.26724462371652624	0.20316155478936426	0.36289232997706655	-0.20587184681394147	0.2718233637119667	0.5909715492757674	6	5	6	False	False	False	False
skin_hvg	ENSMUSG00000032492	Pth1r	0.1235716240421878	0.4511994381461913	0.6137910612928774	-0.0003639742944840189	0.9933646048271066	0.9955806225510166	6	3	6	False	False	False	False
skin_hvg	ENSMUSG00000032496	Ltf	0.727951656545514	0.034617971740989	0.13386056241440342	0.9193197697576911	0.01644212641677784	0.5869713003186572	6	5	6	False	False	False	True
skin_hvg	ENSMUSG00000032531	Amotl2	0.17714869349987694	0.020871017536222586	0.10064976611753539	0.12611287612786182	0.03756021757781743	0.5869713003186572	6	6	6	False	False	False	True
skin_hvg	ENSMUSG00000032532	Cck	0.07206423992822364	0.6730305795214938	0.7779581186930871	0.19583347131280737	0.10690219440927622	0.5869713003186572	6	5	6	False	False	False	False
skin_hvg	ENSMUSG00000032537	Ephb1	-0.5797948810962374	0.014705979033002208	0.08068087947501486	-0.47143201205449675	0.15485363978918926	0.5869713003186572	6	4	6	False	False	False	True
skin_hvg	ENSMUSG00000032548	Slco2a1	0.1654962404912741	0.09481938509447545	0.2310838499032521	0.12365089952749919	0.2380408067672731	0.5869713003186572	6	4	6	False	False	False	False
skin_hvg	ENSMUSG00000032554	Trf	0.2957348079583735	0.04494013879346702	0.15420181644425024	0.20001813091243262	0.40319520019671234	0.6632461406860252	6	4	6	False	False	False	True
skin_hvg	ENSMUSG00000032561	Acpp	-0.061744832652530945	0.29855208968699276	0.4690861708142601	0.01677645428824448	0.7516285430653433	0.8657237371227584	6	2	6	False	False	False	False
skin_hvg	ENSMUSG00000032578	Cish	0.16474554314258416	0.08632155366631104	0.21903957137436234	0.24906022135003836	0.10030427932565968	0.5869713003186572	6	5	6	False	False	False	False
skin_hvg	ENSMUSG00000032584	Mst1r	0.16496453236395592	0.2565912364457257	0.42080963108855984	0.0775022946034755	0.43059370836627564	0.6857785714958604	6	4	6	False	False	False	False
skin_hvg	ENSMUSG00000032596	Uba7	0.30287000706478295	0.009081586422339376	0.06168683022248889	0.2404778825062479	0.05293559082385222	0.5869713003186572	6	6	6	False	False	False	True
skin_hvg	ENSMUSG00000032648	Pygm	0.5218249522950789	0.06522693657568898	0.18796275951176178	0.6025367725582228	0.233019456844918	0.5869713003186572	6	5	6	False	False	False	False
skin_hvg	ENSMUSG00000032691	Nlrp3	0.06198165024876756	0.6305609883250591	0.7540301159791276	0.12367072180287009	0.25091175498680723	0.5869713003186572	6	5	6	False	False	False	False
skin_hvg	ENSMUSG00000032715	Trib3	0.26074690700622716	0.05300982944231891	0.16723638135278177	0.21579132928336797	0.058257638986678774	0.5869713003186572	6	5	6	False	False	False	False
skin_hvg	ENSMUSG00000032725	Folr2	0.02905412030885479	0.8670510304471032	0.9113162672646659	-0.09510659418661598	0.7357121763933314	0.8612058711943041	6	3	6	False	False	False	False
skin_hvg	ENSMUSG00000032740	Ccdc88a	-0.07293215166726075	0.4938348895884191	0.6518098311355406	0.010758713313944401	0.7986715712234903	0.8942098889332241	6	3	6	False	False	False	False
skin_hvg	ENSMUSG00000032766	Gng11	0.19286670176475074	0.06922463130754726	0.19552208547088795	0.19823365391971595	0.0833247870660053	0.5869713003186572	6	5	6	False	False	False	False
skin_hvg	ENSMUSG00000032802	Srxn1	-0.005611307351948369	0.9471086271639	0.9649877185950552	0.0788349698305028	0.566537170954086	0.7651014378605534	6	3	6	False	False	False	False
skin_hvg	ENSMUSG00000032807	Alox12b	-0.07453404363872274	0.5745283222618371	0.7091057228410932	-0.1670531758001217	0.18406409617433722	0.5869713003186572	6	4	6	False	False	False	False
skin_hvg	ENSMUSG00000032855	Pkd1	0.209387190180502	0.0974228754213739	0.2335576017004606	0.08791240773468623	0.2383827147581146	0.5869713003186572	6	4	6	False	False	False	False
skin_hvg	ENSMUSG00000032875		0.08596462892568191	0.5897526426446611	0.7219811691325759	0.07813097200370667	0.5781518467803186	0.7697128253468641	6	3	6	False	False	False	False
skin_hvg	ENSMUSG00000032883	Acsl3	-0.22183056928887268	0.05769000735087653	0.17402861734093722	-0.06830913361616231	0.6522213148763658	0.816857041115186	6	5	6	False	False	False	False
skin_hvg	ENSMUSG00000032902	Slc16a1	0.14161540644676407	0.05538472996440663	0.17147799339367448	0.1458107868676506	0.09032307724406538	0.5869713003186572	6	5	6	False	False	False	False
skin_hvg	ENSMUSG00000032908	Sgpp2	-0.07102320780217575	0.7928805926169673	0.8642917813624911	-0.06932120274049931	0.5838245742921838	0.7726293405311406	6	4	6	False	False	False	False
skin_hvg	ENSMUSG00000032911	Cspg4	-0.031252922943606265	0.8501227158618204	0.8973018306427355	-0.05775105146455554	0.5639125444201447	0.7634802381064603	6	4	6	False	False	False	False
skin_hvg	ENSMUSG00000033006		0.30924715985388485	0.04756606757949366	0.158728021536251	0.22813807753500193	0.09172119302651399	0.5869713003186572	6	5	6	False	False	False	True
skin_hvg	ENSMUSG00000033022	Cdo1	0.366699173365836	0.02496041990533642	0.11151221152339337	0.32981237094082694	0.16673229564503161	0.5869713003186572	6	5	6	False	False	False	True
skin_hvg	ENSMUSG00000033060	Lmo7	0.03609069424366318	0.3557045585374653	0.5280737324809568	0.099770197846954	0.42564766528845593	0.6854986996621343	6	2	6	False	False	False	False
skin_hvg	ENSMUSG00000033065	Pfkm	0.43676353344489804	0.04133029769019829	0.1486348138540167	0.5015755009000781	0.18785666678202198	0.5869713003186572	6	5	6	False	False	False	True
skin_hvg	ENSMUSG00000033105	Lss	-0.015449050784368978	0.8828504154077275	0.921616455603362	-0.03794397651612839	0.7427019272742375	0.8645644612118528	6	3	6	False	False	False	False
skin_hvg	ENSMUSG00000033174	Mgll	0.23646665231239616	0.15181794313897257	0.30593383698136045	0.1999668331792135	0.0709598863089999	0.5869713003186572	6	6	6	False	False	False	False
skin_hvg	ENSMUSG00000033196	Myh2	0.13153888417489057	0.6665164723617502	0.7754689932507673	0.44770780586842	0.4064247340222937	0.6653450045347296	6	4	6	False	False	False	False
skin_hvg	ENSMUSG00000033220	Rac2	0.2731917349725208	0.05588447562882957	0.17222422504748863	0.27017469590688153	0.10982200729454443	0.5869713003186572	6	5	6	False	False	False	False
skin_hvg	ENSMUSG00000033227	Wnt6	0.0676739548206875	0.5200207001785536	0.6708535776851238	0.08490879302859522	0.4752031001570567	0.7040241088772735	6	4	6	False	False	False	False
skin_hvg	ENSMUSG00000033268	Duox1	0.07916399471170621	0.590383199395842	0.7219811691325759	-0.08444365785838596	0.5629985053019195	0.7627598474137945	6	4	6	False	False	False	False
skin_hvg	ENSMUSG00000033295	Ptprf	-0.051569552187844536	0.739885625804919	0.8249869317322296	-0.04805411028382641	0.7104379320886915	0.8510765149256851	6	3	6	False	False	False	False
skin_hvg	ENSMUSG00000033308	Dpyd	0.1574462707586468	0.07590011035003331	0.20566930038561537	0.10174680741027882	0.4596913573353031	0.6995092831490081	6	4	6	False	False	False	False
skin_hvg	ENSMUSG00000033327	Tnxb	0.24023360163032415	0.27168574838592713	0.4382523744157484	0.04723987334877607	0.484798615048637	0.7106415179425069	6	4	6	False	False	False	False
skin_hvg	ENSMUSG00000033350	Chst2	0.05721368203359134	0.42724770983315424	0.5930026734104771	0.08241087301958754	0.3095957567842157	0.6079279511288876	6	4	6	False	False	False	False
skin_hvg	ENSMUSG00000033389	Arhgap44	0.20524363336935458	0.017768663235893548	0.09205525235299007	0.16131799822747706	0.20921457135555993	0.5869713003186572	6	4	6	False	False	False	True
skin_hvg	ENSMUSG00000033419	Snap91	-0.2991404677292824	0.0471666757077174	0.15827895636295392	-0.19571733987178405	0.006607241048598857	0.5869713003186572	6	6	6	False	False	False	True
skin_hvg	ENSMUSG00000033453		-0.11749712123186296	0.2641907390533965	0.42858562623040847	-0.20622771782214722	0.3403811070618728	0.6246482988515789	6	4	6	False	False	False	False
skin_hvg	ENSMUSG00000033538	Casp4	-0.048097174765219464	0.741572744078465	0.8259457724064108	0.032369990947652916	0.7494924451836696	0.8657237371227584	6	2	6	False	False	False	False
skin_hvg	ENSMUSG00000033577	Myo6	-0.18140563585522607	0.023828335042627432	0.10939123006925743	-0.10373303610689118	0.25511098565166246	0.5869713003186572	6	4	6	False	False	False	True
skin_hvg	ENSMUSG00000033579	Fa2h	0.05639682334543217	0.7050580588966111	0.7986392192946865	0.004861337410670667	0.9729634152928739	0.9893115785844547	6	5	6	False	False	False	False
skin_hvg	ENSMUSG00000033685	Ucp2	-0.21884242749819904	0.19007239844011284	0.348574670823205	-0.1310877454628748	0.5274226233393228	0.7383132958871592	6	4	6	False	False	False	False
skin_hvg	ENSMUSG00000033715	Akr1c14	-0.04578200274592259	0.8770608128191654	0.9184533000523719	0.41510729443420585	0.09923153161929774	0.5869713003186572	6	5	6	False	False	False	False
skin_hvg	ENSMUSG00000033717	Adra2a	0.13166734256545576	0.19058098466744658	0.3491653453035696	0.027950765415336587	0.8426868417484675	0.9160836270940063	6	4	6	False	False	False	False
skin_hvg	ENSMUSG00000033721	Vav3	-0.10929690075948884	0.18316666912953686	0.34089826491303366	-0.022659420723629847	0.6627995867776797	0.8225653784121488	6	3	6	False	False	False	False
skin_hvg	ENSMUSG00000033765	Calm4	-0.22498081344455478	0.07557388999962208	0.20555947895739102	-0.28409022455233934	0.10591189727289417	0.5869713003186572	6	6	6	False	False	False	False
skin_hvg	ENSMUSG00000033792	Atp7a	-0.16219814054443127	0.04298292846335209	0.15085572608315312	-0.056622104194273305	0.47968855821834183	0.7069653511158883	6	4	6	False	False	False	True
skin_hvg	ENSMUSG00000033825	Tpsb2	0.31621732823861315	0.04475668345837324	0.15405378593340693	0.23801028186788198	0.1491624260636942	0.5869713003186572	6	5	6	False	False	False	True
skin_hvg	ENSMUSG00000033849	B3galt2	0.32563223110854267	0.03943521759382276	0.14610784700345836	0.3074006428941787	0.13434341494924684	0.5869713003186572	6	5	6	False	False	False	True
skin_hvg	ENSMUSG00000033880	Lgals3bp	0.09884567193497684	0.4653167260962213	0.6263203720457842	0.06909240144236654	0.686343812423601	0.8357491423231288	6	4	6	False	False	False	False
skin_hvg	ENSMUSG00000033965	Slc16a2	0.12745126238736226	0.041272108979164696	0.1486348138540167	0.09165905015818909	0.26690831669807547	0.5909715492757674	6	4	6	False	False	False	True
skin_hvg	ENSMUSG00000034037	Fgd5	0.36164814400393297	0.0008935176172187285	0.028323090183901604	0.21713579173133382	0.09482898109650739	0.5869713003186572	6	4	6	True	False	True	True
skin_hvg	ENSMUSG00000034040	Galnt17	0.23588302176837228	0.007275382030343852	0.05640211440072528	0.1717124046796449	0.1837554620578804	0.5869713003186572	6	4	6	False	False	False	True
skin_hvg	ENSMUSG00000034055	Phka1	0.33916850565442935	0.05275497171272643	0.16723638135278177	0.30804828184298794	0.16095238324303365	0.5869713003186572	6	5	6	False	False	False	False
skin_hvg	ENSMUSG00000034107	Ano7	-0.06973505559623838	0.5280168141505515	0.6772824950954509	-0.007344304928341927	0.9362446937538554	0.971262677104649	6	4	6	False	False	False	False
skin_hvg	ENSMUSG00000034112	Atp2c2	-0.38108954920194726	0.11655033864433137	0.2609316438035087	-0.2518518914565937	0.38127100595452235	0.6479349484420985	6	4	6	False	False	False	False
skin_hvg	ENSMUSG00000034116	Vav1	0.19124483954851712	0.08727274636887965	0.22005514456900588	0.179985813436359	0.055305741737349416	0.5869713003186572	6	5	6	False	False	False	False
skin_hvg	ENSMUSG00000034164	Emid1	0.05377899876289627	0.6847934556027799	0.7868286665513455	-0.07470556397890056	0.5383696616730556	0.7466140377507583	6	3	6	False	False	False	False
skin_hvg	ENSMUSG00000034171	Faah	-0.03315829010381144	0.7276117307394078	0.8149414617423428	0.010813876385018665	0.8845316768698188	0.94007970128208	6	3	6	False	False	False	False
skin_hvg	ENSMUSG00000034205	Loxl2	-0.06012678321118692	0.5718960431464614	0.7071680483984417	-0.2182960964840072	0.360082758096426	0.630886975248091	6	2	6	False	False	False	False
skin_hvg	ENSMUSG00000034220	Gpc1	0.07302473281293054	0.6764139524651428	0.7802290729220974	0.05229974932983753	0.660902069524818	0.8225653784121488	6	3	6	False	False	False	False
skin_hvg	ENSMUSG00000034226	Rhov	-0.08252700540239388	0.6323587556575464	0.755275379813469	-0.0177684447308805	0.911829022308035	0.953861999763827	6	3	6	False	False	False	False
skin_hvg	ENSMUSG00000034282		-0.08831442972257264	0.7260825176408408	0.8145993189487409	-0.10801330731639396	0.5715398345420025	0.7662659600979229	6	3	6	False	False	False	False
skin_hvg	ENSMUSG00000034311	Kif4	-0.4129252461538915	0.0006123498478310768	0.023977698943503142	-0.31370520907277166	0.13696740581811462	0.5869713003186572	6	4	6	True	False	True	True
skin_hvg	ENSMUSG00000034330	Plcg2	-0.016578754214899405	0.8459197443006699	0.8952314411067502	0.029849160277652054	0.6295555533899608	0.8038506650382045	6	3	6	False	False	False	False
skin_hvg	ENSMUSG00000034349	Smc4	-0.2879825652137047	0.018017698850604273	0.09229885410568164	-0.1526899348920107	0.25220491812711016	0.5869713003186572	6	3	6	False	False	False	True
skin_hvg	ENSMUSG00000034353	Ramp1	0.18631499075669833	0.07781730584334978	0.20752659016750702	0.182457691104111	0.3599737181695174	0.630886975248091	6	4	6	False	False	False	False
skin_hvg	ENSMUSG00000034394	Lif	0.1953573583660484	0.07099883590101522	0.1982068332825887	0.09579221025627271	0.6065519061757689	0.7893497313229368	6	3	6	False	False	False	False
skin_hvg	ENSMUSG00000034457	Eda2r	0.3129157689046904	0.04151038384078006	0.1486348138540167	0.44561789501167565	0.17667439430240017	0.5869713003186572	6	5	6	False	False	False	True
skin_hvg	ENSMUSG00000034573	Ptpn13	-0.1262323643457517	0.025480009139127797	0.11346414952599408	-0.0711299914178835	0.33039880450927084	0.6201188088392988	6	3	6	False	False	False	True
skin_hvg	ENSMUSG00000034593	Myo5a	-0.2816684008487158	0.0023423997248861413	0.04291534174860206	-0.2000886164631431	0.08111911468959726	0.5869713003186572	6	4	6	True	False	True	True
skin_hvg	ENSMUSG00000034612	Chst11	0.015329372274102582	0.7979317429923768	0.8655457309917308	0.07484178223279869	0.2673701646189135	0.5909715492757674	6	5	6	False	False	False	False
skin_hvg	ENSMUSG00000034634	Ly6d	-0.13411805208808225	0.4782907645655406	0.6371892307120645	-0.16788740485432907	0.09373570216795121	0.5869713003186572	6	4	6	False	False	False	False
skin_hvg	ENSMUSG00000034708	Grn	0.044959689042443074	0.6928765738768996	0.7906711531612391	-0.027259897109737235	0.747074410229359	0.8651435976853237	6	2	6	False	False	False	False
skin_hvg	ENSMUSG00000034714	Ttyh2	-0.15851383067933078	0.2146937265676047	0.37576106218712235	-0.0986191543387962	0.5202483309648448	0.7337118057463242	6	4	6	False	False	False	False
skin_hvg	ENSMUSG00000034731	Dgkh	0.14216694739246716	0.1068958258858305	0.24793375643902849	0.1598545379199822	0.14075340121529323	0.5869713003186572	6	5	6	False	False	False	False
skin_hvg	ENSMUSG00000034765		-0.2191799224067097	0.04187152499622201	0.14878547227305222	-0.1369145936071341	0.4011747781887549	0.6632461406860252	6	4	6	False	False	False	True
skin_hvg	ENSMUSG00000034783	Cd207	-0.06410660200211993	0.7023533308371556	0.7969315918646589	0.038957400930943166	0.7352359919964834	0.8611532410656758	6	4	6	False	False	False	False
skin_hvg	ENSMUSG00000034842	Art3	0.26905303028542615	0.022094085880523598	0.10418390755458169	0.2768913486484643	0.24699999372656814	0.5869713003186572	6	5	6	False	False	False	True
skin_hvg	ENSMUSG00000034855	Cxcl10	0.1968059408309859	0.1734476250582246	0.3311423587392682	0.2424683837816243	0.06791010939092951	0.5869713003186572	6	5	6	False	False	False	False
skin_hvg	ENSMUSG00000034906	Ncaph	-0.39045247150587414	0.0042514429297606715	0.0492712545850238	-0.29531672195420455	0.24823969408217253	0.5869713003186572	6	4	6	True	False	True	True
skin_hvg	ENSMUSG00000034910		0.1621897329638342	0.05854528110804052	0.1752847471855426	0.1716548624523857	0.23778144571846835	0.5869713003186572	6	3	6	False	False	False	False
skin_hvg	ENSMUSG00000034926	Dhcr24	-0.04780521756069156	0.7947301481985178	0.8643470702657619	-0.043817247418688865	0.7145252870940066	0.8542554695193822	6	4	6	False	False	False	False
skin_hvg	ENSMUSG00000034957	Cebpa	0.08940856625435245	0.1605637642434187	0.31684371264239836	0.05534130037814015	0.13370548492181164	0.5869713003186572	6	5	6	False	False	False	False
skin_hvg	ENSMUSG00000035000	Dpp4	-0.12816321336225123	0.3443483010351876	0.5154899229139952	-0.05549494263730933	0.5983342224043124	0.7830101193587234	6	3	6	False	False	False	False
skin_hvg	ENSMUSG00000035020		-0.27694126016661613	0.12919189178882426	0.2771173017210333	-0.19460761886586417	0.14296978788445866	0.5869713003186572	6	4	6	False	False	False	False
skin_hvg	ENSMUSG00000035042	Ccl5	0.5044050900754768	0.000126538267419145	0.012634846001801628	0.5716641855808798	0.01106649288365191	0.5869713003186572	6	6	6	True	False	True	True
skin_hvg	ENSMUSG00000035105	Egln3	-0.12311772110143071	0.2101903820276121	0.3705750537847347	-0.008350863377936482	0.9508497095120204	0.9780166563238847	6	4	6	False	False	False	False
skin_hvg	ENSMUSG00000035158	Mitf	-0.04477704755782419	0.5693150802097787	0.7066017496450765	0.044735343332401666	0.7238804007626097	0.8579164156219179	6	3	6	False	False	False	False
skin_hvg	ENSMUSG00000035183	Slc24a5	-1.0413225786348712	0.002663723125398455	0.044078281846389886	-0.7042416186250197	0.2052556545042054	0.5869713003186572	6	4	6	True	False	True	True
skin_hvg	ENSMUSG00000035236	Scai	-0.06268854153160408	0.5186411546899667	0.6695063903787095	0.0012739501051518924	0.9674559844860606	0.9872302509037625	6	3	6	False	False	False	False
skin_hvg	ENSMUSG00000035273	Hpse	0.003288077061740502	0.9722624445059004	0.9816016692003453	-0.0029279708678765872	0.9776044831359444	0.9908551998339065	6	3	6	False	False	False	False
skin_hvg	ENSMUSG00000035305	Ror1	-0.141505020425301	0.04243762140937104	0.1499963362026796	-0.12893552181360235	0.07370739556975399	0.5869713003186572	6	5	6	False	False	False	True
skin_hvg	ENSMUSG00000035373	Ccl7	-0.04212433452462783	0.8275803645934566	0.8854429911660193	0.06602574042876401	0.7497353520779118	0.8657237371227584	6	4	6	False	False	False	False
skin_hvg	ENSMUSG00000035455	Fignl1	-0.4559850420031264	0.0016427180189738976	0.037706987171159466	-0.3007709689671925	0.26766682012504245	0.5909715492757674	6	3	6	True	False	True	True
skin_hvg	ENSMUSG00000035547	Capn5	0.021900278150560837	0.8278027363580162	0.8854429911660193	0.015089248515180564	0.8156980562367651	0.9049716768360111	6	2	6	False	False	False	False
skin_hvg	ENSMUSG00000035557	Krt17	-0.25553665349842625	0.3052513542341975	0.4766121613805258	-0.1348459278876056	0.6149188405346973	0.7937091338774711	6	3	6	False	False	False	False
skin_hvg	ENSMUSG00000035592	Krt33a	-1.8868956889635085	0.005184692181077832	0.05125498191917169	-1.6682405960564741	0.11064360315485396	0.5869713003186572	6	5	6	False	False	False	True
skin_hvg	ENSMUSG00000035686	Thrsp	0.29310059401552024	0.1627232060670063	0.3178723848179387	0.23043951980218655	0.4585237328080446	0.6995092831490081	6	3	6	False	False	False	False
skin_hvg	ENSMUSG00000035692	Isg15	0.043120440655132874	0.7581641933627297	0.8368891747049093	0.14480030304676958	0.24968439586392943	0.5869713003186572	6	3	6	False	False	False	False
skin_hvg	ENSMUSG00000035697	Arhgap45	0.2777968897203884	0.15375579668544326	0.30797424872701123	0.170076897589963	0.05457359123105292	0.5869713003186572	6	5	6	False	False	False	False
skin_hvg	ENSMUSG00000035783	Acta2	0.2027667993502842	0.07468828410104704	0.20487981229366886	0.2729459569436023	0.0708271078203128	0.5869713003186572	6	5	6	False	False	False	False
skin_hvg	ENSMUSG00000035799	Twist1	0.22012598861455324	0.05180087908764384	0.16604551450726282	0.10165407128122143	0.4349666820762162	0.6874780020837367	6	3	6	False	False	False	False
skin_hvg	ENSMUSG00000035831	Krt25	-1.9347514374023813	0.007067854413217953	0.0561398163450692	-1.736877516133003	0.11703735840297488	0.5869713003186572	6	5	6	False	False	False	True
skin_hvg	ENSMUSG00000035864	Syt1	0.07302487357314824	0.5400192849966228	0.6855807451610016	0.19076233193286793	0.017434418178797813	0.5869713003186572	6	6	6	False	False	False	True
skin_hvg	ENSMUSG00000035948	Acss3	0.37347590728613067	0.006255572019553475	0.05384645397865642	0.2395733076706182	0.2916838209522166	0.5943324979698786	6	5	6	False	False	False	True
skin_hvg	ENSMUSG00000036040	Adamtsl2	0.026543819434515115	0.8584139807074458	0.903665113058919	-0.016630490919091672	0.8874588482758802	0.9410730031796407	6	3	6	False	False	False	False
skin_hvg	ENSMUSG00000036053	Fmnl2	-0.0487303490976716	0.5351069023392571	0.6815755986155878	0.008991392856284364	0.8878225027493456	0.9410730031796407	6	3	6	False	False	False	False
skin_hvg	ENSMUSG00000036111	Lmo1	0.0014764499733139758	0.990257761677096	0.9932419638720044	-0.012994983791893974	0.6951383152557862	0.8423490385714836	6	4	6	False	False	False	False
skin_hvg	ENSMUSG00000036158	Prickle1	-0.17428202848813612	0.04317753822789133	0.15127288393175262	-0.11311620838492405	0.35634859103927385	0.6297953095695044	6	4	6	False	False	False	True
skin_hvg	ENSMUSG00000036206	Sh3bp4	-0.03477212160384813	0.7747662299424598	0.8501143742830177	-0.05647733510247092	0.571725728866252	0.7662659600979229	6	4	6	False	False	False	False
skin_hvg	ENSMUSG00000036256	Igfbp7	-0.024221876833919964	0.7310564420459753	0.8174242523884729	-0.023697989892621507	0.7998748375137795	0.8948739778795618	6	3	6	False	False	False	False
skin_hvg	ENSMUSG00000036356	Csgalnact1	-0.2411208685774433	0.03434849430467853	0.13377874127059253	-0.13789578136059966	0.33775641143344753	0.6246482988515789	6	4	6	False	False	False	True
skin_hvg	ENSMUSG00000036390	Gadd45a	-0.024224444197295192	0.7861195691088457	0.8592669838589846	0.03910825982582159	0.7510678748975105	0.8657237371227584	6	3	6	False	False	False	False
skin_hvg	ENSMUSG00000036395	Glb1l2	-0.0654776223291531	0.5808430917731809	0.7146910993660149	-0.06877221848774351	0.6329816012761508	0.8057901973109673	6	5	6	False	False	False	False
skin_hvg	ENSMUSG00000036412	Arsi	0.10424722836421374	0.4861785816407507	0.6442592087170399	-0.05509994781870035	0.7627199697612426	0.8720965901213605	6	3	6	False	False	False	False
skin_hvg	ENSMUSG00000036437	Npy1r	0.1605982391173395	0.2397397669606689	0.4025530370957143	0.1831349683626251	0.1696613125622435	0.5869713003186572	6	4	6	False	False	False	False
skin_hvg	ENSMUSG00000036446	Lum	-0.17869267508093678	0.4096839349907023	0.5779750197925388	-0.313998578609261	0.47556983223791116	0.7040241088772735	6	3	6	False	False	False	False
skin_hvg	ENSMUSG00000036523	Greb1	-0.002365412941402134	0.99198028545407	0.9944701958091254	0.3932848467444259	0.11358632761923267	0.5869713003186572	6	5	6	False	False	False	False
skin_hvg	ENSMUSG00000036528	Ppfibp2	-0.033836402671061805	0.5289816854172577	0.6774805581845115	0.03353950489580182	0.7155155852083434	0.8542554695193822	6	2	6	False	False	False	False
skin_hvg	ENSMUSG00000036533	Cdc42ep3	-0.008136511971291505	0.9104735566329769	0.9420806697388885	0.08370526963401215	0.38220699512508366	0.6479349484420985	6	4	6	False	False	False	False
skin_hvg	ENSMUSG00000036545	Adamts2	0.24842480662102062	0.11897511644470551	0.2645805206459654	-0.03744547282793883	0.847004460875101	0.9197759153711673	6	2	6	False	False	False	False
skin_hvg	ENSMUSG00000036560	Lgi4	0.20710406445306084	0.10524071529745982	0.24671239929790478	0.08023558394666545	0.45992884899777603	0.6995092831490081	6	4	6	False	False	False	False
skin_hvg	ENSMUSG00000036565	Ttyh3	-0.22742159150857066	0.32047510211491886	0.49112316692566377	-0.23109876004644736	0.35947508300215664	0.630886975248091	6	4	6	False	False	False	False
skin_hvg	ENSMUSG00000036570	Fxyd1	0.29443515556557553	0.11578746272099032	0.25980625062226703	0.26753548763952884	0.25862927761227533	0.58879896807286	6	5	6	False	False	False	False
skin_hvg	ENSMUSG00000036585	Fgf1	0.2161504898522244	0.03245077449552215	0.12909202523417876	0.2737161459993171	0.19177915473988455	0.5869713003186572	6	4	6	False	False	False	True
skin_hvg	ENSMUSG00000036594	H2-Aa	0.21532968127345953	0.09697195140887259	0.23316418430717595	0.10056463601662162	0.5044827653337365	0.7227059414429496	6	3	6	False	False	False	False
skin_hvg	ENSMUSG00000036622	Atp13a2	-0.06835494703508527	0.7585224868382002	0.8368891747049093	-0.07794412491872856	0.6466074500843428	0.8151691701805637	6	3	6	False	False	False	False
skin_hvg	ENSMUSG00000036745		0.031761295651106636	0.7860303849253215	0.8592669838589846	0.08298090707266785	0.5849982707193071	0.7726465255465981	6	2	6	False	False	False	False
skin_hvg	ENSMUSG00000036768	Kif15	-0.5250064314149263	0.002946614257426557	0.044078281846389886	-0.3744763228489254	0.22320423997077887	0.5869713003186572	6	3	6	True	False	True	True
skin_hvg	ENSMUSG00000036777	Anln	-0.2989103957798518	0.005806944891802575	0.05285464444776847	-0.25396929705770804	0.15812150435966296	0.5869713003186572	6	4	6	False	False	False	True
skin_hvg	ENSMUSG00000036782	Klhl13	0.17410106161321437	0.19729217445481187	0.3575160202783468	0.11585953452346291	0.5309451458365442	0.7419856236778017	6	3	6	False	False	False	False
skin_hvg	ENSMUSG00000036856	Wnt4	-0.1448080036449646	0.3214794353757303	0.49119696438051524	-0.10661242113754425	0.4427339321441186	0.6928705015345237	6	3	6	False	False	False	False
skin_hvg	ENSMUSG00000036887	C1qa	0.21694841788954733	0.2546264390035123	0.41850946394239835	0.05515294984787319	0.7291325942167622	0.8595456393493699	6	3	6	False	False	False	False
skin_hvg	ENSMUSG00000036896	C1qc	0.1788157315848915	0.3121000089783071	0.4832891432956798	0.0267189410867541	0.856884207043901	0.9274784614995504	6	2	6	False	False	False	False
skin_hvg	ENSMUSG00000036905	C1qb	0.2146266908062886	0.19574649743771766	0.3560161706585812	0.05289452546583965	0.7642308626501657	0.8720965901213605	6	3	6	False	False	False	False
skin_hvg	ENSMUSG00000036908	Unc93b1	0.20487331703845424	0.16202759733908081	0.3178723848179387	0.09190209534456957	0.32627338636418274	0.6187729843962706	6	4	6	False	False	False	False
skin_hvg	ENSMUSG00000036960	Clca2	0.034970721819961526	0.7648712770633924	0.8420330431618493	0.04097212676885468	0.772946284462467	0.8790283200863022	6	3	6	False	False	False	False
skin_hvg	ENSMUSG00000037010	Apln	0.2003034713323144	0.06819350364831044	0.1931665628165616	0.12222878002424727	0.5426058934722839	0.7483314704862921	6	4	6	False	False	False	False
skin_hvg	ENSMUSG00000037035		-0.024458004010438295	0.7845582035863032	0.8586426654548933	0.059491491529303	0.6102221718163101	0.7923365911034924	6	4	6	False	False	False	False
skin_hvg	ENSMUSG00000037071	Scd1	0.011317519903661477	0.9271282906911014	0.9519152681286013	-0.04383495646223423	0.8260623541341336	0.9104880767444024	6	3	6	False	False	False	False
skin_hvg	ENSMUSG00000037185		0.07934829303879987	0.47256325316085657	0.6320889595192435	0.07505809475533957	0.4996177562351945	0.7210661624330412	6	3	6	False	False	False	False
skin_hvg	ENSMUSG00000037206	Islr	0.20413942942268282	0.12338404145422575	0.2716625477222589	0.059353106083501604	0.46803191872380145	0.6997211329032088	6	4	6	False	False	False	False
skin_hvg	ENSMUSG00000037211	Spry1	0.029691593745656775	0.6678223611826988	0.776077019770427	-0.00664333576498614	0.9134471202577036	0.9545546306408341	6	3	6	False	False	False	False
skin_hvg	ENSMUSG00000037280	Galnt6	-0.4035074410617163	0.04795441496207225	0.1588142067649391	-0.38474692738601507	0.21446669046608755	0.5869713003186572	6	4	6	False	False	False	True
skin_hvg	ENSMUSG00000037306		0.23385585823147004	0.0027288231937312377	0.044078281846389886	0.15737789953993678	0.01619454426316969	0.5869713003186572	6	6	6	True	False	True	True
skin_hvg	ENSMUSG00000037321	Tap1	0.12476216237860172	0.18923829559074945	0.34798239069496006	0.1871330352586987	0.04317402007166638	0.5869713003186572	6	5	6	False	False	False	True
skin_hvg	ENSMUSG00000037370	Enpp1	-0.1631213628324888	0.10228263543465925	0.24258720066866332	-0.018089488297357608	0.825205416439643	0.9104614456519156	6	4	6	False	False	False	False
skin_hvg	ENSMUSG00000037379	Spon2	0.4014870121220433	0.01731745207456749	0.09106320903525629	0.2519182395193906	0.0007254216500378948	0.31913234509282745	6	6	6	False	False	False	True
skin_hvg	ENSMUSG00000037405	Icam1	0.17270405927504662	0.028341626606112544	0.12016608987772133	0.1764252222633346	0.002657505087538455	0.5869713003186572	6	6	6	False	False	False	True
skin_hvg	ENSMUSG00000037411	Serpine1	-0.40703482298854077	0.14793960220010044	0.3014646791771434	-0.08503010322137894	0.7757654408919237	0.8802293099211201	6	3	6	False	False	False	False
skin_hvg	ENSMUSG00000037434	Slc30a1	-0.563843049507831	0.0018621996620747571	0.03915424627149147	-0.36678038349385594	0.198828834738554	0.5869713003186572	6	3	6	True	False	True	True
skin_hvg	ENSMUSG00000037474	Dtl	-0.4490804685960921	0.002104553575019992	0.040053656800756114	-0.2983801585979918	0.2813034932008427	0.5932312454941773	6	3	6	True	False	True	True
skin_hvg	ENSMUSG00000037490	Slc2a12	0.1738247400229076	0.07078267096501577	0.1979733808363256	0.16998456016953675	0.22985708543588462	0.5869713003186572	6	3	6	False	False	False	False
skin_hvg	ENSMUSG00000037552	Plekhg2	0.08582114919895378	0.4738547610341939	0.6333922073529351	0.04232077400546682	0.5779547066624555	0.7697128253468641	6	3	6	False	False	False	False
skin_hvg	ENSMUSG00000037580	Gch1	0.0314082484769278	0.5705875118589036	0.7067086203012819	0.06718768679456251	0.27509252111309923	0.5909715492757674	6	3	6	False	False	False	False
skin_hvg	ENSMUSG00000037624	Kcnk2	-0.13309737736027394	0.08546435909964496	0.21714036275062465	-0.04181694170378666	0.6414846191467075	0.8128456754035374	6	4	6	False	False	False	False
skin_hvg	ENSMUSG00000037649	H2-DMa	0.1394822787518617	0.40982104558148974	0.5779750197925388	0.07861040764758427	0.23876899544564342	0.5869713003186572	6	5	6	False	False	False	False
skin_hvg	ENSMUSG00000037664	Cdkn1c	0.23049538502772915	0.008777471146730817	0.060620294434204934	0.2407663865788483	0.20045427102505245	0.5869713003186572	6	4	6	False	False	False	True
skin_hvg	ENSMUSG00000037681	Esyt3	0.07797749250337738	0.274260325850145	0.4406258010641509	0.020819646486086214	0.8396690859361664	0.9153341287452862	6	4	6	False	False	False	False
skin_hvg	ENSMUSG00000037709	Fam13a	0.1673974816301893	0.23987887538502753	0.4025530370957143	0.1417486376929992	0.5824699187838253	0.7718596070413398	6	4	6	False	False	False	False
skin_hvg	ENSMUSG00000037712	Fermt2	0.2151015063491748	0.010021448555619606	0.06369747394229305	0.25028198993375	0.03841378414367752	0.5869713003186572	6	5	6	False	False	False	True
skin_hvg	ENSMUSG00000037868	Egr2	-0.24581406549067175	0.011018762277403223	0.06708679349992146	-0.08948935419332364	0.5674037309422116	0.7651014378605534	6	4	6	False	False	False	True
skin_hvg	ENSMUSG00000037887	Dusp8	0.08995363754248942	0.3138316999560025	0.48484765951709646	0.07300622537510397	0.4430624088430579	0.6928705015345237	6	3	6	False	False	False	False
skin_hvg	ENSMUSG00000037902	Sirpa	0.040616563146709694	0.5216019850276682	0.6720252671614538	0.04344672156757697	0.23277823124763802	0.5869713003186572	6	4	6	False	False	False	False
skin_hvg	ENSMUSG00000037936	Scarb1	0.13902098461516754	0.16268797966401488	0.3178723848179387	0.12142366540222078	0.0350924724234138	0.5869713003186572	6	6	6	False	False	False	True
skin_hvg	ENSMUSG00000038007	Acer2	-0.13906984221407015	0.22761734672845552	0.3898386290023376	-0.09279366016665887	0.4013333941127988	0.6632461406860252	6	3	6	False	False	False	False
skin_hvg	ENSMUSG00000038058	Nod1	0.18539536114408417	0.08475770938225119	0.2164464777958512	0.11023884683377687	0.059429192281220775	0.5869713003186572	6	5	6	False	False	False	False
skin_hvg	ENSMUSG00000038067	Csf3	-0.004404643328058552	0.8790350599182701	0.9195563198830725	-0.013199689328147482	0.8162327174266888	0.9050620414775666	6	4	6	False	False	False	False
skin_hvg	ENSMUSG00000038077	Kcna6	0.3179859914468306	0.013905305197608164	0.07735068100173678	0.1957817185867586	0.2792782395050236	0.5928186063526332	6	5	6	False	False	False	True
skin_hvg	ENSMUSG00000038094	Atp13a4	-0.9704725802404699	0.005078502799536306	0.050708850453370015	-0.7056437676897837	0.15190700012820457	0.5869713003186572	6	4	6	False	False	False	True
skin_hvg	ENSMUSG00000038119	Cdon	0.27927093310071704	0.0013944394060160321	0.035432369014986136	0.16288261684535912	0.2225195336374229	0.5869713003186572	6	4	6	True	False	True	True
skin_hvg	ENSMUSG00000038146	Notch3	0.09552176526478284	0.5532753042378422	0.6951690359134325	0.05920457623281831	0.5815934173190107	0.7712098634701623	6	3	6	False	False	False	False
skin_hvg	ENSMUSG00000038147	Cd84	0.10769206157282518	0.4364346276226424	0.5994222499053761	0.15986196223650997	0.21790165317423843	0.5869713003186572	6	5	6	False	False	False	False
skin_hvg	ENSMUSG00000038156	Spon1	-0.26093771380848096	0.056122505065665136	0.17252852809432837	-0.14144767254304366	0.5401251637587858	0.7474913042455268	6	3	6	False	False	False	False
skin_hvg	ENSMUSG00000038168	P3h2	0.044315438879013236	0.5066384211688051	0.660847111086939	0.03688286362381543	0.744907588458647	0.8645644612118528	6	3	6	False	False	False	False
skin_hvg	ENSMUSG00000038175	Mylip	0.08033788562060007	0.0217744792077839	0.10304178904726173	0.09234048036086213	0.05111082326524205	0.5869713003186572	6	5	6	False	False	False	True
skin_hvg	ENSMUSG00000038178	Slc43a2	-0.21799212199779028	0.08413192739562894	0.21595303214533546	-0.1658846587254863	0.2304424017903693	0.5869713003186572	6	4	6	False	False	False	False
skin_hvg	ENSMUSG00000038239	Hrc	0.4226213000125698	0.10615764005361195	0.24763090188729356	0.5429744204418858	0.24854888511028717	0.5869713003186572	6	5	6	False	False	False	False
skin_hvg	ENSMUSG00000038252	Ncapd2	-0.26527107426964935	0.07877722685897542	0.2084316165113858	-0.24886349882462802	0.2798148932051978	0.5928186063526332	6	4	6	False	False	False	False
skin_hvg	ENSMUSG00000038264	Sema7a	-0.08842747811045815	0.49668625394227656	0.6520252922133616	-0.06048302457498315	0.6431516267182891	0.81392509414222	6	4	6	False	False	False	False
skin_hvg	ENSMUSG00000038295		-0.39144545580516876	0.02443536145847391	0.1103200718669654	-0.3361070266660892	0.13754592973189847	0.5869713003186572	6	4	6	False	False	False	True
skin_hvg	ENSMUSG00000038296	Galnt18	0.04533411599022852	0.745198362450285	0.8286532791918261	0.0452328343800373	0.6419603138724336	0.8129326232106847	6	3	6	False	False	False	False
skin_hvg	ENSMUSG00000038332	Sesn1	-0.10617020900751761	0.084665415210285	0.2164464777958512	-0.065789752863526	0.6126259575099515	0.7927403879376062	6	2	6	False	False	False	False
skin_hvg	ENSMUSG00000038393	Txnip	0.2614838625754512	0.027275677838881462	0.11761430490862818	0.22355307334119048	0.43486740327782764	0.6874780020837367	6	4	6	False	False	False	True
skin_hvg	ENSMUSG00000038400	Pmepa1	-0.11727481166846943	0.32813145512566416	0.4989941887979905	-0.04759738619508506	0.7557813457162715	0.865918156853353	6	4	6	False	False	False	False
skin_hvg	ENSMUSG00000038530	Rgs4	0.2666309963097735	0.03400127210859631	0.13323201710101343	0.35270421474568686	0.0007990294068423322	0.31913234509282745	6	6	6	False	False	False	True
skin_hvg	ENSMUSG00000038587	Akap12	0.3704426147235331	0.0013319461421224244	0.03454540254561901	0.2166712651530259	0.18503321787831226	0.5869713003186572	6	5	6	True	False	True	True
skin_hvg	ENSMUSG00000038599	Capn8	-1.1711894104263285	0.012062115465340757	0.07126640409551921	-1.0461319663290571	0.10545552675932461	0.5869713003186572	6	4	6	False	False	False	True
skin_hvg	ENSMUSG00000038600	Atp6v0a4	-0.11973874405134577	0.1383685010547634	0.2899495242459208	-0.051904272961661814	0.20807995296617043	0.5869713003186572	6	4	6	False	False	False	False
skin_hvg	ENSMUSG00000038608	Dock10	0.1664152999257329	0.15806212549918713	0.3137674598627005	0.19508514037904515	0.1391514798285886	0.5869713003186572	6	5	6	False	False	False	False
skin_hvg	ENSMUSG00000038642	Ctss	0.05725586835107066	0.6809229665506035	0.7837482214418184	0.04921297222502637	0.7197810631597529	0.8557970384749141	6	4	6	False	False	False	False
skin_hvg	ENSMUSG00000038668	Lpar1	0.1999676538762465	0.06486764861572536	0.1871975350948028	0.09044981413711846	0.40163683140180334	0.6632461406860252	6	4	6	False	False	False	False
skin_hvg	ENSMUSG00000038670	Mybpc2	0.40855009916064766	0.1949414469732094	0.35519896861815614	0.5314068012552461	0.3443420395557601	0.6246482988515789	6	5	6	False	False	False	False
skin_hvg	ENSMUSG00000038677	Scube3	-0.285206335368704	0.12859326541921595	0.27656426580536564	-0.2246716073397037	0.336899139007716	0.6246482988515789	6	4	6	False	False	False	False
skin_hvg	ENSMUSG00000038754	Elovl3	-0.03410452814222964	0.8393280468197295	0.8920373121335816	-0.03196598362622538	0.7368266957726489	0.8615005336405035	6	3	6	False	False	False	False
skin_hvg	ENSMUSG00000038776	Ephx1	0.03057902871031537	0.7015525161027432	0.7969315918646589	0.08004715953546644	0.12115796660462978	0.5869713003186572	6	5	6	False	False	False	False
skin_hvg	ENSMUSG00000038781	Stap2	0.07631968500524167	0.4188889291945285	0.5866207514736841	0.07289261499627979	0.3986278138188401	0.6632461406860252	6	4	6	False	False	False	False
skin_hvg	ENSMUSG00000038807	Rap1gap2	-0.04126346894251132	0.6817425302606513	0.7842395350982262	0.06528693272732955	0.6849078558113738	0.8348355077384755	6	3	6	False	False	False	False
skin_hvg	ENSMUSG00000038843	Gcnt1	-0.28234957051303855	0.023308726325530816	0.10799890132734347	-0.17363593062164076	0.2899633368924625	0.5936141152037087	6	5	6	False	False	False	True
skin_hvg	ENSMUSG00000038855		0.08768302532485706	0.12484340324999843	0.27217497411599	0.1113232487244608	0.11468083429950443	0.5869713003186572	6	5	6	False	False	False	False
skin_hvg	ENSMUSG00000038886	Man2a2	0.10866223412569376	0.16526373653677418	0.31948855940361864	0.12028434605308114	0.03048198718838431	0.5869713003186572	6	5	6	False	False	False	True
skin_hvg	ENSMUSG00000038894	Irs2	0.14852089621216003	0.04815995604501641	0.15907484618116943	0.1429638909976346	0.17228747245165224	0.5869713003186572	6	5	6	False	False	False	True
skin_hvg	ENSMUSG00000038943	Prc1	-0.31966161765059375	0.011835650552162782	0.07013588769338004	-0.21785883317873767	0.21230758942763311	0.5869713003186572	6	4	6	False	False	False	True
skin_hvg	ENSMUSG00000038963	Slco4a1	-0.01079362189229549	0.9426518439357932	0.9638892638708546	0.018975112855704968	0.8953638782172532	0.9450668790282857	6	3	6	False	False	False	False
skin_hvg	ENSMUSG00000038967	Pdk2	0.37106668611993676	0.011119046486958137	0.06749159828101946	0.37493785027651	0.13459513652321184	0.5869713003186572	6	5	6	False	False	False	True
skin_hvg	ENSMUSG00000039005	Tlr4	0.2208580718230051	0.07565659340695163	0.20555947895739102	0.22695982747076102	0.09443488835422437	0.5869713003186572	6	5	6	False	False	False	False
skin_hvg	ENSMUSG00000039062	Anpep	0.01568370764849547	0.8550183278797474	0.9010404225730109	0.03744926249570065	0.666747337773708	0.8229778352110126	6	3	6	False	False	False	False
skin_hvg	ENSMUSG00000039092	Sptlc3	0.03388502966892748	0.793891045792452	0.8643470702657619	0.09185990777139663	0.38712900305035247	0.6513029646938112	6	3	6	False	False	False	False
skin_hvg	ENSMUSG00000039109	F13a1	0.11283323781458954	0.40712805804840274	0.575396130164657	0.02671251308050297	0.8987391921356975	0.9466048006065844	6	3	6	False	False	False	False
skin_hvg	ENSMUSG00000039114	Nrn1	0.2625394691923226	0.018933581080892943	0.09544753831506594	0.24451627601758164	0.07646814853274495	0.5869713003186572	6	5	6	False	False	False	True
skin_hvg	ENSMUSG00000039115	Itga9	0.1475045688027734	0.06797638043380917	0.19282504506579107	0.07267254368068062	0.14746906708236773	0.5869713003186572	6	4	6	False	False	False	False
skin_hvg	ENSMUSG00000039116		0.14586578536187922	0.12571850855025218	0.27348568799003664	0.1616452245428226	0.15494862877519006	0.5869713003186572	6	5	6	False	False	False	False
skin_hvg	ENSMUSG00000039196	Orm1	-0.0014638207065251763	0.9888567797355446	0.992834082017035	-0.002138397069356035	0.9837238204592937	0.9926712832022282	6	4	6	False	False	False	False
skin_hvg	ENSMUSG00000039209	Rpl39l	0.046361763945058865	0.6914621348418204	0.79041206827654	0.0803094757582709	0.3828348058347149	0.6479700619758414	6	3	6	False	False	False	False
skin_hvg	ENSMUSG00000039217	Il18	-0.2854362225995226	0.024339265100271852	0.11021658141778433	-0.20786857149345428	0.008399072492409761	0.5869713003186572	6	6	6	False	False	False	True
skin_hvg	ENSMUSG00000039238	Zfp750	-0.2209439440411778	0.005577519052531264	0.05285464444776847	-0.12493786271594765	0.3644646653527244	0.6329586123922131	6	4	6	False	False	False	True
skin_hvg	ENSMUSG00000039239	Tgfb2	0.11425614414357899	0.12876422462866008	0.27656426580536564	0.06266971220214816	0.5410784908953352	0.7482920680872468	6	4	6	False	False	False	False
skin_hvg	ENSMUSG00000039252	Lgi2	0.1818587133623133	0.2677915511803539	0.43302002243495286	-0.08784116667080522	0.7478030110525598	0.8652158824287148	6	3	6	False	False	False	False
skin_hvg	ENSMUSG00000039323	Igfbp2	-0.28196541764862726	0.16117134167642658	0.3176005555851727	-0.30058152254014175	0.1911757624098296	0.5869713003186572	6	5	6	False	False	False	False
skin_hvg	ENSMUSG00000039384	Dusp10	0.05725696403793901	0.526088402321689	0.6760608361881679	0.14897138130599977	0.3420610037745575	0.6246482988515789	6	5	6	False	False	False	False
skin_hvg	ENSMUSG00000039385	Cdh6	-0.9419712018269042	0.0029970620185190036	0.044078281846389886	-0.6321626101636784	0.20315019461520814	0.5869713003186572	6	4	6	True	False	True	True
skin_hvg	ENSMUSG00000039405	Prss23	0.05680425299714997	0.4816119254894126	0.6394807281930566	0.03383969415848783	0.7551781422472935	0.8657237371227584	6	4	6	False	False	False	False
skin_hvg	ENSMUSG00000039457	Ppl	-0.10825811363184457	0.18789169761361318	0.3464258374322884	-0.07029923039683557	0.46727191497639126	0.6997211329032088	6	3	6	False	False	False	False
skin_hvg	ENSMUSG00000039481	Nrtn	0.13015602191826803	0.6391090138705583	0.7591675099489219	0.004795600048748146	0.9725133358330934	0.9893115785844547	6	3	6	False	False	False	False
skin_hvg	ENSMUSG00000039497	Dse	0.03517757018267886	0.6034931997526426	0.7330753770717927	0.06284483808286782	0.2772666762364569	0.5909715492757674	6	5	6	False	False	False	False
skin_hvg	ENSMUSG00000039518	Cdsn	-0.16198773313342052	0.268864058918452	0.43405135461612665	-0.16921305733295888	0.17779078570343743	0.5869713003186572	6	4	6	False	False	False	False
skin_hvg	ENSMUSG00000039519	Cyp7b1	0.09588478367366404	0.4977152445688646	0.6520252922133616	0.042949895613601484	0.7110258476714696	0.8512701545563097	6	4	6	False	False	False	False
skin_hvg	ENSMUSG00000039621	Prex1	0.2780143817340104	0.06733758889821585	0.19210452147105295	0.1651114754219729	0.004909254074011086	0.5869713003186572	6	6	6	False	False	False	True
skin_hvg	ENSMUSG00000039628	Hs3st6	0.30717553230827743	0.1152867891542134	0.2592066589198054	0.18348672389020507	0.2014459172034014	0.5869713003186572	6	5	6	False	False	False	False
skin_hvg	ENSMUSG00000039760	Il22ra2	0.6494674743215727	0.0001063731438578203	0.012316317430220719	0.5236740537746525	0.10041646055500926	0.5869713003186572	6	4	6	True	False	True	True
skin_hvg	ENSMUSG00000039831	Arhgap29	0.04915067371378612	0.5239685125683818	0.6742043296385686	0.10629695250457398	0.12120963251157754	0.5869713003186572	6	5	6	False	False	False	False
skin_hvg	ENSMUSG00000039899	Fgl2	0.12030445730186834	0.40405942333312755	0.5723979084258908	0.1350418379652507	0.2609246495105101	0.5899156264169036	6	5	6	False	False	False	False
skin_hvg	ENSMUSG00000039910	Cited2	0.2073730049095035	0.0021593970207755948	0.04015806467960487	0.23898037305567246	0.03582251267001289	0.5869713003186572	6	5	6	True	False	True	True
skin_hvg	ENSMUSG00000039911	Spsb1	-0.09318569988140535	0.32659605200797004	0.4974922317772053	-0.13506317033400883	0.2861879314758846	0.5936141152037087	6	3	6	False	False	False	False
skin_hvg	ENSMUSG00000039943	Plcb4	0.1745126640966923	0.07733351478385027	0.2074889745384795	0.1897556435814174	0.16342170494430885	0.5869713003186572	6	4	6	False	False	False	False
skin_hvg	ENSMUSG00000039959	Hip1	0.18995360146738882	0.0014483379709297893	0.03615413659933486	0.1691365882123573	0.03489012607454849	0.5869713003186572	6	5	6	True	False	True	True
skin_hvg	ENSMUSG00000039960	Rhou	-0.04329172057187414	0.3295036256714463	0.4994408302173042	-0.0014344706286415487	0.9789981181645415	0.9909889118398547	6	3	6	False	False	False	False
skin_hvg	ENSMUSG00000039976	Tbc1d16	0.16820769037685057	0.08185737292712583	0.21368519442545134	0.18678042007164683	0.04130573044273289	0.5869713003186572	6	6	6	False	False	False	True
skin_hvg	ENSMUSG00000039982	Dtx4	0.24786447466215744	0.0004485069008651959	0.021325435262566576	0.1600573116649128	0.14229690339268664	0.5869713003186572	6	5	6	True	False	True	True
skin_hvg	ENSMUSG00000039994	Timeless	-0.2153939196202268	0.08289666878611479	0.2142580042741113	-0.15998971848179075	0.45318948229556216	0.6970877244787581	6	3	6	False	False	False	False
skin_hvg	ENSMUSG00000040010	Slc7a5	-0.329231052410754	0.04872623316960781	0.159780439474067	-0.29568167271790974	0.18025253560793447	0.5869713003186572	6	5	6	False	False	False	True
skin_hvg	ENSMUSG00000040016	Ptger3	0.15596712740388607	0.20104420195825193	0.36095661953915725	0.12828412677370324	0.32347750348552157	0.6176287484617111	6	4	6	False	False	False	False
skin_hvg	ENSMUSG00000040033	Stat2	0.13235983712637722	0.025858211500454295	0.11374195675420093	0.14252572536023647	0.016786284594367977	0.5869713003186572	6	5	6	False	False	False	True
skin_hvg	ENSMUSG00000040035	Disp2	-0.0038569051938044385	0.9722404075123793	0.9816016692003453	0.04338926806601016	0.5489488560271395	0.7518867390165964	6	4	6	False	False	False	False
skin_hvg	ENSMUSG00000040055	Gjb6	-1.1248533130835652	0.0010921799614123037	0.03160990410058508	-0.9196662086760679	0.09530993229067873	0.5869713003186572	6	5	6	True	False	True	True
skin_hvg	ENSMUSG00000040084	Bub1b	-0.38468147380185513	0.013873324790174616	0.07735068100173678	-0.2808865787008723	0.2657089370826842	0.5909715492757674	6	3	6	False	False	False	True
skin_hvg	ENSMUSG00000040093	Bmf	0.19387534317613664	0.009150490975893188	0.061837949948406384	0.1734299634895272	0.02233595655403087	0.5869713003186572	6	6	6	False	False	False	True
skin_hvg	ENSMUSG00000040127	Sdr9c7	-0.17585630158187904	0.03564089211289951	0.13608960143300253	-0.16432370532050541	0.09620835262028936	0.5869713003186572	6	5	6	False	False	False	True
skin_hvg	ENSMUSG00000040133	Gpr176	-0.17786332507973812	0.14152253372716947	0.2937843033816605	-0.135179488661035	0.33005683838568545	0.6201188088392988	6	3	6	False	False	False	False
skin_hvg	ENSMUSG00000040147	Maob	0.15916818282240364	0.1838868909331223	0.3416019732032049	0.12075291865853233	0.458389343340008	0.6995092831490081	6	4	6	False	False	False	False
skin_hvg	ENSMUSG00000040152	Thbs1	-0.1376580459771546	0.326955276978477	0.49765982326678243	-0.032617131116398745	0.7892604600574505	0.8912533004048985	6	4	6	False	False	False	False
skin_hvg	ENSMUSG00000040170	Fmo2	0.21296948383421377	0.10639599275099439	0.24763729315120722	0.0963417157025989	0.5469426049300339	0.7517144485488968	6	4	6	False	False	False	False
skin_hvg	ENSMUSG00000040204	Pclaf	-0.5783674541958002	0.005750126429577842	0.05285464444776847	-0.42296985920631575	0.2440748678671507	0.5869713003186572	6	3	6	False	False	False	True
skin_hvg	ENSMUSG00000040209	Zfp704	0.04136052781807287	0.42209972666309037	0.5894637441581758	0.04535466721205358	0.5068389337599855	0.7240038274096502	6	4	6	False	False	False	False
skin_hvg	ENSMUSG00000040249	Lrp1	0.215684106012759	0.2601171146661654	0.4243904231930819	0.06373841252311359	0.3350950953598495	0.6239355770911761	6	3	6	False	False	False	False
skin_hvg	ENSMUSG00000040296	Ddx58	0.14116429568586053	0.054122598264819285	0.1686159574646554	0.18194258391666196	0.014953194327580771	0.5869713003186572	6	6	6	False	False	False	True
skin_hvg	ENSMUSG00000040434	Large2	-0.2085624291041217	0.12413616598981109	0.27198364263744684	-0.1572402724355816	0.33746378031219	0.6246482988515789	6	4	6	False	False	False	False
skin_hvg	ENSMUSG00000040447	Spns2	0.024956628437582395	0.8222807466839925	0.882846586627921	0.026170928291648465	0.772782859141019	0.8790283200863022	6	3	6	False	False	False	False
skin_hvg	ENSMUSG00000040488	Ltbp4	0.14543973169840463	0.5683335884496432	0.7058222488395134	0.04784950862919102	0.6609236598796107	0.8225653784121488	6	4	6	False	False	False	False
skin_hvg	ENSMUSG00000040522	Tlr8	0.040250756048581415	0.7945976057634173	0.8643470702657619	-0.0134943966456779	0.942126624617867	0.9745934199455507	6	3	6	False	False	False	False
skin_hvg	ENSMUSG00000040552	C3ar1	0.104834830532198	0.4935311059101326	0.6518098311355406	0.07489311886237242	0.5223792961655649	0.735159587345055	6	3	6	False	False	False	False
skin_hvg	ENSMUSG00000040562	Gstm2	-0.00606997842661805	0.9468342947738664	0.9649877185950552	0.059918644778434636	0.3737183340632028	0.641715832436987	6	4	6	False	False	False	False
skin_hvg	ENSMUSG00000040564	Apoc1	-0.1311420599923636	0.23807048223432192	0.4021226572837747	-0.04194367791589141	0.526094252126946	0.7377880768943197	6	3	6	False	False	False	False
skin_hvg	ENSMUSG00000040569	Slc26a7	0.3815885137776789	0.021202965397097213	0.10154034028298113	0.3548074018450687	0.14111838581024586	0.5869713003186572	6	5	6	False	False	False	True
skin_hvg	ENSMUSG00000040584	Abcb1a	0.313783161355766	0.000862172898406606	0.028225561936360527	0.2396610724154861	0.15282026385915493	0.5869713003186572	6	4	6	True	False	True	True
skin_hvg	ENSMUSG00000040624	Plekhg1	-0.32900711016506	0.0047352241139554455	0.0492712545850238	-0.2504597226187686	0.1645001803633814	0.5869713003186572	6	4	6	True	False	True	True
skin_hvg	ENSMUSG00000040663	Clcf1	0.05931820401910137	0.5900933063998989	0.7219811691325759	0.08527696717588713	0.501487800384039	0.7215317980224437	6	3	6	False	False	False	False
skin_hvg	ENSMUSG00000040690	Col16a1	-0.10167203367083388	0.5673286882293466	0.7057823619076977	-0.1392255659662441	0.23728422307343977	0.5869713003186572	6	4	6	False	False	False	False
skin_hvg	ENSMUSG00000040694	Apobec2	0.558942839776928	0.04551134759788333	0.1553609592358513	0.8812500864202666	0.18606531791118966	0.5869713003186572	6	5	6	False	False	False	True
skin_hvg	ENSMUSG00000040703	Cyp2s1	-0.171890374614863	0.20258670552171884	0.3621894815818017	-0.0510400700821072	0.8098612687855894	0.9009988600361126	6	3	6	False	False	False	False
skin_hvg	ENSMUSG00000040710	St8sia4	0.28177475498995985	0.04384588758684784	0.15225691665159724	0.270631484312098	0.08608898084318	0.5869713003186572	6	5	6	False	False	False	True
skin_hvg	ENSMUSG00000040717	Il17rd	0.08232318117623727	0.1067297891808063	0.24793375643902849	0.054081849020998586	0.3523518233711433	0.627672779114404	6	5	6	False	False	False	False
skin_hvg	ENSMUSG00000040747	Cd53	0.14451129307120514	0.3883374983059275	0.5579208518826887	0.15631335451833492	0.2663356677664516	0.5909715492757674	6	4	6	False	False	False	False
skin_hvg	ENSMUSG00000040907		0.41772951980801976	0.006027599219879677	0.053261573637609354	0.31437537490555584	0.07447010693330756	0.5869713003186572	6	5	6	False	False	False	True
skin_hvg	ENSMUSG00000040990	Sh3kbp1	0.028490322256560674	0.6970063828493747	0.7940226734456367	0.06536472477767881	0.022850032334607074	0.5869713003186572	6	6	6	False	False	False	True
skin_hvg	ENSMUSG00000041046	Ramp3	0.2271492337679537	0.1562293332653686	0.3107469905686664	0.21237462420561673	0.019870388761656036	0.5869713003186572	6	6	6	False	False	False	True
skin_hvg	ENSMUSG00000041075	Fzd7	0.0890406652924387	0.05464522325459529	0.16997898884645918	0.14724002793940993	0.1720424487497878	0.5869713003186572	6	4	6	False	False	False	False
skin_hvg	ENSMUSG00000041112	Elmo1	0.13767523831872008	0.04020600457460005	0.14678499293505723	0.12481631595817211	0.048615832511810064	0.5869713003186572	6	5	6	False	False	False	True
skin_hvg	ENSMUSG00000041219	Arhgap11a	-0.26062087374443177	0.0038988506630510253	0.04817083322089042	-0.19426826880731415	0.218427824918128	0.5869713003186572	6	4	6	True	False	True	True
skin_hvg	ENSMUSG00000041220	Elovl6	-0.3609230744736873	0.004531979147091276	0.0492712545850238	-0.263701787342186	0.03773584573348477	0.5869713003186572	6	6	6	True	False	True	True
skin_hvg	ENSMUSG00000041235		-0.04586501840674018	0.3655767225182913	0.538389907720522	0.0045635801260583975	0.9609053451832934	0.98424547733545	6	3	6	False	False	False	False
skin_hvg	ENSMUSG00000041313	Slc7a1	-0.433980116246345	0.005814847595673838	0.05285464444776847	-0.33024658060101225	0.23374537828141495	0.5869713003186572	6	4	6	False	False	False	True
skin_hvg	ENSMUSG00000041324	Inhba	-0.30921761146098525	0.02562460262204473	0.11346414952599408	-0.18876122565061193	0.24124219337993671	0.5869713003186572	6	4	6	False	False	False	True
skin_hvg	ENSMUSG00000041329	Atp1b2	0.41889620338398803	0.013151459964016449	0.07546972858661163	0.3795620076897131	0.11412434960692151	0.5869713003186572	6	5	6	False	False	False	True
skin_hvg	ENSMUSG00000041417	Pik3r1	0.12411971478952921	0.10469956952965258	0.2463189945319003	0.10669424702936385	0.449997857117758	0.6970877244787581	6	4	6	False	False	False	False
skin_hvg	ENSMUSG00000041431	Ccnb1	-0.5580381281733366	0.0019026492736976867	0.0391710371090132	-0.40238584053152177	0.19109686235736448	0.5869713003186572	6	3	6	True	False	True	True
skin_hvg	ENSMUSG00000041445	Mmrn2	0.32089282412190556	0.0009204809746774689	0.028721882912982902	0.2380333149398847	0.04310866384160448	0.5869713003186572	6	5	6	True	False	True	True
skin_hvg	ENSMUSG00000041498		-0.46463546325451777	0.004694566119955045	0.0492712545850238	-0.3706095979188011	0.19108849594197358	0.5869713003186572	6	4	6	True	False	True	True
skin_hvg	ENSMUSG00000041548	Hspb8	0.11294135380710735	0.05034750418618012	0.16348612334927107	0.12312197015732511	0.34436889359049955	0.6246482988515789	6	3	6	False	False	False	False
skin_hvg	ENSMUSG00000041559	Fmod	0.2856334165628214	0.12472570209258818	0.27217497411599	0.05483525174421855	0.7887973976211258	0.8912533004048985	6	3	6	False	False	False	False
skin_hvg	ENSMUSG00000041577	Prelp	0.4487749729846975	0.00024415446903054585	0.016812981884620694	0.3124607668488381	0.11366894027874996	0.5869713003186572	6	5	6	True	False	True	True
skin_hvg	ENSMUSG00000041592	Sdk2	0.09099058807022242	0.5677643041997773	0.7057823619076977	0.0218581605904203	0.8665738145480923	0.9317478172062142	6	3	6	False	False	False	False
skin_hvg	ENSMUSG00000041642	Kif21b	0.1148875587644298	0.4040674327740891	0.5723979084258908	0.12364603721647767	0.4442930275415508	0.693455318899926	6	2	6	False	False	False	False
skin_hvg	ENSMUSG00000041660	Bbox1	0.03441198830883785	0.7677667287778049	0.8438250728504548	0.05539455258547591	0.6652193721259991	0.8225653784121488	6	3	6	False	False	False	False
skin_hvg	ENSMUSG00000041688	Amot	0.41111923324882316	0.005815256916210301	0.05285464444776847	0.4738726936603032	0.12423996324770613	0.5869713003186572	6	5	6	False	False	False	True
skin_hvg	ENSMUSG00000041695	Kcnj2	0.10956266752506494	0.3459109222443872	0.5173404043005736	0.24263259065292755	0.22598370259607745	0.5869713003186572	6	5	6	False	False	False	False
skin_hvg	ENSMUSG00000041734	Kirrel	0.05578568595995215	0.39210562165194707	0.5610811268858522	0.04749637269370218	0.4824105064091672	0.7099290945461363	6	3	6	False	False	False	False
skin_hvg	ENSMUSG00000041736	Tspo	0.09388326601792318	0.6458185350334495	0.762684573898166	0.054626825724927976	0.4571339904221977	0.6985560297574038	6	4	6	False	False	False	False
skin_hvg	ENSMUSG00000041757	Plekha6	0.10902110301110302	0.16126537975130953	0.3176005555851727	0.11821121181868488	0.09669923369129282	0.5869713003186572	6	5	6	False	False	False	False
skin_hvg	ENSMUSG00000041771	Slc24a4	-1.0147046242710727	0.0035256151972988424	0.046996858806320395	-0.7098989142077451	0.20335518513709155	0.5869713003186572	6	4	6	True	False	True	True
skin_hvg	ENSMUSG00000041797	Abca9	0.16098330971290764	0.23884233621273274	0.4022577885163299	0.0677110486740095	0.7067241947412678	0.8491746190723898	6	3	6	False	False	False	False
skin_hvg	ENSMUSG00000041827	Oasl1	0.1440469271501783	0.32833167955961917	0.4989941887979905	0.1368235633671636	0.4188552756765962	0.6777016284520269	6	5	6	False	False	False	False
skin_hvg	ENSMUSG00000041859	Mcm3	-0.3154672530766254	0.012313730523184697	0.07222540282757542	-0.20927313640344014	0.33219176465414885	0.6217096877671812	6	3	6	False	False	False	True
skin_hvg	ENSMUSG00000041936	Agrn	0.00031377495558970736	0.9981635847001118	0.9987277304636993	0.015190701975799156	0.8914603662759758	0.9429270929306799	6	3	6	False	False	False	False
skin_hvg	ENSMUSG00000041984	Rptn	-0.7854317000544784	0.0007300121948358452	0.026506079147039688	-0.6334585721900964	0.019603785052766373	0.5869713003186572	6	6	6	True	False	True	True
skin_hvg	ENSMUSG00000041991	Hrnr	-0.480581735536763	0.00537549977355266	0.05192880939017855	-0.5124933524084669	0.11758631019398713	0.5869713003186572	6	5	6	False	False	False	True
skin_hvg	ENSMUSG00000042010	Acacb	0.3117093003805973	0.15072569390526283	0.3045925003218047	0.18602803814356447	0.18211134350968272	0.5869713003186572	6	4	6	False	False	False	False
skin_hvg	ENSMUSG00000042029	Ncapg2	-0.2511887963821815	0.023741846749481297	0.10924531787722154	-0.14117158211428396	0.34645242125641695	0.6246482988515789	6	3	6	False	False	False	True
skin_hvg	ENSMUSG00000042082	Arsb	0.08810367571717492	0.21157249337496734	0.37192805393469175	0.043431429067167716	0.7029322547978265	0.8466560391020865	6	4	6	False	False	False	False
skin_hvg	ENSMUSG00000042116	Vwa1	0.20733707360033282	0.04427268847807785	0.15269872001851723	0.18952059155087544	0.04020619314271478	0.5869713003186572	6	5	6	False	False	False	True
skin_hvg	ENSMUSG00000042190	Cmklr1	0.11193356496487006	0.25665805241155026	0.42080963108855984	0.11404634942524987	0.14018387286821452	0.5869713003186572	6	5	6	False	False	False	False
skin_hvg	ENSMUSG00000042228	Lyn	0.17098715327011416	0.06941670435596373	0.19552208547088795	0.1580917910616444	0.17454558074408133	0.5869713003186572	6	4	6	False	False	False	False
skin_hvg	ENSMUSG00000042244		-0.10491102140155473	0.3654441610946435	0.538389907720522	0.06493273880574812	0.5968284529460857	0.7818522346674105	6	2	6	False	False	False	False
skin_hvg	ENSMUSG00000042249	Grk3	0.22131126013748847	0.01995721107106931	0.09864987749734012	0.18073095078063398	0.23040579066590675	0.5869713003186572	6	4	6	False	False	False	True
skin_hvg	ENSMUSG00000042250	Pglyrp4	0.03491562806902415	0.8369402264426755	0.8918728026713036	0.1258040605357714	0.5772195280393103	0.7696050676229939	6	3	6	False	False	False	False
skin_hvg	ENSMUSG00000042251	Pm20d1	-0.6805832176799056	0.0004260598178584233	0.020752230640567592	-0.4592786371264457	0.09882840265211426	0.5869713003186572	6	5	6	True	False	True	True
skin_hvg	ENSMUSG00000042254	Cilp	0.14516854354244302	0.38310865795498444	0.5559719382926259	0.23634148163266003	0.2499917954983937	0.5869713003186572	6	4	6	False	False	False	False
skin_hvg	ENSMUSG00000042265	Trem1	-0.2999926784011875	0.0338197556571611	0.1329489213530526	-0.2171625551311044	0.13881657758164462	0.5869713003186572	6	5	6	False	False	False	True
skin_hvg	ENSMUSG00000042268	Slc26a9	-0.5128697821848727	0.004551733970873851	0.0492712545850238	-0.37747318555317794	0.07939658871807734	0.5869713003186572	6	5	6	True	False	True	True
skin_hvg	ENSMUSG00000042284	Itga1	0.16262059960182818	0.06187978473524486	0.18129432374905488	0.21562618654572763	0.04327687662692554	0.5869713003186572	6	5	6	False	False	False	True
skin_hvg	ENSMUSG00000042286	Stab1	0.1296266957977945	0.3743318476996135	0.5472479501142958	0.002163652518829847	0.9851114745057669	0.9930679528460457	6	3	6	False	False	False	False
skin_hvg	ENSMUSG00000042289	Hsd3b7	0.2238372457751172	0.007965366948011005	0.05869681843239106	0.17087451095288056	0.026757373430321398	0.5869713003186572	6	5	6	False	False	False	True
skin_hvg	ENSMUSG00000042357	Gjb5	0.06555675417885709	0.5507233833728569	0.6938767170950128	0.027208368701289103	0.5345944376772006	0.7446059578882008	6	4	6	False	False	False	False
skin_hvg	ENSMUSG00000042367	Gjb3	-0.11292510661622401	0.38252563773174053	0.5559719382926259	-0.10396494773295577	0.2041521204425337	0.5869713003186572	6	4	6	False	False	False	False
skin_hvg	ENSMUSG00000042428	Mgat3	0.3029487752402682	0.0003223474443395698	0.01839222418131774	0.25498532385153183	0.054091016035251877	0.5869713003186572	6	5	6	True	False	True	True
skin_hvg	ENSMUSG00000042429	Adora1	0.07984679509763559	0.5492902399632825	0.6930864707940574	0.04193852230585934	0.7676640917955084	0.8750143786048118	6	3	6	False	False	False	False
skin_hvg	ENSMUSG00000042436	Mfap4	-0.19271127848552627	0.36994577632577885	0.5433880608288998	-0.24679274354331696	0.18821130033219513	0.5869713003186572	6	3	6	False	False	False	False
skin_hvg	ENSMUSG00000042453	Reln	0.22148750597912414	0.12995131377104854	0.27785093533274513	0.16761448633771758	0.26837784840325246	0.5909715492757674	6	3	6	False	False	False	False
skin_hvg	ENSMUSG00000042489	Clspn	-0.4994485787390053	0.0007598219491803424	0.02676340921411257	-0.3763407694763597	0.19875865606474313	0.5869713003186572	6	4	6	True	False	True	True
skin_hvg	ENSMUSG00000042500	Ago4	0.1041810214686194	0.13153321871001555	0.2797357164684782	0.08812645998868367	0.36283708553283955	0.6322736996588836	6	4	6	False	False	False	False
skin_hvg	ENSMUSG00000042599		-0.1052410208308352	0.22794300260648598	0.3900618476479456	0.0006745224121189608	0.9919101207283076	0.9955806225510166	6	2	6	False	False	False	False
skin_hvg	ENSMUSG00000042622	Maff	0.042756437021181704	0.6185184558921338	0.7458735909080773	0.06948771008368881	0.2880540710675255	0.5936141152037087	6	4	6	False	False	False	False
skin_hvg	ENSMUSG00000042684	Npl	-0.09194103837321155	0.17905162719581968	0.33677254760807557	-0.09282175329107407	0.2558446293623341	0.5869713003186572	6	5	6	False	False	False	False
skin_hvg	ENSMUSG00000042745	Id1	-0.01884199683792609	0.8703528029738133	0.9138246832485307	-0.01974530934965424	0.8817455253572587	0.9381171092905943	6	2	6	False	False	False	False
skin_hvg	ENSMUSG00000042808	Gpx2	-0.5605848488384977	0.02059918722681905	0.10034429974209737	-0.3537533838571219	0.22911788001949113	0.5869713003186572	6	4	6	False	False	False	True
skin_hvg	ENSMUSG00000042988	Notum	-0.041599049165836455	0.8046076417801306	0.8694813098673814	0.024995349378441317	0.88898805231524	0.9413804403757559	6	3	6	False	False	False	False
skin_hvg	ENSMUSG00000043004	Gng2	0.08169001442172164	0.42109798826604655	0.5888884331703745	0.10122560030278753	0.2543516595712339	0.5869713003186572	6	4	6	False	False	False	False
skin_hvg	ENSMUSG00000043017	Ptgir	0.298872801275075	0.005270050129015054	0.051338000525088114	0.2634446717663497	0.004246362087649485	0.5869713003186572	6	6	6	False	False	False	True
skin_hvg	ENSMUSG00000043029	Trpv3	-0.5069202780444568	0.0012558200174726348	0.03435441883414865	-0.3445172834418638	0.19228080694923436	0.5869713003186572	6	4	6	True	False	True	True
skin_hvg	ENSMUSG00000043091	Tuba1c	-0.26523577760255	0.04966683301458078	0.16180206448632597	-0.15455876011810066	0.37936181061154167	0.6479349484420985	6	3	6	False	False	False	True
skin_hvg	ENSMUSG00000043099	Hic1	0.3535464601977276	0.03958637931489685	0.14627654576500027	0.20588909493900465	0.009182302521043158	0.5869713003186572	6	6	6	False	False	False	True
skin_hvg	ENSMUSG00000043415	Otud1	0.1423127571186633	0.14140360326622284	0.2937843033816605	0.17183649996554898	0.23101957690655042	0.5869713003186572	6	4	6	False	False	False	False
skin_hvg	ENSMUSG00000043461	Sptssb	-1.0253912428839795	0.003913981373292736	0.04817083322089042	-0.6902432528819196	0.20667055311525223	0.5869713003186572	6	3	6	True	False	True	True
skin_hvg	ENSMUSG00000043485	Krt34	-1.6869790249407552	0.010390440266497868	0.06464083866727802	-1.5883613130482697	0.10979913751621104	0.5869713003186572	6	5	6	False	False	False	True
skin_hvg	ENSMUSG00000043557	Mdga1	-0.2629541576287382	0.10525736815313715	0.24671239929790478	-0.2675240446931375	0.16919480313467464	0.5869713003186572	6	5	6	False	False	False	False
skin_hvg	ENSMUSG00000043613	Mmp3	0.17635015533909648	0.2630674162139747	0.4285037766552264	-0.19667915277375872	0.654223299677152	0.8180863678492627	6	3	6	False	False	False	False
skin_hvg	ENSMUSG00000043719	Col6a6	0.07576587483092556	0.5429165210734557	0.6879468861571643	-0.03305153298386839	0.7513700060016005	0.8657237371227584	6	4	6	False	False	False	False
skin_hvg	ENSMUSG00000043832	Clec4a3	0.07399780926270516	0.6469193989567674	0.763142131059696	0.07223581043500642	0.5858533709841875	0.7732644956083428	6	4	6	False	False	False	False
skin_hvg	ENSMUSG00000043953	Ccrl2	0.17727019000560595	0.11863931420167954	0.26442266792494873	0.22064955287350063	0.151905062817141	0.5869713003186572	6	4	6	False	False	False	False
skin_hvg	ENSMUSG00000044037	Als2cl	0.20185498309094374	0.10783342059920298	0.24981826094734147	0.10607201084822071	0.37420933003265466	0.6418607055641564	6	4	6	False	False	False	False
skin_hvg	ENSMUSG00000044080	S100a1	-0.14504657054294245	0.163154328712262	0.3178723848179387	-0.023458838685799382	0.8645951371986722	0.9307797784289749	6	3	6	False	False	False	False
skin_hvg	ENSMUSG00000044103	Il36g	-0.18587128802896657	0.21627738206618322	0.37754015033755933	-0.1596108126904577	0.1643626463111085	0.5869713003186572	6	4	6	False	False	False	False
skin_hvg	ENSMUSG00000044244	Il20rb	0.13791915712571523	0.10125184936435266	0.24071421807215745	0.10536894481114434	0.3077702957263836	0.6075857546195992	6	4	6	False	False	False	False
skin_hvg	ENSMUSG00000044254	Pcsk9	-0.20159205196493035	0.07066356451890242	0.1979733808363256	-0.25886961989885865	0.25446027036971347	0.5869713003186572	6	4	6	False	False	False	False
skin_hvg	ENSMUSG00000044322	Dsc1	-0.4287920769191498	4.5023771672375636e-05	0.011239059003716769	-0.30713608599913655	0.028011103703764507	0.5869713003186572	6	6	6	True	False	True	True
skin_hvg	ENSMUSG00000044337	Ackr3	0.0625526633057607	0.44710183690372673	0.6094623674380494	-0.0005319773199952138	0.9938471835754941	0.9955806225510166	6	4	6	False	False	False	False
skin_hvg	ENSMUSG00000044338	Aplnr	0.2595670635922156	0.008113238587504503	0.058916863488169074	0.17493002452643358	0.25497611490258637	0.5869713003186572	6	4	6	False	False	False	True
skin_hvg	ENSMUSG00000044393	Dsg2	-0.20990401022150085	0.02173845279236984	0.10304178904726173	-0.09523142566368244	0.4850297390864481	0.7106415179425069	6	4	6	False	False	False	True
skin_hvg	ENSMUSG00000044447	Dock5	-0.07860125545087193	0.21416512692410522	0.3753914837936256	-0.013629356688967142	0.8373751868087862	0.914791164145047	6	4	6	False	False	False	False
skin_hvg	ENSMUSG00000044534	Ackr2	0.20019483866638588	0.14732102579656778	0.30079236872209253	0.23201193975907897	0.12283516705549798	0.5869713003186572	6	4	6	False	False	False	False
skin_hvg	ENSMUSG00000044548	Dact1	0.19830756513836434	0.06921370252795868	0.19552208547088795	0.02655921220619935	0.8354910229690422	0.9140365901440127	6	4	6	False	False	False	False
skin_hvg	ENSMUSG00000044583	Tlr7	0.04930060626474475	0.7552436605063849	0.8362816303672462	-0.06395783498769436	0.7308474981373797	0.8595456393493699	6	4	6	False	False	False	False
skin_hvg	ENSMUSG00000044594	Serpinb3a	-0.3582422955411094	0.12757367513466297	0.2755030003643211	-0.5021366066984566	0.4024600373689541	0.6632461406860252	6	4	6	False	False	False	False
skin_hvg	ENSMUSG00000044626	Liph	-0.2594398808439271	0.004460287196683557	0.0492712545850238	-0.10900461863843287	0.4089559610258743	0.6661378908390464	6	3	6	True	False	True	True
skin_hvg	ENSMUSG00000044641	Pard6b	-0.04473776720054623	0.6089311491154652	0.737885621834699	0.024288701042318877	0.86626249221879	0.9317478172062142	6	3	6	False	False	False	False
skin_hvg	ENSMUSG00000044674	Fzd1	-0.1541460904183385	0.0940155718373748	0.23008467764612434	-0.09826918256722698	0.4646265145503511	0.6995462927199243	6	4	6	False	False	False	False
skin_hvg	ENSMUSG00000044734	Serpinb1a	-0.06194109759908528	0.6684288803230518	0.776077019770427	0.01877079839339683	0.8292275882648831	0.9128817495948024	6	3	6	False	False	False	False
skin_hvg	ENSMUSG00000044737	Klk14	-0.11762191174804115	0.33065413384530556	0.5002396252189965	-0.11131735708907513	0.6031338996609208	0.7872277108646135	6	4	6	False	False	False	False
skin_hvg	ENSMUSG00000044748	Defb1	-0.17855653366941837	0.07419773601770754	0.20409487441785396	-0.09768002900700361	0.2305667190617148	0.5869713003186572	6	4	6	False	False	False	False
skin_hvg	ENSMUSG00000044749	Abca6	0.18413843256402185	0.18430166088196712	0.3420542906889297	0.10157237892536382	0.5167421010500508	0.732064609033654	6	3	6	False	False	False	False
skin_hvg	ENSMUSG00000044786	Zfp36	0.019581543778507182	0.8913755658553031	0.9266408146866425	0.054808083143078466	0.4378345014404546	0.6895548102339021	6	4	6	False	False	False	False
skin_hvg	ENSMUSG00000044827	Tlr1	0.21474311597509965	0.1526322992784638	0.30649908464093223	0.23324860826095506	0.22411391049791268	0.5869713003186572	6	4	6	False	False	False	False
skin_hvg	ENSMUSG00000045005	Fzd5	-0.3821995399159297	0.014681397783312435	0.08068087947501486	-0.24654541582645914	0.2921002060888793	0.5943324979698786	6	4	6	False	False	False	True
skin_hvg	ENSMUSG00000045019	Acer1	-0.1396666641976072	0.10328087251175228	0.244277672889478	-0.09292313499872155	0.19042961927042792	0.5869713003186572	6	4	6	False	False	False	False
skin_hvg	ENSMUSG00000045087	S1pr5	0.10591708317950221	0.08893842773151485	0.22284823109138666	0.1591351339453461	0.08504153522866008	0.5869713003186572	6	5	6	False	False	False	False
skin_hvg	ENSMUSG00000045092	S1pr1	0.35423162967783206	0.0011827664440719743	0.03280534151127406	0.24644083514194218	0.3279949083907909	0.6201188088392988	6	4	6	True	False	True	True
skin_hvg	ENSMUSG00000045103	Dmd	0.15508506989183068	0.2246308245139737	0.38689529168075554	0.2776666166392836	0.26666516714156874	0.5909715492757674	6	5	6	False	False	False	False
skin_hvg	ENSMUSG00000045136	Tubb2b	-0.18481918099812944	0.05659168230764463	0.17280365377426044	-0.13172232136971415	0.29554374026430036	0.5971645780872262	6	4	6	False	False	False	False
skin_hvg	ENSMUSG00000045312	Lhfpl2	0.10963015949435295	0.316687725707828	0.48685557216207276	0.07992463769281437	0.5147206714688476	0.7305594747144909	6	3	6	False	False	False	False
skin_hvg	ENSMUSG00000045328	Cenpe	-0.5874809321209478	0.0016621529778251115	0.037719539735417584	-0.42143190788154294	0.17592958767726194	0.5869713003186572	6	3	6	True	False	True	True
skin_hvg	ENSMUSG00000045382	Cxcr4	-0.05113992328903283	0.6262390564914213	0.7506599014486005	0.03421499138496609	0.8072981765004795	0.8996509254863044	6	1	6	False	False	False	False
skin_hvg	ENSMUSG00000045394	Epcam	-0.21760001375165317	0.029966952709617897	0.12338970012599369	-0.05986588270478895	0.5736490714950649	0.7672988585235396	6	5	6	False	False	False	True
skin_hvg	ENSMUSG00000045502	Hcar2	0.09138407200719989	0.29423112898542375	0.46339082380433066	0.10900870212660314	0.1595277828085631	0.5869713003186572	6	5	6	False	False	False	False
skin_hvg	ENSMUSG00000045545	Krt14	-0.2831013558619553	0.1556206565193501	0.3104639870820601	-0.2254550860185649	0.1689682454396909	0.5869713003186572	6	4	6	False	False	False	False
skin_hvg	ENSMUSG00000045551	Fpr1	-0.15298088189381143	0.24707633942541812	0.4108338466549209	-0.09398297837687387	0.35265340919697613	0.627672779114404	6	4	6	False	False	False	False
skin_hvg	ENSMUSG00000045573		0.2629285682443365	0.05941869468440039	0.1763137195910068	0.17147476614868026	0.30282957514113	0.6011437987642512	6	5	6	False	False	False	False
skin_hvg	ENSMUSG00000045672	Col27a1	0.09251619265553668	0.4238026846715372	0.590602903900251	0.023800682003921825	0.7001839179160627	0.8448744918902582	6	2	6	False	False	False	False
skin_hvg	ENSMUSG00000045730	Adrb2	0.06593640591123862	0.492979453005807	0.6515420037409639	0.029594283543429228	0.829838942437052	0.9130514424500237	6	3	6	False	False	False	False
skin_hvg	ENSMUSG00000045763	Basp1	-0.1617941918720298	0.28604240690672667	0.4528284200752817	-0.02398802728036416	0.8992034585631901	0.9466048006065844	6	3	6	False	False	False	False
skin_hvg	ENSMUSG00000045871	Slitrk6	0.07983454750444796	0.5667133573464506	0.7057823619076977	0.14026258376824888	0.3095800527163298	0.6079279511288876	6	4	6	False	False	False	False
skin_hvg	ENSMUSG00000046095	Krt32	-0.840073114184678	0.013489876805849073	0.07631525207161644	-0.6842316705701292	0.13840479290365446	0.5869713003186572	6	4	6	False	False	False	True
skin_hvg	ENSMUSG00000046179	E2f8	-0.34359493072824865	0.011442427571964547	0.06862020378742703	-0.25000656285453565	0.33038193625827955	0.6201188088392988	6	3	6	False	False	False	True
skin_hvg	ENSMUSG00000046186	Cd109	-0.0798851285681792	0.3873219624739808	0.5579035489855982	-0.004980033750443091	0.9399283302084426	0.9735668441007572	6	3	6	False	False	False	False
skin_hvg	ENSMUSG00000046223	Plaur	0.09216255931490602	0.45741371672498415	0.6197117993892763	0.06046420999208135	0.5807788123410872	0.7712098634701623	6	5	6	False	False	False	False
skin_hvg	ENSMUSG00000046245	Pilra	0.0838484837541702	0.5902889356615509	0.7219811691325759	0.06416415443431685	0.636533330993805	0.8085054981312443	6	3	6	False	False	False	False
skin_hvg	ENSMUSG00000046352	Gjb2	-1.4181874484708352	0.0016101729219006483	0.037706987171159466	-1.1478147849820315	0.11863314190778247	0.5869713003186572	6	3	6	True	False	True	True
skin_hvg	ENSMUSG00000046402	Rbp1	-0.3490854628604074	0.02876321499065215	0.12067256373179064	-0.17418692535581615	0.4331575936760022	0.687065698626669	6	3	6	False	False	False	True
skin_hvg	ENSMUSG00000046532	Ar	0.19947670197068845	0.014638882489812776	0.08068087947501486	0.21196667675569061	0.07915971479505735	0.5869713003186572	6	4	6	False	False	False	True
skin_hvg	ENSMUSG00000046591	Ticrr	-0.5298421015944177	0.0019731278986559854	0.04002428576814064	-0.4165886323442562	0.2252536527725747	0.5869713003186572	6	4	6	True	False	True	True
skin_hvg	ENSMUSG00000046598	Bdh1	-0.5653364009303079	0.0030108218628627824	0.044078281846389886	-0.4479409625689576	0.12071821779580945	0.5869713003186572	6	3	6	True	False	True	True
skin_hvg	ENSMUSG00000046623	Gjb4	-0.1471080420553479	0.3102673055012913	0.4814326410925242	-0.09993665995150917	0.4210950618534933	0.6799376298870415	6	3	6	False	False	False	False
skin_hvg	ENSMUSG00000046711	Hmga1	0.008529985720433508	0.9686837848122333	0.980234684195638	-0.027680564135923458	0.8599089097449033	0.9294024983751419	6	3	6	False	False	False	False
skin_hvg	ENSMUSG00000046718	Bst2	0.3032840418567053	0.011366661271602664	0.0685777116597901	0.263741289019723	0.031969151427501785	0.5869713003186572	6	6	6	False	False	False	True
skin_hvg	ENSMUSG00000046768	Rhoj	0.19571947576680238	0.009457007851659484	0.06215642750053642	0.12869279402974362	0.23303261897702698	0.5869713003186572	6	4	6	False	False	False	True
skin_hvg	ENSMUSG00000046834	Krt1	-0.1907878297475829	0.2412650476181478	0.40386110653264135	-0.20343517495647015	0.3607776293106259	0.630886975248091	6	3	6	False	False	False	False
skin_hvg	ENSMUSG00000046908	Ltb4r1	0.20125122157580932	0.09856105041147882	0.23515701036048173	0.10290404421840327	0.2053490121399841	0.5869713003186572	6	4	6	False	False	False	False
skin_hvg	ENSMUSG00000046971		-0.2489244196689473	0.00947822927836356	0.06215642750053642	-0.232206762433912	0.055241868487509886	0.5869713003186572	6	4	6	False	False	False	True
skin_hvg	ENSMUSG00000047250	Ptgs1	0.0655395354932935	0.5465423621069903	0.690951744326502	0.07771000661356986	0.4651936413364555	0.6995462927199243	6	3	6	False	False	False	False
skin_hvg	ENSMUSG00000047253	Krtap1-5	-1.4839184947217854	0.010047423280832406	0.06369747394229305	-1.3819002872663775	0.10784746099684717	0.5869713003186572	6	5	6	False	False	False	True
skin_hvg	ENSMUSG00000047261	Gap43	-0.006039339025506019	0.9593971817513722	0.9739082392970214	-0.2004630320948074	0.33597842872490447	0.6241385322452412	6	4	6	False	False	False	False
skin_hvg	ENSMUSG00000047281	Sfn	-0.3377679253172978	0.1601551799509926	0.31666326174468534	-0.2823998906377856	0.2862875486610999	0.5936141152037087	6	3	6	False	False	False	False
skin_hvg	ENSMUSG00000047330	Kcne4	0.19776966360426496	0.034671097044566425	0.13386056241440342	0.15322442138632927	0.2561859873527071	0.5869713003186572	6	5	6	False	False	False	True
skin_hvg	ENSMUSG00000047407	Tgif1	-0.03911475670952935	0.4622122250760114	0.6236741982951316	0.031697292904238505	0.6518746059887739	0.816857041115186	6	4	6	False	False	False	False
skin_hvg	ENSMUSG00000047414	Flrt2	-0.15337202724906263	0.10626924532669534	0.24763090188729356	-0.07370233069260568	0.22323523445505014	0.5869713003186572	6	5	6	False	False	False	False
skin_hvg	ENSMUSG00000047496	Rnf152	-0.012012784595483161	0.9165943951767758	0.9459633111979437	0.03282340256237134	0.737701201164885	0.8620183140586748	6	3	6	False	False	False	False
skin_hvg	ENSMUSG00000047497	Adamts12	-0.0037541541190950767	0.9712373160914711	0.9815591701592449	-0.10511822094137975	0.5889690500536761	0.7752303838426389	6	4	6	False	False	False	False
skin_hvg	ENSMUSG00000047534	Mis18bp1	-0.4965304362502181	0.0057547136575437545	0.05285464444776847	-0.34814018752696274	0.17273445431128345	0.5869713003186572	6	4	6	False	False	False	True
skin_hvg	ENSMUSG00000047562	Mmp10	-0.06549220676601175	0.515936221587039	0.6686078095453062	-0.03516950298658898	0.549552512355674	0.7521976471379582	6	3	6	False	False	False	False
skin_hvg	ENSMUSG00000047641	Krt87	-1.8384525769195132	0.004522093855946338	0.0492712545850238	-1.6635270559936945	0.10291120686358154	0.5869713003186572	6	5	6	True	False	True	True
skin_hvg	ENSMUSG00000047746		0.5150819810415941	0.0698799388348564	0.19627318966695953	0.6291199289550625	0.24619555591166373	0.5869713003186572	6	5	6	False	False	False	False
skin_hvg	ENSMUSG00000047898	Ccr4	0.2614132717022484	0.021673331114115055	0.10304178904726173	0.1950135905008669	0.047125706465233314	0.5869713003186572	6	5	6	False	False	False	True
skin_hvg	ENSMUSG00000047963	Stbd1	-0.0180224893561185	0.9103071421688708	0.9420806697388885	0.1997695824023801	0.46561191765780136	0.6995462927199243	6	3	6	False	False	False	False
skin_hvg	ENSMUSG00000047976	Kcna1	0.2998311494518271	0.048398286279619396	0.15922796985238868	0.15697109328589276	0.5381906930974245	0.7466140377507583	6	3	6	False	False	False	True
skin_hvg	ENSMUSG00000048013	Krt35	-1.7586597146791707	0.0043596868281191355	0.0492712545850238	-1.5414440007564156	0.13173939900097079	0.5869713003186572	6	4	6	True	False	True	True
skin_hvg	ENSMUSG00000048087		-0.45539821703862593	0.3510010602492542	0.5231997829207918	0.06596505410757884	0.7090727541249948	0.8504614354279968	6	4	6	False	False	False	False
skin_hvg	ENSMUSG00000048096	Lmod1	0.38696721909652965	0.01034503270837425	0.06455946974569805	0.48954358927940733	0.15223590080987817	0.5869713003186572	6	5	6	False	False	False	True
skin_hvg	ENSMUSG00000048120	Entpd1	0.16568184285830068	0.2018507754503816	0.36152107495462965	0.15550823235995118	0.15809044893537086	0.5869713003186572	6	5	6	False	False	False	False
skin_hvg	ENSMUSG00000048126	Col6a3	-0.13004744108234156	0.21659588190555984	0.37776591804838694	-0.20818317660794072	0.4048918240708653	0.6652966158102718	6	2	6	False	False	False	False
skin_hvg	ENSMUSG00000048142		0.3840691758161059	0.004761818795648269	0.0492712545850238	0.26423277045821153	0.19409421399336776	0.5869713003186572	6	4	6	True	False	True	True
skin_hvg	ENSMUSG00000048154	Kmt2d	0.12152875949257513	0.46929619630108965	0.6294053082694936	0.03843631247396425	0.7322088715239252	0.8595456393493699	6	3	6	False	False	False	False
skin_hvg	ENSMUSG00000048163	Selplg	0.21296673101311026	0.20115712478781386	0.36095661953915725	0.10952880588175828	0.313845816846706	0.6128514887476345	6	4	6	False	False	False	False
skin_hvg	ENSMUSG00000048249	Crebrf	0.09489070114136133	0.3127450304807123	0.48377368386520714	0.1277408450326334	0.20612264743337855	0.5869713003186572	6	4	6	False	False	False	False
skin_hvg	ENSMUSG00000048251	Bcl11b	0.07643206198585162	0.3874873422348647	0.5579035489855982	0.08995679810066992	0.30931682286184037	0.6079279511288876	6	4	6	False	False	False	False
skin_hvg	ENSMUSG00000048373	Fgfbp1	0.039040392512111666	0.6291265600266569	0.7530200259380392	0.10756897889698329	0.18070393018406852	0.5869713003186572	6	5	6	False	False	False	False
skin_hvg	ENSMUSG00000048376	F2r	-0.10159276210194612	0.2390986454526207	0.4022577885163299	-0.04217763972050248	0.5272824929142286	0.7383132958871592	6	5	6	False	False	False	False
skin_hvg	ENSMUSG00000048402		-0.11982810336274863	0.38828249591598146	0.5579208518826887	-0.12800414528478932	0.3971185604454163	0.6619747622783776	6	4	6	False	False	False	False
skin_hvg	ENSMUSG00000048583	Igf2	0.3275501831152585	0.0023926304285909156	0.043437117871782345	0.26315651267715284	0.11406020455147019	0.5869713003186572	6	5	6	True	False	True	True
skin_hvg	ENSMUSG00000048776	Pthlh	-0.49333384906348154	0.0031701434461755508	0.04427492508465355	-0.2817960181669997	0.31988282162109954	0.6168051741066476	6	3	6	True	False	True	True
skin_hvg	ENSMUSG00000048779	P2ry6	0.1566542995065454	0.2514555798149275	0.4150056139590167	0.06721791531906336	0.49685342521389236	0.718476676431675	6	4	6	False	False	False	False
skin_hvg	ENSMUSG00000048960	Prex2	0.19090014618734408	0.07625558711747064	0.20634472557396866	0.23292747133748945	0.04961039854527926	0.5869713003186572	6	5	6	False	False	False	True
skin_hvg	ENSMUSG00000048981	Krt31	-1.8023264213172494	0.004918086039998871	0.049966609711375246	-1.622655158467234	0.09904541510478937	0.5869713003186572	6	5	6	True	False	True	True
skin_hvg	ENSMUSG00000049112		0.48480124336850317	0.0005978888489926401	0.023879680628766043	0.6385543942576827	0.00014777185308209335	0.1475501953024702	6	6	6	True	False	True	True
skin_hvg	ENSMUSG00000049115	Agtr1a	0.3388987174933549	0.012481414774073059	0.07266876181872857	0.2600727009819819	0.23649851257898866	0.5869713003186572	6	5	6	False	False	False	True
skin_hvg	ENSMUSG00000049130	C5ar1	0.20508585675460722	0.13599060138650598	0.2860043270225301	0.05657710437891309	0.631266007079667	0.8044915227428813	6	4	6	False	False	False	False
skin_hvg	ENSMUSG00000049133	Flg2	-0.031424570095028415	0.8185692578418298	0.8812306242103148	-0.06237764054743137	0.4929400853460675	0.7150402987867941	6	3	6	False	False	False	False
skin_hvg	ENSMUSG00000049382	Krt8	0.13480460929933935	0.6387188540863757	0.7591675099489219	0.33287618105859673	0.2812453365625126	0.5932312454941773	6	4	6	False	False	False	False
skin_hvg	ENSMUSG00000049396	Gemin4	0.04764847688317175	0.47569913598781605	0.6350074696307946	0.0829344078662757	0.45446934851670723	0.6970877244787581	6	3	6	False	False	False	False
skin_hvg	ENSMUSG00000049502	Dtx3l	0.20119347639753116	0.030657715233964846	0.12497087077050781	0.25413463277709347	0.019230796774280773	0.5869713003186572	6	5	6	False	False	False	True
skin_hvg	ENSMUSG00000049521	Cdc42ep1	0.22828377584627724	0.2256249521880521	0.3874230692343422	0.1853106616284843	0.0774801141121957	0.5869713003186572	6	5	6	False	False	False	False
skin_hvg	ENSMUSG00000049723	Mmp12	-0.18599680353120807	0.4483779042063256	0.6107849077080711	0.0406508411512004	0.5964455292092976	0.7818522346674105	6	3	6	False	False	False	False
skin_hvg	ENSMUSG00000049775	Tmsb4x	0.06634080916190399	0.4590555424427502	0.6208695350657011	0.10644004241947987	0.13829522826005863	0.5869713003186572	6	4	6	False	False	False	False
skin_hvg	ENSMUSG00000049791	Fzd4	0.22334023794057956	0.04041984276099898	0.1472963977987499	0.2728135107720509	0.08634927122670091	0.5869713003186572	6	5	6	False	False	False	True
skin_hvg	ENSMUSG00000049932	H2ax	-0.26946209002165933	0.17827078966055254	0.33617258446848297	-0.20953933375936096	0.43513880552520934	0.6874780020837367	6	3	6	False	False	False	False
skin_hvg	ENSMUSG00000050069	Grem2	0.23730460015489196	0.10442117051110036	0.2461972579818978	0.2635579480295032	0.005417983722909455	0.5869713003186572	6	6	6	False	False	False	True
skin_hvg	ENSMUSG00000050211	Pla2g4e	-0.2644521193870233	0.13798893285446828	0.2894578770066945	-0.21844678923250424	0.06679896705063296	0.5869713003186572	6	5	6	False	False	False	False
skin_hvg	ENSMUSG00000050271	Prag1	0.058356282936691706	0.7058950001475878	0.7991339655865832	0.03031199741904415	0.8403792044972159	0.9153341287452862	6	2	6	False	False	False	False
skin_hvg	ENSMUSG00000050288	Fzd2	0.06051489220186923	0.6557371839797093	0.7711457012825585	0.04720053273772636	0.7531573974735465	0.8657237371227584	6	4	6	False	False	False	False
skin_hvg	ENSMUSG00000050296	Abca12	-0.13280036434588283	0.11104340588943132	0.25419552268810197	-0.0634725371161234	0.3488136698211316	0.624736231957668	6	4	6	False	False	False	False
skin_hvg	ENSMUSG00000050370	Ch25h	0.012957763378513842	0.929767069909062	0.9536439849041586	0.16577738735538947	0.3503485163788789	0.6258014196857077	6	4	6	False	False	False	False
skin_hvg	ENSMUSG00000050377	Il31ra	0.45776457760533074	0.006379407305718328	0.053981679616608054	0.38442269264646917	0.16259234909936507	0.5869713003186572	6	4	6	False	False	False	True
skin_hvg	ENSMUSG00000050463	Krt78	0.019073034283694668	0.8886730962512175	0.9247035762717418	-0.02868594651790805	0.6777264201462466	0.8295206617593713	6	3	6	False	False	False	False
skin_hvg	ENSMUSG00000050578	Mmp13	-0.3916269487928141	0.0602199970909835	0.17770297491899573	-0.28797863415644104	0.17027352193522582	0.5869713003186572	6	4	6	False	False	False	False
skin_hvg	ENSMUSG00000050621		-0.07005397094096422	0.45322543933962584	0.6157083009260087	0.06382164187738353	0.6178723255726719	0.7954607962867761	6	3	6	False	False	False	False
skin_hvg	ENSMUSG00000050737	Ptges	0.11207005095930445	0.14685349609736872	0.30079236872209253	0.08712332926008681	0.2776307507441318	0.5910752763710354	6	5	6	False	False	False	False
skin_hvg	ENSMUSG00000050761	Gp1bb	-0.1895196319839183	0.23420971066562452	0.3980568444248955	-0.21379967779169262	0.3296672934550103	0.6201188088392988	6	4	6	False	False	False	False
skin_hvg	ENSMUSG00000050808	Muc15	-0.17723169194181043	0.12272753472984174	0.27111381289324554	-0.0026202902143293016	0.9759309903620337	0.9908155504590652	6	3	6	False	False	False	False
skin_hvg	ENSMUSG00000050860	Phospho1	0.4086863814058015	0.007037976502442261	0.0561398163450692	0.3431588051610775	0.06618783611214253	0.5869713003186572	6	6	6	False	False	False	True
skin_hvg	ENSMUSG00000050921	P2ry10	0.2384036059386867	0.21951249643596665	0.3798669457388435	0.3142787922283919	0.07107157459105067	0.5869713003186572	6	5	6	False	False	False	False
skin_hvg	ENSMUSG00000050953	Gja1	-0.5646090024918546	0.003910163169506114	0.04817083322089042	-0.38905142819910754	0.19036366543060212	0.5869713003186572	6	4	6	True	False	True	True
skin_hvg	ENSMUSG00000051022	Hs3st1	0.006821575824946358	0.9308540243074611	0.9538378937966481	0.0040149154104977365	0.9438476085000977	0.9745934199455507	6	3	6	False	False	False	False
skin_hvg	ENSMUSG00000051149	Adnp	-0.17921521398617024	0.18772021916737333	0.3464258374322884	-0.12085103183796105	0.5928820008210871	0.7794505303750566	6	3	6	False	False	False	False
skin_hvg	ENSMUSG00000051225	Fam83a	-0.3293943410766751	0.009616244240920514	0.06255257247269794	-0.24414282637295184	0.14348570821028975	0.5869713003186572	6	4	6	False	False	False	True
skin_hvg	ENSMUSG00000051236	Msrb3	0.041193835132490975	0.48129338314097536	0.6394807281930566	0.12820477581245418	0.12834148875108226	0.5869713003186572	6	5	6	False	False	False	False
skin_hvg	ENSMUSG00000051331	Cacna1c	0.30386464759654963	0.0001331250389831857	0.012659557278543898	0.18942371915525102	0.19131026222573297	0.5869713003186572	6	4	6	True	False	True	True
skin_hvg	ENSMUSG00000051359	Ncald	-0.16729509124567432	0.037393673180374606	0.14089541738645667	-0.11099590929462844	0.17256949642011882	0.5869713003186572	6	4	6	False	False	False	True
skin_hvg	ENSMUSG00000051378	Kif18b	-0.40918025108364553	0.04631557770115792	0.15676645537154638	-0.3460874721802539	0.2603135992605764	0.5899156264169036	6	4	6	False	False	False	True
skin_hvg	ENSMUSG00000051379	Flrt3	-0.4113751763025828	0.0017694765858159542	0.03800129357798299	-0.23496389306221785	0.1628829127697743	0.5869713003186572	6	5	6	True	False	True	True
skin_hvg	ENSMUSG00000051439	Cd14	0.1920261707193296	0.1642369018587427	0.3193584157856954	0.1086752145717776	0.3476621512993124	0.6246482988515789	6	4	6	False	False	False	False
skin_hvg	ENSMUSG00000051497	Kcnj16	0.06997224761367171	0.6475080547275964	0.763142131059696	0.0663465035402077	0.7203779778048726	0.8557970384749141	6	3	6	False	False	False	False
skin_hvg	ENSMUSG00000051650	B3gnt2	-0.174079049335381	0.05111181902199497	0.16516473848709282	-0.12565019688874748	0.1786557240837664	0.5869713003186572	6	4	6	False	False	False	False
skin_hvg	ENSMUSG00000051790	Nlgn2	0.040313170016009536	0.7413376024909806	0.8259457724064108	-0.017569885236903577	0.8674002194177504	0.9317478172062142	6	3	6	False	False	False	False
skin_hvg	ENSMUSG00000051879	Krt71	-1.8889376381458636	0.010812067854121426	0.06643599847593996	-1.6961177009186101	0.12455891040776201	0.5869713003186572	6	5	6	False	False	False	True
skin_hvg	ENSMUSG00000051910	Sox6	0.25210819004314544	0.064805553070457	0.1871975350948028	0.21060393684660506	0.34956179674698484	0.6255151506305813	6	3	6	False	False	False	False
skin_hvg	ENSMUSG00000051920	Rspo2	-0.300969106675983	0.05829528123906752	0.1752847471855426	-0.22376556820419144	0.3081418307593985	0.6075857546195992	6	4	6	False	False	False	False
skin_hvg	ENSMUSG00000052085	Dock8	-0.0018455416078850817	0.9758835485625428	0.9827732962578911	0.01084916812121417	0.9070595155764444	0.9508650144914222	6	2	6	False	False	False	False
skin_hvg	ENSMUSG00000052160	Pld4	0.1881530857512841	0.12421085732866875	0.27198364263744684	0.09389316216803396	0.5110890950502308	0.7278548758499923	6	4	6	False	False	False	False
skin_hvg	ENSMUSG00000052305	Hbb-bs	0.19645884801786728	0.2808571472374471	0.448161745302396	0.05791448953146716	0.7221737798500952	0.8574203557435436	6	4	6	False	False	False	False
skin_hvg	ENSMUSG00000052336	Cx3cr1	0.1210162223503688	0.28504769245004585	0.45213680843744364	0.20625342821050427	0.030987261896533797	0.5869713003186572	6	6	6	False	False	False	True
skin_hvg	ENSMUSG00000052353	Cemip	-0.7299389061250126	0.006339935776151861	0.053981679616608054	-0.5799945093878278	0.09901350961271535	0.5869713003186572	6	4	6	False	False	False	True
skin_hvg	ENSMUSG00000052374	Actn2	0.5982022136753438	0.024475113692945683	0.1103200718669654	0.7915657278451395	0.22334700748865724	0.5869713003186572	6	5	6	False	False	False	True
skin_hvg	ENSMUSG00000052387	Trpm3	0.2344845710713761	0.07740575164304819	0.2074889745384795	0.26498202289908673	0.1930362622950975	0.5869713003186572	6	3	6	False	False	False	False
skin_hvg	ENSMUSG00000052415	Tchh	-1.5183876630524118	0.006435104308307573	0.05422322069067605	-1.2349950361204476	0.14227222943505033	0.5869713003186572	6	4	6	False	False	False	True
skin_hvg	ENSMUSG00000052557		-0.09808753734592734	0.08358498094720539	0.2148252341719037	-0.05706918728596744	0.5022179265153714	0.7215317980224437	6	3	6	False	False	False	False
skin_hvg	ENSMUSG00000052572	Dlg2	0.06074405167688468	0.60134366202206	0.730908881958645	0.06660286237846513	0.6166668642547654	0.7945056309140429	6	3	6	False	False	False	False
skin_hvg	ENSMUSG00000052609	Plekhg3	0.03406304114279557	0.7100736025529685	0.8020458055985735	0.023896301135502007	0.792928453061055	0.8912533004048985	6	3	6	False	False	False	False
skin_hvg	ENSMUSG00000052684	Jun	0.036551362064761506	0.7377155429466616	0.823486830220505	0.07957535016768273	0.43084640090552523	0.6857785714958604	6	3	6	False	False	False	False
skin_hvg	ENSMUSG00000052819	Best2	0.16803012293978448	0.41366849332182076	0.5809395085539213	0.1279156979031321	0.5867165408439886	0.7733814733105249	6	2	6	False	False	False	False
skin_hvg	ENSMUSG00000052914	Cyp2j6	0.026289324496531208	0.8026516770833655	0.8678372491258695	0.03365006995570141	0.798222525399568	0.8942098889332241	6	4	6	False	False	False	False
skin_hvg	ENSMUSG00000052920	Prkg1	0.2515306948900955	0.10975661110452598	0.2526136481769915	0.3330706897422407	0.25506146839825794	0.5869713003186572	6	5	6	False	False	False	False
skin_hvg	ENSMUSG00000052957	Gas1	0.05383397094239051	0.4971036140239752	0.6520252922133616	0.025515018287531888	0.7015644719284925	0.8456921199749258	6	4	6	False	False	False	False
skin_hvg	ENSMUSG00000052974	Cyp2f2	0.10154980074927789	0.6113272902896566	0.7401303723848686	0.056925396848370426	0.6281800919141323	0.8026075774488305	6	5	6	False	False	False	False
skin_hvg	ENSMUSG00000053062	Jam2	0.2807411769104622	0.007286802962136766	0.05640211440072528	0.21618595481496813	0.1393713364330313	0.5869713003186572	6	4	6	False	False	False	True
skin_hvg	ENSMUSG00000053113	Socs3	0.09003534419644854	0.4882091361560702	0.6456646654991206	0.15050923981866982	0.277036430406706	0.5909715492757674	6	4	6	False	False	False	False
skin_hvg	ENSMUSG00000053199	Arhgap20	0.2858338858646565	0.036078235090125275	0.13697383170148322	0.08256110709154611	0.577300145868425	0.7696050676229939	6	2	6	False	False	False	True
skin_hvg	ENSMUSG00000053279	Aldh1a1	0.4111989016952222	0.006752576159830001	0.05549339337934367	0.33225332157109594	0.18294125849063095	0.5869713003186572	6	5	6	False	False	False	True
skin_hvg	ENSMUSG00000053398	Phgdh	-0.10118557155913344	0.46636874974065146	0.6263203720457842	-0.17680247248868008	0.24166479671905144	0.5869713003186572	6	4	6	False	False	False	False
skin_hvg	ENSMUSG00000053475	Tnfaip6	0.1886227993738805	0.21722546012174762	0.3781919872629069	0.1740154695059671	0.21968178600488342	0.5869713003186572	6	4	6	False	False	False	False
skin_hvg	ENSMUSG00000053477	Tcf4	0.0797035811487472	0.25002116897009163	0.41297954874546977	0.09176935489877754	0.08437327839084	0.5869713003186572	6	5	6	False	False	False	False
skin_hvg	ENSMUSG00000053626	Tll1	-0.03558777649738065	0.7269995417221181	0.8147127299770314	-0.016154443453253158	0.8875405885112547	0.9410730031796407	6	3	6	False	False	False	False
skin_hvg	ENSMUSG00000053641	Dennd4a	0.003200548372872092	0.9700548449370093	0.9808605191590924	0.04741349288163003	0.5329000336746863	0.7441967603135304	6	4	6	False	False	False	False
skin_hvg	ENSMUSG00000053646	Plxnb1	-0.07147203764058752	0.6293392204760078	0.7530200259380392	-0.07691627782981107	0.5124679986241495	0.728397575268631	6	3	6	False	False	False	False
skin_hvg	ENSMUSG00000053797	Krt16	-0.5056008753657784	0.035371682191090825	0.1353204010260697	-0.4159659899601089	0.055719343017437396	0.5869713003186572	6	4	6	False	False	False	True
skin_hvg	ENSMUSG00000053846	Lipg	-0.10583861265326178	0.21891306789155413	0.37981702569889975	0.030567984615927468	0.8676514073689516	0.9317478172062142	6	3	6	False	False	False	False
skin_hvg	ENSMUSG00000053897	Slc39a8	-0.6135213114309455	0.0008348587299899189	0.027786881396497803	-0.37853737680189764	0.18083098611782547	0.5869713003186572	6	5	6	True	False	True	True
skin_hvg	ENSMUSG00000054046	Klk13	-0.8523807889862751	0.00016674654726770135	0.014185093939033925	-0.8136079830575067	0.05048685417996117	0.5869713003186572	6	5	6	True	False	True	True
skin_hvg	ENSMUSG00000054146	Krt15	0.2894854252388033	0.03962724649918135	0.14627654576500027	0.2132446088082478	0.18770491390908708	0.5869713003186572	6	4	6	False	False	False	True
skin_hvg	ENSMUSG00000054203	Ifi205	0.14940540691403648	0.39344419376083284	0.562022929141905	0.1640439734551277	0.3247731260269406	0.6176287484617111	6	5	6	False	False	False	False
skin_hvg	ENSMUSG00000054252	Fgfr3	-0.09407853651103615	0.5000002269155701	0.6543253297184755	-0.06465820052858333	0.6306987200172427	0.8044915227428813	6	3	6	False	False	False	False
skin_hvg	ENSMUSG00000054263	Lifr	0.13092879295801652	0.13892535333552447	0.29081124801996056	0.06584969570952233	0.6602607841660476	0.8225653784121488	6	3	6	False	False	False	False
skin_hvg	ENSMUSG00000054342	Kcnn4	0.2434433058602372	0.09106672910885023	0.22591336401288686	0.19500162222227502	0.07570143318218431	0.5869713003186572	6	5	6	False	False	False	False
skin_hvg	ENSMUSG00000054364	Rhob	-0.033893551621218876	0.617012632727393	0.7451305747503523	-0.030971493206478407	0.743591634667997	0.8645644612118528	6	3	6	False	False	False	False
skin_hvg	ENSMUSG00000054545	Ugt1a6a	-0.20010012444909542	0.02557001540376496	0.11346414952599408	-0.08069547375450818	0.48373880696185717	0.7100033324002971	6	4	6	False	False	False	True
skin_hvg	ENSMUSG00000054555	Adam12	-0.3194492676083893	0.06750353494337709	0.19230322294140376	-0.2603111554583311	0.3616940971175293	0.6319362309218776	6	3	6	False	False	False	False
skin_hvg	ENSMUSG00000054580	Pla2r1	-0.09870394001254912	0.45948219503297744	0.6208695350657011	-0.21453667436413726	0.34875309871160126	0.624736231957668	6	4	6	False	False	False	False
skin_hvg	ENSMUSG00000054640	Slc8a1	0.2442971435375627	0.023426897442789852	0.10804506742090378	0.19533646508551486	0.25053066565107573	0.5869713003186572	6	4	6	False	False	False	True
skin_hvg	ENSMUSG00000054641	Mmrn1	0.25518188825393207	0.29515879247129756	0.46448550714356285	0.2041238569512971	0.22392409594361545	0.5869713003186572	6	4	6	False	False	False	False
skin_hvg	ENSMUSG00000054662	Ano9	-0.007974555137936434	0.9019526371518256	0.9361743328441765	0.04489844248916164	0.48725696726445916	0.7123368694195644	6	4	6	False	False	False	False
skin_hvg	ENSMUSG00000054717	Hmgb2	-0.33143676471310624	0.0036432932614163163	0.04724452365615834	-0.19737682014555347	0.30890727505591803	0.6079279511288876	6	3	6	True	False	True	True
skin_hvg	ENSMUSG00000054720	Lrrc8c	0.09104327256715017	0.12039663142252886	0.2671117662770071	0.1047244740137933	0.0950067324170158	0.5869713003186572	6	5	6	False	False	False	False
skin_hvg	ENSMUSG00000054889	Dsp	-0.19055335963403586	0.003074408865247525	0.04411588737089236	-0.13113570636294547	0.22004127911318141	0.5869713003186572	6	5	6	True	False	True	True
skin_hvg	ENSMUSG00000055172	C1ra	0.16018297157711636	0.17645403351868544	0.3346109295334428	0.08660580568908394	0.5346844985536705	0.7446059578882008	6	3	6	False	False	False	False
skin_hvg	ENSMUSG00000055254	Ntrk2	0.15520143046780355	0.0695581170180419	0.19564445026060517	0.13181659527626918	0.3295739779767198	0.6201188088392988	6	3	6	False	False	False	False
skin_hvg	ENSMUSG00000055301	Adh7	-0.040408886820338275	0.6196315910448174	0.7458735909080773	-0.10519477036757063	0.42980152541578615	0.6857785714958604	6	4	6	False	False	False	False
skin_hvg	ENSMUSG00000055320	Tead1	0.1361026515693169	0.05705618505147023	0.17316905479329187	0.14957805690556025	0.20806653331860164	0.5869713003186572	6	5	6	False	False	False	False
skin_hvg	ENSMUSG00000055368	Slc6a2	0.27209649410337455	0.01553989192425101	0.08479006604570836	0.188400763665917	0.12290222823280926	0.5869713003186572	6	5	6	False	False	False	True
skin_hvg	ENSMUSG00000055373	Fut9	-0.04129262180698179	0.7876860681816416	0.8602968829253619	0.08880486562885387	0.40680333026384813	0.6653450045347296	6	4	6	False	False	False	False
skin_hvg	ENSMUSG00000055489	Ano5	0.4705081663167485	0.09452103004575733	0.23075610880363986	0.6020831793609891	0.19731594301555475	0.5869713003186572	6	5	6	False	False	False	False
skin_hvg	ENSMUSG00000055561		-0.06529845546243607	0.5292286784015212	0.6774805581845115	0.017273030575300236	0.8424621658468638	0.9160836270940063	6	3	6	False	False	False	False
skin_hvg	ENSMUSG00000055653	Gpc3	-0.11431207966042845	0.3700589698183794	0.5433880608288998	-0.013507193408759091	0.8538443801426646	0.9251911161936524	6	3	6	False	False	False	False
skin_hvg	ENSMUSG00000055737	Ghr	0.23247141471953903	0.056413406486493636	0.17252852809432837	0.25333123643146926	0.17582953739344306	0.5869713003186572	6	5	6	False	False	False	False
skin_hvg	ENSMUSG00000055775	Myh8	0.5135654923333899	0.022172338863644076	0.10418390755458169	0.8454965451371289	0.1603199379454085	0.5869713003186572	6	5	6	False	False	False	True
skin_hvg	ENSMUSG00000055782	Abcd2	0.18974557667596237	0.23328557038509448	0.3968239216857186	0.22587489586368648	0.3352443035647631	0.6239355770911761	6	5	6	False	False	False	False
skin_hvg	ENSMUSG00000055799	Tcf7l1	0.15622470095246843	0.1940297897123581	0.35483286635126293	0.056355046841401656	0.4446882169172982	0.693455318899926	6	4	6	False	False	False	False
skin_hvg	ENSMUSG00000055805	Fmnl1	0.296478798812184	0.01903624015972408	0.09551600904263564	0.21225594778158893	0.015989178746671794	0.5869713003186572	6	6	6	False	False	False	True
skin_hvg	ENSMUSG00000055937		-1.593248206776594	0.007689243819952244	0.0576942858062094	-1.348407863698857	0.10841731291279597	0.5869713003186572	6	4	6	False	False	False	True
skin_hvg	ENSMUSG00000055978	Fut2	-0.0017613013271970956	0.986886011819066	0.9918527255171992	-0.019520973347305997	0.6648828689035293	0.8225653784121488	6	3	6	False	False	False	False
skin_hvg	ENSMUSG00000055994	Nod2	0.2197261950445064	0.05297039874354677	0.16723638135278177	0.16539928774532134	0.11533667359883568	0.5869713003186572	6	5	6	False	False	False	False
skin_hvg	ENSMUSG00000056054	S100a8	-0.5373566815498259	0.018025314522391506	0.09229885410568164	-0.25009750626343014	0.5058442713680662	0.7231002218482664	6	4	6	False	False	False	True
skin_hvg	ENSMUSG00000056071	S100a9	-0.3203215910403516	0.12585580189718873	0.2734864378549357	-0.13598806828655233	0.6626008209348927	0.8225653784121488	6	4	6	False	False	False	False
skin_hvg	ENSMUSG00000056078	Lipm	-0.18242073542455906	0.03741250596207747	0.14089541738645667	-0.10996459976278672	7.908540318260398e-05	0.1475501953024702	6	6	6	False	False	False	True
skin_hvg	ENSMUSG00000056116	H2-T22	0.12780907689902143	0.13211938073282956	0.2801796502933451	0.15970737703394025	0.04471887371576592	0.5869713003186572	6	5	6	False	False	False	True
skin_hvg	ENSMUSG00000056174	Col8a2	0.1419786397273466	0.150776271190803	0.3045925003218047	0.11229584547612899	0.29931579217861315	0.5976364723489961	6	3	6	False	False	False	False
skin_hvg	ENSMUSG00000056220	Pla2g4a	-0.0880387111455887	0.3047006937801844	0.4764974827556995	0.01115434731328202	0.6851754617843572	0.8348355077384755	6	4	6	False	False	False	False
skin_hvg	ENSMUSG00000056350	Krtap13-1	-1.5348623598008002	0.005721969158852684	0.05285464444776847	-1.3687112790363225	0.10789404857230347	0.5869713003186572	6	5	6	False	False	False	True
skin_hvg	ENSMUSG00000056394	Lig1	-0.264113793665981	0.013389242288112283	0.07617754088136817	-0.17782494945683958	0.2998265785499775	0.5976364723489961	6	4	6	False	False	False	True
skin_hvg	ENSMUSG00000056427		0.101261247019659	0.43842610940350657	0.6014572541706175	0.007291578668784086	0.8953763320588465	0.9450668790282857	6	4	6	False	False	False	False
skin_hvg	ENSMUSG00000056492	Adgrf5	0.4099245907502169	7.28409183508173e-05	0.012316317430220719	0.3469167169032688	0.08643634887755358	0.5869713003186572	6	4	6	True	False	True	True
skin_hvg	ENSMUSG00000056501	Cebpb	-0.03727545707819413	0.745265867432514	0.8286532791918261	0.004237550985308906	0.9740116859714092	0.9898734538854473	6	3	6	False	False	False	False
skin_hvg	ENSMUSG00000056515	Rab31	-0.12126148932898051	0.14503999721524694	0.2989682292394298	-0.0856602440087717	0.18736897033580915	0.5869713003186572	6	5	6	False	False	False	False
skin_hvg	ENSMUSG00000056529		0.2753930891991345	0.04403057650798422	0.15225691665159724	0.1756002953276039	0.15679541858853985	0.5869713003186572	6	4	6	False	False	False	True
skin_hvg	ENSMUSG00000056605	Krt72	-1.6965590810516789	0.013134942343451627	0.07546972858661163	-1.4902461870596875	0.11045792422331328	0.5869713003186572	6	5	6	False	False	False	True
skin_hvg	ENSMUSG00000056632	Dsg3	-0.19216357895152925	0.02432407002889485	0.11021658141778433	-0.073520138148598	0.35952737011638813	0.630886975248091	6	3	6	False	False	False	True
skin_hvg	ENSMUSG00000056724	Nbeal2	0.06149168919155912	0.7558779883890232	0.8362816303672462	-0.030543623450184427	0.7426056114564609	0.8645644612118528	6	4	6	False	False	False	False
skin_hvg	ENSMUSG00000056758	Hmga2	0.059906515300119256	0.6708100636100023	0.7767996979353216	0.08107094252803122	0.6849302152552539	0.8348355077384755	6	4	6	False	False	False	False
skin_hvg	ENSMUSG00000056880		-0.8080070782289477	9.95028246966054e-05	0.012316317430220719	-0.6988796461031089	0.06861208078534917	0.5869713003186572	6	5	6	True	False	True	True
skin_hvg	ENSMUSG00000056888	Glipr1	0.20973058809324607	0.1752653798054199	0.3328241138165722	0.27834633307625856	0.051018653568647376	0.5869713003186572	6	5	6	False	False	False	False
skin_hvg	ENSMUSG00000056900	Usp13	0.5832836417446439	0.016563651750252685	0.08939895282501246	0.7486896699520375	0.2015686459019126	0.5869713003186572	6	5	6	False	False	False	True
skin_hvg	ENSMUSG00000056973	Ces1d	0.21232439135422965	0.11440657527316249	0.25822054206617484	0.16916482605902328	0.3845938177102347	0.6485711030503555	6	5	6	False	False	False	False
skin_hvg	ENSMUSG00000057092	Fxyd3	-0.14974345145961543	0.10484283693145481	0.2463189945319003	-0.06706080055268486	0.10497743482715541	0.5869713003186572	6	5	6	False	False	False	False
skin_hvg	ENSMUSG00000057315	Arhgap24	-0.12118913152975175	0.012900442635963327	0.07467299693918482	-0.03660085995393736	0.5866868634863339	0.7733814733105249	6	2	6	False	False	False	True
skin_hvg	ENSMUSG00000057329	Bcl2	0.15309266532820143	0.025776462949792092	0.11368888624057696	0.17357635888393874	0.0817999384200608	0.5869713003186572	6	4	6	False	False	False	True
skin_hvg	ENSMUSG00000057337	Chst3	0.25431226716322897	0.019446744631927054	0.09660484833322967	0.20296751884977274	0.1639630229895327	0.5869713003186572	6	5	6	False	False	False	True
skin_hvg	ENSMUSG00000057346	Apol9a	0.09991176040214622	0.42684790460908617	0.5930026734104771	0.1460743518879165	0.22787845502283746	0.5869713003186572	6	4	6	False	False	False	False
skin_hvg	ENSMUSG00000057406	Nsd2	-0.2137324593894654	0.014016340894511847	0.07775175768427822	-0.10957103387935874	0.355673814136141	0.629785807542891	6	4	6	False	False	False	True
skin_hvg	ENSMUSG00000057454	Lypd3	-0.28655040301472745	0.08931357081822411	0.22322803620024223	-0.2613049942465051	0.1400382811427814	0.5869713003186572	6	4	6	False	False	False	False
skin_hvg	ENSMUSG00000057530	Ece1	-0.04342115440347172	0.6799200513170202	0.7830451802076639	-0.013509084480029484	0.8890553382817604	0.9413804403757559	6	3	6	False	False	False	False
skin_hvg	ENSMUSG00000057604	Lmcd1	0.4096583411337287	0.0336870245037233	0.1326883391201882	0.46896179111801367	0.33999371087454056	0.6246482988515789	6	5	6	False	False	False	True
skin_hvg	ENSMUSG00000057614	Gnai1	0.06772656757163276	0.5343569929364607	0.6814245944406845	0.048438810368450845	0.7051218491712252	0.8477593815743147	6	3	6	False	False	False	False
skin_hvg	ENSMUSG00000057723	Krt33b	-1.8677486350917683	0.004548109275159233	0.0492712545850238	-1.7441815087896477	0.0960184791032225	0.5869713003186572	6	5	6	True	False	True	True
skin_hvg	ENSMUSG00000057880	Abat	0.11950791335260913	0.05677446774392874	0.17309711768645145	0.07066637793129867	0.3573201450465578	0.630886975248091	6	3	6	False	False	False	False
skin_hvg	ENSMUSG00000057933	Gsta2	-0.03831935123255281	0.7493913715363911	0.8309464569451266	-0.007955974702533434	0.9627258075702294	0.98441548270238	6	2	6	False	False	False	False
skin_hvg	ENSMUSG00000058099	Nfam1	0.18856901825522066	0.06599738277900614	0.18960106879039465	0.10159886009226608	0.33581336861828903	0.6241385322452412	6	3	6	False	False	False	False
skin_hvg	ENSMUSG00000058135	Gstm1	0.21341647922815632	0.04008180546362124	0.14678499293505723	0.2410489944044949	0.09547644666268039	0.5869713003186572	6	5	6	False	False	False	True
skin_hvg	ENSMUSG00000058186	Zfp980	0.1218696524611767	0.07938552050046974	0.20887073048674318	0.11898579026960299	0.022220947773799894	0.5869713003186572	6	5	5	False	False	False	True
skin_hvg	ENSMUSG00000058248	Kcnh1	-0.5093491262445351	0.04163944755142546	0.1486348138540167	-0.40836049465822777	0.17395545009980296	0.5869713003186572	6	4	6	False	False	False	True
skin_hvg	ENSMUSG00000058254	Tspan7	-0.021817710090984654	0.675311203581042	0.779986393031429	0.044635973379281456	0.5889903717984784	0.7752303838426389	6	3	6	False	False	False	False
skin_hvg	ENSMUSG00000058258	Idi1	-0.0632135160025058	0.5799437021204613	0.7140243977401733	-0.0028772907416430016	0.9707842769648068	0.9886059159095968	6	3	6	False	False	False	False
skin_hvg	ENSMUSG00000058290	Espl1	-0.24396881953611782	0.1127918656272092	0.25570574333290885	-0.26893869547049043	0.20851145428346451	0.5869713003186572	6	5	6	False	False	False	False
skin_hvg	ENSMUSG00000058354	Krt6a	-0.4283901056164243	0.029316566369816898	0.12222376417646001	-0.2609108046222124	0.2957414961082958	0.5971645780872262	6	5	6	False	False	False	True
skin_hvg	ENSMUSG00000058427	Cxcl2	-0.327386622780659	0.16313923306445838	0.3178723848179387	-0.2057235358621372	0.23741877331201205	0.5869713003186572	6	4	6	False	False	False	False
skin_hvg	ENSMUSG00000058571	Gpc6	0.07412147031229832	0.20693434995589735	0.3676038392074081	0.04054243327719501	0.7267158378204085	0.8595171442652233	6	4	6	False	False	False	False
skin_hvg	ENSMUSG00000058624	Gda	0.11253537890233112	0.35599952814348085	0.5280737324809568	0.08720560629396952	0.5679818958422025	0.7651014378605534	6	3	6	False	False	False	False
skin_hvg	ENSMUSG00000058626		0.05753777419325723	0.7174923335548467	0.8067859248822914	-0.08567947558034	0.4053674835575835	0.6652966158102718	6	4	6	False	False	False	False
skin_hvg	ENSMUSG00000058672	Tubb2a	-0.2402866823573646	0.14708524062287273	0.30079236872209253	-0.21756809049154965	0.20666401666418727	0.5869713003186572	6	4	6	False	False	False	False
skin_hvg	ENSMUSG00000058715	Fcer1g	0.17609724132341853	0.2071156601112308	0.3676038392074081	0.11404364929661719	0.3884854712308104	0.6525206772560375	6	3	6	False	False	False	False
skin_hvg	ENSMUSG00000058755		0.03451602403441312	0.8069899807370552	0.8711129683956212	0.11329281799703822	0.46780963391910324	0.6997211329032088	6	3	6	False	False	False	False
skin_hvg	ENSMUSG00000058756	Thra	0.12176108614629122	0.23541340271225528	0.3990836716607587	0.07749553276113345	0.13647748580386335	0.5869713003186572	6	5	6	False	False	False	False
skin_hvg	ENSMUSG00000058773	H1f5	-0.4443365938751711	0.08500252459131953	0.21679443372779705	-0.3963097999986527	0.2557120177423098	0.5869713003186572	6	3	6	False	False	False	False
skin_hvg	ENSMUSG00000058975	Kcnc1	0.5575018739835311	0.008873607165777788	0.06068696407554192	0.5062940697185406	0.14261249833374698	0.5869713003186572	6	5	6	False	False	False	True
skin_hvg	ENSMUSG00000059089	Fcgr4	0.10860709104937483	0.41507728870323046	0.5820992595086736	0.1877730962594563	0.22799864446253218	0.5869713003186572	6	4	6	False	False	False	False
skin_hvg	ENSMUSG00000059108	Ifitm6	0.4461769394699697	0.007431235714846129	0.056858918477194334	0.4962779124192875	0.11123137177857545	0.5869713003186572	6	4	6	False	False	False	True
skin_hvg	ENSMUSG00000059173	Pde1a	0.16084768577513486	0.13426325267981834	0.2840293597474547	0.08387764142980414	0.631101883547937	0.8044915227428813	6	3	6	False	False	False	False
skin_hvg	ENSMUSG00000059201	Lep	0.35402454819755036	0.09373499282494313	0.23008467764612434	0.37574108988459515	0.29146174943004044	0.5943324979698786	6	4	6	False	False	False	False
skin_hvg	ENSMUSG00000059430	Actg2	0.14263625064556873	0.40466954282960144	0.5727321594831425	0.2930059490925112	0.24214499302669623	0.5869713003186572	6	4	6	False	False	False	False
skin_hvg	ENSMUSG00000059456	Ptk2b	-0.051295121308965186	0.4008000313214884	0.5696780516363077	-0.012362472060118535	0.8638605929888252	0.9304906171513937	6	4	6	False	False	False	False
skin_hvg	ENSMUSG00000059588	Calcrl	0.16073049860311261	0.1953221537934807	0.3555682234508486	0.1973212547143861	0.149616600628685	0.5869713003186572	6	5	6	False	False	False	False
skin_hvg	ENSMUSG00000059606	Rnase2b	-0.42898502071599065	0.13172804716718375	0.27985203212007015	-0.19694928155366753	0.10945577234316291	0.5869713003186572	6	4	6	False	False	False	False
skin_hvg	ENSMUSG00000059632	Krtap8-1	-1.6510594982696079	0.008400774991339559	0.06034657430829172	-1.4708639319571006	0.10880459737723333	0.5869713003186572	6	5	6	False	False	False	True
skin_hvg	ENSMUSG00000059743	Fdps	-0.11089620197175343	0.23623222149591905	0.4001321003624685	-0.031157670035118972	0.7263262975699133	0.8595171442652233	6	3	6	False	False	False	False
skin_hvg	ENSMUSG00000059901		0.1614485587733263	0.36978757549896724	0.5433880608288998	0.0557633336879498	0.5678135230023191	0.7651014378605534	6	4	6	False	False	False	False
skin_hvg	ENSMUSG00000059956	Serpinb12	-0.2096792115728805	0.3833617220976194	0.5559719382926259	-0.3507643379571698	0.4832902553730498	0.7100033324002971	6	4	6	False	False	False	False
skin_hvg	ENSMUSG00000059970	Hspa2	-0.2735943118776589	0.051360692338750444	0.16516473848709282	-0.23048721251875057	0.21330663167143768	0.5869713003186572	6	4	6	False	False	False	False
skin_hvg	ENSMUSG00000060063	Alox5ap	0.11980047883486655	0.3051769300076985	0.4766121613805258	0.05283514917531947	0.6644799543644498	0.8225653784121488	6	3	6	False	False	False	False
skin_hvg	ENSMUSG00000060429	Sntb1	0.0120600847997121	0.8353388738368986	0.8917931830416878	0.10756703450424758	0.3383133879741271	0.6246482988515789	6	3	6	False	False	False	False
skin_hvg	ENSMUSG00000060550	H2-Q7	0.5187937743636253	0.18904524537750994	0.34794779264413583	0.3724850289523074	0.05260162332248781	0.5869713003186572	6	5	6	False	False	False	False
skin_hvg	ENSMUSG00000060572	Mfap2	-0.11673412250328319	0.6190662207086672	0.7458735909080773	-0.34729113686147123	0.03044098357056431	0.5869713003186572	6	6	6	False	False	False	True
skin_hvg	ENSMUSG00000060586	H2-Eb1	0.19385671940719362	0.20669783169193606	0.3676038392074081	0.09326745714669604	0.4685994358539485	0.699920024981552	6	3	6	False	False	False	False
skin_hvg	ENSMUSG00000060600	Eno3	0.4898986574756119	0.05366737536136979	0.16798393196967942	0.5975355276135002	0.1956451959717568	0.5869713003186572	6	5	6	False	False	False	False
skin_hvg	ENSMUSG00000060675	Plaat3	0.25387953972574984	0.015078420165936612	0.08249754814075456	0.24076936387968972	0.1733895106654422	0.5869713003186572	6	5	6	False	False	False	True
skin_hvg	ENSMUSG00000060791	Gmfg	0.1642364356904098	0.09551219282808994	0.232041178926637	0.1164948605499035	0.38459789920371956	0.6485711030503555	6	4	6	False	False	False	False
skin_hvg	ENSMUSG00000060802	B2m	0.09262478746371272	0.40656187330738874	0.5750028760586795	0.19344495834671735	0.07565664031831848	0.5869713003186572	6	5	6	False	False	False	False
skin_hvg	ENSMUSG00000060961	Slc4a4	0.2551035999041513	0.007262420068359772	0.05640211440072528	0.24288441154173293	0.053883078635172436	0.5869713003186572	6	5	6	False	False	False	True
skin_hvg	ENSMUSG00000061048	Cdh3	-0.28906600628469725	0.07773858693293306	0.20752659016750702	-0.21311582233060644	0.29740052042700466	0.5976364723489961	6	4	6	False	False	False	False
skin_hvg	ENSMUSG00000061080		-0.017468980785228183	0.92609924414471	0.95183746297323	-0.13455388281298922	0.6606470089230863	0.8225653784121488	6	4	6	False	False	False	False
skin_hvg	ENSMUSG00000061126	Cyp4f39	-0.06983152624688138	0.5715682809152663	0.7071680483984417	-0.051697210012408824	0.5366337130858093	0.7457602818596808	6	4	6	False	False	False	False
skin_hvg	ENSMUSG00000061353	Cxcl12	0.09945858169260013	0.09246781281441346	0.22879281756223072	0.14310747834709403	0.038453179179615396	0.5869713003186572	6	5	6	False	False	False	True
skin_hvg	ENSMUSG00000061397	Krt79	-0.24244581747815452	0.09359289698322013	0.23008467764612434	-0.1301896805666599	0.2791258952219924	0.5928186063526332	6	4	6	False	False	False	False
skin_hvg	ENSMUSG00000061436	Hipk2	0.031940644087987025	0.6353610236388333	0.7575020681831344	0.0470227299395812	0.5849068023794697	0.7726465255465981	6	4	6	False	False	False	False
skin_hvg	ENSMUSG00000061462	Obscn	0.5526798885222206	0.06627796106573565	0.18962333559924657	0.6166936945828215	0.19884629266478804	0.5869713003186572	6	5	6	False	False	False	False
skin_hvg	ENSMUSG00000061527	Krt5	-0.10152659490185201	0.41246778140763857	0.5800691263880664	-0.06532462251833653	0.603737273048827	0.7875005449239108	6	4	6	False	False	False	False
skin_hvg	ENSMUSG00000061615	H2ac4	-0.4197085338480244	0.20886167976846168	0.3691121898209009	-0.4023452328818042	0.3119994268667116	0.6114453929860874	6	3	6	False	False	False	False
skin_hvg	ENSMUSG00000061723	Tnnt3	0.4689838872736942	0.11302769729469557	0.2559141853713232	0.6048723111488584	0.30350254784179875	0.6018814181132792	6	5	6	False	False	False	False
skin_hvg	ENSMUSG00000061740	Cyp2d22	0.34978567359454615	2.3437837893939737e-05	0.00790651068003922	0.3287764737463575	0.11752736634057086	0.5869713003186572	6	4	6	True	False	True	True
skin_hvg	ENSMUSG00000061751	Kalrn	-0.14976232307671822	0.23021432165029593	0.3926343470984343	-0.03761492808840824	0.8394167559446469	0.9153341287452862	6	3	6	False	False	False	False
skin_hvg	ENSMUSG00000061780	Cfd	0.2562453292137583	0.21070248892112442	0.37105191391136283	0.14096535493039278	0.4474392973360527	0.6956738118780432	6	4	6	False	False	False	False
skin_hvg	ENSMUSG00000061808	Ttr	0.14780744877536178	0.36988891941315916	0.5433880608288998	0.05768950367232908	0.5230126029036394	0.7355325126750478	6	4	6	False	False	False	False
skin_hvg	ENSMUSG00000061816	Myl1	0.34896379122720766	0.22488014182716443	0.38689529168075554	0.45574146738799587	0.34809066542197176	0.6246482988515789	6	5	6	False	False	False	False
skin_hvg	ENSMUSG00000061878	Sphk1	-0.01546732531360373	0.9178213692753443	0.9461931637304992	-0.06342211556597495	0.3679287830035452	0.6353631925831507	6	4	6	False	False	False	False
skin_hvg	ENSMUSG00000061991	H2ac10	-0.10059962135440248	0.7387033768425404	0.8241288511477951	-0.18836758006407625	0.4988040203235414	0.7207754186585471	6	4	6	False	False	False	False
skin_hvg	ENSMUSG00000062070	Pgk1	0.15113891926744927	0.037606799756098035	0.1409020246021159	0.23386422646862806	0.06695823359889548	0.5869713003186572	6	5	6	False	False	False	True
skin_hvg	ENSMUSG00000062175	Tgif2	-0.29373935415334174	0.047610458137313155	0.158728021536251	-0.20254350353469378	0.4341403207214478	0.6874780020837367	6	3	6	False	False	False	True
skin_hvg	ENSMUSG00000062184	Hs6st2	0.06687378950110112	0.5963438971241073	0.7274885537915957	0.17490668151176325	0.048867026929249976	0.5869713003186572	6	5	6	False	False	False	True
skin_hvg	ENSMUSG00000062257	Opcml	0.1563406382614465	0.33907488570961425	0.5102732078086659	-0.061738601767762656	0.8281110774544433	0.9121554449401673	6	3	6	False	False	False	False
skin_hvg	ENSMUSG00000062300	Nectin2	-0.0805417557084338	0.6416873996376026	0.7593745186059062	-0.05143766688237683	0.7276991214724878	0.8595171442652233	6	3	6	False	False	False	False
skin_hvg	ENSMUSG00000062345	Serpinb2	-0.10929562385073233	0.38014230740547417	0.5541198451742569	-0.10089550633725934	0.4701123521379506	0.7009624967897257	6	3	6	False	False	False	False
skin_hvg	ENSMUSG00000062380	Tubb3	-0.9386847525411488	0.013781152547062912	0.07730607201259729	-0.8240039143065229	0.15514401782495227	0.5869713003186572	6	3	6	False	False	False	True
skin_hvg	ENSMUSG00000062515	Fabp4	0.2842115763851183	0.037578107830271004	0.1409020246021159	0.3341825040957464	0.18780583837208883	0.5869713003186572	6	5	6	False	False	False	True
skin_hvg	ENSMUSG00000062609	Kcnj15	-0.09899384330859107	0.31496857283610735	0.4853335184827981	-0.08245840455397957	0.5750926285030615	0.7682006549301765	6	4	6	False	False	False	False
skin_hvg	ENSMUSG00000062727	H2bc12	-0.6043536491115109	0.14001907821342607	0.2921819218309424	-0.5347674904930895	0.24817401317313426	0.5869713003186572	6	3	6	False	False	False	False
skin_hvg	ENSMUSG00000062866	Phactr2	0.22472130141663094	0.028512558231649932	0.12037965917252626	0.18688609034367568	0.19908190265451373	0.5869713003186572	6	4	6	False	False	False	True
skin_hvg	ENSMUSG00000062960	Kdr	0.4022043521815828	0.00017758004430438063	0.014185093939033925	0.3664867816670088	0.02636657464444317	0.5869713003186572	6	6	6	True	False	True	True
skin_hvg	ENSMUSG00000062991		-0.6301376083415811	0.00041989049758861074	0.020752230640567592	-0.4327125437940969	0.08278443530872175	0.5869713003186572	6	5	6	True	False	True	True
skin_hvg	ENSMUSG00000063011	Msln	0.2482056910751408	0.06608029237762378	0.18960106879039465	0.22765372824593158	0.1581457207349417	0.5869713003186572	6	5	6	False	False	False	False
skin_hvg	ENSMUSG00000063060	Sox7	-0.09300143477958756	0.22636386634271846	0.38835793907767074	-0.04594470157189937	0.6895936447429699	0.8389754338240996	6	5	6	False	False	False	False
skin_hvg	ENSMUSG00000063193	Cd300lb	0.251815966732321	0.06449807751653204	0.18667052289929636	0.23582947109666655	0.05635935727439007	0.5869713003186572	6	5	6	False	False	False	False
skin_hvg	ENSMUSG00000063415	Cyp26b1	0.271303753612294	0.034400282820932646	0.13377874127059253	0.25471102111026117	0.10923533390971324	0.5869713003186572	6	5	6	False	False	False	True
skin_hvg	ENSMUSG00000063531	Sema3e	-0.06379890062148519	0.4423796700329269	0.605920576855799	0.026915403584740538	0.6805660942280897	0.8322660686916687	6	3	6	False	False	False	False
skin_hvg	ENSMUSG00000063558	Aox1	0.22101534945601475	0.047914865272348325	0.1588142067649391	0.22536370757602686	0.19925779849591196	0.5869713003186572	6	4	6	False	False	False	True
skin_hvg	ENSMUSG00000063564	Col23a1	0.02724684038930203	0.7577179858036012	0.8368891747049093	0.06617651439834409	0.5389154594060833	0.7468523056446554	6	2	6	False	False	False	False
skin_hvg	ENSMUSG00000063661	Krt73	-1.779859436970038	0.008659840238720936	0.060620294434204934	-1.537700622754297	0.1331142586916555	0.5869713003186572	6	5	6	False	False	False	True
skin_hvg	ENSMUSG00000063727	Tnfrsf11b	-0.14083656341413597	0.20050448036400026	0.36095661953915725	0.01924688872929729	0.8623691579403817	0.9298872615588241	6	3	6	False	False	False	False
skin_hvg	ENSMUSG00000063856	Gpx1	0.03912843361277574	0.7020443437101376	0.7969315918646589	0.026333175431790146	0.5249331681158309	0.7371951735072534	6	3	6	False	False	False	False
skin_hvg	ENSMUSG00000063873	Slc24a3	0.21820487657439802	0.019169989742865875	0.09594603888847908	0.1675974323185699	0.1540476385820892	0.5869713003186572	6	5	6	False	False	False	True
skin_hvg	ENSMUSG00000063954		-0.025789478255632936	0.9529686667539946	0.9686332575256437	-0.1666137326152095	0.5093144251182409	0.7265167233943911	6	4	6	False	False	False	False
skin_hvg	ENSMUSG00000064023	Klk8	-0.4549999313356379	0.00028268686193531493	0.017707453222216	-0.5116278110970488	0.025867932995630706	0.5869713003186572	6	6	6	True	False	True	True
skin_hvg	ENSMUSG00000064080	Fbln2	0.06779081265287701	0.6204128989836314	0.7463641923315132	-0.00022767111924763364	0.9974633954737276	0.9983121635461235	6	3	6	False	False	False	False
skin_hvg	ENSMUSG00000064201	Krt2	-0.794243124194506	0.07228784616155362	0.19994297615598694	-1.5815532277789943	0.2621865798787491	0.5909715492757674	6	4	6	False	False	False	False
skin_hvg	ENSMUSG00000064220	H2ac18	-0.18991779748153848	0.6487698617807057	0.7639112110707956	-0.31194228707039734	0.27646428562734876	0.5909715492757674	6	3	6	False	False	False	False
skin_hvg	ENSMUSG00000064246	Chil1	-0.6448444267373521	0.0053827058306294235	0.05192880939017855	-0.38687026199093394	0.12513962569932588	0.5869713003186572	6	4	6	False	False	False	True
skin_hvg	ENSMUSG00000064267	Hvcn1	0.27039015651531706	0.06536938319750164	0.1881018130337331	0.3057420119292316	0.06313360740642018	0.5869713003186572	6	5	6	False	False	False	False
skin_hvg	ENSMUSG00000064288	H4c12	-0.1523394034452341	0.7110926911463324	0.8027428514523607	-0.257782614163455	0.43064013402274615	0.6857785714958604	6	3	6	False	False	False	False
skin_hvg	ENSMUSG00000064325	Hhip	-0.2585791369928385	0.08210946470584671	0.2137843559551185	-0.12151344504173107	0.5809573613109241	0.7712098634701623	6	4	6	False	False	False	False
skin_hvg	ENSMUSG00000064345		0.16561995002789764	0.3632835915852423	0.5358030519909371	0.24047571430940154	0.16232911145582118	0.5869713003186572	6	4	6	False	False	False	False
skin_hvg	ENSMUSG00000064351		0.10948304820436938	0.43515893678338174	0.5987043054812541	0.2285278045407558	0.08582633771777008	0.5869713003186572	6	5	6	False	False	False	False
skin_hvg	ENSMUSG00000064354		0.29810129754527814	0.1604899373293066	0.31684371264239836	0.2893361555780561	0.18254429079047943	0.5869713003186572	6	5	6	False	False	False	False
skin_hvg	ENSMUSG00000064356		0.032153756827845825	0.8499414121572049	0.8973018306427355	0.16289106337429585	0.2353312929491856	0.5869713003186572	6	4	6	False	False	False	False
skin_hvg	ENSMUSG00000064357		0.046475596823057685	0.7950954271798721	0.8643470702657619	0.23124907617650425	0.12576644501295503	0.5869713003186572	6	5	6	False	False	False	False
skin_hvg	ENSMUSG00000064358		0.29136912402088555	0.21231855809887473	0.37291131092651963	0.37951923351330424	0.0302441246326961	0.5869713003186572	6	6	6	False	False	False	True
skin_hvg	ENSMUSG00000064360		0.15988493000078385	0.43086038661807025	0.5950377007529556	0.2648810674596887	0.07643186245161283	0.5869713003186572	6	5	6	False	False	False	False
skin_hvg	ENSMUSG00000064363		0.11017098214486509	0.49578033659439796	0.6520252922133616	0.1455402387654384	0.27214728877489514	0.5909715492757674	6	4	6	False	False	False	False
skin_hvg	ENSMUSG00000064367		0.09697185412801623	0.518412584304035	0.6695063903787095	0.11720884163843485	0.2989539470688334	0.5976364723489961	6	4	6	False	False	False	False
skin_hvg	ENSMUSG00000064368		0.01221312374715744	0.9531118432838708	0.9686332575256437	0.21025594182089943	0.06824393864749684	0.5869713003186572	6	5	6	False	False	False	False
skin_hvg	ENSMUSG00000065947		0.21280379246902825	0.34755243158329097	0.5191190769422828	0.37184163969106593	0.13213341446684493	0.5869713003186572	6	4	6	False	False	False	False
skin_hvg	ENSMUSG00000066000	Zfp979	0.4807879799998762	0.20816191661909875	0.36820137067169195	0.37564827542698725	0.03397546012060605	0.5869713003186572	6	5	6	False	False	False	True
skin_hvg	ENSMUSG00000066007	Zfp600	0.20398495256791538	0.1474590530690679	0.30079236872209253	0.19119761677399918	0.07865728912134065	0.5869713003186572	6	5	6	False	False	False	False
skin_hvg	ENSMUSG00000066009	Zfp987	0.13810172743546123	0.04605872710749885	0.15642734359468574	0.14823539305845992	0.009633775423029829	0.5869713003186572	6	5	6	False	False	False	True
skin_hvg	ENSMUSG00000066113	Adamtsl1	0.08446678415338038	0.2661801885499623	0.4311126005955188	0.040980229760669985	0.6712044283663964	0.8258571510035708	6	4	6	False	False	False	False
skin_hvg	ENSMUSG00000066278	Vps37b	0.04631558493626464	0.6603367256217174	0.7727468152342478	0.0460526681283017	0.6699569064282616	0.8253571512259337	6	4	6	False	False	False	False
skin_hvg	ENSMUSG00000066705	Fxyd6	0.2618137470255357	0.010117067918807968	0.0639270046865085	0.24381906518999555	0.25621360251462827	0.5869713003186572	6	5	6	False	False	False	True
skin_hvg	ENSMUSG00000066800	Rnasel	0.12932176813969232	0.17735831067903848	0.3347680022930433	0.1247196739987005	0.3394743929513679	0.6246482988515789	6	4	6	False	False	False	False
skin_hvg	ENSMUSG00000066878		-0.5664868194861019	0.1861155239173785	0.3438230353959342	-0.13192032765542722	0.5422404242375164	0.7483314704862921	6	4	6	False	False	False	False
skin_hvg	ENSMUSG00000067158	Col4a4	0.14181437272276565	0.18238461907744438	0.340394471306221	-0.08589577165635894	0.5254329713200367	0.7373785268630452	6	4	6	False	False	False	False
skin_hvg	ENSMUSG00000067219	Nipal1	-0.3619725161442666	0.003170412762696774	0.04427492508465355	-0.27891834011402256	0.02862436438203547	0.5869713003186572	6	5	6	True	False	True	True
skin_hvg	ENSMUSG00000067235	H2-Q10	0.23173289765773397	0.057394483328870954	0.17366179273902319	0.20620995067039782	0.1584711572445459	0.5869713003186572	6	4	6	False	False	False	False
skin_hvg	ENSMUSG00000067276	Capn6	0.021551367964357748	0.8269692981870751	0.8854429911660193	0.027209782731738425	0.5791689874218906	0.7705532764034081	6	3	6	False	False	False	False
skin_hvg	ENSMUSG00000067279	Ppp1r3c	0.6412212837722446	0.0005689406054162731	0.023589715799261963	0.6610591231092305	0.07958454694025903	0.5869713003186572	6	5	6	True	False	True	True
skin_hvg	ENSMUSG00000067586	S1pr3	-0.12271839564264386	0.24808671694632656	0.4118280745983492	-0.06075356157377332	0.7278134656747585	0.8595171442652233	6	4	6	False	False	False	False
skin_hvg	ENSMUSG00000067594	Krt77	0.08502283979033187	0.47526886160292275	0.6348574693117303	0.10954313751283114	0.21199420462850746	0.5869713003186572	6	4	6	False	False	False	False
skin_hvg	ENSMUSG00000067613	Krt83	-1.8062278418012667	0.008562811511299522	0.060620294434204934	-1.643144338978363	0.12555192255133263	0.5869713003186572	6	5	6	False	False	False	True
skin_hvg	ENSMUSG00000067614	Krt86	-1.5983977266264082	0.017104958531338255	0.09060637184902519	-1.5375126158544195	0.11088489756808016	0.5869713003186572	6	5	6	False	False	False	True
skin_hvg	ENSMUSG00000067615	Krt81	-1.8194391265336787	0.008311359462652356	0.05991980089139623	-1.6857059161820402	0.11255022672520262	0.5869713003186572	6	5	6	False	False	False	True
skin_hvg	ENSMUSG00000067818	Myl9	0.1118206280870595	0.48027487154042214	0.6385545395913602	0.1607972743933613	0.25895705349058906	0.58879896807286	6	4	6	False	False	False	False
skin_hvg	ENSMUSG00000067919	Rex2	0.031371666520258024	0.8331473813115309	0.8906827197425734	0.08659307462957888	0.15429355592716168	0.5869713003186572	6	5	6	False	False	False	False
skin_hvg	ENSMUSG00000068122	Agtr2	-0.007144743803531695	0.9677847645987986	0.9800538412291079	0.2018731569314445	0.20700293238860906	0.5869713003186572	6	4	6	False	False	False	False
skin_hvg	ENSMUSG00000068196	Col8a1	0.04597076479166429	0.6713852171438983	0.7767996979353216	0.10653117188938459	0.5488275422293557	0.7518867390165964	6	5	6	False	False	False	False
skin_hvg	ENSMUSG00000068220	Lgals1	0.12214251607417559	0.3842637195599493	0.556433580810037	0.12352881301851237	0.24513008595553318	0.5869713003186572	6	5	6	False	False	False	False
skin_hvg	ENSMUSG00000068227	Il2rb	0.3910248522940929	0.006067067304108508	0.05337415597491053	0.39708706232150837	0.05686088011608265	0.5869713003186572	6	5	6	False	False	False	True
skin_hvg	ENSMUSG00000068246	Apol9b	0.1891193547790857	0.13052930713011718	0.2784904127551752	0.29077722987543847	0.05613390606911709	0.5869713003186572	6	5	6	False	False	False	False
skin_hvg	ENSMUSG00000068252	Apol7b	0.10812001682391896	0.021410807589215264	0.10229038936761456	0.11456930393630714	0.046637326666764026	0.5869713003186572	6	5	6	False	False	False	True
skin_hvg	ENSMUSG00000068457	Uty	1.0320171704463545	0.057058206336497774	0.17316905479329187	0.13778198866038605	0.1265073141120502	0.5869713003186572	6	5	6	False	False	False	False
skin_hvg	ENSMUSG00000068587	Mgam	0.19515294775155612	0.1576975043923013	0.31335514056858277	0.25406015417818356	0.02979242427622934	0.5869713003186572	6	5	6	False	False	False	True
skin_hvg	ENSMUSG00000068614	Actc1	0.23470554481483052	0.3419461552546204	0.5134334376266745	0.17769467443542175	0.46527282678937243	0.6995462927199243	6	4	6	False	False	False	False
skin_hvg	ENSMUSG00000068699	Flnc	0.6017639237160548	0.020318678075643408	0.0996439534831209	0.6206873603947395	0.18197548266492364	0.5869713003186572	6	5	6	False	False	False	True
skin_hvg	ENSMUSG00000068747	Sort1	-0.04185401744987871	0.3561919467460435	0.5280737324809568	0.0014928797983989976	0.9800716579287497	0.9909889118398547	6	2	6	False	False	False	False
skin_hvg	ENSMUSG00000068748	Ptprz1	0.0502668726669393	0.6605093417759672	0.7727468152342478	0.08469471366139869	0.38983609223412324	0.6525588232955105	6	4	6	False	False	False	False
skin_hvg	ENSMUSG00000068794		-0.05879695634867588	0.5456252056318089	0.690814363629729	-0.025727018523995504	0.7656797872030505	0.8732510194428851	6	3	6	False	False	False	False
skin_hvg	ENSMUSG00000068876		0.06633981242141473	0.49546519225500807	0.6520252922133616	0.0829273267400105	0.3809188282380039	0.6479349484420985	6	4	6	False	False	False	False
skin_hvg	ENSMUSG00000069265	H3c1	-0.4066326522641974	0.25600888493241064	0.42043564408719086	-0.4173398294836678	0.24181359338019878	0.5869713003186572	6	3	6	False	False	False	False
skin_hvg	ENSMUSG00000069266	H4c2	-0.292662607536438	0.44699554694873067	0.6094623674380494	-0.35536548768760395	0.3290513459690261	0.6201188088392988	6	3	6	False	False	False	False
skin_hvg	ENSMUSG00000069267	H3c2	-0.5850200197535029	0.11889903914679452	0.2645805206459654	-0.545610583192609	0.22018288200748468	0.5869713003186572	6	3	6	False	False	False	False
skin_hvg	ENSMUSG00000069274	H4c6	-0.38672487757615936	0.3555318533185649	0.5280737324809568	-0.42035841976307015	0.26500703287066774	0.5909715492757674	6	3	6	False	False	False	False
skin_hvg	ENSMUSG00000069300	H2bc11	-0.429551463788004	0.23529601956570692	0.3990836716607587	-0.4297137590593776	0.3229287988298845	0.6176287484617111	6	3	6	False	False	False	False
skin_hvg	ENSMUSG00000069301	H2ac11	-0.3547738848105446	0.24308276303570506	0.4058831754032634	-0.3603296930039462	0.35570632068977465	0.629785807542891	6	3	6	False	False	False	False
skin_hvg	ENSMUSG00000069302	H2ac12	0.01570563441454209	0.943592612332484	0.9643574446407218	-0.01254685118812728	0.9640893312392028	0.9853052172388372	6	4	6	False	False	False	False
skin_hvg	ENSMUSG00000069303		-0.5101209025165026	0.15081996328711386	0.3045925003218047	-0.6133049140877292	0.08037957378023379	0.5869713003186572	6	5	6	False	False	False	False
skin_hvg	ENSMUSG00000069305	H4c18	-0.3415078110850951	0.40249239975990814	0.571270307264063	-0.25186016063931843	0.4618472177826228	0.6995462927199243	6	3	6	False	False	False	False
skin_hvg	ENSMUSG00000069306	H4c17	0.6678730177788821	0.18158522192657808	0.33921953993206405	-0.041225076958591574	0.8339004843294406	0.9140365901440127	6	3	5	False	False	False	False
skin_hvg	ENSMUSG00000069308	H2bc22	-0.3626348490612181	0.17725610280372828	0.3347680022930433	-0.2895565380514662	0.35915030597636455	0.630886975248091	6	3	6	False	False	False	False
skin_hvg	ENSMUSG00000069309	H2ac22	-0.1276556577655188	0.6415280334539065	0.7593745186059062	-0.15116978845073337	0.5801873949692574	0.7712098634701623	6	4	6	False	False	False	False
skin_hvg	ENSMUSG00000069310	H3c3	-0.43886220821407607	0.28944404799272505	0.45729411696318983	-0.4475492121894556	0.2762402989997515	0.5909715492757674	6	3	6	False	False	False	False
skin_hvg	ENSMUSG00000069441	Dsg1a	-0.1656118741296524	0.05629154208411585	0.17252852809432837	-0.08779726005564263	0.09183362542354959	0.5869713003186572	6	5	6	False	False	False	False
skin_hvg	ENSMUSG00000069516	Lyz2	0.10358350768102653	0.44002277253795186	0.6031060238560672	0.04007239245631222	0.8225587549658334	0.9085452619838326	6	4	6	False	False	False	False
skin_hvg	ENSMUSG00000069662	Marcks	-0.07465558178693321	0.5312184577656947	0.6787224953026821	-0.005334194215625902	0.9384378560485306	0.9730323979900912	6	3	6	False	False	False	False
skin_hvg	ENSMUSG00000069721	Krtap3-2	-0.7193181742759549	0.020225359751300714	0.0996439534831209	-0.649998624593378	0.13384850885968833	0.5869713003186572	6	4	6	False	False	False	True
skin_hvg	ENSMUSG00000069722	Krtap3-3	-1.4917141693700495	0.0059157501584476855	0.053023024044536286	-1.3951609036248616	0.09587308741498098	0.5869713003186572	6	5	6	False	False	False	True
skin_hvg	ENSMUSG00000069805	Fbp1	-1.4392615221611385	0.0029907422046217833	0.044078281846389886	-1.2014294700744053	0.12126884340121784	0.5869713003186572	6	4	6	True	False	True	True
skin_hvg	ENSMUSG00000069806	Cacng7	0.22754212618743974	0.03050961799890126	0.12497087077050781	0.1818893415394783	0.035022480494084185	0.5869713003186572	6	6	6	False	False	False	True
skin_hvg	ENSMUSG00000069919	Hba-a1	0.19456169502742782	0.3066439121762776	0.47766606288301594	0.059325622623585574	0.715911440379928	0.8542554695193822	6	3	6	False	False	False	False
skin_hvg	ENSMUSG00000070000	Fcho1	0.07648877808094934	0.6637643437503403	0.7742624967695266	0.027454596866739678	0.7524934806247229	0.8657237371227584	6	3	6	False	False	False	False
skin_hvg	ENSMUSG00000070327		0.19806170298659787	0.008648144838266687	0.060620294434204934	0.21792677535457017	0.04425481259936746	0.5869713003186572	6	5	6	False	False	False	True
skin_hvg	ENSMUSG00000070348	Ccnd1	-0.22611203129559243	0.02066131737076418	0.10034429974209737	-0.17671540804100516	0.3290898381272816	0.6201188088392988	6	4	6	False	False	False	True
skin_hvg	ENSMUSG00000070385		0.26977118714695436	0.370793486643551	0.543667101928907	0.3672523358305373	0.3795131616841254	0.6479349484420985	6	4	6	False	False	False	False
skin_hvg	ENSMUSG00000070407	Hs3st3b1	0.15087762796633886	0.04061615612394511	0.1473366209355666	0.1485228951495586	0.1848374957589633	0.5869713003186572	6	4	6	False	False	False	True
skin_hvg	ENSMUSG00000070436	Serpinh1	0.2093275826037928	0.10481093093093077	0.2463189945319003	0.03804188524328467	0.7565933817590116	0.8663514812917122	6	4	6	False	False	False	False
skin_hvg	ENSMUSG00000070469	Adamtsl3	0.14703004694436395	0.2799642897031518	0.4476290524717327	0.03329898510736262	0.8633079513131992	0.9303971822841115	6	3	6	False	False	False	False
skin_hvg	ENSMUSG00000070639	Lrrc8b	-0.24587922252974614	0.005920948603871603	0.053023024044536286	-0.18498734694869748	0.17087842023442443	0.5869713003186572	6	5	6	False	False	False	True
skin_hvg	ENSMUSG00000070643	Sox13	-0.01989365523653941	0.9035215912162177	0.9373156455370321	-0.06243465060374209	0.5122662868969308	0.728397575268631	6	4	6	False	False	False	False
skin_hvg	ENSMUSG00000070691	Runx3	0.1519318025255192	0.09679580362214972	0.23316418430717595	0.17438176726297913	0.07102488583993129	0.5869713003186572	6	5	6	False	False	False	False
skin_hvg	ENSMUSG00000070803	Cited4	-0.1692903501412859	0.470475935049882	0.6301411417133563	-0.14712909012865438	0.427373388375139	0.6857785714958604	6	4	6	False	False	False	False
skin_hvg	ENSMUSG00000070942	Il1rl2	-0.09443616150050893	0.15278638008406456	0.30649908464093223	-0.05184817005686456	0.1505651347243892	0.5869713003186572	6	5	6	False	False	False	False
skin_hvg	ENSMUSG00000071005	Ccl19	0.20744466123042082	0.34029551385246615	0.5115119358662914	0.2152079063269143	0.2922231307793787	0.5943324979698786	6	4	6	False	False	False	False
skin_hvg	ENSMUSG00000071478	H2ac7	-0.20066738554686836	0.5332670006218748	0.6804691375347502	-0.24135994469934688	0.5007603079583248	0.7215317980224437	6	3	6	False	False	False	False
skin_hvg	ENSMUSG00000071516	H2ac13	0.06448935312065007	0.8008247834286781	0.8668005921447536	0.01639088743896916	0.9312700412786357	0.9677822851689778	6	3	6	False	False	False	False
skin_hvg	ENSMUSG00000071713	Csf2rb	0.30689451567147064	0.0009545195986469287	0.02888144906815025	0.262314905445892	0.021838765462135944	0.5869713003186572	6	5	6	True	False	True	True
skin_hvg	ENSMUSG00000072082	Ccnf	-0.26318463547727156	0.04655387913455704	0.15704070376978108	-0.17161060202728118	0.40113948657009024	0.6632461406860252	6	4	6	False	False	False	True
skin_hvg	ENSMUSG00000072235	Tuba1a	-0.0024408399479582954	0.976692853407092	0.9830925545634893	0.012383345316467084	0.913319321886591	0.9545546306408341	6	4	6	False	False	False	False
skin_hvg	ENSMUSG00000072596	Ear2	0.2090477063828189	0.24939305660752842	0.4123579415382227	0.19716121643954634	0.2571101527549097	0.5874702231711153	6	4	6	False	False	False	False
skin_hvg	ENSMUSG00000072941	Sod3	0.27455256858525434	0.026117595287920615	0.11437903024117865	0.21329707698876202	0.20093095122806998	0.5869713003186572	6	5	6	False	False	False	True
skin_hvg	ENSMUSG00000072949	Acot1	-0.2513846450046149	0.09611744659490898	0.2324691611817514	-0.09144659277088045	0.6129149519157054	0.7927403879376062	6	4	6	False	False	False	False
skin_hvg	ENSMUSG00000073418	C4b	0.2991136505792955	0.0715273798301184	0.19879776572109015	0.060828161150266645	0.6755925784390253	0.8282126329912421	6	4	6	False	False	False	False
skin_hvg	ENSMUSG00000073421	H2-Ab1	0.2120681496809631	0.1241375608630304	0.27198364263744684	0.09246668411955294	0.4089359238059071	0.6661378908390464	6	4	6	False	False	False	False
skin_hvg	ENSMUSG00000073489	Ifi204	0.12237661283155798	0.4282349056130948	0.5934664167309857	0.10953942808415122	0.4934028701693552	0.7150402987867941	6	4	6	False	False	False	False
skin_hvg	ENSMUSG00000073530	Pappa2	0.33111327971426974	0.006353204444409895	0.053981679616608054	0.28681097052439314	0.2074358822909724	0.5869713003186572	6	5	6	False	False	False	True
skin_hvg	ENSMUSG00000073557	Ppp1r12b	0.2650296879541649	0.0027407839272568465	0.044078281846389886	0.25148824871380554	0.10762904592681463	0.5869713003186572	6	5	6	True	False	True	True
skin_hvg	ENSMUSG00000073602	Serpinb3b	-0.3515757231761709	0.21880437031663608	0.37981702569889975	-0.3240480687094078	0.4533479274967441	0.6970877244787581	6	2	6	False	False	False	False
skin_hvg	ENSMUSG00000073877		0.6183079198048445	0.017328001719277612	0.09106320903525629	0.46912441123993953	0.09326257205515599	0.5869713003186572	6	4	6	False	False	False	True
skin_hvg	ENSMUSG00000073878		-0.12791336193705383	0.5738201434366357	0.7086696514798771	-0.4739543945729368	0.1048100221961099	0.5869713003186572	6	6	6	False	False	False	False
skin_hvg	ENSMUSG00000073888	Ccl27a	0.2077223733802649	0.04892144536517571	0.16015758425287852	0.2569374408590989	0.25861440909672667	0.58879896807286	6	4	6	False	False	False	True
skin_hvg	ENSMUSG00000073889	Il11ra1	-0.13737666542075644	0.20962607811258607	0.37013552430666175	-0.0983189306544318	0.36872357481154827	0.6353631925831507	6	4	6	False	False	False	False
skin_hvg	ENSMUSG00000073940	Hbb-bt	0.1788283088080611	0.35137209370950756	0.5232588151662092	-0.034702049120508636	0.8410806841500251	0.9153341287452862	6	2	6	False	False	False	False
skin_hvg	ENSMUSG00000073987	Ggh	-0.24375281520132397	0.02796793226480925	0.11979330603693553	-0.11947957626983004	0.042588447551546026	0.5869713003186572	6	5	6	False	False	False	True
skin_hvg	ENSMUSG00000074037	Mc1r	-0.8902025197172305	0.0035402573908537532	0.046996858806320395	-0.6120169032931445	0.21564831511797855	0.5869713003186572	6	3	6	True	False	True	True
skin_hvg	ENSMUSG00000074151	Nlrc5	0.14387787498592708	0.05961449018953091	0.17663225060607304	0.18140575272429368	0.08949032069137852	0.5869713003186572	6	5	6	False	False	False	False
skin_hvg	ENSMUSG00000074155	Klk5	-0.2973811688546464	0.0002526142770433236	0.016815690375183906	-0.2732593862980832	0.010743041692223315	0.5869713003186572	6	6	6	True	False	True	True
skin_hvg	ENSMUSG00000074183	Gsta1	-0.3125649407403648	0.010179663240014873	0.0639270046865085	-0.26349934666369307	0.0316104073964484	0.5869713003186572	6	6	6	False	False	False	True
skin_hvg	ENSMUSG00000074207	Adh1	0.1349059548701792	0.32326303314682675	0.4935445544298265	0.00925433532008372	0.9502937431013752	0.9780166563238847	6	4	6	False	False	False	False
skin_hvg	ENSMUSG00000074345		0.14757585309561527	0.2584940416422225	0.423018368485915	0.1624596671116758	0.37444552928504865	0.6418607055641564	6	4	6	False	False	False	False
skin_hvg	ENSMUSG00000074364	Ehd2	0.21688791417384756	0.0061702311993307125	0.05374471652728701	0.14424620588635526	0.07777293095653409	0.5869713003186572	6	6	6	False	False	False	True
skin_hvg	ENSMUSG00000074403	H3c13	-0.3249972031684898	0.4385186590247466	0.6014572541706175	-0.38184732684960143	0.28541267537415804	0.5936141152037087	6	4	6	False	False	False	False
skin_hvg	ENSMUSG00000074604	Mgst2	0.00873328271211804	0.9504098485575337	0.9678574541404359	0.02630654222397492	0.8047972283439835	0.8973646370758989	6	3	6	False	False	False	False
skin_hvg	ENSMUSG00000074743	Thbd	0.08132364625808286	0.38451594467593947	0.556433580810037	0.03280506673008032	0.6637518927454995	0.8225653784121488	6	3	6	False	False	False	False
skin_hvg	ENSMUSG00000074785	Plxnc1	-0.017069412470723577	0.816904496606977	0.8799127722352389	0.020400506861213568	0.7541668029960722	0.8657237371227584	6	3	6	False	False	False	False
skin_hvg	ENSMUSG00000074892	B3galt5	-0.39134436282398255	0.02726386095465762	0.11761430490862818	-0.16807186145265893	0.558847607997231	0.7608833421644108	6	4	6	False	False	False	True
skin_hvg	ENSMUSG00000075296	Aldh3b2	-0.23754506359080096	0.12313065658637934	0.27164943501139244	-0.18545593499358523	0.1352274224715057	0.5869713003186572	6	3	6	False	False	False	False
skin_hvg	ENSMUSG00000075307		0.5194878133191292	0.05852833452024435	0.1752847471855426	0.7674991073058708	0.2310067554172246	0.5869713003186572	6	5	6	False	False	False	False
skin_hvg	ENSMUSG00000075570		-1.74278031471031	0.008292915889087682	0.05991980089139623	-1.5278471004793006	0.10563787387085252	0.5869713003186572	6	5	6	False	False	False	True
skin_hvg	ENSMUSG00000075706	Gpx4	0.11342093058293479	0.4080677573886874	0.5763163447703031	0.11662696616300543	0.11059260164571703	0.5869713003186572	6	4	6	False	False	False	False
skin_hvg	ENSMUSG00000075707	Dio3	-0.6174880770504589	0.02968330662437045	0.12336693865067644	-0.5382381160242266	0.10862978663756041	0.5869713003186572	6	4	6	False	False	False	True
skin_hvg	ENSMUSG00000076431	Sox4	-0.24275110563330493	0.07106464328008688	0.1982068332825887	-0.15451554530834288	0.31679114398715197	0.6144144259893934	6	4	6	False	False	False	False
skin_hvg	ENSMUSG00000076441	Ass1	-0.666040701152526	0.009347759494756889	0.06215642750053642	-0.4700917302470007	0.21771713917927119	0.5869713003186572	6	3	6	False	False	False	True
skin_hvg	ENSMUSG00000076498		0.026072269314145302	0.6978390048262604	0.7945179547537298	0.1149738272639415	0.2517864037007797	0.5869713003186572	6	4	6	False	False	False	False
skin_hvg	ENSMUSG00000078144	Capns2	-0.024344219690210167	0.7475990314779075	0.8298806369435138	0.003083644204498951	0.9495153393209169	0.9780166563238847	6	2	6	False	False	False	False
skin_hvg	ENSMUSG00000078153		0.04029648936752217	0.6701667986725662	0.7767400446599622	0.08324791100800992	0.17882951356603272	0.5869713003186572	6	4	6	False	False	False	False
skin_hvg	ENSMUSG00000078154		-0.05423426702055778	0.5637957976598081	0.7045683403796226	-0.12513428105075822	0.27554811461459966	0.5909715492757674	6	4	6	False	False	False	False
skin_hvg	ENSMUSG00000078249		-0.3025578684517005	0.5494020447005472	0.6930864707940574	0.14279427863013727	0.3525073857791394	0.627672779114404	6	4	6	False	False	False	False
skin_hvg	ENSMUSG00000078502		0.018347187643887874	0.9462013883226338	0.9649877185950552	0.07470171862474562	0.5649198097878354	0.7643257860069833	6	3	6	False	False	False	False
skin_hvg	ENSMUSG00000078903	Gm14391	0.041162927610411515	0.537108483927682	0.683623736394889	0.05792819099389638	0.27713657322024376	0.5909715492757674	6	4	6	False	False	False	False
skin_hvg	ENSMUSG00000078937	Cpt1b	0.5336297433257844	0.013382274403486714	0.07617754088136817	0.6303658068118931	0.19840145271476975	0.5869713003186572	6	5	6	False	False	False	True
skin_hvg	ENSMUSG00000079227	Ccr5	0.17226178529142633	0.3070398367324691	0.4779100186708814	0.15561170276076286	0.24931741983789651	0.5869713003186572	6	5	6	False	False	False	False
skin_hvg	ENSMUSG00000079355	Ackr4	0.1327197258897117	0.19427553268083259	0.3549572175330491	0.14105060800046246	0.42561088159703314	0.6854986996621343	6	4	6	False	False	False	False
skin_hvg	ENSMUSG00000079434	Neu2	0.281213157554868	0.10858345418467819	0.25126437775991	0.46184268029044456	0.27403767706312615	0.5909715492757674	6	5	6	False	False	False	False
skin_hvg	ENSMUSG00000079470	Utp14b	-0.31205627852977713	0.02298993833473966	0.10701843089621237	-0.1515276430227499	0.47035039844678633	0.7009624967897257	6	4	6	False	False	False	True
skin_hvg	ENSMUSG00000079547	H2-DMb1	0.1195916576938929	0.24644832762118685	0.4104731528436281	0.023504783308764193	0.7912254762042499	0.8912533004048985	6	4	6	False	False	False	False
skin_hvg	ENSMUSG00000079553	Kifc1	-0.2983216347542301	0.15258835270337365	0.30649908464093223	-0.3281725553646832	0.1961185061182527	0.5869713003186572	6	4	6	False	False	False	False
skin_hvg	ENSMUSG00000079685	Ulbp1	-0.17342135899912314	0.20236697446746493	0.3621208315515479	-0.039911450445725194	0.7796750893409893	0.8837444792466072	6	3	6	False	False	False	False
skin_hvg	ENSMUSG00000079707		-0.4057576863939222	0.00017705719395337557	0.014185093939033925	-0.36939698806166493	0.039127277524137714	0.5869713003186572	6	6	6	True	False	True	True
skin_hvg	ENSMUSG00000081058	H3c15	-0.3466371567103179	0.30172410214022766	0.47332524114221103	-0.36694572202788756	0.28969580115558935	0.5936141152037087	6	3	6	False	False	False	False
skin_hvg	ENSMUSG00000082361	Btc	-0.01599112236449951	0.9126710366957125	0.9426199164826264	0.07341375752130726	0.5696326814613178	0.7651014378605534	6	3	6	False	False	False	False
skin_hvg	ENSMUSG00000083282	Ctsf	-0.05187848900188996	0.5631118141082863	0.7041542221504368	0.003417557606770908	0.9546749217620043	0.9807025816660095	6	3	6	False	False	False	False
skin_hvg	ENSMUSG00000085795	Zfp703	0.03384840615666729	0.7733507678570565	0.8490277533867739	-0.014657873227074347	0.9117669124861245	0.953861999763827	6	4	6	False	False	False	False
skin_hvg	ENSMUSG00000086040	Wipf3	0.3388509435187679	0.0059662822049418775	0.053190471264593434	0.2245347194596913	0.2312983206225823	0.5869713003186572	6	5	6	False	False	False	True
skin_hvg	ENSMUSG00000089675		0.04167507086830665	0.1860776872600138	0.3438230353959342	0.05649276303674513	0.03844470299987677	0.5869713003186572	6	5	6	False	False	False	True
skin_hvg	ENSMUSG00000089715	Cbx6	0.08670744755240989	0.38567125644542655	0.5572977562384347	0.07815352093958501	0.4422891717459712	0.6928705015345237	6	3	6	False	False	False	False
skin_hvg	ENSMUSG00000089774	Slc5a3	0.23798604496140108	0.04367728113659227	0.1522225661950694	0.30452692629919803	0.030317251627578007	0.5869713003186572	6	5	6	False	False	False	True
skin_hvg	ENSMUSG00000089789	Rdh1	0.07448726587667842	0.6593981239330078	0.7727468152342478	0.12669260232983084	0.11037531420622836	0.5869713003186572	6	4	6	False	False	False	False
skin_hvg	ENSMUSG00000089943	Ugt1a5	-0.08538769582259587	0.3878946715000656	0.5579208518826887	0.00724414527482072	0.9557221119689443	0.9808922212907893	6	3	6	False	False	False	False
skin_hvg	ENSMUSG00000089960	Ugt1a1	-0.01508306080797972	0.9115732448807202	0.9422421169910965	0.07810961147181583	0.2992190015692563	0.5976364723489961	6	4	6	False	False	False	False
skin_hvg	ENSMUSG00000090124	Ugt1a7c	-0.08568363457815042	0.30765976708543186	0.47850198977383757	-0.024718815549594837	0.6672013596427789	0.8229778352110126	6	2	6	False	False	False	False
skin_hvg	ENSMUSG00000090171	Ugt1a2	-0.1309742882825944	0.18525592072381816	0.34286939173815095	-0.04256815551172596	0.5957581042771243	0.7818522346674105	6	4	6	False	False	False	False
skin_hvg	ENSMUSG00000090175	Ugt1a9	0.022121328577356367	0.38408403111984996	0.556433580810037	0.026144006045612744	0.20247786861174058	0.5869713003186572	6	3	5	False	False	False	False
skin_hvg	ENSMUSG00000090231	Cfb	0.02579161311904521	0.8250817105659677	0.8849023501612445	-0.07985701719147616	0.754996594363889	0.8657237371227584	6	3	6	False	False	False	False
skin_hvg	ENSMUSG00000090272	Mndal	0.07472931364766922	0.668273232609439	0.776077019770427	0.13449632057467698	0.3661462090472645	0.6341665043082283	6	3	6	False	False	False	False
skin_hvg	ENSMUSG00000090877	Hspa1b	-0.021916674774045575	0.8400305796197283	0.8923090784577645	0.01973716989610767	0.8984544814204597	0.9466048006065844	6	3	6	False	False	False	False
skin_hvg	ENSMUSG00000091212	Krtap11-1	-1.7218166031700823	0.008530225957806824	0.060620294434204934	-1.5383991614820978	0.1147223927068304	0.5869713003186572	6	5	6	False	False	False	True
skin_hvg	ENSMUSG00000091345	Col6a5	0.18389491080308762	0.3166741113583073	0.48685557216207276	0.18093796466141301	0.4631847429045468	0.6995462927199243	6	5	6	False	False	False	False
skin_hvg	ENSMUSG00000091971	Hspa1a	0.046960169330702684	0.7130060511987012	0.8039938363883716	0.0711477337090723	0.6680697484493363	0.8235403010205707	6	3	6	False	False	False	False
skin_hvg	ENSMUSG00000092572	Serpinb10	0.008734035203818102	0.9627581054406955	0.9759532672919131	-0.018859791952175204	0.9437785469383354	0.9745934199455507	6	3	6	False	False	False	False
skin_hvg	ENSMUSG00000092586	Ly6g6c	0.01514683262813854	0.8845502376726265	0.9224265402779296	0.041723556460614354	0.6157547743754347	0.7938426626389562	6	3	6	False	False	False	False
skin_hvg	ENSMUSG00000093769	H3c14	-0.29292317751234354	0.4145312295660065	0.5817419996087948	-0.031232446259721363	0.7341965336023929	0.8605013993894094	6	3	6	False	False	False	False
skin_hvg	ENSMUSG00000093930	Hmgcs1	-0.04780441736677332	0.5284660793373983	0.6773727602290016	0.013489753032012905	0.7473073139745535	0.8651435976853237	6	4	6	False	False	False	False
skin_hvg	ENSMUSG00000094065		0.38430781658575763	0.14876221907336237	0.30261007045079713	0.22544938459582728	0.3229161376564699	0.6176287484617111	6	4	6	False	False	False	False
skin_hvg	ENSMUSG00000094248	H2ac23	-0.2240343248684038	0.5466718858467066	0.690951744326502	-0.1817317318482322	0.7275129351372263	0.8595171442652233	6	3	6	False	False	False	False
skin_hvg	ENSMUSG00000094338	H2bc13	-0.6087068445812016	0.14664161183950952	0.30079236872209253	-0.49831581288240895	0.22716992641682798	0.5869713003186572	6	3	6	False	False	False	False
skin_hvg	ENSMUSG00000094686		0.21861794647315946	0.5132489958947288	0.6658789796094684	0.23897972574739024	0.04178332502708508	0.5869713003186572	6	5	6	False	False	False	True
skin_hvg	ENSMUSG00000094777		-0.5550075112837485	0.1500233780211616	0.3044681767360363	-0.5397827330626888	0.23580340245308085	0.5869713003186572	6	4	6	False	False	False	False
skin_hvg	ENSMUSG00000095079		0.21310490847092822	0.36021196683294754	0.5320586521933404	0.20799712264247863	0.20256473573763337	0.5869713003186572	6	4	6	False	False	False	False
skin_hvg	ENSMUSG00000095105	Edaradd	-0.07491627058109351	0.17529729690201196	0.3328241138165722	0.01778798973323929	0.8231952512523634	0.9087456698457543	6	3	6	False	False	False	False
skin_hvg	ENSMUSG00000095217	H2bc15	-0.4145333903177617	0.3037992901816443	0.475460174367354	-0.4530829879728177	0.24974019426003372	0.5869713003186572	6	3	6	False	False	False	False
skin_hvg	ENSMUSG00000095675		-0.05039301383490369	0.8522964973583624	0.898646306876795	0.029243473899753115	0.14825241417001478	0.5869713003186572	6	3	4	False	False	False	False
skin_hvg	ENSMUSG00000096210	H1f0	-0.150503726278167	0.07652466272467935	0.20647299670720173	-0.04001648007277314	0.7988334711351386	0.8942098889332241	6	3	6	False	False	False	False
skin_hvg	ENSMUSG00000096255	Dynlt1b	-0.18234391527061788	0.19258451656529021	0.3525126302299583	0.012204944775066137	0.8790171781692903	0.9363326092354883	6	3	6	False	False	False	False
skin_hvg	ENSMUSG00000096596		-0.05039301383490369	0.8522964973583624	0.898646306876795	0.029243473899753115	0.14825241417001478	0.5869713003186572	6	3	4	False	False	False	False
skin_hvg	ENSMUSG00000096826		0.06586461850199843	0.6922239428409952	0.7906711531612391	0.05432543963960453	0.8355924883393699	0.9140365901440127	6	3	6	False	False	False	False
skin_hvg	ENSMUSG00000098188	Sowahc	-0.07278289997105247	0.289385934592868	0.45729411696318983	-0.020478597316401153	0.671473721226522	0.8258571510035708	6	4	6	False	False	False	False
skin_hvg	ENSMUSG00000098488		-0.3777616707609761	0.05319168887328525	0.16754543009455938	-0.2720389761153433	0.35936579037371735	0.630886975248091	6	4	6	False	False	False	False
skin_hvg	ENSMUSG00000099041		0.23966160203199527	0.20727186927768726	0.3676038392074081	0.07702954793135712	0.6118709554881703	0.7927403879376062	6	3	6	False	False	False	False
skin_hvg	ENSMUSG00000101355	H3c10	-0.29411035366836336	0.4536926844369158	0.6159240590214282	-0.3523991429121384	0.33954928558758124	0.6246482988515789	6	3	6	False	False	False	False
skin_hvg	ENSMUSG00000101645		-0.05837591287023794	0.3207548577754723	0.49112316692566377	-0.0690781635631149	0.3632174676491229	0.6323847278947675	6	1	1	False	False	False	False
skin_hvg	ENSMUSG00000101972	H3c11	-0.39270777861708783	0.31557376067930476	0.4858911334437715	-0.38691804086810205	0.3212896431575361	0.6175316817955724	6	4	6	False	False	False	False
skin_hvg	ENSMUSG00000102976	Zc3h11a	-0.09787581049042338	0.24346831514336095	0.40613298992101066	0.030295704978204736	0.6367866806442513	0.8085054981312443	6	1	6	False	False	False	False
skin_hvg	ENSMUSG00000104445	Rhbg	-0.1641744956194664	0.3914631597190668	0.5609976646186069	-0.12264681903679782	0.4191094196986746	0.6777016284520269	6	4	6	False	False	False	False
skin_hvg	ENSMUSG00000105504	Gbp5	0.2921880687685361	0.008748169258756615	0.060620294434204934	0.31257863402921277	0.01075684024025772	0.5869713003186572	6	6	6	False	False	False	True
skin_hvg	ENSMUSG00000109061		-0.3809732469763022	0.04997675576877971	0.16254654930008647	-0.45085980013755034	0.15652486429091045	0.5869713003186572	6	5	6	False	False	False	True
skin_hvg	ENSMUSG00000109941	Exosc6	-0.3542369711759399	0.16279499573016565	0.3178723848179387	-0.1740699567223368	0.16956521843533764	0.5869713003186572	6	4	6	False	False	False	False
skin_hvg	ENSMUSG00000110195	Pde2a	0.4645072139426345	0.0054685280180566285	0.052503127173360996	0.3864639627329291	0.17091805919383077	0.5869713003186572	6	4	6	False	False	False	True
skin_hvg	ENSMUSG00000111709		-0.19200562623043504	0.0970252564643281	0.23316418430717595	-0.2142805739899115	0.19822433279806287	0.5869713003186572	6	4	6	False	False	False	False
skin_hvg	ENSMUSG00000112449	Srp54b	-0.07273108025385966	0.7557842484188523	0.8362816303672462	-0.025904829530312146	0.8791305169336708	0.9363326092354883	6	3	6	False	False	False	False
skin_hvg	ENSMUSG00000115293		-0.1131076953668892	0.41111086897587173	0.5785682912930344	-0.1461039921962759	0.2240941816134656	0.5869713003186572	6	4	6	False	False	False	False
skin_hvg	ENSMUSG00000115338	Pnp	0.010626402626948028	0.868185167106551	0.912028289695835	0.007567449967005313	0.9003244018035929	0.9472367779430542	6	3	6	False	False	False	False
skin_hvg	ENSMUSG00000116207	Nnt	-0.1814818525513644	0.5134970598891244	0.6658789796094684	0.033456139265038765	0.9032476800043242	0.9488614502728224	6	4	6	False	False	False	False
skin_hvg	ENSMUSG00000116336		-1.8704656958902737	0.0035529272597840016	0.046996858806320395	-1.5500465331377775	0.12140463757396296	0.5869713003186572	6	4	6	True	False	True	True
skin_hvg	ENSMUSG00000116876		-0.07825980562424961	0.5520178989407474	0.6946312187679096	-0.10577115178877455	0.4869483179552864	0.7123368694195644	6	3	6	False	False	False	False
skin_hvg	ENSMUSG00000116988		0.0004088373496506925	0.9982276164274131	0.9987277304636993	-0.05347805170939712	0.7741816407578956	0.8796271680265075	6	3	6	False	False	False	False
skin_hvg	ENSMUSG00000117621		-0.32729006816387063	0.34360674539603764	0.5150462298051169	-0.062482679879550036	0.5038080782997671	0.7227059414429496	6	4	6	False	False	False	False
skin_hvg	ENSMUSG00000118672	Muc4	0.18789890740565934	0.16943951876498722	0.3244206318060206	0.14328706204244504	0.3643775455874453	0.6329586123922131	6	1	2	False	False	False	False
