tissue	term	expimap_accession_balanced_effect	expimap_n_accessions	expimap_accessions_positive	expimap_accessions_negative	expimap_project_balanced_effect	expimap_n_projects	expimap_projects_positive	expimap_projects_negative	ssgsea_accession_balanced_effect	ssgsea_n_accessions	ssgsea_accessions_positive	ssgsea_accessions_negative	ssgsea_project_balanced_effect	ssgsea_n_projects	ssgsea_projects_positive	ssgsea_projects_negative	gsea_nes	gsea_nominal_p	gsea_fdr	gsea_leading_edge_genes	expimap_ssgsea_direction_match	expimap_gsea_direction_match	heldout_project_direction_concordance	heldout_projects	heldout_top_decile_selection_fraction	heldout_selected_direction_concordance	heldout_selected_folds	effect_seed2020	effect_seed2021	effect_seed2022	seed_effect_median	seed_effect_minimum	seed_effect_maximum	primary_absolute_percentile	all_three_seeds_available	all_three_direction_concordant	within_accession_unadjusted_effect	composition_proxy_adjusted_effect	adjusted_direction_matches_unadjusted	absolute_effect_ratio_adjusted_to_unadjusted	display_term	primary_top_decile	ssgsea_direction_support	preranked_gsea_direction_support	heldout_direction_support	seed_direction_support	composition_proxy_support	robustness_support_count	robustness_status
kidney	R-MMU-114608_PLATELET_DEGRANULATION	0.1431583571038012	6	5	1	0.1431583571038012	6	5	1	0.006017511434906858	6.0	5.0	1.0	0.006017511434906858	6.0	5.0	1.0	1.5692434191437892	0.0	0.18035249582272625	ENSMUSG00000033860;ENSMUSG00000028001;ENSMUSG00000022868;ENSMUSG00000032083;ENSMUSG00000033831;ENSMUSG00000021922;ENSMUSG00000021091;ENSMUSG00000061780;ENSMUSG00000028108;ENSMUSG00000031328;ENSMUSG00000026193;ENSMUSG00000000049;ENSMUSG00000023224;ENSMUSG00000021253;ENSMUSG00000020689;ENSMUSG00000039239;ENSMUSG00000002603;ENSMUSG00000033880;ENSMUSG00000025784;ENSMUSG00000079015;ENSMUSG00000038224;ENSMUSG00000018593;ENSMUSG00000039196;ENSMUSG00000037419;ENSMUSG00000032849;ENSMUSG00000020717;ENSMUSG00000026547;ENSMUSG00000031380;ENSMUSG00000059481;ENSMUSG00000048583;ENSMUSG00000015143;ENSMUSG00000037206;ENSMUSG00000029368;ENSMUSG00000029372;ENSMUSG00000009281;ENSMUSG00000039109;ENSMUSG00000037411	True	True	0.8333333333333334	6	1.0	0.8333333333333334	6.0	0.14315835710380118	0.05178117239766048	0.20661341470497077	0.14315835710380118	0.05178117239766048	0.20661341470497077	1.0	True	True	0.15844628429331306	0.08975701915145734	True	0.5664823227113404	Platelet Degranulation	True	True	True	True	True	True	5	triangulated
kidney	R-MMU-1430728_METABOLISM	0.11249697150584792	6	4	2	0.11249697150584792	6	4	2	0.0001792327077344049	6.0	2.0	4.0	0.0001792327077344049	6.0	2.0	4.0	0.965907052302074	0.668	1.0	ENSMUSG00000028715;ENSMUSG00000031710;ENSMUSG00000030483;ENSMUSG00000030109;ENSMUSG00000116207;ENSMUSG00000074768;ENSMUSG00000063415;ENSMUSG00000027875;ENSMUSG00000025270;ENSMUSG00000066072;ENSMUSG00000090171;ENSMUSG00000035686;ENSMUSG00000019326;ENSMUSG00000040249;ENSMUSG00000025153;ENSMUSG00000032083;ENSMUSG00000001642;ENSMUSG00000019232;ENSMUSG00000053279;ENSMUSG00000061740;ENSMUSG00000010051;ENSMUSG00000038754;ENSMUSG00000051331;ENSMUSG00000038567;ENSMUSG00000025991;ENSMUSG00000023019;ENSMUSG00000021614;ENSMUSG00000032080;ENSMUSG00000054422;ENSMUSG00000026866;ENSMUSG00000030930;ENSMUSG00000033849;ENSMUSG00000031375;ENSMUSG00000058571;ENSMUSG00000032487;ENSMUSG00000089960;ENSMUSG00000021884;ENSMUSG00000048120;ENSMUSG00000026621;ENSMUSG00000020182;ENSMUSG00000030737;ENSMUSG00000037686;ENSMUSG00000024087;ENSMUSG00000050860;ENSMUSG00000033174;ENSMUSG00000029762;ENSMUSG00000024640;ENSMUSG00000056091;ENSMUSG00000015090;ENSMUSG00000026827;ENSMUSG00000032942;ENSMUSG00000032648;ENSMUSG00000000628;ENSMUSG00000029811;ENSMUSG00000051483;ENSMUSG00000078650;ENSMUSG00000024990;ENSMUSG00000030278;ENSMUSG00000027580;ENSMUSG00000013846;ENSMUSG00000028517;ENSMUSG00000018924;ENSMUSG00000019577;ENSMUSG00000032114;ENSMUSG00000032281;ENSMUSG00000050737;ENSMUSG00000072949;ENSMUSG00000021456;ENSMUSG00000021125;ENSMUSG00000059743;ENSMUSG00000022215;ENSMUSG00000032911;ENSMUSG00000052131;ENSMUSG00000028307;ENSMUSG00000025743;ENSMUSG00000021759;ENSMUSG00000042644;ENSMUSG00000090175;ENSMUSG00000024998;ENSMUSG00000038776;ENSMUSG00000033685;ENSMUSG00000029752;ENSMUSG00000060807;ENSMUSG00000058135;ENSMUSG00000022947;ENSMUSG00000041577;ENSMUSG00000024066;ENSMUSG00000075296;ENSMUSG00000024526;ENSMUSG00000062515;ENSMUSG00000027313;ENSMUSG00000000253;ENSMUSG00000041559;ENSMUSG00000020592;ENSMUSG00000057933;ENSMUSG00000035273;ENSMUSG00000055301;ENSMUSG00000017969;ENSMUSG00000111709;ENSMUSG00000028712;ENSMUSG00000021226;ENSMUSG00000003849;ENSMUSG00000008540;ENSMUSG00000026489;ENSMUSG00000038007;ENSMUSG00000021196;ENSMUSG00000040562;ENSMUSG00000030711;ENSMUSG00000027360;ENSMUSG00000034220;ENSMUSG00000032786;ENSMUSG00000032788;ENSMUSG00000029162;ENSMUSG00000027333;ENSMUSG00000020256;ENSMUSG00000020277;ENSMUSG00000021263;ENSMUSG00000025509;ENSMUSG00000021228;ENSMUSG00000034456;ENSMUSG00000024827;ENSMUSG00000002997;ENSMUSG00000036446;ENSMUSG00000095143;ENSMUSG00000078597;ENSMUSG00000031700;ENSMUSG00000025792;ENSMUSG00000027513;ENSMUSG00000041220;ENSMUSG00000076435;ENSMUSG00000008035;ENSMUSG00000029368;ENSMUSG00000044986;ENSMUSG00000025403;ENSMUSG00000021214;ENSMUSG00000026688;ENSMUSG00000031844;ENSMUSG00000030091;ENSMUSG00000030787;ENSMUSG00000034853;ENSMUSG00000019278;ENSMUSG00000041417;ENSMUSG00000024697;ENSMUSG00000026288;ENSMUSG00000027463;ENSMUSG00000026170;ENSMUSG00000056220;ENSMUSG00000069662;ENSMUSG00000074179;ENSMUSG00000056035;ENSMUSG00000025176;ENSMUSG00000042118;ENSMUSG00000064254;ENSMUSG00000020865;ENSMUSG00000026473;ENSMUSG00000028497;ENSMUSG00000033022;ENSMUSG00000022579;ENSMUSG00000034926;ENSMUSG00000030088;ENSMUSG00000074028;ENSMUSG00000002985;ENSMUSG00000042289;ENSMUSG00000035540;ENSMUSG00000038526;ENSMUSG00000022479;ENSMUSG00000001155;ENSMUSG00000001773;ENSMUSG00000027533;ENSMUSG00000025068;ENSMUSG00000030630;ENSMUSG00000021390;ENSMUSG00000078937;ENSMUSG00000024391;ENSMUSG00000024892;ENSMUSG00000074207;ENSMUSG00000000673;ENSMUSG00000042096;ENSMUSG00000027690;ENSMUSG00000047250;ENSMUSG00000021620	True	True	0.6666666666666666	6	1.0	0.6666666666666666	6.0	0.11249697150584792	0.13969401375730994	0.12764929978070136	0.12764929978070136	0.11249697150584792	0.13969401375730994	0.993421052631579	True	True	0.14344340900455924	0.054700779393110764	True	0.381340486626138	Metabolism	True	True	True	True	True	True	5	triangulated
kidney	R-MMU-3000178_ECM_PROTEOGLYCANS	0.10097581248245609	6	5	1	0.10097581248245609	6	5	1	0.008312153239586232	6.0	4.0	2.0	0.008312153239586232	6.0	4.0	2.0	1.6539907711936574	0.0010460251046025104	0.15569352184297228	ENSMUSG00000026725;ENSMUSG00000015533;ENSMUSG00000028364;ENSMUSG00000004098;ENSMUSG00000021614;ENSMUSG00000031375;ENSMUSG00000026837;ENSMUSG00000026193;ENSMUSG00000039115;ENSMUSG00000001119;ENSMUSG00000020241;ENSMUSG00000020689;ENSMUSG00000025348	True	True	0.8333333333333334	6	0.8333333333333334	0.8	5.0	0.10097581248245606	0.09554669801162276	0.09286479984795314	0.09554669801162276	0.09286479984795314	0.10097581248245606	0.9736842105263158	True	True	0.12411538647796354	0.040063269599456115	True	0.3227905156349755	Ecm Proteoglycans	True	True	True	True	True	True	5	triangulated
kidney	R-MMU-381426_REGULATION_OF_INSULIN_LIKE_GROWTH_FACTOR_IGF_TRANSPORT_AND_UPTAKE_BY_INSULIN_LIKE_GROWTH_FACTOR_BINDING_PROTEINS_IGFBPS	0.11200957952923989	6	5	1	0.11200957952923989	6	5	1	0.004037751057657751	6.0	4.0	2.0	0.004037751057657751	6.0	4.0	2.0	1.387143938541749	0.008	0.43294005057696167	ENSMUSG00000033860;ENSMUSG00000028001;ENSMUSG00000022868;ENSMUSG00000032083;ENSMUSG00000028364;ENSMUSG00000027204;ENSMUSG00000039323;ENSMUSG00000026185;ENSMUSG00000021614;ENSMUSG00000024164;ENSMUSG00000026193;ENSMUSG00000029070;ENSMUSG00000029309;ENSMUSG00000003617;ENSMUSG00000020303;ENSMUSG00000020427;ENSMUSG00000079015;ENSMUSG00000014599;ENSMUSG00000045573;ENSMUSG00000024736;ENSMUSG00000030605;ENSMUSG00000073530;ENSMUSG00000025509;ENSMUSG00000063011;ENSMUSG00000021556;ENSMUSG00000001870;ENSMUSG00000048583;ENSMUSG00000029368;ENSMUSG00000057346;ENSMUSG00000021835;ENSMUSG00000036256;ENSMUSG00000022816;ENSMUSG00000046841	True	True	0.8333333333333334	6	1.0	0.8333333333333334	6.0	0.11200957952923986	0.02820714570423978	0.07742374679970764	0.07742374679970764	0.02820714570423978	0.11200957952923986	0.9901315789473685	True	True	0.1483445941451368	0.043480817299366856	True	0.29310685401064407	Regulation Of Insulin Like Growth Factor Igf Transport And Uptake By Insulin Like Growth Factor Binding Proteins Igfbps	True	True	True	True	True	True	5	triangulated
kidney	R-MMU-195721_SIGNALING_BY_WNT	0.06734270956140335	6	6	0	0.06734270956140335	6	6	0	0.00022850784765074175	6.0	3.0	3.0	0.00022850784765074175	6.0	3.0	3.0	1.01523464483588	0.4779033915724563	1.0	ENSMUSG00000046070;ENSMUSG00000031748;ENSMUSG00000036856;ENSMUSG00000022382;ENSMUSG00000018486;ENSMUSG00000044548;ENSMUSG00000019880;ENSMUSG00000028031;ENSMUSG00000000782;ENSMUSG00000050288;ENSMUSG00000000142;ENSMUSG00000063382	True	True	1.0	6	0.3333333333333333	1.0	2.0	0.06734270956140331	0.0333414833479532	0.07268241524853795	0.06734270956140331	0.0333414833479532	0.07268241524853795	0.9013157894736842	True	True	0.06518804734042552	0.023269477287401755	True	0.3569592622691045	Signaling By Wnt	True	True	True	True	True	True	5	triangulated
kidney	R-MMU-392499_METABOLISM_OF_PROTEINS	0.08389632763157806	6	4	2	0.08389632763157806	6	4	2	0.0006099336011647048	6.0	3.0	3.0	0.0006099336011647048	6.0	3.0	3.0	1.051133516578273	0.307	1.0	ENSMUSG00000033860;ENSMUSG00000038156;ENSMUSG00000027875;ENSMUSG00000023885;ENSMUSG00000028001;ENSMUSG00000070645;ENSMUSG00000022868;ENSMUSG00000036040;ENSMUSG00000032083;ENSMUSG00000034040;ENSMUSG00000028364;ENSMUSG00000006403;ENSMUSG00000004328;ENSMUSG00000003411;ENSMUSG00000027204;ENSMUSG00000039323;ENSMUSG00000026185;ENSMUSG00000039911;ENSMUSG00000021614;ENSMUSG00000024164;ENSMUSG00000066113;ENSMUSG00000026193;ENSMUSG00000022894;ENSMUSG00000022598;ENSMUSG00000036545;ENSMUSG00000062727;ENSMUSG00000056091;ENSMUSG00000030107;ENSMUSG00000037035;ENSMUSG00000029070;ENSMUSG00000042784;ENSMUSG00000030217;ENSMUSG00000029309;ENSMUSG00000003617;ENSMUSG00000017677;ENSMUSG00000047497;ENSMUSG00000032625;ENSMUSG00000013846;ENSMUSG00000021062;ENSMUSG00000072949;ENSMUSG00000024299;ENSMUSG00000020303;ENSMUSG00000021125;ENSMUSG00000030022;ENSMUSG00000020427;ENSMUSG00000021025;ENSMUSG00000079015;ENSMUSG00000058672;ENSMUSG00000027792;ENSMUSG00000024140;ENSMUSG00000014599;ENSMUSG00000045573;ENSMUSG00000022893;ENSMUSG00000040296;ENSMUSG00000020027;ENSMUSG00000058756;ENSMUSG00000051236;ENSMUSG00000024736;ENSMUSG00000021226;ENSMUSG00000032578;ENSMUSG00000037306;ENSMUSG00000035638;ENSMUSG00000030605;ENSMUSG00000046223;ENSMUSG00000054385;ENSMUSG00000018909;ENSMUSG00000045136;ENSMUSG00000032786;ENSMUSG00000061991;ENSMUSG00000015850;ENSMUSG00000073530;ENSMUSG00000001473;ENSMUSG00000033453;ENSMUSG00000025509;ENSMUSG00000063011;ENSMUSG00000024810;ENSMUSG00000021228;ENSMUSG00000049538;ENSMUSG00000024660;ENSMUSG00000053113;ENSMUSG00000072235;ENSMUSG00000021556;ENSMUSG00000001870;ENSMUSG00000032068;ENSMUSG00000048583;ENSMUSG00000030055;ENSMUSG00000025789;ENSMUSG00000029368;ENSMUSG00000039952;ENSMUSG00000043099;ENSMUSG00000034634;ENSMUSG00000025403;ENSMUSG00000023004;ENSMUSG00000029223;ENSMUSG00000057346;ENSMUSG00000025650;ENSMUSG00000030091;ENSMUSG00000056492;ENSMUSG00000021835;ENSMUSG00000024697;ENSMUSG00000037379;ENSMUSG00000036256;ENSMUSG00000022816;ENSMUSG00000046841;ENSMUSG00000071516;ENSMUSG00000000142;ENSMUSG00000022475;ENSMUSG00000069302;ENSMUSG00000027249;ENSMUSG00000060981;ENSMUSG00000068220;ENSMUSG00000022579;ENSMUSG00000002985;ENSMUSG00000022912;ENSMUSG00000112449;ENSMUSG00000062380;ENSMUSG00000022479;ENSMUSG00000094338;ENSMUSG00000033684;ENSMUSG00000061615;ENSMUSG00000025225;ENSMUSG00000031444;ENSMUSG00000026110;ENSMUSG00000020183;ENSMUSG00000074272;ENSMUSG00000032000;ENSMUSG00000069301;ENSMUSG00000061878;ENSMUSG00000025007;ENSMUSG00000001827;ENSMUSG00000032079;ENSMUSG00000041445;ENSMUSG00000040434;ENSMUSG00000028766;ENSMUSG00000051650;ENSMUSG00000047638;ENSMUSG00000025854;ENSMUSG00000006517;ENSMUSG00000031490;ENSMUSG00000020642	True	True	0.6666666666666666	6	0.8333333333333334	0.6	5.0	0.08389632763157805	0.13624426505847903	0.14402201995614064	0.13624426505847903	0.08389632763157805	0.14402201995614064	0.930921052631579	True	True	0.11794968548632216	-0.020554875374936204	False	0.17426816604203507	Metabolism Of Proteins	True	True	True	True	True	False	4	method-supported, model-sensitive
kidney	R-MMU-76005_RESPONSE_TO_ELEVATED_PLATELET_CYTOSOLIC_CA2	0.10413449109356727	6	5	1	0.10413449109356727	6	5	1	0.006017511434906858	6.0	5.0	1.0	0.006017511434906858	6.0	5.0	1.0	1.5692434191437892	0.0	0.18035249582272625	ENSMUSG00000033860;ENSMUSG00000028001;ENSMUSG00000022868;ENSMUSG00000032083;ENSMUSG00000033831;ENSMUSG00000021922;ENSMUSG00000021091;ENSMUSG00000061780;ENSMUSG00000028108;ENSMUSG00000031328;ENSMUSG00000026193;ENSMUSG00000000049;ENSMUSG00000023224;ENSMUSG00000021253;ENSMUSG00000020689;ENSMUSG00000039239;ENSMUSG00000002603;ENSMUSG00000033880;ENSMUSG00000025784;ENSMUSG00000079015;ENSMUSG00000038224;ENSMUSG00000018593;ENSMUSG00000039196;ENSMUSG00000037419;ENSMUSG00000032849;ENSMUSG00000020717;ENSMUSG00000026547;ENSMUSG00000031380;ENSMUSG00000059481;ENSMUSG00000048583;ENSMUSG00000015143;ENSMUSG00000037206;ENSMUSG00000029368;ENSMUSG00000029372;ENSMUSG00000009281;ENSMUSG00000039109;ENSMUSG00000037411	True	True	0.8333333333333334	6	1.0	0.8333333333333334	6.0	0.10413449109356725	0.2790341847409357	0.13478274662280693	0.13478274662280693	0.10413449109356725	0.2790341847409357	0.9769736842105263	True	True	0.11133229877659576	0.026789886679079354	True	0.24062996069844123	Response To Elevated Platelet Cytosolic Ca2	True	True	True	True	True	False	4	method-supported, model-sensitive
kidney	R-MMU-1474228_DEGRADATION_OF_THE_EXTRACELLULAR_MATRIX	0.09287803257668133	6	5	1	0.09287803257668133	6	5	1	0.004849653762634576	6.0	4.0	2.0	0.004849653762634576	6.0	4.0	2.0	1.3964580777452484	0.024266936299292215	0.42406856208575167	ENSMUSG00000029675;ENSMUSG00000006403;ENSMUSG00000004098;ENSMUSG00000027204;ENSMUSG00000031503;ENSMUSG00000031502;ENSMUSG00000026837;ENSMUSG00000031790;ENSMUSG00000026193;ENSMUSG00000022894;ENSMUSG00000000957;ENSMUSG00000001435;ENSMUSG00000001119;ENSMUSG00000020241;ENSMUSG00000017466;ENSMUSG00000005397;ENSMUSG00000031740;ENSMUSG00000032332;ENSMUSG00000048126;ENSMUSG00000016942;ENSMUSG00000059481;ENSMUSG00000035547;ENSMUSG00000024598;ENSMUSG00000006205;ENSMUSG00000025650;ENSMUSG00000038677;ENSMUSG00000058626	True	True	0.8333333333333334	6	1.0	0.8333333333333334	6.0	0.09287803257668131	0.08834285809941504	0.01812563179824555	0.08834285809941504	0.01812563179824555	0.09287803257668131	0.9506578947368421	True	True	0.11445046501177812	0.005195525754261025	True	0.045395409741029465	Degradation Of The Extracellular Matrix	True	True	True	True	True	False	4	method-supported, model-sensitive
kidney	R-MMU-445355_SMOOTH_MUSCLE_CONTRACTION	0.0839337876619883	6	4	2	0.0839337876619883	6	4	2	0.013430286064977362	6.0	5.0	1.0	0.013430286064977362	6.0	5.0	1.0	1.5541759040696606	0.014623172103487065	0.18269239846314086	ENSMUSG00000018830;ENSMUSG00000033910;ENSMUSG00000035783;ENSMUSG00000028464;ENSMUSG00000028005;ENSMUSG00000029761;ENSMUSG00000022836;ENSMUSG00000117098;ENSMUSG00000022091;ENSMUSG00000059430;ENSMUSG00000067818;ENSMUSG00000032366	True	True	0.6666666666666666	6	0.8333333333333334	0.6	5.0	0.08393378766198828	0.07035369250309938	0.08772531406473684	0.08393378766198828	0.07035369250309938	0.08772531406473684	0.9342105263157895	True	True	0.10886092843047113	0.020430960083882992	True	0.1876794583552733	Smooth Muscle Contraction	True	True	True	True	True	False	4	method-supported, model-sensitive
kidney	R-MMU-1266738_DEVELOPMENTAL_BIOLOGY	0.09671900577485415	6	6	0	0.09671900577485415	6	6	0	0.00014203081546258347	6.0	3.0	3.0	0.00014203081546258347	6.0	3.0	3.0	1.2221748094702272	0.064	0.7284515084861853	ENSMUSG00000023067;ENSMUSG00000004098;ENSMUSG00000018604;ENSMUSG00000031503;ENSMUSG00000031502;ENSMUSG00000026837;ENSMUSG00000039115;ENSMUSG00000006445;ENSMUSG00000001119;ENSMUSG00000020241;ENSMUSG00000030110;ENSMUSG00000031217;ENSMUSG00000020689;ENSMUSG00000021493;ENSMUSG00000020911;ENSMUSG00000031740;ENSMUSG00000022048;ENSMUSG00000054364;ENSMUSG00000058672;ENSMUSG00000038264;ENSMUSG00000006777;ENSMUSG00000014599;ENSMUSG00000022623;ENSMUSG00000023043;ENSMUSG00000048126;ENSMUSG00000000555;ENSMUSG00000045136;ENSMUSG00000034220;ENSMUSG00000035775;ENSMUSG00000056427;ENSMUSG00000001473;ENSMUSG00000026413;ENSMUSG00000063531;ENSMUSG00000030123;ENSMUSG00000029622;ENSMUSG00000072235;ENSMUSG00000000782;ENSMUSG00000024501;ENSMUSG00000049382;ENSMUSG00000037185;ENSMUSG00000025789;ENSMUSG00000039952;ENSMUSG00000039457;ENSMUSG00000023004;ENSMUSG00000041417;ENSMUSG00000025810;ENSMUSG00000039252;ENSMUSG00000038894;ENSMUSG00000034282;ENSMUSG00000001300;ENSMUSG00000031284;ENSMUSG00000062380;ENSMUSG00000039116;ENSMUSG00000020176;ENSMUSG00000023039;ENSMUSG00000030616;ENSMUSG00000038119;ENSMUSG00000040606;ENSMUSG00000034957	True	True	1.0	6	1.0	1.0	6.0	0.09671900577485411	0.03257838790935687	0.047609347880117135	0.047609347880117135	0.03257838790935687	0.09671900577485411	0.9539473684210527	True	True	0.10212072082066871	0.015984859421365325	True	0.15652905005866422	Developmental Biology	True	True	True	True	True	False	4	method-supported, model-sensitive
kidney	R-MMU-418594_G_ALPHA_I_SIGNALLING_EVENTS	-0.10079649163742699	6	1	5	-0.10079649163742699	6	1	5	-0.0023960342910992077	6.0	2.0	4.0	-0.0023960342910992077	6.0	2.0	4.0	0.6975870948335785	0.9458917835671342	1.0	ENSMUSG00000036437;ENSMUSG00000067586;ENSMUSG00000074715;ENSMUSG00000024164;ENSMUSG00000059810;ENSMUSG00000024659;ENSMUSG00000045573;ENSMUSG00000038668;ENSMUSG00000026678;ENSMUSG00000094686;ENSMUSG00000029380;ENSMUSG00000042770;ENSMUSG00000042429;ENSMUSG00000031778;ENSMUSG00000002997;ENSMUSG00000029819;ENSMUSG00000021070;ENSMUSG00000029372;ENSMUSG00000024697;ENSMUSG00000056220	True	False	0.8333333333333334	6	0.8333333333333334	0.8	5.0	-0.10079649163742695	-0.09333226812865499	-0.045483149819444464	-0.09333226812865499	-0.10079649163742695	-0.045483149819444464	0.9703947368421053	True	True	-0.11060417931231	-0.04917912552668915	True	0.4446407525688826	G Alpha I Signalling Events	True	True	False	True	True	True	4	internally robust, incomplete conventional support
kidney	R-MMU-8978868_FATTY_ACID_METABOLISM	0.10003847328157893	6	4	2	0.10003847328157893	6	4	2	0.0038663839975093955	6.0	3.0	3.0	0.0038663839975093955	6.0	3.0	3.0	1.3390537574878048	0.03614457831325301	0.5658264568712	ENSMUSG00000028715;ENSMUSG00000066072;ENSMUSG00000035686;ENSMUSG00000025153;ENSMUSG00000038754;ENSMUSG00000032487;ENSMUSG00000021884;ENSMUSG00000024087;ENSMUSG00000015090;ENSMUSG00000051483;ENSMUSG00000018924;ENSMUSG00000032281;ENSMUSG00000050737;ENSMUSG00000072949;ENSMUSG00000017969;ENSMUSG00000028712;ENSMUSG00000021226;ENSMUSG00000021228;ENSMUSG00000078597;ENSMUSG00000041220;ENSMUSG00000076435;ENSMUSG00000008035;ENSMUSG00000021214;ENSMUSG00000034853;ENSMUSG00000019278;ENSMUSG00000056220	True	True	0.6666666666666666	6	0.8333333333333334	0.6	5.0	0.10003847328157889	-0.12397036590497072	-0.11066882020467844	-0.11066882020467844	-0.12397036590497072	0.10003847328157889	0.9671052631578947	True	False	0.11230400408111703	0.07239709840086789	True	0.6446528687309809	Fatty Acid Metabolism	True	True	True	True	False	True	4	method-supported, model-sensitive
kidney	R-MMU-9764274_REGULATION_OF_EXPRESSION_AND_FUNCTION_OF_TYPE_I_CLASSICAL_CADHERINS	0.10440105909941522	6	4	2	0.10440105909941522	6	4	2	-0.0023690866338275524	6.0	2.0	4.0	-0.0023690866338275524	6.0	2.0	4.0	0.6883261648609906	0.9140225179119754	1.0	ENSMUSG00000035783;ENSMUSG00000062727;ENSMUSG00000059430;ENSMUSG00000061991;ENSMUSG00000101355;ENSMUSG00000071516;ENSMUSG00000069302;ENSMUSG00000069267;ENSMUSG00000060981;ENSMUSG00000094338;ENSMUSG00000061615;ENSMUSG00000021823;ENSMUSG00000069301;ENSMUSG00000101972;ENSMUSG00000101645;ENSMUSG00000024238;ENSMUSG00000094777;ENSMUSG00000019843;ENSMUSG00000069300	False	True	0.6666666666666666	6	0.8333333333333334	0.6	5.0	0.10440105909941522	0.0105896047964327	0.11712603226315792	0.10440105909941522	0.0105896047964327	0.11712603226315792	0.9802631578947368	True	True	0.12044613270136777	-0.17666891597242967	False	1.4667877831367138	Regulation Of Expression And Function Of Type I Classical Cadherins	True	False	True	True	True	False	3	sensitivity-dependent
kidney	R-MMU-174824_PLASMA_LIPOPROTEIN_ASSEMBLY_REMODELING_AND_CLEARANCE	0.09860644722953223	6	5	1	0.09860644722953223	6	5	1	-0.0021392522911307756	6.0	3.0	3.0	-0.0021392522911307756	6.0	3.0	3.0	0.7795089478260047	0.8180862250262881	1.0	ENSMUSG00000032083;ENSMUSG00000032080;ENSMUSG00000022098;ENSMUSG00000029368;ENSMUSG00000040564;ENSMUSG00000022579;ENSMUSG00000002985;ENSMUSG00000032193;ENSMUSG00000024030;ENSMUSG00000038175;ENSMUSG00000032079	False	True	0.8333333333333334	6	1.0	0.8333333333333334	6.0	0.0986064472295322	0.09850452255847958	-0.012690765020321652	0.09850452255847958	-0.012690765020321652	0.0986064472295322	0.9605263157894737	True	False	0.11970579533434653	0.04166972849493837	True	0.34810117904945165	Plasma Lipoprotein Assembly Remodeling And Clearance	True	False	True	True	False	True	3	sensitivity-dependent
kidney	R-MMU-196071_METABOLISM_OF_STEROID_HORMONES	0.11016555258435672	6	5	1	0.11016555258435672	6	5	1	-0.002680932206299299	6.0	1.0	5.0	-0.002680932206299299	6.0	1.0	5.0	1.0612822790942278	0.39439655172413796	1.0	ENSMUSG00000001642;ENSMUSG00000029762;ENSMUSG00000052131;ENSMUSG00000060807;ENSMUSG00000095143;ENSMUSG00000031844	False	True	0.8333333333333334	6	1.0	0.8333333333333334	6.0	0.11016555258435667	0.08124402807823096	0.07686184825570175	0.08124402807823096	0.07686184825570175	0.11016555258435667	0.9835526315789473	True	True	0.11139874890729483	0.02775777582431222	True	0.24917493326080373	Metabolism Of Steroid Hormones	True	False	True	True	True	False	3	sensitivity-dependent
kidney	R-MMU-6805567_KERATINIZATION	0.07936306175467836	6	6	0	0.07936306175467836	6	6	0	-0.0005502149158599529	6.0	3.0	3.0	-0.0005502149158599529	6.0	3.0	3.0	1.2477063168545872	0.1754010695187166	0.7381656497509369	ENSMUSG00000020911;ENSMUSG00000006777;ENSMUSG00000023043;ENSMUSG00000035775;ENSMUSG00000026413;ENSMUSG00000049382;ENSMUSG00000037185;ENSMUSG00000039457;ENSMUSG00000034282;ENSMUSG00000023039;ENSMUSG00000040606	False	True	1.0	6	0.6666666666666666	1.0	4.0	0.07936306175467832	0.06584239393274852	0.04115276549327485	0.06584239393274852	0.04115276549327485	0.07936306175467832	0.9276315789473685	True	True	0.06390664759156534	-0.026744412928868432	False	0.41849187739896826	Keratinization	True	False	True	True	True	False	3	sensitivity-dependent
kidney	R-MMU-446728_CELL_JUNCTION_ORGANIZATION	0.07556490944444454	6	5	1	0.07556490944444454	6	5	1	-0.0003234734422829522	6.0	2.0	4.0	-0.0003234734422829522	6.0	2.0	4.0	0.9939460095447424	0.5156092648539778	1.0	ENSMUSG00000035783;ENSMUSG00000027947;ENSMUSG00000031673;ENSMUSG00000031328;ENSMUSG00000062727;ENSMUSG00000068699;ENSMUSG00000006219;ENSMUSG00000031841;ENSMUSG00000059430;ENSMUSG00000061991;ENSMUSG00000020758;ENSMUSG00000032012;ENSMUSG00000015143;ENSMUSG00000026872;ENSMUSG00000027111;ENSMUSG00000101355;ENSMUSG00000071516;ENSMUSG00000069302;ENSMUSG00000011256;ENSMUSG00000069267;ENSMUSG00000060981;ENSMUSG00000022565;ENSMUSG00000031871;ENSMUSG00000094338;ENSMUSG00000061615;ENSMUSG00000021823;ENSMUSG00000069301;ENSMUSG00000101972;ENSMUSG00000039683;ENSMUSG00000004040;ENSMUSG00000101645;ENSMUSG00000024238;ENSMUSG00000024395;ENSMUSG00000094777	False	True	0.8333333333333334	6	0.8333333333333334	0.8	5.0	0.07556490944444451	0.034458822443853766	0.05726020269005832	0.05726020269005832	0.034458822443853766	0.07556490944444451	0.9210526315789473	True	True	0.07543259133738602	-0.0011003251445411498	False	0.014586866565669805	Cell Junction Organization	True	False	True	True	True	False	3	sensitivity-dependent
kidney	R-MMU-9757110_PREDNISONE_ADME	-0.0905975036606726	6	0	6	-0.0905975036606726	6	0	6	-0.0042727625411430985	6.0	4.0	2.0	-0.0042727625411430985	6.0	4.0	2.0	-1.1430464524243247	0.21621621621621623	0.5402194412014855	ENSMUSG00000089943;ENSMUSG00000061906;ENSMUSG00000054630;ENSMUSG00000021213;ENSMUSG00000021207;ENSMUSG00000029260	True	True	1.0	6	0.8333333333333334	1.0	5.0	-0.09059750366067255	0.12192259802143274		0.01566254718038009	-0.09059750366067255	0.12192259802143274	0.9407894736842105	False	False	-0.06313885756933893	-0.002959421077595747	True	0.04687162852678667	Prednisone Adme	True	True	True	True	False	False	3	method-supported, model-sensitive
kidney	R-MMU-8856688_GOLGI_TO_ER_RETROGRADE_TRANSPORT	-0.07404606312002925	6	1	5	-0.07404606312002925	6	1	5	-0.00021324605547668832	6.0	3.0	3.0	-0.00021324605547668775	6.0	3.0	3.0	1.0717769962386516	0.38685344827586204	1.0	ENSMUSG00000014602;ENSMUSG00000058672;ENSMUSG00000045136;ENSMUSG00000021294;ENSMUSG00000001473;ENSMUSG00000072235;ENSMUSG00000023004;ENSMUSG00000056220;ENSMUSG00000062380;ENSMUSG00000032254;ENSMUSG00000041642;ENSMUSG00000045328	True	False	0.8333333333333334	6	0.6666666666666666	0.75	4.0	-0.07404606312002922	-0.0003262313863859499		-0.03718614725320758	-0.07404606312002922	-0.0003262313863859499	0.9111842105263158	False	False	-0.0748421051531155	-0.024658461402825512	True	0.3294731134617081	Golgi To Er Retrograde Transport	True	True	False	True	False	True	3	sensitivity-dependent
kidney	R-MMU-9711123_CELLULAR_RESPONSE_TO_CHEMICAL_STRESS	-0.11565914989766068	6	1	5	-0.11565914989766068	6	1	5	-0.0010124857362641497	6.0	2.0	4.0	-0.0010124857362641497	6.0	2.0	4.0	0.5705880211921576	0.9658031088082901	1.0	ENSMUSG00000069919;ENSMUSG00000054422;ENSMUSG00000027580;ENSMUSG00000052305	True	False	0.8333333333333334	6	1.0	0.8333333333333334	6.0	-0.11565914989766064	-0.009012200041374282	-0.06816190994152023	-0.06816190994152023	-0.11565914989766064	-0.009012200041374282	0.9967105263157895	True	True	-0.13728514468085104	0.0005752211915229058	False	0.004189974034409416	Cellular Response To Chemical Stress	True	True	False	True	True	False	3	sensitivity-dependent
kidney	R-MMU-112315_TRANSMISSION_ACROSS_CHEMICAL_SYNAPSES	-0.06963075783625743	6	1	5	-0.06963075783625743	6	1	5	-0.005489359876838848	6.0	1.0	5.0	-0.005489359876838848	6.0	1.0	5.0	0.5052017630158517	0.9918200408997955	1.0	ENSMUSG00000030109;ENSMUSG00000024897;ENSMUSG00000030098;ENSMUSG00000031343;ENSMUSG00000002997;ENSMUSG00000030108;ENSMUSG00000026473;ENSMUSG00000025892;ENSMUSG00000023809;ENSMUSG00000028456;ENSMUSG00000024462;ENSMUSG00000031659;ENSMUSG00000058254;ENSMUSG00000051359;ENSMUSG00000040966	True	False	0.8333333333333334	6	0.3333333333333333	0.5	2.0	-0.0696307578362574	-0.0793705640497075	-0.08657572336257302	-0.0793705640497075	-0.08657572336257302	-0.0696307578362574	0.9046052631578947	True	True	-0.0811940738981763	-0.0023592876109520076	True	0.029057386797843622	Transmission Across Chemical Synapses	True	True	False	True	True	False	3	sensitivity-dependent
kidney	R-MMU-6798695_NEUTROPHIL_DEGRANULATION	-0.11026650940058487	6	1	5	-0.11026650940058487	6	1	5	-0.0017817139345588037	6.0	2.0	4.0	-0.0017817139345588037	6.0	2.0	4.0	0.7261710242613525	0.975	1.0	ENSMUSG00000022868;ENSMUSG00000064267;ENSMUSG00000026822;ENSMUSG00000031722;ENSMUSG00000028976;ENSMUSG00000031825;ENSMUSG00000021091;ENSMUSG00000031827;ENSMUSG00000061780;ENSMUSG00000024164;ENSMUSG00000029811;ENSMUSG00000017466;ENSMUSG00000034993;ENSMUSG00000079015;ENSMUSG00000052305;ENSMUSG00000027435;ENSMUSG00000032231;ENSMUSG00000004665;ENSMUSG00000039196;ENSMUSG00000035273;ENSMUSG00000020717;ENSMUSG00000008540;ENSMUSG00000029380;ENSMUSG00000046223;ENSMUSG00000054385;ENSMUSG00000002885;ENSMUSG00000073940;ENSMUSG00000032788;ENSMUSG00000026413;ENSMUSG00000020277;ENSMUSG00000028599;ENSMUSG00000006301;ENSMUSG00000032561;ENSMUSG00000001525;ENSMUSG00000029372;ENSMUSG00000027907;ENSMUSG00000018774;ENSMUSG00000020154;ENSMUSG00000026880;ENSMUSG00000024349;ENSMUSG00000046841	True	False	0.8333333333333334	6	1.0	0.8333333333333334	6.0	-0.11026650940058484	-0.09023205527777783	0.07273019545321634	-0.09023205527777783	-0.11026650940058484	0.07273019545321634	0.9868421052631579	True	False	-0.12050506846504562	-0.07777539648849388	True	0.6454118277278424	Neutrophil Degranulation	True	True	False	True	False	True	3	sensitivity-dependent
kidney	R-MMU-1280218_ADAPTIVE_IMMUNE_SYSTEM	-0.0914697839254386	6	1	5	-0.0914697839254386	6	1	5	-0.0034298171204891273	6.0	1.0	5.0	-0.0034298171204891273	6.0	1.0	5.0	0.5075090062152439	0.998998998998999	1.0	ENSMUSG00000020695;ENSMUSG00000039911;ENSMUSG00000024164;ENSMUSG00000062727;ENSMUSG00000017677;ENSMUSG00000027078;ENSMUSG00000032946;ENSMUSG00000021025;ENSMUSG00000042644;ENSMUSG00000058672;ENSMUSG00000040592;ENSMUSG00000024066;ENSMUSG00000032596;ENSMUSG00000045136;ENSMUSG00000021294;ENSMUSG00000061991;ENSMUSG00000001473;ENSMUSG00000053113;ENSMUSG00000072235;ENSMUSG00000027962;ENSMUSG00000004552;ENSMUSG00000039457;ENSMUSG00000023004;ENSMUSG00000021457;ENSMUSG00000101355;ENSMUSG00000041417;ENSMUSG00000026288;ENSMUSG00000071516;ENSMUSG00000069302;ENSMUSG00000031284;ENSMUSG00000069267;ENSMUSG00000060981;ENSMUSG00000071042;ENSMUSG00000062380;ENSMUSG00000026712;ENSMUSG00000094338;ENSMUSG00000037405;ENSMUSG00000016494;ENSMUSG00000061615;ENSMUSG00000022661;ENSMUSG00000038175;ENSMUSG00000069301;ENSMUSG00000025492;ENSMUSG00000101972;ENSMUSG00000032254;ENSMUSG00000026825;ENSMUSG00000045328;ENSMUSG00000078153;ENSMUSG00000042807;ENSMUSG00000060591;ENSMUSG00000094777;ENSMUSG00000040265;ENSMUSG00000028698;ENSMUSG00000042607;ENSMUSG00000070327;ENSMUSG00000069609;ENSMUSG00000024339;ENSMUSG00000019843;ENSMUSG00000022148;ENSMUSG00000069300;ENSMUSG00000067889	True	False	0.8333333333333334	6	0.8333333333333334	0.8	5.0	-0.09146978392543859	-0.15510839517543876	-0.0449498505263159	-0.09146978392543859	-0.15510839517543876	-0.0449498505263159	0.944078947368421	True	True	-0.07910476954483278	-0.016553207964031473	True	0.20925676238333404	Adaptive Immune System	True	True	False	True	True	False	3	sensitivity-dependent
kidney	R-MMU-500792_GPCR_LIGAND_BINDING	-0.09744491979532167	6	1	5	-0.09744491979532167	6	1	5	-0.0012812989402535928	6.0	2.0	4.0	-0.0012812989402535928	6.0	2.0	4.0	0.9113142532083517	0.708	1.0	ENSMUSG00000036437;ENSMUSG00000067586;ENSMUSG00000074715;ENSMUSG00000048376;ENSMUSG00000024164;ENSMUSG00000031616;ENSMUSG00000049112;ENSMUSG00000020123;ENSMUSG00000030790;ENSMUSG00000042190;ENSMUSG00000045092;ENSMUSG00000001240;ENSMUSG00000024659;ENSMUSG00000045573;ENSMUSG00000038668;ENSMUSG00000070368;ENSMUSG00000094686;ENSMUSG00000029380;ENSMUSG00000002885;ENSMUSG00000042770;ENSMUSG00000031489;ENSMUSG00000042429;ENSMUSG00000031778;ENSMUSG00000029778;ENSMUSG00000019464;ENSMUSG00000021367;ENSMUSG00000029819;ENSMUSG00000021070	True	False	0.8333333333333334	6	1.0	0.8333333333333334	6.0	-0.09744491979532166	-0.14245148036143276	-0.018667492982456183	-0.09744491979532166	-0.14245148036143276	-0.018667492982456183	0.9572368421052632	True	True	-0.09968344118541028	-0.01811305465361956	True	0.18170575211111992	Gpcr Ligand Binding	True	True	False	True	True	False	3	sensitivity-dependent
kidney	R-MMU-168256_IMMUNE_SYSTEM	-0.09910745014619844	6	2	4	-0.09910745014619844	6	2	4	-0.0019762747278785214	6.0	1.0	5.0	-0.0019762747278785214	6.0	1.0	5.0	0.6798473492133645	1.0	1.0	ENSMUSG00000021250;ENSMUSG00000033860;ENSMUSG00000079105;ENSMUSG00000028001;ENSMUSG00000022868;ENSMUSG00000020695;ENSMUSG00000064267;ENSMUSG00000026822;ENSMUSG00000031722;ENSMUSG00000033831;ENSMUSG00000028976;ENSMUSG00000031825;ENSMUSG00000027947;ENSMUSG00000039911;ENSMUSG00000021091;ENSMUSG00000031827;ENSMUSG00000061780;ENSMUSG00000024164;ENSMUSG00000039982;ENSMUSG00000005364;ENSMUSG00000022887;ENSMUSG00000062727;ENSMUSG00000016024;ENSMUSG00000030107;ENSMUSG00000023224;ENSMUSG00000022146;ENSMUSG00000029811;ENSMUSG00000005268;ENSMUSG00000017677;ENSMUSG00000027078;ENSMUSG00000017466;ENSMUSG00000032946;ENSMUSG00000034993;ENSMUSG00000021025;ENSMUSG00000042644;ENSMUSG00000079015;ENSMUSG00000058672;ENSMUSG00000052305;ENSMUSG00000027435;ENSMUSG00000040592;ENSMUSG00000039005;ENSMUSG00000032231;ENSMUSG00000014599;ENSMUSG00000024066;ENSMUSG00000004665;ENSMUSG00000039196;ENSMUSG00000007888;ENSMUSG00000040296;ENSMUSG00000020027;ENSMUSG00000020592;ENSMUSG00000035273;ENSMUSG00000026072;ENSMUSG00000034457;ENSMUSG00000032596;ENSMUSG00000024222;ENSMUSG00000020717;ENSMUSG00000008540;ENSMUSG00000029380;ENSMUSG00000046223;ENSMUSG00000054385;ENSMUSG00000009356;ENSMUSG00000045136;ENSMUSG00000021294;ENSMUSG00000002885;ENSMUSG00000073940;ENSMUSG00000061991;ENSMUSG00000032788;ENSMUSG00000052684;ENSMUSG00000001473;ENSMUSG00000026413;ENSMUSG00000020277;ENSMUSG00000024810;ENSMUSG00000029622;ENSMUSG00000028599;ENSMUSG00000041827;ENSMUSG00000053113;ENSMUSG00000072235;ENSMUSG00000006301;ENSMUSG00000027962;ENSMUSG00000032561;ENSMUSG00000004552;ENSMUSG00000001525;ENSMUSG00000029372;ENSMUSG00000039457;ENSMUSG00000023004;ENSMUSG00000027907;ENSMUSG00000021457;ENSMUSG00000101355;ENSMUSG00000018774;ENSMUSG00000041417;ENSMUSG00000026288;ENSMUSG00000020154;ENSMUSG00000026880;ENSMUSG00000034394;ENSMUSG00000024349;ENSMUSG00000046841;ENSMUSG00000038894;ENSMUSG00000071516;ENSMUSG00000023341;ENSMUSG00000069302;ENSMUSG00000026879;ENSMUSG00000031284;ENSMUSG00000021822;ENSMUSG00000069267;ENSMUSG00000027249;ENSMUSG00000060981;ENSMUSG00000076615;ENSMUSG00000076612;ENSMUSG00000071042;ENSMUSG00000062380;ENSMUSG00000030748;ENSMUSG00000051439;ENSMUSG00000026712;ENSMUSG00000094338;ENSMUSG00000027533;ENSMUSG00000020176;ENSMUSG00000037405;ENSMUSG00000016494;ENSMUSG00000033684;ENSMUSG00000061615;ENSMUSG00000023809;ENSMUSG00000025225;ENSMUSG00000116876;ENSMUSG00000035692;ENSMUSG00000022661;ENSMUSG00000021823;ENSMUSG00000074272;ENSMUSG00000038175;ENSMUSG00000032000;ENSMUSG00000056724;ENSMUSG00000069301;ENSMUSG00000025492;ENSMUSG00000101972;ENSMUSG00000025889;ENSMUSG00000032254;ENSMUSG00000061878;ENSMUSG00000004040;ENSMUSG00000026825;ENSMUSG00000038600;ENSMUSG00000045328;ENSMUSG00000019987;ENSMUSG00000025498;ENSMUSG00000017344;ENSMUSG00000026874;ENSMUSG00000078153;ENSMUSG00000017390;ENSMUSG00000096255;ENSMUSG00000042807;ENSMUSG00000044583;ENSMUSG00000030786;ENSMUSG00000060591;ENSMUSG00000094777;ENSMUSG00000056515;ENSMUSG00000034708;ENSMUSG00000044748;ENSMUSG00000040265;ENSMUSG00000048756;ENSMUSG00000055172;ENSMUSG00000040663;ENSMUSG00000038393;ENSMUSG00000033307;ENSMUSG00000028698;ENSMUSG00000028755;ENSMUSG00000040033;ENSMUSG00000012705;ENSMUSG00000042607;ENSMUSG00000070327;ENSMUSG00000069609;ENSMUSG00000060147;ENSMUSG00000024339;ENSMUSG00000019843;ENSMUSG00000005686;ENSMUSG00000026365;ENSMUSG00000022148;ENSMUSG00000069300;ENSMUSG00000021999;ENSMUSG00000018411;ENSMUSG00000067889;ENSMUSG00000066800	True	False	0.6666666666666666	6	0.8333333333333334	0.6	5.0	-0.09910745014619843	-0.04352268223684152	-0.12157090409356726	-0.09910745014619843	-0.12157090409356726	-0.04352268223684152	0.9638157894736842	True	True	-0.08178179198328267	-0.01133956932971454	True	0.13865640571965585	Immune System	True	True	False	True	True	False	3	sensitivity-dependent
kidney	R-MMU-211859_BIOLOGICAL_OXIDATIONS	-0.07192443878655008	6	1	5	-0.07192443878655008	6	1	5	0.000930555260631479	6.0	2.0	4.0	0.000930555260631479	6.0	2.0	4.0	1.207834664136827	0.10020040080160321	0.7748148200250738	ENSMUSG00000028715;ENSMUSG00000030483;ENSMUSG00000063415;ENSMUSG00000066072;ENSMUSG00000090171;ENSMUSG00000019326;ENSMUSG00000053279;ENSMUSG00000061740;ENSMUSG00000038567;ENSMUSG00000089960;ENSMUSG00000026621;ENSMUSG00000024087;ENSMUSG00000029811;ENSMUSG00000090175;ENSMUSG00000038776;ENSMUSG00000058135;ENSMUSG00000022947;ENSMUSG00000027313;ENSMUSG00000057933;ENSMUSG00000055301;ENSMUSG00000017969;ENSMUSG00000111709;ENSMUSG00000028712;ENSMUSG00000008540;ENSMUSG00000040562;ENSMUSG00000030711	False	False	0.8333333333333334	6	0.6666666666666666	0.75	4.0	-0.07192443878655004	-0.12766476264619883	-0.10994459491228048	-0.10994459491228048	-0.12766476264619883	-0.07192443878655004	0.9078947368421053	True	True	-0.07558449411094219	-0.043625221982233515	True	0.5771715812267109	Biological Oxidations	True	False	False	True	True	True	3	internally robust, incomplete conventional support
kidney	R-MMU-168249_INNATE_IMMUNE_SYSTEM	-0.07510731630116967	6	2	4	-0.07510731630116967	6	2	4	-0.001051293492572906	6.0	2.0	4.0	-0.001051293492572906	6.0	2.0	4.0	0.6819814379562915	0.999	1.0	ENSMUSG00000021250;ENSMUSG00000033860;ENSMUSG00000079105;ENSMUSG00000028001;ENSMUSG00000022868;ENSMUSG00000064267;ENSMUSG00000026822;ENSMUSG00000031722;ENSMUSG00000033831;ENSMUSG00000028976;ENSMUSG00000031825;ENSMUSG00000021091;ENSMUSG00000031827;ENSMUSG00000061780;ENSMUSG00000024164;ENSMUSG00000039982;ENSMUSG00000022887;ENSMUSG00000016024;ENSMUSG00000030107;ENSMUSG00000023224;ENSMUSG00000029811;ENSMUSG00000017466;ENSMUSG00000034993;ENSMUSG00000021025;ENSMUSG00000079015;ENSMUSG00000052305;ENSMUSG00000027435;ENSMUSG00000039005;ENSMUSG00000032231;ENSMUSG00000004665;ENSMUSG00000039196;ENSMUSG00000040296;ENSMUSG00000035273;ENSMUSG00000020717;ENSMUSG00000008540;ENSMUSG00000029380;ENSMUSG00000046223;ENSMUSG00000054385;ENSMUSG00000009356;ENSMUSG00000002885;ENSMUSG00000073940;ENSMUSG00000032788;ENSMUSG00000052684;ENSMUSG00000026413;ENSMUSG00000020277;ENSMUSG00000029622;ENSMUSG00000028599;ENSMUSG00000006301;ENSMUSG00000032561;ENSMUSG00000001525;ENSMUSG00000029372;ENSMUSG00000027907;ENSMUSG00000021457;ENSMUSG00000018774;ENSMUSG00000041417;ENSMUSG00000020154;ENSMUSG00000026880;ENSMUSG00000024349;ENSMUSG00000046841;ENSMUSG00000026879;ENSMUSG00000031284;ENSMUSG00000021822;ENSMUSG00000027249;ENSMUSG00000076615;ENSMUSG00000076612;ENSMUSG00000051439;ENSMUSG00000027533;ENSMUSG00000033684;ENSMUSG00000023809;ENSMUSG00000025225;ENSMUSG00000116876;ENSMUSG00000021823;ENSMUSG00000074272;ENSMUSG00000032000;ENSMUSG00000056724;ENSMUSG00000026825;ENSMUSG00000038600;ENSMUSG00000019987;ENSMUSG00000025498;ENSMUSG00000017344;ENSMUSG00000026874;ENSMUSG00000017390;ENSMUSG00000096255;ENSMUSG00000044583;ENSMUSG00000030786;ENSMUSG00000056515;ENSMUSG00000034708;ENSMUSG00000044748;ENSMUSG00000040265;ENSMUSG00000055172;ENSMUSG00000038393;ENSMUSG00000033307;ENSMUSG00000028755;ENSMUSG00000012705;ENSMUSG00000060147;ENSMUSG00000019843;ENSMUSG00000005686;ENSMUSG00000026365;ENSMUSG00000021999;ENSMUSG00000019850;ENSMUSG00000001750;ENSMUSG00000025196;ENSMUSG00000026177;ENSMUSG00000021069;ENSMUSG00000050721;ENSMUSG00000054889;ENSMUSG00000004864;ENSMUSG00000036905;ENSMUSG00000022037;ENSMUSG00000033538;ENSMUSG00000040693	True	False	0.6666666666666666	6	0.6666666666666666	0.5	4.0	-0.07510731630116964	-0.11838202564387428	-0.14776769487514618	-0.11838202564387428	-0.14776769487514618	-0.07510731630116964	0.9177631578947368	True	True	-0.062261387082066896	-0.0036751332813165774	True	0.05902748803961554	Innate Immune System	True	True	False	True	True	False	3	sensitivity-dependent
kidney	R-MMU-71291_METABOLISM_OF_AMINO_ACIDS_AND_DERIVATIVES	-0.08487431646198866	6	1	5	-0.08487431646198866	6	1	5	0.000376181628859699	6.0	2.0	4.0	0.000376181628859699	6.0	2.0	4.0	0.9097351414665966	0.6944723618090453	1.0	ENSMUSG00000030109;ENSMUSG00000074768;ENSMUSG00000025991;ENSMUSG00000026866;ENSMUSG00000020182;ENSMUSG00000037686;ENSMUSG00000024640;ENSMUSG00000029811;ENSMUSG00000021125;ENSMUSG00000029752;ENSMUSG00000003849;ENSMUSG00000027360;ENSMUSG00000027333;ENSMUSG00000034456;ENSMUSG00000024827;ENSMUSG00000031700;ENSMUSG00000025792;ENSMUSG00000044986;ENSMUSG00000025176;ENSMUSG00000042118;ENSMUSG00000064254;ENSMUSG00000026473;ENSMUSG00000033022;ENSMUSG00000001155;ENSMUSG00000001773;ENSMUSG00000030630;ENSMUSG00000000673;ENSMUSG00000042096;ENSMUSG00000025007;ENSMUSG00000034785;ENSMUSG00000019987;ENSMUSG00000022821	False	False	0.8333333333333334	6	0.8333333333333334	0.8	5.0	-0.08487431646198863	-0.16094435573099403	-0.13997795059941545	-0.13997795059941545	-0.16094435573099403	-0.08487431646198863	0.9375	True	True	-0.1167733775455927	-0.032219661252047345	True	0.2759161542575711	Metabolism Of Amino Acids And Derivatives	True	False	False	True	True	True	3	internally robust, incomplete conventional support
kidney	R-MMU-2672351_STIMULI_SENSING_CHANNELS	0.07817000577368427	6	5	1	0.07817000577368427	6	5	1	-0.004160417228981875	6.0	2.0	4.0	-0.004160417228981875	6.0	2.0	4.0	0.3677559988770013	0.9979144942648592	1.0	ENSMUSG00000031075;ENSMUSG00000074968;ENSMUSG00000034714	False	True	0.8333333333333334	6	0.6666666666666666	0.75	4.0	0.07817000577368423	-0.013577751206140284	-0.027113062309941566	-0.013577751206140284	-0.027113062309941566	0.07817000577368423	0.9243421052631579	True	False	0.07503485734601065	-0.025755571268565227	False	0.34324808734955986	Stimuli Sensing Channels	True	False	True	True	False	False	2	sensitivity-dependent
kidney	R-MMU-2142753_ARACHIDONATE_METABOLISM	-0.07443084417251478	6	1	5	-0.07443084417251478	6	1	5	0.004272368396799742	6.0	2.0	4.0	0.004272368396799742	6.0	2.0	4.0	1.4716155856816462	0.016580310880829015	0.32053666298500166	ENSMUSG00000028715;ENSMUSG00000066072;ENSMUSG00000032487;ENSMUSG00000024087;ENSMUSG00000015090;ENSMUSG00000051483;ENSMUSG00000018924;ENSMUSG00000050737;ENSMUSG00000017969;ENSMUSG00000028712;ENSMUSG00000078597;ENSMUSG00000021214;ENSMUSG00000019278;ENSMUSG00000056220	False	False	0.8333333333333334	6	0.8333333333333334	0.8	5.0	-0.07443084417251473	0.0322164606271929	-0.11151889153947368	-0.07443084417251473	-0.11151889153947368	0.0322164606271929	0.9144736842105263	True	False	-0.08231667730243161	-0.021092450499065496	True	0.2562354457234929	Arachidonate Metabolism	True	False	False	True	False	True	2	sensitivity-dependent
kidney	R-MMU-2173782_BINDING_AND_UPTAKE_OF_LIGANDS_BY_SCAVENGER_RECEPTORS	-0.09197297376900589	6	2	4	-0.09197297376900589	6	2	4	0.004189182014344789	6.0	4.0	2.0	0.004189182014344789	6.0	4.0	2.0	1.0488487019235344	0.43106995884773663	1.0	ENSMUSG00000040249;ENSMUSG00000032083;ENSMUSG00000069919;ENSMUSG00000031722;ENSMUSG00000030895;ENSMUSG00000022887;ENSMUSG00000052305;ENSMUSG00000018593	False	False	0.6666666666666666	6	0.8333333333333334	0.6	5.0	-0.09197297376900589	-0.08595891492836259	-0.14533932285453224	-0.09197297376900589	-0.14533932285453224	-0.08595891492836259	0.9473684210526315	True	True	-0.061165425037993916	-0.003984450536468129	True	0.06514220303370935	Binding And Uptake Of Ligands By Scavenger Receptors	True	False	False	True	True	False	2	sensitivity-dependent
kidney	R-MMU-5576891_CARDIAC_CONDUCTION	0.05864576172095028	6	5	1	0.05864576172095027	6	5	1	0.002452441157559345	6.0	5.0	1.0	0.002452441157559345	6.0	5.0	1.0	1.3946849050848158	0.04253112033195021	0.4175226275550073	ENSMUSG00000051331;ENSMUSG00000020788;ENSMUSG00000041329;ENSMUSG00000040896;ENSMUSG00000030409;ENSMUSG00000027931;ENSMUSG00000007097;ENSMUSG00000049265;ENSMUSG00000042644;ENSMUSG00000040907	True	True	0.8333333333333334	6	0.16666666666666666	0.0	1.0	0.05864576172095026	0.12331690980058464	0.07839119134795308	0.07839119134795308	0.05864576172095026	0.12331690980058464	0.8651315789473685	True	True	0.09025394237579787	0.05483829747514572	True	0.6076000231304127	Cardiac Conduction	False	True	True	True	True	True	5	triangulated
kidney	R-MMU-9012999_RHO_GTPASE_CYCLE	0.03302348495906429	6	5	1	0.03302348495906429	6	5	1	3.594359612849272e-05	6.0	4.0	2.0	3.594359612849272e-05	6.0	4.0	2.0	0.9942991514573899	0.533066132264529	1.0	ENSMUSG00000038587;ENSMUSG00000024043;ENSMUSG00000032135;ENSMUSG00000006445;ENSMUSG00000034037;ENSMUSG00000032198;ENSMUSG00000037552;ENSMUSG00000004044;ENSMUSG00000046768;ENSMUSG00000023008;ENSMUSG00000052560;ENSMUSG00000039621;ENSMUSG00000039960;ENSMUSG00000025366;ENSMUSG00000036533;ENSMUSG00000022799;ENSMUSG00000054364;ENSMUSG00000020121;ENSMUSG00000041598;ENSMUSG00000040964;ENSMUSG00000031523;ENSMUSG00000032875;ENSMUSG00000049521;ENSMUSG00000032812;ENSMUSG00000066357;ENSMUSG00000030123;ENSMUSG00000026728;ENSMUSG00000038608;ENSMUSG00000015143;ENSMUSG00000025403;ENSMUSG00000023004;ENSMUSG00000030220;ENSMUSG00000019944;ENSMUSG00000041417;ENSMUSG00000024451;ENSMUSG00000026880;ENSMUSG00000046841;ENSMUSG00000074305;ENSMUSG00000031284;ENSMUSG00000019467;ENSMUSG00000036053;ENSMUSG00000021895;ENSMUSG00000037946;ENSMUSG00000030257;ENSMUSG00000001918;ENSMUSG00000002233;ENSMUSG00000040624;ENSMUSG00000052609;ENSMUSG00000037709;ENSMUSG00000022797;ENSMUSG00000020580;ENSMUSG00000028698;ENSMUSG00000050953;ENSMUSG00000028919;ENSMUSG00000057315;ENSMUSG00000027500;ENSMUSG00000074923;ENSMUSG00000028068	True	True	0.8333333333333334	6	0.0			0.03302348495906425	0.07149508731052633	0.06315783583538011	0.06315783583538011	0.03302348495906425	0.07149508731052633	0.680921052631579	True	True	0.04674015080167173	0.0350061123514255	True	0.7489516347511112	Rho Gtpase Cycle	False	True	True	True	True	True	5	triangulated
kidney	R-MMU-9006936_SIGNALING_BY_TGFB_FAMILY_MEMBERS	0.049487860573099486	6	5	1	0.049487860573099486	6	5	1	0.003795152965086273	6.0	3.0	3.0	0.0037951529650862726	6.0	3.0	3.0	1.4512175104538592	0.0254841997961264	0.3126000366935173	ENSMUSG00000027204;ENSMUSG00000000957;ENSMUSG00000037035;ENSMUSG00000040488;ENSMUSG00000021253;ENSMUSG00000027358;ENSMUSG00000017466;ENSMUSG00000020689;ENSMUSG00000039239;ENSMUSG00000068876;ENSMUSG00000002603;ENSMUSG00000000530;ENSMUSG00000062175;ENSMUSG00000002020;ENSMUSG00000018909;ENSMUSG00000029287;ENSMUSG00000001870;ENSMUSG00000026971;ENSMUSG00000022816;ENSMUSG00000024940;ENSMUSG00000032440	True	True	0.8333333333333334	6	0.16666666666666666	1.0	1.0	0.04948786057309947	0.04443522456140348	0.0723759687385964	0.04948786057309947	0.04443522456140348	0.0723759687385964	0.8256578947368421	True	True	0.042209144046352585	0.06358809579467972	True	1.5065004806742712	Signaling By Tgfb Family Members	False	True	True	True	True	True	5	triangulated
kidney	R-MMU-2129379_MOLECULES_ASSOCIATED_WITH_ELASTIC_FIBRES	0.033935031248538104	6	4	2	0.033935031248538104	6	4	2	0.009263219770436705	6.0	4.0	2.0	0.009263219770436705	6.0	4.0	2.0	1.6327050457751484	0.004145077720207254	0.1370942957268561	ENSMUSG00000029675;ENSMUSG00000027204;ENSMUSG00000029163;ENSMUSG00000026193;ENSMUSG00000040488;ENSMUSG00000021253;ENSMUSG00000027358;ENSMUSG00000020689;ENSMUSG00000039239;ENSMUSG00000002603;ENSMUSG00000064080;ENSMUSG00000021186;ENSMUSG00000002020;ENSMUSG00000042436;ENSMUSG00000024909;ENSMUSG00000001870;ENSMUSG00000024053;ENSMUSG00000024598;ENSMUSG00000026971;ENSMUSG00000021835	True	True	0.6666666666666666	6	0.0			0.03393503124853808	0.045437208230994036	0.03941071598055552	0.03941071598055552	0.03393503124853808	0.045437208230994036	0.694078947368421	True	True	0.052678956386778115	0.020222557590063694	True	0.38388303370298643	Molecules Associated With Elastic Fibres	False	True	True	True	True	True	5	triangulated
kidney	R-MMU-1500931_CELL_CELL_COMMUNICATION	0.03536471095964911	6	5	1	0.03536471095964911	6	5	1	0.001007899444658603	6.0	3.0	3.0	0.001007899444658603	6.0	3.0	3.0	1.0690985485586584	0.34437751004016065	1.0	ENSMUSG00000041734;ENSMUSG00000026602;ENSMUSG00000035783;ENSMUSG00000027947;ENSMUSG00000006649;ENSMUSG00000031673;ENSMUSG00000031328;ENSMUSG00000062727;ENSMUSG00000068699;ENSMUSG00000006219;ENSMUSG00000031841;ENSMUSG00000059430;ENSMUSG00000061991;ENSMUSG00000020758;ENSMUSG00000032012;ENSMUSG00000015143;ENSMUSG00000026872;ENSMUSG00000027111;ENSMUSG00000101355;ENSMUSG00000071516;ENSMUSG00000069302;ENSMUSG00000011256;ENSMUSG00000069267;ENSMUSG00000060981;ENSMUSG00000022565;ENSMUSG00000031871;ENSMUSG00000094338;ENSMUSG00000061615;ENSMUSG00000021823;ENSMUSG00000069301;ENSMUSG00000101972;ENSMUSG00000039683;ENSMUSG00000004040;ENSMUSG00000101645;ENSMUSG00000024238;ENSMUSG00000024395;ENSMUSG00000094777	True	True	0.8333333333333334	6	0.0			0.03536471095964905	0.10022694893274851	0.004993038298584783	0.03536471095964905	0.004993038298584783	0.10022694893274851	0.7072368421052632	True	True	0.050267226878419446	0.025906551520215825	True	0.5153765809057976	Cell Cell Communication	False	True	True	True	True	True	5	triangulated
kidney	R-MMU-5362517_SIGNALING_BY_RETINOIC_ACID	0.024656253276549706	6	4	2	0.024656253276549706	6	4	2	0.0030719316907132817	6.0	3.0	3.0	0.0030719316907132817	6.0	3.0	3.0	1.2682806083075255	0.13268608414239483	0.6893183773945398	ENSMUSG00000063415;ENSMUSG00000053279;ENSMUSG00000015134;ENSMUSG00000017491;ENSMUSG00000019577;ENSMUSG00000066026;ENSMUSG00000013584;ENSMUSG00000021214;ENSMUSG00000027533;ENSMUSG00000074207;ENSMUSG00000004885	True	True	0.6666666666666666	6	0.0			0.0246562532765497	0.03447886041374265	0.003528238547704683	0.0246562532765497	0.003528238547704683	0.03447886041374265	0.5986842105263158	True	True	0.023577854769338907	0.02523249132256557	True	1.070177569987342	Signaling By Retinoic Acid	False	True	True	True	True	True	5	triangulated
kidney	R-MMU-1474290_COLLAGEN_FORMATION	0.018989420172514537	6	5	1	0.018989420172514537	6	5	1	0.005030434431981378	6.0	5.0	1.0	0.005030434431981378	6.0	5.0	1.0	1.411483584126758	0.023350253807106598	0.3809734340224505	ENSMUSG00000025185;ENSMUSG00000024529;ENSMUSG00000004098;ENSMUSG00000031503;ENSMUSG00000031502;ENSMUSG00000026837;ENSMUSG00000032334;ENSMUSG00000029661;ENSMUSG00000036545;ENSMUSG00000020674;ENSMUSG00000001435;ENSMUSG00000001119;ENSMUSG00000020241;ENSMUSG00000034205;ENSMUSG00000032332;ENSMUSG00000048126;ENSMUSG00000022371;ENSMUSG00000040690;ENSMUSG00000022098	True	True	0.8333333333333334	6	0.0			0.0189894201725145	0.08754815799853798	0.009090759751461836	0.0189894201725145	0.009090759751461836	0.08754815799853798	0.5394736842105263	True	True	0.03961171043313069	0.019284394720419963	True	0.4868356985738934	Collagen Formation	False	True	True	True	True	True	5	triangulated
kidney	R-MMU-166016_TOLL_LIKE_RECEPTOR_4_TLR4_CASCADE	0.043807088198830356	6	6	0	0.043807088198830356	6	6	0	0.001723730590593738	6.0	3.0	3.0	0.001723730590593738	6.0	3.0	3.0	1.2686262671096318	0.14376321353065538	0.7013588175876598	ENSMUSG00000021250;ENSMUSG00000016024;ENSMUSG00000030107;ENSMUSG00000021025;ENSMUSG00000039005;ENSMUSG00000052684;ENSMUSG00000051439;ENSMUSG00000023809;ENSMUSG00000025225;ENSMUSG00000032000;ENSMUSG00000026825;ENSMUSG00000025498;ENSMUSG00000030786;ENSMUSG00000040265	True	True	1.0	6	0.0			0.04380708819883028	0.0013515545637573171	3.219229039912204e-05	0.0013515545637573171	3.219229039912204e-05	0.04380708819883028	0.7993421052631579	True	True	0.038836789342705166	0.01537748803109145	True	0.39595157816463145	Toll Like Receptor 4 Tlr4 Cascade	False	True	True	True	True	True	5	triangulated
kidney	R-MMU-202403_TCR_SIGNALING	-0.04897276996318717	6	1	5	-0.04897276996318717	6	1	5	-0.008973723983661806	6.0	0.0	6.0	-0.008973723983661806	6.0	0.0	6.0	-1.2441809808679818	0.17721518987341772	0.36218257888314254	ENSMUSG00000036594;ENSMUSG00000060586;ENSMUSG00000026395;ENSMUSG00000073421;ENSMUSG00000032093	True	True	0.8333333333333334	6	0.0			-0.04897276996318715	-0.011382879133040952	-0.09527369219736843	-0.04897276996318715	-0.09527369219736843	-0.011382879133040952	0.8223684210526315	True	True	-0.051820917960790275	-0.03351140390552159	True	0.6466771571062795	Tcr Signaling	False	True	True	True	True	True	5	triangulated
kidney	R-MMU-1566948_ELASTIC_FIBRE_FORMATION	0.06308138982309941	6	4	2	0.06308138982309941	6	4	2	0.011429232703599163	6.0	4.0	2.0	0.011429232703599163	6.0	4.0	2.0	1.750863140443667	0.0	0.06794717282742431	ENSMUSG00000029675;ENSMUSG00000025185;ENSMUSG00000024529;ENSMUSG00000027204;ENSMUSG00000029163;ENSMUSG00000026193;ENSMUSG00000032334;ENSMUSG00000040488;ENSMUSG00000021253;ENSMUSG00000027358;ENSMUSG00000020689;ENSMUSG00000039239;ENSMUSG00000002603;ENSMUSG00000034205;ENSMUSG00000064080;ENSMUSG00000021186;ENSMUSG00000002020;ENSMUSG00000042436;ENSMUSG00000000555;ENSMUSG00000024909;ENSMUSG00000001870;ENSMUSG00000024053;ENSMUSG00000024598;ENSMUSG00000026971;ENSMUSG00000021835	True	True	0.6666666666666666	6	0.16666666666666666	0.0	1.0	0.0630813898230994	0.06980542244883035	0.06173076122807002	0.0630813898230994	0.06173076122807002	0.06980542244883035	0.8848684210526315	True	True	0.07504887069528875	0.01780177398548647	True	0.23720242317522294	Elastic Fibre Formation	False	True	True	True	True	False	4	method-supported, model-sensitive
kidney	R-MMU-1650814_COLLAGEN_BIOSYNTHESIS_AND_MODIFYING_ENZYMES	0.05438924716622807	6	5	1	0.05438924716622807	6	5	1	0.004185491985407833	6.0	5.0	1.0	0.004185491985407833	6.0	5.0	1.0	1.3303117428088596	0.07653061224489796	0.5779654254724513	ENSMUSG00000004098;ENSMUSG00000031503;ENSMUSG00000031502;ENSMUSG00000026837;ENSMUSG00000029661;ENSMUSG00000036545;ENSMUSG00000001435;ENSMUSG00000001119;ENSMUSG00000020241;ENSMUSG00000032332;ENSMUSG00000048126;ENSMUSG00000022371;ENSMUSG00000040690;ENSMUSG00000022098	True	True	0.8333333333333334	6	0.16666666666666666	0.0	1.0	0.05438924716622807	0.009700911707149101	0.06272262192105277	0.05438924716622807	0.009700911707149101	0.06272262192105277	0.8421052631578947	True	True	0.069424509731383	0.0012809649272985382	True	0.018451191549711216	Collagen Biosynthesis And Modifying Enzymes	False	True	True	True	True	False	4	method-supported, model-sensitive
kidney	R-MMU-2168880_SCAVENGING_OF_HEME_FROM_PLASMA	0.052311003879385885	6	4	2	0.052311003879385885	6	4	2	0.006723835141030085	6.0	3.0	3.0	0.006723835141030085	6.0	3.0	3.0	1.291997548955892	0.12229437229437229	0.673478795812342	ENSMUSG00000040249;ENSMUSG00000032083;ENSMUSG00000069919;ENSMUSG00000031722;ENSMUSG00000030895;ENSMUSG00000052305;ENSMUSG00000073940;ENSMUSG00000029368;ENSMUSG00000057346	True	True	0.6666666666666666	6	0.3333333333333333	0.0	2.0	0.052311003879385885	0.23981380625	0.04003798602653797	0.052311003879385885	0.04003798602653797	0.23981380625	0.8355263157894737	True	True	0.07525272305547115	-0.0007596461993765861	False	0.010094600813536369	Scavenging Of Heme From Plasma	False	True	True	True	True	False	4	method-supported, model-sensitive
kidney	R-MMU-382551_TRANSPORT_OF_SMALL_MOLECULES	0.01149619185672505	6	4	2	0.01149619185672505	6	4	2	-0.001446828820386011	6.0	1.0	5.0	-0.001446828820386011	6.0	1.0	5.0	0.7598122727070407	0.972	1.0	ENSMUSG00000030109;ENSMUSG00000026822;ENSMUSG00000032083;ENSMUSG00000069919;ENSMUSG00000020788;ENSMUSG00000032080;ENSMUSG00000032548;ENSMUSG00000042371;ENSMUSG00000010064;ENSMUSG00000041329;ENSMUSG00000024411;ENSMUSG00000030737;ENSMUSG00000024552;ENSMUSG00000007097;ENSMUSG00000063873;ENSMUSG00000026435;ENSMUSG00000003617;ENSMUSG00000031075;ENSMUSG00000022229;ENSMUSG00000020264;ENSMUSG00000025366;ENSMUSG00000074968;ENSMUSG00000052305;ENSMUSG00000041797;ENSMUSG00000031808;ENSMUSG00000040907;ENSMUSG00000038963;ENSMUSG00000017765;ENSMUSG00000032849;ENSMUSG00000034714;ENSMUSG00000029321;ENSMUSG00000073940;ENSMUSG00000023013;ENSMUSG00000057092;ENSMUSG00000022098;ENSMUSG00000002997;ENSMUSG00000022180;ENSMUSG00000032902;ENSMUSG00000061742;ENSMUSG00000025792;ENSMUSG00000029368;ENSMUSG00000024485;ENSMUSG00000023942;ENSMUSG00000030108;ENSMUSG00000011034;ENSMUSG00000012428;ENSMUSG00000031390;ENSMUSG00000024737;ENSMUSG00000026880;ENSMUSG00000030000;ENSMUSG00000055782;ENSMUSG00000040564;ENSMUSG00000041313;ENSMUSG00000020865;ENSMUSG00000030762;ENSMUSG00000059336;ENSMUSG00000022579;ENSMUSG00000002985;ENSMUSG00000032193;ENSMUSG00000025993;ENSMUSG00000036565;ENSMUSG00000024030;ENSMUSG00000024650;ENSMUSG00000044217;ENSMUSG00000035722;ENSMUSG00000027690;ENSMUSG00000038175;ENSMUSG00000025726;ENSMUSG00000030769;ENSMUSG00000001918;ENSMUSG00000032079;ENSMUSG00000038600;ENSMUSG00000020100	False	True	0.6666666666666666	6	0.0			0.011496191856725036	0.053122080994151916	0.04830493912280723	0.04830493912280723	0.011496191856725036	0.053122080994151916	0.47039473684210525	True	True	0.008603732446808513	0.014060246244836967	True	1.6342031010102487	Transport Of Small Molecules	False	False	True	True	True	True	4	internally robust, incomplete conventional support
kidney	R-MMU-421270_CELL_CELL_JUNCTION_ORGANIZATION	0.04606608075073101	6	5	1	0.04606608075073101	6	5	1	-0.0016905078974720812	6.0	2.0	4.0	-0.0016905078974720812	6.0	2.0	4.0	0.8300436042136035	0.8014112903225806	1.0	ENSMUSG00000035783;ENSMUSG00000027947;ENSMUSG00000031673;ENSMUSG00000062727;ENSMUSG00000031841;ENSMUSG00000059430;ENSMUSG00000061991;ENSMUSG00000032012;ENSMUSG00000026872;ENSMUSG00000101355;ENSMUSG00000071516;ENSMUSG00000069302;ENSMUSG00000011256;ENSMUSG00000069267;ENSMUSG00000060981;ENSMUSG00000031871;ENSMUSG00000094338;ENSMUSG00000061615;ENSMUSG00000021823;ENSMUSG00000069301;ENSMUSG00000101972;ENSMUSG00000039683;ENSMUSG00000004040;ENSMUSG00000101645;ENSMUSG00000024238	False	True	0.8333333333333334	6	0.0			0.04606608075073096	0.05883373786988294	0.024813383095029184	0.04606608075073096	0.024813383095029184	0.05883373786988294	0.819078947368421	True	True	0.05163293569148936	0.04603115563680841	True	0.8915076204817792	Cell Cell Junction Organization	False	False	True	True	True	True	4	internally robust, incomplete conventional support
kidney	R-MMU-2022090_ASSEMBLY_OF_COLLAGEN_FIBRILS_AND_OTHER_MULTIMERIC_STRUCTURES	0.04225758350584794	6	5	1	0.04225758350584794	6	5	1	0.005650268213105887	6.0	5.0	1.0	0.005650268213105887	6.0	5.0	1.0	1.5147259295067628	0.011434511434511435	0.23543020412787022	ENSMUSG00000025185;ENSMUSG00000024529;ENSMUSG00000004098;ENSMUSG00000031503;ENSMUSG00000031502;ENSMUSG00000026837;ENSMUSG00000032334;ENSMUSG00000020674;ENSMUSG00000001435;ENSMUSG00000001119;ENSMUSG00000020241;ENSMUSG00000034205	True	True	0.8333333333333334	6	0.0			0.042257583505847914	0.0019333281140351338	0.07091905915241221	0.042257583505847914	0.0019333281140351338	0.07091905915241221	0.7861842105263158	True	True	0.05101643886740121	-0.0005288133272917312	False	0.01036554763585499	Assembly Of Collagen Fibrils And Other Multimeric Structures	False	True	True	True	True	False	4	method-supported, model-sensitive
kidney	R-MMU-1483206_GLYCEROPHOSPHOLIPID_BIOSYNTHESIS	0.04178132217339182	6	5	1	0.04178132217339182	6	5	1	0.0023376676648995073	6.0	4.0	2.0	0.0023376676648995073	6.0	4.0	2.0	1.3623306809752944	0.07956989247311828	0.5063789303871622	ENSMUSG00000019232;ENSMUSG00000023019;ENSMUSG00000050860;ENSMUSG00000033174;ENSMUSG00000026827	True	True	0.8333333333333334	6	0.0			0.041781322173391804	0.03987516079751461	0.051773167175292345	0.041781322173391804	0.03987516079751461	0.051773167175292345	0.7828947368421053	True	True	0.04784350715501519	0.004422016413879917	True	0.09242667765873389	Glycerophospholipid Biosynthesis	False	True	True	True	True	False	4	method-supported, model-sensitive
kidney	R-MMU-76002_PLATELET_ACTIVATION_SIGNALING_AND_AGGREGATION	0.03814093919005849	6	5	1	0.03814093919005849	6	5	1	0.005600837576885731	6.0	4.0	2.0	0.005600837576885731	6.0	4.0	2.0	1.5191070881642799	0.0	0.2585661645546916	ENSMUSG00000033860;ENSMUSG00000028001;ENSMUSG00000022868;ENSMUSG00000032083;ENSMUSG00000033831;ENSMUSG00000048376;ENSMUSG00000021922;ENSMUSG00000021091;ENSMUSG00000061780;ENSMUSG00000028108;ENSMUSG00000031328;ENSMUSG00000026193;ENSMUSG00000029661;ENSMUSG00000033174;ENSMUSG00000000049;ENSMUSG00000023224;ENSMUSG00000021253;ENSMUSG00000020689;ENSMUSG00000039239;ENSMUSG00000002603;ENSMUSG00000032946;ENSMUSG00000033880;ENSMUSG00000025784;ENSMUSG00000042644;ENSMUSG00000054364;ENSMUSG00000079015;ENSMUSG00000038224;ENSMUSG00000018593;ENSMUSG00000039196;ENSMUSG00000037419;ENSMUSG00000032849;ENSMUSG00000020717;ENSMUSG00000018909;ENSMUSG00000026547;ENSMUSG00000031380;ENSMUSG00000059481;ENSMUSG00000048583;ENSMUSG00000015143;ENSMUSG00000037206;ENSMUSG00000029368;ENSMUSG00000029372;ENSMUSG00000009281;ENSMUSG00000021457;ENSMUSG00000039109;ENSMUSG00000041417;ENSMUSG00000024697;ENSMUSG00000037411;ENSMUSG00000056220;ENSMUSG00000028583;ENSMUSG00000020120;ENSMUSG00000027249	True	True	0.8333333333333334	6	0.0			0.03814093919005847	0.06863296444444407	-0.06251906749999984	0.03814093919005847	-0.06251906749999984	0.06863296444444407	0.743421052631579	True	False	0.04411056449278117	0.02751594295429379	True	0.6237948498436664	Platelet Activation Signaling And Aggregation	False	True	True	True	False	True	4	method-supported, model-sensitive
kidney	R-MMU-111465_APOPTOTIC_CLEAVAGE_OF_CELLULAR_PROTEINS	-0.02874633557324562	6	2	4	-0.02874633557324562	6	2	4	-0.001830290693705448	6.0	2.0	4.0	-0.001830290693705448	6.0	2.0	4.0	-0.7922872415202175	0.7545454545454545	0.8937434957395444	ENSMUSG00000030498;ENSMUSG00000021638;ENSMUSG00000023927;ENSMUSG00000024590;ENSMUSG00000044393;ENSMUSG00000054889;ENSMUSG00000018411;ENSMUSG00000030516;ENSMUSG00000022565;ENSMUSG00000026879;ENSMUSG00000028063;ENSMUSG00000026728;ENSMUSG00000026413	True	True	0.6666666666666666	6	0.0			-0.028746335573245616	0.10310864073391807		0.037181152580336226	-0.028746335573245616	0.10310864073391807	0.6381578947368421	False	False	-0.028783095295459728	-0.01886473882144138	True	0.6554103590247683	Apoptotic Cleavage Of Cellular Proteins	False	True	True	True	False	True	4	method-supported, model-sensitive
kidney	R-MMU-6806834_SIGNALING_BY_MET	0.03240550553711112	6	5	1	0.03240550553711112	6	5	1	0.003723374505914291	6.0	4.0	2.0	0.003723374505914291	6.0	4.0	2.0	1.2462969183692112	0.16826411075612355	0.7319266885648564	ENSMUSG00000015533;ENSMUSG00000004098;ENSMUSG00000026837;ENSMUSG00000026193;ENSMUSG00000001507	True	True	0.8333333333333334	6	0.0			0.0324055055371111	0.01967954946637432	0.06621620758777774	0.0324055055371111	0.01967954946637432	0.06621620758777774	0.6710526315789473	True	True	0.02323304615381458	-0.019042163755193468	False	0.8196154576169075	Signaling By Met	False	True	True	True	True	False	4	method-supported, model-sensitive
kidney	R-MMU-5173105_O_LINKED_GLYCOSYLATION	0.03891076535087704	6	4	2	0.03891076535087704	6	4	2	0.004677627511679427	6.0	6.0	0.0	0.004677627511679427	6.0	6.0	0.0	1.443691629228291	0.02434077079107505	0.32391152256252276	ENSMUSG00000038156;ENSMUSG00000023885;ENSMUSG00000036040;ENSMUSG00000034040;ENSMUSG00000006403;ENSMUSG00000066113;ENSMUSG00000022894;ENSMUSG00000036545;ENSMUSG00000042784;ENSMUSG00000047497;ENSMUSG00000032625;ENSMUSG00000013846;ENSMUSG00000024299;ENSMUSG00000030022;ENSMUSG00000022893;ENSMUSG00000035638;ENSMUSG00000015850;ENSMUSG00000033453;ENSMUSG00000049538	True	True	0.6666666666666666	6	0.0			0.03891076535087704	-0.009245720034400566	0.03187898879239765	0.03187898879239765	-0.009245720034400566	0.03891076535087704	0.7532894736842105	True	False	0.05982220231762916	0.043553165209188484	True	0.728043494252195	O Linked Glycosylation	False	True	True	True	False	True	4	method-supported, model-sensitive
kidney	R-MMU-2173789_TGF_BETA_RECEPTOR_SIGNALING_ACTIVATES_SMADS	0.03867551891938594	6	5	1	0.03867551891938594	6	5	1	0.004497516831973924	6.0	4.0	2.0	0.004497516831973924	6.0	4.0	2.0	1.3463606220966995	0.09829059829059829	0.5470486667562733	ENSMUSG00000027204;ENSMUSG00000040488;ENSMUSG00000021253;ENSMUSG00000020689;ENSMUSG00000039239;ENSMUSG00000002603;ENSMUSG00000002020;ENSMUSG00000029287;ENSMUSG00000001870;ENSMUSG00000026971;ENSMUSG00000024940;ENSMUSG00000032440	True	True	0.8333333333333334	6	0.0			0.038675518919385914	-0.0010874781999590502	0.026038948355263186	0.026038948355263186	-0.0010874781999590502	0.038675518919385914	0.75	True	False	0.047144787230113984	0.015215719323191466	True	0.3227444690528234	Tgf Beta Receptor Signaling Activates Smads	False	True	True	True	False	True	4	method-supported, model-sensitive
kidney	R-MMU-3000171_NON_INTEGRIN_MEMBRANE_ECM_INTERACTIONS	0.040328440498538086	6	4	2	0.040328440498538086	6	4	2	0.006599510531659059	6.0	5.0	1.0	0.006599510531659059	6.0	5.0	1.0	1.5591873091553021	0.005192107995846314	0.18588317479097896	ENSMUSG00000015533;ENSMUSG00000004098;ENSMUSG00000035783;ENSMUSG00000031503;ENSMUSG00000031502;ENSMUSG00000026837;ENSMUSG00000026193;ENSMUSG00000020689;ENSMUSG00000002603;ENSMUSG00000025743;ENSMUSG00000020592;ENSMUSG00000059430;ENSMUSG00000020758;ENSMUSG00000026674;ENSMUSG00000045103;ENSMUSG00000039952;ENSMUSG00000027111	True	True	0.6666666666666666	6	0.0			0.040328440498538086	-0.00232028876141815	0.020909756705409316	0.020909756705409316	-0.00232028876141815	0.040328440498538086	0.7763157894736842	True	False	0.05661002842325227	0.02471506468950654	True	0.4365845659839831	Non Integrin Membrane Ecm Interactions	False	True	True	True	False	True	4	method-supported, model-sensitive
kidney	R-MMU-983231_FACTORS_INVOLVED_IN_MEGAKARYOCYTE_DEVELOPMENT_AND_PLATELET_PRODUCTION	0.03594748595175442	6	4	2	0.03594748595175442	6	4	2	0.001439686039540751	6.0	4.0	2.0	0.001439686039540751	6.0	4.0	2.0	1.0726867686928214	0.37098445595854923	1.0	ENSMUSG00000024065;ENSMUSG00000074364;ENSMUSG00000032198;ENSMUSG00000042622;ENSMUSG00000014602;ENSMUSG00000058672;ENSMUSG00000045136;ENSMUSG00000021294;ENSMUSG00000001473;ENSMUSG00000002997;ENSMUSG00000072235;ENSMUSG00000038608;ENSMUSG00000023004;ENSMUSG00000101355;ENSMUSG00000069267;ENSMUSG00000062380;ENSMUSG00000101972;ENSMUSG00000032254;ENSMUSG00000041642;ENSMUSG00000045328	True	True	0.6666666666666666	6	0.16666666666666666	0.0	1.0	0.03594748595175438	0.019976755862573	-0.02581754021491227	0.019976755862573	-0.02581754021491227	0.03594748595175438	0.7138157894736842	True	False	0.0579370294756839	0.03169414875465699	True	0.5470447663865643	Factors Involved In Megakaryocyte Development And Platelet Production	False	True	True	True	False	True	4	method-supported, model-sensitive
kidney	R-MMU-449147_SIGNALING_BY_INTERLEUKINS	0.01930426932748545	6	5	1	0.01930426932748545	6	5	1	0.001057729950553592	6.0	4.0	2.0	0.001057729950553592	6.0	4.0	2.0	1.0877325075555755	0.34236947791164657	1.0	ENSMUSG00000021250;ENSMUSG00000027947;ENSMUSG00000005364;ENSMUSG00000030107;ENSMUSG00000022146;ENSMUSG00000021025;ENSMUSG00000014599;ENSMUSG00000007888;ENSMUSG00000020592;ENSMUSG00000026072;ENSMUSG00000052684;ENSMUSG00000024810;ENSMUSG00000053113;ENSMUSG00000021457;ENSMUSG00000101355;ENSMUSG00000041417;ENSMUSG00000026288;ENSMUSG00000034394;ENSMUSG00000038894;ENSMUSG00000069267;ENSMUSG00000030748;ENSMUSG00000023809;ENSMUSG00000025225;ENSMUSG00000101972;ENSMUSG00000004040	True	True	0.8333333333333334	6	0.0			0.019304269327485416	-0.10062579879093565	0.043110174137427015	0.019304269327485416	-0.10062579879093565	0.043110174137427015	0.5427631578947368	True	False	0.011967140463525804	0.0036827008732999295	True	0.3077344069390925	Signaling By Interleukins	False	True	True	True	False	True	4	method-supported, model-sensitive
kidney	R-MMU-109582_HEMOSTASIS	0.017399937149122913	6	4	2	0.017399937149122913	6	4	2	0.003114956645174076	6.0	6.0	0.0	0.003114956645174076	6.0	6.0	0.0	1.2430295682361159	0.023	0.7351273072719591	ENSMUSG00000033860;ENSMUSG00000028001;ENSMUSG00000022868;ENSMUSG00000032083;ENSMUSG00000031538;ENSMUSG00000033831;ENSMUSG00000048376;ENSMUSG00000021922;ENSMUSG00000020788;ENSMUSG00000021091;ENSMUSG00000061780;ENSMUSG00000024065;ENSMUSG00000028108;ENSMUSG00000005611;ENSMUSG00000074364;ENSMUSG00000058571;ENSMUSG00000041329;ENSMUSG00000031328;ENSMUSG00000026193;ENSMUSG00000029661;ENSMUSG00000033174;ENSMUSG00000000049;ENSMUSG00000074743;ENSMUSG00000023224;ENSMUSG00000021253;ENSMUSG00000032198;ENSMUSG00000026249;ENSMUSG00000020689;ENSMUSG00000039239;ENSMUSG00000001507;ENSMUSG00000042622;ENSMUSG00000002603;ENSMUSG00000032946;ENSMUSG00000041959;ENSMUSG00000110195;ENSMUSG00000014602;ENSMUSG00000033880;ENSMUSG00000025784;ENSMUSG00000025743;ENSMUSG00000042644;ENSMUSG00000054364;ENSMUSG00000079015;ENSMUSG00000058672;ENSMUSG00000038224;ENSMUSG00000032231;ENSMUSG00000018593;ENSMUSG00000053062;ENSMUSG00000039196;ENSMUSG00000020592;ENSMUSG00000037419;ENSMUSG00000032849;ENSMUSG00000020717;ENSMUSG00000000555;ENSMUSG00000046223;ENSMUSG00000018909;ENSMUSG00000045136;ENSMUSG00000021294;ENSMUSG00000034220;ENSMUSG00000026547;ENSMUSG00000031380;ENSMUSG00000001473;ENSMUSG00000002997;ENSMUSG00000072235;ENSMUSG00000022180;ENSMUSG00000027611;ENSMUSG00000059481;ENSMUSG00000032902;ENSMUSG00000038608;ENSMUSG00000048583;ENSMUSG00000015143;ENSMUSG00000037206;ENSMUSG00000029368;ENSMUSG00000029372;ENSMUSG00000009281;ENSMUSG00000023004;ENSMUSG00000027111;ENSMUSG00000021457;ENSMUSG00000101355;ENSMUSG00000039109;ENSMUSG00000041417;ENSMUSG00000024697;ENSMUSG00000026288;ENSMUSG00000037411;ENSMUSG00000056220;ENSMUSG00000028583;ENSMUSG00000001946;ENSMUSG00000021822;ENSMUSG00000020120;ENSMUSG00000069267;ENSMUSG00000027249	True	True	0.6666666666666666	6	0.0			0.0173999371491229	0.014186569605263303	-0.03684722251461997	0.014186569605263303	-0.03684722251461997	0.0173999371491229	0.5361842105263158	True	False	0.035597029179331316	0.04247451251782435	True	1.1932038570928358	Hemostasis	False	True	True	True	False	True	4	method-supported, model-sensitive
kidney	R-MMU-2559583_CELLULAR_SENESCENCE	0.01270636796783627	6	3	3	0.01270636796783627	6	3	3	0.003525789938622806	6.0	4.0	2.0	0.003525789938622806	6.0	4.0	2.0	1.1690722131068703	0.2069672131147541	0.8485146946682989	ENSMUSG00000021250;ENSMUSG00000023067;ENSMUSG00000056501;ENSMUSG00000062727;ENSMUSG00000073802;ENSMUSG00000032035;ENSMUSG00000042745;ENSMUSG00000046711;ENSMUSG00000061991;ENSMUSG00000052684;ENSMUSG00000051627;ENSMUSG00000071516;ENSMUSG00000069302;ENSMUSG00000060981;ENSMUSG00000094338;ENSMUSG00000052565;ENSMUSG00000061615;ENSMUSG00000018476;ENSMUSG00000023809;ENSMUSG00000069301	True	True	0.3333333333333333	6	0.0			0.012706367967836266	0.008716916931286666	0.02159019986842105	0.012706367967836266	0.008716916931286666	0.02159019986842105	0.4868421052631579	True	True	0.005435227317629189	0.003258614152258933	True	0.5995359461212597	Cellular Senescence	False	True	True	False	True	True	4	sensitivity-dependent
kidney	R-MMU-9958825_ACTIVATION_OF_STAT3_BY_CADHERIN_ENGAGEMENT	0.0005847775624385964	6	4	2	0.0005847775624385964	6	4	2	0.005711630557879312	6.0	5.0	1.0	0.005711630557879312	6.0	5.0	1.0	1.1859958968849076	0.22988505747126436	0.7991427489555504	ENSMUSG00000035783;ENSMUSG00000027947;ENSMUSG00000031673	True	True	0.3333333333333333	6	0.0			0.0005847775624385834	0.0058376633934023	0.06091431510350868	0.0058376633934023	0.0005847775624385834	0.06091431510350868	0.07894736842105263	True	True	0.0014289962716983282	0.0006587623774850972	True	0.46099656838304676	Activation Of Stat3 By Cadherin Engagement	False	True	True	False	True	True	4	sensitivity-dependent
kidney	R-MMU-9818564_EPIGENETIC_REGULATION_OF_GENE_EXPRESSION_BY_MLL3_AND_MLL4_COMPLEXES	0.0034197857880116944	6	4	2	0.0034197857880116944	6	4	2	0.00019297513946577027	6.0	3.0	3.0	0.00019297513946577027	6.0	3.0	3.0	0.8896072279467089	0.6931818181818182	1.0	ENSMUSG00000030680;ENSMUSG00000062727;ENSMUSG00000061991;ENSMUSG00000101355;ENSMUSG00000048154;ENSMUSG00000071516;ENSMUSG00000069302;ENSMUSG00000069267;ENSMUSG00000060981;ENSMUSG00000094338;ENSMUSG00000061615;ENSMUSG00000069301;ENSMUSG00000101972	True	True	0.6666666666666666	6	0.0			0.0034197857880116666	0.00186909578404675	0.006913684000292371	0.0034197857880116666	0.00186909578404675	0.006913684000292371	0.3519736842105263	True	True	0.0034954423561930096	-0.003748324083262742	False	1.0723461299888675	Epigenetic Regulation Of Gene Expression By Mll3 And Mll4 Complexes	False	True	True	True	True	False	4	method-supported, model-sensitive
kidney	R-MMU-9013404_RAC2_GTPASE_CYCLE	0.0017880674631783626	6	5	1	0.0017880674631783626	6	5	1	0.0007970948303565195	6.0	4.0	2.0	0.0007970948303565195	6.0	4.0	2.0	1.1390795967782148	0.3070452155625657	0.9497348733033698	ENSMUSG00000032135;ENSMUSG00000006445;ENSMUSG00000039621;ENSMUSG00000025366;ENSMUSG00000041598;ENSMUSG00000049521;ENSMUSG00000038608;ENSMUSG00000041417	True	True	0.8333333333333334	6	0.0			0.0017880674631783333	0.0024361149260657615	-0.0039133458230409006	0.0017880674631783333	-0.0039133458230409006	0.0024361149260657615	0.2236842105263158	True	False	0.0025827529249962005	0.002227987955238493	True	0.8626407635340383	Rac2 Gtpase Cycle	False	True	True	True	False	True	4	method-supported, model-sensitive
kidney	R-MMU-416482_G_ALPHA_12_13_SIGNALLING_EVENTS	0.0011730436076143281	6	5	1	0.0011730436076143281	6	5	1	-0.001344924991498293	6.0	4.0	2.0	-0.001344924991498293	6.0	4.0	2.0	0.8229440674335871	0.7626752966558792	1.0	ENSMUSG00000037552;ENSMUSG00000039621;ENSMUSG00000054364;ENSMUSG00000040964;ENSMUSG00000032875;ENSMUSG00000019467;ENSMUSG00000021895;ENSMUSG00000037946;ENSMUSG00000002233;ENSMUSG00000020580;ENSMUSG00000028919	False	True	0.8333333333333334	6	0.0			0.0011730436076143166	0.0009544952202923999	0.001487621819845017	0.0011730436076143166	0.0009544952202923999	0.001487621819845017	0.14802631578947367	True	True	0.0007423133690022796	0.000824729404186288	True	1.1110259340940893	G Alpha 12 13 Signalling Events	False	False	True	True	True	True	4	internally robust, incomplete conventional support
kidney	R-MMU-9009391_EXTRA_NUCLEAR_ESTROGEN_SIGNALING	0.022567115587426977	6	5	1	0.022567115587426977	6	5	1	-0.001545701203838756	6.0	2.0	4.0	-0.001545701203838756	6.0	2.0	4.0	0.639418236916958	0.9174503657262278	1.0	ENSMUSG00000067586;ENSMUSG00000031740;ENSMUSG00000024486;ENSMUSG00000004951;ENSMUSG00000041417;ENSMUSG00000061878;ENSMUSG00000043613;ENSMUSG00000048756;ENSMUSG00000028698;ENSMUSG00000018623	False	True	0.8333333333333334	6	0.0			0.022567115587426967	0.00029265107070949983	0.0007682572710745334	0.0007682572710745334	0.00029265107070949983	0.022567115587426967	0.5789473684210527	True	True	0.022028646416413382	0.011128037124374919	True	0.5051620927595215	Extra Nuclear Estrogen Signaling	False	False	True	True	True	True	4	internally robust, incomplete conventional support
kidney	R-MMU-9013408_RHOG_GTPASE_CYCLE	0.0007365917868362575	6	5	1	0.0007365917868362575	6	5	1	0.0020038808361577676	6.0	4.0	2.0	0.0020038808361577676	6.0	4.0	2.0	1.0454161445785446	0.44983818770226536	1.0	ENSMUSG00000032135;ENSMUSG00000006445;ENSMUSG00000039621;ENSMUSG00000025366;ENSMUSG00000049521;ENSMUSG00000025403;ENSMUSG00000030220;ENSMUSG00000041417	True	True	0.8333333333333334	6	0.0			0.0007365917868362333	0.00022333659016224997	-0.021957164396900583	0.00022333659016224997	-0.021957164396900583	0.0007365917868362333	0.1118421052631579	True	False	8.300696577507558e-05	0.00047403648205855936	True	5.710803637167736	Rhog Gtpase Cycle	False	True	True	True	False	True	4	method-supported, model-sensitive
kidney	R-MMU-3214858_RMTS_METHYLATE_HISTONE_ARGININES	-0.002766553226562866	6	1	5	-0.0027665532265628654	6	1	5	-0.005260717866532659	6.0	3.0	3.0	-0.005260717866532659	6.0	3.0	3.0	-0.9069964675937525	0.6	0.7638191703506364	ENSMUSG00000070348;ENSMUSG00000093769;ENSMUSG00000081058;ENSMUSG00000064220;ENSMUSG00000064288;ENSMUSG00000071478;ENSMUSG00000094248;ENSMUSG00000063954;ENSMUSG00000069272;ENSMUSG00000069305;ENSMUSG00000074403;ENSMUSG00000069306;ENSMUSG00000069266;ENSMUSG00000099517;ENSMUSG00000069309;ENSMUSG00000094777;ENSMUSG00000101972;ENSMUSG00000069301;ENSMUSG00000061615;ENSMUSG00000060981;ENSMUSG00000069267;ENSMUSG00000069302;ENSMUSG00000071516;ENSMUSG00000101355;ENSMUSG00000061991	True	True	0.8333333333333334	6	0.0			-0.00276655322656285	-0.00048083715803801656	0.003923374641681284	-0.00048083715803801656	-0.00276655322656285	0.003923374641681284	0.3223684210526316	True	False	-0.003386564836952888	-0.0014525898791454554	True	0.4289272313039324	Rmts Methylate Histone Arginines	False	True	True	True	False	True	4	method-supported, model-sensitive
kidney	R-MMU-3214842_HDMS_DEMETHYLATE_HISTONES	-0.002033933577944152	6	2	4	-0.002033933577944152	6	2	4	-0.00465749049764196	6.0	3.0	3.0	-0.00465749049764196	6.0	3.0	3.0	-1.027327327030292	0.3617021276595745	0.5907814269136833	ENSMUSG00000093769;ENSMUSG00000081058;ENSMUSG00000064288;ENSMUSG00000068457;ENSMUSG00000069305;ENSMUSG00000074403;ENSMUSG00000069306;ENSMUSG00000069266;ENSMUSG00000099517;ENSMUSG00000019947;ENSMUSG00000101972;ENSMUSG00000018476;ENSMUSG00000060981;ENSMUSG00000069267;ENSMUSG00000101355	True	True	0.6666666666666666	6	0.0			-0.002033933577944139			-0.002033933577944139	-0.002033933577944139	-0.002033933577944139	0.2532894736842105	False	False	-0.0019400469730096127	-0.0013283119361019906	True	0.6846802961896166	Hdms Demethylate Histones	False	True	True	True	False	True	4	method-supported, model-sensitive
kidney	R-MMU-72706_GTP_HYDROLYSIS_AND_JOINING_OF_THE_60S_RIBOSOMAL_SUBUNIT	-0.00297331293926462	6	2	4	-0.0029733129392646197	6	2	4	-0.008426580029232217	6.0	2.0	4.0	-0.008426580029232217	6.0	2.0	4.0	-2.070671213088975	0.0	0.0031320820500900693	ENSMUSG00000039001;ENSMUSG00000079641;ENSMUSG00000039221;ENSMUSG00000067288;ENSMUSG00000061477;ENSMUSG00000024608;ENSMUSG00000034892;ENSMUSG00000078193;ENSMUSG00000061983;ENSMUSG00000060377;ENSMUSG00000068240;ENSMUSG00000038900;ENSMUSG00000062997;ENSMUSG00000058443;ENSMUSG00000057322;ENSMUSG00000050621	True	True	0.6666666666666666	6	0.0			-0.0029733129392646	0.00789306185993419	-0.02714500543216372	-0.0029733129392646	-0.02714500543216372	0.00789306185993419	0.33223684210526316	True	False	-0.003054084102602583	-0.0008730543645860284	True	0.28586454572159364	Gtp Hydrolysis And Joining Of The 60S Ribosomal Subunit	False	True	True	True	False	True	4	method-supported, model-sensitive
kidney	R-MMU-2555396_MITOTIC_METAPHASE_AND_ANAPHASE	0.0017880699552631576	6	4	2	0.001788069955263158	6	4	2	0.0024809996102484397	6.0	3.0	3.0	0.0024809996102484397	6.0	3.0	3.0	0.9256063957720772	0.621196222455404	1.0	ENSMUSG00000058672;ENSMUSG00000045136;ENSMUSG00000001473;ENSMUSG00000024660;ENSMUSG00000072235;ENSMUSG00000029414;ENSMUSG00000023004;ENSMUSG00000028063;ENSMUSG00000062380;ENSMUSG00000029177;ENSMUSG00000045328	True	True	0.6666666666666666	6	0.0			0.0017880699552631503	-0.008567507319799684	-0.0032187441034970832	-0.0032187441034970832	-0.008567507319799684	0.0017880699552631503	0.22697368421052633	True	False	0.0019391599639703644	0.003591105849859582	True	1.8518873721520706	Mitotic Metaphase And Anaphase	False	True	True	True	False	True	4	method-supported, model-sensitive
kidney	R-MMU-73886_CHROMOSOME_MAINTENANCE	-0.0035961536006286474	6	1	5	-0.0035961536006286474	6	1	5	-0.0018851949204508889	6.0	3.0	3.0	-0.0018851949204508889	6.0	3.0	3.0	0.684855798366015	0.8893528183716075	1.0	ENSMUSG00000062727;ENSMUSG00000061991;ENSMUSG00000044783;ENSMUSG00000071516;ENSMUSG00000069302;ENSMUSG00000060981;ENSMUSG00000094338;ENSMUSG00000061615;ENSMUSG00000069301;ENSMUSG00000029177	True	False	0.6666666666666666	6	0.0			-0.003596153600628616	-0.0029774871116531997	-0.005805858743713449	-0.003596153600628616	-0.005805858743713449	-0.0029774871116531997	0.35526315789473684	True	True	-0.009809219148214289	-0.009328038259506784	True	0.9509460558035243	Chromosome Maintenance	False	True	False	True	True	True	4	internally robust, incomplete conventional support
kidney	R-MMU-69278_CELL_CYCLE_MITOTIC	-0.03655055850877198	6	2	4	-0.03655055850877198	6	2	4	-0.00022199859501743682	6.0	2.0	4.0	-0.00022199859501743682	6.0	2.0	4.0	0.8958739464380999	0.7291875626880642	1.0	ENSMUSG00000023067;ENSMUSG00000037664;ENSMUSG00000062727;ENSMUSG00000073802;ENSMUSG00000058672;ENSMUSG00000045136;ENSMUSG00000061991;ENSMUSG00000041859;ENSMUSG00000001473;ENSMUSG00000024660;ENSMUSG00000002997;ENSMUSG00000072235;ENSMUSG00000029414;ENSMUSG00000001525;ENSMUSG00000023004;ENSMUSG00000030091;ENSMUSG00000101355;ENSMUSG00000044783;ENSMUSG00000023764;ENSMUSG00000071516;ENSMUSG00000028063;ENSMUSG00000069302;ENSMUSG00000069267;ENSMUSG00000060981;ENSMUSG00000062380;ENSMUSG00000094338;ENSMUSG00000061615;ENSMUSG00000069301;ENSMUSG00000101972;ENSMUSG00000029177;ENSMUSG00000000184;ENSMUSG00000032254	True	False	0.6666666666666666	6	0.0			-0.036550558508771966	-0.0041063892690057675	-0.00485069940058465	-0.00485069940058465	-0.036550558508771966	-0.0041063892690057675	0.7269736842105263	True	True	-0.04699877549392099	-0.020022720278556793	True	0.42602642447879546	Cell Cycle Mitotic	False	True	False	True	True	True	4	internally robust, incomplete conventional support
kidney	R-MMU-74752_SIGNALING_BY_INSULIN_RECEPTOR	-0.0054011469801900575	6	0	6	-0.0054011469801900575	6	0	6	-0.002077919148294934	6.0	2.0	4.0	-0.002077919148294934	6.0	2.0	4.0	-1.0447296621607933	0.36470588235294116	0.5878394463512153	ENSMUSG00000058488;ENSMUSG00000006269;ENSMUSG00000026394;ENSMUSG00000036585;ENSMUSG00000005320;ENSMUSG00000032715;ENSMUSG00000028238;ENSMUSG00000054252;ENSMUSG00000033295;ENSMUSG00000001750;ENSMUSG00000038600;ENSMUSG00000020176;ENSMUSG00000038894;ENSMUSG00000041417	True	True	1.0	6	0.0			-0.00540114698019	0.006316714762719301	-0.04484752881988307	-0.00540114698019	-0.04484752881988307	0.006316714762719301	0.3980263157894737	True	False	-0.004680685809889816	-0.002419693471981851	True	0.516952765098927	Signaling By Insulin Receptor	False	True	True	True	False	True	4	method-supported, model-sensitive
kidney	R-MMU-983189_KINESINS	0.00136260369252924	6	4	2	0.00136260369252924	6	4	2	0.001210960052838365	6.0	3.0	3.0	0.001210960052838365	6.0	3.0	3.0	1.046480023897198	0.4261057173678533	1.0	ENSMUSG00000014602;ENSMUSG00000058672;ENSMUSG00000045136;ENSMUSG00000021294;ENSMUSG00000001473;ENSMUSG00000072235;ENSMUSG00000023004;ENSMUSG00000062380;ENSMUSG00000032254;ENSMUSG00000041642;ENSMUSG00000045328	True	True	0.6666666666666666	6	0.0			0.0013626036925292332		-0.028191852821637445	-0.013414624564554107	-0.028191852821637445	0.0013626036925292332	0.17434210526315788	False	False	0.000666007963977964	0.0023301180438039786	True	3.4986339050460282	Kinesins	False	True	True	True	False	True	4	method-supported, model-sensitive
kidney	R-MMU-8868773_RRNA_PROCESSING_IN_THE_NUCLEUS_AND_CYTOSOL	-0.033065362539327535	6	1	5	-0.033065362539327535	6	1	5	-0.006953786006695338	6.0	2.0	4.0	-0.006953786006695338	6.0	2.0	4.0	-1.2917234527031887	0.09473684210526316	0.2988216080325166	ENSMUSG00000039001;ENSMUSG00000079641;ENSMUSG00000039221;ENSMUSG00000067288;ENSMUSG00000061477;ENSMUSG00000024608;ENSMUSG00000034892;ENSMUSG00000078193;ENSMUSG00000061983	True	True	0.8333333333333334	6	0.0			-0.033065362539327486	-0.004054962804093566		-0.018560162671710526	-0.033065362539327486	-0.004054962804093566	0.6842105263157895	False	False	-0.05729075473898176	-0.05850534497916287	True	1.0212004580095833	Rrna Processing In The Nucleus And Cytosol	False	True	True	True	False	True	4	method-supported, model-sensitive
kidney	R-MMU-3247509_CHROMATIN_MODIFYING_ENZYMES	-0.05726937486403507	6	3	3	-0.05726937486403507	6	3	3	-0.003554567273280822	6.0	3.0	3.0	-0.003554567273280822	6.0	3.0	3.0	-0.79142359219972	0.9047619047619048	0.8752112912494109	ENSMUSG00000069303;ENSMUSG00000070348;ENSMUSG00000093769;ENSMUSG00000031609;ENSMUSG00000018102;ENSMUSG00000081058;ENSMUSG00000064220;ENSMUSG00000064288;ENSMUSG00000068457;ENSMUSG00000095217;ENSMUSG00000027684;ENSMUSG00000071478;ENSMUSG00000094248;ENSMUSG00000069308;ENSMUSG00000063954;ENSMUSG00000069272;ENSMUSG00000069305;ENSMUSG00000074403;ENSMUSG00000069306;ENSMUSG00000002028;ENSMUSG00000034160;ENSMUSG00000069266;ENSMUSG00000058385;ENSMUSG00000099517;ENSMUSG00000039410;ENSMUSG00000019947;ENSMUSG00000069309;ENSMUSG00000028927;ENSMUSG00000069300;ENSMUSG00000114279;ENSMUSG00000094777;ENSMUSG00000101972;ENSMUSG00000069301;ENSMUSG00000025225;ENSMUSG00000018476;ENSMUSG00000061615;ENSMUSG00000094338;ENSMUSG00000060981;ENSMUSG00000069267;ENSMUSG00000069302;ENSMUSG00000071516;ENSMUSG00000048154;ENSMUSG00000101355	True	True	0.5	6	0.3333333333333333	0.0	2.0	-0.05726937486403508	-0.005599227934210536	-0.031063012509605203	-0.031063012509605203	-0.05726937486403508	-0.005599227934210536	0.8585526315789473	True	True	-0.062225459816869264	-0.10469408410429151	True	1.6824959496066116	Chromatin Modifying Enzymes	False	True	True	False	True	True	4	sensitivity-dependent
kidney	R-MMU-73894_DNA_REPAIR	-0.032472154429824505	6	1	5	-0.032472154429824505	6	1	5	-0.001732427445703071	6.0	2.0	4.0	-0.001732427445703071	6.0	2.0	4.0	0.586228232388377	0.9702258726899384	1.0	ENSMUSG00000062727;ENSMUSG00000027078;ENSMUSG00000032596;ENSMUSG00000061991;ENSMUSG00000071516;ENSMUSG00000069302;ENSMUSG00000060981;ENSMUSG00000094338;ENSMUSG00000061615;ENSMUSG00000035692;ENSMUSG00000069301;ENSMUSG00000010461	True	False	0.8333333333333334	6	0.0			-0.032472154429824464	-0.039736832324561495	-0.028854273538011635	-0.032472154429824464	-0.039736832324561495	-0.028854273538011635	0.6743421052631579	True	True	-0.040126692325227954	-0.03065423216813719	True	0.7639361829199325	Dna Repair	False	True	False	True	True	True	4	internally robust, incomplete conventional support
kidney	R-MMU-388841_REGULATION_OF_T_CELL_ACTIVATION_BY_CD28_FAMILY	-0.004135093429137431	6	0	6	-0.004135093429137431	6	0	6	-0.005913297885294748	6.0	1.0	5.0	-0.005913297885294748	6.0	1.0	5.0	-0.8781109984200329	0.7368421052631579	0.7855206223629438	ENSMUSG00000069303;ENSMUSG00000070348;ENSMUSG00000093769;ENSMUSG00000036594;ENSMUSG00000060586;ENSMUSG00000073421;ENSMUSG00000032093;ENSMUSG00000018102;ENSMUSG00000081058;ENSMUSG00000028518;ENSMUSG00000064220;ENSMUSG00000064288;ENSMUSG00000016496;ENSMUSG00000005763;ENSMUSG00000026011;ENSMUSG00000095217;ENSMUSG00000068240;ENSMUSG00000071478;ENSMUSG00000094248;ENSMUSG00000006542;ENSMUSG00000069308;ENSMUSG00000063954;ENSMUSG00000069272;ENSMUSG00000069305;ENSMUSG00000074403;ENSMUSG00000069306;ENSMUSG00000069266;ENSMUSG00000032715;ENSMUSG00000058385;ENSMUSG00000099517;ENSMUSG00000069309;ENSMUSG00000069300;ENSMUSG00000019843;ENSMUSG00000028698;ENSMUSG00000094777;ENSMUSG00000101972;ENSMUSG00000069301;ENSMUSG00000061615;ENSMUSG00000094338;ENSMUSG00000060981;ENSMUSG00000069267;ENSMUSG00000031284;ENSMUSG00000069302;ENSMUSG00000071516;ENSMUSG00000041417;ENSMUSG00000101355	True	True	1.0	6	0.0			-0.004135093429137384	-0.09737382336301166	-0.042298630661549735	-0.042298630661549735	-0.09737382336301166	-0.004135093429137384	0.3782894736842105	True	True	-0.003966666403039513	-0.000560025234698795	True	0.14118284166010733	Regulation Of T Cell Activation By Cd28 Family	False	True	True	True	True	False	4	method-supported, model-sensitive
kidney	R-MMU-2132295_MHC_CLASS_II_ANTIGEN_PRESENTATION	-0.014556703737134505	6	3	3	-0.014556703737134505	6	3	3	-0.005713671100672529	6.0	1.0	5.0	-0.005713671100672529	6.0	1.0	5.0	-0.8821491646286255	0.6764705882352942	0.7982538206752281	ENSMUSG00000041538;ENSMUSG00000037649;ENSMUSG00000036594;ENSMUSG00000060586;ENSMUSG00000073421;ENSMUSG00000079547;ENSMUSG00000024610;ENSMUSG00000038642	True	True	0.3333333333333333	6	0.0			-0.014556703737134519	-0.11716305020175437	-0.04888423933266082	-0.04888423933266082	-0.11716305020175437	-0.014556703737134519	0.506578947368421	True	True	-0.013708410122568406	-0.058481193034797645	True	4.266081369897082	Mhc Class Ii Antigen Presentation	False	True	True	False	True	True	4	sensitivity-dependent
kidney	R-MMU-446203_ASPARAGINE_N_LINKED_GLYCOSYLATION	-0.05063507780701759	6	1	5	-0.05063507780701759	6	1	5	-0.004358334343643339	6.0	2.0	4.0	-0.004358334343643339	6.0	2.0	4.0	0.7897120471692581	0.7965056526207606	1.0	ENSMUSG00000056091;ENSMUSG00000013846;ENSMUSG00000079015;ENSMUSG00000058672;ENSMUSG00000037306;ENSMUSG00000045136;ENSMUSG00000001473;ENSMUSG00000072235;ENSMUSG00000025789;ENSMUSG00000023004;ENSMUSG00000025650;ENSMUSG00000062380;ENSMUSG00000026110;ENSMUSG00000001827;ENSMUSG00000006517	True	False	0.8333333333333334	6	0.0			-0.050635077807017544	-0.030703432732456185	-0.050293977467836266	-0.050293977467836266	-0.050635077807017544	-0.030703432732456185	0.8289473684210527	True	True	-0.0676474489741641	-0.04098061191147671	True	0.6057968560961998	Asparagine N Linked Glycosylation	False	True	False	True	True	True	4	internally robust, incomplete conventional support
kidney	R-MMU-9006925_INTRACELLULAR_SIGNALING_BY_SECOND_MESSENGERS	-0.05171783390935666	6	1	5	-0.05171783390935666	6	1	5	-0.0006878226014356605	6.0	3.0	3.0	-0.0006878226014356605	6.0	3.0	3.0	1.120880232610745	0.3012170385395537	0.9317155806393401	ENSMUSG00000023034;ENSMUSG00000023067;ENSMUSG00000024620;ENSMUSG00000055254;ENSMUSG00000029231	True	False	0.8333333333333334	6	0.0			-0.051717833909356636	-0.002836270266154982	-0.058379354558479486	-0.051717833909356636	-0.058379354558479486	-0.002836270266154982	0.8322368421052632	True	True	-0.054410033575227966	-0.026086047186700073	True	0.47943449898139084	Intracellular Signaling By Second Messengers	False	True	False	True	True	True	4	internally robust, incomplete conventional support
kidney	R-MMU-983712_ION_CHANNEL_TRANSPORT	-0.0606426038157896	6	2	4	-0.0606426038157896	6	2	4	-0.0029334270822548025	6.0	2.0	4.0	-0.0029334270822548025	6.0	2.0	4.0	0.719383503564911	0.9009100101112234	1.0	ENSMUSG00000020788;ENSMUSG00000041329;ENSMUSG00000007097;ENSMUSG00000031075;ENSMUSG00000022229;ENSMUSG00000074968;ENSMUSG00000040907;ENSMUSG00000034714	True	False	0.6666666666666666	6	0.16666666666666666	0.0	1.0	-0.060642603815789585	-0.08187225116959031	-0.030775557324561383	-0.060642603815789585	-0.08187225116959031	-0.030775557324561383	0.8782894736842105	True	True	-0.0769082866641338	-0.052069016887499125	True	0.6770273938735594	Ion Channel Transport	False	True	False	True	True	True	4	internally robust, incomplete conventional support
kidney	R-MMU-156588_GLUCURONIDATION	-0.058555610736549746	6	1	5	-0.058555610736549746	6	1	5	-0.0030389755371197486	6.0	1.0	5.0	-0.0030389755371197486	6.0	1.0	5.0	-1.1840126685464232	0.21649484536082475	0.46926995564336493	ENSMUSG00000089943;ENSMUSG00000061906;ENSMUSG00000054630;ENSMUSG00000049152;ENSMUSG00000029260;ENSMUSG00000090124	True	True	0.8333333333333334	6	0.16666666666666666	1.0	1.0	-0.058555610736549746	-0.08580101974473674	-0.08114765440614034	-0.08114765440614034	-0.08580101974473674	-0.058555610736549746	0.8618421052631579	True	True	-0.053158568269756824	-0.0033563598513042395	True	0.06313864275411181	Glucuronidation	False	True	True	True	True	False	4	method-supported, model-sensitive
kidney	R-MMU-425407_SLC_MEDIATED_TRANSMEMBRANE_TRANSPORT	-0.06600251175438565	6	1	5	-0.06600251175438565	6	1	5	-0.0007507059530588814	6.0	3.0	3.0	-0.0007507059530588814	6.0	3.0	3.0	0.8229434797914664	0.8597194388777555	1.0	ENSMUSG00000030109;ENSMUSG00000032548;ENSMUSG00000042371;ENSMUSG00000010064;ENSMUSG00000030737;ENSMUSG00000024552;ENSMUSG00000063873;ENSMUSG00000026435;ENSMUSG00000003617;ENSMUSG00000020264;ENSMUSG00000031808;ENSMUSG00000038963;ENSMUSG00000017765;ENSMUSG00000029321;ENSMUSG00000022180;ENSMUSG00000032902;ENSMUSG00000061742;ENSMUSG00000025792;ENSMUSG00000024485;ENSMUSG00000023942;ENSMUSG00000030108;ENSMUSG00000011034;ENSMUSG00000024737;ENSMUSG00000041313;ENSMUSG00000059336;ENSMUSG00000025993;ENSMUSG00000024650;ENSMUSG00000027690;ENSMUSG00000025726;ENSMUSG00000030769;ENSMUSG00000001918	True	False	0.8333333333333334	6	0.5	0.6666666666666666	3.0	-0.06600251175438564	-0.13706834083333239	-0.08312778410818714	-0.08312778410818714	-0.13706834083333239	-0.06600251175438564	0.8980263157894737	True	True	-0.08900179361702126	-0.04086123934546337	True	0.4591057964662052	Slc Mediated Transmembrane Transport	False	True	False	True	True	True	4	internally robust, incomplete conventional support
kidney	R-MMU-8957322_METABOLISM_OF_STEROIDS	-0.03408138054678367	6	2	4	-0.03408138054678367	6	2	4	-0.003557471178057478	6.0	2.0	4.0	-0.003557471178057478	6.0	2.0	4.0	0.5377968132062058	0.9868554095045501	1.0	ENSMUSG00000001642;ENSMUSG00000038567;ENSMUSG00000029762;ENSMUSG00000059743;ENSMUSG00000052131;ENSMUSG00000060807;ENSMUSG00000095143;ENSMUSG00000029368;ENSMUSG00000021214;ENSMUSG00000031844;ENSMUSG00000026170;ENSMUSG00000020865;ENSMUSG00000034926;ENSMUSG00000042289;ENSMUSG00000035540;ENSMUSG00000022479;ENSMUSG00000021751;ENSMUSG00000016194;ENSMUSG00000047638;ENSMUSG00000006517	True	False	0.6666666666666666	6	0.0			-0.03408138054678365	-0.16495777886257287	-0.1511750436988306	-0.1511750436988306	-0.16495777886257287	-0.03408138054678365	0.6973684210526315	True	True	-0.06259653431610943	-0.02249185863701064	True	0.3593147589198446	Metabolism Of Steroids	False	True	False	True	True	True	4	internally robust, incomplete conventional support
kidney	R-MMU-9006931_SIGNALING_BY_NUCLEAR_RECEPTORS	0.06523967804093585	6	6	0	0.06523967804093585	6	6	0	-0.00013965870490293138	6.0	4.0	2.0	-0.00013965870490293143	6.0	4.0	2.0	0.8244868588981492	0.8356713426853707	1.0	ENSMUSG00000063415;ENSMUSG00000067586;ENSMUSG00000053279;ENSMUSG00000062727;ENSMUSG00000015134;ENSMUSG00000017491;ENSMUSG00000019577;ENSMUSG00000031740;ENSMUSG00000024222;ENSMUSG00000066026;ENSMUSG00000013584;ENSMUSG00000024486;ENSMUSG00000004951;ENSMUSG00000036523;ENSMUSG00000021214;ENSMUSG00000101355;ENSMUSG00000041417;ENSMUSG00000069267;ENSMUSG00000060981;ENSMUSG00000051159;ENSMUSG00000094338;ENSMUSG00000027533;ENSMUSG00000035451;ENSMUSG00000074207;ENSMUSG00000004885;ENSMUSG00000101972;ENSMUSG00000061878;ENSMUSG00000043613	False	True	1.0	6	0.16666666666666666	1.0	1.0	0.06523967804093579	0.08422176279239753	0.08347993513157881	0.08347993513157881	0.06523967804093579	0.08422176279239753	0.8947368421052632	True	True	0.0637671244680851	0.002915944260934994	True	0.04572801871275219	Signaling By Nuclear Receptors	False	False	True	True	True	False	3	sensitivity-dependent
kidney	R-MMU-9675108_NERVOUS_SYSTEM_DEVELOPMENT	0.0600794463246345	6	5	1	0.0600794463246345	6	5	1	0.0009579802632535533	6.0	3.0	3.0	0.0009579802632535533	6.0	3.0	3.0	1.1960279232888855	0.11623246492985972	0.7956049243277571	ENSMUSG00000004098;ENSMUSG00000031503;ENSMUSG00000031502;ENSMUSG00000026837;ENSMUSG00000039115;ENSMUSG00000006445;ENSMUSG00000001119;ENSMUSG00000020241;ENSMUSG00000030110;ENSMUSG00000031217;ENSMUSG00000020689;ENSMUSG00000021493;ENSMUSG00000031740;ENSMUSG00000022048;ENSMUSG00000054364;ENSMUSG00000058672;ENSMUSG00000038264;ENSMUSG00000022623;ENSMUSG00000048126;ENSMUSG00000000555;ENSMUSG00000045136;ENSMUSG00000034220;ENSMUSG00000056427;ENSMUSG00000001473;ENSMUSG00000063531;ENSMUSG00000030123;ENSMUSG00000029622;ENSMUSG00000072235;ENSMUSG00000024501;ENSMUSG00000025789;ENSMUSG00000039952;ENSMUSG00000023004;ENSMUSG00000041417;ENSMUSG00000025810;ENSMUSG00000038894;ENSMUSG00000001300;ENSMUSG00000031284;ENSMUSG00000062380;ENSMUSG00000039116;ENSMUSG00000020176	True	True	0.8333333333333334	6	0.0			0.06007944632463447	0.052984776973684054	-0.003761928201754481	0.052984776973684054	-0.003761928201754481	0.06007944632463447	0.875	True	False	0.06881894260106382	0.013678328501737695	True	0.1987581904742351	Nervous System Development	False	True	True	True	False	False	3	method-supported, model-sensitive
kidney	R-MMU-199991_MEMBRANE_TRAFFICKING	0.045078639371344854	6	5	1	0.045078639371344854	6	5	1	-0.001997607557972979	6.0	3.0	3.0	-0.001997607557972979	6.0	3.0	3.0	0.8836330037483623	0.731	1.0	ENSMUSG00000033855;ENSMUSG00000039959;ENSMUSG00000014602;ENSMUSG00000079015;ENSMUSG00000058672;ENSMUSG00000046623;ENSMUSG00000018909;ENSMUSG00000045136;ENSMUSG00000021294;ENSMUSG00000001473;ENSMUSG00000072235;ENSMUSG00000057123;ENSMUSG00000030055;ENSMUSG00000024486;ENSMUSG00000023004;ENSMUSG00000025650;ENSMUSG00000018001;ENSMUSG00000031390;ENSMUSG00000056220;ENSMUSG00000047797;ENSMUSG00000039976;ENSMUSG00000032193;ENSMUSG00000062380;ENSMUSG00000031098;ENSMUSG00000032254;ENSMUSG00000001827;ENSMUSG00000026825;ENSMUSG00000041642;ENSMUSG00000045328;ENSMUSG00000049115;ENSMUSG00000056515;ENSMUSG00000031024;ENSMUSG00000022797;ENSMUSG00000040265;ENSMUSG00000030516;ENSMUSG00000032554	False	True	0.8333333333333334	6	0.0			0.04507863937134482	0.08112111695906418	-0.0671209399415204	0.04507863937134482	-0.0671209399415204	0.08112111695906418	0.8026315789473685	True	False	0.05322264836626139	0.02647196681809362	True	0.49738161535897163	Membrane Trafficking	False	False	True	True	False	True	3	sensitivity-dependent
kidney	R-MMU-163685_INTEGRATION_OF_ENERGY_METABOLISM	0.020557937630116974	6	3	3	0.020557937630116974	6	3	3	-0.003124858277229081	6.0	2.0	4.0	-0.003124858277229081	6.0	2.0	4.0	0.7809676200636786	0.790722761596548	1.0	ENSMUSG00000051331;ENSMUSG00000042644;ENSMUSG00000002997;ENSMUSG00000024697;ENSMUSG00000069662;ENSMUSG00000027690	False	True	0.16666666666666666	6	0.0			0.02055793763011697	0.04683111407171045	0.04453566163245624	0.04453566163245624	0.02055793763011697	0.04683111407171045	0.5592105263157895	True	True	0.02005552909574468	0.055398462356118956	True	2.7622538448947345	Integration Of Energy Metabolism	False	False	True	False	True	True	3	sensitivity-dependent
kidney	R-MMU-917937_IRON_UPTAKE_AND_TRANSPORT	0.023812348449269004	6	4	2	0.023812348449269004	6	4	2	-0.0011271305627493372	6.0	2.0	4.0	-0.0011271305627493372	6.0	2.0	4.0	0.8821035086847199	0.6802197802197802	1.0	ENSMUSG00000026822;ENSMUSG00000003617;ENSMUSG00000012428;ENSMUSG00000025993;ENSMUSG00000038600;ENSMUSG00000022797;ENSMUSG00000032554;ENSMUSG00000001750;ENSMUSG00000022199	False	True	0.6666666666666666	6	0.0			0.02381234844926901		0.06010041582073098	0.041956382135	0.02381234844926901	0.06010041582073098	0.5921052631578947	False	False	0.017191048962765944	0.012947331346594622	True	0.7531437653768086	Iron Uptake And Transport	False	False	True	True	False	True	3	sensitivity-dependent
kidney	R-MMU-382556_ABC_FAMILY_PROTEIN_MEDIATED_TRANSPORT	0.029080127887426827	6	5	1	0.029080127887426827	6	5	1	-0.0013003473140918533	6.0	3.0	3.0	-0.0013003473140918533	6.0	3.0	3.0	0.8314747284890471	0.7276785714285714	1.0	ENSMUSG00000032083;ENSMUSG00000041797;ENSMUSG00000032849;ENSMUSG00000055782;ENSMUSG00000020865;ENSMUSG00000024030;ENSMUSG00000035722;ENSMUSG00000030249;ENSMUSG00000044749;ENSMUSG00000040584;ENSMUSG00000030834;ENSMUSG00000026944	False	True	0.8333333333333334	6	0.0			0.029080127887426796	0.041411259831871286	0.051029097673976766	0.041411259831871286	0.029080127887426796	0.051029097673976766	0.6447368421052632	True	True	0.04095820713525835	-0.00035757403190322137	False	0.008730216894562466	Abc Family Protein Mediated Transport	False	False	True	True	True	False	3	sensitivity-dependent
kidney	R-MMU-9006934_SIGNALING_BY_RECEPTOR_TYROSINE_KINASES	0.04024732149122808	6	4	2	0.04024732149122808	6	4	2	0.0004572009904468104	6.0	3.0	3.0	0.0004572009904468104	6.0	3.0	3.0	1.06942474984564	0.338	1.0	ENSMUSG00000023885;ENSMUSG00000015533;ENSMUSG00000037868;ENSMUSG00000048373;ENSMUSG00000031538;ENSMUSG00000004098;ENSMUSG00000024620;ENSMUSG00000031503;ENSMUSG00000031502;ENSMUSG00000026837;ENSMUSG00000028909;ENSMUSG00000055254;ENSMUSG00000026193;ENSMUSG00000029231;ENSMUSG00000001119;ENSMUSG00000020241;ENSMUSG00000002602;ENSMUSG00000020689;ENSMUSG00000001507;ENSMUSG00000025969;ENSMUSG00000059146;ENSMUSG00000027859;ENSMUSG00000037211;ENSMUSG00000048126;ENSMUSG00000035638;ENSMUSG00000029648;ENSMUSG00000029287;ENSMUSG00000020357;ENSMUSG00000031380;ENSMUSG00000027239;ENSMUSG00000059481;ENSMUSG00000048583;ENSMUSG00000024486;ENSMUSG00000004951	True	True	0.6666666666666666	6	0.0			0.04024732149122807	-0.0005607308698830001	0.058364163728070205	0.04024732149122807	-0.0005607308698830001	0.058364163728070205	0.7730263157894737	True	False	0.05735126550151977	0.010269450680279927	True	0.17906232042966505	Signaling By Receptor Tyrosine Kinases	False	True	True	True	False	False	3	method-supported, model-sensitive
kidney	R-MMU-383280_NUCLEAR_RECEPTOR_TRANSCRIPTION_PATHWAY	0.03987648714619881	6	5	1	0.03987648714619881	6	5	1	-0.002278040394175576	6.0	1.0	5.0	-0.002278040394175576	6.0	1.0	5.0	0.9219464004291974	0.6059602649006622	1.0	ENSMUSG00000023034;ENSMUSG00000017491;ENSMUSG00000028341;ENSMUSG00000058756	False	True	0.8333333333333334	6	0.0			0.039876487146198784	-0.021807748786549484	0.04823680340350877	0.039876487146198784	-0.021807748786549484	0.04823680340350877	0.7664473684210527	True	False	0.04706514820668693	0.020494480864218578	True	0.4354491942576473	Nuclear Receptor Transcription Pathway	False	False	True	True	False	True	3	sensitivity-dependent
kidney	R-MMU-2980736_PEPTIDE_HORMONE_METABOLISM	0.03976709501754374	6	3	3	0.03976709501754374	6	3	3	0.0006382753075746735	6.0	2.0	4.0	0.0006382753075746735	6.0	2.0	4.0	1.161813146787783	0.27986725663716816	0.872132066417826	ENSMUSG00000070645;ENSMUSG00000037035;ENSMUSG00000027792	True	True	0.5	6	0.0			0.03976709501754373	0.0607635180394737	0.02722234158479547	0.03976709501754373	0.02722234158479547	0.0607635180394737	0.7598684210526315	True	True	0.038821623791793304	-0.022557588960031575	False	0.5810573272517296	Peptide Hormone Metabolism	False	True	True	False	True	False	3	sensitivity-dependent
kidney	R-MMU-109581_APOPTOSIS	0.035508804200292364	6	4	2	0.035508804200292364	6	4	2	-0.001767427136905726	6.0	1.0	5.0	-0.001767427136905726	6.0	1.0	5.0	0.6715784423923652	0.898840885142255	1.0	ENSMUSG00000039005;ENSMUSG00000020486;ENSMUSG00000026413;ENSMUSG00000026728;ENSMUSG00000051627;ENSMUSG00000047281;ENSMUSG00000028063;ENSMUSG00000026879;ENSMUSG00000022565;ENSMUSG00000051439;ENSMUSG00000052565	False	True	0.6666666666666666	6	0.0			0.035508804200292336	0.03721928176432747	0.11117098999999991	0.03721928176432747	0.035508804200292336	0.11117098999999991	0.7105263157894737	True	True	0.01699409347644377	-0.02193127942654633	False	1.2905236432261715	Apoptosis	False	False	True	True	True	False	3	sensitivity-dependent
kidney	R-MMU-4839726_CHROMATIN_ORGANIZATION	0.037883163660818786	6	6	0	0.037883163660818786	6	6	0	-0.0034738547959571584	6.0	3.0	3.0	-0.0034738547959571584	6.0	3.0	3.0	0.4977182028635607	0.9959308240081384	1.0	ENSMUSG00000062727;ENSMUSG00000078154;ENSMUSG00000061991;ENSMUSG00000101355;ENSMUSG00000048154;ENSMUSG00000071516;ENSMUSG00000069302;ENSMUSG00000069267;ENSMUSG00000060981;ENSMUSG00000094338;ENSMUSG00000061615;ENSMUSG00000018476;ENSMUSG00000025225;ENSMUSG00000069301;ENSMUSG00000101972	False	True	1.0	6	0.0			0.03788316366081873	0.019012336125731097	0.03564909861111109	0.03564909861111109	0.019012336125731097	0.03788316366081873	0.7368421052631579	True	True	0.038054087910334364	-0.007380403263741999	False	0.1939450836696496	Chromatin Organization	False	False	True	True	True	False	3	sensitivity-dependent
kidney	R-MMU-397014_MUSCLE_CONTRACTION	0.05286030247076049	6	5	1	0.05286030247076049	6	5	1	0.0060725710884497255	6.0	5.0	1.0	0.0060725710884497255	6.0	5.0	1.0	1.5776590353387923	0.0	0.20395401380152364	ENSMUSG00000018830;ENSMUSG00000033910;ENSMUSG00000051331;ENSMUSG00000035783;ENSMUSG00000020788;ENSMUSG00000041329;ENSMUSG00000040896;ENSMUSG00000030409;ENSMUSG00000027931;ENSMUSG00000007097;ENSMUSG00000049265;ENSMUSG00000028464;ENSMUSG00000026208;ENSMUSG00000028005;ENSMUSG00000029761;ENSMUSG00000042644;ENSMUSG00000040907;ENSMUSG00000022836;ENSMUSG00000117098;ENSMUSG00000022091;ENSMUSG00000059430;ENSMUSG00000057092;ENSMUSG00000026728;ENSMUSG00000067818;ENSMUSG00000045103	True	True	0.8333333333333334	6	0.0			0.052860302470760456	-0.010435597309941251	0.034336602792397065	0.034336602792397065	-0.010435597309941251	0.052860302470760456	0.8388157894736842	True	False	0.06014988655015197	-0.005911307561420289	False	0.09827628779468336	Muscle Contraction	False	True	True	True	False	False	3	method-supported, model-sensitive
kidney	R-MMU-5688426_DEUBIQUITINATION	0.036203575277777796	6	5	1	0.036203575277777796	6	5	1	-0.0037079923919214907	6.0	1.0	5.0	-0.0037079923919214907	6.0	1.0	5.0	0.791166673547701	0.796086508753862	1.0	ENSMUSG00000030107;ENSMUSG00000021025;ENSMUSG00000040296;ENSMUSG00000018909;ENSMUSG00000061991;ENSMUSG00000024810;ENSMUSG00000029223;ENSMUSG00000071516;ENSMUSG00000000142;ENSMUSG00000069302;ENSMUSG00000061615;ENSMUSG00000032000;ENSMUSG00000069301	False	True	0.8333333333333334	6	0.0			0.03620357527777777	0.01920600406140345	0.0310467267872807	0.0310467267872807	0.01920600406140345	0.03620357527777777	0.7203947368421053	True	True	0.03942879062689969	-0.0060576361949336984	False	0.15363484648197576	Deubiquitination	False	False	True	True	True	False	3	sensitivity-dependent
kidney	R-MMU-388396_GPCR_DOWNSTREAM_SIGNALLING	0.026074068669590684	6	4	2	0.026074068669590684	6	4	2	-0.00021197673121331416	6.0	4.0	2.0	-0.00021197673121331416	6.0	4.0	2.0	0.9763765676726045	0.569	1.0	ENSMUSG00000036437;ENSMUSG00000067586;ENSMUSG00000074715;ENSMUSG00000048376;ENSMUSG00000041741;ENSMUSG00000024164;ENSMUSG00000031616;ENSMUSG00000026193;ENSMUSG00000059810;ENSMUSG00000033174;ENSMUSG00000049112;ENSMUSG00000020123;ENSMUSG00000030790;ENSMUSG00000037552;ENSMUSG00000001240;ENSMUSG00000039621;ENSMUSG00000110195;ENSMUSG00000042644;ENSMUSG00000054364;ENSMUSG00000024659;ENSMUSG00000045573;ENSMUSG00000040964;ENSMUSG00000038668;ENSMUSG00000026678;ENSMUSG00000070368;ENSMUSG00000094686;ENSMUSG00000000555;ENSMUSG00000029380;ENSMUSG00000018909;ENSMUSG00000042770;ENSMUSG00000031489;ENSMUSG00000032875;ENSMUSG00000042429;ENSMUSG00000031778;ENSMUSG00000029778;ENSMUSG00000019464;ENSMUSG00000040133;ENSMUSG00000002997;ENSMUSG00000021367;ENSMUSG00000029819;ENSMUSG00000021070;ENSMUSG00000024486;ENSMUSG00000029372;ENSMUSG00000031390;ENSMUSG00000041417;ENSMUSG00000024697;ENSMUSG00000056220;ENSMUSG00000022122;ENSMUSG00000027249;ENSMUSG00000019467;ENSMUSG00000026475	False	True	0.6666666666666666	6	0.0			0.026074068669590666	-0.03535261839093568	0.11465156208479522	0.026074068669590666	-0.03535261839093568	0.11465156208479522	0.618421052631579	True	False	0.04183332439209726	0.038414922309806164	True	0.9182851917229684	Gpcr Downstream Signalling	False	False	True	True	False	True	3	sensitivity-dependent
kidney	R-MMU-216083_INTEGRIN_CELL_SURFACE_INTERACTIONS	0.025616938545321655	6	4	2	0.025616938545321655	6	4	2	0.00806602004397476	6.0	4.0	2.0	0.00806602004397476	6.0	4.0	2.0	1.5956642346354613	0.001017293997965412	0.18667794691659434	ENSMUSG00000033860;ENSMUSG00000028001;ENSMUSG00000015533;ENSMUSG00000028364;ENSMUSG00000033831;ENSMUSG00000004098;ENSMUSG00000027204;ENSMUSG00000031503;ENSMUSG00000031502;ENSMUSG00000026837;ENSMUSG00000026193;ENSMUSG00000039115;ENSMUSG00000001435;ENSMUSG00000001119;ENSMUSG00000020241;ENSMUSG00000020689;ENSMUSG00000001507;ENSMUSG00000053062;ENSMUSG00000020717;ENSMUSG00000048126;ENSMUSG00000000555;ENSMUSG00000040690;ENSMUSG00000036446;ENSMUSG00000027962;ENSMUSG00000026971;ENSMUSG00000027111;ENSMUSG00000025650	True	True	0.6666666666666666	6	0.0			0.02561693854532165	0.0889524996520467	-0.02747102542543863	0.02561693854532165	-0.02747102542543863	0.0889524996520467	0.6118421052631579	True	False	0.016381610858662625	0.001360395126762874	True	0.08304403873954158	Integrin Cell Surface Interactions	False	True	True	True	False	False	3	method-supported, model-sensitive
kidney	R-MMU-9769740_COAGULATION_PATHWAY	0.014080273698830323	6	4	2	0.014080273698830323	6	4	2	0.0058030219548384126	6.0	5.0	1.0	0.0058030219548384126	6.0	5.0	1.0	1.27978566221763	0.11885245901639344	0.6898308717150312	ENSMUSG00000033860;ENSMUSG00000028001;ENSMUSG00000033831;ENSMUSG00000048376;ENSMUSG00000058571;ENSMUSG00000074743;ENSMUSG00000023224;ENSMUSG00000026249;ENSMUSG00000020689;ENSMUSG00000025743;ENSMUSG00000020592;ENSMUSG00000034220;ENSMUSG00000027611;ENSMUSG00000039109;ENSMUSG00000037411;ENSMUSG00000027249;ENSMUSG00000022912	True	True	0.5	6	0.0			0.014080273698830298	0.04816211128654957	0.024940495350877365	0.024940495350877365	0.014080273698830298	0.04816211128654957	0.4967105263157895	True	True	0.02635961515957446	-0.0032579375266099343	False	0.12359579253669685	Coagulation Pathway	False	True	True	False	True	False	3	sensitivity-dependent
kidney	R-MMU-74160_GENE_EXPRESSION_TRANSCRIPTION	0.023266459488304008	6	4	2	0.023266459488304008	6	4	2	-0.00034113262114898014	6.0	3.0	3.0	-0.00034113262114898014	6.0	3.0	3.0	0.8725839838272232	0.813	1.0	ENSMUSG00000023034;ENSMUSG00000030680;ENSMUSG00000055116;ENSMUSG00000023067;ENSMUSG00000002266;ENSMUSG00000020423;ENSMUSG00000020108;ENSMUSG00000062727;ENSMUSG00000015468;ENSMUSG00000038146;ENSMUSG00000017491;ENSMUSG00000004044;ENSMUSG00000002603;ENSMUSG00000028680;ENSMUSG00000020427;ENSMUSG00000028341;ENSMUSG00000062175	False	True	0.6666666666666666	6	0.0			0.023266459488303984	0.057615396301169665	-0.022174029824561788	0.023266459488303984	-0.022174029824561788	0.057615396301169665	0.5855263157894737	True	False	0.017983345478723416	0.03320860807124096	True	1.8466312683883521	Gene Expression Transcription	False	False	True	True	False	True	3	sensitivity-dependent
kidney	R-MMU-196849_METABOLISM_OF_WATER_SOLUBLE_VITAMINS_AND_COFACTORS	-0.01649574201754393	6	2	4	-0.01649574201754393	6	2	4	-0.0007697727469727448	6.0	2.0	4.0	-0.0007697727469727448	6.0	2.0	4.0	0.7214569399721619	0.8734309623430963	1.0	ENSMUSG00000025153;ENSMUSG00000032788;ENSMUSG00000020256;ENSMUSG00000025403;ENSMUSG00000027463;ENSMUSG00000030088;ENSMUSG00000074028;ENSMUSG00000025068;ENSMUSG00000024892;ENSMUSG00000024354;ENSMUSG00000042010;ENSMUSG00000028645;ENSMUSG00000020062;ENSMUSG00000029084;ENSMUSG00000020432	True	False	0.6666666666666666	6	0.0			-0.016495742017543915	0.03129283814327497	0.0231221426681288	0.0231221426681288	-0.016495742017543915	0.03129283814327497	0.5263157894736842	True	False	-0.021666519566869304	-0.027296292597541766	True	1.2598374424326582	Metabolism Of Water Soluble Vitamins And Cofactors	False	True	False	True	False	True	3	sensitivity-dependent
kidney	R-MMU-162582_SIGNAL_TRANSDUCTION	0.011546795643274729	6	5	1	0.011546795643274729	6	5	1													False	False	0.8333333333333334	6	0.0			0.011546795643274701	0.08402462317251447	0.020114090979531533	0.020114090979531533	0.011546795643274701	0.08402462317251447	0.47368421052631576	True	True	0.01986706975683898	0.009382596369261847	True	0.47226875850838596	Signal Transduction	False	False	False	True	True	True	3	internally robust, incomplete conventional support
kidney	R-MMU-75153_APOPTOTIC_EXECUTION_PHASE	-0.0053459473859648705	6	1	5	-0.0053459473859648705	6	1	5	-0.0004989506032582724	6.0	3.0	3.0	-0.0004989506032582724	6.0	3.0	3.0	0.6021690429898483	0.9452954048140044	1.0	ENSMUSG00000026413;ENSMUSG00000026728;ENSMUSG00000051627;ENSMUSG00000028063;ENSMUSG00000026879;ENSMUSG00000022565;ENSMUSG00000052565;ENSMUSG00000030516;ENSMUSG00000018411;ENSMUSG00000054889	True	False	0.6666666666666666	6	0.0			-0.005345947385964832	0.0196357174897661	0.050494233956140354	0.0196357174897661	-0.005345947385964832	0.050494233956140354	0.39144736842105265	True	False	-0.00819150259878417	-0.008127913579889774	True	0.992237197250742	Apoptotic Execution Phase	False	True	False	True	False	True	3	sensitivity-dependent
kidney	R-MMU-597592_POST_TRANSLATIONAL_PROTEIN_MODIFICATION	0.019306129849707615	6	5	1	0.019306129849707615	6	5	1	0.0013893631079914925	6.0	5.0	1.0	0.0013893631079914925	6.0	5.0	1.0	1.1909981692864535	0.047	0.7975517466614462	ENSMUSG00000033860;ENSMUSG00000038156;ENSMUSG00000023885;ENSMUSG00000028001;ENSMUSG00000022868;ENSMUSG00000036040;ENSMUSG00000032083;ENSMUSG00000034040;ENSMUSG00000028364;ENSMUSG00000006403;ENSMUSG00000004328;ENSMUSG00000003411;ENSMUSG00000027204;ENSMUSG00000026185;ENSMUSG00000039911;ENSMUSG00000021614;ENSMUSG00000024164;ENSMUSG00000066113;ENSMUSG00000026193;ENSMUSG00000022894;ENSMUSG00000022598;ENSMUSG00000036545;ENSMUSG00000062727;ENSMUSG00000056091;ENSMUSG00000030107;ENSMUSG00000029070;ENSMUSG00000042784;ENSMUSG00000030217;ENSMUSG00000029309;ENSMUSG00000003617;ENSMUSG00000017677;ENSMUSG00000047497;ENSMUSG00000032625;ENSMUSG00000013846;ENSMUSG00000021062;ENSMUSG00000024299;ENSMUSG00000020303;ENSMUSG00000030022;ENSMUSG00000020427;ENSMUSG00000021025;ENSMUSG00000079015;ENSMUSG00000058672;ENSMUSG00000024140;ENSMUSG00000014599;ENSMUSG00000045573;ENSMUSG00000022893;ENSMUSG00000040296;ENSMUSG00000020027;ENSMUSG00000058756;ENSMUSG00000024736;ENSMUSG00000032578;ENSMUSG00000037306;ENSMUSG00000035638;ENSMUSG00000030605;ENSMUSG00000046223;ENSMUSG00000054385;ENSMUSG00000018909;ENSMUSG00000045136;ENSMUSG00000061991;ENSMUSG00000015850;ENSMUSG00000001473;ENSMUSG00000033453;ENSMUSG00000025509;ENSMUSG00000063011;ENSMUSG00000024810;ENSMUSG00000049538;ENSMUSG00000024660;ENSMUSG00000053113;ENSMUSG00000072235;ENSMUSG00000021556;ENSMUSG00000001870;ENSMUSG00000032068;ENSMUSG00000030055;ENSMUSG00000025789;ENSMUSG00000029368;ENSMUSG00000039952;ENSMUSG00000043099;ENSMUSG00000034634;ENSMUSG00000023004;ENSMUSG00000029223;ENSMUSG00000057346;ENSMUSG00000025650;ENSMUSG00000030091;ENSMUSG00000021835;ENSMUSG00000037379;ENSMUSG00000036256;ENSMUSG00000022816;ENSMUSG00000046841;ENSMUSG00000071516;ENSMUSG00000000142;ENSMUSG00000022475;ENSMUSG00000069302;ENSMUSG00000027249;ENSMUSG00000060981;ENSMUSG00000068220;ENSMUSG00000022579;ENSMUSG00000002985;ENSMUSG00000022912;ENSMUSG00000062380;ENSMUSG00000022479;ENSMUSG00000094338;ENSMUSG00000033684;ENSMUSG00000061615;ENSMUSG00000025225;ENSMUSG00000031444;ENSMUSG00000026110;ENSMUSG00000020183;ENSMUSG00000074272;ENSMUSG00000032000;ENSMUSG00000069301;ENSMUSG00000001827;ENSMUSG00000032079;ENSMUSG00000041445;ENSMUSG00000040434;ENSMUSG00000028766;ENSMUSG00000051650;ENSMUSG00000047638;ENSMUSG00000025854;ENSMUSG00000006517;ENSMUSG00000020642	True	True	0.8333333333333334	6	0.0			0.019306129849707584	-0.03250258815789461	0.04402065305555558	0.019306129849707584	-0.03250258815789461	0.04402065305555558	0.5460526315789473	True	False	0.008230051353989357	-0.018926269057716088	False	2.2996538227604066	Post Translational Protein Modification	False	True	True	True	False	False	3	method-supported, model-sensitive
kidney	R-MMU-9716542_SIGNALING_BY_RHO_GTPASES_MIRO_GTPASES_AND_RHOBTB3	0.016687967967836188	6	3	3	0.016687967967836188	6	3	3	0.0007025903763122806	6.0	4.0	2.0	0.0007025903763122806	6.0	4.0	2.0	0.9720326446058638	0.586	1.0	ENSMUSG00000018830;ENSMUSG00000038587;ENSMUSG00000024043;ENSMUSG00000032135;ENSMUSG00000031328;ENSMUSG00000006445;ENSMUSG00000034037;ENSMUSG00000032198;ENSMUSG00000037552;ENSMUSG00000004044;ENSMUSG00000046768;ENSMUSG00000023008;ENSMUSG00000052560;ENSMUSG00000039621;ENSMUSG00000039960;ENSMUSG00000025366;ENSMUSG00000036533;ENSMUSG00000022799;ENSMUSG00000054364;ENSMUSG00000058672;ENSMUSG00000020121;ENSMUSG00000041598;ENSMUSG00000040964;ENSMUSG00000022836;ENSMUSG00000117098;ENSMUSG00000031523;ENSMUSG00000045136;ENSMUSG00000032875;ENSMUSG00000049521;ENSMUSG00000032812;ENSMUSG00000001473;ENSMUSG00000066357;ENSMUSG00000030123;ENSMUSG00000026728;ENSMUSG00000024660;ENSMUSG00000029622;ENSMUSG00000072235;ENSMUSG00000067818;ENSMUSG00000038608;ENSMUSG00000015143;ENSMUSG00000029414;ENSMUSG00000025403;ENSMUSG00000023004;ENSMUSG00000030220;ENSMUSG00000019944;ENSMUSG00000047281;ENSMUSG00000041417;ENSMUSG00000024451;ENSMUSG00000026880;ENSMUSG00000046841;ENSMUSG00000074305;ENSMUSG00000031284;ENSMUSG00000019467;ENSMUSG00000062380;ENSMUSG00000036053;ENSMUSG00000021895;ENSMUSG00000029177;ENSMUSG00000037946;ENSMUSG00000030257;ENSMUSG00000001918;ENSMUSG00000045328;ENSMUSG00000030739;ENSMUSG00000002233;ENSMUSG00000040624;ENSMUSG00000052609;ENSMUSG00000037709;ENSMUSG00000022797;ENSMUSG00000020580;ENSMUSG00000020900	True	True	0.5	6	0.0			0.016687967967836167	0.01658920343567225	0.10281643174349414	0.016687967967836167	0.01658920343567225	0.10281643174349414	0.5296052631578947	True	True	0.025854757446808492	0.0012420288300692528	True	0.048038695881193375	Signaling By Rho Gtpases Miro Gtpases And Rhobtb3	False	True	True	False	True	False	3	sensitivity-dependent
kidney	R-MMU-9958790_SLC_MEDIATED_TRANSPORT_OF_INORGANIC_ANIONS	-0.032534590972135964	6	2	4	-0.032534590972135964	6	2	4	-0.0034491261519602654	6.0	2.0	4.0	-0.0034491261519602654	6.0	2.0	4.0	-0.7576030605695979	0.8875	0.8866154894210476	ENSMUSG00000040569;ENSMUSG00000027202;ENSMUSG00000029700;ENSMUSG00000021335;ENSMUSG00000031766;ENSMUSG00000021490;ENSMUSG00000006469;ENSMUSG00000006576;ENSMUSG00000060961;ENSMUSG00000029188;ENSMUSG00000024597;ENSMUSG00000027397;ENSMUSG00000046959;ENSMUSG00000021733;ENSMUSG00000006574;ENSMUSG00000020651;ENSMUSG00000020062;ENSMUSG00000024485;ENSMUSG00000017765	True	True	0.6666666666666666	6	0.0			-0.03253459097213593	0.012435994527469267	0.03730350127464912	0.012435994527469267	-0.03253459097213593	0.03730350127464912	0.6776315789473685	True	False	-0.031476744934943	0.016816105353757847	False	0.5342390195845802	Slc Mediated Transport Of Inorganic Anions	False	True	True	True	False	False	3	method-supported, model-sensitive
kidney	R-MMU-9958863_SLC_MEDIATED_TRANSPORT_OF_AMINO_ACIDS	0.04578112496301171	6	4	2	0.04578112496301171	6	4	2	-0.005246355568210431	6.0	0.0	6.0	-0.005246355568210431	6.0	0.0	6.0	0.7591735470235444	0.8176972281449894	1.0	ENSMUSG00000030109;ENSMUSG00000010064;ENSMUSG00000020264	False	True	0.6666666666666666	6	0.0			0.045781124963011705	0.010249124638742634	-0.013976046964035082	0.010249124638742634	-0.013976046964035082	0.045781124963011705	0.8125	True	False	0.05129665681401976	0.05850726774256378	True	1.1405668785528595	Slc Mediated Transport Of Amino Acids	False	False	True	True	False	True	3	sensitivity-dependent
kidney	R-MMU-8936459_RUNX1_REGULATES_GENES_INVOLVED_IN_MEGAKARYOCYTE_DIFFERENTIATION_AND_PLATELET_FUNCTION	0.02401288364944443	6	4	2	0.02401288364944443	6	4	2	-0.0022542278824016584	6.0	3.0	3.0	-0.0022542278824016584	6.0	3.0	3.0	0.6405195607649257	0.9450207468879668	1.0	ENSMUSG00000062727;ENSMUSG00000061991;ENSMUSG00000101355;ENSMUSG00000048154;ENSMUSG00000071516;ENSMUSG00000069302;ENSMUSG00000069267;ENSMUSG00000060981;ENSMUSG00000094338;ENSMUSG00000061615;ENSMUSG00000069301;ENSMUSG00000101972	False	True	0.6666666666666666	6	0.0			0.024012883649444438	0.007976507845502934	3.0790126937133305e-05	0.007976507845502934	3.0790126937133305e-05	0.024012883649444438	0.5953947368421053	True	True	0.013021611237006086	-0.04590472732459381	False	3.5252724481696456	Runx1 Regulates Genes Involved In Megakaryocyte Differentiation And Platelet Function	False	False	True	True	True	False	3	sensitivity-dependent
kidney	R-MMU-937061_TRIF_TICAM1_MEDIATED_TLR4_SIGNALING	0.021171407754385963	6	3	3	0.021171407754385963	6	3	3	0.0036657869427558637	6.0	3.0	3.0	0.0036657869427558637	6.0	3.0	3.0	1.2922735778078298	0.14348302300109528	0.6878225436009465	ENSMUSG00000021250;ENSMUSG00000030107;ENSMUSG00000021025;ENSMUSG00000039005;ENSMUSG00000052684;ENSMUSG00000051439;ENSMUSG00000023809;ENSMUSG00000025225;ENSMUSG00000032000;ENSMUSG00000025498	True	True	0.3333333333333333	6	0.0			0.021171407754385987	-0.005466107546669566		0.007852650103858211	-0.005466107546669566	0.021171407754385987	0.569078947368421	False	False	0.037294878719604865	0.009773360737243462	True	0.26205637537321935	Trif Ticam1 Mediated Tlr4 Signaling	False	True	True	False	False	True	3	sensitivity-dependent
kidney	R-MMU-9670095_INHIBITION_OF_DNA_RECOMBINATION_AT_TELOMERE	0.0015986536026169585	6	5	1	0.0015986536026169585	6	5	1	-0.001330514666500753	6.0	4.0	2.0	-0.001330514666500753	6.0	4.0	2.0	0.6335587742901089	0.9272918861959958	1.0	ENSMUSG00000062727;ENSMUSG00000061991;ENSMUSG00000071516;ENSMUSG00000069302;ENSMUSG00000060981;ENSMUSG00000094338;ENSMUSG00000061615;ENSMUSG00000069301;ENSMUSG00000094777;ENSMUSG00000069300	False	True	0.8333333333333334	6	0.0			0.0015986536026169	0.006634789749599366	0.0025367581001660665	0.0025367581001660665	0.0015986536026169	0.006634789749599366	0.20065789473684212	True	True	0.00031130420125379974	-0.0016302552893838929	False	5.236856048899836	Inhibition Of Dna Recombination At Telomere	False	False	True	True	True	False	3	sensitivity-dependent
kidney	R-MMU-9749641_ASPIRIN_ADME	0.00224378538369883	6	3	3	0.00224378538369883	6	3	3	9.314802922708264e-05	6.0	3.0	3.0	9.314802922708264e-05	6.0	3.0	3.0	0.8895507729724564	0.6770508826583593	1.0	ENSMUSG00000090171;ENSMUSG00000061740;ENSMUSG00000089960;ENSMUSG00000030737;ENSMUSG00000090175;ENSMUSG00000027792	True	True	0.5	6	0.0			0.0022437853836988334	0.005650458669590714	-0.08338354600877197	0.0022437853836988334	-0.08338354600877197	0.005650458669590714	0.26973684210526316	True	False	0.0013182622732560787	0.004060181347338619	True	3.079949589477412	Aspirin Adme	False	True	True	False	False	True	3	sensitivity-dependent
kidney	R-MMU-9769735_INITIATION_OF_COAGULATION_CASCADE	0.0005342231349415074	6	4	2	0.0005342231349415074	6	4	2	-0.0009847636467590567	6.0	3.0	3.0	-0.0009847636467590567	6.0	3.0	3.0	0.8259734545336016	0.7455947136563876	1.0	ENSMUSG00000058571;ENSMUSG00000025743;ENSMUSG00000020592;ENSMUSG00000034220;ENSMUSG00000027249;ENSMUSG00000022912;ENSMUSG00000031444	False	True	0.0	6	0.0			0.000534223134941484	0.0077953866436841985	0.0021988960800555335	0.0021988960800555335	0.000534223134941484	0.0077953866436841985	0.06578947368421052	True	True	4.795455661095587e-05	0.041651116455820855	True	868.5538851652127	Initiation Of Coagulation Cascade	False	False	True	False	True	True	3	sensitivity-dependent
kidney	R-MMU-9917777_EPIGENETIC_REGULATION_BY_WDR5_CONTAINING_HISTONE_MODIFYING_COMPLEXES	0.002397947084283628	6	5	1	0.002397947084283628	6	5	1	4.777899427040044e-05	6.0	3.0	3.0	4.777899427040044e-05	6.0	3.0	3.0	0.8559544095910063	0.7283057851239669	1.0	ENSMUSG00000030680;ENSMUSG00000062727;ENSMUSG00000061991;ENSMUSG00000101355;ENSMUSG00000048154;ENSMUSG00000071516;ENSMUSG00000069302;ENSMUSG00000069267;ENSMUSG00000060981;ENSMUSG00000094338;ENSMUSG00000061615;ENSMUSG00000069301;ENSMUSG00000101972	True	True	0.8333333333333334	6	0.0			0.002397947084283633		0.0007292216763275	0.0015635843803055666	0.0007292216763275	0.002397947084283633	0.28289473684210525	False	False	0.000431089005288755	-0.007599799704798677	False	17.629305344282965	Epigenetic Regulation By Wdr5 Containing Histone Modifying Complexes	False	True	True	True	False	False	3	method-supported, model-sensitive
kidney	R-MMU-975155_MYD88_DEPENDENT_CASCADE_INITIATED_ON_ENDOSOME	0.0013153998682631587	6	4	2	0.0013153998682631592	6	4	2	0.003930945433452158	6.0	3.0	3.0	0.003930945433452158	6.0	3.0	3.0	1.2648971012411991	0.1541019955654102	0.6925731062239019	ENSMUSG00000021250;ENSMUSG00000030107;ENSMUSG00000021025;ENSMUSG00000039005;ENSMUSG00000052684;ENSMUSG00000051439;ENSMUSG00000023809;ENSMUSG00000025225;ENSMUSG00000025498	True	True	0.5	6	0.0			0.00131539986826315	-0.002009561405299697	0.00423646079108185	0.00131539986826315	-0.002009561405299697	0.00423646079108185	0.17105263157894737	True	False	0.0004384551436398177	0.004340224054818254	True	9.898900988566492	Myd88 Dependent Cascade Initiated On Endosome	False	True	True	False	False	True	3	sensitivity-dependent
kidney	R-MMU-73927_DEPURINATION	0.0012783999002260232	6	3	3	0.0012783999002260232	6	3	3	-0.001330514666500753	6.0	4.0	2.0	-0.001330514666500753	6.0	4.0	2.0	0.6335587742901089	0.9272918861959958	1.0	ENSMUSG00000062727;ENSMUSG00000061991;ENSMUSG00000071516;ENSMUSG00000069302;ENSMUSG00000060981;ENSMUSG00000094338;ENSMUSG00000061615;ENSMUSG00000069301;ENSMUSG00000094777;ENSMUSG00000069300	False	True	0.5	6	0.0			0.0012783999002260167	0.0006107329206504666	0.0008728492989955667	0.0008728492989955667	0.0006107329206504666	0.0012783999002260167	0.1611842105263158	True	True	0.0021247765055600297	0.0016302516203693237	True	0.7672579285884171	Depurination	False	False	True	False	True	True	3	sensitivity-dependent
kidney	R-MMU-68882_MITOTIC_ANAPHASE	0.0005675116583421043	6	4	2	0.0005675116583421042	6	4	2	0.0024809996102484397	6.0	3.0	3.0	0.0024809996102484397	6.0	3.0	3.0	0.9256063957720772	0.621196222455404	1.0	ENSMUSG00000058672;ENSMUSG00000045136;ENSMUSG00000001473;ENSMUSG00000024660;ENSMUSG00000072235;ENSMUSG00000029414;ENSMUSG00000023004;ENSMUSG00000028063;ENSMUSG00000062380;ENSMUSG00000029177;ENSMUSG00000045328	True	True	0.5	6	0.0			0.0005675116583420664	0.0007653863765073333	0.0032376930879459338	0.0007653863765073333	0.0005675116583420664	0.0032376930879459338	0.07236842105263158	True	True	0.001110237091360182	-0.000383721063483875	False	0.34562082862298155	Mitotic Anaphase	False	True	True	False	True	False	3	sensitivity-dependent
kidney	R-MMU-9909649_REGULATION_OF_PD_L1_CD274_TRANSCRIPTION	0.0003408488357441516	6	3	3	0.0003408488357441515	6	3	3	-0.0028661000940781492	6.0	3.0	3.0	-0.0028661000940781492	6.0	3.0	3.0	0.5990391374166452	0.9543094496365524	1.0	ENSMUSG00000062727;ENSMUSG00000061991;ENSMUSG00000101355;ENSMUSG00000071516;ENSMUSG00000069302;ENSMUSG00000069267;ENSMUSG00000060981;ENSMUSG00000094338;ENSMUSG00000061615;ENSMUSG00000069301;ENSMUSG00000101972	False	True	0.16666666666666666	6	0.0			0.00034084883574411686	0.013590437711111033	0.0007351399123537624	0.0007351399123537624	0.00034084883574411686	0.013590437711111033	0.04276315789473684	True	True	0.0008281422632560792	0.001347192327771498	True	1.6267643707430464	Regulation Of Pd L1 Cd274 Transcription	False	False	True	False	True	True	3	sensitivity-dependent
kidney	R-MMU-5693538_HOMOLOGY_DIRECTED_REPAIR	0.0016705624855157901	6	4	2	0.0016705624855157901	6	4	2	-0.0023693831697794896	6.0	3.0	3.0	-0.0023693831697794896	6.0	3.0	3.0	0.41414346791111245	0.9988876529477196	1.0	ENSMUSG00000062727	False	True	0.6666666666666666	6	0.0			0.0016705624855157836		-0.00020651059138891673	0.0007320259470634334	-0.00020651059138891673	0.0016705624855157836	0.21052631578947367	False	False	0.0006997858507583591	0.000847111638594762	True	1.2105298180532598	Homology Directed Repair	False	False	True	True	False	True	3	sensitivity-dependent
kidney	R-MMU-453274_MITOTIC_G2_G2_M_PHASES	0.039284747974868424	6	5	1	0.039284747974868424	6	5	1	0.003174246092512493	6.0	2.0	4.0	0.003174246092512493	6.0	2.0	4.0	1.1333671842046316	0.3057591623036649	0.9342971719090206	ENSMUSG00000023067;ENSMUSG00000058672;ENSMUSG00000045136;ENSMUSG00000001473;ENSMUSG00000002997;ENSMUSG00000072235;ENSMUSG00000001525;ENSMUSG00000023004;ENSMUSG00000044783;ENSMUSG00000023764;ENSMUSG00000062380	True	True	0.8333333333333334	6	0.0			0.03928474797486842	0.0005418103292251498	-0.0012885940439912333	0.0005418103292251498	-0.0012885940439912333	0.03928474797486842	0.756578947368421	True	False	0.04060678144893619	-0.007444291553485958	False	0.18332631368106084	Mitotic G2 G2 M Phases	False	True	True	True	False	False	3	method-supported, model-sensitive
kidney	R-MMU-1638091_HEPARAN_SULFATE_HEPARIN_HS_GAG_METABOLISM	0.00015139095842397698	6	3	3	0.00015139095842397693	6	3	3	4.993045801821259e-05	6.0	3.0	3.0	4.993045801821259e-05	6.0	3.0	3.0	1.1233674033027952	0.32045454545454544	0.9501784421313718	ENSMUSG00000058571;ENSMUSG00000025743;ENSMUSG00000020592;ENSMUSG00000035273;ENSMUSG00000034220	True	True	0.0	6	0.0			0.00015139095842398322		-0.0016565213860613665	-0.0007525652138186917	-0.0016565213860613665	0.00015139095842398322	0.023026315789473683	False	False	0.0005493253377089661	0.0006756694600051817	True	1.2299987159215164	Heparan Sulfate Heparin Hs Gag Metabolism	False	True	True	False	False	True	3	sensitivity-dependent
kidney	R-MMU-168181_TOLL_LIKE_RECEPTOR_7_8_TLR7_8_CASCADE	0.0012501883076666666	6	3	3	0.0012501883076666666	6	3	3	0.001982127334449998	6.0	3.0	3.0	0.001982127334449998	6.0	3.0	3.0	1.2535255898005842	0.15543478260869564	0.7349977198138351	ENSMUSG00000021250;ENSMUSG00000030107;ENSMUSG00000021025;ENSMUSG00000039005;ENSMUSG00000052684;ENSMUSG00000051439;ENSMUSG00000023809;ENSMUSG00000025225;ENSMUSG00000025498;ENSMUSG00000044583	True	True	0.5	6	0.0			0.0012501883076666835		-0.0031567312599619667	-0.0009532714761476416	-0.0031567312599619667	0.0012501883076666835	0.15460526315789475	False	False	0.0012466735065501517	0.0014003052219345956	True	1.1232333201734432	Toll Like Receptor 7 8 Tlr7 8 Cascade	False	True	True	False	False	True	3	sensitivity-dependent
kidney	R-MMU-5663220_RHO_GTPASES_ACTIVATE_FORMINS	-0.001420109644628801	6	2	4	-0.001420109644628801	6	2	4	0.002856376518575904	6.0	3.0	3.0	0.002856376518575904	6.0	3.0	3.0	1.0624239438152907	0.4098018769551616	1.0	ENSMUSG00000023008;ENSMUSG00000054364;ENSMUSG00000058672;ENSMUSG00000045136;ENSMUSG00000001473;ENSMUSG00000024660;ENSMUSG00000072235;ENSMUSG00000029414;ENSMUSG00000023004;ENSMUSG00000062380;ENSMUSG00000036053;ENSMUSG00000029177;ENSMUSG00000045328;ENSMUSG00000002233	False	False	0.6666666666666666	6	0.0			-0.0014201096446287665	-0.005353206944368416	-0.0006552978696666833	-0.0014201096446287665	-0.005353206944368416	-0.0006552978696666833	0.1875	True	True	-0.00015864844010220354	-0.001085401370705595	True	6.8415508529826345	Rho Gtpases Activate Formins	False	False	False	True	True	True	3	internally robust, incomplete conventional support
kidney	R-MMU-3214841_PKMTS_METHYLATE_HISTONE_LYSINES	-0.0015897116739678363	6	2	4	-0.0015897116739678363	6	2	4	-0.0038827899383885958	6.0	4.0	2.0	-0.0038827899383885958	6.0	4.0	2.0	-1.06442025108988	0.36585365853658536	0.6238854346240017	ENSMUSG00000093769;ENSMUSG00000081058;ENSMUSG00000064288;ENSMUSG00000027684;ENSMUSG00000069305;ENSMUSG00000074403;ENSMUSG00000069306;ENSMUSG00000002028;ENSMUSG00000069266;ENSMUSG00000099517;ENSMUSG00000039410;ENSMUSG00000101972;ENSMUSG00000025225;ENSMUSG00000060981;ENSMUSG00000069267;ENSMUSG00000048154;ENSMUSG00000101355	True	True	0.6666666666666666	6	0.0			-0.0015897116739678168			-0.0015897116739678168	-0.0015897116739678168	-0.0015897116739678168	0.19736842105263158	False	False	-0.0015302873709802435	0.0017009487153807836	False	1.1115224157481094	Pkmts Methylate Histone Lysines	False	True	True	True	False	False	3	method-supported, model-sensitive
kidney	R-MMU-193704_P75_NTR_RECEPTOR_MEDIATED_SIGNALLING	-0.003137397817793862	6	2	4	-0.003137397817793862	6	2	4	-0.0004422051145370886	6.0	2.0	4.0	-0.0004422051145370886	6.0	2.0	4.0	1.045988784801472	0.434878587196468	1.0	ENSMUSG00000037552;ENSMUSG00000039621;ENSMUSG00000021025;ENSMUSG00000027859;ENSMUSG00000040964;ENSMUSG00000032875;ENSMUSG00000019467;ENSMUSG00000021895;ENSMUSG00000037946;ENSMUSG00000000120	True	False	0.6666666666666666	6	0.0			-0.00313739781779385	-0.0018470665104459002	-0.0021643852913889	-0.0021643852913889	-0.00313739781779385	-0.0018470665104459002	0.33881578947368424	True	True	-0.003768679012371582	0.001137628647477329	False	0.3018640334564959	P75 Ntr Receptor Mediated Signalling	False	True	False	True	True	False	3	sensitivity-dependent
kidney	R-MMU-9940951_INTERACTION_OF_NURD_COMPLEXES_WITH_TRANSCRIPTION_FACTORS	-0.002579171116581871	6	1	5	-0.002579171116581871	6	1	5	-0.002348066620628595	6.0	3.0	3.0	-0.002348066620628595	6.0	3.0	3.0	0.6791843807546434	0.9118257261410788	1.0	ENSMUSG00000062727;ENSMUSG00000078154;ENSMUSG00000061991;ENSMUSG00000101355;ENSMUSG00000071516;ENSMUSG00000069302;ENSMUSG00000069267;ENSMUSG00000060981;ENSMUSG00000094338;ENSMUSG00000061615;ENSMUSG00000069301;ENSMUSG00000101972	True	False	0.8333333333333334	6	0.0			-0.0025791711165818487	-0.0224609753874269	-0.0016378656874561266	-0.0025791711165818487	-0.0224609753874269	-0.0016378656874561266	0.3059210526315789	True	True	-0.00169464205343465	0.0026709736707528253	False	1.576128519494353	Interaction Of Nurd Complexes With Transcription Factors	False	True	False	True	True	False	3	sensitivity-dependent
kidney	R-MMU-9013148_CDC42_GTPASE_CYCLE	-0.002629053599399006	6	2	4	-0.002629053599399006	6	2	4	-0.0008876415405331545	6.0	3.0	3.0	-0.0008876415405331545	6.0	3.0	3.0	1.0063324333943118	0.4979253112033195	1.0	ENSMUSG00000032198;ENSMUSG00000037552;ENSMUSG00000039621;ENSMUSG00000022799;ENSMUSG00000020121;ENSMUSG00000031523;ENSMUSG00000032812;ENSMUSG00000038608;ENSMUSG00000030220;ENSMUSG00000041417;ENSMUSG00000024451;ENSMUSG00000019467;ENSMUSG00000037946;ENSMUSG00000030257;ENSMUSG00000040624;ENSMUSG00000052609;ENSMUSG00000028919;ENSMUSG00000057315	True	False	0.6666666666666666	6	0.0			-0.0026290535993989833	0.002281360620760269	-0.027118371154312832	-0.0026290535993989833	-0.027118371154312832	0.002281360620760269	0.3092105263157895	True	False	-0.0033930738969180853	-0.0018223101234471934	True	0.5370676203375323	Cdc42 Gtpase Cycle	False	True	False	True	False	True	3	sensitivity-dependent
kidney	R-MMU-9764560_REGULATION_OF_CDH1_GENE_TRANSCRIPTION	-0.0031648968956491247	6	2	4	-0.0031648968956491247	6	2	4	-0.0027658923738660413	6.0	2.0	4.0	-0.0027658923738660413	6.0	2.0	4.0	0.6040149831049869	0.9491701244813278	1.0	ENSMUSG00000062727;ENSMUSG00000061991;ENSMUSG00000101355;ENSMUSG00000071516;ENSMUSG00000069302;ENSMUSG00000069267;ENSMUSG00000060981;ENSMUSG00000094338;ENSMUSG00000061615;ENSMUSG00000069301;ENSMUSG00000101972;ENSMUSG00000024238;ENSMUSG00000094777	True	False	0.6666666666666666	6	0.0			-0.003164896895649133	-0.018156840626169634	0.0016698990694005834	-0.003164896895649133	-0.018156840626169634	0.0016698990694005834	0.34539473684210525	True	False	0.0010681212632408807	0.002893189205999165	True	2.7086711083914623	Regulation Of Cdh1 Gene Transcription	False	True	False	True	False	True	3	sensitivity-dependent
kidney	R-MMU-68886_M_PHASE	-0.019820174418128722	6	3	3	-0.019820174418128722	6	3	3	-0.00029168380035378877	6.0	2.0	4.0	-0.00029168380035378877	6.0	2.0	4.0	0.8233678765015636	0.8314833501513622	1.0	ENSMUSG00000062727;ENSMUSG00000058672;ENSMUSG00000045136;ENSMUSG00000061991;ENSMUSG00000001473;ENSMUSG00000024660;ENSMUSG00000002997;ENSMUSG00000072235;ENSMUSG00000029414;ENSMUSG00000001525;ENSMUSG00000023004;ENSMUSG00000030091;ENSMUSG00000101355;ENSMUSG00000023764;ENSMUSG00000071516;ENSMUSG00000028063;ENSMUSG00000069302;ENSMUSG00000069267;ENSMUSG00000060981;ENSMUSG00000062380;ENSMUSG00000094338;ENSMUSG00000061615;ENSMUSG00000069301;ENSMUSG00000101972;ENSMUSG00000029177;ENSMUSG00000032254;ENSMUSG00000045328;ENSMUSG00000038252	True	False	0.3333333333333333	6	0.0			-0.019820174418128736	-0.0032053583771929003	-0.0029444976225614333	-0.0032053583771929003	-0.019820174418128736	-0.0029444976225614333	0.5526315789473685	True	True	-0.026370643898176265	-0.07555042924828859	True	2.8649444260825763	M Phase	False	True	False	False	True	True	3	sensitivity-dependent
kidney	R-MMU-72613_EUKARYOTIC_TRANSLATION_INITIATION	-0.0021184811802807003	6	2	4	-0.0021184811802807003	6	2	4	-0.008180095466015641	6.0	2.0	4.0	-0.008180095466015641	6.0	2.0	4.0	-1.6271793510818886	0.05434782608695652	0.07220059271311524	ENSMUSG00000039001;ENSMUSG00000079641;ENSMUSG00000039221;ENSMUSG00000067288;ENSMUSG00000061477;ENSMUSG00000024608;ENSMUSG00000034892;ENSMUSG00000078193;ENSMUSG00000061983;ENSMUSG00000060377;ENSMUSG00000068240;ENSMUSG00000038900;ENSMUSG00000062997;ENSMUSG00000058443;ENSMUSG00000057322;ENSMUSG00000050621	True	True	0.6666666666666666	6	0.0			-0.0021184811802806834		-0.005368032203859633	-0.0037432566920701585	-0.005368032203859633	-0.0021184811802806834	0.2598684210526316	False	False	-0.0010627672988829787	4.87037026806541e-05	False	0.04582724998392791	Eukaryotic Translation Initiation	False	True	True	True	False	False	3	method-supported, model-sensitive
kidney	R-MMU-9851695_EPIGENETIC_REGULATION_OF_ADIPOGENESIS_GENES_BY_MLL3_AND_MLL4_COMPLEXES	-0.0023878788085029247	6	2	4	-0.0023878788085029247	6	2	4	-0.0028661000940781492	6.0	3.0	3.0	-0.0028661000940781492	6.0	3.0	3.0	0.5990391374166452	0.9543094496365524	1.0	ENSMUSG00000062727;ENSMUSG00000061991;ENSMUSG00000101355;ENSMUSG00000071516;ENSMUSG00000069302;ENSMUSG00000069267;ENSMUSG00000060981;ENSMUSG00000094338;ENSMUSG00000061615;ENSMUSG00000069301;ENSMUSG00000101972	True	False	0.6666666666666666	6	0.0			-0.0023878788085029		-0.0056925265586257	-0.0040402026835643	-0.0056925265586257	-0.0023878788085029	0.27960526315789475	False	False	-0.0026666461044148933	-0.004347497556784721	True	1.6303241549701755	Epigenetic Regulation Of Adipogenesis Genes By Mll3 And Mll4 Complexes	False	True	False	True	False	True	3	sensitivity-dependent
kidney	R-MMU-936837_ION_TRANSPORT_BY_P_TYPE_ATPASES	-0.004067107705037281	6	0	6	-0.0040671077050372815	6	0	6	-0.00025103445806512237	6.0	3.0	3.0	-0.00025103445806512237	6.0	3.0	3.0	1.1470922782331074	0.2972972972972973	0.921939417361461	ENSMUSG00000020788;ENSMUSG00000041329;ENSMUSG00000007097;ENSMUSG00000022229;ENSMUSG00000040907;ENSMUSG00000057092	True	False	1.0	6	0.0			-0.004067107705037233			-0.004067107705037233	-0.004067107705037233	-0.004067107705037233	0.375	False	False	-0.005007552401413337	-0.002972088340872018	True	0.5935211661555798	Ion Transport By P Type Atpases	False	True	False	True	False	True	3	sensitivity-dependent
kidney	R-MMU-913709_O_LINKED_GLYCOSYLATION_OF_MUCINS	0.03664896843266079	6	4	2	0.03664896843266079	6	4	2	-0.0044982926142438885	6.0	3.0	3.0	-0.004498292614243888	6.0	3.0	3.0	0.6829356342399546	0.8817086527929902	1.0	ENSMUSG00000034040;ENSMUSG00000042784;ENSMUSG00000013846;ENSMUSG00000035638	False	True	0.6666666666666666	6	0.16666666666666666	0.0	1.0	0.036648968432660765		-0.04836752654716372	-0.005859279057251476	-0.04836752654716372	0.036648968432660765	0.7302631578947368	False	False	0.04231739169335107	0.03508203633724844	True	0.8290217079414314	O Linked Glycosylation Of Mucins	False	False	True	True	False	True	3	sensitivity-dependent
kidney	R-MMU-9753281_PARACETAMOL_ADME	0.00773235380701752	6	4	2	0.00773235380701752	6	4	2	0.0006945829890819313	6.0	3.0	3.0	0.0006945829890819313	6.0	3.0	3.0	0.9254100933649666	0.605586592178771	1.0	ENSMUSG00000089960;ENSMUSG00000090175;ENSMUSG00000032849;ENSMUSG00000030711	True	True	0.5	6	0.0			0.007732353807017501	-0.020265646832295314		-0.006266646512638906	-0.020265646832295314	0.007732353807017501	0.4375	False	False	-0.0017285376952887556	-0.041566173916264014	True	24.04701617416582	Paracetamol Adme	False	True	True	False	False	True	3	sensitivity-dependent
kidney	R-MMU-373755_SEMAPHORIN_INTERACTIONS	-0.030076975619883095	6	0	6	-0.030076975619883095	6	0	6	-0.0013923954666964164	6.0	4.0	2.0	-0.0013923954666964164	6.0	4.0	2.0	0.5532724061202526	0.9672650475184794	1.0	ENSMUSG00000022048;ENSMUSG00000054364;ENSMUSG00000038264;ENSMUSG00000063531;ENSMUSG00000030123;ENSMUSG00000024501;ENSMUSG00000025810;ENSMUSG00000031284	True	False	1.0	6	0.0			-0.03007697561988303		0.012689570850526286	-0.008693702384678372	-0.03007697561988303	0.012689570850526286	0.6546052631578947	False	False	-0.0330558011550152	-0.022335000626518532	True	0.6756756710199984	Semaphorin Interactions	False	True	False	True	False	True	3	sensitivity-dependent
kidney	R-MMU-5693532_DNA_DOUBLE_STRAND_BREAK_REPAIR	-0.014741255342105278	6	3	3	-0.014741255342105278	6	3	3	-0.0035288689195541964	6.0	2.0	4.0	-0.0035288689195541964	6.0	2.0	4.0	-1.0913283295453007	0.3815789473684211	0.6007902841536406	ENSMUSG00000066878;ENSMUSG00000069303	True	True	0.5	6	0.0			-0.014741255342105283	-0.004352013773391783		-0.009546634557748533	-0.014741255342105283	-0.004352013773391783	0.5098684210526315	False	False	-0.015186617465805465	-0.012887563535392317	True	0.8486131664546269	Dna Double Strand Break Repair	False	True	True	False	False	True	3	sensitivity-dependent
kidney	R-MMU-418346_PLATELET_HOMEOSTASIS	-0.0012538412266450295	6	2	4	-0.0012538412266450295	6	2	4	0.0004048984313004741	6.0	5.0	1.0	0.0004048984313004741	6.0	5.0	1.0	1.1362671699716607	0.31929046563192903	0.9535591191194728	ENSMUSG00000020788;ENSMUSG00000005611;ENSMUSG00000110195;ENSMUSG00000042644;ENSMUSG00000020717	False	False	0.6666666666666666	6	0.0			-0.0012538412266450167	-0.009919521323172517	-0.017558414406286565	-0.009919521323172517	-0.017558414406286565	-0.0012538412266450167	0.15789473684210525	True	True	-0.0009120814864506082	-0.0011470366998938347	True	1.257603313885431	Platelet Homeostasis	False	False	False	True	True	True	3	internally robust, incomplete conventional support
kidney	R-MMU-1428517_AEROBIC_RESPIRATION_AND_RESPIRATORY_ELECTRON_TRANSPORT	-0.035143769561403415	6	4	2	-0.035143769561403415	6	4	2	-0.00184983786177866	6.0	3.0	3.0	-0.00184983786177866	6.0	3.0	3.0	-1.6954958477050268	0.0	0.06050613051310361	ENSMUSG00000064358;ENSMUSG00000064357;ENSMUSG00000025981;ENSMUSG00000064368;ENSMUSG00000064363;ENSMUSG00000064367;ENSMUSG00000064360;ENSMUSG00000064354;ENSMUSG00000064356;ENSMUSG00000064345;ENSMUSG00000030785	True	True	0.0	6	0.0			-0.035143769561403436	-0.01656351687134529	-0.005024977236842132	-0.01656351687134529	-0.035143769561403436	-0.005024977236842132	0.7039473684210527	True	True	-0.05551239080547113	0.08791470824929909	False	1.5836952250421628	Aerobic Respiration And Respiratory Electron Transport	False	True	True	False	True	False	3	sensitivity-dependent
kidney	R-MMU-8856828_CLATHRIN_MEDIATED_ENDOCYTOSIS	-0.04329824511403515	6	1	5	-0.04329824511403515	6	1	5	-0.00175185010136585	6.0	2.0	4.0	-0.00175185010136585	6.0	2.0	4.0	0.6532807940985925	0.92	1.0	ENSMUSG00000033855;ENSMUSG00000039959;ENSMUSG00000018909;ENSMUSG00000024486;ENSMUSG00000031390;ENSMUSG00000032193;ENSMUSG00000031098;ENSMUSG00000026825;ENSMUSG00000049115;ENSMUSG00000022797;ENSMUSG00000040265;ENSMUSG00000032554	True	False	0.8333333333333334	6	0.0			-0.04329824511403512	0.0003761922076021661	-0.016956912741228066	-0.016956912741228066	-0.04329824511403512	0.0003761922076021661	0.7960526315789473	True	False	-0.04153206687310029	-0.02035398071486961	True	0.49007868491256285	Clathrin Mediated Endocytosis	False	True	False	True	False	True	3	sensitivity-dependent
kidney	R-MMU-212436_GENERIC_TRANSCRIPTION_PATHWAY	-0.027945531184210576	6	3	3	-0.027945531184210576	6	3	3	-0.0009899322203686476	6.0	3.0	3.0	-0.0009899322203686476	6.0	3.0	3.0	0.7886102081350457	0.914914914914915	1.0	ENSMUSG00000023034;ENSMUSG00000055116;ENSMUSG00000023067;ENSMUSG00000002266;ENSMUSG00000020423;ENSMUSG00000020108;ENSMUSG00000062727;ENSMUSG00000015468;ENSMUSG00000038146;ENSMUSG00000017491;ENSMUSG00000002603;ENSMUSG00000028680;ENSMUSG00000020427;ENSMUSG00000028341;ENSMUSG00000062175;ENSMUSG00000058756;ENSMUSG00000061991;ENSMUSG00000000782;ENSMUSG00000026923;ENSMUSG00000038872;ENSMUSG00000101355;ENSMUSG00000047281;ENSMUSG00000048154;ENSMUSG00000071516;ENSMUSG00000022475;ENSMUSG00000069302;ENSMUSG00000069267;ENSMUSG00000060981;ENSMUSG00000036390;ENSMUSG00000022479;ENSMUSG00000051159;ENSMUSG00000094338;ENSMUSG00000061615;ENSMUSG00000020032;ENSMUSG00000069301;ENSMUSG00000101972;ENSMUSG00000020889;ENSMUSG00000000184;ENSMUSG00000047407;ENSMUSG00000032698	True	False	0.5	6	0.0			-0.027945531184210563	-0.01880606059941507	-0.015585968830409217	-0.01880606059941507	-0.027945531184210563	-0.015585968830409217	0.631578947368421	True	True	-0.021964911322188467	-0.0423180853429696	True	1.9266221803600367	Generic Transcription Pathway	False	True	False	False	True	True	3	sensitivity-dependent
kidney	R-MMU-418990_ADHERENS_JUNCTIONS_INTERACTIONS	-0.019755624057645183	6	2	4	-0.019755624057645183	6	2	4	-0.0017431266747515277	6.0	2.0	4.0	-0.0017431266747515277	6.0	2.0	4.0	0.8090073958244937	0.8234106962663976	1.0	ENSMUSG00000035783;ENSMUSG00000027947;ENSMUSG00000031673;ENSMUSG00000062727;ENSMUSG00000031841;ENSMUSG00000059430;ENSMUSG00000061991;ENSMUSG00000032012;ENSMUSG00000026872;ENSMUSG00000101355;ENSMUSG00000071516;ENSMUSG00000069302;ENSMUSG00000011256;ENSMUSG00000069267;ENSMUSG00000060981;ENSMUSG00000031871;ENSMUSG00000094338;ENSMUSG00000061615;ENSMUSG00000021823;ENSMUSG00000069301;ENSMUSG00000101972;ENSMUSG00000004040;ENSMUSG00000101645;ENSMUSG00000024238	True	False	0.5	6	0.0			-0.019755624057645166	-0.03733548784181278	-0.02034332917690055	-0.02034332917690055	-0.03733548784181278	-0.019755624057645166	0.5493421052631579	True	True	-0.04182196051782332	-0.055168683977024284	True	1.3191319415433185	Adherens Junctions Interactions	False	True	False	False	True	True	3	sensitivity-dependent
kidney	R-MMU-72737_CAP_DEPENDENT_TRANSLATION_INITIATION	-0.02954459412222223	6	2	4	-0.02954459412222223	6	2	4	-0.008180095466015641	6.0	2.0	4.0	-0.008180095466015641	6.0	2.0	4.0	-1.6271793510818886	0.05434782608695652	0.07220059271311524	ENSMUSG00000039001;ENSMUSG00000079641;ENSMUSG00000039221;ENSMUSG00000067288;ENSMUSG00000061477;ENSMUSG00000024608;ENSMUSG00000034892;ENSMUSG00000078193;ENSMUSG00000061983;ENSMUSG00000060377;ENSMUSG00000068240;ENSMUSG00000038900;ENSMUSG00000062997;ENSMUSG00000058443;ENSMUSG00000057322;ENSMUSG00000050621	True	True	0.6666666666666666	6	0.0			-0.0295445941222222	-0.011921503089181334		-0.020733048605701767	-0.0295445941222222	-0.011921503089181334	0.6513157894736842	False	False	-0.038824044394756826	0.011022612496327942	False	0.2839120104091098	Cap Dependent Translation Initiation	False	True	True	True	False	False	3	method-supported, model-sensitive
kidney	R-MMU-112316_NEURONAL_SYSTEM	-0.0270541414912282	6	3	3	-0.0270541414912282	6	3	3	-0.004320865805350939	6.0	0.0	6.0	-0.004320865805350939	6.0	0.0	6.0	0.6003875371918371	0.9788519637462235	1.0	ENSMUSG00000030109;ENSMUSG00000040896;ENSMUSG00000024897;ENSMUSG00000049265;ENSMUSG00000030098;ENSMUSG00000059146;ENSMUSG00000022623;ENSMUSG00000051790;ENSMUSG00000019978;ENSMUSG00000031343;ENSMUSG00000002997;ENSMUSG00000030108;ENSMUSG00000026473;ENSMUSG00000025892;ENSMUSG00000023809;ENSMUSG00000062785;ENSMUSG00000013236;ENSMUSG00000033998;ENSMUSG00000028456;ENSMUSG00000024462;ENSMUSG00000031659;ENSMUSG00000058254;ENSMUSG00000030249;ENSMUSG00000051359;ENSMUSG00000038738;ENSMUSG00000040966;ENSMUSG00000058248	True	False	0.5	6	0.0			-0.027054141491228183	-0.0008685842982454821	-0.026517922982456	-0.026517922982456	-0.027054141491228183	-0.0008685842982454821	0.6282894736842105	True	True	-0.014411401899696051	-0.0038108184391313286	True	0.2644307934547091	Neuronal System	False	True	False	False	True	True	3	sensitivity-dependent
kidney	R-MMU-9948299_RIBOSOME_ASSOCIATED_QUALITY_CONTROL	-0.0007260991945321656	6	4	2	-0.0007260991945321656	6	4	2	-0.008426580029232217	6.0	2.0	4.0	-0.008426580029232217	6.0	2.0	4.0	-2.070671213088975	0.0	0.0031320820500900693	ENSMUSG00000039001;ENSMUSG00000079641;ENSMUSG00000039221;ENSMUSG00000067288;ENSMUSG00000061477;ENSMUSG00000024608;ENSMUSG00000034892;ENSMUSG00000078193;ENSMUSG00000061983;ENSMUSG00000060377;ENSMUSG00000068240;ENSMUSG00000038900;ENSMUSG00000062997;ENSMUSG00000058443;ENSMUSG00000057322;ENSMUSG00000050621	True	True	0.0	6	0.0			-0.0007260991945321997	-0.05282519541051167		-0.026775647302521934	-0.05282519541051167	-0.0007260991945321997	0.10855263157894737	False	False	0.0019916523290273544	0.003357629533204441	True	1.6858512323002564	Ribosome Associated Quality Control	False	True	True	False	False	True	3	sensitivity-dependent
kidney	R-MMU-3214847_HATS_ACETYLATE_HISTONES	-0.026967622026315707	6	3	3	-0.026967622026315707	6	3	3	-0.002570930839521863	6.0	2.0	4.0	-0.002570930839521863	6.0	2.0	4.0	-0.6000406343889992	0.9636363636363636	0.9821023882851996	ENSMUSG00000069303;ENSMUSG00000093769;ENSMUSG00000018102;ENSMUSG00000081058;ENSMUSG00000064288;ENSMUSG00000095217;ENSMUSG00000069308;ENSMUSG00000069305;ENSMUSG00000074403;ENSMUSG00000069306;ENSMUSG00000034160;ENSMUSG00000069266;ENSMUSG00000058385;ENSMUSG00000099517;ENSMUSG00000069300;ENSMUSG00000114279;ENSMUSG00000101972;ENSMUSG00000094338;ENSMUSG00000060981;ENSMUSG00000069267;ENSMUSG00000101355	True	True	0.3333333333333333	6	0.16666666666666666	0.0	1.0	-0.026967622026315714			-0.026967622026315714	-0.026967622026315714	-0.026967622026315714	0.625	False	False	-0.019749077717705173	-0.14940815480989564	True	7.565323148024795	Hats Acetylate Histones	False	True	True	False	False	True	3	sensitivity-dependent
kidney	R-MMU-156580_PHASE_II_CONJUGATION_OF_COMPOUNDS	-0.005860264619883038	6	3	3	-0.005860264619883038	6	3	3	-0.0012067149801142651	6.0	2.0	4.0	-0.0012067149801142651	6.0	2.0	4.0	0.7961695334996797	0.8209562563580874	1.0	ENSMUSG00000090171;ENSMUSG00000089960;ENSMUSG00000090175;ENSMUSG00000058135;ENSMUSG00000027313;ENSMUSG00000057933;ENSMUSG00000111709;ENSMUSG00000008540;ENSMUSG00000040562;ENSMUSG00000030711	True	False	0.0	6	0.0			-0.005860264619883034	-0.027298560219298284	-0.038994898089181364	-0.027298560219298284	-0.038994898089181364	-0.005860264619883034	0.4144736842105263	True	True	-0.03446506448708208	-0.015216492599950093	True	0.44150483471903607	Phase Ii Conjugation Of Compounds	False	True	False	False	True	True	3	sensitivity-dependent
kidney	R-MMU-202733_CELL_SURFACE_INTERACTIONS_AT_THE_VASCULAR_WALL	-0.03008410489766089	6	2	4	-0.03008410489766089	6	2	4	-0.00037609239435689384	6.0	2.0	4.0	-0.00037609239435689384	6.0	2.0	4.0	0.6113812372802311	0.9726443768996961	1.0	ENSMUSG00000041329;ENSMUSG00000026193;ENSMUSG00000074743;ENSMUSG00000020689;ENSMUSG00000001507;ENSMUSG00000053062;ENSMUSG00000020717;ENSMUSG00000000555;ENSMUSG00000022180;ENSMUSG00000027611;ENSMUSG00000032902;ENSMUSG00000027111;ENSMUSG00000041417;ENSMUSG00000026288;ENSMUSG00000001946;ENSMUSG00000027249;ENSMUSG00000022912;ENSMUSG00000031465;ENSMUSG00000074272;ENSMUSG00000006386	True	False	0.6666666666666666	6	0.0			-0.030084104897660863	-0.0019716938084794328	-0.10080244536403499	-0.030084104897660863	-0.10080244536403499	-0.0019716938084794328	0.6578947368421053	True	True	-0.014209396580547097	0.0015961373091114444	False	0.11232970380294567	Cell Surface Interactions At The Vascular Wall	False	True	False	True	True	False	3	sensitivity-dependent
kidney	R-MMU-1630316_GLYCOSAMINOGLYCAN_METABOLISM	0.03805188775312864	6	4	2	0.03805188775312865	6	4	2	-0.002191373778525796	6.0	3.0	3.0	-0.002191373778525796	6.0	3.0	3.0	1.1218899680963752	0.3010204081632653	0.9368807981166419	ENSMUSG00000010051;ENSMUSG00000021614;ENSMUSG00000030930;ENSMUSG00000031375;ENSMUSG00000058571;ENSMUSG00000013846;ENSMUSG00000032911;ENSMUSG00000025743;ENSMUSG00000041577;ENSMUSG00000041559;ENSMUSG00000020592;ENSMUSG00000035273;ENSMUSG00000034220	False	True	0.6666666666666666	6	0.0			0.03805188775312863	-0.04894301902309935	-0.032474301648172485	-0.032474301648172485	-0.04894301902309935	0.03805188775312863	0.7401315789473685	True	False	0.05180130825015198	0.034198620598144804	True	0.6601883572707735	Glycosaminoglycan Metabolism	False	False	True	True	False	True	3	sensitivity-dependent
kidney	R-MMU-212165_EPIGENETIC_REGULATION_OF_GENE_EXPRESSION	-0.04598278854165205	6	1	5	-0.04598278854165205	6	1	5	-0.0015117838609396788	6.0	3.0	3.0	-0.0015117838609396788	6.0	3.0	3.0	0.7461902461482467	0.8780737704918032	1.0	ENSMUSG00000030680;ENSMUSG00000062727;ENSMUSG00000061991;ENSMUSG00000101355;ENSMUSG00000048154;ENSMUSG00000071516;ENSMUSG00000069302;ENSMUSG00000069267;ENSMUSG00000060981;ENSMUSG00000094338;ENSMUSG00000061615;ENSMUSG00000069301;ENSMUSG00000101972	True	False	0.8333333333333334	6	0.0			-0.04598278854165203	-0.021192395369883012		-0.03358759195576752	-0.04598278854165203	-0.021192395369883012	0.8157894736842105	False	False	-0.04579664785775073	-0.018419667711974723	True	0.4022055886969757	Epigenetic Regulation Of Gene Expression	False	True	False	True	False	True	3	sensitivity-dependent
kidney	R-MMU-211897_CYTOCHROME_P450_ARRANGED_BY_SUBSTRATE_TYPE	-0.03840148560584792	6	2	4	-0.03840148560584792	6	2	4	0.0022906479860648906	6.0	2.0	4.0	0.0022906479860648906	6.0	2.0	4.0	1.4554995784901632	0.027111574556830033	0.3446856581841524	ENSMUSG00000028715;ENSMUSG00000030483;ENSMUSG00000063415;ENSMUSG00000066072;ENSMUSG00000061740;ENSMUSG00000038567;ENSMUSG00000024087	False	False	0.6666666666666666	6	0.0			-0.0384014856058479	-0.0022806990546782673	-0.03389712834502918	-0.03389712834502918	-0.0384014856058479	-0.0022806990546782673	0.7467105263157895	True	True	-0.0319560581538754	-0.020071923954844105	True	0.6281101335525616	Cytochrome P450 Arranged By Substrate Type	False	False	False	True	True	True	3	internally robust, incomplete conventional support
kidney	R-MMU-168898_TOLL_LIKE_RECEPTOR_CASCADES	0.009813802503947361	6	4	2	0.009813802503947361	6	4	2	0.0005841075729894225	6.0	3.0	3.0	0.0005841075729894225	6.0	3.0	3.0	1.126373580926006	0.2966360856269113	0.94682196789714	ENSMUSG00000021250;ENSMUSG00000033860;ENSMUSG00000028001;ENSMUSG00000033831;ENSMUSG00000016024;ENSMUSG00000030107;ENSMUSG00000021025;ENSMUSG00000039005	True	True	0.3333333333333333	6	0.0			0.009813802503947314	-0.06907207519005848	-0.03457603809505847	-0.03457603809505847	-0.06907207519005848	0.009813802503947314	0.4473684210526316	True	False	-0.014770805123860175	-0.02450165412641696	True	1.6587893429612688	Toll Like Receptor Cascades	False	True	True	False	False	True	3	sensitivity-dependent
kidney	R-MMU-9954714_PELO_HBS1L_AND_ABCE1_DISSOCIATE_A_RIBOSOME_ON_A_NON_STOP_MRNA	-0.002860351266339181	6	3	3	-0.002860351266339181	6	3	3	-0.008426580029232217	6.0	2.0	4.0	-0.008426580029232217	6.0	2.0	4.0	-2.070671213088975	0.0	0.0031320820500900693	ENSMUSG00000039001;ENSMUSG00000079641;ENSMUSG00000039221;ENSMUSG00000067288;ENSMUSG00000061477;ENSMUSG00000024608;ENSMUSG00000034892;ENSMUSG00000078193;ENSMUSG00000061983;ENSMUSG00000060377;ENSMUSG00000068240;ENSMUSG00000038900;ENSMUSG00000062997;ENSMUSG00000058443;ENSMUSG00000057322;ENSMUSG00000050621	True	True	0.3333333333333333	6	0.0			-0.0028603512663391835	-0.0680030569254386		-0.035431704095888895	-0.0680030569254386	-0.0028603512663391835	0.3256578947368421	False	False	-0.0013273872526785712	-0.001929768252874865	True	1.4538095412478407	Pelo Hbs1L And Abce1 Dissociate A Ribosome On A Non Stop Mrna	False	True	True	False	False	True	3	sensitivity-dependent
kidney	R-MMU-1296071_POTASSIUM_CHANNELS	-0.03328304684210548	6	2	4	-0.03328304684210548	6	2	4	-0.003350854587140878	6.0	1.0	5.0	-0.003350854587140878	6.0	1.0	5.0	0.7977296895385665	0.7823721436343852	1.0	ENSMUSG00000040896;ENSMUSG00000049265	True	False	0.6666666666666666	6	0.0			-0.033283046842105445	-0.03663091230994153	-0.044226627573099316	-0.03663091230994153	-0.044226627573099316	-0.033283046842105445	0.6875	True	True	-0.04517360395136784	-0.0029342057325189314	True	0.06495398807847574	Potassium Channels	False	True	False	True	True	False	3	sensitivity-dependent
kidney	R-MMU-373076_CLASS_A_1_RHODOPSIN_LIKE_RECEPTORS	-0.007159570691520438	6	2	4	-0.007159570691520438	6	2	4	-0.0003855683431567003	6.0	3.0	3.0	-0.0003855683431567003	6.0	3.0	3.0	0.8833121991892072	0.750501002004008	1.0	ENSMUSG00000036437;ENSMUSG00000067586;ENSMUSG00000074715;ENSMUSG00000048376;ENSMUSG00000024164;ENSMUSG00000031616;ENSMUSG00000049112;ENSMUSG00000020123;ENSMUSG00000042190;ENSMUSG00000045092;ENSMUSG00000024659;ENSMUSG00000045573;ENSMUSG00000038668;ENSMUSG00000070368;ENSMUSG00000094686;ENSMUSG00000029380;ENSMUSG00000042770;ENSMUSG00000031489;ENSMUSG00000042429;ENSMUSG00000031778;ENSMUSG00000019464;ENSMUSG00000021367;ENSMUSG00000029819;ENSMUSG00000021070	True	False	0.0	6	0.0			-0.007159570691520433	-0.03958148646198805	-0.12711630488157893	-0.03958148646198805	-0.12711630488157893	-0.007159570691520433	0.4276315789473684	True	True	-0.008528505911854112	-0.035051816454645564	True	4.109959800335677	Class A 1 Rhodopsin Like Receptors	False	True	False	False	True	True	3	sensitivity-dependent
kidney	R-MMU-9609507_PROTEIN_LOCALIZATION	-0.021598731798246007	6	2	4	-0.021598731798246007	6	2	4	0.000890045849998596	6.0	2.0	4.0	0.000890045849998596	6.0	2.0	4.0	0.5973288134296605	0.9477611940298507	1.0	ENSMUSG00000021884;ENSMUSG00000072949;ENSMUSG00000021226;ENSMUSG00000021228;ENSMUSG00000055782;ENSMUSG00000042096;ENSMUSG00000021751;ENSMUSG00000026189	False	False	0.6666666666666666	6	0.0			-0.021598731798246017	-0.05458669090643278	-0.04158708561403509	-0.04158708561403509	-0.05458669090643278	-0.021598731798246017	0.5723684210526315	True	True	-0.026530494490881483	-0.021406160118734738	True	0.8068511548509593	Protein Localization	False	False	False	True	True	True	3	internally robust, incomplete conventional support
kidney	R-MMU-9748784_DRUG_ADME	-0.042721715467836395	6	1	5	-0.042721715467836395	6	1	5	-0.0004317544129692208	6.0	3.0	3.0	-0.0004317544129692208	6.0	3.0	3.0	0.8881141978673752	0.7282828282828283	1.0	ENSMUSG00000090171;ENSMUSG00000061740;ENSMUSG00000089960;ENSMUSG00000030737;ENSMUSG00000090175;ENSMUSG00000027792;ENSMUSG00000060807;ENSMUSG00000024066;ENSMUSG00000057933;ENSMUSG00000032849;ENSMUSG00000111709;ENSMUSG00000030711;ENSMUSG00000032902;ENSMUSG00000029368;ENSMUSG00000023942;ENSMUSG00000021214;ENSMUSG00000074179;ENSMUSG00000056035;ENSMUSG00000020865	True	False	0.8333333333333334	6	0.0			-0.04272171546783635	-0.12979726346491216	0.007326350453216453	-0.04272171546783635	-0.12979726346491216	0.007326350453216453	0.7927631578947368	True	False	-0.04343278096504558	-0.019696921187596923	True	0.4535035691923314	Drug Adme	False	True	False	True	False	True	3	sensitivity-dependent
kidney	R-MMU-6794362_PROTEIN_PROTEIN_INTERACTIONS_AT_SYNAPSES	-0.0456476751396199	6	1	5	-0.0456476751396199	6	1	5	-0.0036604264857451117	6.0	2.0	4.0	-0.0036604264857451117	6.0	2.0	4.0	-1.027840502631481	0.4423076923076923	0.6074637544308211	ENSMUSG00000045871;ENSMUSG00000052572;ENSMUSG00000075478	True	True	0.8333333333333334	6	0.0			-0.04564767513961987	0.014155318376023364	-0.04491423245175427	-0.04491423245175427	-0.04564767513961987	0.014155318376023364	0.8092105263157895	True	False	-0.04000704615273554	-0.004819486137702953	True	0.12046593290850627	Protein Protein Interactions At Synapses	False	True	True	True	False	False	3	method-supported, model-sensitive
kidney	R-MMU-196854_METABOLISM_OF_VITAMINS_AND_COFACTORS	-0.02471123250000003	6	2	4	-0.02471123250000003	6	2	4	7.671595655908692e-05	6.0	3.0	3.0	7.671595655908692e-05	6.0	3.0	3.0	0.8313502091462176	0.8040201005025126	1.0	ENSMUSG00000040249;ENSMUSG00000025153;ENSMUSG00000032083;ENSMUSG00000032080;ENSMUSG00000058571;ENSMUSG00000024990;ENSMUSG00000025743;ENSMUSG00000020592;ENSMUSG00000026489;ENSMUSG00000034220;ENSMUSG00000032788;ENSMUSG00000020256;ENSMUSG00000025403;ENSMUSG00000021214;ENSMUSG00000027463;ENSMUSG00000022579;ENSMUSG00000030088;ENSMUSG00000074028;ENSMUSG00000002985;ENSMUSG00000025068;ENSMUSG00000024391;ENSMUSG00000024892	False	False	0.6666666666666666	6	0.0			-0.0247112325	-0.054991791769006294	-0.04833078904970762	-0.04833078904970762	-0.054991791769006294	-0.0247112325	0.6052631578947368	True	True	-0.03962070224164135	-0.02887159830094886	True	0.7286998126601808	Metabolism Of Vitamins And Cofactors	False	False	False	True	True	True	3	internally robust, incomplete conventional support
kidney	R-MMU-15869_METABOLISM_OF_NUCLEOTIDES	-0.03984747138888889	6	0	6	-0.03984747138888889	6	0	6	-0.0010404596146887518	6.0	3.0	3.0	-0.0010404596146887518	6.0	3.0	3.0	0.8464873880762576	0.7078280044101434	1.0	ENSMUSG00000048120;ENSMUSG00000024066;ENSMUSG00000000253	True	False	1.0	6	0.0			-0.03984747138888883	-0.07547121940058493	-0.051358782353801015	-0.051358782353801015	-0.07547121940058493	-0.03984747138888883	0.7631578947368421	True	True	-0.047200761968085106	-0.007294617885528463	True	0.15454449422788416	Metabolism Of Nucleotides	False	True	False	True	True	False	3	sensitivity-dependent
kidney	R-MMU-372790_SIGNALING_BY_GPCR	0.03999821983918106	6	6	0	0.03999821983918106	6	6	0	-0.00027339264345492667	6.0	4.0	2.0	-0.00027339264345492667	6.0	4.0	2.0	0.9449916283352034	0.667	1.0	ENSMUSG00000036437;ENSMUSG00000067586;ENSMUSG00000074715;ENSMUSG00000048376;ENSMUSG00000041741;ENSMUSG00000024164;ENSMUSG00000031616;ENSMUSG00000026193;ENSMUSG00000059810;ENSMUSG00000033174;ENSMUSG00000049112;ENSMUSG00000020123;ENSMUSG00000030790;ENSMUSG00000042190;ENSMUSG00000045092;ENSMUSG00000037552;ENSMUSG00000001240;ENSMUSG00000039621;ENSMUSG00000110195;ENSMUSG00000042644;ENSMUSG00000054364;ENSMUSG00000024659;ENSMUSG00000045573;ENSMUSG00000040964;ENSMUSG00000038668;ENSMUSG00000026678;ENSMUSG00000070368;ENSMUSG00000094686;ENSMUSG00000000555;ENSMUSG00000029380;ENSMUSG00000018909;ENSMUSG00000002885;ENSMUSG00000042770;ENSMUSG00000031489;ENSMUSG00000032875;ENSMUSG00000042429;ENSMUSG00000031778;ENSMUSG00000029778;ENSMUSG00000019464;ENSMUSG00000040133;ENSMUSG00000002997;ENSMUSG00000021367;ENSMUSG00000029819;ENSMUSG00000021070;ENSMUSG00000024486	False	True	1.0	6	0.0			0.03999821983918102	-0.05312997529239768	-0.09167930352339197	-0.05312997529239768	-0.09167930352339197	0.03999821983918102	0.7697368421052632	True	False	0.04430593704407298	0.013580673876309145	True	0.30652040747495934	Signaling By Gpcr	False	False	True	True	False	True	3	sensitivity-dependent
kidney	R-MMU-1483257_PHOSPHOLIPID_METABOLISM	-0.024826449536549788	6	0	6	-0.024826449536549788	6	0	6	-0.0006410044156128364	6.0	4.0	2.0	-0.0006410044156128364	6.0	4.0	2.0	1.0802481773495207	0.37851929092805003	1.0	ENSMUSG00000019232;ENSMUSG00000023019;ENSMUSG00000050860;ENSMUSG00000033174;ENSMUSG00000026827	True	False	1.0	6	0.0			-0.02482644953654972	-0.06733769871388885	-0.06254951965350876	-0.06254951965350876	-0.06733769871388885	-0.02482644953654972	0.6085526315789473	True	True	-0.021117039920212764	0.0008270128141047702	False	0.03916329264089574	Phospholipid Metabolism	False	True	False	True	True	False	3	sensitivity-dependent
kidney	R-MMU-198933_IMMUNOREGULATORY_INTERACTIONS_BETWEEN_A_LYMPHOID_AND_A_NON_LYMPHOID_CELL	-0.05617364260233918	6	3	3	-0.05617364260233918	6	3	3	-0.003538957139994766	6.0	2.0	4.0	-0.003538957139994766	6.0	2.0	4.0	-1.6056109235524068	0.0	0.07535979235671257	ENSMUSG00000055541;ENSMUSG00000030468;ENSMUSG00000038179;ENSMUSG00000042265;ENSMUSG00000030830;ENSMUSG00000095589;ENSMUSG00000032093;ENSMUSG00000046245;ENSMUSG00000096336;ENSMUSG00000059108;ENSMUSG00000022865;ENSMUSG00000027009	True	True	0.5	6	0.3333333333333333	0.0	2.0	-0.056173642602339195	-0.09049437165138002	-0.06592717687134478	-0.06592717687134478	-0.09049437165138002	-0.056173642602339195	0.8453947368421053	True	True	-0.05225812473404254	0.004872428241566599	False	0.0932377169361485	Immunoregulatory Interactions Between A Lymphoid And A Non Lymphoid Cell	False	True	True	False	True	False	3	sensitivity-dependent
kidney	R-MMU-428157_SPHINGOLIPID_METABOLISM	-0.02275093478333334	6	2	4	-0.02275093478333334	6	2	4	-0.005167400826921254	6.0	2.0	4.0	-0.005167400826921254	6.0	2.0	4.0	0.6729705542252052	0.9103375527426161	1.0	ENSMUSG00000056091;ENSMUSG00000028517;ENSMUSG00000021759;ENSMUSG00000075296;ENSMUSG00000038007;ENSMUSG00000021263	True	False	0.5	6	0.0			-0.022750934783333315	-0.07609709075187132	-0.09724949280555556	-0.07609709075187132	-0.09724949280555556	-0.022750934783333315	0.5822368421052632	True	True	-0.03970736784300913	-0.03202722627210989	True	0.8065814485295478	Sphingolipid Metabolism	False	True	False	False	True	True	3	sensitivity-dependent
kidney	R-MMU-5686938_REGULATION_OF_TLR_BY_ENDOGENOUS_LIGAND	0.0013800383745823104	6	3	3	0.0013800383745823104	6	3	3	0.003794046417323766	6.0	4.0	2.0	0.003794046417323766	6.0	4.0	2.0	1.2248077682654936	0.20693512304250558	0.7266297661041377	ENSMUSG00000033860;ENSMUSG00000028001;ENSMUSG00000033831;ENSMUSG00000016024	True	True	0.5	6	0.0			0.0013800383745823498	0.1044939006224269		0.05293696949850463	0.0013800383745823498	0.1044939006224269	0.18092105263157895	False	False	0.0016836391483396659	-0.0012256963112006651	False	0.728004164318343	Regulation Of Tlr By Endogenous Ligand	False	True	True	False	False	False	2	sensitivity-dependent
kidney	R-MMU-9759476_REGULATION_OF_HOMOTYPIC_CELL_CELL_ADHESION	0.020131126425078912	6	3	3	0.020131126425078912	6	3	3	-0.0020221196362492713	6.0	1.0	5.0	-0.0020221196362492713	6.0	1.0	5.0	0.7525529736059225	0.8790650406504065	1.0	ENSMUSG00000035783;ENSMUSG00000031673;ENSMUSG00000062727;ENSMUSG00000059430;ENSMUSG00000061991;ENSMUSG00000026872;ENSMUSG00000101355;ENSMUSG00000071516;ENSMUSG00000069302;ENSMUSG00000011256;ENSMUSG00000069267;ENSMUSG00000060981;ENSMUSG00000094338;ENSMUSG00000061615;ENSMUSG00000021823;ENSMUSG00000069301;ENSMUSG00000101972;ENSMUSG00000101645;ENSMUSG00000024238;ENSMUSG00000094777;ENSMUSG00000019843;ENSMUSG00000069300	False	True	0.3333333333333333	6	0.0			0.020131126425078916	0.032086459225438436	0.07251065179897638	0.032086459225438436	0.020131126425078916	0.07251065179897638	0.555921052631579	True	True	0.03687100153403497	-0.09416504253431078	False	2.553905199656394	Regulation Of Homotypic Cell Cell Adhesion	False	False	True	False	True	False	2	sensitivity-dependent
kidney	R-MMU-6809371_FORMATION_OF_THE_CORNIFIED_ENVELOPE	-0.009931408919590656	6	2	4	-0.009931408919590656	6	2	4	-0.0005502149158599529	6.0	3.0	3.0	-0.0005502149158599529	6.0	3.0	3.0	1.2477063168545872	0.1754010695187166	0.7381656497509369	ENSMUSG00000020911;ENSMUSG00000006777;ENSMUSG00000023043;ENSMUSG00000035775;ENSMUSG00000026413;ENSMUSG00000049382;ENSMUSG00000037185;ENSMUSG00000039457;ENSMUSG00000034282;ENSMUSG00000023039;ENSMUSG00000040606	True	False	0.6666666666666666	6	0.0			-0.009931408919590634	0.025694835222222167	0.06485368095906435	0.025694835222222167	-0.009931408919590634	0.06485368095906435	0.4506578947368421	True	False	-0.023961653939969588	0.0188399817943391	False	0.7862554830955468	Formation Of The Cornified Envelope	False	True	False	True	False	False	2	sensitivity-dependent
kidney	R-MMU-416476_G_ALPHA_Q_SIGNALLING_EVENTS	0.05897927212807016	6	4	2	0.05897927212807016	6	4	2	-5.8158390359145176e-05	6.0	3.0	3.0	-5.8158390359145176e-05	6.0	3.0	3.0	1.1132884608204607	0.2919191919191919	0.936955751620272	ENSMUSG00000048376;ENSMUSG00000031616;ENSMUSG00000059810;ENSMUSG00000033174;ENSMUSG00000049112;ENSMUSG00000020123;ENSMUSG00000042644;ENSMUSG00000024659;ENSMUSG00000038668;ENSMUSG00000026678;ENSMUSG00000070368;ENSMUSG00000019464;ENSMUSG00000021367;ENSMUSG00000021070;ENSMUSG00000024486;ENSMUSG00000041417;ENSMUSG00000024697;ENSMUSG00000022122;ENSMUSG00000027249;ENSMUSG00000019467;ENSMUSG00000026475	False	True	0.6666666666666666	6	0.16666666666666666	0.0	1.0	0.05897927212807016	0.01989332403128655	-0.06633015171637424	0.01989332403128655	-0.06633015171637424	0.05897927212807016	0.8717105263157895	True	False	0.06048463607925531	0.000675216826995174	True	0.011163443657169597	G Alpha Q Signalling Events	False	False	True	True	False	False	2	sensitivity-dependent
kidney	R-MMU-166658_COMPLEMENT_CASCADE	0.016126870628654737	6	4	2	0.016126870628654737	6	4	2	0.0003972869628426981	6.0	3.0	3.0	0.0003972869628426981	6.0	3.0	3.0	1.0139501286662078	0.4865702479338843	1.0	ENSMUSG00000079105;ENSMUSG00000061780;ENSMUSG00000024164;ENSMUSG00000022887;ENSMUSG00000023224	True	True	0.5	6	0.0			0.016126870628654703	0.07999521866812853	-0.023084588936900647	0.016126870628654703	-0.023084588936900647	0.07999521866812853	0.5230263157894737	True	False	0.022453938791793294	-0.0022794508660047993	False	0.10151674889386968	Complement Cascade	False	True	True	False	False	False	2	sensitivity-dependent
kidney	R-MMU-418555_G_ALPHA_S_SIGNALLING_EVENTS	-0.0011536794208347955	6	2	4	-0.0011536794208347955	6	2	4	0.002470720350705059	6.0	4.0	2.0	0.002470720350705059	6.0	4.0	2.0	1.4557082313031184	0.02685284640171858	0.36159548090941596	ENSMUSG00000041741;ENSMUSG00000026193;ENSMUSG00000030790;ENSMUSG00000001240;ENSMUSG00000110195;ENSMUSG00000000555;ENSMUSG00000018909;ENSMUSG00000031489;ENSMUSG00000029778;ENSMUSG00000040133;ENSMUSG00000002997	False	False	0.6666666666666666	6	0.0			-0.0011536794208347834	0.06183445162076018	0.01462704742383035	0.01462704742383035	-0.0011536794208347834	0.06183445162076018	0.14473684210526316	True	False	-0.0006175119609954404	-0.0003596183400856429	True	0.5823665982209181	G Alpha S Signalling Events	False	False	False	True	False	True	2	sensitivity-dependent
kidney	R-MMU-8953854_METABOLISM_OF_RNA	0.02828339055701749	6	5	1	0.02828339055701749	6	5	1	-0.004225981882633924	6.0	1.0	5.0	-0.004225981882633924	6.0	1.0	5.0	0.7318305437781361	0.8525441329179647	1.0	ENSMUSG00000044786;ENSMUSG00000004356;ENSMUSG00000009585;ENSMUSG00000004951;ENSMUSG00000030091;ENSMUSG00000040613	False	True	0.8333333333333334	6	0.0			0.028283390557017465	-0.004566195798245594	0.01329151231140345	0.01329151231140345	-0.004566195798245594	0.028283390557017465	0.6348684210526315	True	False	0.022508299369300915	0.003110092620941121	True	0.13817537122253573	Metabolism Of Rna	False	False	True	True	False	False	2	sensitivity-dependent
kidney	R-MMU-68875_MITOTIC_PROPHASE	0.00036126136997076543	6	3	3	0.00036126136997076543	6	3	3	-0.002859930906229949	6.0	2.0	4.0	-0.002859930906229949	6.0	2.0	4.0	0.5852548529830708	0.9754350051177073	1.0	ENSMUSG00000062727;ENSMUSG00000061991;ENSMUSG00000030091;ENSMUSG00000101355;ENSMUSG00000071516;ENSMUSG00000028063;ENSMUSG00000069302;ENSMUSG00000069267;ENSMUSG00000060981;ENSMUSG00000094338;ENSMUSG00000061615;ENSMUSG00000069301;ENSMUSG00000101972	False	True	0.16666666666666666	6	0.0			0.0003612613699707501	0.012369980485292401	0.024742842745321597	0.012369980485292401	0.0003612613699707501	0.024742842745321597	0.046052631578947366	True	True	8.225511178571395e-05	-0.005469089870977435	False	66.48936160010551	Mitotic Prophase	False	False	True	False	True	False	2	sensitivity-dependent
kidney	R-MMU-204998_CELL_DEATH_SIGNALLING_VIA_NRAGE_NRIF_AND_NADE	0.011380346754385984	6	4	2	0.011380346754385984	6	4	2	-0.00152107766281129	6.0	2.0	4.0	-0.00152107766281129	6.0	2.0	4.0	0.9786889707036652	0.5412026726057907	1.0	ENSMUSG00000037552;ENSMUSG00000039621;ENSMUSG00000027859;ENSMUSG00000040964;ENSMUSG00000032875;ENSMUSG00000019467;ENSMUSG00000021895;ENSMUSG00000037946;ENSMUSG00000000120	False	True	0.6666666666666666	6	0.0			0.011380346754385949			0.011380346754385949	0.011380346754385949	0.011380346754385949	0.46381578947368424	False	False	0.013269697902735562	-0.011087174470145397	False	0.8355257633905715	Cell Death Signalling Via Nrage Nrif And Nade	False	False	True	True	False	False	2	sensitivity-dependent
kidney	R-MMU-5689880_UB_SPECIFIC_PROCESSING_PROTEASES	-0.000486179681394737	6	3	3	-0.000486179681394737	6	3	3	-0.003084105617987004	6.0	1.0	5.0	-0.003084105617987004	6.0	1.0	5.0	0.8552449974429673	0.7181628392484343	1.0	ENSMUSG00000030107;ENSMUSG00000021025;ENSMUSG00000040296;ENSMUSG00000018909;ENSMUSG00000061991;ENSMUSG00000024810;ENSMUSG00000071516;ENSMUSG00000000142;ENSMUSG00000069302;ENSMUSG00000061615;ENSMUSG00000032000;ENSMUSG00000069301	True	False	0.0	6	0.0			-0.00048617968139475	0.03587946160411545	0.004057319280263166	0.004057319280263166	-0.00048617968139475	0.03587946160411545	0.05921052631578947	True	False	0.0006049193907370818	0.005464744044406375	True	9.03383843878388	Ub Specific Processing Proteases	False	True	False	False	False	True	2	sensitivity-dependent
kidney	R-MMU-5173214_O_GLYCOSYLATION_OF_TSR_DOMAIN_CONTAINING_PROTEINS	0.002651409112573111	6	3	3	0.002651409112573111	6	3	3	0.013427173216851293	6.0	6.0	0.0	0.013427173216851293	6.0	6.0	0.0	1.840467746836116	0.0	0.02519895151215736	ENSMUSG00000038156;ENSMUSG00000023885;ENSMUSG00000036040;ENSMUSG00000006403;ENSMUSG00000066113;ENSMUSG00000022894;ENSMUSG00000036545;ENSMUSG00000047497;ENSMUSG00000032625;ENSMUSG00000024299;ENSMUSG00000030022;ENSMUSG00000022893;ENSMUSG00000015850;ENSMUSG00000033453;ENSMUSG00000049538	True	True	0.0	6	0.0			0.0026514091125731157		0.003272050922368449	0.0029617300174707823	0.0026514091125731157	0.003272050922368449	0.3125	False	False	0.012207557336626141	0.0020316221481947215	True	0.16642331403181518	O Glycosylation Of Tsr Domain Containing Proteins	False	True	True	False	False	False	2	sensitivity-dependent
kidney	R-MMU-606279_DEPOSITION_OF_NEW_CENPA_CONTAINING_NUCLEOSOMES_AT_THE_CENTROMERE	0.0024650786732163736	6	4	2	0.0024650786732163736	6	4	2	-0.0007810032772264432	6.0	4.0	2.0	-0.0007810032772264432	6.0	4.0	2.0	0.7441186535114862	0.8430962343096234	1.0	ENSMUSG00000062727;ENSMUSG00000061991;ENSMUSG00000044783;ENSMUSG00000071516;ENSMUSG00000069302;ENSMUSG00000060981;ENSMUSG00000094338;ENSMUSG00000061615;ENSMUSG00000069301;ENSMUSG00000029177	False	True	0.6666666666666666	6	0.0			0.002465078673216333		0.0015015415106140332	0.001983310091915183	0.0015015415106140332	0.002465078673216333	0.29605263157894735	False	False	0.002604199150189969	-0.007249517914542947	False	2.783780155221276	Deposition Of New Cenpa Containing Nucleosomes At The Centromere	False	False	True	True	False	False	2	sensitivity-dependent
kidney	R-MMU-5365859_RA_BIOSYNTHESIS_PATHWAY	0.0018484401944634501	6	2	4	0.0018484401944634504	6	2	4	0.00233217833926299	6.0	4.0	2.0	0.00233217833926299	6.0	4.0	2.0	1.285560722334845	0.1261061946902655	0.6751479951343465	ENSMUSG00000063415;ENSMUSG00000053279;ENSMUSG00000015134;ENSMUSG00000066026;ENSMUSG00000013584;ENSMUSG00000021214	True	True	0.16666666666666666	6	0.0			0.0018484401944634332			0.0018484401944634332	0.0018484401944634332	0.0018484401944634332	0.23355263157894737	False	False	0.0015784045571770524	0.0002301086210166991	True	0.1457855782095841	Ra Biosynthesis Pathway	False	True	True	False	False	False	2	sensitivity-dependent
kidney	R-MMU-5357801_PROGRAMMED_CELL_DEATH	0.0016805720029239302	6	4	2	0.0016805720029239302	6	4	2	-0.0020419321320667727	6.0	2.0	4.0	-0.0020419321320667727	6.0	2.0	4.0	0.49164874438734957	0.995846313603323	1.0	ENSMUSG00000039005;ENSMUSG00000020486;ENSMUSG00000026413;ENSMUSG00000026728;ENSMUSG00000051627;ENSMUSG00000047281;ENSMUSG00000028063;ENSMUSG00000026879;ENSMUSG00000022565;ENSMUSG00000051439;ENSMUSG00000052565;ENSMUSG00000032000;ENSMUSG00000040093;ENSMUSG00000030516;ENSMUSG00000018411;ENSMUSG00000054889;ENSMUSG00000033538	False	True	0.16666666666666666	6	0.0			0.0016805720029239163	-0.021027512002924017	0.03821429606871345	0.0016805720029239163	-0.021027512002924017	0.03821429606871345	0.2138157894736842	True	False	0.009851582332826755	0.02331637767346	True	2.366764737454083	Programmed Cell Death	False	False	True	False	False	True	2	sensitivity-dependent
kidney	R-MMU-9764725_NEGATIVE_REGULATION_OF_CDH1_GENE_TRANSCRIPTION	0.0016151617981257308	6	4	2	0.0016151617981257308	6	4	2	-0.0027658923738660413	6.0	2.0	4.0	-0.0027658923738660413	6.0	2.0	4.0	0.6040149831049869	0.9491701244813278	1.0	ENSMUSG00000062727;ENSMUSG00000061991;ENSMUSG00000101355;ENSMUSG00000071516;ENSMUSG00000069302;ENSMUSG00000069267;ENSMUSG00000060981;ENSMUSG00000094338;ENSMUSG00000061615;ENSMUSG00000069301;ENSMUSG00000101972;ENSMUSG00000024238;ENSMUSG00000094777	False	True	0.6666666666666666	6	0.0			0.0016151617981257109	-0.032917159886140336	0.003930706130643266	0.0016151617981257109	-0.032917159886140336	0.003930706130643266	0.20394736842105263	True	False	0.0023241056672682367	-0.0003446566305984428	False	0.14829645461152963	Negative Regulation Of Cdh1 Gene Transcription	False	False	True	True	False	False	2	sensitivity-dependent
kidney	R-MMU-111885_OPIOID_SIGNALLING	0.0014190849393742686	6	5	1	0.0014190849393742686	6	5	1	-0.008447829084045826	6.0	1.0	5.0	-0.008447829084045826	6.0	1.0	5.0	-0.816978824927876	0.6741573033707865	0.8671828018600327	ENSMUSG00000057614;ENSMUSG00000059173;ENSMUSG00000051177;ENSMUSG00000020431;ENSMUSG00000028525;ENSMUSG00000043004;ENSMUSG00000061718;ENSMUSG00000032766;ENSMUSG00000031842;ENSMUSG00000031659;ENSMUSG00000056220;ENSMUSG00000024697;ENSMUSG00000002997	False	False	0.8333333333333334	6	0.0			0.0014190849393742279			0.0014190849393742279	0.0014190849393742279	0.0014190849393742279	0.18421052631578946	False	False	0.0011044161652424007	0.00037026680328353074	True	0.33526021705981046	Opioid Signalling	False	False	False	True	False	True	2	sensitivity-dependent
kidney	R-MMU-9932444_ATP_DEPENDENT_CHROMATIN_REMODELERS	-0.0036445619614093555	6	1	5	-0.0036445619614093555	6	1	5	-0.002810702125393985	6.0	3.0	3.0	-0.002810702125393985	6.0	3.0	3.0	0.6531116812961146	0.9307851239669421	1.0	ENSMUSG00000062727;ENSMUSG00000078154;ENSMUSG00000061991;ENSMUSG00000101355;ENSMUSG00000071516;ENSMUSG00000069302;ENSMUSG00000069267;ENSMUSG00000060981;ENSMUSG00000094338;ENSMUSG00000061615;ENSMUSG00000069301;ENSMUSG00000101972	True	False	0.8333333333333334	6	0.0			-0.0036445619614093004	0.0010473291783251503	0.0086979898038304	0.0010473291783251503	-0.0036445619614093004	0.0086979898038304	0.35855263157894735	True	False	-0.003482153685060789	-0.0005022107167987408	True	0.14422416763319096	Atp Dependent Chromatin Remodelers	False	True	False	True	False	False	2	sensitivity-dependent
kidney	R-MMU-2500257_RESOLUTION_OF_SISTER_CHROMATID_COHESION	-0.0024088949837069583	6	2	4	-0.0024088949837069587	6	2	4	0.003760135669970933	6.0	3.0	3.0	0.003760135669970933	6.0	3.0	3.0	0.9124999930196246	0.6220806794055201	1.0	ENSMUSG00000058672;ENSMUSG00000045136;ENSMUSG00000001473;ENSMUSG00000024660;ENSMUSG00000072235;ENSMUSG00000029414;ENSMUSG00000023004;ENSMUSG00000062380;ENSMUSG00000029177;ENSMUSG00000045328	False	False	0.6666666666666666	6	0.0			-0.0024088949837069366	0.001542769716877167	0.0009762352575994167	0.0009762352575994167	-0.0024088949837069366	0.001542769716877167	0.28618421052631576	True	False	-0.0022259410899396655	-0.00225288949575591	True	1.0121065224673016	Resolution Of Sister Chromatid Cohesion	False	False	False	True	False	True	2	sensitivity-dependent
kidney	R-MMU-9855142_CELLULAR_RESPONSES_TO_MECHANICAL_STIMULI	0.0008112884528011696	6	3	3	0.0008112884528011696	6	3	3	0.006788413784543324	6.0	6.0	0.0	0.006788413784543324	6.0	6.0	0.0	1.4530554339837822	0.0390625	0.3212866317800063	ENSMUSG00000026193;ENSMUSG00000030790;ENSMUSG00000020689;ENSMUSG00000001240;ENSMUSG00000021025;ENSMUSG00000032231;ENSMUSG00000000555;ENSMUSG00000002997	True	True	0.5	6	0.0			0.0008112884528011666			0.0008112884528011666	0.0008112884528011666	0.0008112884528011666	0.125	False	False	0.0006960665889430093	-0.0016468222412149229	False	2.3658975554560873	Cellular Responses To Mechanical Stimuli	False	True	True	False	False	False	2	sensitivity-dependent
kidney	R-MMU-9842860_REGULATION_OF_ENDOGENOUS_RETROELEMENTS	0.0023259950012339188	6	4	2	0.0023259950012339188	6	4	2	-0.004341974514960827	6.0	2.0	4.0	-0.004341974514960827	6.0	2.0	4.0	0.4705281431031719	0.9958847736625515	1.0	ENSMUSG00000062727;ENSMUSG00000061991;ENSMUSG00000101355;ENSMUSG00000071516;ENSMUSG00000069302;ENSMUSG00000069267;ENSMUSG00000060981;ENSMUSG00000094338;ENSMUSG00000061615;ENSMUSG00000069301;ENSMUSG00000101972	False	True	0.6666666666666666	6	0.0			0.0023259950012339166	0.0007718627757309834	-0.008124966963026316	0.0007718627757309834	-0.008124966963026316	0.0023259950012339166	0.2730263157894737	True	False	0.0007973804028457448	-0.004882815555487413	False	6.123571055999486	Regulation Of Endogenous Retroelements	False	False	True	True	False	False	2	sensitivity-dependent
kidney	R-MMU-199418_NEGATIVE_REGULATION_OF_THE_PI3K_AKT_NETWORK	-0.011470365457602336	6	4	2	-0.011470365457602336	6	4	2	-0.00307901588574253	6.0	1.0	5.0	-0.00307901588574253	6.0	1.0	5.0	0.7769270932232308	0.8055555555555556	1.0	ENSMUSG00000024620;ENSMUSG00000055254;ENSMUSG00000029231;ENSMUSG00000059146;ENSMUSG00000024810;ENSMUSG00000024486;ENSMUSG00000041417;ENSMUSG00000038894	True	False	0.16666666666666666	6	0.0			-0.011470365457602348	0.012982026697514665		0.0007558306199561583	-0.011470365457602348	0.012982026697514665	0.46710526315789475	False	False	-0.023613607822948322	-0.04267220081453812	True	1.8071021224070705	Negative Regulation Of The Pi3K Akt Network	False	True	False	False	False	True	2	sensitivity-dependent
kidney	R-MMU-212300_PRC2_METHYLATES_HISTONES_AND_DNA	0.0006513349876929826	6	4	2	0.0006513349876929826	6	4	2	-0.0028661000940781492	6.0	3.0	3.0	-0.0028661000940781492	6.0	3.0	3.0	0.5990391374166452	0.9543094496365524	1.0	ENSMUSG00000062727;ENSMUSG00000061991;ENSMUSG00000101355;ENSMUSG00000071516;ENSMUSG00000069302;ENSMUSG00000069267;ENSMUSG00000060981;ENSMUSG00000094338;ENSMUSG00000061615;ENSMUSG00000069301;ENSMUSG00000101972	False	True	0.6666666666666666	6	0.0			0.00065133498769295	0.0030115816024795113	-0.00027127102594888325	0.00065133498769295	-0.00027127102594888325	0.0030115816024795113	0.09868421052631579	True	False	0.000542191828738602	2.663643610873741e-06	True	0.004912732855215934	Prc2 Methylates Histones And Dna	False	False	True	True	False	False	2	sensitivity-dependent
kidney	R-MMU-69473_G2_M_DNA_DAMAGE_CHECKPOINT	-0.000871814161929824	6	1	5	-0.000871814161929824	6	1	5	-0.002975102153653944	6.0	3.0	3.0	-0.002975102153653944	6.0	3.0	3.0	0.42984201981069076	0.9956188389923329	1.0	ENSMUSG00000062727;ENSMUSG00000047281;ENSMUSG00000060981;ENSMUSG00000094338	True	False	0.8333333333333334	6	0.0			-0.0008718141619297833	0.0020420071906578833		0.0005850965143640501	-0.0008718141619297833	0.0020420071906578833	0.12828947368421054	False	False	-0.0009071332145896656	0.00043266315167153537	False	0.47695657563067745	G2 M Dna Damage Checkpoint	False	True	False	True	False	False	2	sensitivity-dependent
kidney	R-MMU-9769739_REGULATION_OF_CLOTTING_CASCADE	0.0003883754883260227	6	3	3	0.0003883754883260227	6	3	3	0.0030813791719785685	6.0	4.0	2.0	0.0030813791719785685	6.0	4.0	2.0	1.0086818671088198	0.4952978056426332	1.0	ENSMUSG00000048376;ENSMUSG00000058571;ENSMUSG00000074743;ENSMUSG00000023224;ENSMUSG00000026249;ENSMUSG00000025743;ENSMUSG00000020592;ENSMUSG00000034220;ENSMUSG00000027611;ENSMUSG00000037411;ENSMUSG00000027249;ENSMUSG00000022912;ENSMUSG00000031444	True	True	0.16666666666666666	6	0.0			0.00038837548832600013	-0.04115798072514617	0.04971223054385962	0.00038837548832600013	-0.04115798072514617	0.04971223054385962	0.049342105263157895	True	False	0.0005595764686132229	-0.00207776907167433	False	3.713110161375417	Regulation Of Clotting Cascade	False	True	True	False	False	False	2	sensitivity-dependent
kidney	R-MMU-110330_RECOGNITION_AND_ASSOCIATION_OF_DNA_GLYCOSYLASE_WITH_SITE_CONTAINING_AN_AFFECTED_PURINE	-6.667256479093535e-05	6	4	2	-6.667256479093535e-05	6	4	2	-0.001330514666500753	6.0	4.0	2.0	-0.001330514666500753	6.0	4.0	2.0	0.6335587742901089	0.9272918861959958	1.0	ENSMUSG00000062727;ENSMUSG00000061991;ENSMUSG00000071516;ENSMUSG00000069302;ENSMUSG00000060981;ENSMUSG00000094338;ENSMUSG00000061615;ENSMUSG00000069301;ENSMUSG00000094777;ENSMUSG00000069300	True	False	0.0	6	0.0			-6.667256479093336e-05	0.0006786715666081998	-0.00021777520868274995	-6.667256479093336e-05	-0.00021777520868274995	0.0006786715666081998	0.013157894736842105	True	False	-0.0001265783522378418	-0.000334705696684706	True	2.6442570215781536	Recognition And Association Of Dna Glycosylase With Site Containing An Affected Purine	False	True	False	False	False	True	2	sensitivity-dependent
kidney	R-MMU-9909648_REGULATION_OF_PD_L1_CD274_EXPRESSION	-0.0006262039314327538	6	3	3	-0.0006262039314327538	6	3	3	-0.004533904339312726	6.0	2.0	4.0	-0.004533904339312726	6.0	2.0	4.0	0.4499885743685122	0.9958549222797928	1.0	ENSMUSG00000062727;ENSMUSG00000061991;ENSMUSG00000101355;ENSMUSG00000071516;ENSMUSG00000069302;ENSMUSG00000069267;ENSMUSG00000060981;ENSMUSG00000094338;ENSMUSG00000061615;ENSMUSG00000069301;ENSMUSG00000101972	True	False	0.16666666666666666	6	0.0			-0.0006262039314327665	0.03315006709269001	-8.927756622808512e-05	-8.927756622808512e-05	-0.0006262039314327665	0.03315006709269001	0.08223684210526316	True	False	-0.0024852413549012148	-0.006835279789908295	True	2.750348482825721	Regulation Of Pd L1 Cd274 Expression	False	True	False	False	False	True	2	sensitivity-dependent
kidney	R-MMU-1236975_ANTIGEN_PROCESSING_CROSS_PRESENTATION	-0.00010791322627485402	6	3	3	-0.00010791322627485405	6	3	3	-0.00221755889104402	6.0	3.0	3.0	-0.00221755889104402	6.0	3.0	3.0	0.8696829193236179	0.6812705366922235	1.0	ENSMUSG00000020695	True	False	0.16666666666666666	6	0.0			-0.00010791322627486669			-0.00010791322627486669	-0.00010791322627486669	-0.00010791322627486669	0.01644736842105263	False	False	2.1370973263677137e-05	0.0010505447368068896	True	49.15755234191569	Antigen Processing Cross Presentation	False	True	False	False	False	True	2	sensitivity-dependent
kidney	R-MMU-73929_BASE_EXCISION_REPAIR_AP_SITE_FORMATION	0.0017321337956704682	6	3	3	0.0017321337956704682	6	3	3	-0.001330514666500753	6.0	4.0	2.0	-0.001330514666500753	6.0	4.0	2.0	0.6335587742901089	0.9272918861959958	1.0	ENSMUSG00000062727;ENSMUSG00000061991;ENSMUSG00000071516;ENSMUSG00000069302;ENSMUSG00000060981;ENSMUSG00000094338;ENSMUSG00000061615;ENSMUSG00000069301;ENSMUSG00000094777;ENSMUSG00000069300	False	True	0.5	6	0.0			0.0017321337956704836	-0.004189208741241217	-0.00011117365438303264	-0.00011117365438303264	-0.004189208741241217	0.0017321337956704836	0.21710526315789475	True	False	0.0017536729791344985	0.0007294313240306743	True	0.4159448954905351	Base Excision Repair Ap Site Formation	False	False	True	False	False	True	2	sensitivity-dependent
kidney	R-MMU-9937850_NURD_COMPLEX_ASSEMBLY	-0.00012172305662280635	6	3	3	-0.00012172305662280635	6	3	3	-0.002348066620628595	6.0	3.0	3.0	-0.002348066620628595	6.0	3.0	3.0	0.6791843807546434	0.9118257261410788	1.0	ENSMUSG00000062727;ENSMUSG00000078154;ENSMUSG00000061991;ENSMUSG00000101355;ENSMUSG00000071516;ENSMUSG00000069302;ENSMUSG00000069267;ENSMUSG00000060981;ENSMUSG00000094338;ENSMUSG00000061615;ENSMUSG00000069301;ENSMUSG00000101972	True	False	0.0	6	0.0			-0.00012172305662278323	-0.0166284171332164	0.02772162582308473	-0.00012172305662278323	-0.0166284171332164	0.02772162582308473	0.019736842105263157	True	False	0.0013145048978723394	0.007002865631720892	True	5.3273788808666644	Nurd Complex Assembly	False	True	False	False	False	True	2	sensitivity-dependent
kidney	R-MMU-166786_CREATION_OF_C4_AND_C2_ACTIVATORS	-0.00015459828703216237	6	2	4	-0.00015459828703216237	6	2	4	-0.0005507161630110372	6.0	3.0	3.0	-0.0005507161630110372	6.0	3.0	3.0	0.39402076940716707	1.0	1.0	ENSMUSG00000022887;ENSMUSG00000076615;ENSMUSG00000076612;ENSMUSG00000055172;ENSMUSG00000036905;ENSMUSG00000026938;ENSMUSG00000036896;ENSMUSG00000036887	True	False	0.16666666666666666	6	0.0			-0.00015459828703211944			-0.00015459828703211944	-0.00015459828703211944	-0.00015459828703211944	0.02631578947368421	False	False	0.0011104687345022794	0.006649307280210513	True	5.9878383547563665	Creation Of C4 And C2 Activators	False	True	False	False	False	True	2	sensitivity-dependent
kidney	R-MMU-1793185_CHONDROITIN_SULFATE_DERMATAN_SULFATE_METABOLISM	0.0018950123025979536	6	5	1	0.001895012302597954	6	5	1	-0.00027591616212552006	6.0	3.0	3.0	-0.00027591616212552006	6.0	3.0	3.0	1.482146364878672	0.0259009009009009	0.3207804028433782	ENSMUSG00000010051;ENSMUSG00000021614;ENSMUSG00000030930;ENSMUSG00000031375;ENSMUSG00000032911	False	True	0.8333333333333334	6	0.0			0.0018950123025979334	-0.002211935500738333		-0.00015846159907019985	-0.002211935500738333	0.0018950123025979334	0.24013157894736842	False	False	0.0022707406684346508	-0.0010394379934816646	False	0.45775284158635676	Chondroitin Sulfate Dermatan Sulfate Metabolism	False	False	True	True	False	False	2	sensitivity-dependent
kidney	R-MMU-3108232_SUMO_E3_LIGASES_SUMOYLATE_TARGET_PROTEINS	-0.0004958489894861113	6	1	5	-0.0004958489894861113	6	1	5	-0.001580080960440891	6.0	3.0	3.0	-0.001580080960440891	6.0	3.0	3.0	0.816806540554813	0.7668776371308017	1.0	ENSMUSG00000021025;ENSMUSG00000058756;ENSMUSG00000024660;ENSMUSG00000043099;ENSMUSG00000030091;ENSMUSG00000022475;ENSMUSG00000060981;ENSMUSG00000022479;ENSMUSG00000025225;ENSMUSG00000047638	True	False	0.8333333333333334	6	0.0			-0.0004958489894860834	-0.00064614525254855	0.005715706906432698	-0.0004958489894860834	-0.00064614525254855	0.005715706906432698	0.0625	True	False	-0.0005926719270368541	0.0015466817636514637	False	2.6096761008815026	Sumo E3 Ligases Sumoylate Target Proteins	False	True	False	True	False	False	2	sensitivity-dependent
kidney	R-MMU-774815_NUCLEOSOME_ASSEMBLY	0.0009443876600657896	6	4	2	0.0009443876600657896	6	4	2	-0.0007810032772264432	6.0	4.0	2.0	-0.0007810032772264432	6.0	4.0	2.0	0.7441186535114862	0.8430962343096234	1.0	ENSMUSG00000062727;ENSMUSG00000061991;ENSMUSG00000044783;ENSMUSG00000071516;ENSMUSG00000069302;ENSMUSG00000060981;ENSMUSG00000094338;ENSMUSG00000061615;ENSMUSG00000069301;ENSMUSG00000029177	False	True	0.6666666666666666	6	0.0			0.00094438766006575	-0.0046737199086988495	-0.0012512624601122666	-0.0012512624601122666	-0.0046737199086988495	0.00094438766006575	0.13157894736842105	True	False	0.001735384787857143	-0.0004437840822911839	False	0.2557266177486605	Nucleosome Assembly	False	False	True	True	False	False	2	sensitivity-dependent
kidney	R-MMU-170834_SIGNALING_BY_TGF_BETA_RECEPTOR_COMPLEX	-0.0012940184176198828	6	2	4	-0.0012940184176198828	6	2	4	0.004020221410996495	6.0	3.0	3.0	0.004020221410996495	6.0	3.0	3.0	1.3701319145590096	0.0642781875658588	0.4885952953356137	ENSMUSG00000027204;ENSMUSG00000040488;ENSMUSG00000021253;ENSMUSG00000020689;ENSMUSG00000039239;ENSMUSG00000068876;ENSMUSG00000002603;ENSMUSG00000062175;ENSMUSG00000002020;ENSMUSG00000029287;ENSMUSG00000001870;ENSMUSG00000026971;ENSMUSG00000024940;ENSMUSG00000032440	False	False	0.6666666666666666	6	0.0			-0.00129401841761985	0.00021423797506813337	-0.007371121767543833	-0.00129401841761985	-0.007371121767543833	0.00021423797506813337	0.16447368421052633	True	False	-0.0017011200020250758	-0.0015392042904571106	True	0.9048181719248408	Signaling By Tgf Beta Receptor Complex	False	False	False	True	False	True	2	sensitivity-dependent
kidney	R-MMU-983168_ANTIGEN_PROCESSING_UBIQUITINATION_PROTEASOME_DEGRADATION	0.005613935494152104	6	3	3	0.005613935494152104	6	3	3	0.0006703555026420031	6.0	2.0	4.0	0.0006703555026420031	6.0	2.0	4.0	1.049465358590467	0.4227467811158798	1.0	ENSMUSG00000039911;ENSMUSG00000017677;ENSMUSG00000027078;ENSMUSG00000032596;ENSMUSG00000053113;ENSMUSG00000038175;ENSMUSG00000042807;ENSMUSG00000042607;ENSMUSG00000070327	True	True	0.0	6	0.0			0.005613935494152099	-0.008229084140953217		-0.001307574323400559	-0.008229084140953217	0.005613935494152099	0.40131578947368424	False	False	-8.971486322190681e-05	0.036338335053899	False	405.04252861666083	Antigen Processing Ubiquitination Proteasome Degradation	False	True	True	False	False	False	2	sensitivity-dependent
kidney	R-MMU-6811558_PI5P_PP2A_AND_IER3_REGULATE_PI3K_AKT_SIGNALING	-0.0014641864970697362	6	1	5	-0.0014641864970697362	6	1	5	-0.0031190417548986743	6.0	1.0	5.0	-0.0031190417548986743	6.0	1.0	5.0	0.803512022939357	0.7769784172661871	1.0	ENSMUSG00000024620;ENSMUSG00000055254;ENSMUSG00000029231;ENSMUSG00000059146;ENSMUSG00000024810;ENSMUSG00000024486;ENSMUSG00000041417;ENSMUSG00000038894	True	False	0.8333333333333334	6	0.0			-0.0014641864970696833	-0.004780114306497049	0.008372042595964933	-0.0014641864970696833	-0.004780114306497049	0.008372042595964933	0.19078947368421054	True	False	-0.0012587789220896656	0.0008026343679874898	False	0.6376293357812647	Pi5P Pp2A And Ier3 Regulate Pi3K Akt Signaling	False	True	False	True	False	False	2	sensitivity-dependent
kidney	R-MMU-9843940_REGULATION_OF_ENDOGENOUS_RETROELEMENTS_BY_KRAB_ZFP_PROTEINS	0.0005665421024853857	6	3	3	0.0005665421024853859	6	3	3	-0.004341974514960827	6.0	2.0	4.0	-0.004341974514960827	6.0	2.0	4.0	0.4705281431031719	0.9958847736625515	1.0	ENSMUSG00000062727;ENSMUSG00000061991;ENSMUSG00000101355;ENSMUSG00000071516;ENSMUSG00000069302;ENSMUSG00000069267;ENSMUSG00000060981;ENSMUSG00000094338;ENSMUSG00000061615;ENSMUSG00000069301;ENSMUSG00000101972	False	True	0.0	6	0.0			0.0005665421024853833		-0.0035074698324707165	-0.0014704638649926667	-0.0035074698324707165	0.0005665421024853833	0.06907894736842106	False	False	-0.0017560658967325207	-0.016784588310091247	True	9.55806290716198	Regulation Of Endogenous Retroelements By Krab Zfp Proteins	False	False	True	False	False	True	2	sensitivity-dependent
kidney	R-MMU-5617833_CILIUM_ASSEMBLY	4.492732456133167e-05	6	2	4	4.492732456133167e-05	6	2	4	0.005487607392544255	6.0	4.0	2.0	0.005487607392544255	6.0	4.0	2.0	1.2317081681928344	0.20331491712707184	0.7287519358685832	ENSMUSG00000058672;ENSMUSG00000045136;ENSMUSG00000001473;ENSMUSG00000002997;ENSMUSG00000072235;ENSMUSG00000079707;ENSMUSG00000001525;ENSMUSG00000023004;ENSMUSG00000032855;ENSMUSG00000023764;ENSMUSG00000062380	True	True	0.0	6	0.0			4.492732456133399e-05	-0.0014869412836256502	-0.034788884356725176	-0.0014869412836256502	-0.034788884356725176	4.492732456133399e-05	0.009868421052631578	True	False	-0.0035740706306990654	0.0002792199439166538	False	0.07812379014514331	Cilium Assembly	False	True	True	False	False	False	2	sensitivity-dependent
kidney	R-MMU-9841922_MLL4_AND_MLL3_COMPLEXES_REGULATE_EXPRESSION_OF_PPARG_TARGET_GENES_IN_ADIPOGENESIS_AND_HEPATIC_STEATOSIS	-0.0017364034345087747	6	2	4	-0.0017364034345087747	6	2	4	-0.0028661000940781492	6.0	3.0	3.0	-0.0028661000940781492	6.0	3.0	3.0	0.5990391374166452	0.9543094496365524	1.0	ENSMUSG00000062727;ENSMUSG00000061991;ENSMUSG00000101355;ENSMUSG00000071516;ENSMUSG00000069302;ENSMUSG00000069267;ENSMUSG00000060981;ENSMUSG00000094338;ENSMUSG00000061615;ENSMUSG00000069301;ENSMUSG00000101972	True	False	0.6666666666666666	6	0.0			-0.00173640343450875	-0.021196373372017532	0.015952039137543884	-0.00173640343450875	-0.021196373372017532	0.015952039137543884	0.22039473684210525	True	False	-0.001058119021272796	0.0013543783782502328	False	1.279986798291435	Mll4 And Mll3 Complexes Regulate Expression Of Pparg Target Genes In Adipogenesis And Hepatic Steatosis	False	True	False	True	False	False	2	sensitivity-dependent
kidney	R-MMU-69620_CELL_CYCLE_CHECKPOINTS	0.0013685170099912286	6	4	2	0.0013685170099912286	6	4	2	-7.49786372011239e-05	6.0	3.0	3.0	-7.49786372011239e-05	6.0	3.0	3.0	0.7415851623802916	0.8600612870275791	1.0	ENSMUSG00000023067;ENSMUSG00000062727;ENSMUSG00000028680;ENSMUSG00000041859;ENSMUSG00000024660;ENSMUSG00000029414;ENSMUSG00000047281;ENSMUSG00000060981;ENSMUSG00000094338;ENSMUSG00000029177;ENSMUSG00000045328	False	True	0.6666666666666666	6	0.0			0.0013685170099912167	-0.0017844121326754498	-0.04933391477485385	-0.0017844121326754498	-0.04933391477485385	0.0013685170099912167	0.17763157894736842	True	False	0.0006628050580661104	-0.0022206900644122546	False	3.3504422414814394	Cell Cycle Checkpoints	False	False	True	True	False	False	2	sensitivity-dependent
kidney	R-MMU-5693571_NONHOMOLOGOUS_END_JOINING_NHEJ	-0.0018472401720438592	6	1	5	-0.0018472401720438592	6	1	5	-0.0012877096316385543	6.0	4.0	2.0	-0.0012877096316385543	6.0	4.0	2.0	0.4166199194848846	0.9966178128523112	1.0	ENSMUSG00000062727	True	False	0.8333333333333334	6	0.0			-0.0018472401720438			-0.0018472401720438	-0.0018472401720438	-0.0018472401720438	0.23026315789473684	False	False	-0.0009939520030148178	-9.868935124374365e-05	True	0.09928985599345122	Nonhomologous End Joining Nhej	False	True	False	True	False	False	2	sensitivity-dependent
kidney	R-MMU-9860931_RESPONSE_OF_ENDOTHELIAL_CELLS_TO_SHEAR_STRESS	-0.0019250937340827487	6	0	6	-0.0019250937340827487	6	0	6	0.006788413784543324	6.0	6.0	0.0	0.006788413784543324	6.0	6.0	0.0	1.4530554339837822	0.0390625	0.3212866317800063	ENSMUSG00000026193;ENSMUSG00000030790;ENSMUSG00000020689;ENSMUSG00000001240;ENSMUSG00000021025;ENSMUSG00000032231;ENSMUSG00000000555;ENSMUSG00000002997	False	False	1.0	6	0.0			-0.0019250937340826943			-0.0019250937340826943	-0.0019250937340826943	-0.0019250937340826943	0.24342105263157895	False	False	-0.0019198189080577507	-0.0007597370012927921	True	0.39573367993411707	Response Of Endothelial Cells To Shear Stress	False	False	False	True	False	True	2	sensitivity-dependent
kidney	R-MMU-2299718_CONDENSATION_OF_PROPHASE_CHROMOSOMES	-0.00238635887729678	6	2	4	-0.00238635887729678	6	2	4	-0.0035699983828592166	6.0	2.0	4.0	-0.0035699983828592166	6.0	2.0	4.0	0.505293795615881	0.9897225077081192	1.0	ENSMUSG00000062727;ENSMUSG00000061991;ENSMUSG00000101355;ENSMUSG00000071516;ENSMUSG00000069302;ENSMUSG00000069267;ENSMUSG00000060981;ENSMUSG00000094338;ENSMUSG00000061615;ENSMUSG00000069301;ENSMUSG00000101972	True	False	0.6666666666666666	6	0.0			-0.0023863588772967503	-0.0019301817522309834	0.02632521392076025	-0.0019301817522309834	-0.0023863588772967503	0.02632521392076025	0.27631578947368424	True	False	-0.0012402759793958965	0.008473828695081325	False	6.832212213937005	Condensation Of Prophase Chromosomes	False	True	False	True	False	False	2	sensitivity-dependent
kidney	R-MMU-157579_TELOMERE_MAINTENANCE	-0.0024491375426286552	6	3	3	-0.0024491375426286552	6	3	3	-0.0024924612247982925	6.0	3.0	3.0	-0.0024924612247982925	6.0	3.0	3.0	0.5609886089381377	0.9631578947368421	1.0	ENSMUSG00000062727;ENSMUSG00000061991;ENSMUSG00000071516;ENSMUSG00000069302;ENSMUSG00000060981;ENSMUSG00000094338;ENSMUSG00000061615;ENSMUSG00000069301;ENSMUSG00000094777;ENSMUSG00000069300	True	False	0.5	6	0.0			-0.002449137542628667	-0.0020491769782192666	-0.0018224837199239668	-0.0020491769782192666	-0.002449137542628667	-0.0018224837199239668	0.29276315789473684	True	True	-0.0022492701262006084	0.008436253704581054	False	3.7506627622495885	Telomere Maintenance	False	True	False	False	True	False	2	sensitivity-dependent
kidney	R-MMU-69275_G2_M_TRANSITION	-0.00022614390885818732	6	3	3	-0.0002261439088581874	6	3	3	0.003174246092512493	6.0	2.0	4.0	0.003174246092512493	6.0	2.0	4.0	1.1333671842046316	0.3057591623036649	0.9342971719090206	ENSMUSG00000023067;ENSMUSG00000058672;ENSMUSG00000045136;ENSMUSG00000001473;ENSMUSG00000002997;ENSMUSG00000072235;ENSMUSG00000001525;ENSMUSG00000023004;ENSMUSG00000044783;ENSMUSG00000023764;ENSMUSG00000062380	False	False	0.3333333333333333	6	0.0			-0.00022614390885818345	-0.004851364858818683	-0.002977058459912283	-0.002977058459912283	-0.004851364858818683	-0.00022614390885818345	0.03289473684210526	True	True	-0.00027925147377279595	-0.0004975538175648771	True	1.7817410624292565	G2 M Transition	False	False	False	False	True	True	2	sensitivity-dependent
kidney	R-MMU-69481_G2_M_CHECKPOINTS	-0.003000773597163744	6	2	4	-0.003000773597163744	6	2	4	-0.003436048356563077	6.0	3.0	3.0	-0.003436048356563077	6.0	3.0	3.0	0.513954507145087	0.9850746268656716	1.0	ENSMUSG00000062727;ENSMUSG00000041859;ENSMUSG00000047281;ENSMUSG00000060981;ENSMUSG00000094338	True	False	0.6666666666666666	6	0.0			-0.0030007735971637334			-0.0030007735971637334	-0.0030007735971637334	-0.0030007735971637334	0.3355263157894737	False	False	-0.002852495866299392	-0.0005013905388316477	True	0.175772573329655	G2 M Checkpoints	False	True	False	True	False	False	2	sensitivity-dependent
kidney	R-MMU-112314_NEUROTRANSMITTER_RECEPTORS_AND_POSTSYNAPTIC_SIGNAL_TRANSMISSION	-0.004508774229532164	6	4	2	-0.004508774229532164	6	4	2	-0.007987109526296037	6.0	0.0	6.0	-0.007987109526296037	6.0	0.0	6.0	-0.7290205748097167	0.8913043478260869	0.905693726151045	ENSMUSG00000033676;ENSMUSG00000052572	True	True	0.16666666666666666	6	0.0			-0.004508774229532183	0.015185310029239583	-0.014909566891812798	-0.004508774229532183	-0.014909566891812798	0.015185310029239583	0.3848684210526316	True	False	-0.011075030391337387	0.0254370614178762	False	2.2967938253038507	Neurotransmitter Receptors And Postsynaptic Signal Transmission	False	True	True	False	False	False	2	sensitivity-dependent
kidney	R-MMU-5693567_HDR_THROUGH_HOMOLOGOUS_RECOMBINATION_HRR_OR_SINGLE_STRAND_ANNEALING_SSA	-0.005283192207492105	6	2	4	-0.005283192207492105	6	2	4	-0.0023693831697794896	6.0	3.0	3.0	-0.0023693831697794896	6.0	3.0	3.0	0.41414346791111245	0.9988876529477196	1.0	ENSMUSG00000062727	True	False	0.6666666666666666	6	0.0			-0.0052831922074920825			-0.0052831922074920825	-0.0052831922074920825	-0.0052831922074920825	0.3881578947368421	False	False	-0.0039979682667443004	2.710209558591871e-05	False	0.006778967159734109	Hdr Through Homologous Recombination Hrr Or Single Strand Annealing Ssa	False	True	False	True	False	False	2	sensitivity-dependent
kidney	R-MMU-163125_POST_TRANSLATIONAL_MODIFICATION_SYNTHESIS_OF_GPI_ANCHORED_PROTEINS	0.035083809385965004	6	5	1	0.035083809385965004	6	5	1	-0.0009477506516513551	6.0	3.0	3.0	-0.0009477506516513551	6.0	3.0	3.0	1.0445439269496513	0.4348279457768509	1.0	ENSMUSG00000022598;ENSMUSG00000030217;ENSMUSG00000046223;ENSMUSG00000054385;ENSMUSG00000063011;ENSMUSG00000032068;ENSMUSG00000034634;ENSMUSG00000022579;ENSMUSG00000020183;ENSMUSG00000074272;ENSMUSG00000028766	False	True	0.8333333333333334	6	0.0			0.03508380938596497	-0.07522876033479536	-0.005883487201754402	-0.005883487201754402	-0.07522876033479536	0.03508380938596497	0.7006578947368421	True	False	0.017860692173252306	-0.018728971862168032	False	1.0486139999778978	Post Translational Modification Synthesis Of Gpi Anchored Proteins	False	False	True	True	False	False	2	sensitivity-dependent
kidney	R-MMU-8848021_SIGNALING_BY_PTK6	-0.005377150336257186	6	3	3	-0.005377150336257186	6	3	3	-0.007376601093440141	6.0	3.0	3.0	-0.007376601093440141	6.0	3.0	3.0	-1.0494746899398655	0.3465346534653465	0.5969938210626222	ENSMUSG00000070348;ENSMUSG00000062209;ENSMUSG00000062991;ENSMUSG00000028017;ENSMUSG00000036273;ENSMUSG00000029377;ENSMUSG00000029816	True	True	0.16666666666666666	6	0.0			-0.005377150336257186	-0.009193432652046635		-0.0072852914941519105	-0.009193432652046635	-0.005377150336257186	0.39473684210526316	False	False	-0.014077824620060799	0.005820362556496917	False	0.41344189983748925	Signaling By Ptk6	False	True	True	False	False	False	2	sensitivity-dependent
kidney	R-MMU-8878171_TRANSCRIPTIONAL_REGULATION_BY_RUNX1	0.004028301041251753	6	6	0	0.004028301041251753	6	6	0	-0.003754500933164978	6.0	2.0	4.0	-0.003754500933164978	6.0	2.0	4.0	-0.7719923927222967	0.8823529411764706	0.8858345102537347	ENSMUSG00000069303;ENSMUSG00000070348;ENSMUSG00000093769;ENSMUSG00000018102;ENSMUSG00000019768;ENSMUSG00000081058;ENSMUSG00000014030;ENSMUSG00000064220;ENSMUSG00000064288;ENSMUSG00000095217;ENSMUSG00000068240;ENSMUSG00000071478;ENSMUSG00000094248;ENSMUSG00000061436;ENSMUSG00000069308;ENSMUSG00000063954;ENSMUSG00000069272;ENSMUSG00000040274;ENSMUSG00000069305;ENSMUSG00000074403;ENSMUSG00000069306;ENSMUSG00000002028;ENSMUSG00000069266;ENSMUSG00000021477;ENSMUSG00000058385;ENSMUSG00000099517;ENSMUSG00000069309;ENSMUSG00000015619;ENSMUSG00000069300;ENSMUSG00000094777;ENSMUSG00000015053;ENSMUSG00000032698;ENSMUSG00000000184;ENSMUSG00000101972;ENSMUSG00000069301;ENSMUSG00000061615;ENSMUSG00000094338;ENSMUSG00000060981;ENSMUSG00000069267;ENSMUSG00000069302;ENSMUSG00000071516;ENSMUSG00000048154;ENSMUSG00000101355	False	False	1.0	6	0.0			0.004028301041251683	-0.030685358374268983	-0.0076155294711882674	-0.0076155294711882674	-0.030685358374268983	0.004028301041251683	0.3717105263157895	True	False	0.004337572120485561	0.0013968632753868274	True	0.3220380518377313	Transcriptional Regulation By Runx1	False	False	False	True	False	True	2	sensitivity-dependent
kidney	R-MMU-3700989_TRANSCRIPTIONAL_REGULATION_BY_TP53	0.003332659660000001	6	3	3	0.003332659660000001	6	3	3	0.00023613659251658	6.0	3.0	3.0	0.00023613659251658	6.0	3.0	3.0	0.9687320097358593	0.5563598759048604	1.0	ENSMUSG00000023067;ENSMUSG00000020423;ENSMUSG00000020108;ENSMUSG00000028680;ENSMUSG00000020427	True	True	0.5	6	0.0			0.0033326596600000164	-0.020076534339017533		-0.008371937339508757	-0.020076534339017533	0.0033326596600000164	0.34868421052631576	False	False	0.0006538553593085107	-0.001464689309518444	False	2.240081523637638	Transcriptional Regulation By Tp53	False	True	True	False	False	False	2	sensitivity-dependent
kidney	R-MMU-2682334_EPH_EPHRIN_SIGNALING	-0.008874993115997072	6	2	4	-0.008874993115997072	6	2	4	-0.001342010738094735	6.0	3.0	3.0	-0.001342010738094735	6.0	3.0	3.0	0.9761007307210525	0.5379537953795379	1.0	ENSMUSG00000006445;ENSMUSG00000031217;ENSMUSG00000031740;ENSMUSG00000029622;ENSMUSG00000001300;ENSMUSG00000031284;ENSMUSG00000020580;ENSMUSG00000019843;ENSMUSG00000026235	True	False	0.6666666666666666	6	0.0			-0.008874993115997066			-0.008874993115997066	-0.008874993115997066	-0.008874993115997066	0.4407894736842105	False	False	-0.012050248203373864	0.004748447390781372	False	0.3940539074914563	Eph Ephrin Signaling	False	True	False	True	False	False	2	sensitivity-dependent
kidney	R-MMU-2990846_SUMOYLATION	-0.016956409116959132	6	2	4	-0.016956409116959132	6	2	4	-0.001580080960440891	6.0	3.0	3.0	-0.001580080960440891	6.0	3.0	3.0	0.816806540554813	0.7668776371308017	1.0	ENSMUSG00000021025;ENSMUSG00000058756;ENSMUSG00000024660;ENSMUSG00000043099;ENSMUSG00000030091;ENSMUSG00000022475;ENSMUSG00000060981;ENSMUSG00000022479;ENSMUSG00000025225;ENSMUSG00000047638	True	False	0.6666666666666666	6	0.0			-0.016956409116959118	0.0005704258725146004	-0.009268621122807	-0.009268621122807	-0.016956409116959118	0.0005704258725146004	0.5328947368421053	True	False	-0.01664087481382979	-0.0011813783758415665	True	0.07099256433680723	Sumoylation	False	True	False	True	False	False	2	sensitivity-dependent
kidney	R-MMU-9013149_RAC1_GTPASE_CYCLE	-0.05661961424897665	6	3	3	-0.05661961424897666	6	3	3	-0.0008175443863432304	6.0	2.0	4.0	-0.0008175443863432304	6.0	2.0	4.0	0.9828484939945056	0.5438950554994955	1.0	ENSMUSG00000032135;ENSMUSG00000006445;ENSMUSG00000034037;ENSMUSG00000032198;ENSMUSG00000037552;ENSMUSG00000039621;ENSMUSG00000025366;ENSMUSG00000022799;ENSMUSG00000020121;ENSMUSG00000041598;ENSMUSG00000031523;ENSMUSG00000049521;ENSMUSG00000032812;ENSMUSG00000038608;ENSMUSG00000030220;ENSMUSG00000041417;ENSMUSG00000024451;ENSMUSG00000031284;ENSMUSG00000019467;ENSMUSG00000030257;ENSMUSG00000001918;ENSMUSG00000040624;ENSMUSG00000052609;ENSMUSG00000037709;ENSMUSG00000022797;ENSMUSG00000028698;ENSMUSG00000028919;ENSMUSG00000057315;ENSMUSG00000074923;ENSMUSG00000028068	True	False	0.5	6	0.3333333333333333	0.0	2.0	-0.05661961424897665	-0.010758520889619901	0.0003877680642251161	-0.010758520889619901	-0.05661961424897665	0.0003877680642251161	0.8486842105263158	True	False	-0.05630044820353344	-0.06089513248679687	True	1.0816100835761209	Rac1 Gtpase Cycle	False	True	False	False	False	True	2	sensitivity-dependent
kidney	R-MMU-9975921_ASSEMBLY_OF_THE_9_0_PRIMARY_CILIUM	-0.002161431228070221	6	3	3	-0.002161431228070221	6	3	3	0.005487607392544255	6.0	4.0	2.0	0.005487607392544255	6.0	4.0	2.0	1.2317081681928344	0.20331491712707184	0.7287519358685832	ENSMUSG00000058672;ENSMUSG00000045136;ENSMUSG00000001473;ENSMUSG00000002997;ENSMUSG00000072235;ENSMUSG00000079707;ENSMUSG00000001525;ENSMUSG00000023004;ENSMUSG00000032855;ENSMUSG00000023764;ENSMUSG00000062380	False	False	0.16666666666666666	6	0.0			-0.002161431228070217	-0.0111985238157896	-0.024756173135964885	-0.0111985238157896	-0.024756173135964885	-0.002161431228070217	0.2631578947368421	True	True	0.0013413988601823673	0.0034213265671386365	True	2.550566180348101	Assembly Of The 9 0 Primary Cilium	False	False	False	False	True	True	2	sensitivity-dependent
kidney	R-MMU-8963899_PLASMA_LIPOPROTEIN_REMODELING	0.020596499934210404	6	3	3	0.020596499934210404	6	3	3	-0.0013543308805970683	6.0	1.0	5.0	-0.0013543308805970683	6.0	1.0	5.0	0.7813879938208063	0.7836065573770492	1.0	ENSMUSG00000032083;ENSMUSG00000032080	False	True	0.5	6	0.0			0.020596499934210397	-0.04356075538185672		-0.011482127723823161	-0.04356075538185672	0.020596499934210397	0.5657894736842105	False	False	0.03297674635258358	0.04132883264847449	True	1.2532719937434507	Plasma Lipoprotein Remodeling	False	False	True	False	False	True	2	sensitivity-dependent
kidney	R-MMU-3858494_BETA_CATENIN_INDEPENDENT_WNT_SIGNALING	-0.011698900788011687	6	3	3	-0.011698900788011687	6	3	3	-0.004126588353567933	6.0	2.0	4.0	-0.004126588353567933	6.0	2.0	4.0	0.7632977426797292	0.7956043956043956	1.0	ENSMUSG00000031748;ENSMUSG00000036856	True	False	0.3333333333333333	6	0.0			-0.011698900788011701	-0.012217480880116949	0.04090667560760231	-0.011698900788011701	-0.012217480880116949	0.04090667560760231	0.4769736842105263	True	False	0.002640760098784194	0.01372827266406654	True	5.198606518777315	Beta Catenin Independent Wnt Signaling	False	True	False	False	False	True	2	sensitivity-dependent
kidney	R-MMU-2559586_DNA_DAMAGE_TELOMERE_STRESS_INDUCED_SENESCENCE	-0.013156837917514689	6	3	3	-0.013156837917514689	6	3	3	0.001022084251564655	6.0	4.0	2.0	0.001022084251564655	6.0	4.0	2.0	0.8338355632821169	0.7512899896800825	1.0	ENSMUSG00000023067;ENSMUSG00000062727;ENSMUSG00000046711;ENSMUSG00000061991;ENSMUSG00000051627;ENSMUSG00000071516;ENSMUSG00000069302;ENSMUSG00000060981;ENSMUSG00000094338;ENSMUSG00000052565;ENSMUSG00000061615;ENSMUSG00000069301	False	False	0.16666666666666666	6	0.0			-0.013156837917514699	-0.02056399317119889	-0.004790101986695873	-0.013156837917514699	-0.02056399317119889	-0.004790101986695873	0.4901315789473684	True	True	-0.023942021745402723	-0.16244934547770393	True	6.785113939214301	Dna Damage Telomere Stress Induced Senescence	False	False	False	False	True	True	2	sensitivity-dependent
kidney	R-MMU-983169_CLASS_I_MHC_MEDIATED_ANTIGEN_PROCESSING_PRESENTATION	-0.002678043080409309	6	3	3	-0.002678043080409309	6	3	3	-0.0013273182819293532	6.0	1.0	5.0	-0.0013273182819293532	6.0	1.0	5.0	0.841518160779685	0.7540816326530613	1.0	ENSMUSG00000020695;ENSMUSG00000039911;ENSMUSG00000017677;ENSMUSG00000027078;ENSMUSG00000032596;ENSMUSG00000053113;ENSMUSG00000026712;ENSMUSG00000038175;ENSMUSG00000078153;ENSMUSG00000042807;ENSMUSG00000042607;ENSMUSG00000070327;ENSMUSG00000024339	True	False	0.3333333333333333	6	0.0			-0.002678043080409332	-0.0247574595950292	-0.016936552855263194	-0.016936552855263194	-0.0247574595950292	-0.002678043080409332	0.3157894736842105	True	True	0.010101649205927054	0.0022192616333189656	True	0.2196930014177124	Class I Mhc Mediated Antigen Processing Presentation	False	True	False	False	True	False	2	sensitivity-dependent
kidney	R-MMU-1257604_PIP3_ACTIVATES_AKT_SIGNALING	-0.00257914540350875	6	4	2	-0.00257914540350875	6	4	2	4.7074706407167675e-05	6.0	3.0	3.0	4.7074706407167675e-05	6.0	3.0	3.0	1.2071800991268307	0.18375634517766498	0.7668072248194842	ENSMUSG00000023034;ENSMUSG00000023067;ENSMUSG00000024620;ENSMUSG00000055254;ENSMUSG00000029231	False	False	0.0	6	0.0			-0.002579145403508782	-0.03714103611111107	-0.01760454182163735	-0.01760454182163735	-0.03714103611111107	-0.002579145403508782	0.3026315789473684	True	True	0.010425382424392097	0.028854554149169293	True	2.767721410550731	Pip3 Activates Akt Signaling	False	False	False	False	True	True	2	sensitivity-dependent
kidney	R-MMU-9955298_SLC_MEDIATED_TRANSPORT_OF_ORGANIC_ANIONS	-0.026903328039473734	6	2	4	-0.026903328039473734	6	2	4	0.0021354873731213217	6.0	4.0	2.0	0.0021354873731213217	6.0	4.0	2.0	1.060497436565249	0.41120507399577166	1.0	ENSMUSG00000032548;ENSMUSG00000030737;ENSMUSG00000038963;ENSMUSG00000029321;ENSMUSG00000032902;ENSMUSG00000061742;ENSMUSG00000025792	False	False	0.6666666666666666	6	0.0			-0.026903328039473717	-0.019655741574561465	-0.019696874750000083	-0.019696874750000083	-0.026903328039473717	-0.019655741574561465	0.6217105263157895	True	True	-0.012414366652735572	-0.000741538540143783	True	0.05973228928117578	Slc Mediated Transport Of Organic Anions	False	False	False	True	True	False	2	sensitivity-dependent
kidney	R-MMU-983705_SIGNALING_BY_THE_B_CELL_RECEPTOR_BCR	-0.040525694921052645	6	2	4	-0.040525694921052645	6	2	4	0.0008269279573059873	6.0	4.0	2.0	0.0008269279573059873	6.0	4.0	2.0	1.025376004198365	0.4472252448313384	1.0	ENSMUSG00000021025;ENSMUSG00000042644;ENSMUSG00000040592;ENSMUSG00000021457;ENSMUSG00000041417;ENSMUSG00000071042	False	False	0.6666666666666666	6	0.0			-0.04052569492105262	0.03427132787285227	-0.025897514675438615	-0.025897514675438615	-0.04052569492105262	0.03427132787285227	0.7796052631578947	True	False	-0.036143389547872336	-0.030913976086874156	True	0.8553148023355208	Signaling By The B Cell Receptor Bcr	False	False	False	True	False	True	2	sensitivity-dependent
kidney	R-MMU-5578775_ION_HOMEOSTASIS	-0.057066599747076036	6	0	6	-0.057066599747076036	6	0	6	0.0030279918991207738	6.0	3.0	3.0	0.0030279918991207738	6.0	3.0	3.0	1.2305402762140336	0.1779475982532751	0.7223413731087013	ENSMUSG00000020788;ENSMUSG00000041329;ENSMUSG00000030409;ENSMUSG00000007097;ENSMUSG00000042644;ENSMUSG00000040907;ENSMUSG00000057092	False	False	1.0	6	0.0			-0.05706659974707598		0.004620623944444385	-0.026222987901315796	-0.05706659974707598	0.004620623944444385	0.8552631578947368	False	False	-0.04956059108662613	-0.018577880429321552	True	0.3748518736761954	Ion Homeostasis	False	False	False	True	False	True	2	sensitivity-dependent
kidney	R-MMU-9709957_SENSORY_PERCEPTION	-0.029486742619883027	6	2	4	-0.029486742619883027	6	2	4	0.00020100475289324313	6.0	3.0	3.0	0.00020100475289324313	6.0	3.0	3.0	1.014488289239179	0.49229188078108943	1.0	ENSMUSG00000040249;ENSMUSG00000032083;ENSMUSG00000032080;ENSMUSG00000058571;ENSMUSG00000024990;ENSMUSG00000025743;ENSMUSG00000042644;ENSMUSG00000020592;ENSMUSG00000066026;ENSMUSG00000034220	False	False	0.6666666666666666	6	0.0			-0.029486742619883016	-0.06896910162640348	0.01997766546783615	-0.029486742619883016	-0.06896910162640348	0.01997766546783615	0.6480263157894737	True	False	-0.0382470752887538	-0.030353083440750363	True	0.7936053465943161	Sensory Perception	False	False	False	True	False	True	2	sensitivity-dependent
kidney	R-MMU-913531_INTERFERON_SIGNALING	-0.03328802463450293	6	1	5	-0.03328802463450293	6	1	5	0.000976560404598318	6.0	3.0	3.0	0.0009765604045983183	6.0	3.0	3.0	1.1829764819643918	0.2260061919504644	0.8033231539629903	ENSMUSG00000030107;ENSMUSG00000027078;ENSMUSG00000058672;ENSMUSG00000040296;ENSMUSG00000032596;ENSMUSG00000024222;ENSMUSG00000045136;ENSMUSG00000001473;ENSMUSG00000041827;ENSMUSG00000053113;ENSMUSG00000072235;ENSMUSG00000023004;ENSMUSG00000023341;ENSMUSG00000062380;ENSMUSG00000035692;ENSMUSG00000025889;ENSMUSG00000061878;ENSMUSG00000004040	False	False	0.8333333333333334	6	0.0			-0.0332880246345029	-0.011124834678289465	-0.04008091412997068	-0.0332880246345029	-0.04008091412997068	-0.011124834678289465	0.6907894736842105	True	True	-0.01635239593844984	0.018506180524509315	False	1.131710643147725	Interferon Signaling	False	False	False	True	True	False	2	sensitivity-dependent
kidney	R-MMU-1280215_CYTOKINE_SIGNALING_IN_IMMUNE_SYSTEM	-0.036162344824561155	6	3	3	-0.036162344824561155	6	3	3	0.0009187537475830234	6.0	3.0	3.0	0.0009187537475830234	6.0	3.0	3.0	1.129672061475776	0.22322322322322322	0.9415056530502932	ENSMUSG00000021250;ENSMUSG00000027947;ENSMUSG00000005364;ENSMUSG00000030107;ENSMUSG00000022146;ENSMUSG00000005268;ENSMUSG00000027078;ENSMUSG00000021025;ENSMUSG00000058672;ENSMUSG00000014599;ENSMUSG00000007888;ENSMUSG00000040296;ENSMUSG00000020027;ENSMUSG00000020592;ENSMUSG00000026072;ENSMUSG00000034457;ENSMUSG00000032596;ENSMUSG00000024222;ENSMUSG00000045136;ENSMUSG00000052684;ENSMUSG00000001473;ENSMUSG00000024810;ENSMUSG00000028599;ENSMUSG00000041827;ENSMUSG00000053113;ENSMUSG00000072235;ENSMUSG00000023004;ENSMUSG00000021457;ENSMUSG00000101355;ENSMUSG00000041417;ENSMUSG00000026288;ENSMUSG00000034394;ENSMUSG00000038894;ENSMUSG00000023341;ENSMUSG00000069267;ENSMUSG00000062380;ENSMUSG00000030748;ENSMUSG00000020176;ENSMUSG00000023809;ENSMUSG00000025225;ENSMUSG00000035692;ENSMUSG00000032000;ENSMUSG00000101972;ENSMUSG00000025889;ENSMUSG00000061878;ENSMUSG00000004040	False	False	0.3333333333333333	6	0.0			-0.03616234482456119	-0.0683274993567254	-0.04148637192982471	-0.04148637192982471	-0.0683274993567254	-0.03616234482456119	0.7171052631578947	True	True	-0.03725256227203651	-0.03175152204209477	True	0.8523312251712932	Cytokine Signaling In Immune System	False	False	False	False	True	True	2	sensitivity-dependent
kidney	R-MMU-556833_METABOLISM_OF_LIPIDS	-0.04257512154970744	6	2	4	-0.04257512154970744	6	2	4	5.912727401236051e-05	6.0	3.0	3.0	5.912727401236051e-05	6.0	3.0	3.0	1.0388130747716104	0.403	1.0	ENSMUSG00000028715;ENSMUSG00000027875;ENSMUSG00000066072;ENSMUSG00000035686;ENSMUSG00000025153;ENSMUSG00000001642;ENSMUSG00000019232;ENSMUSG00000061740;ENSMUSG00000038754;ENSMUSG00000038567;ENSMUSG00000023019;ENSMUSG00000054422;ENSMUSG00000032487;ENSMUSG00000021884;ENSMUSG00000024087;ENSMUSG00000050860;ENSMUSG00000033174;ENSMUSG00000029762;ENSMUSG00000056091;ENSMUSG00000015090;ENSMUSG00000026827;ENSMUSG00000051483;ENSMUSG00000030278;ENSMUSG00000027580;ENSMUSG00000028517;ENSMUSG00000018924;ENSMUSG00000032281;ENSMUSG00000050737;ENSMUSG00000072949;ENSMUSG00000059743;ENSMUSG00000022215;ENSMUSG00000052131;ENSMUSG00000021759;ENSMUSG00000060807;ENSMUSG00000075296;ENSMUSG00000024526;ENSMUSG00000062515;ENSMUSG00000017969;ENSMUSG00000028712;ENSMUSG00000021226;ENSMUSG00000038007;ENSMUSG00000021263;ENSMUSG00000025509;ENSMUSG00000021228;ENSMUSG00000095143;ENSMUSG00000078597;ENSMUSG00000041220;ENSMUSG00000076435;ENSMUSG00000008035;ENSMUSG00000029368;ENSMUSG00000021214;ENSMUSG00000031844;ENSMUSG00000034853;ENSMUSG00000019278;ENSMUSG00000041417;ENSMUSG00000026288;ENSMUSG00000026170;ENSMUSG00000056220;ENSMUSG00000056035;ENSMUSG00000020865;ENSMUSG00000028497;ENSMUSG00000034926;ENSMUSG00000042289;ENSMUSG00000035540	False	False	0.6666666666666666	6	0.16666666666666666	0.0	1.0	-0.04257512154970744	-0.10246069160818722	-0.008069212266081151	-0.04257512154970744	-0.10246069160818722	-0.008069212266081151	0.7894736842105263	True	True	-0.054478756155015205	-0.008844853227275113	True	0.1623541697998344	Metabolism Of Lipids	False	False	False	True	True	False	2	sensitivity-dependent
kidney	R-MMU-8953897_CELLULAR_RESPONSES_TO_STIMULI	-0.064528838391813	6	1	5	-0.064528838391813	6	1	5	0.0010109501557172666	6.0	3.0	3.0	0.0010109501557172666	6.0	3.0	3.0	1.055108673420613	0.35771543086172347	1.0	ENSMUSG00000021250;ENSMUSG00000023067;ENSMUSG00000032083;ENSMUSG00000069919;ENSMUSG00000004328;ENSMUSG00000054422;ENSMUSG00000056501;ENSMUSG00000026193;ENSMUSG00000062727;ENSMUSG00000030790;ENSMUSG00000020689;ENSMUSG00000001240;ENSMUSG00000027580;ENSMUSG00000073802;ENSMUSG00000021025;ENSMUSG00000032060;ENSMUSG00000058672;ENSMUSG00000052305;ENSMUSG00000024140;ENSMUSG00000039005;ENSMUSG00000032035;ENSMUSG00000032231;ENSMUSG00000024222;ENSMUSG00000000555;ENSMUSG00000042745;ENSMUSG00000045136;ENSMUSG00000046711;ENSMUSG00000073940;ENSMUSG00000061991;ENSMUSG00000052684;ENSMUSG00000001473;ENSMUSG00000002997;ENSMUSG00000072235;ENSMUSG00000051627;ENSMUSG00000029368;ENSMUSG00000023004;ENSMUSG00000030091;ENSMUSG00000025092;ENSMUSG00000071516;ENSMUSG00000069302;ENSMUSG00000060981;ENSMUSG00000062380;ENSMUSG00000072941;ENSMUSG00000094338;ENSMUSG00000052565;ENSMUSG00000061615;ENSMUSG00000032802;ENSMUSG00000018476;ENSMUSG00000023809	False	False	0.8333333333333334	6	0.5	1.0	3.0	-0.06452883839181299	-0.048122871257309914	-0.035639066842105264	-0.048122871257309914	-0.06452883839181299	-0.035639066842105264	0.8914473684210527	True	True	-0.07353442154255317	0.005327456921203385	False	0.07244847799775608	Cellular Responses To Stimuli	False	False	False	True	True	False	2	sensitivity-dependent
kidney	R-MMU-71387_METABOLISM_OF_CARBOHYDRATES_AND_CARBOHYDRATE_DERIVATIVES	-0.03701469201754367	6	3	3	-0.03701469201754367	6	3	3	0.0008840771075000753	6.0	4.0	2.0	0.0008840771075000753	6.0	4.0	2.0	1.2393164651384527	0.0964824120603015	0.7407312483296602	ENSMUSG00000001642;ENSMUSG00000053279;ENSMUSG00000010051;ENSMUSG00000021614;ENSMUSG00000030930;ENSMUSG00000033849;ENSMUSG00000031375;ENSMUSG00000058571;ENSMUSG00000032648;ENSMUSG00000000628;ENSMUSG00000078650;ENSMUSG00000013846;ENSMUSG00000032114;ENSMUSG00000021456;ENSMUSG00000032911;ENSMUSG00000028307;ENSMUSG00000025743;ENSMUSG00000041577;ENSMUSG00000041559;ENSMUSG00000020592;ENSMUSG00000035273;ENSMUSG00000021196;ENSMUSG00000034220;ENSMUSG00000029162;ENSMUSG00000020277;ENSMUSG00000036446;ENSMUSG00000027513;ENSMUSG00000030091;ENSMUSG00000030787	False	False	0.5	6	0.0			-0.03701469201754365	-0.10426079703216366	-0.04908584574561364	-0.04908584574561364	-0.10426079703216366	-0.03701469201754365	0.7335526315789473	True	True	-0.06194158920972649	-0.03884029316144329	True	0.6270470883453587	Metabolism Of Carbohydrates And Carbohydrate Derivatives	False	False	False	False	True	True	2	sensitivity-dependent
kidney	R-MMU-375276_PEPTIDE_LIGAND_BINDING_RECEPTORS	-0.05699270400292413	6	2	4	-0.05699270400292413	6	2	4	0.000252115137133251	6.0	3.0	3.0	0.000252115137133251	6.0	3.0	3.0	0.7844524274307623	0.8653266331658291	1.0	ENSMUSG00000036437;ENSMUSG00000074715;ENSMUSG00000048376;ENSMUSG00000024164;ENSMUSG00000031616;ENSMUSG00000049112;ENSMUSG00000020123;ENSMUSG00000024659;ENSMUSG00000045573;ENSMUSG00000070368;ENSMUSG00000094686;ENSMUSG00000029380;ENSMUSG00000042770;ENSMUSG00000031778;ENSMUSG00000021367;ENSMUSG00000029819;ENSMUSG00000021070;ENSMUSG00000029372	False	False	0.6666666666666666	6	0.16666666666666666	0.0	1.0	-0.056992704002924104	-0.140052851008772	-0.08207014495847954	-0.08207014495847954	-0.140052851008772	-0.056992704002924104	0.8519736842105263	True	True	-0.07580686771656533	-0.01371299710472816	True	0.18089386249277242	Peptide Ligand Binding Receptors	False	False	False	True	True	False	2	sensitivity-dependent
kidney	R-MMU-211945_PHASE_I_FUNCTIONALIZATION_OF_COMPOUNDS	-0.03166712652178363	6	2	4	-0.03166712652178363	6	2	4	0.0026024020532956376	6.0	2.0	4.0	0.0026024020532956376	6.0	2.0	4.0	1.427896902320168	0.014213197969543147	0.3661767639738067	ENSMUSG00000028715;ENSMUSG00000030483;ENSMUSG00000063415;ENSMUSG00000066072;ENSMUSG00000019326;ENSMUSG00000053279;ENSMUSG00000061740;ENSMUSG00000038567;ENSMUSG00000026621;ENSMUSG00000024087;ENSMUSG00000029811;ENSMUSG00000038776;ENSMUSG00000022947;ENSMUSG00000055301;ENSMUSG00000017969;ENSMUSG00000028712	False	False	0.5	6	0.0			-0.0316671265217836	0.10835518437573088	0.0716647737819444	0.0716647737819444	-0.0316671265217836	0.10835518437573088	0.6644736842105263	True	False	-0.05985681674278114	-0.030848925509984203	True	0.515378651734009	Phase I Functionalization Of Compounds	False	False	False	False	False	True	1	sensitivity-dependent
kidney	R-MMU-1474244_EXTRACELLULAR_MATRIX_ORGANIZATION	-0.0036780117105263224	6	2	4	-0.0036780117105263224	6	2	4	0.007034639694496146	6.0	5.0	1.0	0.007034639694496146	6.0	5.0	1.0	1.6846381777458985	0.0	0.13109454536681864	ENSMUSG00000033860;ENSMUSG00000029675;ENSMUSG00000054555;ENSMUSG00000025185;ENSMUSG00000028001;ENSMUSG00000026725;ENSMUSG00000015533;ENSMUSG00000028364;ENSMUSG00000024529;ENSMUSG00000006403;ENSMUSG00000033831;ENSMUSG00000004098;ENSMUSG00000035783;ENSMUSG00000027204;ENSMUSG00000021614;ENSMUSG00000031503;ENSMUSG00000031502;ENSMUSG00000031375;ENSMUSG00000026837;ENSMUSG00000031790;ENSMUSG00000029163;ENSMUSG00000026193;ENSMUSG00000032334;ENSMUSG00000022894;ENSMUSG00000029661;ENSMUSG00000000957;ENSMUSG00000036545;ENSMUSG00000039115;ENSMUSG00000020674;ENSMUSG00000040488;ENSMUSG00000021253;ENSMUSG00000027358;ENSMUSG00000001435;ENSMUSG00000001119;ENSMUSG00000020241;ENSMUSG00000017466;ENSMUSG00000020689;ENSMUSG00000039239;ENSMUSG00000001507;ENSMUSG00000005397;ENSMUSG00000002603;ENSMUSG00000034205;ENSMUSG00000031740;ENSMUSG00000032332;ENSMUSG00000025348;ENSMUSG00000025743;ENSMUSG00000064080;ENSMUSG00000021186;ENSMUSG00000002020;ENSMUSG00000053062;ENSMUSG00000042436;ENSMUSG00000020592;ENSMUSG00000021806;ENSMUSG00000020717;ENSMUSG00000048126;ENSMUSG00000000555;ENSMUSG00000022371;ENSMUSG00000059430;ENSMUSG00000040690;ENSMUSG00000016942;ENSMUSG00000024909;ENSMUSG00000020758;ENSMUSG00000022098;ENSMUSG00000059481;ENSMUSG00000036446;ENSMUSG00000026674;ENSMUSG00000001870;ENSMUSG00000045103;ENSMUSG00000027962;ENSMUSG00000024053;ENSMUSG00000035547;ENSMUSG00000039952;ENSMUSG00000024598;ENSMUSG00000006205;ENSMUSG00000026971;ENSMUSG00000033327;ENSMUSG00000027111;ENSMUSG00000025650;ENSMUSG00000038677;ENSMUSG00000021835;ENSMUSG00000058626;ENSMUSG00000037411	False	False	0.5	6	0.0			-0.003678011710526317	0.05480025845029216	0.05599791909356696	0.05480025845029216	-0.003678011710526317	0.05599791909356696	0.3618421052631579	True	False	0.0003435953647415961	0.0120677553768781	True	35.121997020983564	Extracellular Matrix Organization	False	False	False	False	False	True	1	sensitivity-dependent
kidney	R-MMU-156590_GLUTATHIONE_CONJUGATION	-0.00032813732388888933	6	3	3	-0.00032813732388888933	6	3	3	0.0008512921280584377	6.0	2.0	4.0	0.0008512921280584377	6.0	2.0	4.0	1.014344921780919	0.4897739504843918	1.0	ENSMUSG00000058135;ENSMUSG00000027313;ENSMUSG00000057933;ENSMUSG00000111709;ENSMUSG00000008540;ENSMUSG00000040562;ENSMUSG00000026688;ENSMUSG00000074179;ENSMUSG00000025068	False	False	0.16666666666666666	6	0.0			-0.00032813732388891666	0.03658513080614033	0.03396573021827485	0.03396573021827485	-0.00032813732388891666	0.03658513080614033	0.039473684210526314	True	False	-0.0011248977677978723	-0.0002991577620890186	True	0.2659421777275434	Glutathione Conjugation	False	False	False	False	False	True	1	sensitivity-dependent
kidney	R-MMU-5684996_MAPK1_MAPK3_SIGNALING	-0.004013938146198863	6	3	3	-0.004013938146198863	6	3	3	0.00042680472643149187	6.0	3.0	3.0	0.00042680472643149187	6.0	3.0	3.0	1.1076690488661065	0.2980866062437059	0.9533228337702032	ENSMUSG00000033860;ENSMUSG00000028001;ENSMUSG00000033831;ENSMUSG00000024620;ENSMUSG00000027947;ENSMUSG00000026193;ENSMUSG00000029231;ENSMUSG00000005364;ENSMUSG00000030110;ENSMUSG00000020689	False	False	0.0	6	0.0			-0.004013938146198867	0.026433140795321598	0.03420949517543857	0.026433140795321598	-0.004013938146198867	0.03420949517543857	0.3684210526315789	True	False	0.0073783619718845	0.02286179041626572	True	3.0984913051679155	Mapk1 Mapk3 Signaling	False	False	False	False	False	True	1	sensitivity-dependent
kidney	R-MMU-192105_SYNTHESIS_OF_BILE_ACIDS_AND_BILE_SALTS	0.026008571696549725	6	3	3	0.026008571696549725	6	3	3	-0.005895119705212455	6.0	3.0	3.0	-0.005895119705212455	6.0	3.0	3.0	-1.106368657402294	0.3	0.5845366765452187	ENSMUSG00000039519;ENSMUSG00000022244;ENSMUSG00000021213;ENSMUSG00000021207;ENSMUSG00000042359;ENSMUSG00000027359;ENSMUSG00000050370;ENSMUSG00000071551;ENSMUSG00000029822;ENSMUSG00000033715;ENSMUSG00000038641;ENSMUSG00000027048;ENSMUSG00000047638;ENSMUSG00000021751;ENSMUSG00000042289;ENSMUSG00000026170;ENSMUSG00000021214	False	False	0.5	6	0.0			0.026008571696549732			0.026008571696549732	0.026008571696549732	0.026008571696549732	0.6151315789473685	False	False	0.030793914850265964	0.02852349948108082	True	0.9262706485932387	Synthesis Of Bile Acids And Bile Salts	False	False	False	False	False	True	1	sensitivity-dependent
kidney	R-MMU-375165_NCAM_SIGNALING_FOR_NEURITE_OUT_GROWTH	-0.001881947211394737	6	4	2	-0.001881947211394737	6	4	2	0.004635518325800994	6.0	4.0	2.0	0.004635518325800994	6.0	4.0	2.0	1.427204709716933	0.052801724137931036	0.35455063233382944	ENSMUSG00000004098;ENSMUSG00000031503;ENSMUSG00000031502;ENSMUSG00000026837;ENSMUSG00000001119;ENSMUSG00000020241	False	False	0.16666666666666666	6	0.0			-0.0018819472113947501	0.03019333299122802	0.025679999947368415	0.025679999947368415	-0.0018819472113947501	0.03019333299122802	0.23684210526315788	True	False	-0.0014052944353001523	-0.0012281973589356398	True	0.8739786681595398	Ncam Signaling For Neurite Out Growth	False	False	False	False	False	True	1	sensitivity-dependent
kidney	R-MMU-9033241_PEROXISOMAL_PROTEIN_IMPORT	-0.00124456202283626	6	2	4	-0.0012445620228362598	6	2	4	0.0016897360429280195	6.0	1.0	5.0	0.0016897360429280195	6.0	1.0	5.0	0.673058760123265	0.9007633587786259	1.0	ENSMUSG00000021884;ENSMUSG00000072949;ENSMUSG00000021226;ENSMUSG00000021228;ENSMUSG00000042096;ENSMUSG00000021751;ENSMUSG00000026189	False	False	0.16666666666666666	6	0.0			-0.0012445620228362664	0.0525020187500001		0.025628728363581918	-0.0012445620228362664	0.0525020187500001	0.1513157894736842	False	False	-0.0026797465555851046	-0.01468051267413264	True	5.478321314952581	Peroxisomal Protein Import	False	False	False	False	False	True	1	sensitivity-dependent
kidney	R-MMU-194315_SIGNALING_BY_RHO_GTPASES	-0.006176840409356732	6	2	4	-0.006176840409356732	6	2	4	0.0007025903763122806	6.0	4.0	2.0	0.0007025903763122806	6.0	4.0	2.0	0.9720326446058638	0.586	1.0	ENSMUSG00000018830;ENSMUSG00000038587;ENSMUSG00000024043;ENSMUSG00000032135;ENSMUSG00000031328;ENSMUSG00000006445;ENSMUSG00000034037;ENSMUSG00000032198;ENSMUSG00000037552;ENSMUSG00000004044;ENSMUSG00000046768;ENSMUSG00000023008;ENSMUSG00000052560;ENSMUSG00000039621;ENSMUSG00000039960;ENSMUSG00000025366;ENSMUSG00000036533;ENSMUSG00000022799;ENSMUSG00000054364;ENSMUSG00000058672;ENSMUSG00000020121;ENSMUSG00000041598;ENSMUSG00000040964;ENSMUSG00000022836;ENSMUSG00000117098;ENSMUSG00000031523;ENSMUSG00000045136;ENSMUSG00000032875;ENSMUSG00000049521;ENSMUSG00000032812;ENSMUSG00000001473;ENSMUSG00000066357;ENSMUSG00000030123;ENSMUSG00000026728;ENSMUSG00000024660;ENSMUSG00000029622;ENSMUSG00000072235;ENSMUSG00000067818;ENSMUSG00000038608;ENSMUSG00000015143;ENSMUSG00000029414;ENSMUSG00000025403;ENSMUSG00000023004;ENSMUSG00000030220;ENSMUSG00000019944;ENSMUSG00000047281;ENSMUSG00000041417;ENSMUSG00000024451;ENSMUSG00000026880;ENSMUSG00000046841;ENSMUSG00000074305;ENSMUSG00000031284;ENSMUSG00000019467;ENSMUSG00000062380;ENSMUSG00000036053;ENSMUSG00000021895;ENSMUSG00000029177;ENSMUSG00000037946;ENSMUSG00000030257;ENSMUSG00000001918;ENSMUSG00000045328;ENSMUSG00000030739;ENSMUSG00000002233;ENSMUSG00000040624;ENSMUSG00000052609;ENSMUSG00000037709;ENSMUSG00000022797;ENSMUSG00000020580;ENSMUSG00000020900	False	False	0.5	6	0.0			-0.0061768404093567346	0.055918612836710534	0.017290276271929885	0.017290276271929885	-0.0061768404093567346	0.055918612836710534	0.42105263157894735	True	False	-0.02100005771276597	-0.0365842568012278	True	1.7421026790315997	Signaling By Rho Gtpases	False	False	False	False	False	True	1	sensitivity-dependent
kidney	R-MMU-9764265_REGULATION_OF_CDH1_EXPRESSION_AND_FUNCTION	-0.03028468130950295	6	3	3	-0.03028468130950295	6	3	3	-0.0023690866338275524	6.0	2.0	4.0	-0.0023690866338275524	6.0	2.0	4.0	0.6883261648609906	0.9140225179119754	1.0	ENSMUSG00000035783;ENSMUSG00000062727;ENSMUSG00000059430;ENSMUSG00000061991;ENSMUSG00000101355;ENSMUSG00000071516;ENSMUSG00000069302;ENSMUSG00000069267;ENSMUSG00000060981;ENSMUSG00000094338;ENSMUSG00000061615;ENSMUSG00000021823;ENSMUSG00000069301;ENSMUSG00000101972;ENSMUSG00000101645;ENSMUSG00000024238;ENSMUSG00000094777;ENSMUSG00000019843;ENSMUSG00000069300	True	False	0.5	6	0.0			-0.03028468130950293	0.029024167984502896	0.01711725959021927	0.01711725959021927	-0.03028468130950293	0.029024167984502896	0.6611842105263158	True	False	-0.045370694433510626	0.03910453710272284	False	0.8618897636673679	Regulation Of Cdh1 Expression And Function	False	True	False	False	False	False	1	sensitivity-dependent
kidney	R-MMU-1640170_CELL_CYCLE	0.023793356923976643	6	3	3	0.023793356923976643	6	3	3	-6.028045237390737e-05	6.0	2.0	4.0	-6.028045237390737e-05	6.0	2.0	4.0	0.9291407851273285	0.6579739217652959	1.0	ENSMUSG00000023067;ENSMUSG00000037664;ENSMUSG00000062727;ENSMUSG00000073802;ENSMUSG00000028680;ENSMUSG00000058672;ENSMUSG00000045136;ENSMUSG00000061991;ENSMUSG00000041859;ENSMUSG00000001473;ENSMUSG00000024660;ENSMUSG00000002997;ENSMUSG00000072235;ENSMUSG00000029414;ENSMUSG00000001525;ENSMUSG00000023004;ENSMUSG00000030091;ENSMUSG00000101355;ENSMUSG00000047281;ENSMUSG00000044783;ENSMUSG00000023764;ENSMUSG00000071516;ENSMUSG00000028063;ENSMUSG00000069302;ENSMUSG00000069267;ENSMUSG00000060981;ENSMUSG00000062380;ENSMUSG00000094338;ENSMUSG00000061615;ENSMUSG00000069301;ENSMUSG00000101972;ENSMUSG00000029177;ENSMUSG00000000184;ENSMUSG00000032254	False	True	0.5	6	0.0			0.02379335692397665	-0.03409355165862568	0.015926910747076053	0.015926910747076053	-0.03409355165862568	0.02379335692397665	0.5888157894736842	True	False	0.023614055102583575	-0.009543726339595724	False	0.4041544875768313	Cell Cycle	False	False	True	False	False	False	1	sensitivity-dependent
kidney	R-MMU-1971475_GLYCOSAMINOGLYCAN_PROTEIN_LINKAGE_REGION_BIOSYNTHESIS	-0.0007587687605928362	6	3	3	-0.0007587687605928362	6	3	3	0.003913250131188377	6.0	3.0	3.0	0.003913250131188377	6.0	3.0	3.0	1.4795381934548706	0.036585365853658534	0.31212818931865505	ENSMUSG00000021614;ENSMUSG00000031375;ENSMUSG00000058571;ENSMUSG00000032911;ENSMUSG00000025743;ENSMUSG00000020592;ENSMUSG00000034220	False	False	0.5	6	0.0			-0.0007587687605928334	0.014521136829005866	0.0261693689453216	0.014521136829005866	-0.0007587687605928334	0.0261693689453216	0.11513157894736842	True	False	-0.0005367957219224922	-0.00041431943204474505	True	0.7718381781451091	Glycosaminoglycan Protein Linkage Region Biosynthesis	False	False	False	False	False	True	1	sensitivity-dependent
kidney	R-MMU-73857_RNA_POLYMERASE_II_TRANSCRIPTION	0.012596955274853902	6	3	3	0.012596955274853902	6	3	3	-0.0009655938590849124	6.0	3.0	3.0	-0.0009655938590849124	6.0	3.0	3.0	0.7710446808485645	0.928	1.0	ENSMUSG00000023034;ENSMUSG00000055116;ENSMUSG00000023067;ENSMUSG00000002266;ENSMUSG00000020423;ENSMUSG00000020108;ENSMUSG00000062727;ENSMUSG00000015468;ENSMUSG00000038146;ENSMUSG00000017491;ENSMUSG00000002603;ENSMUSG00000028680;ENSMUSG00000020427;ENSMUSG00000028341;ENSMUSG00000062175;ENSMUSG00000058756;ENSMUSG00000061991;ENSMUSG00000000782;ENSMUSG00000026923;ENSMUSG00000038872;ENSMUSG00000101355;ENSMUSG00000047281;ENSMUSG00000048154;ENSMUSG00000071516;ENSMUSG00000022475;ENSMUSG00000069302;ENSMUSG00000069267;ENSMUSG00000060981;ENSMUSG00000036390;ENSMUSG00000022479;ENSMUSG00000051159;ENSMUSG00000094338;ENSMUSG00000061615;ENSMUSG00000020032;ENSMUSG00000069301;ENSMUSG00000101972;ENSMUSG00000020889;ENSMUSG00000000184;ENSMUSG00000047407;ENSMUSG00000032698	False	True	0.16666666666666666	6	0.0			0.012596955274853898	-0.002635185862572749	0.028607572717836215	0.012596955274853898	-0.002635185862572749	0.028607572717836215	0.48355263157894735	True	False	0.02129036940729483	-0.025299351492208508	False	1.188300259531432	Rna Polymerase Ii Transcription	False	False	True	False	False	False	1	sensitivity-dependent
kidney	R-MMU-9006927_SIGNALING_BY_NON_RECEPTOR_TYROSINE_KINASES	0.004473230106741228	6	5	1	0.004473230106741228	6	5	1	-0.007376601093440141	6.0	3.0	3.0	-0.007376601093440141	6.0	3.0	3.0	-1.0494746899398655	0.3465346534653465	0.5969938210626222	ENSMUSG00000070348;ENSMUSG00000062209;ENSMUSG00000062991;ENSMUSG00000028017;ENSMUSG00000036273;ENSMUSG00000029377;ENSMUSG00000029816	False	False	0.8333333333333334	6	0.0			0.0044732301067411835		0.017359063710526316	0.01091614690863375	0.0044732301067411835	0.017359063710526316	0.3815789473684211	False	False	0.006304950704205927	0.0002614563462298121	True	0.041468420372485854	Signaling By Non Receptor Tyrosine Kinases	False	False	False	True	False	False	1	sensitivity-dependent
kidney	R-MMU-8948216_COLLAGEN_CHAIN_TRIMERIZATION	-0.002242097290176902	6	2	4	-0.002242097290176902	6	2	4	0.0036218921112764	6.0	4.0	2.0	0.0036218921112764	6.0	4.0	2.0	1.1887900533423539	0.22727272727272727	0.7968681949474357	ENSMUSG00000004098;ENSMUSG00000026837;ENSMUSG00000001435;ENSMUSG00000001119;ENSMUSG00000020241;ENSMUSG00000032332;ENSMUSG00000048126;ENSMUSG00000022371;ENSMUSG00000040690	False	False	0.6666666666666666	6	0.0			-0.0022420972901769	0.006970526725438567	0.03768062715862574	0.006970526725438567	-0.0022420972901769	0.03768062715862574	0.26644736842105265	True	False	-0.002548153756403875	-0.0003296303160884704	True	0.1293604498001984	Collagen Chain Trimerization	False	False	False	True	False	False	1	sensitivity-dependent
kidney	R-MMU-72312_RRNA_PROCESSING	0.005800699362366959	6	4	2	0.005800699362366959	6	4	2	-0.006953786006695338	6.0	2.0	4.0	-0.006953786006695338	6.0	2.0	4.0	-1.2917234527031887	0.09473684210526316	0.2988216080325166	ENSMUSG00000039001;ENSMUSG00000079641;ENSMUSG00000039221;ENSMUSG00000067288;ENSMUSG00000061477;ENSMUSG00000024608;ENSMUSG00000034892;ENSMUSG00000078193;ENSMUSG00000061983	False	False	0.6666666666666666	6	0.0			0.005800699362366949		0.00414100406160085	0.004970851711983899	0.00414100406160085	0.005800699362366949	0.40789473684210525	False	False	0.006264938744882218	-0.0010763367823474535	False	0.17180324120913473	Rrna Processing	False	False	False	True	False	False	1	sensitivity-dependent
kidney	R-MMU-9013026_RHOB_GTPASE_CYCLE	-0.0029315994026473703	6	2	4	-0.0029315994026473703	6	2	4	0.003104148104938869	6.0	5.0	1.0	0.003104148104938869	6.0	5.0	1.0	1.0463964978114646	0.4357066950053135	1.0	ENSMUSG00000032135;ENSMUSG00000004044;ENSMUSG00000039621;ENSMUSG00000054364;ENSMUSG00000040964;ENSMUSG00000031523;ENSMUSG00000032875;ENSMUSG00000041417;ENSMUSG00000026880;ENSMUSG00000019467;ENSMUSG00000021895;ENSMUSG00000022797;ENSMUSG00000020580	False	False	0.6666666666666666	6	0.0			-0.002931599402647372	0.022323632119064362	0.004686021300045316	0.004686021300045316	-0.002931599402647372	0.022323632119064362	0.32894736842105265	True	False	-0.003200036613279635	-0.00024566344608584553	True	0.07676894853839544	Rhob Gtpase Cycle	False	False	False	True	False	False	1	sensitivity-dependent
kidney	R-MMU-8856825_CARGO_RECOGNITION_FOR_CLATHRIN_MEDIATED_ENDOCYTOSIS	0.0031410587685087635	6	4	2	0.0031410587685087635	6	4	2	-0.0015462257966609022	6.0	2.0	4.0	-0.0015462257966609022	6.0	2.0	4.0	0.505704946881388	0.9883103081827843	1.0	ENSMUSG00000033855;ENSMUSG00000018909;ENSMUSG00000024486;ENSMUSG00000031390;ENSMUSG00000032193;ENSMUSG00000031098;ENSMUSG00000049115;ENSMUSG00000022797;ENSMUSG00000032554	False	True	0.3333333333333333	6	0.0			0.00314105876850875	0.019760398504093547	-0.020094651296783568	0.00314105876850875	-0.020094651296783568	0.019760398504093547	0.34210526315789475	True	False	0.006554124387575987	-0.0004763215518474648	False	0.07267508574453989	Cargo Recognition For Clathrin Mediated Endocytosis	False	False	True	False	False	False	1	sensitivity-dependent
kidney	R-MMU-199977_ER_TO_GOLGI_ANTEROGRADE_TRANSPORT	-2.3911580968421244e-05	6	2	4	-2.3911580968421244e-05	6	2	4	0.0010225289235268244	6.0	4.0	2.0	0.0010225289235268244	6.0	4.0	2.0	1.0698150816307348	0.39430449069003287	1.0	ENSMUSG00000079015;ENSMUSG00000058672;ENSMUSG00000045136;ENSMUSG00000001473;ENSMUSG00000072235;ENSMUSG00000023004;ENSMUSG00000025650;ENSMUSG00000062380;ENSMUSG00000001827	False	False	0.0	6	0.0			-2.3911580968416616e-05	0.006826985284347934	0.0016499728501286222	0.0016499728501286222	-2.3911580968416616e-05	0.006826985284347934	0.006578947368421052	True	False	-0.00012879684750683867	-0.000948052255188005	True	7.360834318073404	Er To Golgi Anterograde Transport	False	False	False	False	False	True	1	sensitivity-dependent
kidney	R-MMU-4420097_VEGFA_VEGFR2_PATHWAY	0.00107992835853655	6	3	3	0.00107992835853655	6	3	3	-1.145423400625752e-06	6.0	4.0	2.0	-1.145423400625752e-06	6.0	4.0	2.0	0.7612514888652979	0.8248407643312102	1.0	ENSMUSG00000002602;ENSMUSG00000020689;ENSMUSG00000004951;ENSMUSG00000041417;ENSMUSG00000031284;ENSMUSG00000031871;ENSMUSG00000062960;ENSMUSG00000061878;ENSMUSG00000101645;ENSMUSG00000020580;ENSMUSG00000019843;ENSMUSG00000004864;ENSMUSG00000007655;ENSMUSG00000022488;ENSMUSG00000026480;ENSMUSG00000006519;ENSMUSG00000032715;ENSMUSG00000029636	False	True	0.5	6	0.0			0.001079928358536561	0.006714431002924018	-0.0007718163409619499	0.001079928358536561	-0.0007718163409619499	0.006714431002924018	0.14144736842105263	True	False	0.000815939315387538	-0.001416985209046834	False	1.7366306321124183	Vegfa Vegfr2 Pathway	False	False	True	False	False	False	1	sensitivity-dependent
kidney	R-MMU-9018519_ESTROGEN_DEPENDENT_GENE_EXPRESSION	0.0006382509254883031	6	3	3	0.0006382509254883031	6	3	3	-0.00468478010341006	6.0	2.0	4.0	-0.00468478010341006	6.0	2.0	4.0	-0.8467488111368067	0.6486486486486487	0.8315610049005366	ENSMUSG00000021270;ENSMUSG00000069303;ENSMUSG00000093769;ENSMUSG00000062209;ENSMUSG00000018102;ENSMUSG00000019768;ENSMUSG00000081058	False	False	0.16666666666666666	6	0.0			0.0006382509254883002			0.0006382509254883002	0.0006382509254883002	0.0006382509254883002	0.09210526315789473	False	False	0.0007553705127507598	0.0016599808912128224	True	2.197571738891197	Estrogen Dependent Gene Expression	False	False	False	False	False	True	1	sensitivity-dependent
kidney	R-MMU-5683057_MAPK_FAMILY_SIGNALING_CASCADES	-0.012152667266081885	6	2	4	-0.012152667266081885	6	2	4	0.00016003253749982045	6.0	3.0	3.0	0.00016003253749982045	6.0	3.0	3.0	1.0076091950501087	0.49447236180904525	1.0	ENSMUSG00000033860;ENSMUSG00000028001;ENSMUSG00000033831;ENSMUSG00000024620;ENSMUSG00000027947;ENSMUSG00000026193;ENSMUSG00000029231;ENSMUSG00000005364;ENSMUSG00000030110;ENSMUSG00000020689;ENSMUSG00000036533;ENSMUSG00000024190	False	False	0.5	6	0.0			-0.01215266726608188	0.03847879229970763	0.0005055635204677655	0.0005055635204677655	-0.01215266726608188	0.03847879229970763	0.48026315789473684	True	False	-0.01876724768237083	-0.011153630584212941	True	0.5943136027713961	Mapk Family Signaling Cascades	False	False	False	False	False	True	1	sensitivity-dependent
kidney	R-MMU-110331_CLEAVAGE_OF_THE_DAMAGED_PURINE	-0.00022775488251023374	6	2	4	-0.00022775488251023374	6	2	4	-0.001330514666500753	6.0	4.0	2.0	-0.001330514666500753	6.0	4.0	2.0	0.6335587742901089	0.9272918861959958	1.0	ENSMUSG00000062727;ENSMUSG00000061991;ENSMUSG00000071516;ENSMUSG00000069302;ENSMUSG00000060981;ENSMUSG00000094338;ENSMUSG00000061615;ENSMUSG00000069301;ENSMUSG00000094777;ENSMUSG00000069300	True	False	0.3333333333333333	6	0.0			-0.00022775488251024442		0.0008907743209473998	0.0003315097192185777	-0.00022775488251024442	0.0008907743209473998	0.03618421052631579	False	False	-0.0005255955772378416	1.1988543925871782e-05	False	0.022809445979121597	Cleavage Of The Damaged Purine	False	True	False	False	False	False	1	sensitivity-dependent
kidney	R-MMU-166166_MYD88_INDEPENDENT_TLR4_CASCADE	-0.002539740059637427	6	2	4	-0.002539740059637427	6	2	4	0.0036657869427558637	6.0	3.0	3.0	0.0036657869427558637	6.0	3.0	3.0	1.2922735778078298	0.14348302300109528	0.6878225436009465	ENSMUSG00000021250;ENSMUSG00000030107;ENSMUSG00000021025;ENSMUSG00000039005;ENSMUSG00000052684;ENSMUSG00000051439;ENSMUSG00000023809;ENSMUSG00000025225;ENSMUSG00000032000;ENSMUSG00000025498	False	False	0.6666666666666666	6	0.0			-0.0025397400596374	0.00027313641972954994	0.0004729590724605166	0.00027313641972954994	-0.0025397400596374	0.0004729590724605166	0.2993421052631579	True	False	-0.0027481167888563822	0.00031083478595305347	False	0.11310828826980315	Myd88 Independent Tlr4 Cascade	False	False	False	True	False	False	1	sensitivity-dependent
kidney	R-MMU-975956_NONSENSE_MEDIATED_DECAY_NMD_INDEPENDENT_OF_THE_EXON_JUNCTION_COMPLEX_EJC	0.00039517341741081925	6	4	2	0.00039517341741081925	6	4	2	-0.008426580029232217	6.0	2.0	4.0	-0.008426580029232217	6.0	2.0	4.0	-2.070671213088975	0.0	0.0031320820500900693	ENSMUSG00000039001;ENSMUSG00000079641;ENSMUSG00000039221;ENSMUSG00000067288;ENSMUSG00000061477;ENSMUSG00000024608;ENSMUSG00000034892;ENSMUSG00000078193;ENSMUSG00000061983;ENSMUSG00000060377;ENSMUSG00000068240;ENSMUSG00000038900;ENSMUSG00000062997;ENSMUSG00000058443;ENSMUSG00000057322;ENSMUSG00000050621	False	False	0.5	6	0.0			0.00039517341741081665		-0.00015276150676110005	0.0001212059553248583	-0.00015276150676110005	0.00039517341741081665	0.05263157894736842	False	False	0.0009825493560866258	0.002094370519977867	True	2.131567749756093	Nonsense Mediated Decay Nmd Independent Of The Exon Junction Complex Ejc	False	False	False	False	False	True	1	sensitivity-dependent
kidney	R-MMU-5358351_SIGNALING_BY_HEDGEHOG	-1.1134513157984305e-05	6	2	4	-1.1134513157984305e-05	6	2	4	0.0012579335114921233	6.0	3.0	3.0	0.0012579335114921233	6.0	3.0	3.0	1.2916429479549199	0.1357370095440085	0.6602525279542564	ENSMUSG00000042156;ENSMUSG00000058672;ENSMUSG00000018909;ENSMUSG00000045136;ENSMUSG00000001473;ENSMUSG00000064325;ENSMUSG00000002997;ENSMUSG00000072235;ENSMUSG00000023004;ENSMUSG00000006538;ENSMUSG00000062380;ENSMUSG00000038119	False	False	0.0	6	0.0			-1.1134513157951923e-05	-0.022282715312280668	0.030747018947368313	-1.1134513157951923e-05	-0.022282715312280668	0.030747018947368313	0.003289473684210526	True	False	0.01628250495440728	0.01994009346507733	True	1.2246330353291268	Signaling By Hedgehog	False	False	False	False	False	True	1	sensitivity-dependent
kidney	R-MMU-419037_NCAM1_INTERACTIONS	-0.00017727501068201786	6	2	4	-0.00017727501068201786	6	2	4	0.005929820919483002	6.0	4.0	2.0	0.005929820919483002	6.0	4.0	2.0	1.516608362531501	0.025136612021857924	0.2470397210745427	ENSMUSG00000004098;ENSMUSG00000031503;ENSMUSG00000031502;ENSMUSG00000026837;ENSMUSG00000001119;ENSMUSG00000020241	False	False	0.5	6	0.0			-0.00017727501068200003			-0.00017727501068200003	-0.00017727501068200003	-0.00017727501068200003	0.029605263157894735	False	False	-0.00016540380223974152	-0.0004375764632847948	True	2.6455042590288076	Ncam1 Interactions	False	False	False	False	False	True	1	sensitivity-dependent
kidney	R-MMU-8939211_ESR_MEDIATED_SIGNALING	-0.006683672741228118	6	3	3	-0.006683672741228118	6	3	3	-0.0016795665289062241	6.0	3.0	3.0	-0.0016795665289062241	6.0	3.0	3.0	0.5510681181811375	0.9868951612903226	1.0	ENSMUSG00000067586;ENSMUSG00000062727;ENSMUSG00000031740;ENSMUSG00000024222;ENSMUSG00000024486;ENSMUSG00000004951;ENSMUSG00000036523;ENSMUSG00000101355;ENSMUSG00000041417;ENSMUSG00000069267;ENSMUSG00000060981;ENSMUSG00000051159;ENSMUSG00000094338;ENSMUSG00000035451;ENSMUSG00000101972;ENSMUSG00000061878;ENSMUSG00000043613;ENSMUSG00000048756;ENSMUSG00000028698;ENSMUSG00000018623;ENSMUSG00000069300;ENSMUSG00000015619	True	False	0.3333333333333333	6	0.0			-0.006683672741228132	-0.00035912229795321643	0.025238793267821618	-0.00035912229795321643	-0.006683672741228132	0.025238793267821618	0.4243421052631579	True	False	-0.02165693337955927	-0.00022553464783362827	True	0.010413969691872324	Esr Mediated Signaling	False	True	False	False	False	False	1	sensitivity-dependent
kidney	R-MMU-73884_BASE_EXCISION_REPAIR	-0.00046858208969590716	6	2	4	-0.00046858208969590716	6	2	4	-0.001330514666500753	6.0	4.0	2.0	-0.001330514666500753	6.0	4.0	2.0	0.6335587742901089	0.9272918861959958	1.0	ENSMUSG00000062727;ENSMUSG00000061991;ENSMUSG00000071516;ENSMUSG00000069302;ENSMUSG00000060981;ENSMUSG00000094338;ENSMUSG00000061615;ENSMUSG00000069301;ENSMUSG00000094777;ENSMUSG00000069300	True	False	0.0	6	0.0			-0.0004685820896958997	0.0005994878520614	-0.00111588837584795	-0.0004685820896958997	-0.00111588837584795	0.0005994878520614	0.05592105263157895	True	False	-0.0006851107384004559	0.004541474382567658	False	6.628817982288155	Base Excision Repair	False	True	False	False	False	False	1	sensitivity-dependent
kidney	R-MMU-975634_RETINOID_METABOLISM_AND_TRANSPORT	-0.000638284558083335	6	3	3	-0.000638284558083335	6	3	3	0.0009283364940763326	6.0	2.0	4.0	0.0009283364940763326	6.0	2.0	4.0	0.9558984717986153	0.5733610822060354	1.0	ENSMUSG00000040249;ENSMUSG00000032083;ENSMUSG00000032080;ENSMUSG00000058571;ENSMUSG00000024990;ENSMUSG00000025743;ENSMUSG00000020592;ENSMUSG00000034220	False	False	0.3333333333333333	6	0.0			-0.0006382845580833668	-0.0201903203159649	0.09279994013567255	-0.0006382845580833668	-0.0201903203159649	0.09279994013567255	0.09539473684210527	True	False	-0.0005877239552089667	-0.0007963342721115113	True	1.354946084898603	Retinoid Metabolism And Transport	False	False	False	False	False	True	1	sensitivity-dependent
kidney	R-MMU-9943965_CHD3_CHD4_CHD5_SUBFAMILY	-0.003807641369342106	6	3	3	-0.003807641369342106	6	3	3	-0.002810702125393985	6.0	3.0	3.0	-0.002810702125393985	6.0	3.0	3.0	0.6531116812961146	0.9307851239669421	1.0	ENSMUSG00000062727;ENSMUSG00000078154;ENSMUSG00000061991;ENSMUSG00000101355;ENSMUSG00000071516;ENSMUSG00000069302;ENSMUSG00000069267;ENSMUSG00000060981;ENSMUSG00000094338;ENSMUSG00000061615;ENSMUSG00000069301;ENSMUSG00000101972	True	False	0.5	6	0.0			-0.0038076413693420995	0.0016858446712280668	-0.0007001427340029165	-0.0007001427340029165	-0.0038076413693420995	0.0016858446712280668	0.3651315789473684	True	False	-0.002305231990121582	0.008041810422488202	False	3.4885037414668463	Chd3 Chd4 Chd5 Subfamily	False	True	False	False	False	False	1	sensitivity-dependent
kidney	R-MMU-9013423_RAC3_GTPASE_CYCLE	-0.0008063531921067257	6	3	3	-0.0008063531921067256	6	3	3	0.0006798438555544779	6.0	4.0	2.0	0.0006798438555544779	6.0	4.0	2.0	1.15747965133352	0.2604602510460251	0.881862057138182	ENSMUSG00000032135;ENSMUSG00000006445;ENSMUSG00000039621;ENSMUSG00000025366;ENSMUSG00000049521;ENSMUSG00000038608;ENSMUSG00000030220;ENSMUSG00000041417;ENSMUSG00000024451	False	False	0.3333333333333333	6	0.0			-0.0008063531921067168	-0.03179391486257301	0.0004059711790643499	-0.0008063531921067168	-0.03179391486257301	0.0004059711790643499	0.12171052631578948	True	False	-0.0005195227401101819	-0.0012993487111001608	True	2.5010429973182524	Rac3 Gtpase Cycle	False	False	False	False	False	True	1	sensitivity-dependent
kidney	R-MMU-68877_MITOTIC_PROMETAPHASE	-0.000951394624093919	6	4	2	-0.000951394624093919	6	4	2	0.003237780761222326	6.0	3.0	3.0	0.003237780761222326	6.0	3.0	3.0	0.9359261042710186	0.6155440414507772	1.0	ENSMUSG00000058672;ENSMUSG00000045136;ENSMUSG00000001473;ENSMUSG00000024660;ENSMUSG00000002997;ENSMUSG00000072235;ENSMUSG00000029414;ENSMUSG00000001525;ENSMUSG00000023004;ENSMUSG00000023764;ENSMUSG00000062380;ENSMUSG00000029177;ENSMUSG00000045328;ENSMUSG00000038252	False	False	0.16666666666666666	6	0.0			-0.0009513946240939497	0.0010839683163666335	-0.0033835228862894233	-0.0009513946240939497	-0.0033835228862894233	0.0010839683163666335	0.13486842105263158	True	False	0.00011008224106671786	0.0006844465179234091	True	6.217592513478942	Mitotic Prometaphase	False	False	False	False	False	True	1	sensitivity-dependent
kidney	R-MMU-9013406_RHOQ_GTPASE_CYCLE	-0.001311981179037719	6	2	4	-0.0013119811790377192	6	2	4	0.0012949258161928771	6.0	4.0	2.0	0.0012949258161928771	6.0	4.0	2.0	0.9847874668983481	0.5192943770672547	1.0	ENSMUSG00000052560;ENSMUSG00000039621;ENSMUSG00000036533;ENSMUSG00000041598;ENSMUSG00000031523;ENSMUSG00000049521;ENSMUSG00000026880;ENSMUSG00000001918;ENSMUSG00000052609;ENSMUSG00000022797;ENSMUSG00000050953;ENSMUSG00000028068	False	False	0.6666666666666666	6	0.0			-0.0013119811790377			-0.0013119811790377	-0.0013119811790377	-0.0013119811790377	0.16776315789473684	False	False	-0.0006946414609468077	6.839238951721642e-06	False	0.009845710825264658	Rhoq Gtpase Cycle	False	False	False	True	False	False	1	sensitivity-dependent
kidney	R-MMU-9937848_CHD_CHROMATIN_REMODELERS	0.01524599403220761	6	3	3	0.01524599403220761	6	3	3	-0.002810702125393985	6.0	3.0	3.0	-0.002810702125393985	6.0	3.0	3.0	0.6531116812961146	0.9307851239669421	1.0	ENSMUSG00000062727;ENSMUSG00000078154;ENSMUSG00000061991;ENSMUSG00000101355;ENSMUSG00000071516;ENSMUSG00000069302;ENSMUSG00000069267;ENSMUSG00000060981;ENSMUSG00000094338;ENSMUSG00000061615;ENSMUSG00000069301;ENSMUSG00000101972	False	True	0.16666666666666666	6	0.0			0.015245994032207597	-0.017185501735380086	-0.0015258559500818337	-0.0015258559500818337	-0.017185501735380086	0.015245994032207597	0.5197368421052632	True	False	0.009591489426747687	-0.19948201391971618	False	20.797814087499564	Chd Chromatin Remodelers	False	False	True	False	False	False	1	sensitivity-dependent
kidney	R-MMU-9833482_PKR_MEDIATED_SIGNALING	-0.001585992121062867	6	2	4	-0.001585992121062867	6	2	4	0.003952308553954792	6.0	5.0	1.0	0.003952308553954792	6.0	5.0	1.0	1.3283550751175444	0.11343612334801761	0.5728607795689621	ENSMUSG00000027078;ENSMUSG00000058672;ENSMUSG00000045136;ENSMUSG00000001473;ENSMUSG00000072235;ENSMUSG00000023004;ENSMUSG00000062380;ENSMUSG00000035692;ENSMUSG00000025889;ENSMUSG00000061878;ENSMUSG00000004040	False	False	0.6666666666666666	6	0.0			-0.001585992121062883			-0.001585992121062883	-0.001585992121062883	-0.001585992121062883	0.19407894736842105	False	False	-0.001052613432261399	0.0020877805611461808	False	1.9834257260624766	Pkr Mediated Signaling	False	False	False	True	False	False	1	sensitivity-dependent
kidney	R-MMU-6806667_METABOLISM_OF_FAT_SOLUBLE_VITAMINS	-0.0020267826061002923	6	3	3	-0.0020267826061002923	6	3	3	0.000401120698642408	6.0	2.0	4.0	0.000401120698642408	6.0	2.0	4.0	0.9579038283684899	0.5749741468459152	1.0	ENSMUSG00000040249;ENSMUSG00000032083;ENSMUSG00000032080;ENSMUSG00000058571;ENSMUSG00000024990;ENSMUSG00000025743;ENSMUSG00000020592;ENSMUSG00000034220	False	False	0.5	6	0.0			-0.0020267826061003	-0.054600250749999905	0.05071553786023392	-0.0020267826061003	-0.054600250749999905	0.05071553786023392	0.24671052631578946	True	False	-0.0010522313089984794	-0.0002980604198634679	True	0.28326511225669926	Metabolism Of Fat Soluble Vitamins	False	False	False	False	False	True	1	sensitivity-dependent
kidney	R-MMU-186797_SIGNALING_BY_PDGF	-0.002032262275998537	6	1	5	-0.002032262275998537	6	1	5	0.006719282727567805	6.0	4.0	2.0	0.006719282727567805	6.0	4.0	2.0	1.6334088443983716	0.0	0.16325320729661946	ENSMUSG00000023885;ENSMUSG00000031538;ENSMUSG00000004098;ENSMUSG00000024620;ENSMUSG00000031503;ENSMUSG00000031502;ENSMUSG00000026837;ENSMUSG00000029231;ENSMUSG00000001119;ENSMUSG00000020241	False	False	0.8333333333333334	6	0.0			-0.002032262275998483			-0.002032262275998483	-0.002032262275998483	-0.002032262275998483	0.25	False	False	-0.002072395220477583	0.0014088627342631846	False	0.6798233852028053	Signaling By Pdgf	False	False	False	True	False	False	1	sensitivity-dependent
kidney	R-MMU-1592389_ACTIVATION_OF_MATRIX_METALLOPROTEINASES	-0.002699380368128663	6	2	4	-0.002699380368128663	6	2	4	0.004316202639094556	6.0	3.0	3.0	0.004316202639094556	6.0	3.0	3.0	1.1224388202387006	0.3233665559246955	0.9444707020931647	ENSMUSG00000031790;ENSMUSG00000000957;ENSMUSG00000001435;ENSMUSG00000017466;ENSMUSG00000031740	False	False	0.5	6	0.0			-0.0026993803681286664	-0.0005375493115497496	-0.0080410984336842	-0.0026993803681286664	-0.0080410984336842	-0.0005375493115497496	0.3190789473684211	True	True	-0.003908605813449847	0.00014179612220521442	False	0.036277928492374906	Activation Of Matrix Metalloproteinases	False	False	False	False	True	False	1	sensitivity-dependent
kidney	R-MMU-948021_TRANSPORT_TO_THE_GOLGI_AND_SUBSEQUENT_MODIFICATION	-0.014098174463742716	6	3	3	-0.014098174463742716	6	3	3	-0.002985595794289734	6.0	2.0	4.0	-0.002985595794289734	6.0	2.0	4.0	0.9330681811245412	0.6048472075869337	1.0	ENSMUSG00000079015;ENSMUSG00000058672;ENSMUSG00000037306;ENSMUSG00000045136;ENSMUSG00000001473;ENSMUSG00000072235;ENSMUSG00000025789;ENSMUSG00000023004;ENSMUSG00000025650;ENSMUSG00000062380;ENSMUSG00000026110;ENSMUSG00000001827	True	False	0.3333333333333333	6	0.0			-0.014098174463742716	-0.0032643036323684003	0.003981207050657884	-0.0032643036323684003	-0.014098174463742716	0.003981207050657884	0.5	True	False	-0.018341808814969614	-0.0044720192247605746	True	0.243815605640309	Transport To The Golgi And Subsequent Modification	False	True	False	False	False	False	1	sensitivity-dependent
kidney	R-MMU-389948_CO_INHIBITION_BY_PD_1	0.005829913535314327	6	5	1	0.005829913535314326	6	5	1	-0.007172710913379674	6.0	1.0	5.0	-0.007172710913379674	6.0	1.0	5.0	-0.9800298634062978	0.38461538461538464	0.629956355332612	ENSMUSG00000069303;ENSMUSG00000070348;ENSMUSG00000093769;ENSMUSG00000036594;ENSMUSG00000060586;ENSMUSG00000073421;ENSMUSG00000032093;ENSMUSG00000018102;ENSMUSG00000081058;ENSMUSG00000028518;ENSMUSG00000064220;ENSMUSG00000064288;ENSMUSG00000016496	False	False	0.8333333333333334	6	0.0			0.0058299135353142885	-0.004788079414533634	-0.009535063786366068	-0.004788079414533634	-0.009535063786366068	0.0058299135353142885	0.41118421052631576	True	False	0.004321161969916415	-0.000980178668337774	False	0.22683219818227127	Co Inhibition By Pd 1	False	False	False	True	False	False	1	sensitivity-dependent
kidney	R-MMU-5673001_RAF_MAP_KINASE_CASCADE	-0.0057975076023391026	6	3	3	-0.0057975076023391026	6	3	3	-4.688690285255837e-05	6.0	3.0	3.0	-4.688690285255837e-05	6.0	3.0	3.0	1.0450033701955874	0.4070707070707071	1.0	ENSMUSG00000033860;ENSMUSG00000028001;ENSMUSG00000033831;ENSMUSG00000024620;ENSMUSG00000026193;ENSMUSG00000029231;ENSMUSG00000005364;ENSMUSG00000030110;ENSMUSG00000020689	True	False	0.3333333333333333	6	0.0			-0.0057975076023391	0.025986368640350904	-0.015097145838450265	-0.0057975076023391	-0.015097145838450265	0.025986368640350904	0.40460526315789475	True	False	-0.0003722350303951534	0.0012756844404343355	False	3.4270940031627535	Raf Map Kinase Cascade	False	True	False	False	False	False	1	sensitivity-dependent
kidney	R-MMU-5653656_VESICLE_MEDIATED_TRANSPORT	-0.006062117295321763	6	3	3	-0.006062117295321763	6	3	3	-0.0002836301589716553	6.0	3.0	3.0	-0.0002836301589716553	6.0	3.0	3.0	0.93185388323409	0.6706706706706707	1.0	ENSMUSG00000040249;ENSMUSG00000032083;ENSMUSG00000069919;ENSMUSG00000031722;ENSMUSG00000033855;ENSMUSG00000030895;ENSMUSG00000022887;ENSMUSG00000039959;ENSMUSG00000014602;ENSMUSG00000079015;ENSMUSG00000058672;ENSMUSG00000052305;ENSMUSG00000046623;ENSMUSG00000018593;ENSMUSG00000018909;ENSMUSG00000045136;ENSMUSG00000021294;ENSMUSG00000073940;ENSMUSG00000001473;ENSMUSG00000072235;ENSMUSG00000057123;ENSMUSG00000030055;ENSMUSG00000024486;ENSMUSG00000029368;ENSMUSG00000023004;ENSMUSG00000057346;ENSMUSG00000025650;ENSMUSG00000018001;ENSMUSG00000031390;ENSMUSG00000056220;ENSMUSG00000047797;ENSMUSG00000039976;ENSMUSG00000002985;ENSMUSG00000032193;ENSMUSG00000062380;ENSMUSG00000042286;ENSMUSG00000031098;ENSMUSG00000032254;ENSMUSG00000001827;ENSMUSG00000026825;ENSMUSG00000041642;ENSMUSG00000045328;ENSMUSG00000049115;ENSMUSG00000056515;ENSMUSG00000031024;ENSMUSG00000037936;ENSMUSG00000022797;ENSMUSG00000040265;ENSMUSG00000030516;ENSMUSG00000035459;ENSMUSG00000032554	True	False	0.16666666666666666	6	0.0			-0.006062117295321766	-0.06270480669590615	0.0095645600877189	-0.006062117295321766	-0.06270480669590615	0.0095645600877189	0.41776315789473684	True	False	-0.008360300873860197	0.003980519024234523	False	0.47612150379422896	Vesicle Mediated Transport	False	True	False	False	False	False	1	sensitivity-dependent
kidney	R-MMU-201681_TCF_DEPENDENT_SIGNALING_IN_RESPONSE_TO_WNT	-0.007627301244152081	6	3	3	-0.007627301244152081	6	3	3	0.0004874541379473127	6.0	3.0	3.0	0.0004874541379473127	6.0	3.0	3.0	0.909816792450246	0.6309523809523809	1.0	ENSMUSG00000046070;ENSMUSG00000044548;ENSMUSG00000019880;ENSMUSG00000028031;ENSMUSG00000000782;ENSMUSG00000050288;ENSMUSG00000000142;ENSMUSG00000063382	False	False	0.3333333333333333	6	0.0			-0.0076273012441520835	-0.006264247507309933	0.00031217057309931677	-0.006264247507309933	-0.0076273012441520835	0.00031217057309931677	0.4342105263157895	True	False	0.010987026151215792	0.030447855162354695	True	2.7712553645815636	Tcf Dependent Signaling In Response To Wnt	False	False	False	False	False	True	1	sensitivity-dependent
kidney	R-MMU-373760_L1CAM_INTERACTIONS	-0.01032816964561406	6	3	3	-0.01032816964561406	6	3	3	0.007566954560853822	6.0	4.0	2.0	0.007566954560853822	6.0	4.0	2.0	1.2701917268831584	0.14859002169197397	0.7067828368009035	ENSMUSG00000039115;ENSMUSG00000020689;ENSMUSG00000022048;ENSMUSG00000058672;ENSMUSG00000000555;ENSMUSG00000045136;ENSMUSG00000001473;ENSMUSG00000072235;ENSMUSG00000023004;ENSMUSG00000025810;ENSMUSG00000062380	False	False	0.5	6	0.0			-0.010328169645614066	-0.004235880323716333		-0.0072820249846652	-0.010328169645614066	-0.004235880323716333	0.45723684210526316	False	False	-0.021255053833966572	-0.013007362191202815	True	0.6119656196972996	L1Cam Interactions	False	False	False	False	False	True	1	sensitivity-dependent
kidney	R-MMU-5693606_DNA_DOUBLE_STRAND_BREAK_RESPONSE	0.0007862648680116964	6	5	1	0.0007862648680116964	6	5	1	-0.0028869151093355166	6.0	3.0	3.0	-0.0028869151093355166	6.0	3.0	3.0	-1.074252262653535	0.36470588235294116	0.6236785760581449	ENSMUSG00000066878;ENSMUSG00000069303	False	False	0.5	6	0.0			0.0007862648680116666	-0.020104113669590633		-0.009658924400789482	-0.020104113669590633	0.0007862648680116666	0.11842105263157894	False	False	0.001822082928408055	0.0038638996320852297	True	2.1205948268562618	Dna Double Strand Break Response	False	False	False	False	False	True	1	sensitivity-dependent
kidney	R-MMU-1222556_ROS_AND_RNS_PRODUCTION_IN_PHAGOCYTES	-0.009746506456725151	6	3	3	-0.009746506456725151	6	3	3	-0.002970140778399038	6.0	2.0	4.0	-0.002970140778399038	6.0	2.0	4.0	0.7582266752745694	0.8133918770581778	1.0	ENSMUSG00000064267	True	False	0.5	6	0.0			-0.009746506456725168			-0.009746506456725168	-0.009746506456725168	-0.009746506456725168	0.4440789473684211	False	False	-0.009617233122302433	0.027330792711346384	False	2.8418561101494024	Ros And Rns Production In Phagocytes	False	True	False	False	False	False	1	sensitivity-dependent
kidney	R-MMU-977606_REGULATION_OF_COMPLEMENT_CASCADE	-0.010230427127383068	6	3	3	-0.010230427127383068	6	3	3	-0.0015075836476466642	6.0	3.0	3.0	-0.0015075836476466642	6.0	3.0	3.0	0.7166607890247243	0.8846153846153846	1.0	ENSMUSG00000079105;ENSMUSG00000024164;ENSMUSG00000023224	True	False	0.16666666666666666	6	0.0			-0.01023042712738307	-0.0248132229312573	0.031338621900584736	-0.01023042712738307	-0.0248132229312573	0.031338621900584736	0.45394736842105265	True	False	-0.0019832630890957493	0.0017068039720396127	False	0.8606039115152465	Regulation Of Complement Cascade	False	True	False	False	False	False	1	sensitivity-dependent
kidney	R-MMU-194138_SIGNALING_BY_VEGF	-0.014141266271929798	6	3	3	-0.014141266271929798	6	3	3	0.0018964529184087471	6.0	5.0	1.0	0.0018964529184087471	6.0	5.0	1.0	0.9337024725215625	0.6189979123173278	1.0	ENSMUSG00000002602;ENSMUSG00000020689;ENSMUSG00000025969;ENSMUSG00000029648;ENSMUSG00000020357;ENSMUSG00000031380;ENSMUSG00000004951;ENSMUSG00000041417;ENSMUSG00000025810;ENSMUSG00000031284;ENSMUSG00000031871;ENSMUSG00000062960;ENSMUSG00000061878;ENSMUSG00000101645;ENSMUSG00000020580;ENSMUSG00000019843	False	False	0.3333333333333333	6	0.0			-0.014141266271929784	0.048506712021929715	-0.020332684938596482	-0.014141266271929784	-0.020332684938596482	0.048506712021929715	0.5032894736842105	True	False	0.004745894141337394	0.006755160569727231	True	1.4233694154466803	Signaling By Vegf	False	False	False	False	False	True	1	sensitivity-dependent
kidney	R-MMU-6811442_INTRA_GOLGI_AND_RETROGRADE_GOLGI_TO_ER_TRAFFIC	-0.045327007103801144	6	1	5	-0.045327007103801144	6	1	5	2.779196539028604e-05	6.0	3.0	3.0	2.779196539028604e-05	6.0	3.0	3.0	1.1160235644359566	0.3333333333333333	0.9446897252380285	ENSMUSG00000014602;ENSMUSG00000058672;ENSMUSG00000045136;ENSMUSG00000021294;ENSMUSG00000001473;ENSMUSG00000072235;ENSMUSG00000030055;ENSMUSG00000023004;ENSMUSG00000018001;ENSMUSG00000056220;ENSMUSG00000062380;ENSMUSG00000032254;ENSMUSG00000041642;ENSMUSG00000045328	False	False	0.8333333333333334	6	0.0			-0.045327007103801116	0.011491605222222085	-0.014403635263157834	-0.014403635263157834	-0.045327007103801116	0.011491605222222085	0.805921052631579	True	False	-0.03298919747720364	-0.0037175042595870155	True	0.11268853272820303	Intra Golgi And Retrograde Golgi To Er Traffic	False	False	False	True	False	False	1	sensitivity-dependent
kidney	R-MMU-166520_SIGNALING_BY_NTRKS	-0.015053191247076029	6	4	2	-0.015053191247076029	6	4	2	1.7349743371980274e-05	6.0	4.0	2.0	1.73497433719802e-05	6.0	4.0	2.0	1.1151288326148812	0.32785087719298245	0.938335425457264	ENSMUSG00000037868;ENSMUSG00000055254;ENSMUSG00000059146;ENSMUSG00000027859;ENSMUSG00000041417;ENSMUSG00000038894;ENSMUSG00000026821;ENSMUSG00000023809	False	False	0.16666666666666666	6	0.0			-0.015053191247076034			-0.015053191247076034	-0.015053191247076034	-0.015053191247076034	0.5131578947368421	False	False	-0.03084829406914891	-0.02252441240475496	True	0.7301671967423772	Signaling By Ntrks	False	False	False	False	False	True	1	sensitivity-dependent
kidney	R-MMU-2262752_CELLULAR_RESPONSES_TO_STRESS	-0.06403391426900584	6	1	5	-0.06403391426900584	6	1	5	0.0004349816140338883	6.0	3.0	3.0	0.0004349816140338883	6.0	3.0	3.0	0.9697046631776969	0.5761523046092184	1.0	ENSMUSG00000021250;ENSMUSG00000023067;ENSMUSG00000032083;ENSMUSG00000069919;ENSMUSG00000004328;ENSMUSG00000054422;ENSMUSG00000056501;ENSMUSG00000062727;ENSMUSG00000027580;ENSMUSG00000073802;ENSMUSG00000032060;ENSMUSG00000058672;ENSMUSG00000052305;ENSMUSG00000024140;ENSMUSG00000039005;ENSMUSG00000032035;ENSMUSG00000024222;ENSMUSG00000042745;ENSMUSG00000045136;ENSMUSG00000046711;ENSMUSG00000073940;ENSMUSG00000061991;ENSMUSG00000052684;ENSMUSG00000001473;ENSMUSG00000072235;ENSMUSG00000051627;ENSMUSG00000029368;ENSMUSG00000023004;ENSMUSG00000030091;ENSMUSG00000025092;ENSMUSG00000071516;ENSMUSG00000069302;ENSMUSG00000060981;ENSMUSG00000062380;ENSMUSG00000072941;ENSMUSG00000094338;ENSMUSG00000052565;ENSMUSG00000061615;ENSMUSG00000032802;ENSMUSG00000018476;ENSMUSG00000023809	False	False	0.8333333333333334	6	0.5	0.6666666666666666	3.0	-0.06403391426900581	0.10322718013157979	-0.015468191140351082	-0.015468191140351082	-0.06403391426900581	0.10322718013157979	0.8881578947368421	True	False	-0.08582472165653496	-0.010892797352422864	True	0.126919110743116	Cellular Responses To Stress	False	False	False	True	False	False	1	sensitivity-dependent
kidney	R-MMU-73887_DEATH_RECEPTOR_SIGNALING	-0.02057743967836249	6	3	3	-0.02057743967836249	6	3	3	-0.003286068956039946	6.0	1.0	5.0	-0.003286068956039946	6.0	1.0	5.0	0.8261674775279786	0.7608465608465609	1.0	ENSMUSG00000037552;ENSMUSG00000039621;ENSMUSG00000021025;ENSMUSG00000027859;ENSMUSG00000040964;ENSMUSG00000032875;ENSMUSG00000013921;ENSMUSG00000019467;ENSMUSG00000021895;ENSMUSG00000032000;ENSMUSG00000037946;ENSMUSG00000000120	True	False	0.5	6	0.0			-0.020577439678362484	0.0050117665497076665	-0.0157643035526317	-0.0157643035526317	-0.020577439678362484	0.0050117665497076665	0.5625	True	False	-0.01506138001519757	-0.0016166273615992543	True	0.10733593867016228	Death Receptor Signaling	False	True	False	False	False	False	1	sensitivity-dependent
kidney	R-MMU-352230_AMINO_ACID_TRANSPORT_ACROSS_THE_PLASMA_MEMBRANE	-0.013499744043567248	6	3	3	-0.013499744043567248	6	3	3	-0.004727507438158825	6.0	0.0	6.0	-0.004727507438158825	6.0	0.0	6.0	0.7929957474289632	0.7867095391211146	1.0	ENSMUSG00000030109;ENSMUSG00000010064;ENSMUSG00000020264	True	False	0.3333333333333333	6	0.0			-0.01349974404356725		-0.018646186837821616	-0.016072965440694434	-0.018646186837821616	-0.01349974404356725	0.4934210526315789	False	False	-0.011315397433320664	-0.001556575382897698	True	0.13756259044989627	Amino Acid Transport Across The Plasma Membrane	False	True	False	False	False	False	1	sensitivity-dependent
kidney	R-MMU-157858_GAP_JUNCTION_TRAFFICKING_AND_REGULATION	-0.0016404104897002924	6	2	4	-0.0016404104897002924	6	2	4	0.002982072196164228	6.0	5.0	1.0	0.002982072196164228	6.0	5.0	1.0	1.2170088047121943	0.21155943293347873	0.7421467324084255	ENSMUSG00000058672;ENSMUSG00000046623;ENSMUSG00000045136;ENSMUSG00000001473;ENSMUSG00000072235;ENSMUSG00000057123;ENSMUSG00000023004;ENSMUSG00000047797;ENSMUSG00000062380;ENSMUSG00000026825;ENSMUSG00000030516;ENSMUSG00000050953	False	False	0.5	6	0.0			-0.0016404104897002666	-0.03208774083333298		-0.016864075661516625	-0.03208774083333298	-0.0016404104897002666	0.20723684210526316	False	False	-0.0005019215523662609	-0.0010059555220707482	True	2.004208660353929	Gap Junction Trafficking And Regulation	False	False	False	False	False	True	1	sensitivity-dependent
kidney	R-MMU-8980692_RHOA_GTPASE_CYCLE	-0.061171226689766094	6	1	5	-0.061171226689766094	6	1	5	0.0010224756096543913	6.0	5.0	1.0	0.0010224756096543913	6.0	5.0	1.0	1.057425816416261	0.4002047082906858	1.0	ENSMUSG00000024043;ENSMUSG00000032135;ENSMUSG00000004044;ENSMUSG00000023008;ENSMUSG00000039621;ENSMUSG00000022799;ENSMUSG00000020121;ENSMUSG00000040964;ENSMUSG00000031523;ENSMUSG00000032875;ENSMUSG00000032812;ENSMUSG00000030220;ENSMUSG00000041417;ENSMUSG00000024451;ENSMUSG00000026880;ENSMUSG00000019467;ENSMUSG00000021895;ENSMUSG00000052609;ENSMUSG00000037709;ENSMUSG00000022797;ENSMUSG00000020580;ENSMUSG00000028919;ENSMUSG00000057315;ENSMUSG00000028068	False	False	0.8333333333333334	6	0.0			-0.061171226689766066	-0.017459018631578865	4.13739234122999e-05	-0.017459018631578865	-0.061171226689766066	4.13739234122999e-05	0.881578947368421	True	False	-0.07063245844338906	0.03919986934339536	False	0.5549837880103453	Rhoa Gtpase Cycle	False	False	False	True	False	False	1	sensitivity-dependent
kidney	R-MMU-156827_L13A_MEDIATED_TRANSLATIONAL_SILENCING_OF_CERULOPLASMIN_EXPRESSION	0.0020408318036900584	6	5	1	0.0020408318036900584	6	5	1	-0.008426580029232217	6.0	2.0	4.0	-0.008426580029232217	6.0	2.0	4.0	-2.070671213088975	0.0	0.0031320820500900693	ENSMUSG00000039001;ENSMUSG00000079641;ENSMUSG00000039221;ENSMUSG00000067288;ENSMUSG00000061477;ENSMUSG00000024608;ENSMUSG00000034892;ENSMUSG00000078193;ENSMUSG00000061983;ENSMUSG00000060377;ENSMUSG00000068240;ENSMUSG00000038900;ENSMUSG00000062997;ENSMUSG00000058443;ENSMUSG00000057322;ENSMUSG00000050621	False	False	0.8333333333333334	6	0.0			0.0020408318036900333	-0.043302129099064335		-0.020630648647687152	-0.043302129099064335	0.0020408318036900333	0.2565789473684211	False	False	0.0024037627966527362	-0.0005664435674682313	False	0.2356486955605643	L13A Mediated Translational Silencing Of Ceruloplasmin Expression	False	False	False	True	False	False	1	sensitivity-dependent
kidney	R-MMU-2454202_FC_EPSILON_RECEPTOR_FCERI_SIGNALING	-0.015092932850877197	6	3	3	-0.015092932850877197	6	3	3	0.007411256593119896	6.0	5.0	1.0	0.007411256593119896	6.0	5.0	1.0	1.1700030118134095	0.2698237885462555	0.8548241724008188	ENSMUSG00000021250;ENSMUSG00000021025;ENSMUSG00000052684;ENSMUSG00000021457;ENSMUSG00000041417	False	False	0.3333333333333333	6	0.0			-0.0150929328508772		-0.03077049160380117	-0.022931712227339186	-0.03077049160380117	-0.0150929328508772	0.5164473684210527	False	False	-0.005834177207446814	-0.016072293488896355	True	2.7548517841352993	Fc Epsilon Receptor Fceri Signaling	False	False	False	False	False	True	1	sensitivity-dependent
kidney	R-MMU-5693565_RECRUITMENT_AND_ATM_MEDIATED_PHOSPHORYLATION_OF_REPAIR_AND_SIGNALING_PROTEINS_AT_DNA_DOUBLE_STRAND_BREAKS	-0.0072800132017543095	6	2	4	-0.0072800132017543095	6	2	4	-0.000833213909419428	6.0	4.0	2.0	-0.000833213909419428	6.0	4.0	2.0	0.3604630931232891	1.0	1.0	ENSMUSG00000062727	True	False	0.3333333333333333	6	0.0			-0.007280013201754283		-0.039514279269005796	-0.02339714623538004	-0.039514279269005796	-0.007280013201754283	0.4309210526315789	False	False	0.004036104312310015	-0.014327203382653406	False	3.5497604308579938	Recruitment And Atm Mediated Phosphorylation Of Repair And Signaling Proteins At Dna Double Strand Breaks	False	True	False	False	False	False	1	sensitivity-dependent
kidney	R-MMU-380108_CHEMOKINE_RECEPTORS_BIND_CHEMOKINES	0.024706715286257324	6	4	2	0.024706715286257324	6	4	2	-0.003999241583037998	6.0	3.0	3.0	-0.003999241583037998	6.0	3.0	3.0	-1.8667784725807233	0.03125	0.01630753464096482	ENSMUSG00000034855;ENSMUSG00000035352;ENSMUSG00000029417;ENSMUSG00000000982;ENSMUSG00000035042;ENSMUSG00000020676;ENSMUSG00000018930;ENSMUSG00000037944;ENSMUSG00000035373	False	False	0.6666666666666666	6	0.0			0.0247067152862573	-0.025363824447076067	-0.03716049805217834	-0.025363824447076067	-0.03716049805217834	0.0247067152862573	0.6019736842105263	True	False	0.03908167717021276	0.0007672327959240171	True	0.01963152176357431	Chemokine Receptors Bind Chemokines	False	False	False	True	False	False	1	sensitivity-dependent
kidney	R-MMU-2187338_VISUAL_PHOTOTRANSDUCTION	-0.029064717295321636	6	2	4	-0.029064717295321636	6	2	4	0.0005435470285673158	6.0	4.0	2.0	0.0005435470285673158	6.0	4.0	2.0	0.9789122304042716	0.5434782608695652	1.0	ENSMUSG00000040249;ENSMUSG00000032083;ENSMUSG00000032080;ENSMUSG00000058571;ENSMUSG00000024990;ENSMUSG00000025743;ENSMUSG00000020592;ENSMUSG00000066026;ENSMUSG00000034220	False	False	0.6666666666666666	6	0.0			-0.029064717295321636	-0.0253515658918128		-0.027208141593567218	-0.029064717295321636	-0.0253515658918128	0.6414473684210527	False	False	-0.03145648328267481	-0.0017027658137274252	True	0.05413083841655156	Visual Phototransduction	False	False	False	True	False	False	1	sensitivity-dependent
kidney	R-MMU-8957275_POST_TRANSLATIONAL_PROTEIN_PHOSPHORYLATION	-0.032205298517543855	6	4	2	-0.032205298517543855	6	4	2	0.004749402153323284	6.0	4.0	2.0	0.004749402153323284	6.0	4.0	2.0	1.360298307665573	0.01606425702811245	0.49982332080259184	ENSMUSG00000033860;ENSMUSG00000028001;ENSMUSG00000022868;ENSMUSG00000032083;ENSMUSG00000028364;ENSMUSG00000027204;ENSMUSG00000026185;ENSMUSG00000021614;ENSMUSG00000024164;ENSMUSG00000026193;ENSMUSG00000029070;ENSMUSG00000029309;ENSMUSG00000003617;ENSMUSG00000020303;ENSMUSG00000020427;ENSMUSG00000079015;ENSMUSG00000014599;ENSMUSG00000045573;ENSMUSG00000024736;ENSMUSG00000030605;ENSMUSG00000025509;ENSMUSG00000063011;ENSMUSG00000021556;ENSMUSG00000001870;ENSMUSG00000029368;ENSMUSG00000057346;ENSMUSG00000021835;ENSMUSG00000036256;ENSMUSG00000022816;ENSMUSG00000046841	False	False	0.16666666666666666	6	0.0			-0.03220529851754388	0.0359933338289474	-0.030825031353216417	-0.030825031353216417	-0.03220529851754388	0.0359933338289474	0.6677631578947368	True	False	-0.04920445483662611	-0.023706541863381274	True	0.4817966572761403	Post Translational Protein Phosphorylation	False	False	False	False	False	True	1	sensitivity-dependent
kidney	R-MMU-1442490_COLLAGEN_DEGRADATION	-0.03640677277777782	6	2	4	-0.03640677277777782	6	2	4	0.0034267494480779083	6.0	4.0	2.0	0.0034267494480779083	6.0	4.0	2.0	1.2979359679067188	0.10574948665297741	0.6913907445382688	ENSMUSG00000004098;ENSMUSG00000031503;ENSMUSG00000031502;ENSMUSG00000026837;ENSMUSG00000031790;ENSMUSG00000000957;ENSMUSG00000001435;ENSMUSG00000001119;ENSMUSG00000020241;ENSMUSG00000031740;ENSMUSG00000032332	False	False	0.6666666666666666	6	0.0			-0.036406772777777784	-0.0313262553947369	0.026408708143274815	-0.0313262553947369	-0.036406772777777784	0.026408708143274815	0.7236842105263158	True	False	-0.03193024069148936	0.01616810994896643	False	0.5063572838420807	Collagen Degradation	False	False	False	True	False	False	1	sensitivity-dependent
kidney	R-MMU-1799339_SRP_DEPENDENT_COTRANSLATIONAL_PROTEIN_TARGETING_TO_MEMBRANE	0.0005767779578093574	6	3	3	0.0005767779578093574	6	3	3	-0.007874141348059768	6.0	2.0	4.0	-0.007874141348059768	6.0	2.0	4.0	-1.517301749627599	0.06976744186046512	0.11193634144924168	ENSMUSG00000039001;ENSMUSG00000079641;ENSMUSG00000039221;ENSMUSG00000067288;ENSMUSG00000061477;ENSMUSG00000024608;ENSMUSG00000034892;ENSMUSG00000078193;ENSMUSG00000061983;ENSMUSG00000060377;ENSMUSG00000068240;ENSMUSG00000038900;ENSMUSG00000062997;ENSMUSG00000058443;ENSMUSG00000057322;ENSMUSG00000050621	False	False	0.16666666666666666	6	0.0			0.0005767779578093833		-0.0964435148168128	-0.04793336842950171	-0.0964435148168128	0.0005767779578093833	0.0756578947368421	False	False	0.0013045548326314587	0.0041473467039125364	True	3.1791279294460875	Srp Dependent Cotranslational Protein Targeting To Membrane	False	False	False	False	False	True	1	sensitivity-dependent
kidney	R-MMU-195258_RHO_GTPASE_EFFECTORS	-0.05884420151394737	6	0	6	-0.05884420151394737	6	0	6	0.000908754322064494	6.0	3.0	3.0	0.0009087543220644942	6.0	3.0	3.0	0.7885370919956236	0.8350100603621731	1.0	ENSMUSG00000018830;ENSMUSG00000031328;ENSMUSG00000023008;ENSMUSG00000054364;ENSMUSG00000058672;ENSMUSG00000022836;ENSMUSG00000117098;ENSMUSG00000045136;ENSMUSG00000001473;ENSMUSG00000024660;ENSMUSG00000029622;ENSMUSG00000072235;ENSMUSG00000067818;ENSMUSG00000029414;ENSMUSG00000023004;ENSMUSG00000047281;ENSMUSG00000031284;ENSMUSG00000062380;ENSMUSG00000036053;ENSMUSG00000029177;ENSMUSG00000045328;ENSMUSG00000030739;ENSMUSG00000002233	False	False	1.0	6	0.16666666666666666	1.0	1.0	-0.058844201513947314	-0.07485271235526313	0.027235340655923933	-0.058844201513947314	-0.07485271235526313	0.027235340655923933	0.868421052631579	True	False	-0.06028446733696809	0.013061180126138428	False	0.21665912801603132	Rho Gtpase Effectors	False	False	False	True	False	False	1	sensitivity-dependent
kidney	R-MMU-194068_BILE_ACID_AND_BILE_SALT_METABOLISM	0.010833786794883048	6	3	3	0.010833786794883048	6	3	3	-0.005544332082176168	6.0	2.0	4.0	-0.005544332082176168	6.0	2.0	4.0	-1.130565136422252	0.27586206896551724	0.5445861240453049	ENSMUSG00000035699;ENSMUSG00000039519;ENSMUSG00000022244;ENSMUSG00000021213;ENSMUSG00000021207;ENSMUSG00000042359;ENSMUSG00000027359;ENSMUSG00000050370;ENSMUSG00000071551;ENSMUSG00000029822;ENSMUSG00000033715;ENSMUSG00000023073;ENSMUSG00000038641;ENSMUSG00000027048;ENSMUSG00000047638;ENSMUSG00000021751;ENSMUSG00000042289;ENSMUSG00000020865;ENSMUSG00000026170;ENSMUSG00000021214;ENSMUSG00000029368	False	False	0.3333333333333333	6	0.0			0.010833786794883052		-0.004024845409356703	0.0034044706927631742	-0.004024845409356703	0.010833786794883052	0.4605263157894737	False	False	-0.00035626631117021486	0.00827463261082767	False	23.225975489089297	Bile Acid And Bile Salt Metabolism	False	False	False	False	False	False	0	sensitivity-dependent
kidney	R-MMU-927802_NONSENSE_MEDIATED_DECAY_NMD	0.0006273780474576024	6	3	3	0.0006273780474576025	6	3	3	-0.008426580029232217	6.0	2.0	4.0	-0.008426580029232217	6.0	2.0	4.0	-2.070671213088975	0.0	0.0031320820500900693	ENSMUSG00000039001;ENSMUSG00000079641;ENSMUSG00000039221;ENSMUSG00000067288;ENSMUSG00000061477;ENSMUSG00000024608;ENSMUSG00000034892;ENSMUSG00000078193;ENSMUSG00000061983;ENSMUSG00000060377;ENSMUSG00000068240;ENSMUSG00000038900;ENSMUSG00000062997;ENSMUSG00000058443;ENSMUSG00000057322;ENSMUSG00000050621	False	False	0.16666666666666666	6	0.0			0.0006273780474576166			0.0006273780474576166	0.0006273780474576166	0.0006273780474576166	0.08552631578947369	False	False	0.002093251344864361	-0.0004526446015703935	False	0.21623996692080188	Nonsense Mediated Decay Nmd	False	False	False	False	False	False	0	sensitivity-dependent
kidney	R-MMU-168138_TOLL_LIKE_RECEPTOR_9_TLR9_CASCADE	-0.0007062378382704677	6	3	3	-0.0007062378382704677	6	3	3	0.002300360003065363	6.0	3.0	3.0	0.002300360003065363	6.0	3.0	3.0	1.2775576683716434	0.13566739606126915	0.6859402091311585	ENSMUSG00000021250;ENSMUSG00000030107;ENSMUSG00000021025;ENSMUSG00000039005;ENSMUSG00000052684;ENSMUSG00000051439;ENSMUSG00000023809;ENSMUSG00000025225;ENSMUSG00000025498	False	False	0.16666666666666666	6	0.0			-0.0007062378382704835		0.0008898188389751668	9.179050035234166e-05	-0.0007062378382704835	0.0008898188389751668	0.10526315789473684	False	False	-0.0012231537532332833	-8.411518553462574e-05	True	0.06876910225903796	Toll Like Receptor 9 Tlr9 Cascade	False	False	False	False	False	False	0	sensitivity-dependent
kidney	R-MMU-9013106_RHOC_GTPASE_CYCLE	-0.0006334641040394738	6	3	3	-0.0006334641040394738	6	3	3	0.006807105283185598	6.0	5.0	1.0	0.006807105283185598	6.0	5.0	1.0	1.3179147796973203	0.11707841031149302	0.6073397295706926	ENSMUSG00000032135;ENSMUSG00000004044;ENSMUSG00000023008;ENSMUSG00000039621;ENSMUSG00000040964;ENSMUSG00000031523;ENSMUSG00000032875;ENSMUSG00000041417;ENSMUSG00000026880;ENSMUSG00000019467;ENSMUSG00000036053;ENSMUSG00000002233;ENSMUSG00000022797;ENSMUSG00000020580	False	False	0.3333333333333333	6	0.0			-0.0006334641040394666		0.0003659786906286832	-0.00013374270670539172	-0.0006334641040394666	0.0003659786906286832	0.08881578947368421	False	False	-0.0002676221300554712	4.103661940197945e-05	False	0.1533379148931877	Rhoc Gtpase Cycle	False	False	False	False	False	False	0	sensitivity-dependent
kidney	R-MMU-8951664_NEDDYLATION	-0.0009808416194266084	6	3	3	-0.0009808416194266084	6	3	3	0.00572669646995255	6.0	6.0	0.0	0.00572669646995255	6.0	6.0	0.0	1.4170548217518164	0.05948372615039282	0.3741510988412254	ENSMUSG00000004328;ENSMUSG00000039911;ENSMUSG00000017677;ENSMUSG00000024140;ENSMUSG00000020027;ENSMUSG00000032578;ENSMUSG00000053113	False	False	0.3333333333333333	6	0.0			-0.0009808416194266166	-0.039422254072105235	0.0217406294108187	-0.0009808416194266166	-0.039422254072105235	0.0217406294108187	0.13815789473684212	True	False	-0.0002975390395334343	0.00026345628138695477	False	0.8854511387819088	Neddylation	False	False	False	False	False	False	0	sensitivity-dependent
kidney	R-MMU-1169410_ANTIMICROBIAL_MECHANISM_OF_IFN_STIMULATED_GENES	-0.0006952022515619889	6	3	3	-0.0006952022515619889	6	3	3	0.0023099702962257073	6.0	5.0	1.0	0.002309970296225708	6.0	5.0	1.0	1.232127965427806	0.19398340248962656	0.7511087475730904	ENSMUSG00000030107;ENSMUSG00000027078;ENSMUSG00000058672;ENSMUSG00000040296;ENSMUSG00000032596;ENSMUSG00000045136;ENSMUSG00000001473;ENSMUSG00000041827;ENSMUSG00000072235;ENSMUSG00000023004;ENSMUSG00000023341;ENSMUSG00000062380;ENSMUSG00000035692;ENSMUSG00000025889;ENSMUSG00000061878;ENSMUSG00000004040	False	False	0.16666666666666666	6	0.0			-0.0006952022515620001	-0.0030145461539473335		-0.0018548742027546669	-0.0030145461539473335	-0.0006952022515620001	0.10197368421052631	False	False	0.000339511452987082	-0.0023445949888990024	False	6.905790565445848	Antimicrobial Mechanism Of Ifn Stimulated Genes	False	False	False	False	False	False	0	sensitivity-dependent
kidney	R-MMU-2467813_SEPARATION_OF_SISTER_CHROMATIDS	-0.002438864785978071	6	4	2	-0.0024388647859780706	6	4	2	0.00393428139682903	6.0	3.0	3.0	0.00393428139682903	6.0	3.0	3.0	0.9823526658448671	0.5259809119830329	1.0	ENSMUSG00000058672;ENSMUSG00000045136;ENSMUSG00000001473;ENSMUSG00000024660;ENSMUSG00000072235;ENSMUSG00000029414;ENSMUSG00000023004;ENSMUSG00000062380;ENSMUSG00000029177;ENSMUSG00000045328	False	False	0.16666666666666666	6	0.0			-0.002438864785978083	-0.005515228078654916		-0.0039770464323165	-0.005515228078654916	-0.002438864785978083	0.2894736842105263	False	False	-0.001796758063047113	0.0014765205865621264	False	0.821769283761055	Separation Of Sister Chromatids	False	False	False	False	False	False	0	sensitivity-dependent
kidney	R-MMU-422475_AXON_GUIDANCE	-0.02208861997076032	6	3	3	-0.02208861997076032	6	3	3	0.0009860713073777266	6.0	3.0	3.0	0.0009860713073777266	6.0	3.0	3.0	1.1936424983650273	0.12212212212212212	0.7961918717368053	ENSMUSG00000004098;ENSMUSG00000031503;ENSMUSG00000031502;ENSMUSG00000026837;ENSMUSG00000039115;ENSMUSG00000006445;ENSMUSG00000001119;ENSMUSG00000020241;ENSMUSG00000030110;ENSMUSG00000031217;ENSMUSG00000020689;ENSMUSG00000021493;ENSMUSG00000031740;ENSMUSG00000022048;ENSMUSG00000054364;ENSMUSG00000058672;ENSMUSG00000038264;ENSMUSG00000022623;ENSMUSG00000048126;ENSMUSG00000000555;ENSMUSG00000045136;ENSMUSG00000034220;ENSMUSG00000056427;ENSMUSG00000001473;ENSMUSG00000063531;ENSMUSG00000030123;ENSMUSG00000029622;ENSMUSG00000072235;ENSMUSG00000024501;ENSMUSG00000025789;ENSMUSG00000039952;ENSMUSG00000023004;ENSMUSG00000041417;ENSMUSG00000025810;ENSMUSG00000038894;ENSMUSG00000001300;ENSMUSG00000031284	False	False	0.5	6	0.0			-0.02208861997076032	-0.010044422236842002	0.06490946467309935	-0.010044422236842002	-0.02208861997076032	0.06490946467309935	0.5756578947368421	True	False	-0.004870340539513687	0.0064371409555443486	False	1.3217024360656122	Axon Guidance	False	False	False	False	False	False	0	sensitivity-dependent
spleen	R-MMU-422475_AXON_GUIDANCE	0.11828566579027781	5	4	1	0.11828566579027781	5	4	1	0.008759898071425978	5.0	4.0	1.0	0.008759898071425978	5.0	4.0	1.0	1.8287707461978946	0.0	0.14943862729038965	ENSMUSG00000042453;ENSMUSG00000056427;ENSMUSG00000031714;ENSMUSG00000020176;ENSMUSG00000059495;ENSMUSG00000021061;ENSMUSG00000020019;ENSMUSG00000004098;ENSMUSG00000030110;ENSMUSG00000026042;ENSMUSG00000022231;ENSMUSG00000034220;ENSMUSG00000058325;ENSMUSG00000024924;ENSMUSG00000026837;ENSMUSG00000031503;ENSMUSG00000030084;ENSMUSG00000034311;ENSMUSG00000061353;ENSMUSG00000030123;ENSMUSG00000031502;ENSMUSG00000022263;ENSMUSG00000054364;ENSMUSG00000048126;ENSMUSG00000025810;ENSMUSG00000026532;ENSMUSG00000041417;ENSMUSG00000038894;ENSMUSG00000006445;ENSMUSG00000041977	True	True	0.8	5	0.8	0.75	4.0	0.11828566579027781	0.22866195811638884	0.01836327548888888	0.11828566579027781	0.01836327548888888	0.22866195811638884	0.9570200573065902	True	True	0.06370300639255735	0.06243990900844661	True	0.9801720914657128	Axon Guidance	True	True	True	True	True	True	5	triangulated
spleen	R-MMU-9958863_SLC_MEDIATED_TRANSPORT_OF_AMINO_ACIDS	0.09922132480138887	5	5	0	0.09922132480138887	5	5	0	0.029342260288305843	5.0	3.0	2.0	0.029342260288305843	5.0	3.0	2.0	1.634804010111789	0.005594405594405594	0.06590500327640683	ENSMUSG00000027075;ENSMUSG00000040010;ENSMUSG00000020142;ENSMUSG00000022180;ENSMUSG00000031297;ENSMUSG00000041313	True	True	1.0	5	0.6	1.0	3.0	0.09922132480138883	0.00050112117483336	0.07063578933555555	0.07063578933555555	0.00050112117483336	0.09922132480138883	0.9197707736389685	True	True	0.06587618517994902	0.08247085619461897	True	1.2519069823083948	Slc Mediated Transport Of Amino Acids	True	True	True	True	True	True	5	triangulated
spleen	R-MMU-1474290_COLLAGEN_FORMATION	0.11572179627777776	5	4	1	0.11572179627777776	5	4	1	0.009145354684336412	5.0	4.0	1.0	0.009145354684336412	5.0	4.0	1.0	1.4622414709502227	0.05128205128205128	0.12037941419225841	ENSMUSG00000032332;ENSMUSG00000004098;ENSMUSG00000026042;ENSMUSG00000026837;ENSMUSG00000031503;ENSMUSG00000031502;ENSMUSG00000048126;ENSMUSG00000059901;ENSMUSG00000032374;ENSMUSG00000024330;ENSMUSG00000029661;ENSMUSG00000038168	True	True	0.8	5	0.6	0.6666666666666666	3.0	0.11572179627777775	0.03558698608333334	0.00252566117329168	0.03558698608333334	0.00252566117329168	0.11572179627777775	0.9541547277936963	True	True	0.08058867225862364	0.07332332098014442	True	0.9098464948626602	Collagen Formation	True	True	True	True	True	True	5	triangulated
spleen	R-MMU-2172127_DAP12_INTERACTIONS	-0.1064837939333334	5	0	5	-0.1064837939333334	5	0	5	-0.009190397273954671	5.0	0.0	5.0	-0.009190397273954671	5.0	0.0	5.0	-1.3794771765798013	0.07903780068728522	0.1504253672172024	ENSMUSG00000048498;ENSMUSG00000030165;ENSMUSG00000042265;ENSMUSG00000030579;ENSMUSG00000030167;ENSMUSG00000029915	True	True	1.0	5	0.8	1.0	4.0	-0.10648379393333338	-0.0028626958496222	-0.00045828576694444004	-0.0028626958496222	-0.10648379393333338	-0.00045828576694444004	0.9455587392550143	True	True	-0.07204010188037384	-0.08463979862455671	True	1.174898374867727	Dap12 Interactions	True	True	True	True	True	True	5	triangulated
spleen	R-MMU-163125_POST_TRANSLATIONAL_MODIFICATION_SYNTHESIS_OF_GPI_ANCHORED_PROTEINS	-0.13332670104166666	5	1	4	-0.13332670104166666	5	1	4	-0.012260146261038149	5.0	2.0	3.0	-0.012260146261038149	5.0	2.0	3.0	-1.1034452396556271	0.26885245901639343	0.4975939384748195	ENSMUSG00000029082;ENSMUSG00000034634;ENSMUSG00000059089;ENSMUSG00000000682;ENSMUSG00000044678;ENSMUSG00000032011;ENSMUSG00000020183;ENSMUSG00000031933;ENSMUSG00000026765;ENSMUSG00000054385;ENSMUSG00000039114;ENSMUSG00000046223	True	True	0.8	5	1.0	0.8	5.0	-0.1333267010416666	-0.07206576286388879	-0.033705211016666584	-0.07206576286388879	-0.1333267010416666	-0.033705211016666584	0.9713467048710601	True	True	-0.07771488771588785	-0.11329048570036722	True	1.457770692721549	Post Translational Modification Synthesis Of Gpi Anchored Proteins	True	True	True	True	True	True	5	triangulated
spleen	R-MMU-373076_CLASS_A_1_RHODOPSIN_LIKE_RECEPTORS	-0.1704703994630556	5	0	5	-0.1704703994630556	5	0	5	-0.009746709871406849	5.0	2.0	3.0	-0.009746709871406849	5.0	2.0	3.0	-1.6748066531379548	0.0	0.03502363329365287	ENSMUSG00000031779;ENSMUSG00000024798;ENSMUSG00000000982;ENSMUSG00000045087;ENSMUSG00000020702;ENSMUSG00000018500;ENSMUSG00000046908;ENSMUSG00000037944;ENSMUSG00000026573;ENSMUSG00000026874;ENSMUSG00000045502;ENSMUSG00000024659;ENSMUSG00000029417;ENSMUSG00000026180;ENSMUSG00000035042;ENSMUSG00000058427;ENSMUSG00000052270;ENSMUSG00000049608;ENSMUSG00000033470;ENSMUSG00000029372;ENSMUSG00000043102;ENSMUSG00000045573;ENSMUSG00000051212;ENSMUSG00000048521;ENSMUSG00000035448;ENSMUSG00000018930;ENSMUSG00000044199;ENSMUSG00000079227;ENSMUSG00000049130;ENSMUSG00000033446;ENSMUSG00000019122;ENSMUSG00000056529	True	True	1.0	5	1.0	1.0	5.0	-0.17047039946305556	-0.07977784413333318	-0.01759819964999984	-0.07977784413333318	-0.17047039946305556	-0.01759819964999984	0.9885386819484241	True	True	-0.11466138203058628	-0.1250508897499617	True	1.0906103479251976	Class A 1 Rhodopsin Like Receptors	True	True	True	True	True	True	5	triangulated
spleen	R-MMU-5621481_C_TYPE_LECTIN_RECEPTORS_CLRS	-0.10483343600444446	5	0	5	-0.10483343600444446	5	0	5	-0.013766854211443797	5.0	3.0	2.0	-0.013766854211443797	5.0	3.0	2.0	-1.7947078767595106	0.00967741935483871	0.017041208964946868	ENSMUSG00000030142;ENSMUSG00000030144;ENSMUSG00000030793;ENSMUSG00000068240;ENSMUSG00000058715;ENSMUSG00000027398;ENSMUSG00000031494;ENSMUSG00000028161;ENSMUSG00000023349	True	True	1.0	5	0.6	1.0	3.0	-0.10483343600444442	-0.05846211178016662	-0.13525575716524446	-0.10483343600444442	-0.13525575716524446	-0.05846211178016662	0.9426934097421203	True	True	-0.08411154842427532	-0.08101914257922924	True	0.9632344677636016	C Type Lectin Receptors Clrs	True	True	True	True	True	True	5	triangulated
spleen	R-MMU-6798695_NEUTROPHIL_DEGRANULATION	-0.2628305464944446	5	0	5	-0.2628305464944446	5	0	5	-0.013900918005464868	5.0	0.0	5.0	-0.013900918005464868	5.0	0.0	5.0	-2.7353745680308488	0.0	0.0	ENSMUSG00000032496;ENSMUSG00000020125;ENSMUSG00000038357;ENSMUSG00000056054;ENSMUSG00000026822;ENSMUSG00000056071;ENSMUSG00000040314;ENSMUSG00000052212;ENSMUSG00000009350;ENSMUSG00000057163;ENSMUSG00000024681;ENSMUSG00000073940;ENSMUSG00000025473;ENSMUSG00000026835;ENSMUSG00000052305;ENSMUSG00000023903;ENSMUSG00000064246;ENSMUSG00000057729;ENSMUSG00000030144;ENSMUSG00000030413;ENSMUSG00000013974;ENSMUSG00000052234;ENSMUSG00000017737;ENSMUSG00000031722;ENSMUSG00000039196;ENSMUSG00000040693;ENSMUSG00000022026;ENSMUSG00000029082;ENSMUSG00000068587;ENSMUSG00000063234;ENSMUSG00000030162;ENSMUSG00000027907;ENSMUSG00000116988;ENSMUSG00000029322;ENSMUSG00000026180;ENSMUSG00000032231;ENSMUSG00000027447;ENSMUSG00000024084;ENSMUSG00000053063;ENSMUSG00000027533;ENSMUSG00000036938;ENSMUSG00000069516;ENSMUSG00000052270;ENSMUSG00000030786;ENSMUSG00000021822;ENSMUSG00000016283;ENSMUSG00000020732;ENSMUSG00000025701;ENSMUSG00000059089;ENSMUSG00000040747;ENSMUSG00000092572;ENSMUSG00000060791;ENSMUSG00000046718;ENSMUSG00000029372;ENSMUSG00000030793;ENSMUSG00000064147;ENSMUSG00000067235;ENSMUSG00000004668;ENSMUSG00000056888;ENSMUSG00000035273;ENSMUSG00000054203;ENSMUSG00000030579;ENSMUSG00000018774;ENSMUSG00000060131;ENSMUSG00000021069;ENSMUSG00000005800;ENSMUSG00000026399;ENSMUSG00000049130;ENSMUSG00000032359;ENSMUSG00000030148;ENSMUSG00000000594	True	True	1.0	5	1.0	1.0	5.0	-0.2628305464944446	-0.16416148659055554	-0.18229687720833324	-0.18229687720833324	-0.2628305464944446	-0.16416148659055554	1.0	True	True	-0.17511539602752768	-0.10868981452099916	True	0.620675377417491	Neutrophil Degranulation	True	True	True	True	True	True	5	triangulated
spleen	R-MMU-202403_TCR_SIGNALING	-0.2566870298888888	5	0	5	-0.2566870298888888	5	0	5	-0.012195471756176251	5.0	2.0	3.0	-0.012195471756176251	5.0	2.0	3.0	-1.631102141501697	0.027303754266211604	0.04235508218522883	ENSMUSG00000076490;ENSMUSG00000036594;ENSMUSG00000060586;ENSMUSG00000030775;ENSMUSG00000076498;ENSMUSG00000076928;ENSMUSG00000073421;ENSMUSG00000002033;ENSMUSG00000068240	True	True	1.0	5	1.0	1.0	5.0	-0.25668702988888875	-0.13728609850555556	-0.21612942708333316	-0.21612942708333316	-0.25668702988888875	-0.13728609850555556	0.997134670487106	True	True	-0.16254501857943926	-0.19431050519753276	True	1.1954257773982107	Tcr Signaling	True	True	True	True	True	True	5	triangulated
spleen	R-MMU-9716542_SIGNALING_BY_RHO_GTPASES_MIRO_GTPASES_AND_RHOBTB3	0.14264595862405546	5	3	2	0.14264595862405546	5	3	2	0.0034350761779984333	5.0	3.0	2.0	0.0034350761779984333	5.0	3.0	2.0	1.3799385625361256	0.014054054054054054	0.1755244267263189	ENSMUSG00000021782;ENSMUSG00000053199;ENSMUSG00000061462;ENSMUSG00000059495;ENSMUSG00000041498;ENSMUSG00000025154;ENSMUSG00000025555;ENSMUSG00000026880;ENSMUSG00000073433;ENSMUSG00000026605;ENSMUSG00000023940;ENSMUSG00000058325;ENSMUSG00000020900;ENSMUSG00000030084;ENSMUSG00000031756;ENSMUSG00000038587;ENSMUSG00000002068;ENSMUSG00000038943;ENSMUSG00000041219;ENSMUSG00000022836;ENSMUSG00000021279;ENSMUSG00000034573;ENSMUSG00000021697;ENSMUSG00000022797;ENSMUSG00000024812;ENSMUSG00000022799;ENSMUSG00000032135;ENSMUSG00000030123;ENSMUSG00000033577;ENSMUSG00000022263;ENSMUSG00000054364;ENSMUSG00000021676;ENSMUSG00000036223;ENSMUSG00000068101;ENSMUSG00000027115;ENSMUSG00000040084;ENSMUSG00000000823;ENSMUSG00000041417;ENSMUSG00000029108;ENSMUSG00000026131;ENSMUSG00000006445;ENSMUSG00000041977;ENSMUSG00000024451;ENSMUSG00000028678;ENSMUSG00000045328;ENSMUSG00000074305;ENSMUSG00000021714;ENSMUSG00000020897;ENSMUSG00000021990;ENSMUSG00000004044;ENSMUSG00000000627;ENSMUSG00000044201;ENSMUSG00000025403;ENSMUSG00000006398;ENSMUSG00000020315;ENSMUSG00000027699;ENSMUSG00000020841;ENSMUSG00000039831;ENSMUSG00000054889;ENSMUSG00000052609;ENSMUSG00000026991;ENSMUSG00000028556;ENSMUSG00000050953;ENSMUSG00000023015;ENSMUSG00000022443;ENSMUSG00000040549;ENSMUSG00000009621	True	True	0.4	5	0.8	0.5	4.0	0.14264595862405546	0.1350226075055555	0.07064043866666644	0.1350226075055555	0.07064043866666644	0.14264595862405546	0.9742120343839542	True	True	0.03521207891872897	0.08638294286819398	True	2.453219052120428	Signaling By Rho Gtpases Miro Gtpases And Rhobtb3	True	True	True	False	True	True	4	sensitivity-dependent
spleen	R-MMU-6811442_INTRA_GOLGI_AND_RETROGRADE_GOLGI_TO_ER_TRAFFIC	0.09030981149100001	5	3	2	0.09030981149100001	5	3	2	0.005347588262455658	5.0	3.0	2.0	0.005347588262455657	5.0	3.0	2.0	1.11362968682578	0.32270916334661354	0.4622703183132008	ENSMUSG00000051378;ENSMUSG00000012443;ENSMUSG00000079553;ENSMUSG00000030677;ENSMUSG00000034311;ENSMUSG00000027115;ENSMUSG00000030055;ENSMUSG00000018001;ENSMUSG00000028678;ENSMUSG00000045328;ENSMUSG00000032254;ENSMUSG00000060012;ENSMUSG00000023015;ENSMUSG00000063077;ENSMUSG00000016255;ENSMUSG00000024795;ENSMUSG00000041642;ENSMUSG00000023830;ENSMUSG00000036752;ENSMUSG00000036768	True	True	0.6	5	0.4	0.0	2.0	0.090309811491	0.00686822357499996	0.09229013311555564	0.090309811491	0.00686822357499996	0.09229013311555564	0.9054441260744985	True	True	0.033978561551612586	0.07269323909683245	True	2.13938541766735	Intra Golgi And Retrograde Golgi To Er Traffic	True	True	True	False	True	True	4	sensitivity-dependent
spleen	R-MMU-2454202_FC_EPSILON_RECEPTOR_FCERI_SIGNALING	0.10070082993972221	5	4	1	0.10070082993972221	5	4	1	0.002414498151405033	5.0	2.0	3.0	0.002414498151405033	5.0	2.0	3.0	1.2421793669857353	0.12009237875288684	0.2932655850835498	ENSMUSG00000103254;ENSMUSG00000095612;ENSMUSG00000096452;ENSMUSG00000096326;ENSMUSG00000095285;ENSMUSG00000096078;ENSMUSG00000102364;ENSMUSG00000076666;ENSMUSG00000095200;ENSMUSG00000093838;ENSMUSG00000109061;ENSMUSG00000096577;ENSMUSG00000104452;ENSMUSG00000095429;ENSMUSG00000094502;ENSMUSG00000076670;ENSMUSG00000093896;ENSMUSG00000021250;ENSMUSG00000096150;ENSMUSG00000095442;ENSMUSG00000095416;ENSMUSG00000095210;ENSMUSG00000041417;ENSMUSG00000096499;ENSMUSG00000105606;ENSMUSG00000076695	True	True	0.8	5	0.6	0.6666666666666666	3.0	0.10070082993972221	-0.048519779240000074	0.03492715230555552	0.03492715230555552	-0.048519779240000074	0.10070082993972221	0.9340974212034384	True	False	0.06590533262813936	0.06877935144299864	True	1.0436082893485341	Fc Epsilon Receptor Fceri Signaling	True	True	True	True	False	True	4	method-supported, model-sensitive
spleen	R-MMU-983705_SIGNALING_BY_THE_B_CELL_RECEPTOR_BCR	0.14434327809444447	5	5	0	0.14434327809444447	5	5	0	0.0014361349908937602	5.0	2.0	3.0	0.0014361349908937602	5.0	2.0	3.0	1.2587130605188115	0.11303344867358708	0.28037519779715897	ENSMUSG00000103254;ENSMUSG00000095612;ENSMUSG00000096452;ENSMUSG00000096326;ENSMUSG00000095285;ENSMUSG00000096078;ENSMUSG00000102364;ENSMUSG00000076666;ENSMUSG00000095200;ENSMUSG00000093838;ENSMUSG00000096577;ENSMUSG00000104452;ENSMUSG00000095429;ENSMUSG00000094502;ENSMUSG00000076670;ENSMUSG00000093896;ENSMUSG00000096150;ENSMUSG00000095442;ENSMUSG00000095416;ENSMUSG00000042644;ENSMUSG00000095210;ENSMUSG00000041417;ENSMUSG00000096499;ENSMUSG00000105606;ENSMUSG00000076695	True	True	1.0	5	1.0	1.0	5.0	0.14434327809444442	0.004284804591444441	-0.05921525863533326	0.004284804591444441	-0.05921525863533326	0.14434327809444442	0.9770773638968482	True	False	0.09071521171622772	0.11399683978957752	True	1.256645248717256	Signaling By The B Cell Receptor Bcr	True	True	True	True	False	True	4	method-supported, model-sensitive
spleen	R-MMU-76002_PLATELET_ACTIVATION_SIGNALING_AND_AGGREGATION	-0.12461804974999993	5	0	5	-0.12461804974999993	5	0	5	-0.0010807759487259983	5.0	2.0	3.0	-0.0010807759487259983	5.0	2.0	3.0	0.9432225544755029	0.5931603773584906	0.6843857264955792	ENSMUSG00000033174;ENSMUSG00000035735;ENSMUSG00000023951;ENSMUSG00000022469;ENSMUSG00000037411;ENSMUSG00000018909;ENSMUSG00000021823;ENSMUSG00000048376;ENSMUSG00000045312;ENSMUSG00000054364;ENSMUSG00000042644;ENSMUSG00000034731;ENSMUSG00000041417;ENSMUSG00000029108;ENSMUSG00000002944;ENSMUSG00000026193	True	False	1.0	5	0.8	1.0	4.0	-0.1246180497499999	-0.0377965384166664	-0.00695929124722218	-0.0377965384166664	-0.1246180497499999	-0.00695929124722218	0.9598853868194842	True	True	-0.05978778880883604	-0.04789150635506906	True	0.8010248799833716	Platelet Activation Signaling And Aggregation	True	True	False	True	True	True	4	internally robust, incomplete conventional support
spleen	R-MMU-556833_METABOLISM_OF_LIPIDS	-0.10819356075000006	5	0	5	-0.10819356075000006	5	0	5	-0.0037446077420930715	5.0	2.0	3.0	-0.0037446077420930715	5.0	2.0	3.0	0.9551177937060652	0.5896551724137931	0.6641319393999128	ENSMUSG00000006345;ENSMUSG00000033174;ENSMUSG00000020646;ENSMUSG00000061740;ENSMUSG00000031749;ENSMUSG00000024087;ENSMUSG00000024665;ENSMUSG00000050931;ENSMUSG00000040447;ENSMUSG00000032737;ENSMUSG00000056091;ENSMUSG00000034573;ENSMUSG00000021759;ENSMUSG00000032487;ENSMUSG00000029406;ENSMUSG00000024900;ENSMUSG00000041417;ENSMUSG00000041757;ENSMUSG00000024851;ENSMUSG00000015846	True	False	1.0	5	0.8	1.0	4.0	-0.10819356075000004	-0.06111246061111131	-0.04443929877777786	-0.06111246061111131	-0.10819356075000004	-0.04443929877777786	0.9484240687679083	True	True	-0.053513813967714624	-0.05189687209084595	True	0.969784589118537	Metabolism Of Lipids	True	True	False	True	True	True	4	internally robust, incomplete conventional support
spleen	R-MMU-9020702_INTERLEUKIN_1_SIGNALING	-0.11271559014888885	5	2	3	-0.11271559014888885	5	2	3	-0.008352396402562395	5.0	2.0	3.0	-0.008352396402562395	5.0	2.0	3.0	-0.5185067882686042	0.9790209790209791	0.9927089044691499	ENSMUSG00000026981;ENSMUSG00000068240;ENSMUSG00000027398;ENSMUSG00000026073	True	True	0.6	5	0.6	0.3333333333333333	3.0	-0.11271559014888885	-0.17830929335	-0.0024501738541999403	-0.11271559014888885	-0.17830929335	-0.0024501738541999403	0.9512893982808023	True	True	-0.05670607630817332	-0.059354371358067336	True	1.0467021388590114	Interleukin 1 Signaling	True	True	True	False	True	True	4	sensitivity-dependent
spleen	R-MMU-5669034_TNFS_BIND_THEIR_PHYSIOLOGICAL_RECEPTORS	-0.12700272508611113	5	0	5	-0.12700272508611113	5	0	5	-0.014489482361830883	5.0	1.0	4.0	-0.014489482361830883	5.0	1.0	4.0	-1.7538969771864734	0.016666666666666666	0.021526230445281788	ENSMUSG00000024402;ENSMUSG00000026700;ENSMUSG00000029075;ENSMUSG00000041954;ENSMUSG00000028965;ENSMUSG00000028602;ENSMUSG00000089669;ENSMUSG00000022015	True	True	1.0	5	1.0	1.0	5.0	-0.12700272508611107	0.00029311804729442	-0.14272733173166657	-0.12700272508611107	-0.14272733173166657	0.00029311804729442	0.9627507163323782	True	False	-0.08388657832115551	-0.10811326587249327	True	1.288802905496838	Tnfs Bind Their Physiological Receptors	True	True	True	True	False	True	4	method-supported, model-sensitive
spleen	R-MMU-2980736_PEPTIDE_HORMONE_METABOLISM	-0.13192755111111115	5	2	3	-0.13192755111111115	5	2	3	-0.01278596507985168	5.0	1.0	4.0	-0.01278596507985168	5.0	1.0	4.0	-1.6911822209090508	0.03225806451612903	0.033089907957210014	ENSMUSG00000011463;ENSMUSG00000040314;ENSMUSG00000020681;ENSMUSG00000054200;ENSMUSG00000001865	True	True	0.6	5	0.8	0.5	4.0	-0.13192755111111115	-0.18963411536111094	-0.10961250727777753	-0.13192755111111115	-0.18963411536111094	-0.10961250727777753	0.9656160458452722	True	True	-0.042949068893797814	-0.030419280336716963	True	0.7082640234165763	Peptide Hormone Metabolism	True	True	True	False	True	True	4	sensitivity-dependent
spleen	R-MMU-388841_REGULATION_OF_T_CELL_ACTIVATION_BY_CD28_FAMILY	-0.15343718080555546	5	0	5	-0.15343718080555546	5	0	5	-0.00546990287263894	5.0	2.0	3.0	-0.005469902872638941	5.0	2.0	3.0	1.210186230712288	0.16313823163138233	0.32822949988798256	ENSMUSG00000081058;ENSMUSG00000069308;ENSMUSG00000063954;ENSMUSG00000075031;ENSMUSG00000069306;ENSMUSG00000071516;ENSMUSG00000071478;ENSMUSG00000069301;ENSMUSG00000069303;ENSMUSG00000074403;ENSMUSG00000069300;ENSMUSG00000009092;ENSMUSG00000061615;ENSMUSG00000069309;ENSMUSG00000094248;ENSMUSG00000041417;ENSMUSG00000062727;ENSMUSG00000069266;ENSMUSG00000026622;ENSMUSG00000069267;ENSMUSG00000032715;ENSMUSG00000049932;ENSMUSG00000029060	True	False	1.0	5	1.0	1.0	5.0	-0.1534371808055554	-0.13214563733166665	-0.11770525984416662	-0.13214563733166665	-0.1534371808055554	-0.11770525984416662	0.9828080229226361	True	True	-0.09737648364316057	-0.10536500829776797	True	1.0820375141485046	Regulation Of T Cell Activation By Cd28 Family	True	True	False	True	True	True	4	internally robust, incomplete conventional support
spleen	R-MMU-2132295_MHC_CLASS_II_ANTIGEN_PRESENTATION	-0.14723515923586117	5	2	3	-0.14723515923586117	5	2	3	-0.000909407578027277	5.0	3.0	2.0	-0.000909407578027277	5.0	3.0	2.0	-0.9824286296570037	0.4585152838427948	0.7060568873324435	ENSMUSG00000045136;ENSMUSG00000072235;ENSMUSG00000036594;ENSMUSG00000060586;ENSMUSG00000024610;ENSMUSG00000073421;ENSMUSG00000041538;ENSMUSG00000001473;ENSMUSG00000079547;ENSMUSG00000024334;ENSMUSG00000030124;ENSMUSG00000037649;ENSMUSG00000032359	True	True	0.6	5	1.0	0.6	5.0	-0.14723515923586114	-0.09947473114472218	-0.18172175746500002	-0.14723515923586114	-0.18172175746500002	-0.09947473114472218	0.9799426934097422	True	True	-0.07213152793923196	-0.1342506855596001	True	1.8611928707887784	Mhc Class Ii Antigen Presentation	True	True	True	False	True	True	4	sensitivity-dependent
spleen	R-MMU-388396_GPCR_DOWNSTREAM_SIGNALLING	-0.10032024102777792	5	2	3	-0.10032024102777792	5	2	3	-0.003017786709485577	5.0	2.0	3.0	-0.003017786709485577	5.0	2.0	3.0	-0.9363660720818592	0.7023809523809523	0.7387449577319342	ENSMUSG00000051079;ENSMUSG00000024798;ENSMUSG00000045087;ENSMUSG00000020702;ENSMUSG00000018500;ENSMUSG00000046908;ENSMUSG00000037944;ENSMUSG00000063234;ENSMUSG00000026573;ENSMUSG00000026874;ENSMUSG00000045502;ENSMUSG00000024659;ENSMUSG00000029417;ENSMUSG00000026180;ENSMUSG00000035042;ENSMUSG00000058427;ENSMUSG00000025804;ENSMUSG00000052270;ENSMUSG00000049608;ENSMUSG00000032528;ENSMUSG00000026360;ENSMUSG00000033470;ENSMUSG00000029372;ENSMUSG00000043102;ENSMUSG00000045573;ENSMUSG00000051212;ENSMUSG00000054200	True	True	0.6	5	0.6	0.3333333333333333	3.0	-0.10032024102777795	-0.15751417263055545	-0.15339975975833342	-0.15339975975833342	-0.15751417263055545	-0.10032024102777795	0.9312320916905444	True	True	-0.05752571864061171	-0.0452119271871284	True	0.7859428487905915	Gpcr Downstream Signalling	True	True	True	False	True	True	4	sensitivity-dependent
spleen	R-MMU-198933_IMMUNOREGULATORY_INTERACTIONS_BETWEEN_A_LYMPHOID_AND_A_NON_LYMPHOID_CELL	-0.21215497810277775	5	0	5	-0.21215497810277775	5	0	5	-0.0051898071689571255	5.0	2.0	3.0	-0.0051898071689571255	5.0	2.0	3.0	0.8979488345652902	0.6757679180887372	0.7464041439591136	ENSMUSG00000103254;ENSMUSG00000095612;ENSMUSG00000096452;ENSMUSG00000096326;ENSMUSG00000095285;ENSMUSG00000096078;ENSMUSG00000102364;ENSMUSG00000076666;ENSMUSG00000095200;ENSMUSG00000093838;ENSMUSG00000096577;ENSMUSG00000104452;ENSMUSG00000095429;ENSMUSG00000094502;ENSMUSG00000076670	True	False	1.0	5	1.0	1.0	5.0	-0.2121549781027777	-0.1210719372472222	-0.1849021919083333	-0.1849021919083333	-0.2121549781027777	-0.1210719372472222	0.994269340974212	True	True	-0.12063394122378933	-0.12387970388040255	True	1.0269058825707433	Immunoregulatory Interactions Between A Lymphoid And A Non Lymphoid Cell	True	True	False	True	True	True	4	internally robust, incomplete conventional support
spleen	R-MMU-2990846_SUMOYLATION	0.13246468251527782	5	2	3	0.13246468251527782	5	2	3	0.005194027719769056	5.0	3.0	2.0	0.005194027719769056	5.0	3.0	2.0	1.1907908376452672	0.22409326424870465	0.3466409415086859	ENSMUSG00000069306;ENSMUSG00000061436;ENSMUSG00000017146;ENSMUSG00000030528;ENSMUSG00000015846;ENSMUSG00000069266;ENSMUSG00000020914;ENSMUSG00000020897;ENSMUSG00000048490;ENSMUSG00000004099;ENSMUSG00000030451;ENSMUSG00000028614;ENSMUSG00000032238;ENSMUSG00000024660;ENSMUSG00000022475;ENSMUSG00000027342;ENSMUSG00000069274;ENSMUSG00000028873	True	True	0.2	5	0.8	0.25	4.0	0.13246468251527782	-0.00043491316409164006	0.10364774148750003	0.10364774148750003	-0.00043491316409164006	0.13246468251527782	0.9684813753581661	True	False	0.02479515935598979	0.07338919782802758	True	2.9598195669711993	Sumoylation	True	True	True	False	False	True	3	sensitivity-dependent
spleen	R-MMU-983231_FACTORS_INVOLVED_IN_MEGAKARYOCYTE_DEVELOPMENT_AND_PLATELET_PRODUCTION	0.153560513832	5	2	3	0.153560513832	5	2	3	0.011607780102094492	5.0	3.0	2.0	0.011607780102094492	5.0	3.0	2.0	1.4038552677575216	0.051833122629582805	0.15826596983241453	ENSMUSG00000081058;ENSMUSG00000051378;ENSMUSG00000031162;ENSMUSG00000049577;ENSMUSG00000012443;ENSMUSG00000018428;ENSMUSG00000058325;ENSMUSG00000079553;ENSMUSG00000030677;ENSMUSG00000034311;ENSMUSG00000074403;ENSMUSG00000002997;ENSMUSG00000027115;ENSMUSG00000028678;ENSMUSG00000045328;ENSMUSG00000069267;ENSMUSG00000009575;ENSMUSG00000032254;ENSMUSG00000060012;ENSMUSG00000028556;ENSMUSG00000023015;ENSMUSG00000099517;ENSMUSG00000063077;ENSMUSG00000016255;ENSMUSG00000024795;ENSMUSG00000041642;ENSMUSG00000044447;ENSMUSG00000036752;ENSMUSG00000042622;ENSMUSG00000036768;ENSMUSG00000069310;ENSMUSG00000024065;ENSMUSG00000015053;ENSMUSG00000025558	True	True	0.4	5	0.8	0.25	4.0	0.153560513832	-0.0016339858138889774	0.07638064671111112	0.07638064671111112	-0.0016339858138889774	0.153560513832	0.9856733524355301	True	False	0.043741409490168234	0.08488428499372117	True	1.9405932726699313	Factors Involved In Megakaryocyte Development And Platelet Production	True	True	True	False	False	True	3	sensitivity-dependent
spleen	R-MMU-975634_RETINOID_METABOLISM_AND_TRANSPORT	0.09955700284599997	5	3	2	0.09955700284599997	5	3	2	0.0029068725160358564	5.0	3.0	2.0	0.0029068725160358564	5.0	3.0	2.0	1.1106631245245655	0.3230769230769231	0.463412455606198	ENSMUSG00000031119;ENSMUSG00000041936;ENSMUSG00000034220;ENSMUSG00000040249;ENSMUSG00000020592;ENSMUSG00000029134;ENSMUSG00000015568;ENSMUSG00000002985	True	True	0.6	5	0.4	0.5	2.0	0.09955700284599997	-0.00606406914552218	-0.00143835240852776	-0.00143835240852776	-0.00606406914552218	0.09955700284599997	0.9255014326647565	True	False	0.041218676374491094	0.060964438976089795	True	1.4790489248659793	Retinoid Metabolism And Transport	True	True	True	False	False	True	3	sensitivity-dependent
spleen	R-MMU-6791226_MAJOR_PATHWAY_OF_RRNA_PROCESSING_IN_THE_NUCLEOLUS_AND_CYTOSOL	-0.09134033906388887	5	2	3	-0.09134033906388887	5	2	3	-0.014548221915043713	5.0	2.0	3.0	-0.014548221915043713	5.0	2.0	3.0	-2.0289819307857835	0.0	0.0028464436952438726	ENSMUSG00000109941;ENSMUSG00000050621;ENSMUSG00000039001;ENSMUSG00000058443;ENSMUSG00000090733;ENSMUSG00000078193;ENSMUSG00000068240;ENSMUSG00000062997;ENSMUSG00000039221;ENSMUSG00000036781	True	True	0.6	5	0.4	0.5	2.0	-0.09134033906388887	-0.0887329560055555		-0.09003664753472218	-0.09134033906388887	-0.0887329560055555	0.9083094555873925	False	False	-0.05268761303449449	-0.0650444735659647	True	1.2345306575832196	Major Pathway Of Rrna Processing In The Nucleolus And Cytosol	True	True	True	False	False	True	3	sensitivity-dependent
spleen	R-MMU-418555_G_ALPHA_S_SIGNALLING_EVENTS	-0.09955084680888886	5	1	4	-0.09955084680888886	5	1	4	0.002203979006263661	5.0	3.0	2.0	0.002203979006263661	5.0	3.0	2.0	0.6912461842262929	0.9070422535211268	0.9408373812304357	ENSMUSG00000024027;ENSMUSG00000018909;ENSMUSG00000079019;ENSMUSG00000002997;ENSMUSG00000021699;ENSMUSG00000026193;ENSMUSG00000043017;ENSMUSG00000045730;ENSMUSG00000059588;ENSMUSG00000001240;ENSMUSG00000020178;ENSMUSG00000022489	False	False	0.8	5	0.6	0.6666666666666666	3.0	-0.09955084680888884	-0.11919768580555565	-0.07970385550555552	-0.09955084680888884	-0.11919768580555565	-0.07970385550555552	0.9226361031518625	True	True	-0.05590580736585559	-0.06871835449540142	True	1.2291809694420242	G Alpha S Signalling Events	True	False	False	True	True	True	3	internally robust, incomplete conventional support
spleen	R-MMU-174824_PLASMA_LIPOPROTEIN_ASSEMBLY_REMODELING_AND_CLEARANCE	-0.09978159585598886	5	2	3	-0.09978159585598886	5	2	3	-0.00274612469545467	5.0	4.0	1.0	-0.00274612469545467	5.0	4.0	1.0	0.806178964585524	0.7270233196159122	0.8310109230043197	ENSMUSG00000024924;ENSMUSG00000015243;ENSMUSG00000037295;ENSMUSG00000037936;ENSMUSG00000015568;ENSMUSG00000002985	True	False	0.6	5	0.6	0.3333333333333333	3.0	-0.09978159585598886	-0.11587845641111116	-0.0408067150002222	-0.09978159585598886	-0.11587845641111116	-0.0408067150002222	0.9283667621776505	True	True	-0.040099348894129506	-0.07449602939621852	True	1.857786509025453	Plasma Lipoprotein Assembly Remodeling And Clearance	True	True	False	False	True	True	3	sensitivity-dependent
spleen	R-MMU-372790_SIGNALING_BY_GPCR	0.10298387750833338	5	4	1	0.10298387750833338	5	4	1	-0.0028761913994409757	5.0	2.0	3.0	-0.0028761913994409757	5.0	2.0	3.0	-1.0217908622334955	0.3875	0.6570228753133636	ENSMUSG00000051079;ENSMUSG00000031779;ENSMUSG00000024798;ENSMUSG00000000982;ENSMUSG00000045087;ENSMUSG00000020702;ENSMUSG00000018500;ENSMUSG00000046908;ENSMUSG00000037944;ENSMUSG00000063234;ENSMUSG00000026573;ENSMUSG00000026874;ENSMUSG00000045502;ENSMUSG00000024659;ENSMUSG00000029417;ENSMUSG00000026180;ENSMUSG00000035042;ENSMUSG00000058427;ENSMUSG00000025804;ENSMUSG00000052270;ENSMUSG00000049608;ENSMUSG00000032528;ENSMUSG00000026360;ENSMUSG00000033470;ENSMUSG00000029372;ENSMUSG00000043102;ENSMUSG00000045573;ENSMUSG00000051212;ENSMUSG00000054200;ENSMUSG00000048521;ENSMUSG00000035448;ENSMUSG00000018930;ENSMUSG00000026399;ENSMUSG00000044199;ENSMUSG00000079227;ENSMUSG00000049130	False	False	0.8	5	0.6	0.6666666666666666	3.0	0.10298387750833335	0.03084322895966668	-0.09362606632777763	0.03084322895966668	-0.09362606632777763	0.10298387750833335	0.9398280802292264	True	False	0.06743866621750215	0.07697630363683196	True	1.1414268394420668	Signaling By Gpcr	True	False	False	True	False	True	2	sensitivity-dependent
spleen	R-MMU-68886_M_PHASE	-0.08952221052500006	5	2	3	-0.08952221052500006	5	2	3	0.010748532990320987	5.0	3.0	2.0	0.010748532990320987	5.0	3.0	2.0	1.642190101055662	0.0	0.07262163499148357	ENSMUSG00000081058;ENSMUSG00000069308;ENSMUSG00000063954;ENSMUSG00000019942;ENSMUSG00000075031;ENSMUSG00000026605;ENSMUSG00000069306;ENSMUSG00000071516;ENSMUSG00000023940;ENSMUSG00000071478;ENSMUSG00000069301;ENSMUSG00000069303;ENSMUSG00000031756;ENSMUSG00000038252;ENSMUSG00000042029;ENSMUSG00000074403;ENSMUSG00000069300;ENSMUSG00000058290;ENSMUSG00000061615;ENSMUSG00000028063;ENSMUSG00000002997;ENSMUSG00000069309;ENSMUSG00000034906;ENSMUSG00000094248;ENSMUSG00000028312;ENSMUSG00000036223;ENSMUSG00000068101;ENSMUSG00000027115;ENSMUSG00000040084;ENSMUSG00000062727;ENSMUSG00000025758;ENSMUSG00000069266;ENSMUSG00000028678;ENSMUSG00000026622;ENSMUSG00000045328;ENSMUSG00000069267;ENSMUSG00000024791;ENSMUSG00000021714;ENSMUSG00000020897;ENSMUSG00000001403;ENSMUSG00000049932;ENSMUSG00000028896;ENSMUSG00000019773;ENSMUSG00000032254;ENSMUSG00000006398;ENSMUSG00000018102;ENSMUSG00000028614;ENSMUSG00000094777;ENSMUSG00000069272;ENSMUSG00000015880;ENSMUSG00000040549	False	False	0.6	5	0.4	0.0	2.0	-0.08952221052500006	-0.02401972271055556	-0.009560488549999982	-0.02401972271055556	-0.08952221052500006	-0.009560488549999982	0.9025787965616046	True	True	-0.02882265174545455	-0.03888397641738629	True	1.3490769954405204	M Phase	True	False	False	False	True	True	2	sensitivity-dependent
spleen	R-MMU-9709957_SENSORY_PERCEPTION	-0.17567717361944432	5	2	3	-0.17567717361944432	5	2	3	0.004438359793535587	5.0	3.0	2.0	0.004438359793535586	5.0	3.0	2.0	1.0409519425683849	0.3997289972899729	0.5548070178015932	ENSMUSG00000031119;ENSMUSG00000041936;ENSMUSG00000034220;ENSMUSG00000040249;ENSMUSG00000042644;ENSMUSG00000020592;ENSMUSG00000029134;ENSMUSG00000015568;ENSMUSG00000002985	False	False	0.6	5	0.8	0.5	4.0	-0.17567717361944432	-0.15247254730666665	-0.05350391323611118	-0.15247254730666665	-0.17567717361944432	-0.05350391323611118	0.9914040114613181	True	True	-0.06310345496618527	-0.08171037111057372	True	1.2948636672010936	Sensory Perception	True	False	False	False	True	True	2	sensitivity-dependent
spleen	R-MMU-375276_PEPTIDE_LIGAND_BINDING_RECEPTORS	0.09747239633333331	5	3	2	0.09747239633333331	5	3	2	-0.007688936580900923	5.0	3.0	2.0	-0.007688936580900923	5.0	3.0	2.0	-1.444221743756269	0.039603960396039604	0.1116002234997339	ENSMUSG00000031779;ENSMUSG00000000982;ENSMUSG00000020702;ENSMUSG00000037944;ENSMUSG00000026573;ENSMUSG00000026874;ENSMUSG00000024659;ENSMUSG00000029417;ENSMUSG00000026180;ENSMUSG00000035042;ENSMUSG00000058427;ENSMUSG00000052270;ENSMUSG00000029372;ENSMUSG00000043102;ENSMUSG00000045573;ENSMUSG00000048521;ENSMUSG00000035448;ENSMUSG00000018930;ENSMUSG00000079227;ENSMUSG00000049130	False	False	0.6	5	0.6	0.3333333333333333	3.0	0.0974723963333333	-0.22261686970000016	0.11254015466666653	0.0974723963333333	-0.22261686970000016	0.11254015466666653	0.9140401146131805	True	False	0.04853501920815635	0.09219998293765166	True	1.8996589357928466	Peptide Ligand Binding Receptors	True	False	False	False	False	True	1	sensitivity-dependent
spleen	R-MMU-9013408_RHOG_GTPASE_CYCLE	-0.09763389303333336	5	2	3	-0.09763389303333336	5	2	3	0.008178190547446196	5.0	3.0	2.0	0.008178190547446196	5.0	3.0	2.0	1.393890210481421	0.08183079056865465	0.16346448643727526	ENSMUSG00000073433;ENSMUSG00000058325;ENSMUSG00000021697;ENSMUSG00000022797;ENSMUSG00000032135;ENSMUSG00000022263;ENSMUSG00000021676;ENSMUSG00000041417;ENSMUSG00000006445;ENSMUSG00000025403;ENSMUSG00000052609;ENSMUSG00000009621;ENSMUSG00000039621	False	False	0.6	5	0.6	0.3333333333333333	3.0	-0.09763389303333336	-0.00066084506026002	0.015352421904055561	-0.00066084506026002	-0.09763389303333336	0.015352421904055561	0.9169054441260746	True	False	-0.0505743130079864	-0.07689725424704882	True	1.5204804509139977	Rhog Gtpase Cycle	True	False	False	False	False	True	1	sensitivity-dependent
spleen	R-MMU-936837_ION_TRANSPORT_BY_P_TYPE_ATPASES	-0.09626090904916666	5	2	3	-0.09626090904916666	5	2	3	0.009802931846026425	5.0	4.0	1.0	0.009802931846026425	5.0	4.0	1.0	1.413642227725501	0.08789625360230548	0.14978850425829168	ENSMUSG00000026463;ENSMUSG00000041329;ENSMUSG00000021983;ENSMUSG00000006567;ENSMUSG00000036622;ENSMUSG00000031441;ENSMUSG00000025324	False	False	0.6	5	0.6	0.3333333333333333	3.0	-0.09626090904916668	0.0009794178636278	-0.0006679638570111	-0.0006679638570111	-0.09626090904916668	0.0009794178636278	0.9111747851002865	True	False	-0.037097266553916736	-0.05699489462395259	True	1.5363637248344666	Ion Transport By P Type Atpases	True	False	False	False	False	True	1	sensitivity-dependent
spleen	R-MMU-9748784_DRUG_ADME	-0.10071595906916671	5	2	3	-0.10071595906916671	5	2	3	0.0051706995448892075	5.0	3.0	2.0	0.0051706995448892075	5.0	3.0	2.0	1.5680897643946228	0.023287671232876714	0.07897760131222865	ENSMUSG00000006345;ENSMUSG00000089960;ENSMUSG00000061740;ENSMUSG00000023828;ENSMUSG00000032902;ENSMUSG00000074207;ENSMUSG00000030737;ENSMUSG00000039197;ENSMUSG00000023942;ENSMUSG00000040584;ENSMUSG00000022822;ENSMUSG00000090175;ENSMUSG00000006344;ENSMUSG00000009621	False	False	0.4	5	0.6	0.3333333333333333	3.0	-0.10071595906916668	-0.08383177965277776	0.012148614956666639	-0.08383177965277776	-0.10071595906916668	0.012148614956666639	0.9369627507163324	True	False	-0.01857069391830074	-0.06626696165517972	True	3.5683621703481982	Drug Adme	True	False	False	False	False	True	1	sensitivity-dependent
spleen	R-MMU-397014_MUSCLE_CONTRACTION	0.08117841969305556	5	4	1	0.08117841969305556	5	4	1	0.013801737612791113	5.0	5.0	0.0	0.013801737612791113	5.0	5.0	0.0	1.6903737393916918	0.0	0.06057108809022233	ENSMUSG00000026414;ENSMUSG00000026463;ENSMUSG00000026950;ENSMUSG00000041329;ENSMUSG00000021823;ENSMUSG00000028328;ENSMUSG00000022836;ENSMUSG00000042284;ENSMUSG00000042644;ENSMUSG00000033910;ENSMUSG00000028207;ENSMUSG00000045404;ENSMUSG00000030409	True	True	0.8	5	0.0			0.08117841969305553	0.08454879538444442	0.09689412131444437	0.08454879538444442	0.08117841969305553	0.09689412131444437	0.8739255014326648	True	True	0.05696465410555652	0.0652459713259148	True	1.1453764154349617	Muscle Contraction	False	True	True	True	True	True	5	triangulated
spleen	R-MMU-446728_CELL_JUNCTION_ORGANIZATION	0.04900481069444455	5	5	0	0.04900481069444455	5	5	0	0.007672262288212143	5.0	3.0	2.0	0.007672262288212143	5.0	3.0	2.0	1.591804383075188	0.006150061500615006	0.07773197974976298	ENSMUSG00000081058;ENSMUSG00000069308;ENSMUSG00000063954;ENSMUSG00000068699;ENSMUSG00000075031;ENSMUSG00000028217;ENSMUSG00000069306;ENSMUSG00000071516;ENSMUSG00000058325;ENSMUSG00000071478;ENSMUSG00000021823;ENSMUSG00000069301;ENSMUSG00000069303;ENSMUSG00000034101;ENSMUSG00000074403;ENSMUSG00000069300;ENSMUSG00000061615;ENSMUSG00000069309;ENSMUSG00000094248;ENSMUSG00000026131;ENSMUSG00000062727;ENSMUSG00000069266;ENSMUSG00000021756;ENSMUSG00000069267;ENSMUSG00000049932;ENSMUSG00000022565;ENSMUSG00000062300;ENSMUSG00000018102;ENSMUSG00000094777;ENSMUSG00000069272;ENSMUSG00000009621;ENSMUSG00000099517;ENSMUSG00000069307;ENSMUSG00000031328;ENSMUSG00000011256;ENSMUSG00000030530;ENSMUSG00000026872	True	True	1.0	5	0.0			0.049004810694444526	0.07478778764444444	0.05886527462555552	0.05886527462555552	0.049004810694444526	0.07478778764444444	0.7449856733524355	True	True	0.0463069192829227	0.03914382480603085	True	0.8453126533180216	Cell Junction Organization	False	True	True	True	True	True	5	triangulated
spleen	R-MMU-211945_PHASE_I_FUNCTIONALIZATION_OF_COMPOUNDS	0.05058519978888894	5	4	1	0.05058519978888894	5	4	1	0.003654203050590522	5.0	3.0	2.0	0.003654203050590522	5.0	3.0	2.0	1.000016527165876	0.4768392370572207	0.5940356877980846	ENSMUSG00000061740;ENSMUSG00000024087;ENSMUSG00000074207;ENSMUSG00000015846;ENSMUSG00000015709;ENSMUSG00000053279;ENSMUSG00000029455	True	True	0.8	5	0.2	0.0	1.0	0.0505851997888889	0.0676700789638888	0.04690424119166666	0.0505851997888889	0.04690424119166666	0.0676700789638888	0.7621776504297995	True	True	0.059068507501784225	0.0700075244491266	True	1.1851920322688354	Phase I Functionalization Of Compounds	False	True	True	True	True	True	5	triangulated
spleen	R-MMU-9675108_NERVOUS_SYSTEM_DEVELOPMENT	0.03827650373333338	5	4	1	0.03827650373333338	5	4	1	0.008577716783734268	5.0	4.0	1.0	0.008577716783734268	5.0	4.0	1.0	1.8259543495228887	0.0	0.07799169234498438	ENSMUSG00000042453;ENSMUSG00000056427;ENSMUSG00000031714;ENSMUSG00000020176;ENSMUSG00000059495;ENSMUSG00000021061;ENSMUSG00000020019;ENSMUSG00000004098;ENSMUSG00000030110;ENSMUSG00000026042;ENSMUSG00000022231;ENSMUSG00000034220;ENSMUSG00000058325;ENSMUSG00000024924;ENSMUSG00000026837;ENSMUSG00000031503;ENSMUSG00000030084;ENSMUSG00000034311;ENSMUSG00000061353;ENSMUSG00000030123;ENSMUSG00000031502;ENSMUSG00000022263;ENSMUSG00000054364;ENSMUSG00000048126;ENSMUSG00000025810;ENSMUSG00000026532;ENSMUSG00000041417;ENSMUSG00000038894;ENSMUSG00000006445;ENSMUSG00000041977	True	True	0.8	5	0.0			0.038276503733333356	0.04465786376388882	0.09563501197722211	0.04465786376388882	0.038276503733333356	0.09563501197722211	0.7020057306590258	True	True	0.02015023117009345	0.012918063866152983	True	0.6410876260975954	Nervous System Development	False	True	True	True	True	True	5	triangulated
spleen	R-MMU-109582_HEMOSTASIS	0.04266654113888872	5	4	1	0.04266654113888872	5	4	1	0.0028209386626939286	5.0	5.0	0.0	0.0028209386626939286	5.0	5.0	0.0	1.2869182064964688	0.022750775594622543	0.25323346789655243	ENSMUSG00000081058;ENSMUSG00000103254;ENSMUSG00000095612;ENSMUSG00000096452;ENSMUSG00000096326;ENSMUSG00000026463;ENSMUSG00000095285;ENSMUSG00000031119;ENSMUSG00000041329;ENSMUSG00000096078;ENSMUSG00000051378;ENSMUSG00000102364;ENSMUSG00000040010;ENSMUSG00000033174;ENSMUSG00000076666;ENSMUSG00000031162;ENSMUSG00000035735;ENSMUSG00000095200;ENSMUSG00000093838;ENSMUSG00000041936;ENSMUSG00000049577;ENSMUSG00000096577;ENSMUSG00000022180;ENSMUSG00000012443;ENSMUSG00000104452;ENSMUSG00000023951;ENSMUSG00000018428;ENSMUSG00000022469;ENSMUSG00000034220;ENSMUSG00000058325;ENSMUSG00000079553;ENSMUSG00000037411;ENSMUSG00000095429;ENSMUSG00000018909;ENSMUSG00000030677;ENSMUSG00000094502;ENSMUSG00000021823;ENSMUSG00000048376;ENSMUSG00000076670;ENSMUSG00000034311;ENSMUSG00000045312;ENSMUSG00000032902;ENSMUSG00000093896;ENSMUSG00000074403;ENSMUSG00000096150;ENSMUSG00000095442;ENSMUSG00000074743;ENSMUSG00000054364;ENSMUSG00000095416;ENSMUSG00000002997;ENSMUSG00000042644;ENSMUSG00000027115;ENSMUSG00000095210;ENSMUSG00000034731;ENSMUSG00000014361;ENSMUSG00000041417;ENSMUSG00000029108;ENSMUSG00000096499;ENSMUSG00000002944;ENSMUSG00000105606;ENSMUSG00000028678;ENSMUSG00000076695;ENSMUSG00000020592;ENSMUSG00000026193;ENSMUSG00000045328;ENSMUSG00000069267;ENSMUSG00000026249	True	True	0.8	5	0.0			0.04266654113888868	0.054588714638888855	0.03650885447222206	0.04266654113888868	0.03650885447222206	0.054588714638888855	0.7220630372492837	True	True	0.03186698039762105	0.050825931727131735	True	1.5949403141731626	Hemostasis	False	True	True	True	True	True	5	triangulated
spleen	R-MMU-6806834_SIGNALING_BY_MET	0.041964294222222163	5	4	1	0.041964294222222163	5	4	1	0.008574233793170462	5.0	5.0	0.0	0.008574233793170462	5.0	5.0	0.0	1.5988449181792854	0.011111111111111112	0.07412070778547722	ENSMUSG00000031714;ENSMUSG00000004098;ENSMUSG00000026042;ENSMUSG00000026837;ENSMUSG00000030029;ENSMUSG00000020422;ENSMUSG00000041417;ENSMUSG00000001249;ENSMUSG00000026193;ENSMUSG00000024330	True	True	0.8	5	0.0			0.04196429422222216	0.06311822399166662	0.00203262459127218	0.04196429422222216	0.00203262459127218	0.06311822399166662	0.7163323782234957	True	True	0.03886054716057772	0.05261278964846915	True	1.3538870008974673	Signaling By Met	False	True	True	True	True	True	5	triangulated
spleen	R-MMU-194315_SIGNALING_BY_RHO_GTPASES	0.08526227955555558	5	5	0	0.08526227955555558	5	5	0	0.003288254069421984	5.0	3.0	2.0	0.003288254069421984	5.0	3.0	2.0	1.3962114020071679	0.009761388286334056	0.16210935552975336	ENSMUSG00000021782;ENSMUSG00000053199;ENSMUSG00000061462;ENSMUSG00000059495;ENSMUSG00000041498;ENSMUSG00000025154;ENSMUSG00000025555;ENSMUSG00000026880;ENSMUSG00000073433;ENSMUSG00000026605;ENSMUSG00000023940;ENSMUSG00000058325;ENSMUSG00000020900;ENSMUSG00000030084;ENSMUSG00000031756;ENSMUSG00000038587;ENSMUSG00000038943;ENSMUSG00000041219;ENSMUSG00000022836;ENSMUSG00000021279;ENSMUSG00000034573;ENSMUSG00000021697;ENSMUSG00000022797;ENSMUSG00000024812;ENSMUSG00000022799;ENSMUSG00000032135;ENSMUSG00000030123;ENSMUSG00000033577;ENSMUSG00000022263;ENSMUSG00000054364;ENSMUSG00000021676;ENSMUSG00000036223;ENSMUSG00000068101;ENSMUSG00000027115;ENSMUSG00000040084;ENSMUSG00000000823;ENSMUSG00000041417;ENSMUSG00000029108;ENSMUSG00000026131;ENSMUSG00000006445;ENSMUSG00000041977;ENSMUSG00000024451;ENSMUSG00000028678;ENSMUSG00000045328;ENSMUSG00000074305;ENSMUSG00000021714;ENSMUSG00000020897;ENSMUSG00000021990;ENSMUSG00000004044;ENSMUSG00000000627;ENSMUSG00000044201;ENSMUSG00000025403;ENSMUSG00000006398;ENSMUSG00000020315;ENSMUSG00000027699;ENSMUSG00000020841;ENSMUSG00000039831;ENSMUSG00000054889;ENSMUSG00000052609;ENSMUSG00000026991;ENSMUSG00000028556;ENSMUSG00000050953;ENSMUSG00000023015;ENSMUSG00000022443;ENSMUSG00000040549;ENSMUSG00000009621	True	True	1.0	5	0.2	1.0	1.0	0.08526227955555554	0.02247351772222218	0.03877100573888894	0.03877100573888894	0.02247351772222218	0.08526227955555554	0.8939828080229226	True	True	0.0497388050773152	0.09345773668998118	True	1.8789702837594957	Signaling By Rho Gtpases	False	True	True	True	True	True	5	triangulated
spleen	R-MMU-3214847_HATS_ACETYLATE_HISTONES	0.003461425582694444	5	5	0	0.003461425582694444	5	5	0	0.0132831844973899	5.0	4.0	1.0	0.0132831844973899	5.0	4.0	1.0	1.4496225335937214	0.0445945945945946	0.12822094604336703	ENSMUSG00000081058;ENSMUSG00000069308;ENSMUSG00000075031;ENSMUSG00000069306;ENSMUSG00000069303;ENSMUSG00000074403;ENSMUSG00000069300;ENSMUSG00000020387;ENSMUSG00000062727;ENSMUSG00000069266;ENSMUSG00000069267	True	True	1.0	5	0.0			0.0034614255826943803	0.0624763066197223	0.0092018677344444	0.0092018677344444	0.0034614255826943803	0.0624763066197223	0.37822349570200575	True	True	0.0022048610814613435	0.0016941927322247931	True	0.7683897849482253	Hats Acetylate Histones	False	True	True	True	True	True	5	triangulated
spleen	R-MMU-9937850_NURD_COMPLEX_ASSEMBLY	0.0007414155056611117	5	4	1	0.0007414155056611117	5	4	1	0.010738003837928223	5.0	3.0	2.0	0.010738003837928223	5.0	3.0	2.0	1.651898741184012	0.008871989860583017	0.06776005494364236	ENSMUSG00000081058;ENSMUSG00000069308;ENSMUSG00000063954;ENSMUSG00000075031;ENSMUSG00000069306;ENSMUSG00000071516;ENSMUSG00000071478;ENSMUSG00000069301;ENSMUSG00000069303;ENSMUSG00000074403;ENSMUSG00000069300;ENSMUSG00000061615;ENSMUSG00000069309;ENSMUSG00000094248;ENSMUSG00000062727;ENSMUSG00000005893;ENSMUSG00000071064;ENSMUSG00000069266;ENSMUSG00000069267;ENSMUSG00000078154;ENSMUSG00000049932;ENSMUSG00000018102;ENSMUSG00000094777;ENSMUSG00000069272;ENSMUSG00000099517;ENSMUSG00000018474;ENSMUSG00000069307	True	True	0.8	5	0.0			0.0007414155056611109	0.006678701166666678	0.00024725437918331997	0.0007414155056611109	0.00024725437918331997	0.006678701166666678	0.13753581661891118	True	True	0.0008796756547008328	0.0005623707145942703	True	0.6392932572239093	Nurd Complex Assembly	False	True	True	True	True	True	5	triangulated
spleen	R-MMU-5218859_REGULATED_NECROSIS	-0.0681801098666667	5	0	5	-0.0681801098666667	5	0	5	-0.015193965855297123	5.0	1.0	4.0	-0.015193965855297123	5.0	1.0	4.0	-1.6697430216046945	0.025889967637540454	0.03513578936316655	ENSMUSG00000020125;ENSMUSG00000058927;ENSMUSG00000015437;ENSMUSG00000068240;ENSMUSG00000033538;ENSMUSG00000027398;ENSMUSG00000025888;ENSMUSG00000024778	True	True	1.0	5	0.0			-0.06818010986666662	-0.11073349904444436	-0.00129348392791108	-0.06818010986666662	-0.11073349904444436	-0.00129348392791108	0.830945558739255	True	True	-0.03847474725539508	-0.04164858699819422	True	1.082491503367942	Regulated Necrosis	False	True	True	True	True	True	5	triangulated
spleen	R-MMU-500792_GPCR_LIGAND_BINDING	-0.03371978533333362	5	1	4	-0.03371978533333362	5	1	4	-0.0096326517110636	5.0	2.0	3.0	-0.0096326517110636	5.0	2.0	3.0	-1.6224166838692422	0.007751937984496124	0.042724025079573895	ENSMUSG00000031779;ENSMUSG00000024798;ENSMUSG00000000982;ENSMUSG00000045087;ENSMUSG00000020702;ENSMUSG00000018500;ENSMUSG00000046908;ENSMUSG00000037944;ENSMUSG00000026573;ENSMUSG00000026874;ENSMUSG00000045502;ENSMUSG00000024659;ENSMUSG00000029417;ENSMUSG00000026180;ENSMUSG00000035042;ENSMUSG00000058427;ENSMUSG00000052270;ENSMUSG00000049608;ENSMUSG00000032528;ENSMUSG00000033470;ENSMUSG00000029372;ENSMUSG00000043102;ENSMUSG00000045573;ENSMUSG00000051212;ENSMUSG00000048521;ENSMUSG00000035448;ENSMUSG00000018930;ENSMUSG00000026399;ENSMUSG00000044199;ENSMUSG00000079227;ENSMUSG00000049130;ENSMUSG00000033446;ENSMUSG00000019122;ENSMUSG00000041046;ENSMUSG00000056529	True	True	0.8	5	0.0			-0.03371978533333358	-0.12840041749999978	-0.17099901142266663	-0.12840041749999978	-0.17099901142266663	-0.03371978533333358	0.6819484240687679	True	True	-0.019035473386576067	-0.07424933447129188	True	3.90057725192445	Gpcr Ligand Binding	False	True	True	True	True	True	5	triangulated
spleen	R-MMU-382551_TRANSPORT_OF_SMALL_MOLECULES	0.0820595553888888	5	2	3	0.0820595553888888	5	2	3	0.006657242541302931	5.0	3.0	2.0	0.006657242541302931	5.0	3.0	2.0	1.2814654349498538	0.06104328523862375	0.2532065400909059	ENSMUSG00000027075;ENSMUSG00000018566;ENSMUSG00000028542;ENSMUSG00000026463;ENSMUSG00000004655;ENSMUSG00000041329;ENSMUSG00000020334;ENSMUSG00000040010;ENSMUSG00000021983;ENSMUSG00000020142;ENSMUSG00000022180;ENSMUSG00000026880;ENSMUSG00000042476;ENSMUSG00000024130;ENSMUSG00000006567;ENSMUSG00000031297;ENSMUSG00000024924;ENSMUSG00000063873;ENSMUSG00000041797;ENSMUSG00000032741;ENSMUSG00000023828;ENSMUSG00000032902;ENSMUSG00000022797;ENSMUSG00000009092;ENSMUSG00000027397;ENSMUSG00000030737;ENSMUSG00000041313;ENSMUSG00000002997;ENSMUSG00000032204;ENSMUSG00000023926;ENSMUSG00000029408;ENSMUSG00000015243;ENSMUSG00000036622;ENSMUSG00000026944;ENSMUSG00000031441;ENSMUSG00000028207;ENSMUSG00000025324;ENSMUSG00000037295;ENSMUSG00000019838;ENSMUSG00000059336;ENSMUSG00000037936;ENSMUSG00000023942;ENSMUSG00000044749;ENSMUSG00000009292;ENSMUSG00000040584;ENSMUSG00000022822;ENSMUSG00000099041;ENSMUSG00000015568;ENSMUSG00000002985;ENSMUSG00000026435;ENSMUSG00000032131;ENSMUSG00000026177;ENSMUSG00000020788;ENSMUSG00000035722;ENSMUSG00000015133;ENSMUSG00000036565;ENSMUSG00000017756;ENSMUSG00000027546;ENSMUSG00000029772	True	True	0.4	5	0.4	0.0	2.0	0.08205955538888883	0.14238288886666664	0.08310537806944437	0.08310537806944437	0.08205955538888883	0.14238288886666664	0.8767908309455588	True	True	0.022608377145964347	0.08475706997391116	True	3.748923216677696	Transport Of Small Molecules	False	True	True	False	True	True	4	sensitivity-dependent
spleen	R-MMU-8980692_RHOA_GTPASE_CYCLE	0.06085883396944443	5	3	2	0.06085883396944443	5	3	2	0.010672742250428208	5.0	4.0	1.0	0.010672742250428208	5.0	4.0	1.0	1.6333169823254172	0.0012594458438287153	0.06561801038640513	ENSMUSG00000053199;ENSMUSG00000061462;ENSMUSG00000059495;ENSMUSG00000025154;ENSMUSG00000025555;ENSMUSG00000026880;ENSMUSG00000041219;ENSMUSG00000021697;ENSMUSG00000022797;ENSMUSG00000024812;ENSMUSG00000022799;ENSMUSG00000032135;ENSMUSG00000022263;ENSMUSG00000041417;ENSMUSG00000029108;ENSMUSG00000041977;ENSMUSG00000024451;ENSMUSG00000004044;ENSMUSG00000027699;ENSMUSG00000039831;ENSMUSG00000052609;ENSMUSG00000023015;ENSMUSG00000009621;ENSMUSG00000066406;ENSMUSG00000039621;ENSMUSG00000017631	True	True	0.6	5	0.4	0.0	2.0	0.0608588339694444	0.0640779476638889	0.06810484344166658	0.0640779476638889	0.0608588339694444	0.06810484344166658	0.8080229226361032	True	True	0.07821165013016143	0.05732846386956618	True	0.732991360930999	Rhoa Gtpase Cycle	False	True	True	False	True	True	4	sensitivity-dependent
spleen	R-MMU-211859_BIOLOGICAL_OXIDATIONS	0.08465998921666655	5	3	2	0.08465998921666655	5	3	2	0.0020411575830537815	5.0	4.0	1.0	0.0020411575830537815	5.0	4.0	1.0	1.3654412086641228	0.08538163001293661	0.18739100835406464	ENSMUSG00000006345;ENSMUSG00000004032;ENSMUSG00000089960;ENSMUSG00000061740;ENSMUSG00000024087;ENSMUSG00000074207;ENSMUSG00000015846;ENSMUSG00000015709;ENSMUSG00000053279;ENSMUSG00000090175;ENSMUSG00000006344;ENSMUSG00000058135;ENSMUSG00000029455;ENSMUSG00000048087	True	True	0.6	5	0.0			0.08465998921666655	0.021468125883333522	0.06367274892239441	0.06367274892239441	0.021468125883333522	0.08465998921666655	0.8882521489971347	True	True	0.04939423522480889	0.09996898248809444	True	2.023899793834316	Biological Oxidations	False	True	True	False	True	True	4	sensitivity-dependent
spleen	R-MMU-3247509_CHROMATIN_MODIFYING_ENZYMES	0.0581269137722222	5	3	2	0.0581269137722222	5	3	2	0.00871797100212756	5.0	3.0	2.0	0.00871797100212756	5.0	3.0	2.0	1.5687181395072383	0.008588957055214725	0.08026952457719083	ENSMUSG00000081058;ENSMUSG00000069308;ENSMUSG00000063954;ENSMUSG00000075031;ENSMUSG00000069306;ENSMUSG00000071516;ENSMUSG00000071478;ENSMUSG00000069301;ENSMUSG00000069303;ENSMUSG00000074403;ENSMUSG00000069300;ENSMUSG00000061615;ENSMUSG00000020387;ENSMUSG00000069309;ENSMUSG00000094248;ENSMUSG00000038384;ENSMUSG00000062727;ENSMUSG00000078851;ENSMUSG00000069266;ENSMUSG00000069267;ENSMUSG00000048154;ENSMUSG00000026603;ENSMUSG00000018476;ENSMUSG00000018102;ENSMUSG00000042599;ENSMUSG00000094777;ENSMUSG00000069272;ENSMUSG00000099517;ENSMUSG00000019947;ENSMUSG00000002028;ENSMUSG00000018474;ENSMUSG00000069307;ENSMUSG00000057406;ENSMUSG00000028053	True	True	0.4	5	0.2	0.0	1.0	0.05812691377222221	0.0469122281901387	0.0837814733299999	0.05812691377222221	0.0469122281901387	0.0837814733299999	0.7994269340974212	True	True	0.02274088968462195	0.0331876699189667	True	1.4593830927120306	Chromatin Modifying Enzymes	False	True	True	False	True	True	4	sensitivity-dependent
spleen	R-MMU-73894_DNA_REPAIR	0.03166988675972223	5	3	2	0.031669886759722224	5	3	2	0.00974994827855507	5.0	3.0	2.0	0.00974994827855507	5.0	3.0	2.0	1.6373649992471495	0.001215066828675577	0.06864472559903376	ENSMUSG00000069308;ENSMUSG00000063954;ENSMUSG00000075031;ENSMUSG00000069306;ENSMUSG00000071516;ENSMUSG00000071478;ENSMUSG00000042489;ENSMUSG00000069301;ENSMUSG00000069303;ENSMUSG00000017146;ENSMUSG00000041147;ENSMUSG00000027323;ENSMUSG00000017897;ENSMUSG00000069300;ENSMUSG00000030528;ENSMUSG00000061615;ENSMUSG00000069309;ENSMUSG00000094248;ENSMUSG00000035455;ENSMUSG00000007080;ENSMUSG00000062727;ENSMUSG00000018362;ENSMUSG00000024742;ENSMUSG00000039994;ENSMUSG00000069266;ENSMUSG00000032596;ENSMUSG00000039748;ENSMUSG00000049932;ENSMUSG00000030346;ENSMUSG00000026196;ENSMUSG00000034218;ENSMUSG00000018102;ENSMUSG00000030451;ENSMUSG00000094777;ENSMUSG00000069272;ENSMUSG00000039187;ENSMUSG00000069307;ENSMUSG00000034206;ENSMUSG00000057406;ENSMUSG00000056394;ENSMUSG00000027342;ENSMUSG00000038644;ENSMUSG00000066878;ENSMUSG00000027715	True	True	0.4	5	0.4	0.0	2.0	0.031669886759722224	0.06659420810166669	0.057505362472222196	0.057505362472222196	0.031669886759722224	0.06659420810166669	0.664756446991404	True	True	-0.034699935204418046	-0.013876621762417255	True	0.3999033911928015	Dna Repair	False	True	True	False	True	True	4	sensitivity-dependent
spleen	R-MMU-382556_ABC_FAMILY_PROTEIN_MEDIATED_TRANSPORT	0.013710746763888938	5	2	3	0.013710746763888938	5	2	3	0.012605193890722649	5.0	4.0	1.0	0.012605193890722649	5.0	4.0	1.0	1.6273149889136809	0.008426966292134831	0.06275089154874228	ENSMUSG00000042476;ENSMUSG00000024130;ENSMUSG00000041797;ENSMUSG00000009092;ENSMUSG00000029408;ENSMUSG00000026944;ENSMUSG00000044749;ENSMUSG00000040584;ENSMUSG00000022822;ENSMUSG00000032131;ENSMUSG00000035722	True	True	0.0	5	0.0			0.013710746763888938	0.0606286341122223	0.0534309136072222	0.0534309136072222	0.013710746763888938	0.0606286341122223	0.5501432664756447	True	True	0.026347008426168238	0.030919820192420816	True	1.1735609482597196	Abc Family Protein Mediated Transport	False	True	True	False	True	True	4	sensitivity-dependent
spleen	R-MMU-1474244_EXTRACELLULAR_MATRIX_ORGANIZATION	0.05257013862791667	5	3	2	0.05257013862791667	5	3	2	0.004448718508679967	5.0	4.0	1.0	0.004448718508679967	5.0	4.0	1.0	1.0584897947164482	0.3885647607934656	0.5363372356927384	ENSMUSG00000027204;ENSMUSG00000032332;ENSMUSG00000041936;ENSMUSG00000058626;ENSMUSG00000026768;ENSMUSG00000004098;ENSMUSG00000026042;ENSMUSG00000027358;ENSMUSG00000033327;ENSMUSG00000037411;ENSMUSG00000026837;ENSMUSG00000031503;ENSMUSG00000008999;ENSMUSG00000021614;ENSMUSG00000005397;ENSMUSG00000070369;ENSMUSG00000031502;ENSMUSG00000042284;ENSMUSG00000030255;ENSMUSG00000048126;ENSMUSG00000059901;ENSMUSG00000032374;ENSMUSG00000020592;ENSMUSG00000026193;ENSMUSG00000041308;ENSMUSG00000035547;ENSMUSG00000017466;ENSMUSG00000025321;ENSMUSG00000024330;ENSMUSG00000053617;ENSMUSG00000025348;ENSMUSG00000039115;ENSMUSG00000029661;ENSMUSG00000038168	True	True	0.4	5	0.2	0.0	1.0	0.05257013862791667	0.03716483240555554	0.04747324786499997	0.04747324786499997	0.03716483240555554	0.05257013862791667	0.7679083094555874	True	True	0.09898609607106203	0.08515258488383422	True	0.8602479364647663	Extracellular Matrix Organization	False	True	True	False	True	True	4	sensitivity-dependent
spleen	R-MMU-194138_SIGNALING_BY_VEGF	0.06885434713888876	5	5	0	0.06885434713888876	5	5	0	0.0009610353343658728	5.0	2.0	3.0	0.0009610353343658728	5.0	2.0	3.0	1.3348614796805152	0.1008174386920981	0.2148354667326956	ENSMUSG00000023951;ENSMUSG00000058325;ENSMUSG00000034101;ENSMUSG00000062960;ENSMUSG00000025810;ENSMUSG00000041417;ENSMUSG00000032715;ENSMUSG00000025969;ENSMUSG00000022610;ENSMUSG00000002602;ENSMUSG00000009621;ENSMUSG00000016933	True	True	1.0	5	0.2	1.0	1.0	0.06885434713888869	0.0464074475	-0.00493191995000008	0.0464074475	-0.00493191995000008	0.06885434713888869	0.833810888252149	True	False	0.06273461216992353	0.0825284412787154	True	1.315516880142307	Signaling By Vegf	False	True	True	True	False	True	4	method-supported, model-sensitive
spleen	R-MMU-8951664_NEDDYLATION	0.052604415538111106	5	4	1	0.052604415538111106	5	4	1	-0.0032266525336724665	5.0	1.0	4.0	-0.0032266525336724665	5.0	1.0	4.0	0.6791793342582819	0.8741159830268741	0.9475998194866294	ENSMUSG00000072082;ENSMUSG00000024140;ENSMUSG00000032578	False	True	0.8	5	0.0			0.05260441553811106	0.04492637608333344	0.04173197328611108	0.04492637608333344	0.04173197328611108	0.05260441553811106	0.7707736389684814	True	True	0.04638949727232627	0.05839730977869526	True	1.2588476532926836	Neddylation	False	False	True	True	True	True	4	internally robust, incomplete conventional support
spleen	R-MMU-5653656_VESICLE_MEDIATED_TRANSPORT	0.0509193170583333	5	2	3	0.0509193170583333	5	2	3	0.004388313079619002	5.0	4.0	1.0	0.004388313079619002	5.0	4.0	1.0	1.2505410785832958	0.07011866235167206	0.28664286754885004	ENSMUSG00000033855;ENSMUSG00000103254;ENSMUSG00000095612;ENSMUSG00000096452;ENSMUSG00000096326;ENSMUSG00000095285;ENSMUSG00000068252;ENSMUSG00000096078;ENSMUSG00000051378;ENSMUSG00000102364;ENSMUSG00000076666;ENSMUSG00000095200;ENSMUSG00000093838;ENSMUSG00000021061;ENSMUSG00000096577;ENSMUSG00000012443;ENSMUSG00000104452;ENSMUSG00000024663;ENSMUSG00000079553;ENSMUSG00000095429;ENSMUSG00000018909;ENSMUSG00000030677;ENSMUSG00000040249;ENSMUSG00000094502;ENSMUSG00000076670;ENSMUSG00000020961;ENSMUSG00000034311;ENSMUSG00000030516;ENSMUSG00000001768;ENSMUSG00000093896;ENSMUSG00000022797;ENSMUSG00000038371;ENSMUSG00000026672;ENSMUSG00000096150;ENSMUSG00000095442;ENSMUSG00000033577;ENSMUSG00000035459;ENSMUSG00000095416;ENSMUSG00000022150;ENSMUSG00000027115;ENSMUSG00000030055;ENSMUSG00000095210;ENSMUSG00000026532;ENSMUSG00000018001;ENSMUSG00000035864;ENSMUSG00000008845;ENSMUSG00000096499;ENSMUSG00000039959;ENSMUSG00000002944;ENSMUSG00000105606;ENSMUSG00000028678;ENSMUSG00000076695;ENSMUSG00000045328;ENSMUSG00000025044;ENSMUSG00000037295	True	True	0.2	5	0.0			0.05091931705833332	0.04137910365277774	0.0034437098333333386	0.04137910365277774	0.0034437098333333386	0.05091931705833332	0.7650429799426934	True	True	0.0011652197668649193	0.07118628856119175	True	61.09258578124016	Vesicle Mediated Transport	False	True	True	False	True	True	4	sensitivity-dependent
spleen	R-MMU-3000171_NON_INTEGRIN_MEMBRANE_ECM_INTERACTIONS	0.03565678915277776	5	3	2	0.03565678915277776	5	3	2	0.00967718601669403	5.0	5.0	0.0	0.00967718601669403	5.0	5.0	0.0	1.7003392585403732	0.005471956224350205	0.05869829292747513	ENSMUSG00000041936;ENSMUSG00000004098;ENSMUSG00000026042;ENSMUSG00000026837;ENSMUSG00000031503;ENSMUSG00000031502;ENSMUSG00000030255;ENSMUSG00000020592;ENSMUSG00000026193;ENSMUSG00000041308;ENSMUSG00000024330	True	True	0.6	5	0.0			0.03565678915277776	0.0008417065027778017	0.04241167360277776	0.03565678915277776	0.0008417065027778017	0.04241167360277776	0.6848137535816619	True	True	0.04239943012948174	0.03725140274126781	True	0.8785826278208787	Non Integrin Membrane Ecm Interactions	False	True	True	False	True	True	4	sensitivity-dependent
spleen	R-MMU-1500931_CELL_CELL_COMMUNICATION	0.025206237055555646	5	3	2	0.025206237055555646	5	3	2	0.006722939562232767	5.0	3.0	2.0	0.006722939562232767	5.0	3.0	2.0	1.5784781753436998	0.006097560975609756	0.08074238748393792	ENSMUSG00000081058;ENSMUSG00000069308;ENSMUSG00000063954;ENSMUSG00000068699;ENSMUSG00000075031;ENSMUSG00000028217;ENSMUSG00000069306;ENSMUSG00000071516;ENSMUSG00000058325;ENSMUSG00000071478;ENSMUSG00000021823;ENSMUSG00000069301;ENSMUSG00000069303;ENSMUSG00000034101;ENSMUSG00000074403;ENSMUSG00000069300;ENSMUSG00000061615;ENSMUSG00000069309;ENSMUSG00000094248;ENSMUSG00000026131;ENSMUSG00000062727;ENSMUSG00000069266;ENSMUSG00000021756;ENSMUSG00000069267;ENSMUSG00000049932;ENSMUSG00000022565;ENSMUSG00000062300;ENSMUSG00000018102;ENSMUSG00000094777;ENSMUSG00000069272;ENSMUSG00000009621;ENSMUSG00000099517;ENSMUSG00000041734;ENSMUSG00000069307;ENSMUSG00000031328;ENSMUSG00000011256;ENSMUSG00000030530;ENSMUSG00000026872	True	True	0.6	5	0.0			0.025206237055555643	0.06329550663055566	0.030961297522222098	0.030961297522222098	0.025206237055555643	0.06329550663055566	0.6131805157593123	True	True	0.011678433525913334	0.008033896212258345	True	0.6879258416320899	Cell Cell Communication	False	True	True	False	True	True	4	sensitivity-dependent
spleen	R-MMU-8978868_FATTY_ACID_METABOLISM	0.07668948601586668	5	5	0	0.07668948601586668	5	5	0	-0.002301270335508977	5.0	3.0	2.0	-0.002301270335508977	5.0	3.0	2.0	0.7694275838418739	0.8183079056865464	0.8750574384572967	ENSMUSG00000006345;ENSMUSG00000024087;ENSMUSG00000024665;ENSMUSG00000032487;ENSMUSG00000024900;ENSMUSG00000015846;ENSMUSG00000006344;ENSMUSG00000018924;ENSMUSG00000034171;ENSMUSG00000037071;ENSMUSG00000025153;ENSMUSG00000020333;ENSMUSG00000029919	False	True	1.0	5	0.0			0.07668948601586664	0.0002653366305555599	0.028294025217222223	0.028294025217222223	0.0002653366305555599	0.07668948601586664	0.8624641833810889	True	True	0.044999459308246066	0.0384705594016515	True	0.8549115921177711	Fatty Acid Metabolism	False	False	True	True	True	True	4	internally robust, incomplete conventional support
spleen	R-MMU-1266738_DEVELOPMENTAL_BIOLOGY	0.028870455305555563	5	3	2	0.028870455305555563	5	3	2	0.004475064352157758	5.0	4.0	1.0	0.004475064352157758	5.0	4.0	1.0	1.5293879892580313	0.0011574074074074073	0.08335475743630613	ENSMUSG00000042453;ENSMUSG00000056427;ENSMUSG00000031714;ENSMUSG00000020176;ENSMUSG00000059495;ENSMUSG00000021061;ENSMUSG00000020019;ENSMUSG00000004098;ENSMUSG00000030110;ENSMUSG00000026042;ENSMUSG00000022231;ENSMUSG00000034220;ENSMUSG00000058325;ENSMUSG00000024924;ENSMUSG00000026837;ENSMUSG00000031503;ENSMUSG00000030084;ENSMUSG00000034311;ENSMUSG00000061353;ENSMUSG00000030123;ENSMUSG00000031502;ENSMUSG00000022263;ENSMUSG00000054364;ENSMUSG00000023067;ENSMUSG00000019851;ENSMUSG00000048126;ENSMUSG00000025810;ENSMUSG00000026532;ENSMUSG00000041417;ENSMUSG00000014599;ENSMUSG00000023043;ENSMUSG00000015846;ENSMUSG00000038894;ENSMUSG00000006445;ENSMUSG00000041977;ENSMUSG00000022610;ENSMUSG00000039115;ENSMUSG00000020315;ENSMUSG00000054889;ENSMUSG00000027200;ENSMUSG00000026991;ENSMUSG00000038264;ENSMUSG00000034957;ENSMUSG00000041351;ENSMUSG00000009621;ENSMUSG00000016933;ENSMUSG00000032402;ENSMUSG00000029869;ENSMUSG00000019966	True	True	0.4	5	0.0			0.02887045530555556	0.01629254380555558	0.028067185249999883	0.028067185249999883	0.01629254380555558	0.02887045530555556	0.6475644699140402	True	True	0.03824288870688193	0.04464198956222413	True	1.1673278633418365	Developmental Biology	False	True	True	False	True	True	4	sensitivity-dependent
spleen	R-MMU-15869_METABOLISM_OF_NUCLEOTIDES	0.028005022666666646	5	4	1	0.028005022666666646	5	4	1	0.001171313865684788	5.0	2.0	3.0	0.001171313865684788	5.0	2.0	3.0	0.8662331913881945	0.6899328859060403	0.7801091704743525	ENSMUSG00000020649;ENSMUSG00000005686;ENSMUSG00000039197;ENSMUSG00000013629;ENSMUSG00000020899;ENSMUSG00000026558;ENSMUSG00000048120;ENSMUSG00000028527;ENSMUSG00000024066;ENSMUSG00000025574;ENSMUSG00000025747;ENSMUSG00000032420	True	True	0.6	5	0.0			0.028005022666666594	0.039116798777778	0.014351979988888782	0.028005022666666594	0.014351979988888782	0.039116798777778	0.6418338108882522	True	True	0.007248697315208209	0.007705197047576148	True	1.0629767960389482	Metabolism Of Nucleotides	False	True	True	False	True	True	4	sensitivity-dependent
spleen	R-MMU-2730905_ROLE_OF_LAT2_NTAL_LAB_ON_CALCIUM_MOBILIZATION	0.05327456057500017	5	4	1	0.05327456057500017	5	4	1	0.004780316584151642	5.0	2.0	3.0	0.004780316584151642	5.0	2.0	3.0	1.2548728430250775	0.11057692307692307	0.28291759096368063	ENSMUSG00000103254;ENSMUSG00000095612;ENSMUSG00000096452;ENSMUSG00000096326;ENSMUSG00000095285;ENSMUSG00000096078;ENSMUSG00000102364;ENSMUSG00000076666;ENSMUSG00000095200;ENSMUSG00000093838;ENSMUSG00000096577;ENSMUSG00000104452;ENSMUSG00000095429;ENSMUSG00000094502;ENSMUSG00000076670;ENSMUSG00000093896;ENSMUSG00000096150;ENSMUSG00000095442;ENSMUSG00000095416;ENSMUSG00000095210;ENSMUSG00000041417;ENSMUSG00000096499;ENSMUSG00000105606;ENSMUSG00000076695	True	True	0.8	5	0.0			0.05327456057500014	-0.010563497344444457	0.026189106163888882	0.026189106163888882	-0.010563497344444457	0.05327456057500014	0.7765042979942693	True	False	0.04635373758674601	0.01340053112688882	True	0.28909278570711094	Role Of Lat2 Ntal Lab On Calcium Mobilization	False	True	True	True	False	True	4	method-supported, model-sensitive
spleen	R-MMU-170834_SIGNALING_BY_TGF_BETA_RECEPTOR_COMPLEX	0.05263006840527777	5	4	1	0.05263006840527777	5	4	1	0.0038102279312254963	5.0	4.0	1.0	0.0038102279312254963	5.0	4.0	1.0	1.2843711562011455	0.1590909090909091	0.2538420517190088	ENSMUSG00000027204;ENSMUSG00000026768;ENSMUSG00000029287;ENSMUSG00000038400;ENSMUSG00000038482;ENSMUSG00000025321;ENSMUSG00000062175;ENSMUSG00000032402;ENSMUSG00000029478;ENSMUSG00000030530;ENSMUSG00000029050;ENSMUSG00000020689	True	True	0.8	5	0.0			0.052630068405277716	0.02565506188888871	-0.023399784352777758	0.02565506188888871	-0.023399784352777758	0.052630068405277716	0.7736389684813754	True	False	0.040842471004214106	0.04381303737785065	True	1.072732288243041	Signaling By Tgf Beta Receptor Complex	False	True	True	True	False	True	4	method-supported, model-sensitive
spleen	R-MMU-3700989_TRANSCRIPTIONAL_REGULATION_BY_TP53	0.009691100472222125	5	2	3	0.009691100472222125	5	2	3	0.0061435510767529605	5.0	3.0	2.0	0.0061435510767529605	5.0	3.0	2.0	1.0565537633330266	0.3870192307692308	0.5379036202317626	ENSMUSG00000019942;ENSMUSG00000021701;ENSMUSG00000020185;ENSMUSG00000046179;ENSMUSG00000028278;ENSMUSG00000061436;ENSMUSG00000002068;ENSMUSG00000017146;ENSMUSG00000020108;ENSMUSG00000030528;ENSMUSG00000023067;ENSMUSG00000027469;ENSMUSG00000039748;ENSMUSG00000020897;ENSMUSG00000044201;ENSMUSG00000026603;ENSMUSG00000026196;ENSMUSG00000034218;ENSMUSG00000041431;ENSMUSG00000038332;ENSMUSG00000028680;ENSMUSG00000018474;ENSMUSG00000021690;ENSMUSG00000047789;ENSMUSG00000026389;ENSMUSG00000027342;ENSMUSG00000027715;ENSMUSG00000003031;ENSMUSG00000025507;ENSMUSG00000020423;ENSMUSG00000027496;ENSMUSG00000054387	True	True	0.0	5	0.2	0.0	1.0	0.00969110047222212	0.05010307230555579	0.025081804555555587	0.025081804555555587	0.00969110047222212	0.05010307230555579	0.5128939828080229	True	True	-0.056390206310960124	-0.06801070846166635	True	1.2060730561371902	Transcriptional Regulation By Tp53	False	True	True	False	True	True	4	sensitivity-dependent
spleen	R-MMU-8953897_CELLULAR_RESPONSES_TO_STIMULI	0.05007459400000016	5	4	1	0.05007459400000016	5	4	1	-1.4606080212659078e-05	5.0	2.0	3.0	-1.4606080212659078e-05	5.0	2.0	3.0	1.0522879113948533	0.35665914221218964	0.5416594742892401	ENSMUSG00000091971;ENSMUSG00000069308;ENSMUSG00000063954;ENSMUSG00000075031;ENSMUSG00000090877;ENSMUSG00000109061;ENSMUSG00000069306;ENSMUSG00000071516;ENSMUSG00000071478;ENSMUSG00000028278;ENSMUSG00000021823;ENSMUSG00000069301;ENSMUSG00000069303;ENSMUSG00000024222;ENSMUSG00000002068;ENSMUSG00000069300;ENSMUSG00000021250;ENSMUSG00000020715;ENSMUSG00000061615;ENSMUSG00000002997;ENSMUSG00000069309;ENSMUSG00000094248;ENSMUSG00000032285;ENSMUSG00000023067;ENSMUSG00000024140;ENSMUSG00000021699;ENSMUSG00000018932;ENSMUSG00000032802;ENSMUSG00000062727;ENSMUSG00000015846;ENSMUSG00000069266;ENSMUSG00000026193;ENSMUSG00000001403;ENSMUSG00000049932;ENSMUSG00000052684;ENSMUSG00000034218;ENSMUSG00000018476;ENSMUSG00000018102;ENSMUSG00000027580;ENSMUSG00000028614;ENSMUSG00000022895;ENSMUSG00000094777;ENSMUSG00000069272;ENSMUSG00000040466;ENSMUSG00000059588;ENSMUSG00000096210;ENSMUSG00000025757;ENSMUSG00000038332;ENSMUSG00000033253;ENSMUSG00000005483;ENSMUSG00000029478;ENSMUSG00000069307;ENSMUSG00000001240	False	True	0.8	5	0.0			0.05007459400000012	0.02028218333333348	0.016607470805555722	0.02028218333333348	0.016607470805555722	0.05007459400000012	0.7535816618911175	True	True	0.01623091348513171	0.051315992055496584	True	3.1616207000613046	Cellular Responses To Stimuli	False	False	True	True	True	True	4	internally robust, incomplete conventional support
spleen	R-MMU-9006934_SIGNALING_BY_RECEPTOR_TYROSINE_KINASES	0.05406387930555555	5	4	1	0.05406387930555555	5	4	1	0.003232913342345341	5.0	4.0	1.0	0.003232913342345341	5.0	4.0	1.0	1.5796221221362026	0.0011560693641618498	0.08173674796807685	ENSMUSG00000031714;ENSMUSG00000020176;ENSMUSG00000019889;ENSMUSG00000004098;ENSMUSG00000023951;ENSMUSG00000026042;ENSMUSG00000058325;ENSMUSG00000024620;ENSMUSG00000026837;ENSMUSG00000030029;ENSMUSG00000031503;ENSMUSG00000020422;ENSMUSG00000034101;ENSMUSG00000029287;ENSMUSG00000027654;ENSMUSG00000045322;ENSMUSG00000022791;ENSMUSG00000031502;ENSMUSG00000005533;ENSMUSG00000062960;ENSMUSG00000048126;ENSMUSG00000025810;ENSMUSG00000041417;ENSMUSG00000038894;ENSMUSG00000001249;ENSMUSG00000026193;ENSMUSG00000033295;ENSMUSG00000038764;ENSMUSG00000032216;ENSMUSG00000032715;ENSMUSG00000024330;ENSMUSG00000025969;ENSMUSG00000005534;ENSMUSG00000022610;ENSMUSG00000110206;ENSMUSG00000002602;ENSMUSG00000056999;ENSMUSG00000028556;ENSMUSG00000009621;ENSMUSG00000004933;ENSMUSG00000016933	True	True	0.8	5	0.0			0.05406387930555554	-0.01531615558333344	0.016582611666666688	0.016582611666666688	-0.01531615558333344	0.05406387930555554	0.7793696275071633	True	False	0.05017708145182669	0.051064679007240536	True	1.0176893021621036	Signaling By Receptor Tyrosine Kinases	False	True	True	True	False	True	4	method-supported, model-sensitive
spleen	R-MMU-212300_PRC2_METHYLATES_HISTONES_AND_DNA	0.008248479738888875	5	2	3	0.008248479738888875	5	2	3	0.010595021586255964	5.0	3.0	2.0	0.010595021586255964	5.0	3.0	2.0	1.607778987096213	0.01277139208173691	0.0749993820924741	ENSMUSG00000081058;ENSMUSG00000069308;ENSMUSG00000063954;ENSMUSG00000075031;ENSMUSG00000069306;ENSMUSG00000071516;ENSMUSG00000071478;ENSMUSG00000069301;ENSMUSG00000069303;ENSMUSG00000074403;ENSMUSG00000069300;ENSMUSG00000061615;ENSMUSG00000069309;ENSMUSG00000094248;ENSMUSG00000062727;ENSMUSG00000069266;ENSMUSG00000069267;ENSMUSG00000026873;ENSMUSG00000049932;ENSMUSG00000004099;ENSMUSG00000018102;ENSMUSG00000094777;ENSMUSG00000069272;ENSMUSG00000099517	True	True	0.2	5	0.0			0.00824847973888888	0.001911841461111031	0.005383381128333359	0.005383381128333359	0.001911841461111031	0.00824847973888888	0.4871060171919771	True	True	-0.016190549767034837	-0.008783545734220013	True	0.5425106534741622	Prc2 Methylates Histones And Dna	False	True	True	False	True	True	4	sensitivity-dependent
spleen	R-MMU-112314_NEUROTRANSMITTER_RECEPTORS_AND_POSTSYNAPTIC_SIGNAL_TRANSMISSION	0.005725481739833334	5	4	1	0.005725481739833334	5	4	1	0.003206461111940542	5.0	2.0	3.0	0.003206461111940542	5.0	2.0	3.0	1.0564676950439413	0.3870967741935484	0.5356351218743907	ENSMUSG00000022994;ENSMUSG00000033577;ENSMUSG00000002997;ENSMUSG00000030098	True	True	0.8	5	0.0			0.00572548173983332	-0.0027079660166111	0.00317553049719164	0.00317553049719164	-0.0027079660166111	0.00572548173983332	0.4469914040114613	True	False	0.0027903798243072236	0.003381142428971301	True	1.2117140467824117	Neurotransmitter Receptors And Postsynaptic Signal Transmission	False	True	True	True	False	True	4	method-supported, model-sensitive
spleen	R-MMU-1442490_COLLAGEN_DEGRADATION	0.003050260500799999	5	5	0	0.0030502605007999995	5	5	0	0.009133555436906785	5.0	4.0	1.0	0.009133555436906785	5.0	4.0	1.0	1.3437935097033065	0.12465373961218837	0.2074497639763415	ENSMUSG00000032332;ENSMUSG00000004098;ENSMUSG00000026042;ENSMUSG00000026837;ENSMUSG00000031503;ENSMUSG00000031502;ENSMUSG00000048126	True	True	1.0	5	0.0			0.00305026050079994	0.00495337508363886	-0.00054781582805556	0.00305026050079994	-0.00054781582805556	0.00495337508363886	0.3524355300859599	True	False	0.001422565895374444	0.0009042253111455019	True	0.6356298250124253	Collagen Degradation	False	True	True	True	False	True	4	method-supported, model-sensitive
spleen	R-MMU-2500257_RESOLUTION_OF_SISTER_CHROMATID_COHESION	0.0006032591605000003	5	3	2	0.0006032591605000003	5	3	2	0.006506158637928047	5.0	3.0	2.0	0.006506158637928047	5.0	3.0	2.0	1.213153520099155	0.19329896907216496	0.32688681019506993	ENSMUSG00000019942;ENSMUSG00000026605;ENSMUSG00000023940;ENSMUSG00000031756;ENSMUSG00000036223;ENSMUSG00000068101;ENSMUSG00000027115;ENSMUSG00000040084;ENSMUSG00000028678;ENSMUSG00000045328;ENSMUSG00000024791;ENSMUSG00000021714;ENSMUSG00000020897;ENSMUSG00000006398;ENSMUSG00000040549;ENSMUSG00000041431;ENSMUSG00000031262;ENSMUSG00000032218;ENSMUSG00000024660;ENSMUSG00000016255;ENSMUSG00000029414;ENSMUSG00000029910;ENSMUSG00000024056;ENSMUSG00000028873;ENSMUSG00000036752;ENSMUSG00000026039	True	True	0.6	5	0.0			0.0006032591604999799	0.0025401349061111	0.00385278582736108	0.0025401349061111	0.0006032591604999799	0.00385278582736108	0.11174785100286533	True	True	0.00027854845260390806	0.00015379410674369465	True	0.5521269470571702	Resolution Of Sister Chromatid Cohesion	False	True	True	False	True	True	4	sensitivity-dependent
spleen	R-MMU-8856825_CARGO_RECOGNITION_FOR_CLATHRIN_MEDIATED_ENDOCYTOSIS	0.012552336646499995	5	4	1	0.012552336646499995	5	4	1	0.0021666548802180526	5.0	2.0	3.0	0.0021666548802180526	5.0	2.0	3.0	1.2535044111890907	0.20502092050209206	0.28371455576063637	ENSMUSG00000033855;ENSMUSG00000018909;ENSMUSG00000020961;ENSMUSG00000022797;ENSMUSG00000022150;ENSMUSG00000035864;ENSMUSG00000037295	True	True	0.8	5	0.0			0.012552336646499981	0.00235005302730552	-0.01082673072500004	0.00235005302730552	-0.01082673072500004	0.012552336646499981	0.5444126074498568	True	False	0.008297840575809685	0.010780527439885671	True	1.2991967417780537	Cargo Recognition For Clathrin Mediated Endocytosis	False	True	True	True	False	True	4	method-supported, model-sensitive
spleen	R-MMU-9764560_REGULATION_OF_CDH1_GENE_TRANSCRIPTION	0.01799336750444458	5	3	2	0.01799336750444458	5	3	2	0.01215671654613584	5.0	3.0	2.0	0.01215671654613584	5.0	3.0	2.0	1.570606435546903	0.02204928664072633	0.08060959530481601	ENSMUSG00000081058;ENSMUSG00000069308;ENSMUSG00000063954;ENSMUSG00000075031;ENSMUSG00000069306;ENSMUSG00000071516;ENSMUSG00000071478;ENSMUSG00000069301;ENSMUSG00000069303;ENSMUSG00000074403;ENSMUSG00000069300;ENSMUSG00000061615;ENSMUSG00000069309;ENSMUSG00000094248;ENSMUSG00000062727;ENSMUSG00000069266;ENSMUSG00000069267;ENSMUSG00000049932;ENSMUSG00000018102;ENSMUSG00000094777;ENSMUSG00000069272;ENSMUSG00000099517	True	True	0.2	5	0.0			0.017993367504444586	0.00118921970782082	0.00011583848791888	0.00118921970782082	0.00011583848791888	0.017993367504444586	0.5873925501432665	True	True	0.008167659856788407	0.041109346116229566	True	5.033185372192288	Regulation Of Cdh1 Gene Transcription	False	True	True	False	True	True	4	sensitivity-dependent
spleen	R-MMU-75153_APOPTOTIC_EXECUTION_PHASE	0.0003135437855638887	5	3	2	0.0003135437855638887	5	3	2	0.0057240771596651	5.0	2.0	3.0	0.0057240771596651	5.0	2.0	3.0	1.1893721289516932	0.24787535410764872	0.34719643195875294	ENSMUSG00000042489;ENSMUSG00000030516;ENSMUSG00000024812;ENSMUSG00000028063;ENSMUSG00000022565;ENSMUSG00000054889;ENSMUSG00000096210;ENSMUSG00000026879	True	True	0.2	5	0.0			0.0003135437855638798	0.00201215392363886	0.0010846476905805801	0.0010846476905805801	0.0003135437855638798	0.00201215392363886	0.045845272206303724	True	True	0.0010366409615891249	0.0010660549530167583	True	1.0283743287382192	Apoptotic Execution Phase	False	True	True	False	True	True	4	sensitivity-dependent
spleen	R-MMU-380270_RECRUITMENT_OF_MITOTIC_CENTROSOME_PROTEINS_AND_COMPLEXES	0.000740104719822222	5	4	1	0.000740104719822222	5	4	1	0.004656954149670387	5.0	2.0	3.0	0.004656954149670387	5.0	2.0	3.0	1.0156748211710727	0.4652482269503546	0.5801168622274754	ENSMUSG00000019942;ENSMUSG00000002997;ENSMUSG00000025758;ENSMUSG00000026622	True	True	0.8	5	0.0			0.0007401047198222067	0.00106352685583888	-0.00042907722247774655	0.0007401047198222067	-0.00042907722247774655	0.00106352685583888	0.1346704871060172	True	False	0.0007835272815243842	0.0011473560797455008	True	1.4643473262517073	Recruitment Of Mitotic Centrosome Proteins And Complexes	False	True	True	True	False	True	4	method-supported, model-sensitive
spleen	R-MMU-9759476_REGULATION_OF_HOMOTYPIC_CELL_CELL_ADHESION	0.0006243788004444458	5	2	3	0.0006243788004444458	5	2	3	0.008864894051605196	5.0	3.0	2.0	0.008864894051605196	5.0	3.0	2.0	1.4993832486676413	0.03065134099616858	0.10024107059868172	ENSMUSG00000081058;ENSMUSG00000069308;ENSMUSG00000063954;ENSMUSG00000075031;ENSMUSG00000069306;ENSMUSG00000071516;ENSMUSG00000071478;ENSMUSG00000021823;ENSMUSG00000069301;ENSMUSG00000069303;ENSMUSG00000034101;ENSMUSG00000074403;ENSMUSG00000069300;ENSMUSG00000061615;ENSMUSG00000069309;ENSMUSG00000094248;ENSMUSG00000062727;ENSMUSG00000069266;ENSMUSG00000069267	True	True	0.0	5	0.0			0.0006243788004444799	0.00035333241499998017	0.00142423561393058	0.0006243788004444799	0.00035333241499998017	0.00142423561393058	0.11461318051575932	True	True	-0.0003569103533322011	-0.00032725229866412933	True	0.9169033501237018	Regulation Of Homotypic Cell Cell Adhesion	False	True	True	False	True	True	4	sensitivity-dependent
spleen	R-MMU-2299718_CONDENSATION_OF_PROPHASE_CHROMOSOMES	0.004967947962563889	5	4	1	0.004967947962563889	5	4	1	0.01624548140079312	5.0	3.0	2.0	0.01624548140079312	5.0	3.0	2.0	1.6652906349360916	0.005037783375314861	0.0648525960503748	ENSMUSG00000081058;ENSMUSG00000069308;ENSMUSG00000063954;ENSMUSG00000019942;ENSMUSG00000075031;ENSMUSG00000069306;ENSMUSG00000071516;ENSMUSG00000071478;ENSMUSG00000069301;ENSMUSG00000069303;ENSMUSG00000042029;ENSMUSG00000074403;ENSMUSG00000069300;ENSMUSG00000061615;ENSMUSG00000069309;ENSMUSG00000094248;ENSMUSG00000028312;ENSMUSG00000062727;ENSMUSG00000069266;ENSMUSG00000069267;ENSMUSG00000049932;ENSMUSG00000018102;ENSMUSG00000094777;ENSMUSG00000069272;ENSMUSG00000099517;ENSMUSG00000041431	True	True	0.8	5	0.0			0.00496794796256386	-0.00385096734732662	0.000401840654	0.000401840654	-0.00385096734732662	0.00496794796256386	0.4183381088825215	True	False	0.003024262685538897	0.003253202460679453	True	1.075701021685476	Condensation Of Prophase Chromosomes	False	True	True	True	False	True	4	method-supported, model-sensitive
spleen	R-MMU-9035034_RHOF_GTPASE_CYCLE	0.0011359034163133336	5	5	0	0.0011359034163133336	5	5	0	0.0051903638271281775	5.0	2.0	3.0	0.0051903638271281775	5.0	2.0	3.0	1.3751488646668177	0.0990990990990991	0.18030436875535383	ENSMUSG00000025555;ENSMUSG00000038587;ENSMUSG00000021697;ENSMUSG00000032135;ENSMUSG00000041417	True	True	1.0	5	0.0			0.0011359034163133	-0.00056706114518054	0.00023332058616107985	0.00023332058616107985	-0.00056706114518054	0.0011359034163133	0.2148997134670487	True	False	0.0010109510891612135	0.0013267321309226696	True	1.3123603556562362	Rhof Gtpase Cycle	False	True	True	True	False	True	4	method-supported, model-sensitive
spleen	R-MMU-606279_DEPOSITION_OF_NEW_CENPA_CONTAINING_NUCLEOSOMES_AT_THE_CENTROMERE	0.0008176037807698612	5	4	1	0.0008176037807698612	5	4	1	0.0110440595185839	5.0	3.0	2.0	0.0110440595185839	5.0	3.0	2.0	1.7340035338031716	0.0038412291933418692	0.055729600887325134	ENSMUSG00000069308;ENSMUSG00000063954;ENSMUSG00000075031;ENSMUSG00000069306;ENSMUSG00000071516;ENSMUSG00000071478;ENSMUSG00000069301;ENSMUSG00000069303;ENSMUSG00000031756;ENSMUSG00000047534;ENSMUSG00000069300;ENSMUSG00000061615;ENSMUSG00000069309;ENSMUSG00000094248;ENSMUSG00000068101;ENSMUSG00000044783;ENSMUSG00000062727;ENSMUSG00000069266;ENSMUSG00000021714;ENSMUSG00000049932;ENSMUSG00000018102;ENSMUSG00000094777;ENSMUSG00000069272	True	True	0.8	5	0.0			0.0008176037807698406	-0.0018758495446833203	0.00016858277431110042	0.00016858277431110042	-0.0018758495446833203	0.0008176037807698406	0.15472779369627507	True	False	0.00018075128551364486	0.0002252223101806356	True	1.2460343479196645	Deposition Of New Cenpa Containing Nucleosomes At The Centromere	False	True	True	True	False	True	4	method-supported, model-sensitive
spleen	R-MMU-774815_NUCLEOSOME_ASSEMBLY	0.0031873945461611116	5	4	1	0.0031873945461611116	5	4	1	0.0110440595185839	5.0	3.0	2.0	0.0110440595185839	5.0	3.0	2.0	1.7340035338031716	0.0038412291933418692	0.055729600887325134	ENSMUSG00000069308;ENSMUSG00000063954;ENSMUSG00000075031;ENSMUSG00000069306;ENSMUSG00000071516;ENSMUSG00000071478;ENSMUSG00000069301;ENSMUSG00000069303;ENSMUSG00000031756;ENSMUSG00000047534;ENSMUSG00000069300;ENSMUSG00000061615;ENSMUSG00000069309;ENSMUSG00000094248;ENSMUSG00000068101;ENSMUSG00000044783;ENSMUSG00000062727;ENSMUSG00000069266;ENSMUSG00000021714;ENSMUSG00000049932;ENSMUSG00000018102;ENSMUSG00000094777;ENSMUSG00000069272	True	True	0.8	5	0.0			0.0031873945461611203	-0.00230569198819444	0.00015370698772831996	0.00015370698772831996	-0.00230569198819444	0.0031873945461611203	0.3638968481375358	True	False	0.0030544271253053535	0.004094800052846454	True	1.3406114747088926	Nucleosome Assembly	False	True	True	True	False	True	4	method-supported, model-sensitive
spleen	R-MMU-5693606_DNA_DOUBLE_STRAND_BREAK_RESPONSE	3.997599240277792e-05	5	3	2	3.997599240277796e-05	5	3	2	0.009258615776915238	5.0	3.0	2.0	0.009258615776915238	5.0	3.0	2.0	1.467481439575638	0.03961748633879782	0.11932766979697722	ENSMUSG00000069308;ENSMUSG00000075031;ENSMUSG00000069306;ENSMUSG00000069303;ENSMUSG00000017146;ENSMUSG00000017897;ENSMUSG00000069300;ENSMUSG00000062727;ENSMUSG00000018362;ENSMUSG00000069266;ENSMUSG00000049932;ENSMUSG00000026196;ENSMUSG00000034218;ENSMUSG00000018102;ENSMUSG00000030451	True	True	0.0	5	0.0			3.99759924027599e-05	0.00308339367770414	5.113909505579999e-06	3.99759924027599e-05	5.113909505579999e-06	0.00308339367770414	0.0057306590257879654	True	True	-0.00017129537424468967	-6.011110598653422e-05	True	0.3509207779345374	Dna Double Strand Break Response	False	True	True	False	True	True	4	sensitivity-dependent
spleen	R-MMU-174143_APC_C_MEDIATED_DEGRADATION_OF_CELL_CYCLE_PROTEINS	0.003638284929555555	5	4	1	0.003638284929555555	5	4	1	0.016880491050705392	5.0	3.0	2.0	0.016880491050705392	5.0	3.0	2.0	1.3342677310407516	0.11884057971014493	0.21232158897184183	ENSMUSG00000019942;ENSMUSG00000040084;ENSMUSG00000026622;ENSMUSG00000020897;ENSMUSG00000001403;ENSMUSG00000019773;ENSMUSG00000006398;ENSMUSG00000041431;ENSMUSG00000027715;ENSMUSG00000029910;ENSMUSG00000027496	True	True	0.8	5	0.0			0.00363828492955552	-0.0006693728516761399	-0.0003983560682722	-0.0003983560682722	-0.0006693728516761399	0.00363828492955552	0.3868194842406877	True	False	0.0023554809721903144	0.0031797020309544616	True	1.3499162457668765	Apc C Mediated Degradation Of Cell Cycle Proteins	False	True	True	True	False	True	4	method-supported, model-sensitive
spleen	R-MMU-216083_INTEGRIN_CELL_SURFACE_INTERACTIONS	0.025331088611111108	5	4	1	0.025331088611111108	5	4	1	0.005532968931878696	5.0	4.0	1.0	0.005532968931878696	5.0	4.0	1.0	1.4916327644368474	0.02577319587628866	0.10293852996375043	ENSMUSG00000027204;ENSMUSG00000026768;ENSMUSG00000004098;ENSMUSG00000026042;ENSMUSG00000026837;ENSMUSG00000031503;ENSMUSG00000070369;ENSMUSG00000031502;ENSMUSG00000042284;ENSMUSG00000048126;ENSMUSG00000026193;ENSMUSG00000025321;ENSMUSG00000039115	True	True	0.8	5	0.0			0.02533108861111108	-0.027133991166666666	-0.00042135979646888005	-0.00042135979646888005	-0.027133991166666666	0.02533108861111108	0.6160458452722063	True	False	0.0155858383449448	0.0275873200842958	True	1.7700247797863007	Integrin Cell Surface Interactions	False	True	True	True	False	True	4	method-supported, model-sensitive
spleen	R-MMU-9670095_INHIBITION_OF_DNA_RECOMBINATION_AT_TELOMERE	0.0025313868478999994	5	4	1	0.0025313868478999994	5	4	1	0.00958625075954488	5.0	3.0	2.0	0.00958625075954488	5.0	3.0	2.0	1.5672990510331377	0.022757697456492636	0.07694129918208896	ENSMUSG00000069308;ENSMUSG00000063954;ENSMUSG00000075031;ENSMUSG00000069306;ENSMUSG00000071516;ENSMUSG00000071478;ENSMUSG00000069301;ENSMUSG00000069303;ENSMUSG00000069300;ENSMUSG00000061615;ENSMUSG00000069309;ENSMUSG00000094248;ENSMUSG00000062727;ENSMUSG00000069266;ENSMUSG00000049932;ENSMUSG00000018102;ENSMUSG00000094777;ENSMUSG00000069272	True	True	0.8	5	0.0			0.0025313868479	-0.0011267621688222	-0.0005225612287611001	-0.0005225612287611001	-0.0011267621688222	0.0025313868479	0.3151862464183381	True	False	0.0015426704318141041	0.002014636007924531	True	1.3059406379854048	Inhibition Of Dna Recombination At Telomere	False	True	True	True	False	True	4	method-supported, model-sensitive
spleen	R-MMU-389356_CO_STIMULATION_BY_CD28	-0.0010412935275500002	5	1	4	-0.0010412935275500002	5	1	4	-0.011178502927995614	5.0	0.0	5.0	-0.011178502927995614	5.0	0.0	5.0	-0.5797129887084101	0.9638157894736842	0.9956741444142432	ENSMUSG00000026011;ENSMUSG00000026012;ENSMUSG00000000409;ENSMUSG00000075122;ENSMUSG00000020941;ENSMUSG00000022901;ENSMUSG00000036106	True	True	0.8	5	0.0			-0.00104129352754998	0.0012551818724666802	-0.00784078792025	-0.00104129352754998	-0.00784078792025	0.0012551818724666802	0.18624641833810887	True	False	-0.0010630139393400175	-0.0007560077663697281	True	0.7111927119592646	Co Stimulation By Cd28	False	True	True	True	False	True	4	method-supported, model-sensitive
spleen	R-MMU-373755_SEMAPHORIN_INTERACTIONS	0.0500149966372222	5	5	0	0.0500149966372222	5	5	0	0.006609043070803122	5.0	2.0	3.0	0.006609043070803122	5.0	2.0	3.0	1.489284928841008	0.036127167630057806	0.10261338509219613	ENSMUSG00000059495;ENSMUSG00000022231;ENSMUSG00000030084;ENSMUSG00000030123;ENSMUSG00000054364;ENSMUSG00000025810;ENSMUSG00000041977;ENSMUSG00000027200;ENSMUSG00000038264	True	True	1.0	5	0.0			0.05001499663722218	-0.025011555195000125	-0.0014171064666666394	-0.0014171064666666394	-0.025011555195000125	0.05001499663722218	0.7507163323782235	True	False	0.03386211770314358	0.04570936397589944	True	1.3498672580556301	Semaphorin Interactions	False	True	True	True	False	True	4	method-supported, model-sensitive
spleen	R-MMU-168643_NUCLEOTIDE_BINDING_DOMAIN_LEUCINE_RICH_REPEAT_CONTAINING_RECEPTOR_NLR_SIGNALING_PATHWAYS	-0.07380911763055553	5	0	5	-0.07380911763055553	5	0	5	-0.013709394606716477	5.0	0.0	5.0	-0.013709394606716477	5.0	0.0	5.0	-1.0809955298675145	0.33860759493670883	0.5309579128013351	ENSMUSG00000004864;ENSMUSG00000030793;ENSMUSG00000032691;ENSMUSG00000068240;ENSMUSG00000033538;ENSMUSG00000022534;ENSMUSG00000037860;ENSMUSG00000025888;ENSMUSG00000069830;ENSMUSG00000053137;ENSMUSG00000028367	True	True	1.0	5	0.0			-0.07380911763055548	0.002258774860805553	-0.0016678193582930398	-0.0016678193582930398	-0.07380911763055548	0.002258774860805553	0.8452722063037249	True	False	-0.05752358201818184	-0.04578070439410865	True	0.7958597637337406	Nucleotide Binding Domain Leucine Rich Repeat Containing Receptor Nlr Signaling Pathways	False	True	True	True	False	True	4	method-supported, model-sensitive
spleen	R-MMU-451927_INTERLEUKIN_2_FAMILY_SIGNALING	-0.0017392166056388885	5	1	4	-0.0017392166056388885	5	1	4	-0.003756290934480025	5.0	0.0	5.0	-0.003756290934480025	5.0	0.0	5.0	-1.1389705083243455	0.2803738317757009	0.44988461197990476	ENSMUSG00000018916;ENSMUSG00000005364;ENSMUSG00000027720	True	True	0.8	5	0.0			-0.00173921660563884	-0.0020756587353889	0.0005152338681416533	-0.00173921660563884	-0.0020756587353889	0.0005152338681416533	0.2808022922636103	True	False	-0.002014267538813934	-0.001686001637905066	True	0.8370296424961692	Interleukin 2 Family Signaling	False	True	True	True	False	True	4	method-supported, model-sensitive
spleen	R-MMU-380320_RECRUITMENT_OF_NUMA_TO_MITOTIC_CENTROSOMES	-0.0024658055190833333	5	1	4	-0.0024658055190833333	5	1	4	-0.0019099415368221324	5.0	2.0	3.0	-0.0019099415368221324	5.0	2.0	3.0	0.6092945168247514	0.951856946354883	0.9896322379785715	ENSMUSG00000019942;ENSMUSG00000002997;ENSMUSG00000025758;ENSMUSG00000026622	True	False	0.8	5	0.0			-0.00246580551908334	-0.0027620174598888604	-0.0002897664922583267	-0.00246580551908334	-0.0027620174598888604	-0.0002897664922583267	0.30945558739255014	True	True	-0.0014866729352944774	-0.0016283823157740964	True	1.095319809162699	Recruitment Of Numa To Mitotic Centrosomes	False	True	False	True	True	True	4	internally robust, incomplete conventional support
spleen	R-MMU-5689880_UB_SPECIFIC_PROCESSING_PROTEASES	0.013885991500416656	5	4	1	0.013885991500416656	5	4	1	0.004915993683994547	5.0	3.0	2.0	0.004915993683994547	5.0	3.0	2.0	1.3858365981052407	0.061518324607329845	0.17096993061943974	ENSMUSG00000063954;ENSMUSG00000071516;ENSMUSG00000071478;ENSMUSG00000018909;ENSMUSG00000042489;ENSMUSG00000069301;ENSMUSG00000031066;ENSMUSG00000061615;ENSMUSG00000069309;ENSMUSG00000094248;ENSMUSG00000078851;ENSMUSG00000006398;ENSMUSG00000056999;ENSMUSG00000094777;ENSMUSG00000069272;ENSMUSG00000045730;ENSMUSG00000030107;ENSMUSG00000032402	True	True	0.8	5	0.0			0.01388599150041662	-0.0043420567166666795	-0.08565150801930556	-0.0043420567166666795	-0.08565150801930556	0.01388599150041662	0.5530085959885387	True	False	0.02677362189014443	0.023328116381602135	True	0.8713096971833082	Ub Specific Processing Proteases	False	True	True	True	False	True	4	method-supported, model-sensitive
spleen	R-MMU-2142753_ARACHIDONATE_METABOLISM	-0.08435419750555559	5	1	4	-0.08435419750555559	5	1	4	-0.004309570191700553	5.0	3.0	2.0	-0.004309570191700553	5.0	3.0	2.0	0.7387575616394295	0.8247422680412371	0.9045062863379445	ENSMUSG00000006345;ENSMUSG00000024087;ENSMUSG00000032487;ENSMUSG00000006344;ENSMUSG00000018924;ENSMUSG00000034171	True	False	0.8	5	0.0			-0.08435419750555556	-0.0066232728305333	-0.00030523910390558	-0.0066232728305333	-0.08435419750555556	-0.00030523910390558	0.8853868194842407	True	True	-0.05356176498487681	-0.04270448997431922	True	0.7972943010070123	Arachidonate Metabolism	False	True	False	True	True	True	4	internally robust, incomplete conventional support
spleen	R-MMU-449147_SIGNALING_BY_INTERLEUKINS	-0.0077821454166666195	5	2	3	-0.0077821454166666195	5	2	3	-0.0036383874834593046	5.0	3.0	2.0	-0.0036383874834593046	5.0	3.0	2.0	-0.9743160243200765	0.5563380281690141	0.7107468248320549	ENSMUSG00000040314;ENSMUSG00000018916;ENSMUSG00000058755;ENSMUSG00000031530;ENSMUSG00000034394;ENSMUSG00000005364;ENSMUSG00000026981;ENSMUSG00000004296;ENSMUSG00000027720	True	True	0.2	5	0.0			-0.007782145416666601	-0.0008820588333334406	-0.07114026904116663	-0.007782145416666601	-0.07114026904116663	-0.0008820588333334406	0.4785100286532951	True	True	-0.01052799648258285	-0.02833668183936446	True	2.691555025331142	Signaling By Interleukins	False	True	True	False	True	True	4	sensitivity-dependent
spleen	R-MMU-1428517_AEROBIC_RESPIRATION_AND_RESPIRATORY_ELECTRON_TRANSPORT	-0.009068063425166667	5	2	3	-0.009068063425166667	5	2	3	-0.006464169808084069	5.0	1.0	4.0	-0.006464169808084069	5.0	1.0	4.0	-2.3412230139072405	0.0	0.00011860182063516135	ENSMUSG00000030785;ENSMUSG00000101959;ENSMUSG00000064368;ENSMUSG00000064354;ENSMUSG00000064358;ENSMUSG00000064345;ENSMUSG00000058927;ENSMUSG00000064370;ENSMUSG00000064341;ENSMUSG00000064360;ENSMUSG00000064363;ENSMUSG00000068240;ENSMUSG00000064367;ENSMUSG00000116207;ENSMUSG00000064351	True	True	0.6	5	0.0			-0.009068063425166679	-0.009158431560222221	-0.0058156316603889	-0.009068063425166679	-0.009158431560222221	-0.0058156316603889	0.504297994269341	True	True	-0.0027958108313916757	-0.0010095000369149433	True	0.36107594461691195	Aerobic Respiration And Respiratory Electron Transport	False	True	True	False	True	True	4	sensitivity-dependent
spleen	R-MMU-1660662_GLYCOSPHINGOLIPID_METABOLISM	-0.026804668956666666	5	1	4	-0.026804668956666666	5	1	4	-0.006689640224151761	5.0	1.0	4.0	-0.006689640224151761	5.0	1.0	4.0	-0.9515888704937336	0.5572755417956656	0.7357410033183764	ENSMUSG00000022686;ENSMUSG00000036412;ENSMUSG00000000594;ENSMUSG00000043300;ENSMUSG00000021665;ENSMUSG00000006731	True	True	0.8	5	0.0			-0.02680466895666664		-0.00026565265558942	-0.01353516080612803	-0.02680466895666664	-0.00026565265558942	0.6246418338108882	False	False	-0.015812554069288047	-0.046139802862300176	True	2.9179222192773566	Glycosphingolipid Metabolism	False	True	True	True	False	True	4	method-supported, model-sensitive
spleen	R-MMU-168898_TOLL_LIKE_RECEPTOR_CASCADES	-0.07408780028717221	5	0	5	-0.07408780028717221	5	0	5	-0.009075800041587206	5.0	1.0	4.0	-0.009075800041587206	5.0	1.0	4.0	-0.9941756977055198	0.42677824267782427	0.6924152191411673	ENSMUSG00000056054;ENSMUSG00000056071;ENSMUSG00000031530	True	True	1.0	5	0.2	1.0	1.0	-0.07408780028717216	0.019940644635555577	-0.015589216873472303	-0.015589216873472303	-0.07408780028717216	0.019940644635555577	0.8510028653295129	True	False	-0.06899370512397211	-0.07993948142773512	True	1.15864891273914	Toll Like Receptor Cascades	False	True	True	True	False	True	4	method-supported, model-sensitive
spleen	R-MMU-446203_ASPARAGINE_N_LINKED_GLYCOSYLATION	-0.04562334339027778	5	1	4	-0.04562334339027778	5	1	4	0.00021543132715353409	5.0	2.0	3.0	0.00021543132715353409	5.0	2.0	3.0	-0.8271522452867126	0.7551867219917012	0.9197998156811049	ENSMUSG00000045136;ENSMUSG00000030283;ENSMUSG00000072235;ENSMUSG00000001473;ENSMUSG00000068240;ENSMUSG00000040710;ENSMUSG00000026080;ENSMUSG00000029378;ENSMUSG00000026399	False	True	0.8	5	0.0			-0.04562334339027776	-0.014545092131388881	-0.01584367822499994	-0.01584367822499994	-0.04562334339027776	-0.014545092131388881	0.7306590257879656	True	True	-0.022974117993719612	-0.06697914115560002	True	2.915417304547229	Asparagine N Linked Glycosylation	False	False	True	True	True	True	4	internally robust, incomplete conventional support
spleen	R-MMU-73887_DEATH_RECEPTOR_SIGNALING	0.07531271916694446	5	5	0	0.07531271916694446	5	5	0	0.0035243692880078392	5.0	3.0	2.0	0.0035243692880078392	5.0	3.0	2.0	1.223387576003998	0.2	0.3155261988428664	ENSMUSG00000061462;ENSMUSG00000059495;ENSMUSG00000013921;ENSMUSG00000026672;ENSMUSG00000022263;ENSMUSG00000041977;ENSMUSG00000000120;ENSMUSG00000029060;ENSMUSG00000027699;ENSMUSG00000039304;ENSMUSG00000009621;ENSMUSG00000027381;ENSMUSG00000066406;ENSMUSG00000039621;ENSMUSG00000017631	True	True	1.0	5	0.0			0.0753127191669444	-0.01674998526111108	-0.0676758439311111	-0.01674998526111108	-0.0676758439311111	0.0753127191669444	0.8567335243553008	True	False	0.04575429210953274	0.057700378591185375	True	1.2610921496294707	Death Receptor Signaling	False	True	True	True	False	True	4	method-supported, model-sensitive
spleen	R-MMU-446652_INTERLEUKIN_1_FAMILY_SIGNALING	-0.007167133239122223	5	3	2	-0.007167133239122223	5	3	2	-0.010046372671851222	5.0	1.0	4.0	-0.010046372671851222	5.0	1.0	4.0	-1.1340536474362695	0.2737226277372263	0.4456920874531495	ENSMUSG00000040314;ENSMUSG00000026981;ENSMUSG00000068240;ENSMUSG00000026068;ENSMUSG00000027398;ENSMUSG00000026073;ENSMUSG00000025888	True	True	0.2	5	0.0			-0.007167133239122219	-0.0174629134819489	-0.11383181756388887	-0.0174629134819489	-0.11383181756388887	-0.007167133239122219	0.4699140401146132	True	True	-0.0007741931030943093	-0.0023090983265195075	True	2.9825870539151804	Interleukin 1 Family Signaling	False	True	True	False	True	True	4	sensitivity-dependent
spleen	R-MMU-8953854_METABOLISM_OF_RNA	-0.0072746928333333296	5	2	3	-0.0072746928333333296	5	2	3	-0.008368360478041143	5.0	2.0	3.0	-0.008368360478041143	5.0	2.0	3.0	-1.012266629009914	0.4641350210970464	0.6640059776514087	ENSMUSG00000109941;ENSMUSG00000050621;ENSMUSG00000039001;ENSMUSG00000058443;ENSMUSG00000090733;ENSMUSG00000078193;ENSMUSG00000068240;ENSMUSG00000033036;ENSMUSG00000062997;ENSMUSG00000002477;ENSMUSG00000039221;ENSMUSG00000036781;ENSMUSG00000089669	True	True	0.4	5	0.0			-0.007274692833333321	-0.019823070638888957	-0.0177119875833332	-0.0177119875833332	-0.019823070638888957	-0.007274692833333321	0.47277936962750716	True	True	-0.018962245237043325	-0.034658529082976536	True	1.8277650483746535	Metabolism Of Rna	False	True	True	False	True	True	4	sensitivity-dependent
spleen	R-MMU-5173105_O_LINKED_GLYCOSYLATION	-0.028365847663888964	5	1	4	-0.028365847663888964	5	1	4	-0.0001406285316221157	5.0	2.0	3.0	-0.0001406285316221157	5.0	2.0	3.0	1.0648962638291788	0.38409703504043125	0.5262715574694575	ENSMUSG00000109564;ENSMUSG00000031749;ENSMUSG00000022231;ENSMUSG00000024299;ENSMUSG00000036040;ENSMUSG00000059901;ENSMUSG00000020520;ENSMUSG00000013846	True	False	0.8	5	0.0			-0.028365847663888923	-0.03916749244166658	-0.01969641619444444	-0.028365847663888923	-0.03916749244166658	-0.01969641619444444	0.6446991404011462	True	True	-0.03644168787017842	-0.04939189647600153	True	1.3553679690127838	O Linked Glycosylation	False	True	False	True	True	True	4	internally robust, incomplete conventional support
spleen	R-MMU-69236_G1_PHASE	0.0015361010481666655	5	5	0	0.0015361010481666655	5	5	0	0.0036877739894852933	5.0	3.0	2.0	0.0036877739894852933	5.0	3.0	2.0	1.101822863780361	0.34265734265734266	0.4718909107721038	ENSMUSG00000018983;ENSMUSG00000002068;ENSMUSG00000027490;ENSMUSG00000023067;ENSMUSG00000038482;ENSMUSG00000000184;ENSMUSG00000003031;ENSMUSG00000040274;ENSMUSG00000034165;ENSMUSG00000031666	True	True	1.0	5	0.0			0.00153610104816662	-0.032911686811722234	-0.05374332720500004	-0.032911686811722234	-0.05374332720500004	0.00153610104816662	0.2664756446991404	True	False	0.0014921685718168232	0.0018766148864964476	True	1.257642683233526	G1 Phase	False	True	True	True	False	True	4	method-supported, model-sensitive
spleen	R-MMU-9007101_RAB_REGULATION_OF_TRAFFICKING	-0.0374986393338889	5	1	4	-0.0374986393338889	5	1	4	-0.0008089873763742622	5.0	2.0	3.0	-0.0008089873763742622	5.0	2.0	3.0	0.9897504828662865	0.4908835904628331	0.6092740124227424	ENSMUSG00000024663;ENSMUSG00000001768;ENSMUSG00000038371;ENSMUSG00000026672	True	False	0.8	5	0.0			-0.037498639333888875	-0.049404815158333275	-0.01336011960555564	-0.037498639333888875	-0.049404815158333275	-0.01336011960555564	0.6934097421203438	True	True	-0.02581532134491079	-0.010779910632793512	True	0.4175780145738397	Rab Regulation Of Trafficking	False	True	False	True	True	True	4	internally robust, incomplete conventional support
spleen	R-MMU-392499_METABOLISM_OF_PROTEINS	-0.05579566152777797	5	1	4	-0.05579566152777797	5	1	4	-0.0003781297941074874	5.0	3.0	2.0	-0.0003781297941074874	5.0	3.0	2.0	0.8262663066943835	0.8819226750261233	0.8295132747799875	ENSMUSG00000025175;ENSMUSG00000069308;ENSMUSG00000030217;ENSMUSG00000109564;ENSMUSG00000027204;ENSMUSG00000028024;ENSMUSG00000068252;ENSMUSG00000063954;ENSMUSG00000019942;ENSMUSG00000075031;ENSMUSG00000072082;ENSMUSG00000021061;ENSMUSG00000020614;ENSMUSG00000031749;ENSMUSG00000022231;ENSMUSG00000024130;ENSMUSG00000028766;ENSMUSG00000069306;ENSMUSG00000071516;ENSMUSG00000071478;ENSMUSG00000073418;ENSMUSG00000018909;ENSMUSG00000042489;ENSMUSG00000061436;ENSMUSG00000069301;ENSMUSG00000069303;ENSMUSG00000056091;ENSMUSG00000024299;ENSMUSG00000021614;ENSMUSG00000017146;ENSMUSG00000031066;ENSMUSG00000069300;ENSMUSG00000030528;ENSMUSG00000061615;ENSMUSG00000026185;ENSMUSG00000028195;ENSMUSG00000069309;ENSMUSG00000094248;ENSMUSG00000024140;ENSMUSG00000030055;ENSMUSG00000026532;ENSMUSG00000036040;ENSMUSG00000059901;ENSMUSG00000032578;ENSMUSG00000014599;ENSMUSG00000020520;ENSMUSG00000062727;ENSMUSG00000013846;ENSMUSG00000015846;ENSMUSG00000024164;ENSMUSG00000078851;ENSMUSG00000069266;ENSMUSG00000026193;ENSMUSG00000017493;ENSMUSG00000020914;ENSMUSG00000020897;ENSMUSG00000001403;ENSMUSG00000038156;ENSMUSG00000056656;ENSMUSG00000026196;ENSMUSG00000025403;ENSMUSG00000038886;ENSMUSG00000048490;ENSMUSG00000006398;ENSMUSG00000020315;ENSMUSG00000004099;ENSMUSG00000018102;ENSMUSG00000030451;ENSMUSG00000022892;ENSMUSG00000029455;ENSMUSG00000037306;ENSMUSG00000028614;ENSMUSG00000056999;ENSMUSG00000002985;ENSMUSG00000094777;ENSMUSG00000069272;ENSMUSG00000034164	True	False	0.8	5	0.0			-0.05579566152777795	-0.08507718491666656	-0.047136682944444494	-0.05579566152777795	-0.08507718491666656	-0.047136682944444494	0.7908309455587392	True	True	-0.0474825167238742	-0.06778177724670886	True	1.4275102063540832	Metabolism Of Proteins	False	True	False	True	True	True	4	internally robust, incomplete conventional support
spleen	R-MMU-72312_RRNA_PROCESSING	-0.06117151235888889	5	1	4	-0.06117151235888889	5	1	4	-0.014548221915043713	5.0	2.0	3.0	-0.014548221915043713	5.0	2.0	3.0	-2.0289819307857835	0.0	0.0028464436952438726	ENSMUSG00000109941;ENSMUSG00000050621;ENSMUSG00000039001;ENSMUSG00000058443;ENSMUSG00000090733;ENSMUSG00000078193;ENSMUSG00000068240;ENSMUSG00000062997;ENSMUSG00000039221;ENSMUSG00000036781	True	True	0.8	5	0.0			-0.06117151235888886	0.00292242115055552	-0.09236875629444444	-0.06117151235888886	-0.09236875629444444	0.00292242115055552	0.8108882521489972	True	False	-0.0388838791951606	-0.0510229945854066	True	1.3121888978545333	Rrna Processing	False	True	True	True	False	True	4	method-supported, model-sensitive
spleen	R-MMU-1280218_ADAPTIVE_IMMUNE_SYSTEM	-0.08051048061111059	5	1	4	-0.08051048061111059	5	1	4	-0.003377600320061644	5.0	2.0	3.0	-0.003377600320061644	5.0	2.0	3.0	1.0115572214916382	0.45134575569358176	0.5863413211133748	ENSMUSG00000081058;ENSMUSG00000103254;ENSMUSG00000095612;ENSMUSG00000096452;ENSMUSG00000069308;ENSMUSG00000096326;ENSMUSG00000095285;ENSMUSG00000063954;ENSMUSG00000096078;ENSMUSG00000083282;ENSMUSG00000102364;ENSMUSG00000075031;ENSMUSG00000076666;ENSMUSG00000072082;ENSMUSG00000095200;ENSMUSG00000093838;ENSMUSG00000096577;ENSMUSG00000012443;ENSMUSG00000104452;ENSMUSG00000022469;ENSMUSG00000069306;ENSMUSG00000071516;ENSMUSG00000071478;ENSMUSG00000095429;ENSMUSG00000030677;ENSMUSG00000094502;ENSMUSG00000069301;ENSMUSG00000069303;ENSMUSG00000038664;ENSMUSG00000032586;ENSMUSG00000076670;ENSMUSG00000034311;ENSMUSG00000093896;ENSMUSG00000074403;ENSMUSG00000069300;ENSMUSG00000009092;ENSMUSG00000096150;ENSMUSG00000061615;ENSMUSG00000095442;ENSMUSG00000095416;ENSMUSG00000042644;ENSMUSG00000069309;ENSMUSG00000094248;ENSMUSG00000038807;ENSMUSG00000027115;ENSMUSG00000095210;ENSMUSG00000041417;ENSMUSG00000096499;ENSMUSG00000062727;ENSMUSG00000024164;ENSMUSG00000002944;ENSMUSG00000105606;ENSMUSG00000069266;ENSMUSG00000028678;ENSMUSG00000076695;ENSMUSG00000026622;ENSMUSG00000045328;ENSMUSG00000069267;ENSMUSG00000032216;ENSMUSG00000032596;ENSMUSG00000066036;ENSMUSG00000032021;ENSMUSG00000096074;ENSMUSG00000001403;ENSMUSG00000070327;ENSMUSG00000032715;ENSMUSG00000076514;ENSMUSG00000049932	True	False	0.8	5	0.2	1.0	1.0	-0.08051048061111057	-0.144886535083333	-0.0259878862222222	-0.08051048061111057	-0.144886535083333	-0.0259878862222222	0.8710601719197708	True	True	-0.056771532652506396	-0.04812383902013737	True	0.8476755298240616	Adaptive Immune System	False	True	False	True	True	True	4	internally robust, incomplete conventional support
spleen	R-MMU-380108_CHEMOKINE_RECEPTORS_BIND_CHEMOKINES	-0.0014756166472222553	5	2	3	-0.0014756166472222553	5	2	3	-0.015899752056096735	5.0	2.0	3.0	-0.015899752056096735	5.0	2.0	3.0	-1.7057788866304324	0.022222222222222223	0.03059926972387163	ENSMUSG00000031779;ENSMUSG00000000982;ENSMUSG00000020702;ENSMUSG00000037944;ENSMUSG00000026573;ENSMUSG00000029417;ENSMUSG00000026180;ENSMUSG00000035042;ENSMUSG00000058427;ENSMUSG00000029372;ENSMUSG00000048521;ENSMUSG00000035448;ENSMUSG00000018930;ENSMUSG00000079227	True	True	0.2	5	0.0			-0.0014756166472222388	-0.09836381444888886	-0.1731704416394444	-0.09836381444888886	-0.1731704416394444	-0.0014756166472222388	0.2636103151862464	True	True	-0.0016813488203908326	-0.0007076216921510462	True	0.4208654882135393	Chemokine Receptors Bind Chemokines	False	True	True	False	True	True	4	sensitivity-dependent
spleen	R-MMU-6803157_ANTIMICROBIAL_PEPTIDES	-0.042622745913333336	5	2	3	-0.042622745913333336	5	2	3	-0.036771177880659395	5.0	0.0	5.0	-0.036771177880659395	5.0	0.0	5.0	-2.8209727975124026	0.0	0.0	ENSMUSG00000032496;ENSMUSG00000020125;ENSMUSG00000038357;ENSMUSG00000056054;ENSMUSG00000026822;ENSMUSG00000056071;ENSMUSG00000040314;ENSMUSG00000057163;ENSMUSG00000057729;ENSMUSG00000030413;ENSMUSG00000036938;ENSMUSG00000021880;ENSMUSG00000069516	True	True	0.4	5	0.2	0.0	1.0	-0.04262274591333334	-0.19194241662722222	-0.14073522837277772	-0.14073522837277772	-0.19194241662722222	-0.04262274591333334	0.7191977077363897	True	True	-0.07683333294339176	-0.022378720333047424	True	0.29126317284108083	Antimicrobial Peptides	False	True	True	False	True	True	4	sensitivity-dependent
spleen	R-MMU-195258_RHO_GTPASE_EFFECTORS	0.04478942871027777	5	2	3	0.04478942871027777	5	2	3	-9.388102489743117e-05	5.0	2.0	3.0	-9.388102489743117e-05	5.0	2.0	3.0	0.7947151693986823	0.8225806451612904	0.8454900563405908	ENSMUSG00000041498;ENSMUSG00000026605;ENSMUSG00000023940;ENSMUSG00000020900;ENSMUSG00000031756;ENSMUSG00000038943;ENSMUSG00000022836;ENSMUSG00000054364;ENSMUSG00000021676;ENSMUSG00000036223;ENSMUSG00000068101;ENSMUSG00000027115;ENSMUSG00000040084;ENSMUSG00000028678;ENSMUSG00000045328;ENSMUSG00000021714;ENSMUSG00000020897;ENSMUSG00000044201;ENSMUSG00000006398;ENSMUSG00000022443;ENSMUSG00000040549;ENSMUSG00000031262;ENSMUSG00000031328;ENSMUSG00000024660;ENSMUSG00000016255;ENSMUSG00000029414;ENSMUSG00000029910;ENSMUSG00000024056;ENSMUSG00000028873;ENSMUSG00000036053;ENSMUSG00000036752;ENSMUSG00000026039	False	True	0.2	5	0.2	0.0	1.0	0.04478942871027778	0.10536762182444451	0.12874436834430567	0.10536762182444451	0.04478942871027778	0.12874436834430567	0.7249283667621776	True	True	-0.030717271738861497	-0.031741263566549736	True	1.0333360278996637	Rho Gtpase Effectors	False	False	True	False	True	True	3	sensitivity-dependent
spleen	R-MMU-8878171_TRANSCRIPTIONAL_REGULATION_BY_RUNX1	0.027959017521944424	5	2	3	0.027959017521944424	5	2	3	0.010667503284362943	5.0	3.0	2.0	0.010667503284362943	5.0	3.0	2.0	1.5487554509823187	0.009925558312655087	0.08075386146254868	ENSMUSG00000081058;ENSMUSG00000069308;ENSMUSG00000063954;ENSMUSG00000075031;ENSMUSG00000031162;ENSMUSG00000049577;ENSMUSG00000028717;ENSMUSG00000069306;ENSMUSG00000071516;ENSMUSG00000071478;ENSMUSG00000061436;ENSMUSG00000069301;ENSMUSG00000069303;ENSMUSG00000074403;ENSMUSG00000069300;ENSMUSG00000061615;ENSMUSG00000069309;ENSMUSG00000094248;ENSMUSG00000038384;ENSMUSG00000062727;ENSMUSG00000069266;ENSMUSG00000069267;ENSMUSG00000048154;ENSMUSG00000049932	True	True	0.0	5	0.0			0.027959017521944424	0.10588486744999996	0.09331282432222229	0.09331282432222229	0.027959017521944424	0.10588486744999996	0.6389684813753582	True	True	-0.017696136247833453	0.048499199698859186	False	2.7406660425547393	Transcriptional Regulation By Runx1	False	True	True	False	True	False	3	sensitivity-dependent
spleen	R-MMU-162582_SIGNAL_TRANSDUCTION	0.0727593176666665	5	5	0	0.0727593176666665	5	5	0													False	False	1.0	5	0.0			0.07275931766666645	0.1199941825277778	0.09190624272222228	0.09190624272222228	0.07275931766666645	0.1199941825277778	0.839541547277937	True	True	0.05870055859643165	0.07969861728084861	True	1.3577148018092866	Signal Transduction	False	False	False	True	True	True	3	internally robust, incomplete conventional support
spleen	R-MMU-69278_CELL_CYCLE_MITOTIC	0.06377428202777753	5	3	2	0.06377428202777753	5	3	2	0.011653338620827604	5.0	3.0	2.0	0.011653338620827604	5.0	3.0	2.0	1.772412612700468	0.0	0.06959258701552452	ENSMUSG00000081058;ENSMUSG00000069308;ENSMUSG00000063954;ENSMUSG00000019942;ENSMUSG00000075031;ENSMUSG00000046591;ENSMUSG00000018983;ENSMUSG00000017499;ENSMUSG00000026605;ENSMUSG00000069306;ENSMUSG00000071516;ENSMUSG00000023940;ENSMUSG00000071478;ENSMUSG00000027330;ENSMUSG00000069301;ENSMUSG00000069303;ENSMUSG00000031756;ENSMUSG00000002068;ENSMUSG00000038252;ENSMUSG00000042029;ENSMUSG00000047534;ENSMUSG00000074403;ENSMUSG00000069300;ENSMUSG00000027490;ENSMUSG00000058290;ENSMUSG00000026672;ENSMUSG00000061615;ENSMUSG00000028063;ENSMUSG00000022385;ENSMUSG00000002997;ENSMUSG00000069309;ENSMUSG00000034906;ENSMUSG00000094248;ENSMUSG00000040957;ENSMUSG00000028312;ENSMUSG00000023067;ENSMUSG00000036223;ENSMUSG00000068101;ENSMUSG00000027115;ENSMUSG00000040084;ENSMUSG00000044783;ENSMUSG00000002870;ENSMUSG00000007080;ENSMUSG00000027469;ENSMUSG00000062727;ENSMUSG00000025758;ENSMUSG00000024742;ENSMUSG00000069266;ENSMUSG00000020330;ENSMUSG00000028678;ENSMUSG00000026622;ENSMUSG00000045328;ENSMUSG00000029730;ENSMUSG00000069267;ENSMUSG00000022034;ENSMUSG00000038482;ENSMUSG00000024791;ENSMUSG00000021714;ENSMUSG00000020897;ENSMUSG00000001403;ENSMUSG00000049932;ENSMUSG00000044201;ENSMUSG00000028896;ENSMUSG00000019773;ENSMUSG00000032254;ENSMUSG00000006398;ENSMUSG00000018102;ENSMUSG00000028614;ENSMUSG00000094777;ENSMUSG00000069272;ENSMUSG00000015880;ENSMUSG00000040549;ENSMUSG00000099517;ENSMUSG00000006678;ENSMUSG00000000184;ENSMUSG00000041431;ENSMUSG00000031262;ENSMUSG00000069307;ENSMUSG00000032218;ENSMUSG00000022673;ENSMUSG00000024660;ENSMUSG00000016255;ENSMUSG00000056394;ENSMUSG00000029414;ENSMUSG00000027342;ENSMUSG00000038644;ENSMUSG00000027715;ENSMUSG00000001517;ENSMUSG00000029910;ENSMUSG00000024056;ENSMUSG00000003031;ENSMUSG00000069274;ENSMUSG00000026779;ENSMUSG00000028873;ENSMUSG00000031016;ENSMUSG00000028587;ENSMUSG00000041859;ENSMUSG00000036752;ENSMUSG00000026039;ENSMUSG00000027496;ENSMUSG00000005410;ENSMUSG00000040274;ENSMUSG00000069310;ENSMUSG00000034165	True	True	0.4	5	0.4	0.0	2.0	0.0637742820277775	0.099054254861111	0.08912493626944447	0.08912493626944447	0.0637742820277775	0.099054254861111	0.8194842406876791	True	True	-0.026691808295667	0.024790014669771227	False	0.9287499143995989	Cell Cycle Mitotic	False	True	True	False	True	False	3	sensitivity-dependent
spleen	R-MMU-5693538_HOMOLOGY_DIRECTED_REPAIR	0.08608173169999993	5	2	3	0.08608173169999993	5	2	3	0.012966700986468344	5.0	3.0	2.0	0.012966700986468344	5.0	3.0	2.0	1.6406869679255696	0.0026041666666666665	0.06852516824916459	ENSMUSG00000069308;ENSMUSG00000075031;ENSMUSG00000069306;ENSMUSG00000042489;ENSMUSG00000069303;ENSMUSG00000017146;ENSMUSG00000041147;ENSMUSG00000027323;ENSMUSG00000069300;ENSMUSG00000030528;ENSMUSG00000035455;ENSMUSG00000007080;ENSMUSG00000062727;ENSMUSG00000024742;ENSMUSG00000039994;ENSMUSG00000069266;ENSMUSG00000039748;ENSMUSG00000049932;ENSMUSG00000030346;ENSMUSG00000026196;ENSMUSG00000034218;ENSMUSG00000018102;ENSMUSG00000030451;ENSMUSG00000069307;ENSMUSG00000034206;ENSMUSG00000057406;ENSMUSG00000056394;ENSMUSG00000027342;ENSMUSG00000038644;ENSMUSG00000027715	True	True	0.2	5	0.4	0.0	2.0	0.08608173169999997	0.09312956711377778	0.04359291740861108	0.08608173169999997	0.04359291740861108	0.09312956711377778	0.8997134670487106	True	True	-0.006595612350722137	0.012582884493332886	False	1.9077659244111302	Homology Directed Repair	False	True	True	False	True	False	3	sensitivity-dependent
spleen	R-MMU-983168_ANTIGEN_PROCESSING_UBIQUITINATION_PROTEASOME_DEGRADATION	0.08497024671888898	5	3	2	0.08497024671888898	5	3	2	-0.0014968589161815705	5.0	2.0	3.0	-0.0014968589161815705	5.0	2.0	3.0	1.1774833718503595	0.2560819462227913	0.3609023937106529	ENSMUSG00000072082;ENSMUSG00000038664;ENSMUSG00000032586;ENSMUSG00000032216;ENSMUSG00000032596;ENSMUSG00000066036;ENSMUSG00000001403;ENSMUSG00000070327;ENSMUSG00000029060;ENSMUSG00000006398;ENSMUSG00000030451;ENSMUSG00000004929;ENSMUSG00000034883;ENSMUSG00000039159;ENSMUSG00000049502;ENSMUSG00000029798	False	True	0.6	5	0.2	0.0	1.0	0.08497024671888898	0.004628381027777721	0.09415119492000001	0.08497024671888898	0.004628381027777721	0.09415119492000001	0.8911174785100286	True	True	0.03810048652407815	0.08161217596227742	True	2.1420245096004593	Antigen Processing Ubiquitination Proteasome Degradation	False	False	True	False	True	True	3	sensitivity-dependent
spleen	R-MMU-5693532_DNA_DOUBLE_STRAND_BREAK_REPAIR	0.002931445227777807	5	3	2	0.002931445227777807	5	3	2	0.01188304617367061	5.0	3.0	2.0	0.01188304617367061	5.0	3.0	2.0	1.7096069679758537	0.002531645569620253	0.06334989534207983	ENSMUSG00000069308;ENSMUSG00000075031;ENSMUSG00000069306;ENSMUSG00000042489;ENSMUSG00000069303;ENSMUSG00000017146;ENSMUSG00000041147;ENSMUSG00000027323;ENSMUSG00000017897;ENSMUSG00000069300;ENSMUSG00000030528;ENSMUSG00000035455;ENSMUSG00000007080;ENSMUSG00000062727;ENSMUSG00000018362;ENSMUSG00000024742;ENSMUSG00000039994;ENSMUSG00000069266;ENSMUSG00000039748;ENSMUSG00000049932;ENSMUSG00000030346;ENSMUSG00000026196;ENSMUSG00000034218;ENSMUSG00000018102;ENSMUSG00000030451;ENSMUSG00000069307;ENSMUSG00000034206;ENSMUSG00000057406;ENSMUSG00000056394;ENSMUSG00000027342;ENSMUSG00000038644;ENSMUSG00000066878;ENSMUSG00000027715	True	True	0.0	5	0.0			0.002931445227777782	0.08851295807222234	0.07746066781500006	0.07746066781500006	0.002931445227777782	0.08851295807222234	0.3438395415472779	True	True	-0.015538046169923558	0.008970238589146572	False	0.5773080148590332	Dna Double Strand Break Repair	False	True	True	False	True	False	3	sensitivity-dependent
spleen	R-MMU-8957275_POST_TRANSLATIONAL_PROTEIN_PHOSPHORYLATION	0.06527177483333321	5	3	2	0.06527177483333321	5	3	2	0.004726524596003012	5.0	5.0	0.0	0.004726524596003012	5.0	5.0	0.0	1.0064658528838526	0.4974160206718346	0.5889675663565681	ENSMUSG00000027204;ENSMUSG00000068252;ENSMUSG00000020614;ENSMUSG00000073418;ENSMUSG00000021614;ENSMUSG00000026185;ENSMUSG00000028195;ENSMUSG00000014599;ENSMUSG00000024164;ENSMUSG00000026193;ENSMUSG00000017493;ENSMUSG00000056656;ENSMUSG00000022892;ENSMUSG00000002985	True	True	0.6	5	0.4	0.0	2.0	0.06527177483333321	-0.0639780692666667	0.12804158738888893	0.06527177483333321	-0.0639780692666667	0.12804158738888893	0.8223495702005731	True	False	0.10232850376550554	0.08401679729345042	True	0.821049797483427	Post Translational Protein Phosphorylation	False	True	True	False	False	True	3	sensitivity-dependent
spleen	R-MMU-428157_SPHINGOLIPID_METABOLISM	0.05746928890516671	5	5	0	0.05746928890516671	5	5	0	-0.003716682059977233	5.0	2.0	3.0	-0.003716682059977233	5.0	2.0	3.0	1.219305093531014	0.23392612859097128	0.3204648070886933	ENSMUSG00000031749;ENSMUSG00000050931;ENSMUSG00000040447;ENSMUSG00000056091;ENSMUSG00000021759	False	True	1.0	5	0.2	1.0	1.0	0.05746928890516666	-0.0009521782580555607	0.053574201693944425	0.053574201693944425	-0.0009521782580555607	0.05746928890516666	0.7965616045845272	True	False	0.057440868567395095	0.03180930264607355	True	0.5537747502677793	Sphingolipid Metabolism	False	False	True	True	False	True	3	sensitivity-dependent
spleen	R-MMU-5358351_SIGNALING_BY_HEDGEHOG	0.03750750488777778	5	2	3	0.03750750488777778	5	2	3	-0.0025343680260391634	5.0	2.0	3.0	-0.0025343680260391634	5.0	2.0	3.0	0.9030524973546271	0.6286919831223629	0.7429777216593906	ENSMUSG00000029122;ENSMUSG00000022994;ENSMUSG00000018909;ENSMUSG00000002997	False	True	0.2	5	0.0			0.03750750488777778	0.0403889477641667	0.04192118603527776	0.0403889477641667	0.03750750488777778	0.04192118603527776	0.6962750716332379	True	True	0.009495297824754468	0.016732402525195537	True	1.7621777467130904	Signaling By Hedgehog	False	False	True	False	True	True	3	sensitivity-dependent
spleen	R-MMU-1483206_GLYCEROPHOSPHOLIPID_BIOSYNTHESIS	0.04079396481944443	5	3	2	0.04079396481944443	5	3	2	0.0004927999708862031	5.0	4.0	1.0	0.0004927999708862031	5.0	4.0	1.0	0.8759525144569104	0.6620111731843575	0.7717106094236272	ENSMUSG00000033174;ENSMUSG00000020646;ENSMUSG00000029406;ENSMUSG00000024851;ENSMUSG00000029134;ENSMUSG00000098488	True	True	0.4	5	0.0			0.04079396481944442	-0.10136278813150001	0.03879664143544444	0.03879664143544444	-0.10136278813150001	0.04079396481944442	0.7106017191977078	True	False	0.0030147318926626587	0.05621720675921659	True	18.647497940377267	Glycerophospholipid Biosynthesis	False	True	True	False	False	True	3	sensitivity-dependent
spleen	R-MMU-977606_REGULATION_OF_COMPLEMENT_CASCADE	0.03190764227777798	5	3	2	0.03190764227777798	5	3	2	0.0055223550657780614	5.0	3.0	2.0	0.0055223550657780614	5.0	3.0	2.0	1.3330490878826058	0.04282407407407408	0.21254760741739173	ENSMUSG00000103254;ENSMUSG00000095612;ENSMUSG00000096452;ENSMUSG00000096326;ENSMUSG00000095285;ENSMUSG00000076615;ENSMUSG00000076614;ENSMUSG00000096078;ENSMUSG00000102364;ENSMUSG00000076666;ENSMUSG00000076612;ENSMUSG00000095200;ENSMUSG00000093838;ENSMUSG00000096577;ENSMUSG00000104452;ENSMUSG00000026365;ENSMUSG00000073418;ENSMUSG00000095429;ENSMUSG00000094502;ENSMUSG00000076670;ENSMUSG00000093896;ENSMUSG00000096150;ENSMUSG00000095442;ENSMUSG00000095416;ENSMUSG00000095210;ENSMUSG00000096499;ENSMUSG00000024164;ENSMUSG00000105606;ENSMUSG00000076695	True	True	0.2	5	0.2	0.0	1.0	0.03190764227777796	0.03800917258333349	-0.04194289397777767	0.03190764227777796	-0.04194289397777767	0.03800917258333349	0.667621776504298	True	False	0.11302520684452	0.07162953379110874	True	0.633748309699127	Regulation Of Complement Cascade	False	True	True	False	False	True	3	sensitivity-dependent
spleen	R-MMU-5617833_CILIUM_ASSEMBLY	0.027461355527777797	5	2	3	0.027461355527777797	5	2	3	-0.0003892344690789612	5.0	2.0	3.0	-0.0003892344690789612	5.0	2.0	3.0	0.5887168011589802	0.9758713136729222	0.985160962241764	ENSMUSG00000019942;ENSMUSG00000002997;ENSMUSG00000025758;ENSMUSG00000026622;ENSMUSG00000032855;ENSMUSG00000040549;ENSMUSG00000022377	False	True	0.2	5	0.0			0.027461355527777797	0.03717252413888854	0.031207762166666618	0.031207762166666618	0.027461355527777797	0.03717252413888854	0.6361031518624641	True	True	-0.00254575272387432	-0.007106617387297774	True	2.791558394753432	Cilium Assembly	False	False	True	False	True	True	3	sensitivity-dependent
spleen	R-MMU-196849_METABOLISM_OF_WATER_SOLUBLE_VITAMINS_AND_COFACTORS	0.020196803100999954	5	3	2	0.020196803100999954	5	3	2	-0.003212139462618549	5.0	2.0	3.0	-0.003212139462618549	5.0	2.0	3.0	0.7552736274245724	0.8175487465181058	0.887700413366671	ENSMUSG00000020432;ENSMUSG00000037295;ENSMUSG00000020256;ENSMUSG00000025403;ENSMUSG00000021048;ENSMUSG00000040675;ENSMUSG00000032420;ENSMUSG00000028645;ENSMUSG00000025153;ENSMUSG00000020534;ENSMUSG00000037370	False	True	0.4	5	0.0			0.020196803100999937	0.03222477448444444	0.028911707851666617	0.028911707851666617	0.020196803100999937	0.03222477448444444	0.5959885386819485	True	True	-0.0009272850697297921	-0.009575476903501438	True	10.326357250949487	Metabolism Of Water Soluble Vitamins And Cofactors	False	False	True	False	True	True	3	sensitivity-dependent
spleen	R-MMU-109581_APOPTOSIS	0.011169835374999914	5	3	2	0.011169835374999914	5	3	2	0.0017308731662103297	5.0	3.0	2.0	0.0017308731662103297	5.0	3.0	2.0	1.0339311683753674	0.4089068825910931	0.5661067079201549	ENSMUSG00000042489;ENSMUSG00000030516;ENSMUSG00000024812;ENSMUSG00000028063;ENSMUSG00000040093;ENSMUSG00000051439;ENSMUSG00000022565;ENSMUSG00000007659;ENSMUSG00000054889;ENSMUSG00000039304;ENSMUSG00000096210;ENSMUSG00000027381;ENSMUSG00000026879	True	True	0.4	5	0.0			0.011169835374999899	0.026589505830277783	0.08376932796666656	0.026589505830277783	0.011169835374999899	0.08376932796666656	0.5243553008595988	True	True	0.004326773780798628	-0.00781925442058065	False	1.807178932090456	Apoptosis	False	True	True	False	True	False	3	sensitivity-dependent
spleen	R-MMU-2871809_FCERI_MEDIATED_CA_2_MOBILIZATION	0.01632217974722222	5	3	2	0.01632217974722222	5	3	2	0.0037691385996433562	5.0	2.0	3.0	0.0037691385996433562	5.0	2.0	3.0	1.198776698271065	0.16568742655699178	0.34021830548812065	ENSMUSG00000103254;ENSMUSG00000095612;ENSMUSG00000096452;ENSMUSG00000096326;ENSMUSG00000095285;ENSMUSG00000096078;ENSMUSG00000102364;ENSMUSG00000076666;ENSMUSG00000095200;ENSMUSG00000093838;ENSMUSG00000096577;ENSMUSG00000104452;ENSMUSG00000095429;ENSMUSG00000094502;ENSMUSG00000076670;ENSMUSG00000093896;ENSMUSG00000096150;ENSMUSG00000095442;ENSMUSG00000095416	True	True	0.4	5	0.0			0.0163221797472222	0.0922571036361111	-0.012835088733477763	0.0163221797472222	-0.012835088733477763	0.0922571036361111	0.5759312320916905	True	False	0.002260651644859807	0.0037724198480819935	True	1.6687311628306793	Fceri Mediated Ca 2 Mobilization	False	True	True	False	False	True	3	sensitivity-dependent
spleen	R-MMU-212165_EPIGENETIC_REGULATION_OF_GENE_EXPRESSION	0.03586061985833333	5	3	2	0.03586061985833333	5	3	2	0.007113119127167468	5.0	4.0	1.0	0.007113119127167468	5.0	4.0	1.0	1.5107752348509516	0.018564356435643563	0.09441903341792793	ENSMUSG00000081058;ENSMUSG00000069308;ENSMUSG00000063954;ENSMUSG00000075031;ENSMUSG00000069306;ENSMUSG00000071516;ENSMUSG00000071478;ENSMUSG00000069301;ENSMUSG00000069303;ENSMUSG00000107068;ENSMUSG00000074403;ENSMUSG00000069300;ENSMUSG00000061615;ENSMUSG00000069309;ENSMUSG00000094248;ENSMUSG00000038384;ENSMUSG00000062727;ENSMUSG00000015846;ENSMUSG00000069266;ENSMUSG00000069267;ENSMUSG00000026873;ENSMUSG00000048154;ENSMUSG00000049932;ENSMUSG00000004099;ENSMUSG00000018102;ENSMUSG00000094777;ENSMUSG00000069272;ENSMUSG00000078903;ENSMUSG00000099517;ENSMUSG00000021377;ENSMUSG00000002028;ENSMUSG00000029478;ENSMUSG00000069307	True	True	0.4	5	0.0			0.03586061985833332	-0.05102516619722218	0.012747598291166682	0.012747598291166682	-0.05102516619722218	0.03586061985833332	0.6876790830945558	True	False	0.0005401128156329874	0.0243030761842547	True	44.99629610856875	Epigenetic Regulation Of Gene Expression	False	True	True	False	False	True	3	sensitivity-dependent
spleen	R-MMU-156580_PHASE_II_CONJUGATION_OF_COMPOUNDS	0.011727557788888843	5	4	1	0.011727557788888843	5	4	1	0.00033173942243799605	5.0	3.0	2.0	0.00033173942243799605	5.0	3.0	2.0	1.3815086013424016	0.08226950354609928	0.17501584011633098	ENSMUSG00000006345;ENSMUSG00000004032;ENSMUSG00000089960;ENSMUSG00000090175;ENSMUSG00000006344;ENSMUSG00000058135;ENSMUSG00000048087	True	True	0.6	5	0.0			0.011727557788888798	0.06198045394722233	-0.02606396644777778	0.011727557788888798	-0.02606396644777778	0.06198045394722233	0.5358166189111748	True	False	0.009712345979609172	0.011999716330386642	True	1.235511621556702	Phase Ii Conjugation Of Compounds	False	True	True	False	False	True	3	sensitivity-dependent
spleen	R-MMU-1852241_ORGANELLE_BIOGENESIS_AND_MAINTENANCE	0.008168551750500002	5	5	0	0.008168551750500002	5	5	0	-0.000350058397026673	5.0	2.0	3.0	-0.000350058397026673	5.0	2.0	3.0	-0.6317216288331557	0.9753086419753086	0.9912378332623831	ENSMUSG00000045136;ENSMUSG00000072235;ENSMUSG00000058927;ENSMUSG00000001473;ENSMUSG00000075272	False	False	1.0	5	0.0			0.00816855175049996	0.027360143811111137	0.0006428829097722602	0.00816855175049996	0.0006428829097722602	0.027360143811111137	0.48424068767908307	True	True	0.004041407310269159	0.004110741771355642	True	1.01715601911995	Organelle Biogenesis And Maintenance	False	False	False	True	True	True	3	internally robust, incomplete conventional support
spleen	R-MMU-1650814_COLLAGEN_BIOSYNTHESIS_AND_MODIFYING_ENZYMES	0.07919402522222194	5	3	2	0.07919402522222194	5	3	2	0.013889005238979388	5.0	4.0	1.0	0.013889005238979388	5.0	4.0	1.0	1.769451717006868	0.0014005602240896359	0.06144800002938162	ENSMUSG00000032332;ENSMUSG00000004098;ENSMUSG00000026042;ENSMUSG00000026837;ENSMUSG00000031503;ENSMUSG00000031502;ENSMUSG00000048126;ENSMUSG00000059901;ENSMUSG00000032374;ENSMUSG00000024330;ENSMUSG00000029661;ENSMUSG00000038168;ENSMUSG00000015354	True	True	0.6	5	0.0			0.07919402522222192	0.005795842027777559	-0.012706725761111143	0.005795842027777559	-0.012706725761111143	0.07919402522222192	0.8681948424068768	True	False	0.03661532495836877	0.05789940588184952	True	1.5812888714679036	Collagen Biosynthesis And Modifying Enzymes	False	True	True	False	False	True	3	sensitivity-dependent
spleen	R-MMU-2871837_FCERI_MEDIATED_NF_KB_ACTIVATION	0.004107899791083331	5	3	2	0.004107899791083331	5	3	2	0.004095973224175502	5.0	2.0	3.0	0.004095973224175502	5.0	2.0	3.0	1.2279805758491984	0.13555291319857313	0.3111341523143106	ENSMUSG00000103254;ENSMUSG00000095612;ENSMUSG00000096452;ENSMUSG00000096326;ENSMUSG00000095285;ENSMUSG00000096078;ENSMUSG00000102364;ENSMUSG00000076666;ENSMUSG00000095200;ENSMUSG00000093838;ENSMUSG00000096577;ENSMUSG00000104452;ENSMUSG00000095429;ENSMUSG00000094502;ENSMUSG00000076670;ENSMUSG00000093896;ENSMUSG00000096150;ENSMUSG00000095442;ENSMUSG00000095416	True	True	0.4	5	0.0			0.00410789979108334	0.00557425692819444	0.013666011210555537	0.00557425692819444	0.00410789979108334	0.013666011210555537	0.3954154727793696	True	True	0.0001942404507629581	-0.0002789991712485557	False	1.4363597806361823	Fceri Mediated Nf Kb Activation	False	True	True	False	True	False	3	sensitivity-dependent
spleen	R-MMU-1632852_MACROAUTOPHAGY	-0.0025468078452099995	5	2	3	-0.0025468078452099995	5	2	3	-0.007256937332672564	5.0	1.0	4.0	-0.007256937332672564	5.0	1.0	4.0	-0.8887765278507416	0.6187290969899666	0.8059211552237932	ENSMUSG00000045136;ENSMUSG00000072235;ENSMUSG00000001473;ENSMUSG00000068240	True	True	0.6	5	0.0			-0.00254680784520998	0.00529478165833328	0.012957324783333298	0.00529478165833328	-0.00254680784520998	0.012957324783333298	0.3209169054441261	True	False	-0.0007523665183556847	-0.0015081670661965967	True	2.004564303968141	Macroautophagy	False	True	True	False	False	True	3	sensitivity-dependent
spleen	R-MMU-8868773_RRNA_PROCESSING_IN_THE_NUCLEUS_AND_CYTOSOL	0.0023718731564977814	5	4	1	0.0023718731564977814	5	4	1	-0.014548221915043713	5.0	2.0	3.0	-0.014548221915043713	5.0	2.0	3.0	-2.0289819307857835	0.0	0.0028464436952438726	ENSMUSG00000109941;ENSMUSG00000050621;ENSMUSG00000039001;ENSMUSG00000058443;ENSMUSG00000090733;ENSMUSG00000078193;ENSMUSG00000068240;ENSMUSG00000062997;ENSMUSG00000039221;ENSMUSG00000036781	False	False	0.8	5	0.0			0.00237187315649776	0.00474746793524998	0.041672430286111076	0.00474746793524998	0.00237187315649776	0.041672430286111076	0.3008595988538682	True	True	0.0014605399024896868	0.001834135972292141	True	1.255793127709561	Rrna Processing In The Nucleus And Cytosol	False	False	False	True	True	True	3	internally robust, incomplete conventional support
spleen	R-MMU-8876198_RAB_GEFS_EXCHANGE_GTP_FOR_GDP_ON_RABS	0.03272458966361114	5	4	1	0.03272458966361114	5	4	1	-0.002136492996096562	5.0	1.0	4.0	-0.002136492996096562	5.0	1.0	4.0	0.9427933693769002	0.5594202898550724	0.6824594553703388	ENSMUSG00000024663;ENSMUSG00000001768;ENSMUSG00000038371	False	True	0.8	5	0.0			0.0327245896636111	0.004014807827777858	-0.06990582391944437	0.004014807827777858	-0.06990582391944437	0.0327245896636111	0.6790830945558739	True	False	0.019729231907697563	0.05524455939755106	True	2.800137362468573	Rab Gefs Exchange Gtp For Gdp On Rabs	False	False	True	True	False	True	3	sensitivity-dependent
spleen	R-MMU-5690714_CD22_MEDIATED_BCR_REGULATION	0.0037912801618666643	5	2	3	0.0037912801618666643	5	2	3	0.005734009088237919	5.0	2.0	3.0	0.005734009088237919	5.0	2.0	3.0	1.2869810250897256	0.08664259927797834	0.2548745205904118	ENSMUSG00000103254;ENSMUSG00000095612;ENSMUSG00000096452;ENSMUSG00000096326;ENSMUSG00000095285;ENSMUSG00000096078;ENSMUSG00000102364;ENSMUSG00000076666;ENSMUSG00000095200;ENSMUSG00000093838;ENSMUSG00000096577;ENSMUSG00000104452;ENSMUSG00000095429;ENSMUSG00000094502;ENSMUSG00000076670;ENSMUSG00000093896;ENSMUSG00000096150;ENSMUSG00000095442;ENSMUSG00000095416;ENSMUSG00000095210;ENSMUSG00000096499;ENSMUSG00000105606;ENSMUSG00000076695	True	True	0.2	5	0.0			0.00379128016186666	-0.009015211826444419	0.00522454400523884	0.00379128016186666	-0.009015211826444419	0.00522454400523884	0.39255014326647564	True	False	0.00019525278421648679	0.0017096551085823807	True	8.756111291538861	Cd22 Mediated Bcr Regulation	False	True	True	False	False	True	3	sensitivity-dependent
spleen	R-MMU-68882_MITOTIC_ANAPHASE	0.0055149510604916695	5	3	2	0.0055149510604916695	5	3	2	0.006452825500338826	5.0	3.0	2.0	0.006452825500338826	5.0	3.0	2.0	1.2937507233289665	0.10997442455242967	0.24989762339365137	ENSMUSG00000019942;ENSMUSG00000026605;ENSMUSG00000023940;ENSMUSG00000031756;ENSMUSG00000058290;ENSMUSG00000028063;ENSMUSG00000036223;ENSMUSG00000068101;ENSMUSG00000027115;ENSMUSG00000040084;ENSMUSG00000028678;ENSMUSG00000045328;ENSMUSG00000024791;ENSMUSG00000021714;ENSMUSG00000020897;ENSMUSG00000001403;ENSMUSG00000028896;ENSMUSG00000006398;ENSMUSG00000028614;ENSMUSG00000040549;ENSMUSG00000041431;ENSMUSG00000031262;ENSMUSG00000032218;ENSMUSG00000024660;ENSMUSG00000016255;ENSMUSG00000029414;ENSMUSG00000029910;ENSMUSG00000024056;ENSMUSG00000028873;ENSMUSG00000036752;ENSMUSG00000026039	True	True	0.4	5	0.0			0.00551495106049166	0.0034907294984833402	0.0011644945286388999	0.0034907294984833402	0.0011644945286388999	0.00551495106049166	0.4355300859598854	True	True	0.0004662099979775712	-0.00046424938690354996	False	0.9957945752289173	Mitotic Anaphase	False	True	True	False	True	False	3	sensitivity-dependent
spleen	R-MMU-9940951_INTERACTION_OF_NURD_COMPLEXES_WITH_TRANSCRIPTION_FACTORS	0.007945262040222214	5	3	2	0.007945262040222214	5	3	2	0.010738003837928223	5.0	3.0	2.0	0.010738003837928223	5.0	3.0	2.0	1.651898741184012	0.008871989860583017	0.06776005494364236	ENSMUSG00000081058;ENSMUSG00000069308;ENSMUSG00000063954;ENSMUSG00000075031;ENSMUSG00000069306;ENSMUSG00000071516;ENSMUSG00000071478;ENSMUSG00000069301;ENSMUSG00000069303;ENSMUSG00000074403;ENSMUSG00000069300;ENSMUSG00000061615;ENSMUSG00000069309;ENSMUSG00000094248;ENSMUSG00000062727;ENSMUSG00000005893;ENSMUSG00000071064;ENSMUSG00000069266;ENSMUSG00000069267;ENSMUSG00000078154;ENSMUSG00000049932;ENSMUSG00000018102;ENSMUSG00000094777;ENSMUSG00000069272;ENSMUSG00000099517;ENSMUSG00000018474;ENSMUSG00000069307	True	True	0.4	5	0.0			0.007945262040222178	0.0031576971521555404	0.00065176605761804	0.0031576971521555404	0.00065176605761804	0.007945262040222178	0.4813753581661891	True	True	0.0022625785956533534	-0.0029054030262858203	False	1.2841114257278836	Interaction Of Nurd Complexes With Transcription Factors	False	True	True	False	True	False	3	sensitivity-dependent
spleen	R-MMU-110330_RECOGNITION_AND_ASSOCIATION_OF_DNA_GLYCOSYLASE_WITH_SITE_CONTAINING_AN_AFFECTED_PURINE	0.0032070799520111113	5	3	2	0.0032070799520111104	5	3	2	0.010828524261815967	5.0	3.0	2.0	0.010828524261815967	5.0	3.0	2.0	1.542306364855825	0.029411764705882353	0.07604384788082391	ENSMUSG00000069308;ENSMUSG00000063954;ENSMUSG00000075031;ENSMUSG00000069306;ENSMUSG00000071516;ENSMUSG00000071478;ENSMUSG00000069301;ENSMUSG00000069303;ENSMUSG00000069300;ENSMUSG00000061615;ENSMUSG00000069309;ENSMUSG00000094248;ENSMUSG00000062727;ENSMUSG00000069266;ENSMUSG00000049932;ENSMUSG00000018102;ENSMUSG00000094777;ENSMUSG00000069272	True	True	0.6	5	0.0			0.00320707995201108	0.0031468485781944	-0.0003033630028152601	0.0031468485781944	-0.0003033630028152601	0.00320707995201108	0.36962750716332377	True	False	0.0013373481154073065	0.001411782011836325	True	1.0556578317728056	Recognition And Association Of Dna Glycosylase With Site Containing An Affected Purine	False	True	True	False	False	True	3	sensitivity-dependent
spleen	R-MMU-6811558_PI5P_PP2A_AND_IER3_REGULATE_PI3K_AKT_SIGNALING	0.002922675481544444	5	4	1	0.002922675481544444	5	4	1	-0.002583277019740171	5.0	2.0	3.0	-0.002583277019740171	5.0	2.0	3.0	0.8882045685116895	0.6358768406961178	0.7556553032459353	ENSMUSG00000031714;ENSMUSG00000024620;ENSMUSG00000041417;ENSMUSG00000038894;ENSMUSG00000026069;ENSMUSG00000005534;ENSMUSG00000110206	False	True	0.8	5	0.0			0.0029226754815444202	-0.06054851500555556	0.043827753244444476	0.0029226754815444202	-0.06054851500555556	0.043827753244444476	0.34097421203438394	True	False	0.0007373804302691585	0.0007137373305123692	True	0.9679363612238	Pi5P Pp2A And Ier3 Regulate Pi3K Akt Signaling	False	False	True	True	False	True	3	sensitivity-dependent
spleen	R-MMU-9769739_REGULATION_OF_CLOTTING_CASCADE	0.026945181408333352	5	3	2	0.026945181408333352	5	3	2	0.0015839101893890754	5.0	3.0	2.0	0.0015839101893890754	5.0	3.0	2.0	0.8536668213452295	0.6875	0.793444408125489	ENSMUSG00000031119;ENSMUSG00000041936;ENSMUSG00000034220;ENSMUSG00000037411;ENSMUSG00000048376;ENSMUSG00000074743;ENSMUSG00000020592;ENSMUSG00000026249	True	True	0.6	5	0.0			0.02694518140833334	0.00236781654569108	-0.0005471751323611134	0.00236781654569108	-0.0005471751323611134	0.02694518140833334	0.6303724928366762	True	False	0.01130576456720476	0.02721770405039423	True	2.40741825894253	Regulation Of Clotting Cascade	False	True	True	False	False	True	3	sensitivity-dependent
spleen	R-MMU-9937848_CHD_CHROMATIN_REMODELERS	0.05038013302066665	5	2	3	0.05038013302066665	5	2	3	0.010979586969889352	5.0	3.0	2.0	0.010979586969889352	5.0	3.0	2.0	1.702631219329706	0.00510204081632653	0.06560340155292392	ENSMUSG00000081058;ENSMUSG00000069308;ENSMUSG00000051149;ENSMUSG00000063954;ENSMUSG00000075031;ENSMUSG00000069306;ENSMUSG00000071516;ENSMUSG00000071478;ENSMUSG00000069301;ENSMUSG00000069303;ENSMUSG00000074403;ENSMUSG00000069300;ENSMUSG00000061615;ENSMUSG00000069309;ENSMUSG00000094248;ENSMUSG00000062727;ENSMUSG00000005893;ENSMUSG00000071064;ENSMUSG00000069266;ENSMUSG00000069267;ENSMUSG00000078154	True	True	0.2	5	0.0			0.05038013302066667	0.00194356643116666	-0.0017175746129222	0.00194356643116666	-0.0017175746129222	0.05038013302066667	0.7593123209169055	True	False	0.008693595769359382	0.004329157591368546	True	0.49797088641119963	Chd Chromatin Remodelers	False	True	True	False	False	True	3	sensitivity-dependent
spleen	R-MMU-168188_TOLL_LIKE_RECEPTOR_TLR6_TLR2_CASCADE	0.001739443399263889	5	3	2	0.001739443399263889	5	3	2	-0.005172059020192585	5.0	2.0	3.0	-0.005172059020192585	5.0	2.0	3.0	0.8237835597494797	0.7136690647482015	0.8123500977408236	ENSMUSG00000109061;ENSMUSG00000021250;ENSMUSG00000018932;ENSMUSG00000052684;ENSMUSG00000022892;ENSMUSG00000030107	False	True	0.6	5	0.0			0.00173944339926386	0.0043606523216554996	0.00014683528121668004	0.00173944339926386	0.00014683528121668004	0.0043606523216554996	0.2836676217765043	True	True	0.0008133223895704333	0.0007554282584761812	True	0.9288177334884022	Toll Like Receptor Tlr6 Tlr2 Cascade	False	False	True	False	True	True	3	sensitivity-dependent
spleen	R-MMU-2029481_FCGR_ACTIVATION	0.03941612365194447	5	2	3	0.03941612365194447	5	2	3	0.0051412349699950805	5.0	3.0	2.0	0.0051412349699950805	5.0	3.0	2.0	1.4272638295347015	0.03588516746411483	0.14429316987354884	ENSMUSG00000103254;ENSMUSG00000095612;ENSMUSG00000096452;ENSMUSG00000096326;ENSMUSG00000095285;ENSMUSG00000076615;ENSMUSG00000076614;ENSMUSG00000096078;ENSMUSG00000102364;ENSMUSG00000076666;ENSMUSG00000076612;ENSMUSG00000095200;ENSMUSG00000093838;ENSMUSG00000096577;ENSMUSG00000104452;ENSMUSG00000095429;ENSMUSG00000094502;ENSMUSG00000076670;ENSMUSG00000093896;ENSMUSG00000096150;ENSMUSG00000095442;ENSMUSG00000095416	True	True	0.2	5	0.2	0.0	1.0	0.03941612365194448	0.00162431662681666	-0.00396702202902222	0.00162431662681666	-0.00396702202902222	0.03941612365194448	0.7048710601719198	True	False	0.06704926599922516	0.0501523567052666	True	0.747992628373384	Fcgr Activation	False	True	True	False	False	True	3	sensitivity-dependent
spleen	R-MMU-202427_PHOSPHORYLATION_OF_CD3_AND_TCR_ZETA_CHAINS	-0.0024512845381111092	5	2	3	-0.0024512845381111092	5	2	3	-0.016267590322586168	5.0	2.0	3.0	-0.016267590322586168	5.0	2.0	3.0	-1.8091495567934086	0.00625	0.015932177905323343	ENSMUSG00000076490;ENSMUSG00000036594;ENSMUSG00000060586;ENSMUSG00000076498;ENSMUSG00000076928;ENSMUSG00000073421;ENSMUSG00000002033	True	True	0.6	5	0.0			-0.00245128453811112	0.00186751331066108	0.00153034022491668	0.00153034022491668	-0.00245128453811112	0.00186751331066108	0.30659025787965616	True	False	-0.001236591615551402	-0.002837452773123777	True	2.2945754584131994	Phosphorylation Of Cd3 And Tcr Zeta Chains	False	True	True	False	False	True	3	sensitivity-dependent
spleen	R-MMU-193704_P75_NTR_RECEPTOR_MEDIATED_SIGNALLING	0.01708720298222221	5	3	2	0.01708720298222221	5	3	2	0.006347287723532669	5.0	4.0	1.0	0.006347287723532669	5.0	4.0	1.0	1.3142511518447821	0.1285140562248996	0.22685375767398253	ENSMUSG00000061462;ENSMUSG00000059495;ENSMUSG00000022263;ENSMUSG00000041977;ENSMUSG00000000120;ENSMUSG00000027699;ENSMUSG00000009621;ENSMUSG00000027381;ENSMUSG00000066406;ENSMUSG00000039621;ENSMUSG00000017631	True	True	0.6	5	0.0			0.0170872029822222	-0.0014027493935555202	0.0010936335952092598	0.0010936335952092598	-0.0014027493935555202	0.0170872029822222	0.5816618911174785	True	False	0.01797440308029227	0.01596280534243548	True	0.8880854218707062	P75 Ntr Receptor Mediated Signalling	False	True	True	False	False	True	3	sensitivity-dependent
spleen	R-MMU-5620912_ANCHORING_OF_THE_BASAL_BODY_TO_THE_PLASMA_MEMBRANE	0.0007247717084722224	5	3	2	0.0007247717084722224	5	3	2	0.002791429532102485	5.0	2.0	3.0	0.002791429532102485	5.0	2.0	3.0	0.9612945197107636	0.5350500715307582	0.6545789837303322	ENSMUSG00000019942;ENSMUSG00000002997;ENSMUSG00000025758;ENSMUSG00000026622	True	True	0.4	5	0.0			0.0007247717084722198	0.0013841838990777402		0.00105447780377498	0.0007247717084722198	0.0013841838990777402	0.12893982808022922	False	False	0.001290693163847069	0.0013495708755642927	True	1.0456171252520867	Anchoring Of The Basal Body To The Plasma Membrane	False	True	True	False	False	True	3	sensitivity-dependent
spleen	R-MMU-9612973_AUTOPHAGY	0.011138809186111053	5	4	1	0.011138809186111053	5	4	1	-0.007256937332672564	5.0	1.0	4.0	-0.007256937332672564	5.0	1.0	4.0	-0.8887765278507416	0.6187290969899666	0.8059211552237932	ENSMUSG00000045136;ENSMUSG00000072235;ENSMUSG00000001473;ENSMUSG00000068240	False	False	0.8	5	0.0			0.011138809186111018	0.00099392248439444	0.0004009005830055334	0.00099392248439444	0.0004009005830055334	0.011138809186111018	0.5214899713467048	True	True	0.014832065725063718	0.01753109571538468	True	1.1819726287862957	Autophagy	False	False	False	True	True	True	3	internally robust, incomplete conventional support
spleen	R-MMU-9842860_REGULATION_OF_ENDOGENOUS_RETROELEMENTS	0.0008344094720988673	5	2	3	0.0008344094720988675	5	2	3	0.009748656804852509	5.0	3.0	2.0	0.009748656804852509	5.0	3.0	2.0	1.5471864804294564	0.018229166666666668	0.07908248524491424	ENSMUSG00000081058;ENSMUSG00000069308;ENSMUSG00000063954;ENSMUSG00000075031;ENSMUSG00000069306;ENSMUSG00000071516;ENSMUSG00000071478;ENSMUSG00000069301;ENSMUSG00000069303;ENSMUSG00000074403;ENSMUSG00000069300;ENSMUSG00000061615;ENSMUSG00000069309;ENSMUSG00000094248;ENSMUSG00000062727;ENSMUSG00000069266;ENSMUSG00000069267;ENSMUSG00000049932;ENSMUSG00000018102;ENSMUSG00000094777;ENSMUSG00000069272;ENSMUSG00000078903;ENSMUSG00000099517	True	True	0.2	5	0.0			0.00083440947209888	0.0573702160541666	-0.0012234397397889	0.00083440947209888	-0.0012234397397889	0.0573702160541666	0.16045845272206305	True	False	0.0006388305594089489	0.0006618612196252712	True	1.0360512813250988	Regulation Of Endogenous Retroelements	False	True	True	False	False	True	3	sensitivity-dependent
spleen	R-MMU-913709_O_LINKED_GLYCOSYLATION_OF_MUCINS	0.0008027974416666472	5	3	2	0.0008027974416666472	5	3	2	-0.0029705376110977545	5.0	1.0	4.0	-0.0029705376110977545	5.0	1.0	4.0	0.8627350778243736	0.6501457725947521	0.7834141220603058	ENSMUSG00000109564;ENSMUSG00000031749;ENSMUSG00000020520;ENSMUSG00000013846	False	True	0.0	5	0.0			0.0008027974416666195	0.0004981778633333201	0.0034190684499999986	0.0008027974416666195	0.0004981778633333201	0.0034190684499999986	0.1518624641833811	True	True	0.02799723440441802	0.013483085342452355	True	0.48158632912416155	O Linked Glycosylation Of Mucins	False	False	True	False	True	True	3	sensitivity-dependent
spleen	R-MMU-3214841_PKMTS_METHYLATE_HISTONE_LYSINES	0.0007934091829677779	5	3	2	0.0007934091829677779	5	3	2	0.01046114493451943	5.0	3.0	2.0	0.01046114493451943	5.0	3.0	2.0	1.1340402939106677	0.29986431478968795	0.4317965543454271	ENSMUSG00000081058;ENSMUSG00000069306;ENSMUSG00000074403;ENSMUSG00000038384;ENSMUSG00000069266;ENSMUSG00000069267;ENSMUSG00000048154;ENSMUSG00000026603;ENSMUSG00000099517;ENSMUSG00000002028;ENSMUSG00000057406;ENSMUSG00000028053;ENSMUSG00000069274;ENSMUSG00000069310;ENSMUSG00000030213;ENSMUSG00000060093;ENSMUSG00000029687	True	True	0.4	5	0.0			0.0007934091829677799	0.00138156763563886	0.00033239467434996	0.0007934091829677799	0.00033239467434996	0.00138156763563886	0.1489971346704871	True	True	-0.00013552961555011073	6.474105187903223e-05	False	0.4776893346612857	Pkmts Methylate Histone Lysines	False	True	True	False	True	False	3	sensitivity-dependent
spleen	R-MMU-73927_DEPURINATION	0.0007753454650586668	5	3	2	0.0007753454650586668	5	3	2	0.010828524261815967	5.0	3.0	2.0	0.010828524261815967	5.0	3.0	2.0	1.542306364855825	0.029411764705882353	0.07604384788082391	ENSMUSG00000069308;ENSMUSG00000063954;ENSMUSG00000075031;ENSMUSG00000069306;ENSMUSG00000071516;ENSMUSG00000071478;ENSMUSG00000069301;ENSMUSG00000069303;ENSMUSG00000069300;ENSMUSG00000061615;ENSMUSG00000069309;ENSMUSG00000094248;ENSMUSG00000062727;ENSMUSG00000069266;ENSMUSG00000049932;ENSMUSG00000018102;ENSMUSG00000094777;ENSMUSG00000069272	True	True	0.6	5	0.0			0.00077534546505866	0.00546395810320552	0.0005175164216588999	0.00077534546505866	0.0005175164216588999	0.00546395810320552	0.14326647564469913	True	True	0.001045068578108982	-4.64487430178202e-06	False	0.0044445641167269335	Depurination	False	True	True	False	True	False	3	sensitivity-dependent
spleen	R-MMU-1433557_SIGNALING_BY_SCF_KIT	-0.0016859510720777775	5	1	4	-0.0016859510720777775	5	1	4	-0.0036875634111290245	5.0	0.0	5.0	-0.0036875634111290245	5.0	0.0	5.0	0.6065035134053973	0.9469153515064562	0.987434630629257	ENSMUSG00000020176;ENSMUSG00000041417	True	False	0.8	5	0.0			-0.0016859510720777598	0.0005709990839444401	0.00214986810138886	0.0005709990839444401	-0.0016859510720777598	0.00214986810138886	0.27793696275071633	True	False	-0.001152088519073577	-0.0012762343630302049	True	1.1077572095384274	Signaling By Scf Kit	False	True	False	True	False	True	3	sensitivity-dependent
spleen	R-MMU-975871_MYD88_CASCADE_INITIATED_ON_PLASMA_MEMBRANE	0.0005550925700166664	5	4	1	0.0005550925700166664	5	4	1	-0.005172059020192585	5.0	2.0	3.0	-0.005172059020192585	5.0	2.0	3.0	0.8237835597494797	0.7136690647482015	0.8123500977408236	ENSMUSG00000109061;ENSMUSG00000021250;ENSMUSG00000018932;ENSMUSG00000052684;ENSMUSG00000022892;ENSMUSG00000030107	False	True	0.8	5	0.0			0.00055509257001664	0.00296687946116662	-0.00095228859044994	0.00055509257001664	-0.00095228859044994	0.00296687946116662	0.10028653295128939	True	False	0.0004375825564156332	0.0003452818947164329	True	0.7890668621362286	Myd88 Cascade Initiated On Plasma Membrane	False	False	True	True	False	True	3	sensitivity-dependent
spleen	R-MMU-9841922_MLL4_AND_MLL3_COMPLEXES_REGULATE_EXPRESSION_OF_PPARG_TARGET_GENES_IN_ADIPOGENESIS_AND_HEPATIC_STEATOSIS	0.008966674964733332	5	3	2	0.008966674964733332	5	3	2	0.012149595075993246	5.0	4.0	1.0	0.012149595075993246	5.0	4.0	1.0	1.5889417401865378	0.01532567049808429	0.0760084325269301	ENSMUSG00000081058;ENSMUSG00000069308;ENSMUSG00000063954;ENSMUSG00000075031;ENSMUSG00000069306;ENSMUSG00000071516;ENSMUSG00000071478;ENSMUSG00000069301;ENSMUSG00000069303;ENSMUSG00000074403;ENSMUSG00000069300;ENSMUSG00000061615;ENSMUSG00000069309;ENSMUSG00000094248;ENSMUSG00000062727;ENSMUSG00000015846;ENSMUSG00000069266;ENSMUSG00000069267;ENSMUSG00000049932;ENSMUSG00000018102;ENSMUSG00000094777;ENSMUSG00000069272;ENSMUSG00000099517;ENSMUSG00000029478;ENSMUSG00000069307	True	True	0.6	5	0.0			0.00896667496473332	-0.00127986580724444	0.00055435910759998	0.00055435910759998	-0.00127986580724444	0.00896667496473332	0.49570200573065903	True	False	0.002547727326830925	0.002166959546298637	True	0.8505461018052044	Mll4 And Mll3 Complexes Regulate Expression Of Pparg Target Genes In Adipogenesis And Hepatic Steatosis	False	True	True	False	False	True	3	sensitivity-dependent
spleen	R-MMU-512988_INTERLEUKIN_3_INTERLEUKIN_5_AND_GM_CSF_SIGNALING	-0.002934819400711112	5	2	3	-0.002934819400711112	5	2	3	-0.002551584655057748	5.0	3.0	2.0	-0.002551584655057748	5.0	3.0	2.0	-1.3488886285474175	0.12956810631229235	0.17240998413457612	ENSMUSG00000018916;ENSMUSG00000005364;ENSMUSG00000027720;ENSMUSG00000068240	True	True	0.4	5	0.0			-0.0029348194007111	0.00054025992938886	0.00163745112933328	0.00054025992938886	-0.0029348194007111	0.00163745112933328	0.3467048710601719	True	False	-0.0008070672893872564	-0.0010807092606655423	True	1.3390571949533985	Interleukin 3 Interleukin 5 And Gm Csf Signaling	False	True	True	False	False	True	3	sensitivity-dependent
spleen	R-MMU-3371497_HSP90_CHAPERONE_CYCLE_FOR_STEROID_HORMONE_RECEPTORS_SHR_IN_THE_PRESENCE_OF_LIGAND	-0.003189856165722221	5	1	4	-0.003189856165722221	5	1	4	-0.0038523680110638366	5.0	2.0	3.0	-0.0038523680110638366	5.0	2.0	3.0	1.049383774230193	0.40796703296703296	0.542629438617856	ENSMUSG00000091971;ENSMUSG00000090877;ENSMUSG00000024222;ENSMUSG00000032285	True	False	0.8	5	0.0			-0.0031898561657222	0.00155444734685556	0.00047802550273461997	0.00047802550273461997	-0.0031898561657222	0.00155444734685556	0.3667621776504298	True	False	-0.0014241227091133387	-0.0013119684124244166	True	0.921246746525972	Hsp90 Chaperone Cycle For Steroid Hormone Receptors Shr In The Presence Of Ligand	False	True	False	True	False	True	3	sensitivity-dependent
spleen	R-MMU-6806667_METABOLISM_OF_FAT_SOLUBLE_VITAMINS	0.0012572991193738892	5	3	2	0.0012572991193738892	5	3	2	0.0029068725160358564	5.0	3.0	2.0	0.0029068725160358564	5.0	3.0	2.0	1.1106631245245655	0.3230769230769231	0.463412455606198	ENSMUSG00000031119;ENSMUSG00000041936;ENSMUSG00000034220;ENSMUSG00000040249;ENSMUSG00000020592;ENSMUSG00000029134;ENSMUSG00000015568;ENSMUSG00000002985	True	True	0.6	5	0.0			0.00125729911937388	-0.00031715910131114016		0.00047007000903136995	-0.00031715910131114016	0.00125729911937388	0.2349570200573066	False	False	0.0008328177696786546	0.0013345396916619506	True	1.6024390211761297	Metabolism Of Fat Soluble Vitamins	False	True	True	False	False	True	3	sensitivity-dependent
spleen	R-MMU-3214842_HDMS_DEMETHYLATE_HISTONES	0.001155026830572222	5	3	2	0.001155026830572222	5	3	2	0.011682198458231128	5.0	4.0	1.0	0.011682198458231128	5.0	4.0	1.0	1.0229967731689125	0.4606741573033708	0.5806086082657862	ENSMUSG00000081058;ENSMUSG00000069306;ENSMUSG00000074403;ENSMUSG00000069266;ENSMUSG00000069267;ENSMUSG00000018476;ENSMUSG00000042599;ENSMUSG00000099517;ENSMUSG00000019947	True	True	0.4	5	0.0			0.00115502683057222	0.00035451967992223995	8.33119079994111e-05	0.00035451967992223995	8.33119079994111e-05	0.00115502683057222	0.22063037249283668	True	True	-0.00010699156032557352	0.0001301230306928693	False	1.2161990188469738	Hdms Demethylate Histones	False	True	True	False	True	False	3	sensitivity-dependent
spleen	R-MMU-166166_MYD88_INDEPENDENT_TLR4_CASCADE	0.000325703600250001	5	3	2	0.000325703600250001	5	3	2	-0.0020589836983439884	5.0	2.0	3.0	-0.0020589836983439884	5.0	2.0	3.0	0.9639331080531589	0.5356643356643357	0.6519290540551821	ENSMUSG00000109061;ENSMUSG00000021250;ENSMUSG00000026672;ENSMUSG00000018932;ENSMUSG00000051439;ENSMUSG00000052684;ENSMUSG00000022892;ENSMUSG00000030107;ENSMUSG00000025498;ENSMUSG00000019960;ENSMUSG00000046688;ENSMUSG00000031652;ENSMUSG00000039005	False	True	0.2	5	0.0			0.0003257036002499799	5.0264141444440137e-05	0.00179293142469444	0.0003257036002499799	5.0264141444440137e-05	0.00179293142469444	0.05157593123209169	True	True	0.0004295131509600676	0.00033529725879735174	True	0.7806449186663548	Myd88 Independent Tlr4 Cascade	False	False	True	False	True	True	3	sensitivity-dependent
spleen	R-MMU-6804756_REGULATION_OF_TP53_ACTIVITY_THROUGH_PHOSPHORYLATION	0.00032458452322777816	5	2	3	0.00032458452322777816	5	2	3	0.008698875559154152	5.0	2.0	3.0	0.008698875559154154	5.0	2.0	3.0	1.2255169871663358	0.20166898470097358	0.3135195451551318	ENSMUSG00000061436;ENSMUSG00000017146;ENSMUSG00000030528;ENSMUSG00000027469;ENSMUSG00000039748;ENSMUSG00000020897;ENSMUSG00000026196;ENSMUSG00000034218;ENSMUSG00000028680;ENSMUSG00000027715;ENSMUSG00000027496;ENSMUSG00000054387	True	True	0.2	5	0.0			0.00032458452322776	0.0019057120476444402	0.00029408551000554	0.00032458452322776	0.00029408551000554	0.0019057120476444402	0.04871060171919771	True	True	-0.00023937678047986397	1.010275829659516e-05	False	0.04220442048031049	Regulation Of Tp53 Activity Through Phosphorylation	False	True	True	False	True	False	3	sensitivity-dependent
spleen	R-MMU-6791312_TP53_REGULATES_TRANSCRIPTION_OF_CELL_CYCLE_GENES	0.0004289582865000004	5	3	2	0.0004289582865000004	5	3	2	0.01703536452476013	5.0	3.0	2.0	0.01703536452476013	5.0	3.0	2.0	1.5539395693633886	0.03513513513513514	0.08092204276259253	ENSMUSG00000019942;ENSMUSG00000021701;ENSMUSG00000020185;ENSMUSG00000046179;ENSMUSG00000002068;ENSMUSG00000023067;ENSMUSG00000044201;ENSMUSG00000041431;ENSMUSG00000028680;ENSMUSG00000027342;ENSMUSG00000027715;ENSMUSG00000003031;ENSMUSG00000020423;ENSMUSG00000027496	True	True	0.4	5	0.0			0.00042895828650000006		0.00020756896692223996	0.00031826362671112	0.00020756896692223996	0.00042895828650000006	0.07449856733524356	False	False	0.00011085846708853009	0.00037666550692106376	True	3.397715274380113	Tp53 Regulates Transcription Of Cell Cycle Genes	False	True	True	False	False	True	3	sensitivity-dependent
spleen	R-MMU-937061_TRIF_TICAM1_MEDIATED_TLR4_SIGNALING	-0.0010867261045844443	5	1	4	-0.0010867261045844443	5	1	4	-0.0020589836983439884	5.0	2.0	3.0	-0.0020589836983439884	5.0	2.0	3.0	0.9639331080531589	0.5356643356643357	0.6519290540551821	ENSMUSG00000109061;ENSMUSG00000021250;ENSMUSG00000026672;ENSMUSG00000018932;ENSMUSG00000051439;ENSMUSG00000052684;ENSMUSG00000022892;ENSMUSG00000030107;ENSMUSG00000025498;ENSMUSG00000019960;ENSMUSG00000046688;ENSMUSG00000031652;ENSMUSG00000039005	True	False	0.8	5	0.0			-0.00108672610458442	0.00029820072391664016	0.0007355481429360799	0.00029820072391664016	-0.00108672610458442	0.0007355481429360799	0.19484240687679083	True	False	-0.0016147712700871034	-0.0016932092445161783	True	1.0485752848605263	Trif Ticam1 Mediated Tlr4 Signaling	False	True	False	True	False	True	3	sensitivity-dependent
spleen	R-MMU-202430_TRANSLOCATION_OF_ZAP_70_TO_IMMUNOLOGICAL_SYNAPSE	-0.0007498761924624999	5	2	3	-0.0007498761924624998	5	2	3	-0.01910442752788105	5.0	2.0	3.0	-0.01910442752788105	5.0	2.0	3.0	-1.9462734501913082	0.0030864197530864196	0.005408243020963358	ENSMUSG00000076490;ENSMUSG00000036594;ENSMUSG00000060586;ENSMUSG00000076498;ENSMUSG00000076928;ENSMUSG00000073421;ENSMUSG00000002033	True	True	0.6	5	0.0			-0.00074987619246248		0.0012143855678688601	0.00023225468770319006	-0.00074987619246248	0.0012143855678688601	0.14040114613180515	False	False	-0.0009534366175109604	-0.0009380419494451962	True	0.9838534960971465	Translocation Of Zap 70 To Immunological Synapse	False	True	True	False	False	True	3	sensitivity-dependent
spleen	R-MMU-9696273_RND1_GTPASE_CYCLE	0.0007252067876000007	5	3	2	0.0007252067876000007	5	3	2	0.007581183546275958	5.0	3.0	2.0	0.007581183546275958	5.0	3.0	2.0	1.6703820155020297	0.009900990099009901	0.06409706850063984	ENSMUSG00000021782;ENSMUSG00000041498;ENSMUSG00000030084;ENSMUSG00000034573;ENSMUSG00000021697;ENSMUSG00000022797;ENSMUSG00000041417;ENSMUSG00000026131;ENSMUSG00000006445;ENSMUSG00000020841;ENSMUSG00000054889;ENSMUSG00000026991	True	True	0.6	5	0.0			0.0007252067876000199	0.00020717165707221508	-2.4293309477760028e-05	0.00020717165707221508	-2.4293309477760028e-05	0.0007252067876000199	0.1318051575931232	True	False	0.0002579596389840616	0.00043823486124649043	True	1.6988504983664028	Rnd1 Gtpase Cycle	False	True	True	False	False	True	3	sensitivity-dependent
spleen	R-MMU-168179_TOLL_LIKE_RECEPTOR_TLR1_TLR2_CASCADE	0.0032945297627000004	5	5	0	0.0032945297627000004	5	5	0	-0.005172059020192585	5.0	2.0	3.0	-0.005172059020192585	5.0	2.0	3.0	0.8237835597494797	0.7136690647482015	0.8123500977408236	ENSMUSG00000109061;ENSMUSG00000021250;ENSMUSG00000018932;ENSMUSG00000052684;ENSMUSG00000022892;ENSMUSG00000030107	False	True	1.0	5	0.0			0.0032945297626999796	-0.00142498716161106	-8.775420107442005e-05	-8.775420107442005e-05	-0.00142498716161106	0.0032945297626999796	0.37249283667621774	True	False	0.002601567300926083	0.0024346949659623048	True	0.9358569986237233	Toll Like Receptor Tlr1 Tlr2 Cascade	False	False	True	True	False	True	3	sensitivity-dependent
spleen	R-MMU-166663_INITIAL_TRIGGERING_OF_COMPLEMENT	0.0011248128162999998	5	1	4	0.0011248128163	5	1	4	0.006272065811819977	5.0	4.0	1.0	0.006272065811819977	5.0	4.0	1.0	1.3928505360418606	0.0295159386068477	0.16337015766142354	ENSMUSG00000103254;ENSMUSG00000095612;ENSMUSG00000096452;ENSMUSG00000096326;ENSMUSG00000095285;ENSMUSG00000076615;ENSMUSG00000076614;ENSMUSG00000096078;ENSMUSG00000102364;ENSMUSG00000076666;ENSMUSG00000076612;ENSMUSG00000095200;ENSMUSG00000093838;ENSMUSG00000096577;ENSMUSG00000104452;ENSMUSG00000073418;ENSMUSG00000095429;ENSMUSG00000094502;ENSMUSG00000076670;ENSMUSG00000093896;ENSMUSG00000096150;ENSMUSG00000095442;ENSMUSG00000095416;ENSMUSG00000095210;ENSMUSG00000096499;ENSMUSG00000024164;ENSMUSG00000105606;ENSMUSG00000076695	True	True	0.0	5	0.0			0.0011248128163000198	-0.0001018468245833598	-0.018293592594166658	-0.0001018468245833598	-0.018293592594166658	0.0011248128163000198	0.20916905444126074	True	False	-0.0019555228482559034	-0.002014969300637409	True	1.0303992624962297	Initial Triggering Of Complement	False	True	True	False	False	True	3	sensitivity-dependent
spleen	R-MMU-8854518_AURKA_ACTIVATION_BY_TPX2	0.00018398155248611076	5	3	2	0.00018398155248611076	5	3	2	0.008286896513586528	5.0	3.0	2.0	0.008286896513586528	5.0	3.0	2.0	1.1931527448702455	0.24324324324324326	0.34657247379859113	ENSMUSG00000019942;ENSMUSG00000002997;ENSMUSG00000027469;ENSMUSG00000025758;ENSMUSG00000020330;ENSMUSG00000026622	True	True	0.4	5	0.0			0.00018398155248605972	-0.00059769427002496	-0.00012009720987114	-0.00012009720987114	-0.00059769427002496	0.00018398155248605972	0.03151862464183381	True	False	-8.560349110280388e-05	-0.00015592681910078747	True	1.8215007015722073	Aurka Activation By Tpx2	False	True	True	False	False	True	3	sensitivity-dependent
spleen	R-MMU-5685942_HDR_THROUGH_HOMOLOGOUS_RECOMBINATION_HRR	0.002803412325566667	5	3	2	0.002803412325566667	5	3	2	0.009339633080653694	5.0	2.0	3.0	0.009339633080653694	5.0	2.0	3.0	1.4575200260510628	0.05730659025787966	0.12269622113936218	ENSMUSG00000017146;ENSMUSG00000041147;ENSMUSG00000027323;ENSMUSG00000030528;ENSMUSG00000035455;ENSMUSG00000007080;ENSMUSG00000039748;ENSMUSG00000030346;ENSMUSG00000026196;ENSMUSG00000034218	True	True	0.6	5	0.0			0.00280341232556666	-0.0008724089087291598	-0.00013589891743888	-0.00013589891743888	-0.0008724089087291598	0.00280341232556666	0.335243553008596	True	False	0.002795797176886321	0.003647548253109314	True	1.3046541012576556	Hdr Through Homologous Recombination Hrr	False	True	True	False	False	True	3	sensitivity-dependent
spleen	R-MMU-9013406_RHOQ_GTPASE_CYCLE	0.0006249275998338889	5	3	2	0.0006249275998338889	5	3	2	0.007419343976634752	5.0	2.0	3.0	0.007419343976634752	5.0	2.0	3.0	1.420507939232816	0.06224066390041494	0.14767410936403252	ENSMUSG00000061462;ENSMUSG00000026880;ENSMUSG00000021279;ENSMUSG00000021697;ENSMUSG00000022797	True	True	0.6	5	0.0			0.00062492759983386	-0.0007604361138777601	-0.00016913035669023998	-0.00016913035669023998	-0.0007604361138777601	0.00062492759983386	0.1174785100286533	True	False	0.0007563641426275958	0.0007083829176239158	True	0.9365633267106053	Rhoq Gtpase Cycle	False	True	True	False	False	True	3	sensitivity-dependent
spleen	R-MMU-168176_TOLL_LIKE_RECEPTOR_5_TLR5_CASCADE	-0.0027557068320822214	5	1	4	-0.0027557068320822214	5	1	4	-0.005172059020192585	5.0	2.0	3.0	-0.005172059020192585	5.0	2.0	3.0	0.8237835597494797	0.7136690647482015	0.8123500977408236	ENSMUSG00000109061;ENSMUSG00000021250;ENSMUSG00000018932;ENSMUSG00000052684;ENSMUSG00000022892;ENSMUSG00000030107	True	False	0.8	5	0.0			-0.0027557068320822	0.0016345997590444	-0.0002615388772806	-0.0002615388772806	-0.0027557068320822	0.0016345997590444	0.32951289398280803	True	False	-0.003534960067572339	-0.00306691830550339	True	0.8675963085516889	Toll Like Receptor 5 Tlr5 Cascade	False	True	False	True	False	True	3	sensitivity-dependent
spleen	R-MMU-9013148_CDC42_GTPASE_CYCLE	0.000521864448027777	5	4	1	0.000521864448027777	5	4	1	0.008033238526371176	5.0	3.0	2.0	0.008033238526371176	5.0	3.0	2.0	1.523518224593657	0.0214190093708166	0.08674044909716147	ENSMUSG00000053199;ENSMUSG00000059495;ENSMUSG00000025555;ENSMUSG00000073433;ENSMUSG00000021697;ENSMUSG00000022799;ENSMUSG00000022263;ENSMUSG00000041417;ENSMUSG00000041977;ENSMUSG00000024451;ENSMUSG00000021990;ENSMUSG00000027699;ENSMUSG00000039831;ENSMUSG00000052609;ENSMUSG00000028556;ENSMUSG00000023015;ENSMUSG00000009621;ENSMUSG00000039621;ENSMUSG00000017631	True	True	0.2	5	0.0			0.0005218644480277602	-0.0021822927408610996	-0.00030949874563887373	-0.00030949874563887373	-0.0021822927408610996	0.0005218644480277602	0.09455587392550144	True	False	0.002634251215775702	0.003045802848496984	True	1.1562309738177696	Cdc42 Gtpase Cycle	False	True	True	False	False	True	3	sensitivity-dependent
spleen	R-MMU-3214858_RMTS_METHYLATE_HISTONE_ARGININES	-0.0068516465842722255	5	1	4	-0.0068516465842722255	5	1	4	0.007339331483005559	5.0	2.0	3.0	0.007339331483005559	5.0	2.0	3.0	1.4034979511148462	0.06702412868632708	0.15716424305870014	ENSMUSG00000081058;ENSMUSG00000063954;ENSMUSG00000069306;ENSMUSG00000071516;ENSMUSG00000071478;ENSMUSG00000069301;ENSMUSG00000074403;ENSMUSG00000061615;ENSMUSG00000069309;ENSMUSG00000094248;ENSMUSG00000078851;ENSMUSG00000069266;ENSMUSG00000069267	False	False	0.8	5	0.0			-0.0068516465842722	-0.0002091646514250002	-0.0003821900681855599	-0.0003821900681855599	-0.0068516465842722	-0.0002091646514250002	0.4670487106017192	True	True	-0.005269407954238235	-0.005111328567349811	True	0.970000541187691	Rmts Methylate Histone Arginines	False	False	False	True	True	True	3	internally robust, incomplete conventional support
spleen	R-MMU-5628897_TP53_REGULATES_METABOLIC_GENES	-0.0005429679980555556	5	2	3	-0.0005429679980555556	5	2	3	-0.002723731653691852	5.0	2.0	3.0	-0.002723731653691852	5.0	2.0	3.0	-1.4390339430065413	0.07692307692307693	0.11048945610371631	ENSMUSG00000030785;ENSMUSG00000064354;ENSMUSG00000064358;ENSMUSG00000058927	True	True	0.2	5	0.0			-0.0005429679980555401	-0.0013433574705555397	7.928503417223999e-05	-0.0005429679980555401	-0.0013433574705555397	7.928503417223999e-05	0.09742120343839542	True	False	0.0012569858946093462	0.001667457097000732	True	1.3265519558745362	Tp53 Regulates Metabolic Genes	False	True	True	False	False	True	3	sensitivity-dependent
spleen	R-MMU-9764725_NEGATIVE_REGULATION_OF_CDH1_GENE_TRANSCRIPTION	0.005168227298299999	5	2	3	0.0051682272983	5	2	3	0.01215671654613584	5.0	3.0	2.0	0.01215671654613584	5.0	3.0	2.0	1.570606435546903	0.02204928664072633	0.08060959530481601	ENSMUSG00000081058;ENSMUSG00000069308;ENSMUSG00000063954;ENSMUSG00000075031;ENSMUSG00000069306;ENSMUSG00000071516;ENSMUSG00000071478;ENSMUSG00000069301;ENSMUSG00000069303;ENSMUSG00000074403;ENSMUSG00000069300;ENSMUSG00000061615;ENSMUSG00000069309;ENSMUSG00000094248;ENSMUSG00000062727;ENSMUSG00000069266;ENSMUSG00000069267;ENSMUSG00000049932;ENSMUSG00000018102;ENSMUSG00000094777;ENSMUSG00000069272;ENSMUSG00000099517	True	True	0.2	5	0.0			0.005168227298300026	-0.020249534950000002	-0.00064730711126334	-0.00064730711126334	-0.020249534950000002	0.005168227298300026	0.42406876790830944	True	False	0.0004874333263547987	0.00019459932378243605	True	0.3992327017065485	Negative Regulation Of Cdh1 Gene Transcription	False	True	True	False	False	True	3	sensitivity-dependent
spleen	R-MMU-68875_MITOTIC_PROPHASE	-0.0014281001189333329	5	1	4	-0.0014281001189333329	5	1	4	0.0156563157941434	5.0	3.0	2.0	0.0156563157941434	5.0	3.0	2.0	1.6408610095544283	0.002509410288582183	0.07082073902137145	ENSMUSG00000081058;ENSMUSG00000069308;ENSMUSG00000063954;ENSMUSG00000019942;ENSMUSG00000075031;ENSMUSG00000069306;ENSMUSG00000071516;ENSMUSG00000071478;ENSMUSG00000069301;ENSMUSG00000069303;ENSMUSG00000042029;ENSMUSG00000074403;ENSMUSG00000069300;ENSMUSG00000061615;ENSMUSG00000028063;ENSMUSG00000069309;ENSMUSG00000094248;ENSMUSG00000028312;ENSMUSG00000062727;ENSMUSG00000069266;ENSMUSG00000069267;ENSMUSG00000049932;ENSMUSG00000018102;ENSMUSG00000028614;ENSMUSG00000094777;ENSMUSG00000069272;ENSMUSG00000099517;ENSMUSG00000041431	False	False	0.8	5	0.0			-0.0014281001189333	-0.0006678029556860999	-0.00053956041195276	-0.0006678029556860999	-0.0014281001189333	-0.00053956041195276	0.25501432664756446	True	True	-0.0011962376004856412	-0.0007376797984524759	True	0.6166666205384258	Mitotic Prophase	False	False	False	True	True	True	3	internally robust, incomplete conventional support
spleen	R-MMU-975155_MYD88_DEPENDENT_CASCADE_INITIATED_ON_ENDOSOME	0.0014252078408333337	5	4	1	0.0014252078408333337	5	4	1	-0.003698499703064509	5.0	2.0	3.0	-0.003698499703064509	5.0	2.0	3.0	0.8908496321238232	0.6454802259887006	0.7537293386130965	ENSMUSG00000109061;ENSMUSG00000021250;ENSMUSG00000018932;ENSMUSG00000051439;ENSMUSG00000052684;ENSMUSG00000022892;ENSMUSG00000030107;ENSMUSG00000025498;ENSMUSG00000019960;ENSMUSG00000046688;ENSMUSG00000031652;ENSMUSG00000039005	False	True	0.8	5	0.0			0.00142520784083332	-0.00143229592327774	-0.00068802521600556	-0.00068802521600556	-0.00143229592327774	0.00142520784083332	0.2521489971346705	True	False	0.0012128745451656761	0.0015137111133734767	True	1.2480360144475675	Myd88 Dependent Cascade Initiated On Endosome	False	False	True	True	False	True	3	sensitivity-dependent
spleen	R-MMU-199977_ER_TO_GOLGI_ANTEROGRADE_TRANSPORT	-0.0007076225186233334	5	0	5	-0.0007076225186233334	5	0	5	0.004331919570970994	5.0	2.0	3.0	0.004331919570970994	5.0	2.0	3.0	-0.9019746808667946	0.5494505494505495	0.8080569149742846	ENSMUSG00000045136;ENSMUSG00000072235;ENSMUSG00000001473;ENSMUSG00000029378;ENSMUSG00000026399	False	True	1.0	5	0.0			-0.0007076225186233	-0.0012275419180278	3.4326793854400005e-05	-0.0007076225186233	-0.0012275419180278	3.4326793854400005e-05	0.12607449856733524	True	False	-0.0006310336043751233	-0.00070432647946906	True	1.116147340784671	Er To Golgi Anterograde Transport	False	False	True	True	False	True	3	sensitivity-dependent
spleen	R-MMU-69231_CYCLIN_D_ASSOCIATED_EVENTS_IN_G1	-0.002542650322055554	5	1	4	-0.002542650322055554	5	1	4	0.0036877739894852933	5.0	3.0	2.0	0.0036877739894852933	5.0	3.0	2.0	1.101822863780361	0.34265734265734266	0.4718909107721038	ENSMUSG00000018983;ENSMUSG00000002068;ENSMUSG00000027490;ENSMUSG00000023067;ENSMUSG00000038482;ENSMUSG00000000184;ENSMUSG00000003031;ENSMUSG00000040274;ENSMUSG00000034165;ENSMUSG00000031666	False	False	0.8	5	0.0			-0.0025426503220555203	-0.0008149342126277401	-0.0004357647230829001	-0.0008149342126277401	-0.0025426503220555203	-0.0004357647230829001	0.31805157593123207	True	True	-0.0031452726254579465	-0.004134843670843235	True	1.314621707948515	Cyclin D Associated Events In G1	False	False	False	True	True	True	3	internally robust, incomplete conventional support
spleen	R-MMU-168181_TOLL_LIKE_RECEPTOR_7_8_TLR7_8_CASCADE	-0.0003750185299166666	5	3	2	-0.00037501852991666667	5	3	2	-0.005110686608871079	5.0	1.0	4.0	-0.005110686608871079	5.0	1.0	4.0	0.8221505708204128	0.7437325905292479	0.8119267369132398	ENSMUSG00000109061;ENSMUSG00000021250;ENSMUSG00000018932;ENSMUSG00000051439;ENSMUSG00000052684;ENSMUSG00000022892;ENSMUSG00000030107;ENSMUSG00000025498;ENSMUSG00000019960;ENSMUSG00000046688;ENSMUSG00000031652;ENSMUSG00000039005	True	False	0.2	5	0.0			-0.00037501852991667995	-0.0036870586730000003	-0.00094003006853054	-0.00094003006853054	-0.0036870586730000003	-0.00037501852991667995	0.05730659025787966	True	True	-0.0009309146420390828	-0.0003316762949295214	True	0.3562907703363812	Toll Like Receptor 7 8 Tlr7 8 Cascade	False	True	False	False	True	True	3	sensitivity-dependent
spleen	R-MMU-5368287_MITOCHONDRIAL_TRANSLATION	-0.003703182263722951	5	4	1	-0.003703182263722951	5	4	1	-0.008151892392191096	5.0	1.0	4.0	-0.008151892392191096	5.0	1.0	4.0	-2.380022443392826	0.0	0.00014232218476219362	ENSMUSG00000064368;ENSMUSG00000064354;ENSMUSG00000064358;ENSMUSG00000064345;ENSMUSG00000064370;ENSMUSG00000064341;ENSMUSG00000064360;ENSMUSG00000064363;ENSMUSG00000064367;ENSMUSG00000064351	True	True	0.0	5	0.0			-0.0037031822637229998		0.0007626443364444801	-0.0014702689636392598	-0.0037031822637229998	0.0007626443364444801	0.38968481375358166	False	False	0.00257725990977223	0.002858182474127247	True	1.1090004788767478	Mitochondrial Translation	False	True	True	False	False	True	3	sensitivity-dependent
spleen	R-MMU-168138_TOLL_LIKE_RECEPTOR_9_TLR9_CASCADE	-0.0026937506555	5	2	3	-0.0026937506555	5	2	3	-0.002804412748826893	5.0	1.0	4.0	-0.002804412748826893	5.0	1.0	4.0	0.9741187370252171	0.5076708507670851	0.637482095571087	ENSMUSG00000109061;ENSMUSG00000045322;ENSMUSG00000021250;ENSMUSG00000018932;ENSMUSG00000051439;ENSMUSG00000052684;ENSMUSG00000022892;ENSMUSG00000036499;ENSMUSG00000030107	True	False	0.6	5	0.0			-0.0026937506554999997	-0.0018817965262833201	-0.0007516705942333002	-0.0018817965262833201	-0.0026937506554999997	-0.0007516705942333002	0.32664756446991405	True	True	-0.0015117345380377234	-0.0010152522876913104	True	0.6715810627764965	Toll Like Receptor 9 Tlr9 Cascade	False	True	False	False	True	True	3	sensitivity-dependent
spleen	R-MMU-9696264_RND3_GTPASE_CYCLE	-0.0020974624089177777	5	1	4	-0.0020974624089177777	5	1	4	0.0068021954682057715	5.0	5.0	0.0	0.0068021954682057715	5.0	5.0	0.0	1.5460465532420145	0.04005524861878453	0.07771073053742668	ENSMUSG00000021782;ENSMUSG00000034573;ENSMUSG00000021697;ENSMUSG00000041417;ENSMUSG00000026131;ENSMUSG00000006445;ENSMUSG00000000627;ENSMUSG00000020841;ENSMUSG00000054889;ENSMUSG00000026991	False	False	0.8	5	0.0			-0.00209746240891776	-0.006872047244444457	-0.0012818159388887588	-0.00209746240891776	-0.006872047244444457	-0.0012818159388887588	0.2922636103151863	True	True	-0.0010420872062366696	-0.0017718110912476213	True	1.700252225191625	Rnd3 Gtpase Cycle	False	False	False	True	True	True	3	internally robust, incomplete conventional support
spleen	R-MMU-453274_MITOTIC_G2_G2_M_PHASES	-0.00244375123925	5	1	4	-0.00244375123925	5	1	4	0.008941942244626983	5.0	3.0	2.0	0.008941942244626983	5.0	3.0	2.0	1.345643737647578	0.0694980694980695	0.2064565537555228	ENSMUSG00000019942;ENSMUSG00000046591;ENSMUSG00000023940;ENSMUSG00000027330;ENSMUSG00000047534;ENSMUSG00000027490;ENSMUSG00000026672;ENSMUSG00000022385;ENSMUSG00000002997;ENSMUSG00000023067;ENSMUSG00000044783;ENSMUSG00000027469;ENSMUSG00000025758;ENSMUSG00000020330;ENSMUSG00000026622	False	False	0.8	5	0.0			-0.0024437512392499797	-0.02259202748333338	-0.00181977185272498	-0.0024437512392499797	-0.02259202748333338	-0.00181977185272498	0.3037249283667622	True	True	-0.000946807445661852	-0.0014824726578437429	True	1.565759399797962	Mitotic G2 G2 M Phases	False	False	False	True	True	True	3	internally robust, incomplete conventional support
spleen	R-MMU-9975921_ASSEMBLY_OF_THE_9_0_PRIMARY_CILIUM	0.031923600777777804	5	4	1	0.031923600777777804	5	4	1	-0.0003892344690789612	5.0	2.0	3.0	-0.0003892344690789612	5.0	2.0	3.0	0.5887168011589802	0.9758713136729222	0.985160962241764	ENSMUSG00000019942;ENSMUSG00000002997;ENSMUSG00000025758;ENSMUSG00000026622;ENSMUSG00000032855;ENSMUSG00000040549;ENSMUSG00000022377	False	True	0.8	5	0.0			0.03192360077777778	-0.01977725311055554	-0.0027387290695777876	-0.0027387290695777876	-0.01977725311055554	0.03192360077777778	0.670487106017192	True	False	0.01147124387425659	0.0032191367200831017	True	0.28062664828418377	Assembly Of The 9 0 Primary Cilium	False	False	True	True	False	True	3	sensitivity-dependent
spleen	R-MMU-948021_TRANSPORT_TO_THE_GOLGI_AND_SUBSEQUENT_MODIFICATION	-0.003113078619402776	5	0	5	-0.003113078619402776	5	0	5	0.0012600191576100067	5.0	2.0	3.0	0.0012600191576100067	5.0	2.0	3.0	-0.7729206186937123	0.8484848484848485	0.9430426098103797	ENSMUSG00000045136;ENSMUSG00000072235;ENSMUSG00000001473;ENSMUSG00000026080;ENSMUSG00000029378;ENSMUSG00000026399	False	True	1.0	5	0.0			-0.0031130786194027	-0.00484539266365552	0.0002908577551250003	-0.0031130786194027	-0.00484539266365552	0.0002908577551250003	0.35816618911174786	True	False	-0.002075476784818012	-0.0019019403498511224	True	0.9163871953488961	Transport To The Golgi And Subsequent Modification	False	False	True	True	False	True	3	sensitivity-dependent
spleen	R-MMU-9909649_REGULATION_OF_PD_L1_CD274_TRANSCRIPTION	-0.004965210388077779	5	1	4	-0.00496521038807778	5	1	4	0.01215671654613584	5.0	3.0	2.0	0.01215671654613584	5.0	3.0	2.0	1.570606435546903	0.02204928664072633	0.08060959530481601	ENSMUSG00000081058;ENSMUSG00000069308;ENSMUSG00000063954;ENSMUSG00000075031;ENSMUSG00000069306;ENSMUSG00000071516;ENSMUSG00000071478;ENSMUSG00000069301;ENSMUSG00000069303;ENSMUSG00000074403;ENSMUSG00000069300;ENSMUSG00000061615;ENSMUSG00000069309;ENSMUSG00000094248;ENSMUSG00000062727;ENSMUSG00000069266;ENSMUSG00000069267;ENSMUSG00000049932;ENSMUSG00000018102;ENSMUSG00000094777;ENSMUSG00000069272;ENSMUSG00000099517	False	False	0.8	5	0.0			-0.00496521038807776	-0.0031814462008333405	-0.00012368540797225998	-0.0031814462008333405	-0.00496521038807776	-0.00012368540797225998	0.4154727793696275	True	True	-0.0030702658785678855	-0.0024637146864922065	True	0.8024434312644602	Regulation Of Pd L1 Cd274 Transcription	False	False	False	True	True	True	3	internally robust, incomplete conventional support
spleen	R-MMU-202433_GENERATION_OF_SECOND_MESSENGER_MOLECULES	-0.005057655428433333	5	2	3	-0.005057655428433333	5	2	3	-0.016108000925227017	5.0	1.0	4.0	-0.016108000925227017	5.0	1.0	4.0	-1.890126267521546	0.0	0.009125363611223004	ENSMUSG00000076490;ENSMUSG00000036594;ENSMUSG00000060586;ENSMUSG00000076498;ENSMUSG00000076928;ENSMUSG00000073421;ENSMUSG00000002033;ENSMUSG00000086564;ENSMUSG00000005763	True	True	0.6	5	0.0			-0.0050576554284333195	-0.0115077203795833	0.00060482966118888	-0.0050576554284333195	-0.0115077203795833	0.00060482966118888	0.42120343839541546	True	False	-0.0014333388159444007	-0.0018228672897132687	True	1.2717630119520726	Generation Of Second Messenger Molecules	False	True	True	False	False	True	3	sensitivity-dependent
spleen	R-MMU-5673001_RAF_MAP_KINASE_CASCADE	0.032241165149999994	5	2	3	0.032241165149999994	5	2	3	0.004495717843446738	5.0	3.0	2.0	0.004495717843446738	5.0	3.0	2.0	1.1988655696387782	0.179519595448799	0.3419788086657169	ENSMUSG00000021061;ENSMUSG00000030134;ENSMUSG00000030110;ENSMUSG00000024190;ENSMUSG00000024620;ENSMUSG00000018909;ENSMUSG00000021823;ENSMUSG00000026883;ENSMUSG00000032470;ENSMUSG00000018334;ENSMUSG00000026532;ENSMUSG00000041417;ENSMUSG00000038894;ENSMUSG00000026193;ENSMUSG00000038764;ENSMUSG00000022610;ENSMUSG00000020315;ENSMUSG00000062232;ENSMUSG00000007659;ENSMUSG00000030203;ENSMUSG00000110206	True	True	0.2	5	0.0			0.03224116514999999	-0.0075979876583333215	-0.0733307279444444	-0.0075979876583333215	-0.0733307279444444	0.03224116514999999	0.673352435530086	True	False	0.005958925653695825	0.02103269970461315	True	3.5296127065402	Raf Map Kinase Cascade	False	True	True	False	False	True	3	sensitivity-dependent
spleen	R-MMU-9012999_RHO_GTPASE_CYCLE	0.014094580183333327	5	4	1	0.014094580183333327	5	4	1	0.004708672357548066	5.0	4.0	1.0	0.004708672357548066	5.0	4.0	1.0	1.6320614077555338	0.0	0.06429067243525942	ENSMUSG00000021782;ENSMUSG00000053199;ENSMUSG00000061462;ENSMUSG00000059495;ENSMUSG00000041498;ENSMUSG00000025154;ENSMUSG00000025555;ENSMUSG00000026880;ENSMUSG00000073433;ENSMUSG00000058325;ENSMUSG00000030084;ENSMUSG00000038587;ENSMUSG00000041219;ENSMUSG00000021279;ENSMUSG00000034573;ENSMUSG00000021697;ENSMUSG00000022797;ENSMUSG00000024812;ENSMUSG00000022799;ENSMUSG00000032135;ENSMUSG00000030123;ENSMUSG00000033577;ENSMUSG00000022263;ENSMUSG00000054364;ENSMUSG00000021676;ENSMUSG00000000823;ENSMUSG00000041417;ENSMUSG00000029108;ENSMUSG00000026131;ENSMUSG00000006445;ENSMUSG00000041977;ENSMUSG00000024451;ENSMUSG00000074305;ENSMUSG00000021990;ENSMUSG00000004044;ENSMUSG00000000627;ENSMUSG00000025403;ENSMUSG00000020315;ENSMUSG00000027699;ENSMUSG00000020841;ENSMUSG00000039831;ENSMUSG00000054889;ENSMUSG00000052609;ENSMUSG00000026991;ENSMUSG00000028556;ENSMUSG00000050953;ENSMUSG00000023015;ENSMUSG00000009621	True	True	0.8	5	0.0			0.014094580183333299	-0.0241985191112222	-0.008320052199999999	-0.008320052199999999	-0.0241985191112222	0.014094580183333299	0.5558739255014327	True	False	0.010622235059983018	-0.005838978976822172	False	0.5496940092033236	Rho Gtpase Cycle	False	True	True	True	False	False	3	method-supported, model-sensitive
spleen	R-MMU-2871796_FCERI_MEDIATED_MAPK_ACTIVATION	-0.010932462485027782	5	1	4	-0.010932462485027782	5	1	4	0.0052844380369135024	5.0	3.0	2.0	0.0052844380369135024	5.0	3.0	2.0	1.2820681261813158	0.08886255924170616	0.25400404403300714	ENSMUSG00000103254;ENSMUSG00000095612;ENSMUSG00000096452;ENSMUSG00000096326;ENSMUSG00000095285;ENSMUSG00000096078;ENSMUSG00000102364;ENSMUSG00000076666;ENSMUSG00000095200;ENSMUSG00000093838;ENSMUSG00000109061;ENSMUSG00000096577;ENSMUSG00000104452;ENSMUSG00000095429;ENSMUSG00000094502;ENSMUSG00000076670;ENSMUSG00000093896;ENSMUSG00000021250;ENSMUSG00000096150;ENSMUSG00000095442;ENSMUSG00000095416	False	False	0.8	5	0.0			-0.01093246248502774	-0.00234062066895002	-0.01308505433555554	-0.01093246248502774	-0.01308505433555554	-0.00234062066895002	0.5186246418338109	True	True	-0.005414725253107898	-0.004098054703498892	True	0.7568352062086116	Fceri Mediated Mapk Activation	False	False	False	True	True	True	3	internally robust, incomplete conventional support
spleen	R-MMU-163685_INTEGRATION_OF_ENERGY_METABOLISM	-0.011312727980555604	5	1	4	-0.011312727980555604	5	1	4	-0.00014254226828846472	5.0	2.0	3.0	-0.00014254226828846472	5.0	2.0	3.0	1.3277850280879695	0.11866859623733719	0.2169863846308218	ENSMUSG00000022994;ENSMUSG00000024027;ENSMUSG00000022469;ENSMUSG00000002997;ENSMUSG00000042644;ENSMUSG00000002944	True	False	0.8	5	0.0			-0.011312727980555578	-0.041039806613888764	0.00077403577377222	-0.011312727980555578	-0.041039806613888764	0.00077403577377222	0.5272206303724928	True	False	-0.025117011539507236	-0.053097183136979156	True	2.113992863102409	Integration Of Energy Metabolism	False	True	False	True	False	True	3	sensitivity-dependent
spleen	R-MMU-418346_PLATELET_HOMEOSTASIS	0.002159895350861111	5	3	2	0.002159895350861111	5	3	2	0.0016960417936445315	5.0	2.0	3.0	0.0016960417936445315	5.0	2.0	3.0	1.0740734354791641	0.37727910238429174	0.5130258720965313	ENSMUSG00000026463;ENSMUSG00000042644;ENSMUSG00000043017;ENSMUSG00000020788;ENSMUSG00000022489;ENSMUSG00000110195;ENSMUSG00000029468;ENSMUSG00000054640;ENSMUSG00000020717;ENSMUSG00000030102;ENSMUSG00000030287	True	True	0.6	5	0.0			0.0021598953508611203	-0.048415671941111085	-0.02002016258916666	-0.02002016258916666	-0.048415671941111085	0.0021598953508611203	0.29512893982808025	True	False	0.0005572056677573502	0.0003545135199488767	True	0.6362345906776721	Platelet Homeostasis	False	True	True	False	False	True	3	sensitivity-dependent
spleen	R-MMU-1257604_PIP3_ACTIVATES_AKT_SIGNALING	-0.02497008156611115	5	1	4	-0.02497008156611115	5	1	4	-0.0017258138009906498	5.0	2.0	3.0	-0.0017258138009906498	5.0	2.0	3.0	0.9421396051755587	0.5587467362924282	0.6809550688161269	ENSMUSG00000031714;ENSMUSG00000028278;ENSMUSG00000024620;ENSMUSG00000023067;ENSMUSG00000041417;ENSMUSG00000038894;ENSMUSG00000032216;ENSMUSG00000026069;ENSMUSG00000032715;ENSMUSG00000044340;ENSMUSG00000005534;ENSMUSG00000110206;ENSMUSG00000019966;ENSMUSG00000018474;ENSMUSG00000047789;ENSMUSG00000089715;ENSMUSG00000003031	True	False	0.8	5	0.0			-0.024970081566111118	0.0006065836833332588	-0.10179579930138893	-0.024970081566111118	-0.10179579930138893	0.0006065836833332588	0.6103151862464183	True	False	-0.016665570412734074	-0.03148668853357953	True	1.8893255828507804	Pip3 Activates Akt Signaling	False	True	False	True	False	True	3	sensitivity-dependent
spleen	R-MMU-196854_METABOLISM_OF_VITAMINS_AND_COFACTORS	-0.0500903324722223	5	3	2	-0.0500903324722223	5	3	2	-0.0006052714452540395	5.0	3.0	2.0	-0.0006052714452540395	5.0	3.0	2.0	1.0012786806168754	0.47019867549668876	0.5940199300804427	ENSMUSG00000031119;ENSMUSG00000041936;ENSMUSG00000034220;ENSMUSG00000040249;ENSMUSG00000037580;ENSMUSG00000020592;ENSMUSG00000020432;ENSMUSG00000037295;ENSMUSG00000029134;ENSMUSG00000020256;ENSMUSG00000025403;ENSMUSG00000015568;ENSMUSG00000002985;ENSMUSG00000021048;ENSMUSG00000040675;ENSMUSG00000026489;ENSMUSG00000032420;ENSMUSG00000028645;ENSMUSG00000025153;ENSMUSG00000020534;ENSMUSG00000025743;ENSMUSG00000037370	True	False	0.2	5	0.4	0.0	2.0	-0.05009033247222232	-0.03081461408333308	-0.0347224168055556	-0.0347224168055556	-0.05009033247222232	-0.03081461408333308	0.7564469914040115	True	True	0.035463900781648156	0.010514817646432787	True	0.2964935445531697	Metabolism Of Vitamins And Cofactors	False	True	False	False	True	True	3	sensitivity-dependent
spleen	R-MMU-1430728_METABOLISM	-0.03589460522222172	5	2	3	-0.03589460522222172	5	2	3	-0.002303966329206397	5.0	1.0	4.0	-0.002303966329206397	5.0	1.0	4.0	0.8928094195197845	0.7810894141829393	0.7530636635944841	ENSMUSG00000029752;ENSMUSG00000031119;ENSMUSG00000022742;ENSMUSG00000020334;ENSMUSG00000040010;ENSMUSG00000006345;ENSMUSG00000033174;ENSMUSG00000004032;ENSMUSG00000089960;ENSMUSG00000020646;ENSMUSG00000061740;ENSMUSG00000041936;ENSMUSG00000032418;ENSMUSG00000031749;ENSMUSG00000022994;ENSMUSG00000024027;ENSMUSG00000022469;ENSMUSG00000034220;ENSMUSG00000024087;ENSMUSG00000040249;ENSMUSG00000024665;ENSMUSG00000050931;ENSMUSG00000040447;ENSMUSG00000032737;ENSMUSG00000032126;ENSMUSG00000020649;ENSMUSG00000056091;ENSMUSG00000021614;ENSMUSG00000034573;ENSMUSG00000021759;ENSMUSG00000040618;ENSMUSG00000074207;ENSMUSG00000003849;ENSMUSG00000032487;ENSMUSG00000030737;ENSMUSG00000005686;ENSMUSG00000029406;ENSMUSG00000039197;ENSMUSG00000035459;ENSMUSG00000002997;ENSMUSG00000042644;ENSMUSG00000024900;ENSMUSG00000039943;ENSMUSG00000041417;ENSMUSG00000028179;ENSMUSG00000041757;ENSMUSG00000024851;ENSMUSG00000010660;ENSMUSG00000013846;ENSMUSG00000015846;ENSMUSG00000002944;ENSMUSG00000037580;ENSMUSG00000030930;ENSMUSG00000020330;ENSMUSG00000020592;ENSMUSG00000020432;ENSMUSG00000037295;ENSMUSG00000011179;ENSMUSG00000032122;ENSMUSG00000078139;ENSMUSG00000015709;ENSMUSG00000029134;ENSMUSG00000053279;ENSMUSG00000020256;ENSMUSG00000013629;ENSMUSG00000025403;ENSMUSG00000034612;ENSMUSG00000022822;ENSMUSG00000054008;ENSMUSG00000090175;ENSMUSG00000027580;ENSMUSG00000020899;ENSMUSG00000006344;ENSMUSG00000098488;ENSMUSG00000015568;ENSMUSG00000015968;ENSMUSG00000058135;ENSMUSG00000029455;ENSMUSG00000048087;ENSMUSG00000028614;ENSMUSG00000017707;ENSMUSG00000018924;ENSMUSG00000002985;ENSMUSG00000026447;ENSMUSG00000040466;ENSMUSG00000033350;ENSMUSG00000016933;ENSMUSG00000026558;ENSMUSG00000009614;ENSMUSG00000021703;ENSMUSG00000027221;ENSMUSG00000021048;ENSMUSG00000034171;ENSMUSG00000027199;ENSMUSG00000048120;ENSMUSG00000028517;ENSMUSG00000029478;ENSMUSG00000028527;ENSMUSG00000040675;ENSMUSG00000024066;ENSMUSG00000026489;ENSMUSG00000025574;ENSMUSG00000037606;ENSMUSG00000025747;ENSMUSG00000047712	True	False	0.4	5	0.2	0.0	1.0	-0.03589460522222174	-0.04519616705555536	-0.025180690555555642	-0.03589460522222174	-0.04519616705555536	-0.025180690555555642	0.6905444126074498	True	True	-0.05270242218521653	-0.06392171709740019	True	1.2128800621867957	Metabolism	False	True	False	False	True	True	3	sensitivity-dependent
spleen	R-MMU-212436_GENERIC_TRANSCRIPTION_PATHWAY	0.031094743489999986	5	3	2	0.031094743489999986	5	3	2	0.00672295632258213	5.0	3.0	2.0	0.00672295632258213	5.0	3.0	2.0	1.4253392181374729	0.007575757575757576	0.14487911296868283	ENSMUSG00000081058;ENSMUSG00000069308;ENSMUSG00000038146;ENSMUSG00000063954;ENSMUSG00000019942;ENSMUSG00000075031;ENSMUSG00000031162;ENSMUSG00000049577;ENSMUSG00000028717;ENSMUSG00000021701;ENSMUSG00000020185;ENSMUSG00000069306;ENSMUSG00000071516;ENSMUSG00000071478;ENSMUSG00000046179;ENSMUSG00000028278;ENSMUSG00000061436;ENSMUSG00000069301;ENSMUSG00000069303;ENSMUSG00000026923;ENSMUSG00000002068;ENSMUSG00000017146;ENSMUSG00000074403;ENSMUSG00000069300;ENSMUSG00000020108;ENSMUSG00000030528;ENSMUSG00000061615;ENSMUSG00000069309;ENSMUSG00000094248;ENSMUSG00000023067;ENSMUSG00000038384;ENSMUSG00000027469;ENSMUSG00000062727;ENSMUSG00000005893;ENSMUSG00000015846;ENSMUSG00000069266;ENSMUSG00000069267;ENSMUSG00000055320;ENSMUSG00000039748;ENSMUSG00000038482;ENSMUSG00000022360;ENSMUSG00000020897;ENSMUSG00000048154;ENSMUSG00000015709;ENSMUSG00000049932;ENSMUSG00000044201;ENSMUSG00000026603;ENSMUSG00000026196;ENSMUSG00000034218;ENSMUSG00000018102;ENSMUSG00000062175;ENSMUSG00000094777;ENSMUSG00000069272;ENSMUSG00000078903;ENSMUSG00000099517;ENSMUSG00000000184;ENSMUSG00000032402;ENSMUSG00000041431;ENSMUSG00000038332;ENSMUSG00000021377;ENSMUSG00000028680;ENSMUSG00000025151;ENSMUSG00000002028;ENSMUSG00000029478;ENSMUSG00000018474;ENSMUSG00000069307;ENSMUSG00000032238;ENSMUSG00000021690;ENSMUSG00000030530;ENSMUSG00000047789;ENSMUSG00000026389;ENSMUSG00000022475;ENSMUSG00000027342;ENSMUSG00000089715;ENSMUSG00000027715;ENSMUSG00000042207;ENSMUSG00000028150;ENSMUSG00000029050;ENSMUSG00000003031;ENSMUSG00000069274;ENSMUSG00000024985;ENSMUSG00000025507;ENSMUSG00000020423;ENSMUSG00000024298;ENSMUSG00000027496;ENSMUSG00000054387;ENSMUSG00000040274;ENSMUSG00000026826;ENSMUSG00000069310;ENSMUSG00000034165;ENSMUSG00000039989;ENSMUSG00000039910	True	True	0.6	5	0.0			0.03109474348999996	-0.03688983409444446	-0.05070737941666672	-0.03688983409444446	-0.05070737941666672	0.03109474348999996	0.6561604584527221	True	False	0.047088579313763854	0.02789676823564162	True	0.5924317242564903	Generic Transcription Pathway	False	True	True	False	False	True	3	sensitivity-dependent
spleen	R-MMU-73886_CHROMOSOME_MAINTENANCE	0.0008216268318315548	5	2	3	0.0008216268318315548	5	2	3	0.008582468589906647	5.0	3.0	2.0	0.008582468589906647	5.0	3.0	2.0	1.6708112336972822	0.007371007371007371	0.0667565254757069	ENSMUSG00000069308;ENSMUSG00000063954;ENSMUSG00000075031;ENSMUSG00000069306;ENSMUSG00000071516;ENSMUSG00000071478;ENSMUSG00000069301;ENSMUSG00000069303;ENSMUSG00000031756;ENSMUSG00000047534;ENSMUSG00000069300;ENSMUSG00000041064;ENSMUSG00000030528;ENSMUSG00000061615;ENSMUSG00000069309;ENSMUSG00000094248;ENSMUSG00000068101;ENSMUSG00000044783;ENSMUSG00000062727;ENSMUSG00000024742;ENSMUSG00000069266;ENSMUSG00000021714;ENSMUSG00000049932;ENSMUSG00000018102;ENSMUSG00000094777;ENSMUSG00000069272;ENSMUSG00000006678;ENSMUSG00000031262;ENSMUSG00000069307;ENSMUSG00000056394;ENSMUSG00000027342;ENSMUSG00000046691;ENSMUSG00000038644;ENSMUSG00000027715	True	True	0.2	5	0.0			0.00082162683183156	-0.03981091662588884	-0.08682245279500002	-0.03981091662588884	-0.08682245279500002	0.00082162683183156	0.15759312320916904	True	False	0.0008251472026785256	0.0005870386680056925	True	0.7114350822496828	Chromosome Maintenance	False	True	True	False	False	True	3	sensitivity-dependent
spleen	R-MMU-168249_INNATE_IMMUNE_SYSTEM	-0.01785048816666679	5	2	3	-0.01785048816666679	5	2	3	-0.009018817935073507	5.0	1.0	4.0	-0.009018817935073507	5.0	1.0	4.0	-1.9853780188742258	0.0	0.004117177487763459	ENSMUSG00000032496;ENSMUSG00000020125;ENSMUSG00000038357;ENSMUSG00000056054;ENSMUSG00000026822;ENSMUSG00000056071;ENSMUSG00000040314;ENSMUSG00000052212;ENSMUSG00000009350;ENSMUSG00000076538;ENSMUSG00000057163;ENSMUSG00000024681;ENSMUSG00000073940;ENSMUSG00000025473;ENSMUSG00000026835;ENSMUSG00000052305;ENSMUSG00000094940;ENSMUSG00000023903;ENSMUSG00000030142;ENSMUSG00000064246;ENSMUSG00000057729;ENSMUSG00000048498;ENSMUSG00000030144;ENSMUSG00000030413;ENSMUSG00000013974;ENSMUSG00000052234;ENSMUSG00000017737;ENSMUSG00000031722;ENSMUSG00000039196;ENSMUSG00000040693;ENSMUSG00000022026;ENSMUSG00000029082;ENSMUSG00000096410;ENSMUSG00000031530;ENSMUSG00000068587;ENSMUSG00000095737;ENSMUSG00000030165;ENSMUSG00000005339;ENSMUSG00000063234;ENSMUSG00000076526;ENSMUSG00000094194;ENSMUSG00000030162;ENSMUSG00000026874;ENSMUSG00000027907;ENSMUSG00000116988;ENSMUSG00000029322;ENSMUSG00000026180;ENSMUSG00000087642;ENSMUSG00000032231;ENSMUSG00000076674;ENSMUSG00000027447;ENSMUSG00000024084;ENSMUSG00000093955;ENSMUSG00000053063;ENSMUSG00000042265;ENSMUSG00000027533;ENSMUSG00000036938;ENSMUSG00000021880;ENSMUSG00000069516;ENSMUSG00000094051;ENSMUSG00000052270;ENSMUSG00000030786;ENSMUSG00000021822;ENSMUSG00000016283;ENSMUSG00000004864;ENSMUSG00000020732;ENSMUSG00000025701;ENSMUSG00000059089;ENSMUSG00000094561;ENSMUSG00000040747;ENSMUSG00000092572;ENSMUSG00000060791;ENSMUSG00000076937;ENSMUSG00000046718;ENSMUSG00000029372;ENSMUSG00000030793;ENSMUSG00000032691;ENSMUSG00000076501;ENSMUSG00000064147;ENSMUSG00000067235;ENSMUSG00000004668;ENSMUSG00000093894;ENSMUSG00000056888;ENSMUSG00000002033;ENSMUSG00000068240;ENSMUSG00000028238;ENSMUSG00000035273;ENSMUSG00000054203;ENSMUSG00000030579;ENSMUSG00000030167;ENSMUSG00000018774;ENSMUSG00000021624;ENSMUSG00000060131;ENSMUSG00000021069	True	True	0.6	5	0.0			-0.01785048816666678	-0.2355133731944445	-0.0398865924444446	-0.0398865924444446	-0.2355133731944445	-0.01785048816666678	0.5845272206303725	True	True	0.0016634357723024436	-0.00012238625055797437	False	0.07357437695870489	Innate Immune System	False	True	True	False	True	False	3	sensitivity-dependent
spleen	R-MMU-114608_PLATELET_DEGRANULATION	-0.0031740768233333187	5	3	2	-0.0031740768233333187	5	3	2	-0.002420542624914901	5.0	2.0	3.0	-0.002420542624914901	5.0	2.0	3.0	0.5779807369863507	0.9897172236503856	0.9854683120277812	ENSMUSG00000023951;ENSMUSG00000037411;ENSMUSG00000021823;ENSMUSG00000045312;ENSMUSG00000029108;ENSMUSG00000002944;ENSMUSG00000026193;ENSMUSG00000037419;ENSMUSG00000022892;ENSMUSG00000062866	True	False	0.0	5	0.0			-0.0031740768233333217	-0.0636105015961111	-0.04086395284999994	-0.04086395284999994	-0.0636105015961111	-0.0031740768233333217	0.36103151862464183	True	True	0.029148810167748503	0.0142508204481501	True	0.4888988732692019	Platelet Degranulation	False	True	False	False	True	True	3	sensitivity-dependent
spleen	R-MMU-166016_TOLL_LIKE_RECEPTOR_4_TLR4_CASCADE	-0.008288998597222218	5	3	2	-0.00828899859722222	5	3	2	-0.006076642962479328	5.0	1.0	4.0	-0.006076642962479328	5.0	1.0	4.0	0.7385146739478216	0.8487738419618529	0.9016286706536362	ENSMUSG00000109061;ENSMUSG00000021250;ENSMUSG00000026672;ENSMUSG00000018932;ENSMUSG00000051439;ENSMUSG00000052684;ENSMUSG00000022892;ENSMUSG00000030107;ENSMUSG00000016024;ENSMUSG00000025498;ENSMUSG00000019960;ENSMUSG00000046688;ENSMUSG00000031652;ENSMUSG00000039005	True	False	0.2	5	0.0			-0.008288998597222258	-0.05013612102277774	-0.04613569643488886	-0.04613569643488886	-0.05013612102277774	-0.008288998597222258	0.4899713467048711	True	True	0.016781514596397623	0.022542723938757406	True	1.343306875506726	Toll Like Receptor 4 Tlr4 Cascade	False	True	False	False	True	True	3	sensitivity-dependent
spleen	R-MMU-5668541_TNFR2_NON_CANONICAL_NF_KB_PATHWAY	-0.056828512138889044	5	2	3	-0.056828512138889044	5	2	3	-0.015857529547267223	5.0	2.0	3.0	-0.015857529547267223	5.0	2.0	3.0	-2.047560617904522	0.0	0.0032734102495304536	ENSMUSG00000024401;ENSMUSG00000024402;ENSMUSG00000026700;ENSMUSG00000005824;ENSMUSG00000017652;ENSMUSG00000029075;ENSMUSG00000068240;ENSMUSG00000024399;ENSMUSG00000041954;ENSMUSG00000028965;ENSMUSG00000028602;ENSMUSG00000089669;ENSMUSG00000022015;ENSMUSG00000020941;ENSMUSG00000068105	True	True	0.6	5	0.0			-0.056828512138889044	-0.05657498508333325	0.049446888783749976	-0.05657498508333325	-0.056828512138889044	0.049446888783749976	0.7936962750716332	True	False	-0.03467173313508922	-0.049552355752423366	True	1.4291860046152218	Tnfr2 Non Canonical Nf Kb Pathway	False	True	True	False	False	True	3	sensitivity-dependent
spleen	R-MMU-2029480_FCGAMMA_RECEPTOR_FCGR_DEPENDENT_PHAGOCYTOSIS	-0.07493226502527779	5	1	4	-0.07493226502527779	5	1	4	0.004762836394744445	5.0	3.0	2.0	0.004762836394744445	5.0	3.0	2.0	1.442950824748766	0.025851938895417155	0.1321926174409724	ENSMUSG00000103254;ENSMUSG00000095612;ENSMUSG00000096452;ENSMUSG00000096326;ENSMUSG00000095285;ENSMUSG00000076615;ENSMUSG00000076614;ENSMUSG00000096078;ENSMUSG00000102364;ENSMUSG00000076666;ENSMUSG00000076612;ENSMUSG00000095200;ENSMUSG00000093838;ENSMUSG00000096577;ENSMUSG00000104452;ENSMUSG00000058325;ENSMUSG00000095429;ENSMUSG00000094502;ENSMUSG00000076670;ENSMUSG00000022272;ENSMUSG00000093896;ENSMUSG00000096150;ENSMUSG00000095442;ENSMUSG00000095416;ENSMUSG00000095210;ENSMUSG00000041417;ENSMUSG00000096499;ENSMUSG00000105606;ENSMUSG00000076695	False	False	0.8	5	0.0			-0.07493226502527778	-0.025591653394444403	-0.0628363423495499	-0.0628363423495499	-0.07493226502527778	-0.025591653394444403	0.8538681948424068	True	True	-0.04125664582715379	-0.04448637547958294	True	1.0782838640339356	Fcgamma Receptor Fcgr Dependent Phagocytosis	False	False	False	True	True	True	3	internally robust, incomplete conventional support
spleen	R-MMU-76005_RESPONSE_TO_ELEVATED_PLATELET_CYTOSOLIC_CA2	-0.02636281069444455	5	3	2	-0.02636281069444455	5	3	2	-0.0026594201359610103	5.0	2.0	3.0	-0.0026594201359610103	5.0	2.0	3.0	0.5631289654743773	0.9883570504527813	0.9870529487419466	ENSMUSG00000023951;ENSMUSG00000037411;ENSMUSG00000021823;ENSMUSG00000045312;ENSMUSG00000029108;ENSMUSG00000002944;ENSMUSG00000026193;ENSMUSG00000037419;ENSMUSG00000022892;ENSMUSG00000062866	True	False	0.2	5	0.0			-0.02636281069444456	-0.10496245605555592	-0.09637614644444448	-0.09637614644444448	-0.10496245605555592	-0.02636281069444456	0.6217765042979942	True	True	0.0063574852234494555	0.03899289399643323	True	6.133383346705822	Response To Elevated Platelet Cytosolic Ca2	False	True	False	False	True	True	3	sensitivity-dependent
spleen	R-MMU-1640170_CELL_CYCLE	0.08387557797944442	5	3	2	0.08387557797944442	5	3	2	0.011509348394615674	5.0	3.0	2.0	0.011509348394615674	5.0	3.0	2.0	1.8148011516607787	0.0	0.06290239056262142	ENSMUSG00000081058;ENSMUSG00000069308;ENSMUSG00000063954;ENSMUSG00000019942;ENSMUSG00000075031;ENSMUSG00000046591;ENSMUSG00000018983;ENSMUSG00000017499;ENSMUSG00000026605;ENSMUSG00000069306;ENSMUSG00000071516;ENSMUSG00000023940;ENSMUSG00000071478;ENSMUSG00000042489;ENSMUSG00000027330;ENSMUSG00000069301;ENSMUSG00000069303;ENSMUSG00000031756;ENSMUSG00000002068;ENSMUSG00000038252;ENSMUSG00000017146;ENSMUSG00000042029;ENSMUSG00000047534;ENSMUSG00000027323;ENSMUSG00000074403;ENSMUSG00000069300;ENSMUSG00000027490;ENSMUSG00000041064;ENSMUSG00000058290;ENSMUSG00000030528;ENSMUSG00000026672;ENSMUSG00000061615;ENSMUSG00000028063;ENSMUSG00000022385;ENSMUSG00000002997;ENSMUSG00000069309;ENSMUSG00000034906;ENSMUSG00000094248;ENSMUSG00000040957;ENSMUSG00000028312;ENSMUSG00000023067;ENSMUSG00000036223;ENSMUSG00000068101;ENSMUSG00000027115;ENSMUSG00000040084;ENSMUSG00000044783;ENSMUSG00000002870;ENSMUSG00000035455;ENSMUSG00000007080;ENSMUSG00000027469;ENSMUSG00000062727;ENSMUSG00000025758;ENSMUSG00000024742;ENSMUSG00000069266;ENSMUSG00000020330;ENSMUSG00000028678;ENSMUSG00000026622;ENSMUSG00000045328;ENSMUSG00000029730;ENSMUSG00000069267;ENSMUSG00000039748;ENSMUSG00000022034;ENSMUSG00000038482;ENSMUSG00000024791;ENSMUSG00000021714;ENSMUSG00000020897;ENSMUSG00000001403;ENSMUSG00000049932;ENSMUSG00000044201;ENSMUSG00000026196;ENSMUSG00000028896;ENSMUSG00000019773;ENSMUSG00000034218;ENSMUSG00000032254;ENSMUSG00000006398;ENSMUSG00000018102;ENSMUSG00000030451;ENSMUSG00000028614;ENSMUSG00000094777;ENSMUSG00000069272;ENSMUSG00000015880;ENSMUSG00000040549;ENSMUSG00000099517;ENSMUSG00000006678;ENSMUSG00000000184;ENSMUSG00000041431;ENSMUSG00000028680;ENSMUSG00000031262;ENSMUSG00000069307;ENSMUSG00000032218;ENSMUSG00000057406;ENSMUSG00000022673;ENSMUSG00000024660;ENSMUSG00000016255;ENSMUSG00000056394;ENSMUSG00000029414;ENSMUSG00000027342;ENSMUSG00000046691;ENSMUSG00000038644;ENSMUSG00000027715;ENSMUSG00000001517;ENSMUSG00000029910;ENSMUSG00000024056;ENSMUSG00000003031;ENSMUSG00000069274;ENSMUSG00000026779;ENSMUSG00000028873;ENSMUSG00000031016;ENSMUSG00000028587;ENSMUSG00000041859;ENSMUSG00000036752;ENSMUSG00000026039;ENSMUSG00000027496;ENSMUSG00000005410;ENSMUSG00000054387;ENSMUSG00000040274;ENSMUSG00000069310;ENSMUSG00000034165	True	True	0.4	5	0.6	0.0	3.0	0.08387557797944442	0.10262534274444442	-0.0021970426944444613	0.08387557797944442	-0.0021970426944444613	0.10262534274444442	0.8825214899713467	True	False	-0.03409188833179263	0.015302868793641454	False	0.4488712577229304	Cell Cycle	False	True	True	False	False	False	2	sensitivity-dependent
spleen	R-MMU-983169_CLASS_I_MHC_MEDIATED_ANTIGEN_PROCESSING_PRESENTATION	0.04884258820000007	5	3	2	0.04884258820000007	5	3	2	-0.003996012241820201	5.0	1.0	4.0	-0.003996012241820201	5.0	1.0	4.0	0.8722317718343524	0.6724565756823822	0.7756800985180698	ENSMUSG00000072082;ENSMUSG00000038664;ENSMUSG00000032586;ENSMUSG00000002944;ENSMUSG00000032216;ENSMUSG00000032596;ENSMUSG00000066036;ENSMUSG00000001403;ENSMUSG00000070327;ENSMUSG00000029060;ENSMUSG00000006398;ENSMUSG00000030451	False	True	0.4	5	0.2	0.0	1.0	0.04884258820000006	0.07515896054685553	0.06833918123333335	0.06833918123333335	0.04884258820000006	0.07515896054685553	0.7421203438395415	True	True	-0.014502475668751093	0.024461563801129117	False	1.6867164172415858	Class I Mhc Mediated Antigen Processing Presentation	False	False	True	False	True	False	2	sensitivity-dependent
spleen	R-MMU-73884_BASE_EXCISION_REPAIR	0.058945248218666625	5	2	3	0.058945248218666625	5	2	3	0.008217445721929343	5.0	3.0	2.0	0.008217445721929343	5.0	3.0	2.0	1.4594107666576999	0.04325032765399738	0.12202336573881938	ENSMUSG00000069308;ENSMUSG00000063954;ENSMUSG00000075031;ENSMUSG00000069306;ENSMUSG00000071516;ENSMUSG00000071478;ENSMUSG00000069301;ENSMUSG00000069303;ENSMUSG00000069300;ENSMUSG00000061615;ENSMUSG00000069309;ENSMUSG00000094248;ENSMUSG00000007080;ENSMUSG00000062727;ENSMUSG00000024742;ENSMUSG00000069266;ENSMUSG00000049932;ENSMUSG00000018102;ENSMUSG00000094777;ENSMUSG00000069272	True	True	0.2	5	0.0			0.058945248218666625	-0.07873393938180552	0.07519918603222217	0.058945248218666625	-0.07873393938180552	0.07519918603222217	0.8051575931232091	True	False	-0.0014079897499677163	0.02476742543386899	False	17.59062907555746	Base Excision Repair	False	True	True	False	False	False	2	sensitivity-dependent
spleen	R-MMU-421270_CELL_CELL_JUNCTION_ORGANIZATION	-0.004746087024977779	5	0	5	-0.004746087024977779	5	0	5	0.008154710542118507	5.0	3.0	2.0	0.008154710542118507	5.0	3.0	2.0	1.5672378001445637	0.00853658536585366	0.07423235252915471	ENSMUSG00000081058;ENSMUSG00000069308;ENSMUSG00000063954;ENSMUSG00000075031;ENSMUSG00000028217;ENSMUSG00000069306;ENSMUSG00000071516;ENSMUSG00000058325;ENSMUSG00000071478;ENSMUSG00000021823;ENSMUSG00000069301;ENSMUSG00000069303;ENSMUSG00000034101;ENSMUSG00000074403;ENSMUSG00000069300;ENSMUSG00000061615;ENSMUSG00000069309;ENSMUSG00000094248;ENSMUSG00000062727;ENSMUSG00000069266;ENSMUSG00000021756;ENSMUSG00000069267;ENSMUSG00000049932;ENSMUSG00000062300;ENSMUSG00000018102;ENSMUSG00000094777;ENSMUSG00000069272;ENSMUSG00000009621;ENSMUSG00000099517	False	False	1.0	5	0.0			-0.00474608702497774	0.03837785158333314	0.03260477734722226	0.03260477734722226	-0.00474608702497774	0.03837785158333314	0.4068767908309456	True	False	-0.0032891268182359563	-0.002674322073651733	True	0.8130796474080744	Cell Cell Junction Organization	False	False	False	True	False	True	2	sensitivity-dependent
spleen	R-MMU-913531_INTERFERON_SIGNALING	0.05540924124722222	5	3	2	0.05540924124722222	5	3	2	-0.005143099223282333	5.0	1.0	4.0	-0.005143099223282333	5.0	1.0	4.0	0.7357211526324676	0.85359477124183	0.9016341017079811	ENSMUSG00000091971;ENSMUSG00000019942;ENSMUSG00000090877;ENSMUSG00000024222	False	True	0.4	5	0.4	0.0	2.0	0.05540924124722222	0.0008871587553888601	0.024935235113333322	0.024935235113333322	0.0008871587553888601	0.05540924124722222	0.7879656160458453	True	True	-0.029540375040951493	0.04629977077435376	False	1.5673386241768732	Interferon Signaling	False	False	True	False	True	False	2	sensitivity-dependent
spleen	R-MMU-418990_ADHERENS_JUNCTIONS_INTERACTIONS	0.016263221308333364	5	3	2	0.016263221308333364	5	3	2	0.008154710542118507	5.0	3.0	2.0	0.008154710542118507	5.0	3.0	2.0	1.5672378001445637	0.00853658536585366	0.07423235252915471	ENSMUSG00000081058;ENSMUSG00000069308;ENSMUSG00000063954;ENSMUSG00000075031;ENSMUSG00000028217;ENSMUSG00000069306;ENSMUSG00000071516;ENSMUSG00000058325;ENSMUSG00000071478;ENSMUSG00000021823;ENSMUSG00000069301;ENSMUSG00000069303;ENSMUSG00000034101;ENSMUSG00000074403;ENSMUSG00000069300;ENSMUSG00000061615;ENSMUSG00000069309;ENSMUSG00000094248;ENSMUSG00000062727;ENSMUSG00000069266;ENSMUSG00000021756;ENSMUSG00000069267;ENSMUSG00000049932;ENSMUSG00000062300;ENSMUSG00000018102;ENSMUSG00000094777;ENSMUSG00000069272;ENSMUSG00000009621;ENSMUSG00000099517	True	True	0.4	5	0.0			0.01626322130833332	-0.0006299081730944602	0.0258568839694444	0.01626322130833332	-0.0006299081730944602	0.0258568839694444	0.5730659025787965	True	False	0.0020137255163976183	-0.00016897613437977482	False	0.0839121980646392	Adherens Junctions Interactions	False	True	True	False	False	False	2	sensitivity-dependent
spleen	R-MMU-422356_REGULATION_OF_INSULIN_SECRETION	0.009460599388888925	5	3	2	0.009460599388888925	5	3	2	-0.0024271755625145273	5.0	1.0	4.0	-0.0024271755625145273	5.0	1.0	4.0	1.2497544931352063	0.17893217893217894	0.2861223388306793	ENSMUSG00000022994;ENSMUSG00000024027;ENSMUSG00000022469;ENSMUSG00000042644;ENSMUSG00000002944	False	True	0.4	5	0.0			0.0094605993888889	0.03845860918888896	0.01220087426388894	0.01220087426388894	0.0094605993888889	0.03845860918888896	0.5071633237822349	True	True	-0.003520096152251479	0.016386840298400436	False	4.6552251954593045	Regulation Of Insulin Secretion	False	False	True	False	True	False	2	sensitivity-dependent
spleen	R-MMU-8957322_METABOLISM_OF_STEROIDS	-0.015920474249999938	5	2	3	-0.015920474249999938	5	2	3	-0.01138695665030437	5.0	1.0	4.0	-0.01138695665030437	5.0	1.0	4.0	-0.7620802517635393	0.8303886925795053	0.9411766078323864	ENSMUSG00000001467;ENSMUSG00000016194;ENSMUSG00000052131;ENSMUSG00000022479;ENSMUSG00000034156;ENSMUSG00000058258;ENSMUSG00000033105;ENSMUSG00000029430;ENSMUSG00000021214	True	True	0.4	5	0.0			-0.015920474249999938	0.03576480787777782	0.009642167416666559	0.009642167416666559	-0.015920474249999938	0.03576480787777782	0.5673352435530086	True	False	0.003197454311639779	-0.006858948313213837	False	2.145127856321519	Metabolism Of Steroids	False	True	True	False	False	False	2	sensitivity-dependent
spleen	R-MMU-8936459_RUNX1_REGULATES_GENES_INVOLVED_IN_MEGAKARYOCYTE_DIFFERENTIATION_AND_PLATELET_FUNCTION	0.00899767543944445	5	2	3	0.00899767543944445	5	2	3	0.01529705320190634	5.0	3.0	2.0	0.01529705320190634	5.0	3.0	2.0	1.6895674835237018	0.0038363171355498722	0.05750902566852383	ENSMUSG00000081058;ENSMUSG00000069308;ENSMUSG00000063954;ENSMUSG00000075031;ENSMUSG00000031162;ENSMUSG00000049577;ENSMUSG00000069306;ENSMUSG00000071516;ENSMUSG00000071478;ENSMUSG00000069301;ENSMUSG00000069303;ENSMUSG00000074403;ENSMUSG00000069300;ENSMUSG00000061615;ENSMUSG00000069309;ENSMUSG00000094248;ENSMUSG00000038384;ENSMUSG00000062727;ENSMUSG00000069266;ENSMUSG00000069267;ENSMUSG00000048154;ENSMUSG00000049932;ENSMUSG00000018102;ENSMUSG00000094777;ENSMUSG00000069272	True	True	0.0	5	0.0			0.008997675439444462	-0.0031192520132472265	0.011622636088889141	0.008997675439444462	-0.0031192520132472265	0.011622636088889141	0.498567335243553	True	False	-0.009534562866185214	0.0007173019468473347	False	0.07523176016713683	Runx1 Regulates Genes Involved In Megakaryocyte Differentiation And Platelet Function	False	True	True	False	False	False	2	sensitivity-dependent
spleen	R-MMU-2168880_SCAVENGING_OF_HEME_FROM_PLASMA	0.006172636638166665	5	3	2	0.006172636638166666	5	3	2	0.0034490898633034394	5.0	2.0	3.0	0.0034490898633034394	5.0	2.0	3.0	1.1230670912164447	0.26066350710900477	0.44607892587334325	ENSMUSG00000103254;ENSMUSG00000095612;ENSMUSG00000096452;ENSMUSG00000096326;ENSMUSG00000095285;ENSMUSG00000068252;ENSMUSG00000096078;ENSMUSG00000102364;ENSMUSG00000076666;ENSMUSG00000095200;ENSMUSG00000093838;ENSMUSG00000096577;ENSMUSG00000104452;ENSMUSG00000095429;ENSMUSG00000040249;ENSMUSG00000094502;ENSMUSG00000076670;ENSMUSG00000093896;ENSMUSG00000096150;ENSMUSG00000095442;ENSMUSG00000095416;ENSMUSG00000095210;ENSMUSG00000008845;ENSMUSG00000096499;ENSMUSG00000105606;ENSMUSG00000076695	True	True	0.4	5	0.0			0.00617263663816664	-0.10505227926236109	0.006674108009372221	0.00617263663816664	-0.10505227926236109	0.006674108009372221	0.45272206303724927	True	False	-0.00177844295801529	-9.1136598556785e-05	True	0.05124516259913772	Scavenging Of Heme From Plasma	False	True	True	False	False	False	2	sensitivity-dependent
spleen	R-MMU-72766_TRANSLATION	0.009572325812122223	5	3	2	0.009572325812122223	5	3	2	-0.01109712089830216	5.0	1.0	4.0	-0.01109712089830216	5.0	1.0	4.0	-2.5494564940250517	0.0	0.0	ENSMUSG00000064368;ENSMUSG00000064354;ENSMUSG00000064358;ENSMUSG00000064345;ENSMUSG00000050621;ENSMUSG00000064370;ENSMUSG00000064341;ENSMUSG00000064360;ENSMUSG00000064363;ENSMUSG00000039001;ENSMUSG00000058443;ENSMUSG00000090733;ENSMUSG00000078193;ENSMUSG00000068240;ENSMUSG00000064367;ENSMUSG00000064351;ENSMUSG00000062997;ENSMUSG00000039221;ENSMUSG00000036781	False	False	0.6	5	0.0			0.00957232581212222	0.0053353118510305	0.00435730488539998	0.0053353118510305	0.00435730488539998	0.00957232581212222	0.5100286532951289	True	True	0.00417444866371555	0.0028812725157793526	True	0.6902163010946742	Translation	False	False	False	False	True	True	2	sensitivity-dependent
spleen	R-MMU-9006931_SIGNALING_BY_NUCLEAR_RECEPTORS	-0.04806463926388889	5	0	5	-0.04806463926388889	5	0	5	0.005240346840766313	5.0	4.0	1.0	0.005240346840766313	5.0	4.0	1.0	1.2894541956974657	0.10266159695817491	0.25298176975701847	ENSMUSG00000081058;ENSMUSG00000069308;ENSMUSG00000075031;ENSMUSG00000069306;ENSMUSG00000069303;ENSMUSG00000024222;ENSMUSG00000074403;ENSMUSG00000069300;ENSMUSG00000074207;ENSMUSG00000005533;ENSMUSG00000041417;ENSMUSG00000015243;ENSMUSG00000062727;ENSMUSG00000015846;ENSMUSG00000069266;ENSMUSG00000069267;ENSMUSG00000053279;ENSMUSG00000048490;ENSMUSG00000018102	False	False	1.0	5	0.0			-0.04806463926388886	0.05826383978274442	0.0035752422138888794	0.0035752422138888794	-0.04806463926388886	0.05826383978274442	0.7392550143266475	True	False	-0.03727673977638063	-0.019048884854818936	True	0.5110126306402132	Signaling By Nuclear Receptors	False	False	False	True	False	True	2	sensitivity-dependent
spleen	R-MMU-389948_CO_INHIBITION_BY_PD_1	0.005601660400555557	5	3	2	0.005601660400555557	5	3	2	-0.002984983049489625	5.0	2.0	3.0	-0.002984983049489625	5.0	2.0	3.0	1.3021750509401655	0.09759188846641319	0.2406504223169182	ENSMUSG00000081058;ENSMUSG00000069308;ENSMUSG00000063954;ENSMUSG00000075031;ENSMUSG00000069306;ENSMUSG00000071516;ENSMUSG00000071478;ENSMUSG00000069301;ENSMUSG00000069303;ENSMUSG00000074403;ENSMUSG00000069300;ENSMUSG00000009092;ENSMUSG00000061615;ENSMUSG00000069309;ENSMUSG00000094248;ENSMUSG00000062727;ENSMUSG00000069266;ENSMUSG00000026622;ENSMUSG00000069267;ENSMUSG00000049932;ENSMUSG00000029060;ENSMUSG00000018102;ENSMUSG00000094777;ENSMUSG00000069272	False	True	0.6	5	0.0			0.00560166040055552	-0.015880107399999958	0.0033694889772222	0.0033694889772222	-0.015880107399999958	0.00560166040055552	0.44412607449856734	True	False	0.0018872982854783345	0.0018803815414647081	True	0.9963351081983983	Co Inhibition By Pd 1	False	False	True	False	False	True	2	sensitivity-dependent
spleen	R-MMU-9855142_CELLULAR_RESPONSES_TO_MECHANICAL_STIMULI	-0.0010969744706999997	5	3	2	-0.0010969744706999997	5	3	2	-0.0014910486129704275	5.0	2.0	3.0	-0.0014910486129704275	5.0	2.0	3.0	0.9243395779069028	0.5862068965517241	0.7058564487162065	ENSMUSG00000021823;ENSMUSG00000002997;ENSMUSG00000021699;ENSMUSG00000026193;ENSMUSG00000059588;ENSMUSG00000001240	True	False	0.2	5	0.0			-0.0010969744707000064	0.0029803025356555995	0.009642941713472202	0.0029803025356555995	-0.0010969744707000064	0.009642941713472202	0.2034383954154728	True	False	-0.0007850761407062026	-0.00055629416889234	True	0.7085862632278375	Cellular Responses To Mechanical Stimuli	False	True	False	False	False	True	2	sensitivity-dependent
spleen	R-MMU-74160_GENE_EXPRESSION_TRANSCRIPTION	-0.01266480455555552	5	1	4	-0.01266480455555552	5	1	4	0.0055215772270034175	5.0	3.0	2.0	0.0055215772270034175	5.0	3.0	2.0	1.4082114290666996	0.004305705059203444	0.15428093221998476	ENSMUSG00000081058;ENSMUSG00000069308;ENSMUSG00000038146;ENSMUSG00000063954;ENSMUSG00000019942;ENSMUSG00000075031;ENSMUSG00000031162;ENSMUSG00000049577;ENSMUSG00000028717;ENSMUSG00000021701;ENSMUSG00000020185;ENSMUSG00000069306;ENSMUSG00000071516;ENSMUSG00000071478;ENSMUSG00000046179;ENSMUSG00000028278;ENSMUSG00000061436;ENSMUSG00000069301;ENSMUSG00000069303;ENSMUSG00000026923;ENSMUSG00000002068;ENSMUSG00000107068;ENSMUSG00000017146;ENSMUSG00000074403;ENSMUSG00000069300;ENSMUSG00000020108;ENSMUSG00000030528;ENSMUSG00000061615;ENSMUSG00000069309;ENSMUSG00000094248;ENSMUSG00000023067;ENSMUSG00000038384;ENSMUSG00000027469;ENSMUSG00000062727;ENSMUSG00000005893;ENSMUSG00000015846;ENSMUSG00000069266;ENSMUSG00000069267;ENSMUSG00000055320;ENSMUSG00000039748;ENSMUSG00000038482;ENSMUSG00000022360;ENSMUSG00000026873;ENSMUSG00000020897;ENSMUSG00000048154;ENSMUSG00000015709;ENSMUSG00000049932;ENSMUSG00000004044;ENSMUSG00000044201;ENSMUSG00000026603;ENSMUSG00000026196;ENSMUSG00000034218;ENSMUSG00000004099;ENSMUSG00000018102;ENSMUSG00000062175;ENSMUSG00000094777;ENSMUSG00000069272;ENSMUSG00000078903;ENSMUSG00000047888;ENSMUSG00000099517;ENSMUSG00000000184;ENSMUSG00000032402;ENSMUSG00000041431;ENSMUSG00000038332;ENSMUSG00000021377;ENSMUSG00000028680;ENSMUSG00000025151;ENSMUSG00000002028;ENSMUSG00000029478;ENSMUSG00000018474;ENSMUSG00000069307;ENSMUSG00000032238;ENSMUSG00000028842;ENSMUSG00000021690;ENSMUSG00000030530;ENSMUSG00000047789;ENSMUSG00000026389;ENSMUSG00000022475;ENSMUSG00000027342;ENSMUSG00000089715;ENSMUSG00000027715;ENSMUSG00000027395;ENSMUSG00000042207;ENSMUSG00000028150;ENSMUSG00000029050;ENSMUSG00000003031;ENSMUSG00000069274;ENSMUSG00000040463;ENSMUSG00000024985;ENSMUSG00000025507;ENSMUSG00000020423;ENSMUSG00000024298;ENSMUSG00000002625;ENSMUSG00000027496;ENSMUSG00000054387;ENSMUSG00000040274;ENSMUSG00000026826;ENSMUSG00000069310;ENSMUSG00000034165;ENSMUSG00000030213;ENSMUSG00000039989;ENSMUSG00000039910;ENSMUSG00000070691;ENSMUSG00000026565;ENSMUSG00000015053;ENSMUSG00000001542;ENSMUSG00000060093	False	False	0.8	5	0.0			-0.01266480455555552	0.01902844530555552	0.002590639333333539	0.002590639333333539	-0.01266480455555552	0.01902844530555552	0.5472779369627507	True	False	-0.01139794026168224	-0.03898923203935046	True	3.420726126318193	Gene Expression Transcription	False	False	False	True	False	True	2	sensitivity-dependent
spleen	R-MMU-416482_G_ALPHA_12_13_SIGNALLING_EVENTS	0.0019222928120833308	5	2	3	0.0019222928120833308	5	2	3	0.005980832349281729	5.0	4.0	1.0	0.005980832349281729	5.0	4.0	1.0	1.3145111026483964	0.12398921832884097	0.2279992583781432	ENSMUSG00000061462;ENSMUSG00000059495;ENSMUSG00000022263;ENSMUSG00000054364;ENSMUSG00000041977;ENSMUSG00000027699;ENSMUSG00000009621;ENSMUSG00000066406;ENSMUSG00000039621;ENSMUSG00000017631	True	True	0.0	5	0.0			0.0019222928120833198	0.059631394367222215	-0.0002537757935967133	0.0019222928120833198	-0.0002537757935967133	0.059631394367222215	0.28653295128939826	True	False	0.0038564466933491887	-0.0011433316723057417	False	0.2964728319148107	G Alpha 12 13 Signalling Events	False	True	True	False	False	False	2	sensitivity-dependent
spleen	R-MMU-69206_G1_S_TRANSITION	0.001553287349722222	5	3	2	0.001553287349722222	5	3	2	0.007466558616410349	5.0	2.0	3.0	0.00746655861641035	5.0	2.0	3.0	1.2454743324400919	0.18244170096021947	0.28956915516804455	ENSMUSG00000017499;ENSMUSG00000002068;ENSMUSG00000040957;ENSMUSG00000023067;ENSMUSG00000002870;ENSMUSG00000007080;ENSMUSG00000029730;ENSMUSG00000006678;ENSMUSG00000022673;ENSMUSG00000027715;ENSMUSG00000003031;ENSMUSG00000031016;ENSMUSG00000028587;ENSMUSG00000041859;ENSMUSG00000005410	True	True	0.4	5	0.0			0.00155328734972222	0.0037051364926499798	-0.00032479449675551996	0.00155328734972222	-0.00032479449675551996	0.0037051364926499798	0.2693409742120344	True	False	0.00020744717167374684	-0.00039946669508103295	False	1.9256309539340268	G1 S Transition	False	True	True	False	False	False	2	sensitivity-dependent
spleen	R-MMU-5693565_RECRUITMENT_AND_ATM_MEDIATED_PHOSPHORYLATION_OF_REPAIR_AND_SIGNALING_PROTEINS_AT_DNA_DOUBLE_STRAND_BREAKS	-0.016339821569444468	5	0	5	-0.016339821569444468	5	0	5	0.009948152593605885	5.0	3.0	2.0	0.009948152593605885	5.0	3.0	2.0	1.456203247133585	0.038781163434903045	0.12266677546385046	ENSMUSG00000069308;ENSMUSG00000075031;ENSMUSG00000069306;ENSMUSG00000069303;ENSMUSG00000017146;ENSMUSG00000017897;ENSMUSG00000069300;ENSMUSG00000062727;ENSMUSG00000069266;ENSMUSG00000049932;ENSMUSG00000026196;ENSMUSG00000034218;ENSMUSG00000018102;ENSMUSG00000030451	False	False	1.0	5	0.0			-0.0163398215694444	0.00130335176403058	0.00155283401660108	0.00130335176403058	-0.0163398215694444	0.00155283401660108	0.5787965616045845	True	False	-0.014374165076635513	-0.010035891430758278	True	0.6981895210784185	Recruitment And Atm Mediated Phosphorylation Of Repair And Signaling Proteins At Dna Double Strand Breaks	False	False	False	True	False	True	2	sensitivity-dependent
spleen	R-MMU-9764265_REGULATION_OF_CDH1_EXPRESSION_AND_FUNCTION	0.0012048336561361114	5	3	2	0.0012048336561361114	5	3	2	0.009136731093000039	5.0	3.0	2.0	0.009136731093000039	5.0	3.0	2.0	1.5522673442234656	0.022871664548919948	0.07944906318669392	ENSMUSG00000081058;ENSMUSG00000069308;ENSMUSG00000063954;ENSMUSG00000075031;ENSMUSG00000069306;ENSMUSG00000071516;ENSMUSG00000071478;ENSMUSG00000021823;ENSMUSG00000069301;ENSMUSG00000069303;ENSMUSG00000034101;ENSMUSG00000074403;ENSMUSG00000069300;ENSMUSG00000061615;ENSMUSG00000069309;ENSMUSG00000094248;ENSMUSG00000062727;ENSMUSG00000069266;ENSMUSG00000069267	True	True	0.6	5	0.0			0.0012048336561360801	-0.007020743086038879	0.010905018174138862	0.0012048336561360801	-0.007020743086038879	0.010905018174138862	0.23209169054441262	True	False	0.0008108150753824978	-1.860315991522253e-05	False	0.02294377655280594	Regulation Of Cdh1 Expression And Function	False	True	True	False	False	False	2	sensitivity-dependent
spleen	R-MMU-202424_DOWNSTREAM_TCR_SIGNALING	0.004942568347611113	5	3	2	0.004942568347611113	5	3	2	-0.01748142873070916	5.0	1.0	4.0	-0.01748142873070916	5.0	1.0	4.0	-2.119651281208661	0.0	0.0017790273095274203	ENSMUSG00000076490;ENSMUSG00000036594;ENSMUSG00000060586;ENSMUSG00000030775;ENSMUSG00000076498;ENSMUSG00000076928;ENSMUSG00000073421;ENSMUSG00000002033;ENSMUSG00000068240	False	False	0.4	5	0.0			0.00494256834761112	0.00015287215933330002	0.0011597233125000001	0.0011597233125000001	0.00015287215933330002	0.00494256834761112	0.41260744985673353	True	True	0.0006093292058385699	0.0005453411854136153	True	0.8949861260352799	Downstream Tcr Signaling	False	False	False	False	True	True	2	sensitivity-dependent
spleen	R-MMU-9843940_REGULATION_OF_ENDOGENOUS_RETROELEMENTS_BY_KRAB_ZFP_PROTEINS	-0.004130127785254445	5	1	4	-0.004130127785254445	5	1	4	0.009748656804852509	5.0	3.0	2.0	0.009748656804852509	5.0	3.0	2.0	1.5471864804294564	0.018229166666666668	0.07908248524491424	ENSMUSG00000081058;ENSMUSG00000069308;ENSMUSG00000063954;ENSMUSG00000075031;ENSMUSG00000069306;ENSMUSG00000071516;ENSMUSG00000071478;ENSMUSG00000069301;ENSMUSG00000069303;ENSMUSG00000074403;ENSMUSG00000069300;ENSMUSG00000061615;ENSMUSG00000069309;ENSMUSG00000094248;ENSMUSG00000062727;ENSMUSG00000069266;ENSMUSG00000069267;ENSMUSG00000049932;ENSMUSG00000018102;ENSMUSG00000094777;ENSMUSG00000069272;ENSMUSG00000078903;ENSMUSG00000099517	False	False	0.8	5	0.0			-0.00413012778525442	0.0029119957160722064	0.0010415227095277933	0.0010415227095277933	-0.00413012778525442	0.0029119957160722064	0.3982808022922636	True	False	-0.0023926072601891933	-0.001384588022784833	True	0.5786942327824199	Regulation Of Endogenous Retroelements By Krab Zfp Proteins	False	False	False	True	False	True	2	sensitivity-dependent
spleen	R-MMU-8939211_ESR_MEDIATED_SIGNALING	0.009054994294444474	5	3	2	0.009054994294444474	5	3	2	0.00675602253565122	5.0	4.0	1.0	0.00675602253565122	5.0	4.0	1.0	1.3120413264736848	0.0977542932628798	0.22815364684206507	ENSMUSG00000081058;ENSMUSG00000069308;ENSMUSG00000075031;ENSMUSG00000069306;ENSMUSG00000069303;ENSMUSG00000024222;ENSMUSG00000074403;ENSMUSG00000069300;ENSMUSG00000005533;ENSMUSG00000041417;ENSMUSG00000062727;ENSMUSG00000069266;ENSMUSG00000069267	True	True	0.4	5	0.0			0.009054994294444459	-0.05370028381666668	0.0006934155633777601	0.0006934155633777601	-0.05370028381666668	0.009054994294444459	0.501432664756447	True	False	-0.0064388608570943055	0.007393977784034014	False	1.1483363203737142	Esr Mediated Signaling	False	True	True	False	False	False	2	sensitivity-dependent
spleen	R-MMU-389357_CD28_DEPENDENT_PI3K_AKT_SIGNALING	0.00046512756522222164	5	4	1	0.0004651275652222217	5	4	1	-0.011512340803515982	5.0	1.0	4.0	-0.011512340803515982	5.0	1.0	4.0	0.46940514260935345	0.9956140350877193	0.9960922436177597	ENSMUSG00000041417;ENSMUSG00000032715	False	True	0.4	5	0.0			0.00046512756522218	0.0007202394896250001		0.00059268352742359	0.00046512756522218	0.0007202394896250001	0.0830945558739255	False	False	2.1298479906202192e-05	0.00027121025012441833	True	12.733784350752702	Cd28 Dependent Pi3K Akt Signaling	False	False	True	False	False	True	2	sensitivity-dependent
spleen	R-MMU-168164_TOLL_LIKE_RECEPTOR_3_TLR3_CASCADE	0.0006483791456888894	5	2	3	0.0006483791456888894	5	2	3	-0.003782840708089294	5.0	2.0	3.0	-0.003782840708089294	5.0	2.0	3.0	0.8361980266872456	0.7132667617689016	0.8197041089997379	ENSMUSG00000109061;ENSMUSG00000021250;ENSMUSG00000018932;ENSMUSG00000052684;ENSMUSG00000022892;ENSMUSG00000030107;ENSMUSG00000025498;ENSMUSG00000019960;ENSMUSG00000046688;ENSMUSG00000031652	False	True	0.2	5	0.0			0.0006483791456889	-6.348373728892005e-05	0.0005605048383916733	0.0005605048383916733	-6.348373728892005e-05	0.0006483791456889	0.12320916905444126	True	False	0.0008373187997556498	0.0018596392234473662	True	2.220945264802432	Toll Like Receptor 3 Tlr3 Cascade	False	False	True	False	False	True	2	sensitivity-dependent
spleen	R-MMU-2555396_MITOTIC_METAPHASE_AND_ANAPHASE	-0.005553819478683336	5	1	4	-0.005553819478683336	5	1	4	0.006653543809169639	5.0	3.0	2.0	0.006653543809169639	5.0	3.0	2.0	1.3161787041888129	0.089058524173028	0.22697977474192474	ENSMUSG00000019942;ENSMUSG00000026605;ENSMUSG00000023940;ENSMUSG00000031756;ENSMUSG00000058290;ENSMUSG00000028063;ENSMUSG00000036223;ENSMUSG00000068101;ENSMUSG00000027115;ENSMUSG00000040084;ENSMUSG00000028678;ENSMUSG00000045328;ENSMUSG00000024791;ENSMUSG00000021714;ENSMUSG00000020897;ENSMUSG00000001403;ENSMUSG00000028896;ENSMUSG00000019773;ENSMUSG00000006398;ENSMUSG00000028614;ENSMUSG00000040549;ENSMUSG00000041431;ENSMUSG00000031262;ENSMUSG00000032218;ENSMUSG00000024660;ENSMUSG00000016255;ENSMUSG00000029414;ENSMUSG00000029910;ENSMUSG00000024056;ENSMUSG00000028873;ENSMUSG00000036752;ENSMUSG00000026039	False	False	0.8	5	0.0			-0.00555381947868328	0.013287414658333297	0.0005093172933410999	0.0005093172933410999	-0.00555381947868328	0.013287414658333297	0.44126074498567336	True	False	-0.0031544017559666936	-0.003965683946042537	True	1.2571905080071892	Mitotic Metaphase And Anaphase	False	False	False	True	False	True	2	sensitivity-dependent
spleen	R-MMU-9696270_RND2_GTPASE_CYCLE	0.0005086285128342223	5	3	2	0.0005086285128342223	5	3	2	0.01462246109974712	5.0	4.0	1.0	0.01462246109974712	5.0	4.0	1.0	1.7492563712947167	0.0028530670470756064	0.061902497071019066	ENSMUSG00000021782;ENSMUSG00000041498;ENSMUSG00000034573;ENSMUSG00000021697;ENSMUSG00000022797;ENSMUSG00000030123;ENSMUSG00000041417;ENSMUSG00000026131;ENSMUSG00000006445	True	True	0.2	5	0.0			0.00050862851283422	0.00146597012444442	-0.00066529115855496	0.00050862851283422	-0.00066529115855496	0.00146597012444442	0.08882521489971347	True	False	-6.291628080345948e-05	0.000289631539824128	False	4.603443435076704	Rnd2 Gtpase Cycle	False	True	True	False	False	False	2	sensitivity-dependent
spleen	R-MMU-983189_KINESINS	0.0739974087813888	5	3	2	0.0739974087813888	5	3	2	0.008557501441483924	5.0	3.0	2.0	0.008557501441483924	5.0	3.0	2.0	1.1429569366633785	0.30191256830601093	0.4171180745778384	ENSMUSG00000051378;ENSMUSG00000012443;ENSMUSG00000079553;ENSMUSG00000030677;ENSMUSG00000034311;ENSMUSG00000027115;ENSMUSG00000028678;ENSMUSG00000045328;ENSMUSG00000032254;ENSMUSG00000060012;ENSMUSG00000023015;ENSMUSG00000063077;ENSMUSG00000016255;ENSMUSG00000024795;ENSMUSG00000041642;ENSMUSG00000036752;ENSMUSG00000036768	True	True	0.4	5	0.6	0.0	3.0	0.0739974087813888	0.00048735772238055994	-0.0014195058786346999	0.00048735772238055994	-0.0014195058786346999	0.0739974087813888	0.8481375358166189	True	False	-0.028847393332438322	0.028243540361610267	False	0.9790673297975581	Kinesins	False	True	True	False	False	False	2	sensitivity-dependent
spleen	R-MMU-9860931_RESPONSE_OF_ENDOTHELIAL_CELLS_TO_SHEAR_STRESS	0.011875838725000021	5	3	2	0.011875838725000021	5	3	2	-0.0014910486129704275	5.0	2.0	3.0	-0.0014910486129704275	5.0	2.0	3.0	0.9243395779069028	0.5862068965517241	0.7058564487162065	ENSMUSG00000021823;ENSMUSG00000002997;ENSMUSG00000021699;ENSMUSG00000026193;ENSMUSG00000059588;ENSMUSG00000001240	False	True	0.2	5	0.2	0.0	1.0	0.011875838724999997	-0.00142734937064996	0.00045999221556389334	0.00045999221556389334	-0.00142734937064996	0.011875838724999997	0.5386819484240688	True	False	0.051128954995751937	0.053074073921901006	True	1.038043392952402	Response Of Endothelial Cells To Shear Stress	False	False	True	False	False	True	2	sensitivity-dependent
spleen	R-MMU-181438_TOLL_LIKE_RECEPTOR_2_TLR2_CASCADE	-0.002016473414333332	5	3	2	-0.002016473414333332	5	3	2	-0.005172059020192585	5.0	2.0	3.0	-0.005172059020192585	5.0	2.0	3.0	0.8237835597494797	0.7136690647482015	0.8123500977408236	ENSMUSG00000109061;ENSMUSG00000021250;ENSMUSG00000018932;ENSMUSG00000052684;ENSMUSG00000022892;ENSMUSG00000030107	True	False	0.4	5	0.0			-0.0020164734143333202	0.0003778387302222	0.0006720165385888999	0.0003778387302222	-0.0020164734143333202	0.0006720165385888999	0.28939828080229224	True	False	-0.0009622459804587939	-0.0012984301603868147	True	1.3493744705150443	Toll Like Receptor 2 Tlr2 Cascade	False	True	False	False	False	True	2	sensitivity-dependent
spleen	R-MMU-204998_CELL_DEATH_SIGNALLING_VIA_NRAGE_NRIF_AND_NADE	-0.0011591253441822224	5	0	5	-0.0011591253441822224	5	0	5	0.006745324146384024	5.0	3.0	2.0	0.006745324146384024	5.0	3.0	2.0	1.3251024776564642	0.12364130434782608	0.2187484161466731	ENSMUSG00000061462;ENSMUSG00000059495;ENSMUSG00000022263;ENSMUSG00000041977;ENSMUSG00000000120;ENSMUSG00000027699;ENSMUSG00000009621;ENSMUSG00000027381;ENSMUSG00000066406;ENSMUSG00000039621;ENSMUSG00000017631	False	False	1.0	5	0.0			-0.0011591253441821734	0.00034778880556941995	0.00373591754505552	0.00034778880556941995	-0.0011591253441821734	0.00373591754505552	0.22349570200573066	True	False	-0.0012770704987863043	-0.001546759915411385	True	1.211178174487146	Cell Death Signalling Via Nrage Nrif And Nade	False	False	False	True	False	True	2	sensitivity-dependent
spleen	R-MMU-2467813_SEPARATION_OF_SISTER_CHROMATIDS	-0.0009764469275833334	5	0	5	-0.0009764469275833334	5	0	5	0.00418785827210483	5.0	3.0	2.0	0.00418785827210483	5.0	3.0	2.0	1.1284446111458335	0.2842377260981912	0.4378086523044977	ENSMUSG00000026605;ENSMUSG00000023940;ENSMUSG00000031756;ENSMUSG00000058290;ENSMUSG00000036223;ENSMUSG00000068101;ENSMUSG00000027115;ENSMUSG00000040084;ENSMUSG00000028678;ENSMUSG00000045328;ENSMUSG00000024791;ENSMUSG00000021714;ENSMUSG00000020897;ENSMUSG00000001403;ENSMUSG00000006398;ENSMUSG00000040549;ENSMUSG00000031262;ENSMUSG00000024660;ENSMUSG00000016255;ENSMUSG00000029414;ENSMUSG00000029910;ENSMUSG00000024056;ENSMUSG00000028873;ENSMUSG00000036752;ENSMUSG00000026039	False	False	1.0	5	0.0			-0.0009764469275832799	0.0038103926639444204	0.0003136889713389	0.0003136889713389	-0.0009764469275832799	0.0038103926639444204	0.17765042979942694	True	False	-0.0009124483590484292	-0.0012230837921065958	True	1.3404416589472756	Separation Of Sister Chromatids	False	False	False	True	False	True	2	sensitivity-dependent
spleen	R-MMU-8866654_E3_UBIQUITIN_LIGASES_UBIQUITINATE_TARGET_PROTEINS	-0.00107328035589	5	1	4	-0.00107328035589	5	1	4	0.0036064977667405436	5.0	2.0	3.0	0.0036064977667405436	5.0	2.0	3.0	1.3419485092043961	0.1274787535410765	0.20672229817576823	ENSMUSG00000069308;ENSMUSG00000075031;ENSMUSG00000069303;ENSMUSG00000069300;ENSMUSG00000062727	False	False	0.8	5	0.0			-0.00107328035588998	0.00028950121468888	0.0014964282308016197	0.00028950121468888	-0.00107328035588998	0.0014964282308016197	0.19197707736389685	True	False	-0.0007432023029591505	-0.0015392528907368322	True	2.071108881939829	E3 Ubiquitin Ligases Ubiquitinate Target Proteins	False	False	False	True	False	True	2	sensitivity-dependent
spleen	R-MMU-9013106_RHOC_GTPASE_CYCLE	-0.0010879195855166667	5	1	4	-0.0010879195855166667	5	1	4	0.010207413150805833	5.0	3.0	2.0	0.010207413150805833	5.0	3.0	2.0	1.4980856411389825	0.022193211488250653	0.10014583421761028	ENSMUSG00000059495;ENSMUSG00000026880;ENSMUSG00000021697;ENSMUSG00000022797;ENSMUSG00000024812;ENSMUSG00000032135;ENSMUSG00000041417;ENSMUSG00000041977;ENSMUSG00000004044;ENSMUSG00000023015;ENSMUSG00000009621;ENSMUSG00000066406;ENSMUSG00000039621;ENSMUSG00000017631;ENSMUSG00000036777;ENSMUSG00000118193;ENSMUSG00000036053;ENSMUSG00000039031;ENSMUSG00000023008;ENSMUSG00000028068;ENSMUSG00000035133;ENSMUSG00000040940;ENSMUSG00000040964;ENSMUSG00000020272;ENSMUSG00000001552	False	False	0.8	5	0.0			-0.00108791958551664	0.0010100397431888801	0.00019688158661389997	0.00019688158661389997	-0.00108791958551664	0.0010100397431888801	0.1977077363896848	True	False	-0.0009705218842525065	-0.00100649682066393	True	1.0370676200043971	Rhoc Gtpase Cycle	False	False	False	True	False	True	2	sensitivity-dependent
spleen	R-MMU-69002_DNA_REPLICATION_PRE_INITIATION	0.0008358223014833328	5	2	3	0.0008358223014833328	5	2	3	0.008210655383158032	5.0	2.0	3.0	0.00821065538315803	5.0	2.0	3.0	1.1545144441132105	0.2849083215796897	0.3994643506355671	ENSMUSG00000017499;ENSMUSG00000002870;ENSMUSG00000007080;ENSMUSG00000029730;ENSMUSG00000001403;ENSMUSG00000006678;ENSMUSG00000022673;ENSMUSG00000028587;ENSMUSG00000041859;ENSMUSG00000005410	True	True	0.2	5	0.0			0.00083582230148334	0.00016139293751114004	-0.0007246757048666599	0.00016139293751114004	-0.0007246757048666599	0.00083582230148334	0.16332378223495703	True	False	-0.0006160478063343416	4.1892031878251325e-05	False	0.06800126783588556	Dna Replication Pre Initiation	False	True	True	False	False	False	2	sensitivity-dependent
spleen	R-MMU-199418_NEGATIVE_REGULATION_OF_THE_PI3K_AKT_NETWORK	-0.01947607460277776	5	2	3	-0.01947607460277776	5	2	3	-0.0021383041289432503	5.0	2.0	3.0	-0.0021383041289432503	5.0	2.0	3.0	1.0228096108074132	0.42251655629139073	0.5783917231956927	ENSMUSG00000031714;ENSMUSG00000024620;ENSMUSG00000041417;ENSMUSG00000038894;ENSMUSG00000026069;ENSMUSG00000032715;ENSMUSG00000044340;ENSMUSG00000005534;ENSMUSG00000110206	True	False	0.4	5	0.0			-0.01947607460277774	0.028784034439594458	0.0001469671220922	0.0001469671220922	-0.01947607460277774	0.028784034439594458	0.5931232091690545	True	False	0.003917374058793543	0.002633141666391475	True	0.6721700881437958	Negative Regulation Of The Pi3K Akt Network	False	True	False	False	False	True	2	sensitivity-dependent
spleen	R-MMU-176187_ACTIVATION_OF_ATR_IN_RESPONSE_TO_REPLICATION_STRESS	-0.001098349160565	5	1	4	-0.001098349160565	5	1	4	0.012384951308621803	5.0	2.0	3.0	0.012384951308621803	5.0	2.0	3.0	1.2942465745843699	0.15072463768115943	0.25105780919853987	ENSMUSG00000017499;ENSMUSG00000042489;ENSMUSG00000002870;ENSMUSG00000029730;ENSMUSG00000044201;ENSMUSG00000022673;ENSMUSG00000028587;ENSMUSG00000041859;ENSMUSG00000005410;ENSMUSG00000000028;ENSMUSG00000032113;ENSMUSG00000026355	False	False	0.8	5	0.0			-0.00109834916056498	0.00010156047662220006	0.0002935659484477867	0.00010156047662220006	-0.00109834916056498	0.0002935659484477867	0.20630372492836677	True	False	-0.0011471969829347157	-0.000937512995634077	True	0.8172205903434011	Activation Of Atr In Response To Replication Stress	False	False	False	True	False	True	2	sensitivity-dependent
spleen	R-MMU-4420097_VEGFA_VEGFR2_PATHWAY	0.0016750241146666674	5	3	2	0.0016750241146666674	5	3	2	-0.00046920941912418913	5.0	2.0	3.0	-0.00046920941912418913	5.0	2.0	3.0	1.2127612049574936	0.19919246298788695	0.3257481585327655	ENSMUSG00000023951;ENSMUSG00000058325;ENSMUSG00000034101;ENSMUSG00000062960;ENSMUSG00000041417;ENSMUSG00000032715;ENSMUSG00000022610;ENSMUSG00000002602;ENSMUSG00000009621;ENSMUSG00000016933	False	True	0.4	5	0.0			0.0016750241146666796	-0.00282143871365272	8.883838306108001e-05	8.883838306108001e-05	-0.00282143871365272	0.0016750241146666796	0.27507163323782235	True	False	-0.0007308147262446896	-0.0005393378474664306	True	0.7379953196042341	Vegfa Vegfr2 Pathway	False	False	True	False	False	True	2	sensitivity-dependent
spleen	R-MMU-5693571_NONHOMOLOGOUS_END_JOINING_NHEJ	7.128082756666619e-05	5	2	3	7.128082756666619e-05	5	2	3	0.011701181280538384	5.0	3.0	2.0	0.011701181280538384	5.0	3.0	2.0	1.4716759941768367	0.045020463847203276	0.11650951457015436	ENSMUSG00000069308;ENSMUSG00000075031;ENSMUSG00000069306;ENSMUSG00000069303;ENSMUSG00000017146;ENSMUSG00000069300;ENSMUSG00000062727;ENSMUSG00000069266;ENSMUSG00000049932;ENSMUSG00000026196;ENSMUSG00000034218;ENSMUSG00000018102;ENSMUSG00000030451	True	True	0.0	5	0.0			7.128082756666669e-05	0.00160164802023888	-0.0004464088144883266	7.128082756666669e-05	-0.0004464088144883266	0.00160164802023888	0.017191977077363897	True	False	9.157417260526739e-05	-0.00014538563220700698	False	1.5876270357767266	Nonhomologous End Joining Nhej	False	True	True	False	False	False	2	sensitivity-dependent
spleen	R-MMU-9943965_CHD3_CHD4_CHD5_SUBFAMILY	5.112001554999982e-05	5	3	2	5.112001554999982e-05	5	3	2	0.011820672737937622	5.0	3.0	2.0	0.011820672737937622	5.0	3.0	2.0	1.700500941190408	0.005108556832694764	0.06253879292931147	ENSMUSG00000081058;ENSMUSG00000069308;ENSMUSG00000051149;ENSMUSG00000063954;ENSMUSG00000075031;ENSMUSG00000069306;ENSMUSG00000071516;ENSMUSG00000071478;ENSMUSG00000069301;ENSMUSG00000069303;ENSMUSG00000074403;ENSMUSG00000069300;ENSMUSG00000061615;ENSMUSG00000069309;ENSMUSG00000094248;ENSMUSG00000062727;ENSMUSG00000005893;ENSMUSG00000071064;ENSMUSG00000069266;ENSMUSG00000069267;ENSMUSG00000078154	True	True	0.0	5	0.0			5.1120015549980085e-05	-0.00249810916930556	0.00041787357164999994	5.1120015549980085e-05	-0.00249810916930556	0.00041787357164999994	0.008595988538681949	True	False	-0.00035001075224876777	0.00018584822606331367	False	0.5309786195688734	Chd3 Chd4 Chd5 Subfamily	False	True	True	False	False	False	2	sensitivity-dependent
spleen	R-MMU-141444_AMPLIFICATION_OF_SIGNAL_FROM_UNATTACHED_KINETOCHORES_VIA_A_MAD2_INHIBITORY_SIGNAL	0.0013147828607777772	5	2	3	0.0013147828607777772	5	2	3	0.010876933097536064	5.0	3.0	2.0	0.010876933097536064	5.0	3.0	2.0	1.419707440281679	0.04891304347826087	0.14572573607332073	ENSMUSG00000026605;ENSMUSG00000023940;ENSMUSG00000031756;ENSMUSG00000036223;ENSMUSG00000068101;ENSMUSG00000027115;ENSMUSG00000040084;ENSMUSG00000028678;ENSMUSG00000045328;ENSMUSG00000021714;ENSMUSG00000020897;ENSMUSG00000006398;ENSMUSG00000040549;ENSMUSG00000031262;ENSMUSG00000024660;ENSMUSG00000029414;ENSMUSG00000029910;ENSMUSG00000024056;ENSMUSG00000028873;ENSMUSG00000026039	True	True	0.2	5	0.0			0.0013147828607777599	6.508363116639634e-06	-0.00011575117899444002	6.508363116639634e-06	-0.00011575117899444002	0.0013147828607777599	0.24068767908309455	True	False	-4.4998485885131424e-05	0.0004871561003961473	False	10.826055384168278	Amplification Of Signal From Unattached Kinetochores Via A Mad2 Inhibitory Signal	False	True	True	False	False	False	2	sensitivity-dependent
spleen	R-MMU-74752_SIGNALING_BY_INSULIN_RECEPTOR	-0.006576477817422223	5	1	4	-0.006576477817422223	5	1	4	0.012602513496620327	5.0	4.0	1.0	0.012602513496620327	5.0	4.0	1.0	1.5600061825654141	0.024079320113314446	0.07795407879671093	ENSMUSG00000031714;ENSMUSG00000020176;ENSMUSG00000045322;ENSMUSG00000041417;ENSMUSG00000038894;ENSMUSG00000033295;ENSMUSG00000032715;ENSMUSG00000005534;ENSMUSG00000110206;ENSMUSG00000056999	False	False	0.8	5	0.0			-0.006576477817422201	-2.600115210293257e-06	5.6109918127779994e-05	-2.600115210293257e-06	-0.006576477817422201	5.6109918127779994e-05	0.4584527220630373	True	False	-0.003533037418595753	-0.003221615434586017	True	0.9118543204862195	Signaling By Insulin Receptor	False	False	False	True	False	True	2	sensitivity-dependent
spleen	R-MMU-2565942_REGULATION_OF_PLK1_ACTIVITY_AT_G2_M_TRANSITION	-0.001264091683316668	5	1	4	-0.001264091683316668	5	1	4	0.008021304145594588	5.0	3.0	2.0	0.008021304145594588	5.0	3.0	2.0	1.0053281343812608	0.4806094182825485	0.5887357406315002	ENSMUSG00000019942;ENSMUSG00000026672;ENSMUSG00000002997;ENSMUSG00000025758;ENSMUSG00000026622;ENSMUSG00000040549;ENSMUSG00000041431;ENSMUSG00000032218;ENSMUSG00000036752;ENSMUSG00000027496	False	False	0.8	5	0.0			-0.00126409168331664	0.00013747414972221998	-5.628839486942666e-05	-5.628839486942666e-05	-0.00126409168331664	0.00013747414972221998	0.23782234957020057	True	False	-0.0004588432662953272	-0.0005463578553546617	True	1.1907287204319723	Regulation Of Plk1 Activity At G2 M Transition	False	False	False	True	False	True	2	sensitivity-dependent
spleen	R-MMU-9909648_REGULATION_OF_PD_L1_CD274_EXPRESSION	-0.054276177036111185	5	0	5	-0.054276177036111185	5	0	5	0.00666256771825644	5.0	2.0	3.0	0.00666256771825644	5.0	2.0	3.0	1.6001931406788483	0.011479591836734694	0.07507382133767201	ENSMUSG00000081058;ENSMUSG00000069308;ENSMUSG00000063954;ENSMUSG00000075031;ENSMUSG00000069306;ENSMUSG00000071516;ENSMUSG00000071478;ENSMUSG00000069301;ENSMUSG00000069303;ENSMUSG00000074403;ENSMUSG00000069300;ENSMUSG00000009092;ENSMUSG00000061615;ENSMUSG00000069309;ENSMUSG00000094248;ENSMUSG00000062727;ENSMUSG00000069266;ENSMUSG00000026622;ENSMUSG00000069267;ENSMUSG00000049932;ENSMUSG00000029060;ENSMUSG00000018102;ENSMUSG00000094777;ENSMUSG00000069272;ENSMUSG00000099517	False	False	1.0	5	0.0			-0.05427617703611114	0.0575929418444444	-0.00010388436916665967	-0.00010388436916665967	-0.05427617703611114	0.0575929418444444	0.7822349570200573	True	False	-0.031556440460152956	-0.03877130156573396	True	1.2286335530996082	Regulation Of Pd L1 Cd274 Expression	False	False	False	True	False	True	2	sensitivity-dependent
spleen	R-MMU-68962_ACTIVATION_OF_THE_PRE_REPLICATIVE_COMPLEX	-0.000968861039188889	5	1	4	-0.000968861039188889	5	1	4	0.011613713285747392	5.0	2.0	3.0	0.011613713285747392	5.0	2.0	3.0	1.2649790564098027	0.17167381974248927	0.27193397517996415	ENSMUSG00000017499;ENSMUSG00000002870;ENSMUSG00000007080;ENSMUSG00000029730;ENSMUSG00000006678;ENSMUSG00000022673;ENSMUSG00000028587;ENSMUSG00000041859;ENSMUSG00000005410;ENSMUSG00000000028;ENSMUSG00000026355	False	False	0.8	5	0.0			-0.00096886103918886	-0.00013014496054442	0.0007591644138471934	-0.00013014496054442	-0.00096886103918886	0.0007591644138471934	0.17478510028653296	True	False	-0.0006152101322847919	-0.0008131346672284845	True	1.3217185877752575	Activation Of The Pre Replicative Complex	False	False	False	True	False	True	2	sensitivity-dependent
spleen	R-MMU-9917777_EPIGENETIC_REGULATION_BY_WDR5_CONTAINING_HISTONE_MODIFYING_COMPLEXES	-1.3093545054166516e-05	5	2	3	-1.3093545054166582e-05	5	2	3	0.009187241080125723	5.0	3.0	2.0	0.009187241080125723	5.0	3.0	2.0	1.5680256060318873	0.013630731102850062	0.07756978188369075	ENSMUSG00000081058;ENSMUSG00000069308;ENSMUSG00000063954;ENSMUSG00000075031;ENSMUSG00000069306;ENSMUSG00000071516;ENSMUSG00000071478;ENSMUSG00000069301;ENSMUSG00000069303;ENSMUSG00000107068;ENSMUSG00000074403;ENSMUSG00000069300;ENSMUSG00000061615;ENSMUSG00000069309;ENSMUSG00000094248;ENSMUSG00000038384;ENSMUSG00000062727;ENSMUSG00000015846;ENSMUSG00000069266;ENSMUSG00000069267;ENSMUSG00000048154;ENSMUSG00000049932;ENSMUSG00000018102;ENSMUSG00000094777;ENSMUSG00000069272;ENSMUSG00000099517;ENSMUSG00000002028;ENSMUSG00000029478;ENSMUSG00000069307	False	False	0.0	5	0.0			-1.3093545054160065e-05	-0.0008471350463249934	-0.00016411413698947993	-0.00016411413698947993	-0.0008471350463249934	-1.3093545054160065e-05	0.0028653295128939827	True	True	0.0007305269623996605	0.0005805079635121013	True	0.7946427625412051	Epigenetic Regulation By Wdr5 Containing Histone Modifying Complexes	False	False	False	False	True	True	2	sensitivity-dependent
spleen	R-MMU-9833482_PKR_MEDIATED_SIGNALING	0.0004250142438822222	5	2	3	0.0004250142438822222	5	2	3	-0.008408872283606332	5.0	3.0	2.0	-0.008408872283606332	5.0	3.0	2.0	1.0782543099710513	0.3785310734463277	0.509426505250412	ENSMUSG00000091971;ENSMUSG00000019942;ENSMUSG00000090877	False	True	0.2	5	0.0			0.00042501424388222	-0.0005871808873888801	-0.0002143928178611202	-0.0002143928178611202	-0.0005871808873888801	0.00042501424388222	0.06876790830945559	True	False	-6.850644696067989e-05	-0.00010985063959669391	True	1.6035080561066615	Pkr Mediated Signaling	False	False	True	False	False	True	2	sensitivity-dependent
spleen	R-MMU-168142_TOLL_LIKE_RECEPTOR_10_TLR10_CASCADE	0.0002624908499666664	5	3	2	0.0002624908499666664	5	3	2	-0.005172059020192585	5.0	2.0	3.0	-0.005172059020192585	5.0	2.0	3.0	0.8237835597494797	0.7136690647482015	0.8123500977408236	ENSMUSG00000109061;ENSMUSG00000021250;ENSMUSG00000018932;ENSMUSG00000052684;ENSMUSG00000022892;ENSMUSG00000030107	False	True	0.2	5	0.0			0.00026249084996663304	-0.00115406807166668	-0.00029938039496944	-0.00029938039496944	-0.00115406807166668	0.00026249084996663304	0.03724928366762178	True	False	0.0009615926660513177	0.0018281834824134776	True	1.9012036457398607	Toll Like Receptor 10 Tlr10 Cascade	False	False	True	False	False	True	2	sensitivity-dependent
spleen	R-MMU-380259_LOSS_OF_NLP_FROM_MITOTIC_CENTROSOMES	-0.0004206746305888886	5	1	4	-0.0004206746305888886	5	1	4	0.004656954149670387	5.0	2.0	3.0	0.004656954149670387	5.0	2.0	3.0	1.0156748211710727	0.4652482269503546	0.5801168622274754	ENSMUSG00000019942;ENSMUSG00000002997;ENSMUSG00000025758;ENSMUSG00000026622	False	False	0.8	5	0.0			-0.00042067463058886677	-0.0005420373777278	0.00019779203634775995	-0.00042067463058886677	-0.0005420373777278	0.00019779203634775995	0.0659025787965616	True	False	-0.0004868488966416314	-0.0007449871294596706	True	1.5302224870975816	Loss Of Nlp From Mitotic Centrosomes	False	False	False	True	False	True	2	sensitivity-dependent
spleen	R-MMU-69273_CYCLIN_A_B1_B2_ASSOCIATED_EVENTS_DURING_G2_M_TRANSITION	-0.0004270408005111109	5	2	3	-0.0004270408005111109	5	2	3	0.026179184254096904	5.0	3.0	2.0	0.026179184254096904	5.0	3.0	2.0	1.5397147813431913	0.017467248908296942	0.07684712796407207	ENSMUSG00000019942;ENSMUSG00000046591;ENSMUSG00000023940;ENSMUSG00000027330;ENSMUSG00000047534;ENSMUSG00000044783;ENSMUSG00000044201;ENSMUSG00000041431;ENSMUSG00000032218;ENSMUSG00000027715;ENSMUSG00000001517;ENSMUSG00000031016	False	False	0.6	5	0.0			-0.0004270408005111132	-0.0007718190976577801	-0.00037227381228444446	-0.0004270408005111132	-0.0007718190976577801	-0.00037227381228444446	0.07163323782234957	True	True	-0.00016817349553440946	-0.00013866235671309673	True	0.8245196799440103	Cyclin A B1 B2 Associated Events During G2 M Transition	False	False	False	False	True	True	2	sensitivity-dependent
spleen	R-MMU-9013404_RAC2_GTPASE_CYCLE	-0.00012728156070277788	5	3	2	-0.00012728156070277788	5	3	2	0.004332920385878247	5.0	2.0	3.0	0.004332920385878247	5.0	2.0	3.0	1.490992731396493	0.03626220362622036	0.10230839260195715	ENSMUSG00000058325;ENSMUSG00000021697;ENSMUSG00000022797;ENSMUSG00000032135;ENSMUSG00000022263;ENSMUSG00000041417;ENSMUSG00000006445;ENSMUSG00000023015;ENSMUSG00000009621;ENSMUSG00000039621;ENSMUSG00000017631	False	False	0.0	5	0.0			-0.00012728156070280003	-0.0026496804506250197	-0.00059460362908056	-0.00059460362908056	-0.0026496804506250197	-0.00012728156070280003	0.025787965616045846	True	True	0.00015029433843874243	0.00020392248485132005	True	1.3568208022315864	Rac2 Gtpase Cycle	False	False	False	False	True	True	2	sensitivity-dependent
spleen	R-MMU-141424_AMPLIFICATION_OF_SIGNAL_FROM_THE_KINETOCHORES	-0.0027613936196256945	5	0	5	-0.002761393619625695	5	0	5	0.010876933097536064	5.0	3.0	2.0	0.010876933097536064	5.0	3.0	2.0	1.419707440281679	0.04891304347826087	0.14572573607332073	ENSMUSG00000026605;ENSMUSG00000023940;ENSMUSG00000031756;ENSMUSG00000036223;ENSMUSG00000068101;ENSMUSG00000027115;ENSMUSG00000040084;ENSMUSG00000028678;ENSMUSG00000045328;ENSMUSG00000021714;ENSMUSG00000020897;ENSMUSG00000006398;ENSMUSG00000040549;ENSMUSG00000031262;ENSMUSG00000024660;ENSMUSG00000029414;ENSMUSG00000029910;ENSMUSG00000024056;ENSMUSG00000028873;ENSMUSG00000026039	False	False	1.0	5	0.0			-0.00276139361962566	0.00336947231958334	-0.0007615977066389001	-0.0007615977066389001	-0.00276139361962566	0.00336947231958334	0.332378223495702	True	False	-0.0016037623850118944	-0.001603645432023256	True	0.9999270758625272	Amplification Of Signal From The Kinetochores	False	False	False	True	False	True	2	sensitivity-dependent
spleen	R-MMU-975138_TRAF6_MEDIATED_INDUCTION_OF_NFKB_AND_MAP_KINASES_UPON_TLR7_8_OR_9_ACTIVATION	-0.000846682214583332	5	2	3	-0.000846682214583332	5	2	3	-0.004277963630833842	5.0	2.0	3.0	-0.004277963630833842	5.0	2.0	3.0	0.8798111746660554	0.6542324246771879	0.7677781386490681	ENSMUSG00000109061;ENSMUSG00000021250;ENSMUSG00000018932;ENSMUSG00000051439;ENSMUSG00000052684;ENSMUSG00000022892;ENSMUSG00000030107	True	False	0.4	5	0.0			-0.0008466822145833198	-0.0013298071388333599	0.0012527771451111198	-0.0008466822145833198	-0.0013298071388333599	0.0012527771451111198	0.166189111747851	True	False	-0.0004192324826576041	-0.0007350988263871877	True	1.7534395754051297	Traf6 Mediated Induction Of Nfkb And Map Kinases Upon Tlr7 8 Or 9 Activation	False	True	False	False	False	True	2	sensitivity-dependent
spleen	R-MMU-5576891_CARDIAC_CONDUCTION	-0.0004927303627777765	5	3	2	-0.0004927303627777765	5	3	2	0.009052373212711955	5.0	5.0	0.0	0.009052373212711955	5.0	5.0	0.0	1.2330916929626903	0.21680216802168023	0.3047532520476633	ENSMUSG00000026463;ENSMUSG00000041329;ENSMUSG00000042644;ENSMUSG00000028207;ENSMUSG00000045404;ENSMUSG00000030409;ENSMUSG00000020788;ENSMUSG00000021313;ENSMUSG00000079056;ENSMUSG00000054640;ENSMUSG00000030102;ENSMUSG00000040407;ENSMUSG00000030287;ENSMUSG00000026576	False	False	0.2	5	0.0			-0.0004927303627777799	-0.035058132061111094	-0.0009217433094500001	-0.0009217433094500001	-0.035058132061111094	-0.0004927303627777799	0.08595988538681948	True	True	0.0006892962014783352	0.0002456610954718437	True	0.3563940943602674	Cardiac Conduction	False	False	False	False	True	True	2	sensitivity-dependent
spleen	R-MMU-69620_CELL_CYCLE_CHECKPOINTS	-0.026319673302777825	5	2	3	-0.026319673302777825	5	2	3	0.012158403079021106	5.0	3.0	2.0	0.012158403079021106	5.0	3.0	2.0	1.751194619014455	0.0	0.06903160780984631	ENSMUSG00000069308;ENSMUSG00000019942;ENSMUSG00000075031;ENSMUSG00000017499;ENSMUSG00000026605;ENSMUSG00000069306;ENSMUSG00000023940;ENSMUSG00000042489;ENSMUSG00000069303;ENSMUSG00000031756;ENSMUSG00000002068;ENSMUSG00000017146;ENSMUSG00000069300;ENSMUSG00000030528;ENSMUSG00000022385;ENSMUSG00000023067;ENSMUSG00000036223;ENSMUSG00000068101;ENSMUSG00000027115;ENSMUSG00000040084;ENSMUSG00000002870;ENSMUSG00000062727;ENSMUSG00000069266;ENSMUSG00000028678;ENSMUSG00000045328;ENSMUSG00000029730;ENSMUSG00000039748;ENSMUSG00000021714;ENSMUSG00000020897;ENSMUSG00000001403;ENSMUSG00000049932;ENSMUSG00000044201;ENSMUSG00000026196;ENSMUSG00000034218;ENSMUSG00000006398;ENSMUSG00000018102;ENSMUSG00000030451;ENSMUSG00000040549;ENSMUSG00000041431;ENSMUSG00000028680;ENSMUSG00000031262;ENSMUSG00000069307;ENSMUSG00000032218;ENSMUSG00000057406;ENSMUSG00000022673;ENSMUSG00000024660;ENSMUSG00000029414;ENSMUSG00000027715;ENSMUSG00000029910;ENSMUSG00000024056;ENSMUSG00000003031;ENSMUSG00000069274;ENSMUSG00000028873;ENSMUSG00000031016;ENSMUSG00000028587;ENSMUSG00000041859;ENSMUSG00000026039;ENSMUSG00000005410;ENSMUSG00000054387	False	False	0.4	5	0.0			-0.02631967330277782	-0.0010016126661110997	-0.0005833945880555219	-0.0010016126661110997	-0.02631967330277782	-0.0005833945880555219	0.6189111747851003	True	True	-0.039124513494987266	-0.03414755710406663	True	0.8727918650909667	Cell Cycle Checkpoints	False	False	False	False	True	True	2	sensitivity-dependent
spleen	R-MMU-69275_G2_M_TRANSITION	-0.0010912538068444445	5	2	3	-0.0010912538068444445	5	2	3	0.008682526051021721	5.0	3.0	2.0	0.008682526051021721	5.0	3.0	2.0	1.29283984417329	0.09635416666666667	0.24957341550395	ENSMUSG00000019942;ENSMUSG00000046591;ENSMUSG00000023940;ENSMUSG00000027330;ENSMUSG00000047534;ENSMUSG00000026672;ENSMUSG00000022385;ENSMUSG00000002997;ENSMUSG00000023067;ENSMUSG00000044783;ENSMUSG00000027469;ENSMUSG00000025758;ENSMUSG00000020330;ENSMUSG00000026622;ENSMUSG00000044201;ENSMUSG00000040549;ENSMUSG00000041431;ENSMUSG00000032218;ENSMUSG00000016255;ENSMUSG00000027715;ENSMUSG00000001517;ENSMUSG00000031016;ENSMUSG00000036752;ENSMUSG00000027496	False	False	0.6	5	0.0			-0.00109125380684442	-0.00098464966086664	-0.04359447919555558	-0.00109125380684442	-0.04359447919555558	-0.00098464966086664	0.20057306590257878	True	True	-0.0007803261312465594	-0.0004225502664617277	True	0.5415046985376613	G2 M Transition	False	False	False	False	True	True	2	sensitivity-dependent
spleen	R-MMU-180786_EXTENSION_OF_TELOMERES	0.00044697148282777776	5	3	2	0.00044697148282777776	5	3	2	0.003110120409793599	5.0	2.0	3.0	0.0031101204097935993	5.0	2.0	3.0	1.1932847104201925	0.25	0.3483064444438988	ENSMUSG00000041064;ENSMUSG00000030528;ENSMUSG00000024742;ENSMUSG00000006678;ENSMUSG00000056394;ENSMUSG00000027342;ENSMUSG00000046691;ENSMUSG00000038644;ENSMUSG00000027715	True	True	0.6	5	0.0			0.00044697148282778004	-0.0019042846668527202	-0.0011254245443972001	-0.0011254245443972001	-0.0019042846668527202	0.00044697148282778004	0.08022922636103152	True	False	0.0002063351110321154	-0.0001895647250120829	False	0.918722577383244	Extension Of Telomeres	False	True	True	False	False	False	2	sensitivity-dependent
spleen	R-MMU-110331_CLEAVAGE_OF_THE_DAMAGED_PURINE	-0.002892062018894445	5	0	5	-0.002892062018894445	5	0	5	0.010828524261815967	5.0	3.0	2.0	0.010828524261815967	5.0	3.0	2.0	1.542306364855825	0.029411764705882353	0.07604384788082391	ENSMUSG00000069308;ENSMUSG00000063954;ENSMUSG00000075031;ENSMUSG00000069306;ENSMUSG00000071516;ENSMUSG00000071478;ENSMUSG00000069301;ENSMUSG00000069303;ENSMUSG00000069300;ENSMUSG00000061615;ENSMUSG00000069309;ENSMUSG00000094248;ENSMUSG00000062727;ENSMUSG00000069266;ENSMUSG00000049932;ENSMUSG00000018102;ENSMUSG00000094777;ENSMUSG00000069272	False	False	1.0	5	0.0			-0.0028920620188944202	-0.0013099811061166402	0.0004973103603460999	-0.0013099811061166402	-0.0028920620188944202	0.0004973103603460999	0.33810888252148996	True	False	-0.001971554613481054	-0.0012654448844414388	True	0.6418512963265672	Cleavage Of The Damaged Purine	False	False	False	True	False	True	2	sensitivity-dependent
spleen	R-MMU-9648025_EML4_AND_NUDC_IN_MITOTIC_SPINDLE_FORMATION	-0.00252648485573611	5	3	2	-0.00252648485573611	5	3	2	0.003797292505531119	5.0	3.0	2.0	0.003797292505531119	5.0	3.0	2.0	1.067765447695923	0.3776041666666667	0.5232032086407605	ENSMUSG00000026605;ENSMUSG00000023940;ENSMUSG00000031756;ENSMUSG00000036223;ENSMUSG00000068101;ENSMUSG00000027115;ENSMUSG00000040084;ENSMUSG00000028678;ENSMUSG00000045328;ENSMUSG00000021714;ENSMUSG00000020897;ENSMUSG00000006398;ENSMUSG00000040549;ENSMUSG00000031262;ENSMUSG00000024660;ENSMUSG00000016255;ENSMUSG00000029414;ENSMUSG00000029910;ENSMUSG00000024056;ENSMUSG00000028873;ENSMUSG00000036752;ENSMUSG00000026039	False	False	0.4	5	0.0			-0.00252648485573612	-0.0015953548270833	-0.00024045142455221996	-0.0015953548270833	-0.00252648485573612	-0.00024045142455221996	0.3123209169054441	True	True	-0.0011825201921056932	-0.0014890439257895837	True	1.2592122618541244	Eml4 And Nudc In Mitotic Spindle Formation	False	False	False	False	True	True	2	sensitivity-dependent
spleen	R-MMU-157858_GAP_JUNCTION_TRAFFICKING_AND_REGULATION	-0.0016541263443333328	5	3	2	-0.0016541263443333328	5	3	2	-0.004620967718374294	5.0	2.0	3.0	-0.004620967718374294	5.0	2.0	3.0	-0.6649962276869547	0.886986301369863	0.9878141154804942	ENSMUSG00000045136;ENSMUSG00000072235;ENSMUSG00000001473	True	True	0.2	5	0.0			-0.0016541263443333397			-0.0016541263443333397	-0.0016541263443333397	-0.0016541263443333397	0.2722063037249284	False	False	0.00020433343910361947	2.5779015417064836e-05	True	0.12616151096048478	Gap Junction Trafficking And Regulation	False	True	True	False	False	False	2	sensitivity-dependent
spleen	R-MMU-69239_SYNTHESIS_OF_DNA	-0.003587825301777778	5	1	4	-0.003587825301777778	5	1	4	0.00646656721785442	5.0	2.0	3.0	0.006466567217854419	5.0	2.0	3.0	1.3422849990992367	0.09861111111111111	0.2078175197378164	ENSMUSG00000017499;ENSMUSG00000002068;ENSMUSG00000002870;ENSMUSG00000007080;ENSMUSG00000024742;ENSMUSG00000029730;ENSMUSG00000001403;ENSMUSG00000006678;ENSMUSG00000022673;ENSMUSG00000056394;ENSMUSG00000027342;ENSMUSG00000038644;ENSMUSG00000027715;ENSMUSG00000028587;ENSMUSG00000041859;ENSMUSG00000005410	False	False	0.8	5	0.0			-0.00358782530177774	-0.007532388524333319	8.46022049444243e-05	-0.00358782530177774	-0.007532388524333319	8.46022049444243e-05	0.3839541547277937	True	False	-0.0019696918220696697	-0.002769576159040421	True	1.4060961862197643	Synthesis Of Dna	False	False	False	True	False	True	2	sensitivity-dependent
spleen	R-MMU-9018519_ESTROGEN_DEPENDENT_GENE_EXPRESSION	-0.0066132599695333345	5	1	4	-0.0066132599695333345	5	1	4	0.01096697412914446	5.0	4.0	1.0	0.01096697412914446	5.0	4.0	1.0	1.3706217234053726	0.07994579945799458	0.1840048459932087	ENSMUSG00000081058;ENSMUSG00000069308;ENSMUSG00000075031;ENSMUSG00000069306;ENSMUSG00000069303;ENSMUSG00000074403;ENSMUSG00000069300;ENSMUSG00000062727;ENSMUSG00000069266;ENSMUSG00000069267;ENSMUSG00000048490;ENSMUSG00000018102	False	False	0.8	5	0.0			-0.00661325996953332	-0.0048738836605222	0.0005688797846299601	-0.0048738836605222	-0.00661325996953332	0.0005688797846299601	0.46131805157593125	True	False	-0.0036676587895813086	-0.0034088633414043838	True	0.9294385156786986	Estrogen Dependent Gene Expression	False	False	False	True	False	True	2	sensitivity-dependent
spleen	R-MMU-2029485_ROLE_OF_PHOSPHOLIPIDS_IN_PHAGOCYTOSIS	-0.008592466376666672	5	2	3	-0.008592466376666672	5	2	3	0.005923795762550478	5.0	4.0	1.0	0.005923795762550478	5.0	4.0	1.0	1.4322811115591783	0.03411764705882353	0.1427007086481146	ENSMUSG00000103254;ENSMUSG00000095612;ENSMUSG00000096452;ENSMUSG00000096326;ENSMUSG00000095285;ENSMUSG00000076615;ENSMUSG00000076614;ENSMUSG00000096078;ENSMUSG00000102364;ENSMUSG00000076666;ENSMUSG00000076612;ENSMUSG00000095200;ENSMUSG00000093838;ENSMUSG00000096577;ENSMUSG00000104452;ENSMUSG00000095429;ENSMUSG00000094502;ENSMUSG00000076670;ENSMUSG00000093896;ENSMUSG00000096150;ENSMUSG00000095442;ENSMUSG00000095416;ENSMUSG00000095210;ENSMUSG00000041417;ENSMUSG00000096499;ENSMUSG00000105606;ENSMUSG00000076695	False	False	0.2	5	0.0			-0.00859246637666664	-0.0055296688688722204	-0.00164522486743054	-0.0055296688688722204	-0.00859246637666664	-0.00164522486743054	0.49283667621776506	True	True	-0.0007527190190994051	-0.014481189535826347	True	19.23850622660292	Role Of Phospholipids In Phagocytosis	False	False	False	False	True	True	2	sensitivity-dependent
spleen	R-MMU-418594_G_ALPHA_I_SIGNALLING_EVENTS	-0.005832175505555526	5	2	3	-0.005832175505555526	5	2	3	-0.009840594019641635	5.0	2.0	3.0	-0.009840594019641635	5.0	2.0	3.0	-1.4726342174994171	0.024096385542168676	0.09751611123795303	ENSMUSG00000051079;ENSMUSG00000045087;ENSMUSG00000020702;ENSMUSG00000037944;ENSMUSG00000026874;ENSMUSG00000045502;ENSMUSG00000024659;ENSMUSG00000029417;ENSMUSG00000026180;ENSMUSG00000035042;ENSMUSG00000058427;ENSMUSG00000025804;ENSMUSG00000052270;ENSMUSG00000049608;ENSMUSG00000029372;ENSMUSG00000045573;ENSMUSG00000051212;ENSMUSG00000048521;ENSMUSG00000035448;ENSMUSG00000018930;ENSMUSG00000044199;ENSMUSG00000079227;ENSMUSG00000049130	True	True	0.2	5	0.0			-0.00583217550555553	0.05607662883333332	-0.03375000962777786	-0.00583217550555553	-0.03375000962777786	0.05607662883333332	0.4498567335243553	True	False	0.01224342556839423	-0.022371703181913814	False	1.8272421437073305	G Alpha I Signalling Events	False	True	True	False	False	False	2	sensitivity-dependent
spleen	R-MMU-202733_CELL_SURFACE_INTERACTIONS_AT_THE_VASCULAR_WALL	0.011500099111110985	5	2	3	0.011500099111110985	5	2	3	0.0011673666668818247	5.0	2.0	3.0	0.0011673666668818247	5.0	2.0	3.0	1.169460968304624	0.16910935738444194	0.3740558494469972	ENSMUSG00000103254;ENSMUSG00000095612;ENSMUSG00000096452;ENSMUSG00000096326;ENSMUSG00000095285;ENSMUSG00000041329;ENSMUSG00000096078;ENSMUSG00000102364;ENSMUSG00000040010;ENSMUSG00000076666;ENSMUSG00000095200;ENSMUSG00000093838;ENSMUSG00000096577;ENSMUSG00000022180;ENSMUSG00000104452;ENSMUSG00000095429;ENSMUSG00000094502;ENSMUSG00000076670;ENSMUSG00000032902;ENSMUSG00000093896;ENSMUSG00000096150;ENSMUSG00000095442;ENSMUSG00000074743;ENSMUSG00000095416;ENSMUSG00000095210;ENSMUSG00000014361;ENSMUSG00000041417;ENSMUSG00000096499;ENSMUSG00000105606;ENSMUSG00000076695;ENSMUSG00000026193	True	True	0.0	5	0.0			0.011500099111111006	-0.02344449708333326	-0.0092352549166667	-0.0092352549166667	-0.02344449708333326	0.011500099111111006	0.5300859598853869	True	False	0.03104448751401872	-0.006494419179911475	False	0.2091971779846196	Cell Surface Interactions At The Vascular Wall	False	True	True	False	False	False	2	sensitivity-dependent
spleen	R-MMU-9818564_EPIGENETIC_REGULATION_OF_GENE_EXPRESSION_BY_MLL3_AND_MLL4_COMPLEXES	-0.01855027516249997	5	2	3	-0.01855027516249997	5	2	3	0.010364530911076418	5.0	3.0	2.0	0.010364530911076418	5.0	3.0	2.0	1.5721568763092173	0.0136986301369863	0.08403747001374451	ENSMUSG00000081058;ENSMUSG00000069308;ENSMUSG00000063954;ENSMUSG00000075031;ENSMUSG00000069306;ENSMUSG00000071516;ENSMUSG00000071478;ENSMUSG00000069301;ENSMUSG00000069303;ENSMUSG00000107068;ENSMUSG00000074403;ENSMUSG00000069300;ENSMUSG00000061615;ENSMUSG00000069309;ENSMUSG00000094248;ENSMUSG00000062727;ENSMUSG00000015846;ENSMUSG00000069266;ENSMUSG00000069267;ENSMUSG00000048154;ENSMUSG00000049932;ENSMUSG00000018102;ENSMUSG00000094777;ENSMUSG00000069272;ENSMUSG00000099517	False	False	0.6	5	0.0			-0.01855027516249996	-0.00925874584455558	-0.0009175012311682933	-0.00925874584455558	-0.01855027516249996	-0.0009175012311682933	0.5902578796561605	True	True	-0.010963216707051832	-0.015421037650406262	True	1.4066161476573789	Epigenetic Regulation Of Gene Expression By Mll3 And Mll4 Complexes	False	False	False	False	True	True	2	sensitivity-dependent
spleen	R-MMU-1474228_DEGRADATION_OF_THE_EXTRACELLULAR_MATRIX	-0.006227075000000104	5	2	3	-0.006227075000000104	5	2	3	0.003514999401405168	5.0	4.0	1.0	0.003514999401405168	5.0	4.0	1.0	-1.6043776748870884	0.020202020202020204	0.046491913688983255	ENSMUSG00000020125;ENSMUSG00000031957;ENSMUSG00000040314;ENSMUSG00000057163;ENSMUSG00000025473;ENSMUSG00000023903;ENSMUSG00000017737	False	True	0.2	5	0.0			-0.0062270750000000975	-0.13151268101388905	-0.012438569749999994	-0.012438569749999994	-0.13151268101388905	-0.0062270750000000975	0.45558739255014324	True	True	-0.03295005584367035	-0.007229920095785781	True	0.21942057185237326	Degradation Of The Extracellular Matrix	False	False	True	False	True	False	2	sensitivity-dependent
spleen	R-MMU-201681_TCF_DEPENDENT_SIGNALING_IN_RESPONSE_TO_WNT	-0.02368626958011115	5	1	4	-0.02368626958011115	5	1	4	0.005080138692440927	5.0	4.0	1.0	0.005080138692440927	5.0	4.0	1.0	1.352774053129934	0.11353711790393013	0.19847152748562347	ENSMUSG00000051910;ENSMUSG00000063382;ENSMUSG00000044674;ENSMUSG00000032547	False	False	0.6	5	0.0			-0.02368626958011114	-0.03501911241666666	-0.09541666067222224	-0.03501911241666666	-0.09541666067222224	-0.02368626958011114	0.6045845272206304	True	True	-0.008005914886263359	-0.05741227473340417	True	7.171232213811417	Tcf Dependent Signaling In Response To Wnt	False	False	False	False	True	True	2	sensitivity-dependent
spleen	R-MMU-1483257_PHOSPHOLIPID_METABOLISM	-0.049580236988888825	5	0	5	-0.049580236988888825	5	0	5	0.0004442630632669461	5.0	3.0	2.0	0.0004442630632669461	5.0	3.0	2.0	1.050010470646617	0.4191461836998706	0.5439135748244681	ENSMUSG00000033174;ENSMUSG00000020646;ENSMUSG00000032737;ENSMUSG00000034573;ENSMUSG00000029406;ENSMUSG00000041417;ENSMUSG00000041757;ENSMUSG00000024851;ENSMUSG00000029134;ENSMUSG00000098488;ENSMUSG00000026447	False	False	1.0	5	0.0			-0.04958023698888878	0.037947844280555545	-0.03916630292361113	-0.03916630292361113	-0.04958023698888878	0.037947844280555545	0.7478510028653295	True	False	-0.048971037886830916	-0.08197725636814315	True	1.6739946692081062	Phospholipid Metabolism	False	False	False	True	False	True	2	sensitivity-dependent
spleen	R-MMU-71291_METABOLISM_OF_AMINO_ACIDS_AND_DERIVATIVES	-0.04506129127777778	5	2	3	-0.04506129127777778	5	2	3	-0.0018727220784514852	5.0	3.0	2.0	-0.0018727220784514852	5.0	3.0	2.0	0.871486114509113	0.6684491978609626	0.7739259532148444	ENSMUSG00000029752;ENSMUSG00000020334;ENSMUSG00000040010;ENSMUSG00000003849;ENSMUSG00000028179;ENSMUSG00000011179;ENSMUSG00000048087;ENSMUSG00000017707;ENSMUSG00000009614;ENSMUSG00000021703;ENSMUSG00000027199	True	False	0.6	5	0.0			-0.045061291277777776	0.05271868958888892	-0.04177350639444448	-0.04177350639444448	-0.045061291277777776	0.05271868958888892	0.7277936962750716	True	False	-0.020284465109600705	-0.054363074855836364	True	2.680034921409199	Metabolism Of Amino Acids And Derivatives	False	True	False	False	False	True	2	sensitivity-dependent
spleen	R-MMU-112316_NEURONAL_SYSTEM	-0.04188571052222221	5	1	4	-0.04188571052222221	5	1	4	0.0020771308562340307	5.0	2.0	3.0	0.0020771308562340307	5.0	2.0	3.0	1.2745320520838366	0.13520749665327977	0.2622294463714478	ENSMUSG00000022994;ENSMUSG00000038738;ENSMUSG00000033577;ENSMUSG00000002997;ENSMUSG00000035864;ENSMUSG00000028906;ENSMUSG00000030247;ENSMUSG00000030098;ENSMUSG00000045404;ENSMUSG00000033295;ENSMUSG00000054342;ENSMUSG00000029455;ENSMUSG00000031659;ENSMUSG00000013236	False	False	0.6	5	0.0			-0.04188571052222218	-0.0437548077416667	-0.042209395122222236	-0.042209395122222236	-0.0437548077416667	-0.04188571052222218	0.7134670487106017	True	True	-0.012786240536958364	-0.008319552869400108	True	0.6506645049694327	Neuronal System	False	False	False	False	True	True	2	sensitivity-dependent
spleen	R-MMU-71387_METABOLISM_OF_CARBOHYDRATES_AND_CARBOHYDRATE_DERIVATIVES	-0.02346665761111124	5	2	3	-0.02346665761111124	5	2	3	0.0003741183405355744	5.0	3.0	2.0	0.0003741183405355744	5.0	3.0	2.0	1.0770243116833131	0.3530864197530864	0.5093689696385344	ENSMUSG00000031119;ENSMUSG00000041936;ENSMUSG00000031749;ENSMUSG00000034220;ENSMUSG00000021614;ENSMUSG00000040618;ENSMUSG00000035459;ENSMUSG00000013846;ENSMUSG00000030930;ENSMUSG00000020330;ENSMUSG00000020592;ENSMUSG00000032122;ENSMUSG00000053279;ENSMUSG00000034612;ENSMUSG00000022822;ENSMUSG00000054008;ENSMUSG00000028614;ENSMUSG00000033350;ENSMUSG00000027221	False	False	0.4	5	0.0			-0.02346665761111124	-0.04465255761111119	-0.053948251694444595	-0.04465255761111119	-0.053948251694444595	-0.02346665761111124	0.6017191977077364	True	True	0.0017556838436703617	0.0029878749165174585	True	1.7018297042997945	Metabolism Of Carbohydrates And Carbohydrate Derivatives	False	False	False	False	True	True	2	sensitivity-dependent
spleen	R-MMU-383280_NUCLEAR_RECEPTOR_TRANSCRIPTION_PATHWAY	-0.030288513372222235	5	2	3	-0.030288513372222235	5	2	3	0.0022723799789098834	5.0	2.0	3.0	0.0022723799789098834	5.0	2.0	3.0	0.8622917545345573	0.665283540802213	0.7812855989516568	ENSMUSG00000005893;ENSMUSG00000015846;ENSMUSG00000029478;ENSMUSG00000032238;ENSMUSG00000028150;ENSMUSG00000026826;ENSMUSG00000001288	False	False	0.4	5	0.0			-0.030288513372222235	-0.06701599576388886	-0.045230530911111164	-0.045230530911111164	-0.06701599576388886	-0.030288513372222235	0.6504297994269341	True	True	-0.031668390453695856	-0.031253135670786275	True	0.9868874048551111	Nuclear Receptor Transcription Pathway	False	False	False	False	True	True	2	sensitivity-dependent
spleen	R-MMU-1630316_GLYCOSAMINOGLYCAN_METABOLISM	-0.046452262502777744	5	2	3	-0.046452262502777744	5	2	3	0.0022907992852621863	5.0	4.0	1.0	0.0022907992852621863	5.0	4.0	1.0	1.2491909894416715	0.15214564369310793	0.28535541332738057	ENSMUSG00000031119;ENSMUSG00000041936;ENSMUSG00000031749;ENSMUSG00000034220;ENSMUSG00000021614;ENSMUSG00000035459;ENSMUSG00000013846;ENSMUSG00000030930;ENSMUSG00000020330;ENSMUSG00000020592;ENSMUSG00000034612;ENSMUSG00000022822;ENSMUSG00000054008;ENSMUSG00000033350;ENSMUSG00000027221	False	False	0.6	5	0.0			-0.046452262502777744	-0.01690082543611112	-0.05345419463333334	-0.046452262502777744	-0.05345419463333334	-0.01690082543611112	0.7335243553008596	True	True	-0.033816995256414614	-0.056362208731211234	True	1.6666829298064294	Glycosaminoglycan Metabolism	False	False	False	False	True	True	2	sensitivity-dependent
spleen	R-MMU-166520_SIGNALING_BY_NTRKS	-0.04654987705000015	5	2	3	-0.04654987705000015	5	2	3	-0.0020885430477140692	5.0	3.0	2.0	-0.0020885430477140692	5.0	3.0	2.0	0.5117877630706836	0.9896449704142012	0.994880512070141	ENSMUSG00000041417;ENSMUSG00000038894;ENSMUSG00000016933;ENSMUSG00000030530;ENSMUSG00000019960;ENSMUSG00000037868	True	False	0.6	5	0.0			-0.04654987705000014		-0.05652622570555552	-0.05153805137777783	-0.05652622570555552	-0.04654987705000014	0.7363896848137536	False	False	-0.022488459058283762	-0.046668101363561296	True	2.0752022734243685	Signaling By Ntrks	False	True	False	False	False	True	2	sensitivity-dependent
spleen	R-MMU-9013149_RAC1_GTPASE_CYCLE	0.02373512596138886	5	3	2	0.02373512596138886	5	3	2	0.0044358663196885665	5.0	3.0	2.0	0.0044358663196885665	5.0	3.0	2.0	1.4302093991912732	0.048162230671736375	0.14207020994596553	ENSMUSG00000053199;ENSMUSG00000025555;ENSMUSG00000058325;ENSMUSG00000021697;ENSMUSG00000022797;ENSMUSG00000022799;ENSMUSG00000032135;ENSMUSG00000022263;ENSMUSG00000021676;ENSMUSG00000041417;ENSMUSG00000006445;ENSMUSG00000041977;ENSMUSG00000024451;ENSMUSG00000021990;ENSMUSG00000027699;ENSMUSG00000039831;ENSMUSG00000052609;ENSMUSG00000028556;ENSMUSG00000023015;ENSMUSG00000009621	True	True	0.6	5	0.0			0.02373512596138884	-0.07739790965333329	-0.052884471165666656	-0.052884471165666656	-0.07739790965333329	0.02373512596138884	0.6074498567335244	True	False	0.010430057582056104	-0.01931470374681663	False	1.8518309793462397	Rac1 Gtpase Cycle	False	True	True	False	False	False	2	sensitivity-dependent
spleen	R-MMU-2672351_STIMULI_SENSING_CHANNELS	-0.062261259189722216	5	0	5	-0.062261259189722216	5	0	5	0.004666413301117197	5.0	3.0	2.0	0.004666413301117197	5.0	3.0	2.0	0.7255467407744423	0.8437935843793585	0.9100416512813356	ENSMUSG00000026880;ENSMUSG00000032741;ENSMUSG00000028207;ENSMUSG00000009292;ENSMUSG00000015133;ENSMUSG00000036565;ENSMUSG00000021313;ENSMUSG00000011008	False	False	1.0	5	0.0			-0.06226125918972216	0.00140193780138886	-0.0845273144013888	-0.06226125918972216	-0.0845273144013888	0.00140193780138886	0.8137535816618912	True	False	-0.054331569312353445	-0.07002127630100909	True	1.2887769889077776	Stimuli Sensing Channels	False	False	False	True	False	True	2	sensitivity-dependent
spleen	R-MMU-983712_ION_CHANNEL_TRANSPORT	-0.06693161613888901	5	2	3	-0.06693161613888901	5	2	3	0.006778245174578807	5.0	4.0	1.0	0.006778245174578807	5.0	4.0	1.0	1.131787566711236	0.26878980891719745	0.43398454130901365	ENSMUSG00000026463;ENSMUSG00000041329;ENSMUSG00000021983;ENSMUSG00000026880;ENSMUSG00000006567;ENSMUSG00000032741;ENSMUSG00000036622;ENSMUSG00000031441;ENSMUSG00000028207;ENSMUSG00000025324;ENSMUSG00000009292;ENSMUSG00000020788;ENSMUSG00000015133;ENSMUSG00000036565;ENSMUSG00000027546	False	False	0.6	5	0.0			-0.066931616138889	-0.05033554050000007	-0.0701307445555555	-0.066931616138889	-0.0701307445555555	-0.05033554050000007	0.828080229226361	True	True	-0.021710996316057784	-0.05748895727126609	True	2.647918890242102	Ion Channel Transport	False	False	False	False	True	True	2	sensitivity-dependent
spleen	R-MMU-983695_ANTIGEN_ACTIVATES_B_CELL_RECEPTOR_BCR_LEADING_TO_GENERATION_OF_SECOND_MESSENGERS	-0.07106538550166669	5	2	3	-0.07106538550166669	5	2	3	0.004418423701451091	5.0	2.0	3.0	0.004418423701451091	5.0	2.0	3.0	1.3173059411816017	0.07251461988304093	0.2269804670890526	ENSMUSG00000103254;ENSMUSG00000095612;ENSMUSG00000096452;ENSMUSG00000096326;ENSMUSG00000095285;ENSMUSG00000096078;ENSMUSG00000102364;ENSMUSG00000076666;ENSMUSG00000095200;ENSMUSG00000093838;ENSMUSG00000096577;ENSMUSG00000104452;ENSMUSG00000095429;ENSMUSG00000094502;ENSMUSG00000076670;ENSMUSG00000093896;ENSMUSG00000096150;ENSMUSG00000095442;ENSMUSG00000095416;ENSMUSG00000042644;ENSMUSG00000095210;ENSMUSG00000041417;ENSMUSG00000096499;ENSMUSG00000105606;ENSMUSG00000076695	False	False	0.4	5	0.2	0.0	1.0	-0.07106538550166666	-0.0178843133681111	-0.0724884117190556	-0.07106538550166666	-0.0724884117190556	-0.0178843133681111	0.836676217765043	True	True	-0.004089532062463887	-0.07418048628667617	True	18.13911351069918	Antigen Activates B Cell Receptor Bcr Leading To Generation Of Second Messengers	False	False	False	False	True	True	2	sensitivity-dependent
spleen	R-MMU-166786_CREATION_OF_C4_AND_C2_ACTIVATORS	-0.004410686260222235	5	2	3	-0.004410686260222234	5	2	3	0.00680917160291627	5.0	4.0	1.0	0.00680917160291627	5.0	4.0	1.0	1.3695031532965403	0.04295942720763723	0.18396222257316944	ENSMUSG00000103254;ENSMUSG00000095612;ENSMUSG00000096452;ENSMUSG00000096326;ENSMUSG00000095285;ENSMUSG00000076615;ENSMUSG00000076614;ENSMUSG00000096078;ENSMUSG00000102364;ENSMUSG00000076666;ENSMUSG00000076612;ENSMUSG00000095200;ENSMUSG00000093838;ENSMUSG00000096577;ENSMUSG00000104452;ENSMUSG00000095429;ENSMUSG00000094502;ENSMUSG00000076670;ENSMUSG00000093896;ENSMUSG00000096150;ENSMUSG00000095442;ENSMUSG00000095416	False	False	0.2	5	0.0			-0.004410686260222202	0.058814251813888815	0.04423057375130555	0.04423057375130555	-0.004410686260222202	0.058814251813888815	0.40114613180515757	True	False	-0.0012543046542565876	-0.0008237048799675507	True	0.656702402540116	Creation Of C4 And C2 Activators	False	False	False	False	False	True	1	sensitivity-dependent
spleen	R-MMU-199991_MEMBRANE_TRAFFICKING	-0.01559217966666666	5	2	3	-0.01559217966666666	5	2	3	0.006360848759385643	5.0	2.0	3.0	0.006360848759385643	5.0	2.0	3.0	1.4229480986799672	0.024361948955916472	0.14617704852030236	ENSMUSG00000033855;ENSMUSG00000051378;ENSMUSG00000021061;ENSMUSG00000012443;ENSMUSG00000024663;ENSMUSG00000079553;ENSMUSG00000018909;ENSMUSG00000030677;ENSMUSG00000020961;ENSMUSG00000034311;ENSMUSG00000030516;ENSMUSG00000001768;ENSMUSG00000022797;ENSMUSG00000038371;ENSMUSG00000026672;ENSMUSG00000033577;ENSMUSG00000022150;ENSMUSG00000027115;ENSMUSG00000030055;ENSMUSG00000026532;ENSMUSG00000018001;ENSMUSG00000035864;ENSMUSG00000039959;ENSMUSG00000028678;ENSMUSG00000045328;ENSMUSG00000037295;ENSMUSG00000032254;ENSMUSG00000020315;ENSMUSG00000060012;ENSMUSG00000020841;ENSMUSG00000039976;ENSMUSG00000022892;ENSMUSG00000068747;ENSMUSG00000050953;ENSMUSG00000023015;ENSMUSG00000045730	False	False	0.2	5	0.0			-0.01559217966666664	0.03248707230555571	0.08448740391666658	0.03248707230555571	-0.01559217966666664	0.08448740391666658	0.5616045845272206	True	False	-0.042864789050127465	-0.015621765106565636	True	0.3644428318146402	Membrane Trafficking	False	False	False	False	False	True	1	sensitivity-dependent
spleen	R-MMU-416476_G_ALPHA_Q_SIGNALLING_EVENTS	0.03115716877500001	5	3	2	0.03115716877500001	5	3	2	-0.0040021164541538985	5.0	2.0	3.0	-0.0040021164541538985	5.0	2.0	3.0	0.9005362842920895	0.6415327564894932	0.7445657106969584	ENSMUSG00000027524;ENSMUSG00000033174;ENSMUSG00000035735;ENSMUSG00000022122;ENSMUSG00000048376;ENSMUSG00000022263;ENSMUSG00000042644;ENSMUSG00000034731;ENSMUSG00000039943;ENSMUSG00000041417;ENSMUSG00000026358	False	True	0.6	5	0.0			0.03115716877500002	-0.155023460661111	0.0407835762138889	0.03115716877500002	-0.155023460661111	0.0407835762138889	0.6590257879656161	True	False	0.019376982169753643	-0.010789949126352866	False	0.5568436318837799	G Alpha Q Signalling Events	False	False	True	False	False	False	1	sensitivity-dependent
spleen	R-MMU-8856828_CLATHRIN_MEDIATED_ENDOCYTOSIS	-0.011995977852777806	5	2	3	-0.011995977852777806	5	2	3	0.001233657427961471	5.0	2.0	3.0	0.001233657427961471	5.0	2.0	3.0	1.2724479162148439	0.15122615803814715	0.262293738860055	ENSMUSG00000033855;ENSMUSG00000018909;ENSMUSG00000020961;ENSMUSG00000022797;ENSMUSG00000022150;ENSMUSG00000035864;ENSMUSG00000039959;ENSMUSG00000037295	False	False	0.2	5	0.0			-0.011995977852777798	0.07712757328233326	0.02941674246666664	0.02941674246666664	-0.011995977852777798	0.07712757328233326	0.5415472779369628	True	False	-0.04553015809923536	-0.052106232182515894	True	1.1444333680754555	Clathrin Mediated Endocytosis	False	False	False	False	False	True	1	sensitivity-dependent
spleen	R-MMU-73857_RNA_POLYMERASE_II_TRANSCRIPTION	-0.06324319488888852	5	2	3	-0.06324319488888852	5	2	3	0.005947642613547735	5.0	3.0	2.0	0.005947642613547735	5.0	3.0	2.0	1.3964574911480752	0.01193058568329718	0.16328481824535504	ENSMUSG00000081058;ENSMUSG00000069308;ENSMUSG00000038146;ENSMUSG00000063954;ENSMUSG00000019942;ENSMUSG00000075031;ENSMUSG00000031162;ENSMUSG00000049577;ENSMUSG00000028717;ENSMUSG00000021701;ENSMUSG00000020185;ENSMUSG00000069306;ENSMUSG00000071516;ENSMUSG00000071478;ENSMUSG00000046179;ENSMUSG00000028278;ENSMUSG00000061436;ENSMUSG00000069301;ENSMUSG00000069303;ENSMUSG00000026923;ENSMUSG00000002068;ENSMUSG00000017146;ENSMUSG00000074403;ENSMUSG00000069300;ENSMUSG00000020108;ENSMUSG00000030528;ENSMUSG00000061615;ENSMUSG00000069309;ENSMUSG00000094248;ENSMUSG00000023067;ENSMUSG00000038384;ENSMUSG00000027469;ENSMUSG00000062727;ENSMUSG00000005893;ENSMUSG00000015846;ENSMUSG00000069266;ENSMUSG00000069267;ENSMUSG00000055320;ENSMUSG00000039748;ENSMUSG00000038482;ENSMUSG00000022360;ENSMUSG00000020897;ENSMUSG00000048154;ENSMUSG00000015709;ENSMUSG00000049932;ENSMUSG00000044201;ENSMUSG00000026603;ENSMUSG00000026196;ENSMUSG00000034218;ENSMUSG00000018102;ENSMUSG00000062175;ENSMUSG00000094777;ENSMUSG00000069272;ENSMUSG00000078903;ENSMUSG00000099517;ENSMUSG00000000184;ENSMUSG00000032402;ENSMUSG00000041431;ENSMUSG00000038332;ENSMUSG00000021377;ENSMUSG00000028680;ENSMUSG00000025151;ENSMUSG00000002028;ENSMUSG00000029478;ENSMUSG00000018474;ENSMUSG00000069307;ENSMUSG00000032238;ENSMUSG00000021690;ENSMUSG00000030530;ENSMUSG00000047789;ENSMUSG00000026389;ENSMUSG00000022475;ENSMUSG00000027342;ENSMUSG00000089715;ENSMUSG00000027715;ENSMUSG00000042207;ENSMUSG00000028150;ENSMUSG00000029050;ENSMUSG00000003031;ENSMUSG00000069274;ENSMUSG00000024985;ENSMUSG00000025507;ENSMUSG00000020423;ENSMUSG00000024298;ENSMUSG00000027496;ENSMUSG00000054387;ENSMUSG00000040274;ENSMUSG00000026826;ENSMUSG00000069310;ENSMUSG00000034165;ENSMUSG00000039989;ENSMUSG00000039910;ENSMUSG00000070691;ENSMUSG00000026565;ENSMUSG00000015053;ENSMUSG00000001542;ENSMUSG00000060093	False	False	0.4	5	0.0			-0.06324319488888852	0.06353373492722218	0.01996892159444448	0.01996892159444448	-0.06324319488888852	0.06353373492722218	0.8166189111747851	True	False	-0.011601811775700946	-0.06088025172511436	True	5.247477971727063	Rna Polymerase Ii Transcription	False	False	False	False	False	True	1	sensitivity-dependent
spleen	R-MMU-195721_SIGNALING_BY_WNT	0.03772961955555565	5	2	3	0.03772961955555565	5	2	3	-0.001793056651397415	5.0	4.0	1.0	-0.001793056651397415	5.0	4.0	1.0	1.0250546733413852	0.44428772919605075	0.5788930857439374	ENSMUSG00000051910;ENSMUSG00000063382;ENSMUSG00000044674;ENSMUSG00000032547	False	True	0.2	5	0.0			0.03772961955555567	-0.02119541545000004	0.013094769077777782	0.013094769077777782	-0.02119541545000004	0.03772961955555567	0.6991404011461319	True	False	-0.017432086725573517	0.02514390233473181	False	1.442391994175016	Signaling By Wnt	False	False	True	False	False	False	1	sensitivity-dependent
spleen	R-MMU-9711123_CELLULAR_RESPONSE_TO_CHEMICAL_STRESS	0.007361663916666661	5	3	2	0.007361663916666661	5	3	2	-0.009018538845110679	5.0	0.0	5.0	-0.009018538845110679	5.0	0.0	5.0	-1.928129067543574	0.0	0.006760303776204198	ENSMUSG00000073940;ENSMUSG00000052305;ENSMUSG00000030785;ENSMUSG00000069919;ENSMUSG00000064354;ENSMUSG00000064358	False	False	0.0	5	0.0			0.007361663916666661	0.08318326630555557	0.0029476658336755395	0.007361663916666661	0.0029476658336755395	0.08318326630555557	0.47564469914040114	True	True	-0.02425453594222586	0.05804474837339543	False	2.39315023431731	Cellular Response To Chemical Stress	False	False	False	False	True	False	1	sensitivity-dependent
spleen	R-MMU-3108232_SUMO_E3_LIGASES_SUMOYLATE_TARGET_PROTEINS	-0.0008806226236472219	5	2	3	-0.0008806226236472219	5	2	3	0.005194027719769056	5.0	3.0	2.0	0.005194027719769056	5.0	3.0	2.0	1.1907908376452672	0.22409326424870465	0.3466409415086859	ENSMUSG00000069306;ENSMUSG00000061436;ENSMUSG00000017146;ENSMUSG00000030528;ENSMUSG00000015846;ENSMUSG00000069266;ENSMUSG00000020914;ENSMUSG00000020897;ENSMUSG00000048490;ENSMUSG00000004099;ENSMUSG00000030451;ENSMUSG00000028614;ENSMUSG00000032238;ENSMUSG00000024660;ENSMUSG00000022475;ENSMUSG00000027342;ENSMUSG00000069274;ENSMUSG00000028873	False	False	0.4	5	0.0			-0.00088062262364722	0.10525386151111112	0.00679814701655556	0.00679814701655556	-0.00088062262364722	0.10525386151111112	0.16905444126074498	True	False	-0.0009011450228394226	-0.0011986298400599347	True	1.3301186930857871	Sumo E3 Ligases Sumoylate Target Proteins	False	False	False	False	False	True	1	sensitivity-dependent
spleen	R-MMU-2187338_VISUAL_PHOTOTRANSDUCTION	-0.003058142740161111	5	2	3	-0.0030581427401611115	5	2	3	0.003048313679215481	5.0	3.0	2.0	0.0030483136792154816	5.0	3.0	2.0	1.0082361410749145	0.45231607629427795	0.5878016091390227	ENSMUSG00000031119;ENSMUSG00000041936;ENSMUSG00000034220;ENSMUSG00000040249;ENSMUSG00000020592;ENSMUSG00000029134;ENSMUSG00000015568;ENSMUSG00000002985	False	False	0.6	5	0.0			-0.0030581427401611	0.005578671414473301	0.12309274067444456	0.005578671414473301	-0.0030581427401611	0.12309274067444456	0.3553008595988539	True	False	-0.0012957454347993207	-0.0009985475504730062	True	0.770635592189184	Visual Phototransduction	False	False	False	False	False	True	1	sensitivity-dependent
spleen	R-MMU-3000178_ECM_PROTEOGLYCANS	-0.0002329659293944455	5	3	2	-0.0002329659293944455	5	3	2	0.011782049448679378	5.0	4.0	1.0	0.011782049448679378	5.0	4.0	1.0	1.8047388356286684	0.002677376171352075	0.05481234322147504	ENSMUSG00000041936;ENSMUSG00000026768;ENSMUSG00000004098;ENSMUSG00000026042;ENSMUSG00000033327;ENSMUSG00000037411;ENSMUSG00000026837;ENSMUSG00000021614;ENSMUSG00000048126;ENSMUSG00000026193;ENSMUSG00000025348;ENSMUSG00000039115;ENSMUSG00000022892	False	False	0.0	5	0.0			-0.00023296592939446	0.00333319904847216	0.00931531700577778	0.00333319904847216	-0.00023296592939446	0.00931531700577778	0.034383954154727794	True	False	-0.0007299792923028036	-0.0010934430133086113	True	1.4979096322845264	Ecm Proteoglycans	False	False	False	False	False	True	1	sensitivity-dependent
spleen	R-MMU-5693567_HDR_THROUGH_HOMOLOGOUS_RECOMBINATION_HRR_OR_SINGLE_STRAND_ANNEALING_SSA	-0.001045441272727778	5	3	2	-0.001045441272727778	5	3	2	0.012119816024602706	5.0	3.0	2.0	0.012119816024602706	5.0	3.0	2.0	1.6032566003851214	0.00646830530401035	0.07411797909779758	ENSMUSG00000069308;ENSMUSG00000075031;ENSMUSG00000069306;ENSMUSG00000042489;ENSMUSG00000069303;ENSMUSG00000017146;ENSMUSG00000041147;ENSMUSG00000027323;ENSMUSG00000069300;ENSMUSG00000030528;ENSMUSG00000035455;ENSMUSG00000007080;ENSMUSG00000062727;ENSMUSG00000039994;ENSMUSG00000069266;ENSMUSG00000039748;ENSMUSG00000049932;ENSMUSG00000030346;ENSMUSG00000026196;ENSMUSG00000034218;ENSMUSG00000018102;ENSMUSG00000030451;ENSMUSG00000069307;ENSMUSG00000057406;ENSMUSG00000056394;ENSMUSG00000027342;ENSMUSG00000038644;ENSMUSG00000027715	False	False	0.2	5	0.0			-0.0010454412727278	0.006571294772166621	0.0018989063608933002	0.0018989063608933002	-0.0010454412727278	0.006571294772166621	0.18911174785100288	True	False	0.001310960428696007	0.0018120075320175349	True	1.382198495358027	Hdr Through Homologous Recombination Hrr Or Single Strand Annealing Ssa	False	False	False	False	False	True	1	sensitivity-dependent
spleen	R-MMU-1169410_ANTIMICROBIAL_MECHANISM_OF_IFN_STIMULATED_GENES	0.001037418798024999	5	3	2	0.001037418798024999	5	3	2	-0.003651888484620186	5.0	3.0	2.0	-0.003651888484620186	5.0	3.0	2.0	0.8190548754051705	0.7347767253044655	0.8139053978679478	ENSMUSG00000091971;ENSMUSG00000019942;ENSMUSG00000090877	False	True	0.4	5	0.0			0.00103741879802496	0.04477712501388892	-0.00022087519832497343	0.00103741879802496	-0.00022087519832497343	0.04477712501388892	0.1833810888252149	True	False	8.24428066796938e-05	-0.00026060308689410144	False	3.1610166779813147	Antimicrobial Mechanism Of Ifn Stimulated Genes	False	False	True	False	False	False	1	sensitivity-dependent
spleen	R-MMU-1280215_CYTOKINE_SIGNALING_IN_IMMUNE_SYSTEM	0.011505986894444454	5	2	3	0.011505986894444454	5	2	3	-0.004915438883414477	5.0	2.0	3.0	-0.004915438883414477	5.0	2.0	3.0	-0.9417511572786443	0.6382978723404256	0.7424948379043641	ENSMUSG00000040314;ENSMUSG00000025889;ENSMUSG00000018916;ENSMUSG00000058755;ENSMUSG00000045136;ENSMUSG00000031530;ENSMUSG00000034394;ENSMUSG00000024401;ENSMUSG00000005364;ENSMUSG00000026981;ENSMUSG00000004296;ENSMUSG00000024402;ENSMUSG00000027720;ENSMUSG00000072235;ENSMUSG00000026700;ENSMUSG00000005824;ENSMUSG00000053113;ENSMUSG00000027078;ENSMUSG00000093769;ENSMUSG00000017652;ENSMUSG00000029075;ENSMUSG00000001473;ENSMUSG00000068240	False	False	0.2	5	0.0			0.01150598689444446	-0.06493117819444456	0.0009160369722221583	0.0009160369722221583	-0.06493117819444456	0.01150598689444446	0.5329512893982808	True	False	0.01473415253593884	0.03027623874223604	True	2.054834078063715	Cytokine Signaling In Immune System	False	False	False	False	False	True	1	sensitivity-dependent
spleen	R-MMU-8856688_GOLGI_TO_ER_RETROGRADE_TRANSPORT	-0.0013929070984222218	5	3	2	-0.0013929070984222218	5	3	2	0.005075878935572366	5.0	3.0	2.0	0.005075878935572366	5.0	3.0	2.0	1.0184098364366843	0.4505347593582888	0.5847084330177073	ENSMUSG00000051378;ENSMUSG00000012443;ENSMUSG00000079553;ENSMUSG00000030677;ENSMUSG00000034311;ENSMUSG00000027115;ENSMUSG00000028678;ENSMUSG00000045328;ENSMUSG00000032254;ENSMUSG00000060012;ENSMUSG00000023015;ENSMUSG00000063077;ENSMUSG00000016255;ENSMUSG00000024795;ENSMUSG00000041642	False	False	0.4	5	0.0			-0.00139290709842224	0.14283854765444445	0.0008404269684	0.0008404269684	-0.00139290709842224	0.14283854765444445	0.24641833810888253	True	False	-0.0005436921312557356	-0.0004323617972427528	True	0.7952327657274545	Golgi To Er Retrograde Transport	False	False	False	False	False	True	1	sensitivity-dependent
spleen	R-MMU-69306_DNA_REPLICATION	-0.000563432962916666	5	3	2	-0.000563432962916666	5	3	2	0.00715880805606903	5.0	2.0	3.0	0.00715880805606903	5.0	2.0	3.0	1.2834310376040086	0.1325136612021858	0.2535479469843566	ENSMUSG00000017499;ENSMUSG00000002068;ENSMUSG00000002870;ENSMUSG00000007080;ENSMUSG00000024742;ENSMUSG00000029730;ENSMUSG00000001403;ENSMUSG00000006678;ENSMUSG00000022673;ENSMUSG00000056394;ENSMUSG00000027342;ENSMUSG00000038644;ENSMUSG00000027715;ENSMUSG00000028587;ENSMUSG00000041859;ENSMUSG00000005410	False	False	0.2	5	0.0			-0.0005634329629166999	0.00101485264768612	0.0007529176558702733	0.0007529176558702733	-0.0005634329629166999	0.00101485264768612	0.10315186246418338	True	False	-0.0008288340917223449	-0.0007963794890461476	True	0.9608430649748546	Dna Replication	False	False	False	False	False	True	1	sensitivity-dependent
spleen	R-MMU-69618_MITOTIC_SPINDLE_CHECKPOINT	-0.001459479992027778	5	3	2	-0.001459479992027778	5	3	2	0.010460334173590987	5.0	3.0	2.0	0.010460334173590987	5.0	3.0	2.0	1.444007729353205	0.035182679296346414	0.13261256659998236	ENSMUSG00000026605;ENSMUSG00000023940;ENSMUSG00000031756;ENSMUSG00000036223;ENSMUSG00000068101;ENSMUSG00000027115;ENSMUSG00000040084;ENSMUSG00000028678;ENSMUSG00000045328;ENSMUSG00000021714;ENSMUSG00000020897;ENSMUSG00000001403;ENSMUSG00000006398;ENSMUSG00000040549;ENSMUSG00000031262;ENSMUSG00000024660;ENSMUSG00000029414;ENSMUSG00000029910;ENSMUSG00000024056;ENSMUSG00000028873;ENSMUSG00000026039	False	False	0.2	5	0.0			-0.0014594799920277803	0.00099731911891778	0.00059582059753278	0.00059582059753278	-0.0014594799920277803	0.00099731911891778	0.2607449856733524	True	False	-1.8826571916567245e-05	-0.0010443320889206447	True	55.47117624752705	Mitotic Spindle Checkpoint	False	False	False	False	False	True	1	sensitivity-dependent
spleen	R-MMU-8852276_THE_ROLE_OF_GTSE1_IN_G2_M_PROGRESSION_AFTER_G2_CHECKPOINT	0.0003134473149930552	5	2	3	0.0003134473149930552	5	2	3	-0.003497018057728912	5.0	2.0	3.0	-0.003497018057728912	5.0	2.0	3.0	-0.7441001291457807	0.8253424657534246	0.9475988964197803	ENSMUSG00000045136;ENSMUSG00000072235;ENSMUSG00000001473;ENSMUSG00000068240	False	False	0.2	5	0.0			0.00031344731499305997	-0.00053396875073888	0.001149850716925	0.00031344731499305997	-0.00053396875073888	0.001149850716925	0.04297994269340974	True	False	-0.0005435085983544608	-0.0001797305377169669	True	0.33068573020026404	The Role Of Gtse1 In G2 M Progression After G2 Checkpoint	False	False	False	False	False	True	1	sensitivity-dependent
spleen	R-MMU-68877_MITOTIC_PROMETAPHASE	-0.0011397156827777782	5	4	1	-0.0011397156827777782	5	4	1	0.00782902374513955	5.0	3.0	2.0	0.00782902374513955	5.0	3.0	2.0	1.3542079917545577	0.05452292441140025	0.19824939250351079	ENSMUSG00000019942;ENSMUSG00000026605;ENSMUSG00000023940;ENSMUSG00000031756;ENSMUSG00000038252;ENSMUSG00000002997;ENSMUSG00000034906;ENSMUSG00000028312;ENSMUSG00000036223;ENSMUSG00000068101;ENSMUSG00000027115;ENSMUSG00000040084;ENSMUSG00000025758;ENSMUSG00000028678;ENSMUSG00000026622;ENSMUSG00000045328;ENSMUSG00000024791;ENSMUSG00000021714;ENSMUSG00000020897;ENSMUSG00000006398;ENSMUSG00000015880;ENSMUSG00000040549;ENSMUSG00000041431;ENSMUSG00000031262;ENSMUSG00000032218;ENSMUSG00000024660;ENSMUSG00000016255;ENSMUSG00000029414;ENSMUSG00000029910;ENSMUSG00000024056;ENSMUSG00000028873;ENSMUSG00000036752;ENSMUSG00000026039	False	False	0.0	5	0.0			-0.00113971568277782	0.00825280708288882	0.00027080865555553996	0.00027080865555553996	-0.00113971568277782	0.00825280708288882	0.2177650429799427	True	False	0.00349135277413424	0.004105503412574029	True	1.1759062111940497	Mitotic Prometaphase	False	False	False	False	False	True	1	sensitivity-dependent
spleen	R-MMU-69473_G2_M_DNA_DAMAGE_CHECKPOINT	-0.0013608008935833333	5	3	2	-0.0013608008935833333	5	3	2	0.013704234862461358	5.0	3.0	2.0	0.013704234862461358	5.0	3.0	2.0	1.4931818052115153	0.022546419098143235	0.10294357993087971	ENSMUSG00000069308;ENSMUSG00000019942;ENSMUSG00000075031;ENSMUSG00000069306;ENSMUSG00000069303;ENSMUSG00000017146;ENSMUSG00000069300;ENSMUSG00000030528;ENSMUSG00000062727;ENSMUSG00000069266;ENSMUSG00000039748;ENSMUSG00000049932;ENSMUSG00000044201;ENSMUSG00000026196;ENSMUSG00000034218;ENSMUSG00000018102;ENSMUSG00000030451;ENSMUSG00000041431;ENSMUSG00000069307;ENSMUSG00000057406;ENSMUSG00000027715;ENSMUSG00000069274;ENSMUSG00000031016	False	False	0.4	5	0.0			-0.0013608008935833398	0.007328608929121061	0.00019900923032774	0.00019900923032774	-0.0013608008935833398	0.007328608929121061	0.24355300859598855	True	False	-0.0004984846704044172	-0.0005965104008265662	True	1.1966474321920901	G2 M Dna Damage Checkpoint	False	False	False	False	False	True	1	sensitivity-dependent
spleen	R-MMU-4839726_CHROMATIN_ORGANIZATION	-0.005373469222222172	5	1	4	-0.005373469222222172	5	1	4	0.008125254058963718	5.0	3.0	2.0	0.008125254058963718	5.0	3.0	2.0	1.6759835987920904	0.001215066828675577	0.06487347246951221	ENSMUSG00000081058;ENSMUSG00000069308;ENSMUSG00000051149;ENSMUSG00000063954;ENSMUSG00000075031;ENSMUSG00000069306;ENSMUSG00000071516;ENSMUSG00000071478;ENSMUSG00000069301;ENSMUSG00000069303;ENSMUSG00000074403;ENSMUSG00000069300;ENSMUSG00000061615;ENSMUSG00000020387;ENSMUSG00000069309;ENSMUSG00000094248;ENSMUSG00000038384;ENSMUSG00000062727;ENSMUSG00000005893;ENSMUSG00000071064;ENSMUSG00000078851;ENSMUSG00000069266;ENSMUSG00000069267;ENSMUSG00000078154;ENSMUSG00000048154;ENSMUSG00000049932;ENSMUSG00000026603;ENSMUSG00000018476;ENSMUSG00000018102;ENSMUSG00000042599;ENSMUSG00000094777;ENSMUSG00000069272;ENSMUSG00000099517;ENSMUSG00000019947;ENSMUSG00000002028;ENSMUSG00000018474;ENSMUSG00000069307;ENSMUSG00000057406;ENSMUSG00000028053	False	False	0.4	5	0.0			-0.005373469222222141	0.00613461658333332	0.00018212816666677984	0.00018212816666677984	-0.005373469222222141	0.00613461658333332	0.4269340974212034	True	False	-0.016335848084961746	-0.04354152447606961	True	2.665397244735187	Chromatin Organization	False	False	False	False	False	True	1	sensitivity-dependent
spleen	R-MMU-73929_BASE_EXCISION_REPAIR_AP_SITE_FORMATION	-0.0003803311275000003	5	2	3	-0.0003803311275000002	5	2	3	0.010828524261815967	5.0	3.0	2.0	0.010828524261815967	5.0	3.0	2.0	1.542306364855825	0.029411764705882353	0.07604384788082391	ENSMUSG00000069308;ENSMUSG00000063954;ENSMUSG00000075031;ENSMUSG00000069306;ENSMUSG00000071516;ENSMUSG00000071478;ENSMUSG00000069301;ENSMUSG00000069303;ENSMUSG00000069300;ENSMUSG00000061615;ENSMUSG00000069309;ENSMUSG00000094248;ENSMUSG00000062727;ENSMUSG00000069266;ENSMUSG00000049932;ENSMUSG00000018102;ENSMUSG00000094777;ENSMUSG00000069272	False	False	0.0	5	0.0			-0.00038033112749999995	0.0022656894011800002	0.00015518916891665995	0.00015518916891665995	-0.00038033112749999995	0.0022656894011800002	0.06303724928366762	True	False	-7.698978035310085e-05	-0.00025409138748403874	True	3.3003261773015944	Base Excision Repair Ap Site Formation	False	False	False	False	False	True	1	sensitivity-dependent
spleen	R-MMU-5633007_REGULATION_OF_TP53_ACTIVITY	-0.005394427836388894	5	3	2	-0.005394427836388893	5	3	2	0.005821878723101343	5.0	3.0	2.0	0.005821878723101343	5.0	3.0	2.0	1.1878172496031016	0.21767810026385223	0.34823856554158333	ENSMUSG00000019942;ENSMUSG00000061436;ENSMUSG00000017146;ENSMUSG00000030528;ENSMUSG00000027469;ENSMUSG00000039748;ENSMUSG00000020897;ENSMUSG00000026603;ENSMUSG00000026196;ENSMUSG00000034218;ENSMUSG00000028680;ENSMUSG00000018474;ENSMUSG00000021690;ENSMUSG00000027715;ENSMUSG00000027496;ENSMUSG00000054387;ENSMUSG00000036986;ENSMUSG00000032113;ENSMUSG00000021285;ENSMUSG00000034329;ENSMUSG00000019699;ENSMUSG00000028211;ENSMUSG00000036875	False	False	0.2	5	0.0			-0.005394427836388919	0.05936332387055552	3.643420366112042e-05	3.643420366112042e-05	-0.005394427836388919	0.05936332387055552	0.4297994269340974	True	False	0.0023928945106542047	0.004536404833580422	True	1.895781369961099	Regulation Of Tp53 Activity	False	False	False	False	False	True	1	sensitivity-dependent
spleen	R-MMU-453276_REGULATION_OF_MITOTIC_CELL_CYCLE	-0.00037783690147500027	5	2	3	-0.00037783690147500027	5	2	3	0.016880491050705392	5.0	3.0	2.0	0.016880491050705392	5.0	3.0	2.0	1.3342677310407516	0.11884057971014493	0.21232158897184183	ENSMUSG00000019942;ENSMUSG00000040084;ENSMUSG00000026622;ENSMUSG00000020897;ENSMUSG00000001403;ENSMUSG00000019773;ENSMUSG00000006398;ENSMUSG00000041431;ENSMUSG00000027715;ENSMUSG00000029910;ENSMUSG00000027496	False	False	0.6	5	0.0			-0.00037783690147497994	0.00035186913460554	-3.344481997000002e-05	-3.344481997000002e-05	-0.00037783690147497994	0.00035186913460554	0.06017191977077364	True	False	-0.00032614457807034886	-0.00010116074671310663	True	0.31017148073296014	Regulation Of Mitotic Cell Cycle	False	False	False	False	False	True	1	sensitivity-dependent
spleen	R-MMU-69052_SWITCHING_OF_ORIGINS_TO_A_POST_REPLICATIVE_STATE	-5.996155911111123e-05	5	2	3	-5.996155911111123e-05	5	2	3	0.00843580955134773	5.0	3.0	2.0	0.00843580955134773	5.0	3.0	2.0	1.2027320135236916	0.22361111111111112	0.3372449756283118	ENSMUSG00000017499;ENSMUSG00000002068;ENSMUSG00000002870;ENSMUSG00000029730;ENSMUSG00000001403;ENSMUSG00000022673;ENSMUSG00000027715;ENSMUSG00000028587;ENSMUSG00000041859;ENSMUSG00000005410	False	False	0.0	5	0.0			-5.99615591110666e-05	-0.0008665218819444598	0.0010780091126360801	-5.99615591110666e-05	-0.0008665218819444598	0.0010780091126360801	0.011461318051575931	True	False	3.4348958095836693e-05	0.00020917902736391456	True	6.08982161206422	Switching Of Origins To A Post Replicative State	False	False	False	False	False	True	1	sensitivity-dependent
spleen	R-MMU-9764274_REGULATION_OF_EXPRESSION_AND_FUNCTION_OF_TYPE_I_CLASSICAL_CADHERINS	-6.474678613333368e-05	5	1	4	-6.474678613333368e-05	5	1	4	0.009136731093000039	5.0	3.0	2.0	0.009136731093000039	5.0	3.0	2.0	1.5522673442234656	0.022871664548919948	0.07944906318669392	ENSMUSG00000081058;ENSMUSG00000069308;ENSMUSG00000063954;ENSMUSG00000075031;ENSMUSG00000069306;ENSMUSG00000071516;ENSMUSG00000071478;ENSMUSG00000021823;ENSMUSG00000069301;ENSMUSG00000069303;ENSMUSG00000034101;ENSMUSG00000074403;ENSMUSG00000069300;ENSMUSG00000061615;ENSMUSG00000069309;ENSMUSG00000094248;ENSMUSG00000062727;ENSMUSG00000069266;ENSMUSG00000069267	False	False	0.2	5	0.0			-6.474678613331978e-05	-0.02532973808944448	0.00050234737400888	-6.474678613331978e-05	-0.02532973808944448	0.00050234737400888	0.014326647564469915	True	False	-0.002165840787464402	-0.0015972643407449149	True	0.737480035462287	Regulation Of Expression And Function Of Type I Classical Cadherins	False	False	False	False	False	True	1	sensitivity-dependent
spleen	R-MMU-166058_MYD88_MAL_TIRAP_CASCADE_INITIATED_ON_PLASMA_MEMBRANE	0.0003523425850947221	5	2	3	0.0003523425850947221	5	2	3	-0.005172059020192585	5.0	2.0	3.0	-0.005172059020192585	5.0	2.0	3.0	0.8237835597494797	0.7136690647482015	0.8123500977408236	ENSMUSG00000109061;ENSMUSG00000021250;ENSMUSG00000018932;ENSMUSG00000052684;ENSMUSG00000022892;ENSMUSG00000030107	False	True	0.2	5	0.0			0.00035234258509472	-0.0016694982673122402	-7.037670351109997e-05	-7.037670351109997e-05	-0.0016694982673122402	0.00035234258509472	0.054441260744985676	True	False	-2.1880319882208965e-05	7.790842808974434e-05	False	3.560662207369839	Myd88 Mal Tirap Cascade Initiated On Plasma Membrane	False	False	True	False	False	False	1	sensitivity-dependent
spleen	R-MMU-453279_MITOTIC_G1_PHASE_AND_G1_S_TRANSITION	-0.0033058889972222396	5	3	2	-0.0033058889972222396	5	3	2	0.007703323652327265	5.0	3.0	2.0	0.007703323652327265	5.0	3.0	2.0	1.4021593018403424	0.06013071895424837	0.1574609132544192	ENSMUSG00000018983;ENSMUSG00000017499;ENSMUSG00000002068;ENSMUSG00000027490;ENSMUSG00000040957;ENSMUSG00000023067;ENSMUSG00000002870;ENSMUSG00000007080;ENSMUSG00000029730;ENSMUSG00000038482;ENSMUSG00000006678;ENSMUSG00000000184;ENSMUSG00000022673;ENSMUSG00000027715;ENSMUSG00000003031;ENSMUSG00000031016;ENSMUSG00000028587;ENSMUSG00000041859;ENSMUSG00000005410;ENSMUSG00000040274;ENSMUSG00000034165;ENSMUSG00000031666	False	False	0.0	5	0.0			-0.0033058889972222604	0.0065869439290222	-0.0001739653717055801	-0.0001739653717055801	-0.0033058889972222604	0.0065869439290222	0.3753581661891118	True	False	0.020930809957858985	0.011849628900256752	True	0.5661333184962352	Mitotic G1 Phase And G1 S Transition	False	False	False	False	False	True	1	sensitivity-dependent
spleen	R-MMU-8875878_MET_PROMOTES_CELL_MOTILITY	-0.0005862851366524998	5	2	3	-0.0005862851366524998	5	2	3	0.011325062553114888	5.0	4.0	1.0	0.011325062553114888	5.0	4.0	1.0	1.6280320418490923	0.008595988538681949	0.06373347086732989	ENSMUSG00000031714;ENSMUSG00000004098;ENSMUSG00000026042;ENSMUSG00000026837;ENSMUSG00000020422;ENSMUSG00000026193;ENSMUSG00000024330;ENSMUSG00000028556	False	False	0.4	5	0.0			-0.0005862851366524931	0.00154536304608888	-0.0002894792278944401	-0.0002894792278944401	-0.0005862851366524931	0.00154536304608888	0.10601719197707736	True	False	-0.0009338309247732881	-0.0007739251070032002	True	0.8287636299805458	Met Promotes Cell Motility	False	False	False	False	False	True	1	sensitivity-dependent
spleen	R-MMU-69481_G2_M_CHECKPOINTS	-0.0002952240437133336	5	2	3	-0.0002952240437133336	5	2	3	0.01396935177205708	5.0	3.0	2.0	0.01396935177205708	5.0	3.0	2.0	1.5611587200696666	0.006402048655569782	0.07851795207740668	ENSMUSG00000069308;ENSMUSG00000019942;ENSMUSG00000075031;ENSMUSG00000017499;ENSMUSG00000069306;ENSMUSG00000042489;ENSMUSG00000069303;ENSMUSG00000017146;ENSMUSG00000069300;ENSMUSG00000030528;ENSMUSG00000022385;ENSMUSG00000002870;ENSMUSG00000062727;ENSMUSG00000069266;ENSMUSG00000029730;ENSMUSG00000039748;ENSMUSG00000049932;ENSMUSG00000044201;ENSMUSG00000026196;ENSMUSG00000034218;ENSMUSG00000018102;ENSMUSG00000030451;ENSMUSG00000041431;ENSMUSG00000069307;ENSMUSG00000032218;ENSMUSG00000057406;ENSMUSG00000022673;ENSMUSG00000027715;ENSMUSG00000069274;ENSMUSG00000031016;ENSMUSG00000028587;ENSMUSG00000041859;ENSMUSG00000005410	False	False	0.2	5	0.0			-0.00029522404371331993	0.006804125987680559	-0.0004360385185555654	-0.00029522404371331993	-0.0004360385185555654	0.006804125987680559	0.04011461318051576	True	False	-0.000941761143251181	-0.0009640620809146784	True	1.0236800358809763	G2 M Checkpoints	False	False	False	False	False	True	1	sensitivity-dependent
spleen	R-MMU-193648_NRAGE_SIGNALS_DEATH_THROUGH_JNK	-0.0001623285249111114	5	2	3	-0.0001623285249111114	5	2	3	0.009636969816574267	5.0	3.0	2.0	0.009636969816574267	5.0	3.0	2.0	1.3564704289418197	0.10896551724137932	0.19718316897584376	ENSMUSG00000061462;ENSMUSG00000059495;ENSMUSG00000022263;ENSMUSG00000041977;ENSMUSG00000027699;ENSMUSG00000009621;ENSMUSG00000027381;ENSMUSG00000066406;ENSMUSG00000039621;ENSMUSG00000017631	False	False	0.2	5	0.0			-0.00016232852491112	-0.0003210605278777712	-0.00032806272957998	-0.0003210605278777712	-0.00032806272957998	-0.00016232852491112	0.02865329512893983	True	True	0.0008394409579312832	-2.1491250174602315e-05	False	0.02560186034711162	Nrage Signals Death Through Jnk	False	False	False	False	True	False	1	sensitivity-dependent
spleen	R-MMU-1592389_ACTIVATION_OF_MATRIX_METALLOPROTEINASES	0.002572309344388888	5	2	3	0.002572309344388888	5	2	3	-0.018230503529564925	5.0	2.0	3.0	-0.018230503529564925	5.0	2.0	3.0	-2.2235042965014125	0.0	0.0006099522204094013	ENSMUSG00000020125;ENSMUSG00000031957;ENSMUSG00000040314;ENSMUSG00000057163;ENSMUSG00000023903;ENSMUSG00000017737;ENSMUSG00000036938	False	False	0.2	5	0.0			0.0025723093443889	-0.0007939655590638601	-0.00059684237217998	-0.00059684237217998	-0.0007939655590638601	0.0025723093443889	0.3237822349570201	True	False	1.8053610528122705e-05	5.110346785202403e-05	True	2.830650842523631	Activation Of Matrix Metalloproteinases	False	False	False	False	False	True	1	sensitivity-dependent
spleen	R-MMU-5663220_RHO_GTPASES_ACTIVATE_FORMINS	-0.0006031503641888888	5	2	3	-0.0006031503641888888	5	2	3	0.0028306037236750957	5.0	3.0	2.0	0.0028306037236750957	5.0	3.0	2.0	1.046192496977143	0.39197930142302717	0.5470550528675587	ENSMUSG00000026605;ENSMUSG00000023940;ENSMUSG00000031756;ENSMUSG00000054364;ENSMUSG00000036223;ENSMUSG00000068101;ENSMUSG00000027115;ENSMUSG00000040084;ENSMUSG00000028678;ENSMUSG00000045328;ENSMUSG00000021714;ENSMUSG00000020897;ENSMUSG00000006398;ENSMUSG00000040549;ENSMUSG00000031262;ENSMUSG00000024660;ENSMUSG00000016255;ENSMUSG00000029414;ENSMUSG00000029910;ENSMUSG00000024056;ENSMUSG00000028873;ENSMUSG00000036053;ENSMUSG00000036752;ENSMUSG00000026039	False	False	0.4	5	0.0			-0.0006031503641888602	-0.028675614717222242	0.00015511141211113996	-0.0006031503641888602	-0.028675614717222242	0.00015511141211113996	0.10888252148997135	True	False	-0.0011354562868543755	-0.0008988384412942418	True	0.7916099031732426	Rho Gtpases Activate Formins	False	False	False	False	False	True	1	sensitivity-dependent
spleen	R-MMU-9013423_RAC3_GTPASE_CYCLE	-0.0022577735781499986	5	1	4	-0.0022577735781499986	5	1	4	0.0014091339871514564	5.0	2.0	3.0	0.0014091339871514564	5.0	2.0	3.0	1.2351215722229711	0.19505494505494506	0.3032077677104409	ENSMUSG00000021697;ENSMUSG00000022797;ENSMUSG00000032135;ENSMUSG00000022263;ENSMUSG00000041417;ENSMUSG00000006445;ENSMUSG00000024451;ENSMUSG00000023015;ENSMUSG00000009621;ENSMUSG00000039621;ENSMUSG00000017631	False	False	0.6	5	0.0			-0.0022577735781499795	0.0005861835598333399	-0.0007821725454083	-0.0007821725454083	-0.0022577735781499795	0.0005861835598333399	0.2979942693409742	True	False	-0.0007641732561514697	-0.0004718150005095769	True	0.6174188859810826	Rac3 Gtpase Cycle	False	False	False	False	False	True	1	sensitivity-dependent
spleen	R-MMU-186797_SIGNALING_BY_PDGF	-0.0007897128375833333	5	3	2	-0.0007897128375833333	5	3	2	0.01265907086289555	5.0	4.0	1.0	0.01265907086289555	5.0	4.0	1.0	1.6649719323323662	0.0028129395218002813	0.06227004685251717	ENSMUSG00000004098;ENSMUSG00000026042;ENSMUSG00000024620;ENSMUSG00000026837;ENSMUSG00000031503;ENSMUSG00000031502;ENSMUSG00000048126;ENSMUSG00000041417	False	False	0.2	5	0.0			-0.0007897128375833797	0.00093385798604168	-0.0020104351779443998	-0.0007897128375833797	-0.0020104351779443998	0.00093385798604168	0.14613180515759314	True	False	0.0004690410501362787	0.001050478001870538	True	2.2396291360112817	Signaling By Pdgf	False	False	False	False	False	True	1	sensitivity-dependent
spleen	R-MMU-2995410_NUCLEAR_ENVELOPE_NE_REASSEMBLY	0.00010077377816333304	5	2	3	0.00010077377816333308	5	2	3	-0.0005009068916682388	5.0	2.0	3.0	-0.0005009068916682381	5.0	2.0	3.0	0.6054865330688424	0.9294781382228491	0.984524931843902	ENSMUSG00000019942;ENSMUSG00000028063;ENSMUSG00000028896;ENSMUSG00000028614;ENSMUSG00000041431;ENSMUSG00000032218;ENSMUSG00000016255	False	True	0.0	5	0.0			0.00010077377816334005	-0.0008603887691511	-0.0013775245899611	-0.0008603887691511	-0.0013775245899611	0.00010077377816334005	0.022922636103151862	True	False	-0.00025686927938681393	8.232706889291126e-06	False	0.032050180967314774	Nuclear Envelope Ne Reassembly	False	False	True	False	False	False	1	sensitivity-dependent
spleen	R-MMU-373760_L1CAM_INTERACTIONS	-0.000891207966516667	5	2	3	-0.000891207966516667	5	2	3	0.009087039263173937	5.0	2.0	3.0	0.009087039263173937	5.0	2.0	3.0	0.756301838005456	0.7951153324287653	0.8896794146897601	ENSMUSG00000021061;ENSMUSG00000034311;ENSMUSG00000025810;ENSMUSG00000026532;ENSMUSG00000039115;ENSMUSG00000020315;ENSMUSG00000009621	False	False	0.6	5	0.0			-0.0008912079665166601	-0.00234326946854998	0.16418744685333345	-0.0008912079665166601	-0.00234326946854998	0.16418744685333345	0.17191977077363896	True	False	-0.00035395524759184387	-0.0009723240497409432	True	2.747025383452313	L1Cam Interactions	False	False	False	False	False	True	1	sensitivity-dependent
spleen	R-MMU-5693607_PROCESSING_OF_DNA_DOUBLE_STRAND_BREAK_ENDS	-0.0011821474183333323	5	3	2	-0.0011821474183333323	5	3	2	0.011448952203449773	5.0	3.0	2.0	0.011448952203449773	5.0	3.0	2.0	1.4994321505503034	0.023872679045092837	0.10151457040126384	ENSMUSG00000069308;ENSMUSG00000075031;ENSMUSG00000069306;ENSMUSG00000042489;ENSMUSG00000069303;ENSMUSG00000017146;ENSMUSG00000069300;ENSMUSG00000030528;ENSMUSG00000062727;ENSMUSG00000039994;ENSMUSG00000069266;ENSMUSG00000039748;ENSMUSG00000049932;ENSMUSG00000026196;ENSMUSG00000034218;ENSMUSG00000018102;ENSMUSG00000030451	False	False	0.4	5	0.0			-0.00118214741833336	-0.00090491733166664	-0.0008373514170930401	-0.00090491733166664	-0.00118214741833336	-0.0008373514170930401	0.22922636103151864	True	True	-0.000346131580108751	0.0013867744632674946	False	4.006495052638029	Processing Of Dna Double Strand Break Ends	False	False	False	False	True	False	1	sensitivity-dependent
spleen	R-MMU-6811434_COPI_DEPENDENT_GOLGI_TO_ER_RETROGRADE_TRAFFIC	-0.0009809421460555564	5	1	4	-0.0009809421460555564	5	1	4	0.008557501441483924	5.0	3.0	2.0	0.008557501441483924	5.0	3.0	2.0	1.1429569366633785	0.30191256830601093	0.4171180745778384	ENSMUSG00000051378;ENSMUSG00000012443;ENSMUSG00000079553;ENSMUSG00000030677;ENSMUSG00000034311;ENSMUSG00000027115;ENSMUSG00000028678;ENSMUSG00000045328;ENSMUSG00000032254;ENSMUSG00000060012;ENSMUSG00000023015;ENSMUSG00000063077;ENSMUSG00000016255;ENSMUSG00000024795;ENSMUSG00000041642;ENSMUSG00000036752;ENSMUSG00000036768	False	False	0.6	5	0.0			-0.00098094214605554	-0.011283886602611079	0.06565722942444449	-0.00098094214605554	-0.011283886602611079	0.06565722942444449	0.18051575931232092	True	False	-0.0023021156589090918	-0.0028331655027273818	True	1.2306790459302726	Copi Dependent Golgi To Er Retrograde Traffic	False	False	False	False	False	True	1	sensitivity-dependent
spleen	R-MMU-8852135_PROTEIN_UBIQUITINATION	-0.0005086650094999995	5	3	2	-0.0005086650094999995	5	3	2	0.0040455057527749375	5.0	2.0	3.0	0.0040455057527749375	5.0	2.0	3.0	1.3308189439175087	0.12357954545454546	0.21428749540877562	ENSMUSG00000069308;ENSMUSG00000075031;ENSMUSG00000069303;ENSMUSG00000069300;ENSMUSG00000062727;ENSMUSG00000001403;ENSMUSG00000018102;ENSMUSG00000069307;ENSMUSG00000027342;ENSMUSG00000039159	False	False	0.2	5	0.0			-0.0005086650095	-0.00205337758414998	-0.0011012071234000067	-0.0011012071234000067	-0.00205337758414998	-0.0005086650095	0.09169054441260745	True	True	2.4596729118097298e-05	-0.001731399976189569	False	70.39147229196722	Protein Ubiquitination	False	False	False	False	True	False	1	sensitivity-dependent
spleen	R-MMU-69242_S_PHASE	-0.06632693593833335	5	2	3	-0.06632693593833335	5	2	3	0.006810391343988328	5.0	3.0	2.0	0.006810391343988327	5.0	3.0	2.0	1.467027880773336	0.02425876010781671	0.11838237426595008	ENSMUSG00000017499;ENSMUSG00000027330;ENSMUSG00000002068;ENSMUSG00000040957;ENSMUSG00000023067;ENSMUSG00000002870;ENSMUSG00000007080;ENSMUSG00000024742;ENSMUSG00000029730;ENSMUSG00000022034;ENSMUSG00000024791;ENSMUSG00000001403;ENSMUSG00000006678;ENSMUSG00000022673;ENSMUSG00000056394;ENSMUSG00000027342;ENSMUSG00000038644;ENSMUSG00000027715;ENSMUSG00000003031;ENSMUSG00000031016;ENSMUSG00000028587;ENSMUSG00000041859;ENSMUSG00000005410	False	False	0.6	5	0.0			-0.06632693593833336	0.00182121313169444	-0.0019552894743639	-0.0019552894743639	-0.06632693593833336	0.00182121313169444	0.8252148997134671	True	False	-0.0295045196478369	-0.039577750358843124	True	1.3414131404693022	S Phase	False	False	False	False	False	True	1	sensitivity-dependent
spleen	R-MMU-9958825_ACTIVATION_OF_STAT3_BY_CADHERIN_ENGAGEMENT	-0.004466745945611109	5	2	3	-0.004466745945611109	5	2	3	0.004845654600215988	5.0	2.0	3.0	0.004845654600215988	5.0	2.0	3.0	1.0960948967784956	0.35384615384615387	0.4810609526329655	ENSMUSG00000058325;ENSMUSG00000021823;ENSMUSG00000034101;ENSMUSG00000021756	False	False	0.6	5	0.0			-0.00446674594561106	0.0012394714299610741	-0.00212546444175994	-0.00212546444175994	-0.00446674594561106	0.0012394714299610741	0.4040114613180516	True	False	-0.0018686704373797795	-0.004242189502193177	True	2.2701646140137526	Activation Of Stat3 By Cadherin Engagement	False	False	False	False	False	True	1	sensitivity-dependent
spleen	R-MMU-5689901_METALLOPROTEASE_DUBS	-0.0066895496451222225	5	2	3	-0.0066895496451222225	5	2	3	0.005871050220360568	5.0	2.0	3.0	0.005871050220360568	5.0	2.0	3.0	1.4169124730887324	0.06970128022759602	0.1474752000705159	ENSMUSG00000063954;ENSMUSG00000071516;ENSMUSG00000071478;ENSMUSG00000069301;ENSMUSG00000017146;ENSMUSG00000061615;ENSMUSG00000069309;ENSMUSG00000094248;ENSMUSG00000078851;ENSMUSG00000026196;ENSMUSG00000094777;ENSMUSG00000069272	False	False	0.6	5	0.0			-0.006689549645122239	-0.00290424566624998	0.0003339034413916599	-0.00290424566624998	-0.006689549645122239	0.0003339034413916599	0.46418338108882523	True	False	-0.0040223872029274445	-0.005383461906088889	True	1.3383748591311326	Metalloprotease Dubs	False	False	False	False	False	True	1	sensitivity-dependent
spleen	R-MMU-173623_CLASSICAL_ANTIBODY_MEDIATED_COMPLEMENT_ACTIVATION	-0.005408211644027779	5	2	3	-0.005408211644027779	5	2	3	0.007098775548506568	5.0	4.0	1.0	0.007098775548506568	5.0	4.0	1.0	1.431482910752111	0.026284348864994027	0.14220790734549382	ENSMUSG00000103254;ENSMUSG00000095612;ENSMUSG00000096452;ENSMUSG00000096326;ENSMUSG00000095285;ENSMUSG00000076615;ENSMUSG00000076614;ENSMUSG00000096078;ENSMUSG00000102364;ENSMUSG00000076666;ENSMUSG00000076612;ENSMUSG00000095200;ENSMUSG00000093838;ENSMUSG00000096577;ENSMUSG00000104452;ENSMUSG00000095429;ENSMUSG00000094502;ENSMUSG00000076670;ENSMUSG00000093896;ENSMUSG00000096150;ENSMUSG00000095442;ENSMUSG00000095416	False	False	0.4	5	0.0			-0.0054082116440277595	-0.01088751609388888	-0.00231308038883338	-0.0054082116440277595	-0.01088751609388888	-0.00231308038883338	0.4326647564469914	True	True	-0.001336814503629557	0.0016168735435546705	False	1.2094973080892906	Classical Antibody Mediated Complement Activation	False	False	False	False	True	False	1	sensitivity-dependent
spleen	R-MMU-5683057_MAPK_FAMILY_SIGNALING_CASCADES	-0.005521748658333303	5	2	3	-0.005521748658333303	5	2	3	0.004281237047050114	5.0	3.0	2.0	0.004281237047050114	5.0	3.0	2.0	1.2165448906168623	0.1515527950310559	0.3233286699907675	ENSMUSG00000019942;ENSMUSG00000021061;ENSMUSG00000030134;ENSMUSG00000030110;ENSMUSG00000024190;ENSMUSG00000024620;ENSMUSG00000018909;ENSMUSG00000021823;ENSMUSG00000026883;ENSMUSG00000032470;ENSMUSG00000018334;ENSMUSG00000026532;ENSMUSG00000041417;ENSMUSG00000038894;ENSMUSG00000021756;ENSMUSG00000026193;ENSMUSG00000038764;ENSMUSG00000022610;ENSMUSG00000020315;ENSMUSG00000062232;ENSMUSG00000007659;ENSMUSG00000030203;ENSMUSG00000110206	False	False	0.2	5	0.0			-0.005521748658333303	-0.014343075722222478	0.039473728480555456	-0.005521748658333303	-0.014343075722222478	0.039473728480555456	0.4383954154727794	True	False	0.018892985295157188	0.022350907801867183	True	1.1830267928910292	Mapk Family Signaling Cascades	False	False	False	False	False	True	1	sensitivity-dependent
spleen	R-MMU-5688426_DEUBIQUITINATION	-0.07567665133333328	5	2	3	-0.07567665133333328	5	2	3	0.00562831873708067	5.0	3.0	2.0	0.005628318737080669	5.0	3.0	2.0	1.3176603830671019	0.09266409266409266	0.2281762294860613	ENSMUSG00000063954;ENSMUSG00000019942;ENSMUSG00000071516;ENSMUSG00000071478;ENSMUSG00000018909;ENSMUSG00000042489;ENSMUSG00000069301;ENSMUSG00000017146;ENSMUSG00000031066;ENSMUSG00000061615;ENSMUSG00000069309;ENSMUSG00000094248;ENSMUSG00000078851;ENSMUSG00000026196;ENSMUSG00000006398;ENSMUSG00000056999;ENSMUSG00000094777;ENSMUSG00000069272;ENSMUSG00000045730;ENSMUSG00000030107;ENSMUSG00000032402	False	False	0.6	5	0.0			-0.07567665133333326	-0.00622408443055552	0.03317009959166664	-0.00622408443055552	-0.07567665133333326	0.03317009959166664	0.8595988538681948	True	False	-0.04886225683432459	-0.058333895400385624	True	1.193843657246045	Deubiquitination	False	False	False	False	False	True	1	sensitivity-dependent
spleen	R-MMU-168256_IMMUNE_SYSTEM	-0.015115773000000044	5	1	4	-0.015115773000000044	5	1	4													False	False	0.6	5	0.0			-0.015115772999999999	-0.03261182950000008	-0.003925945022222278	-0.015115772999999999	-0.03261182950000008	-0.003925945022222278	0.5587392550143266	True	True	-0.002753212978759574	0.03490679082836442	False	12.678565406186355	Immune System	False	False	False	False	True	False	1	sensitivity-dependent
spleen	R-MMU-1483255_PI_METABOLISM	-0.026840762939777784	5	2	3	-0.026840762939777784	5	2	3	0.0007002693774009999	5.0	3.0	2.0	0.0007002693774009999	5.0	3.0	2.0	1.0808716518533723	0.3821022727272727	0.5063492258659875	ENSMUSG00000032737;ENSMUSG00000034573;ENSMUSG00000041417;ENSMUSG00000041757	False	False	0.6	5	0.0			-0.0268407629397778		-0.016652909032222222	-0.02174683598600001	-0.0268407629397778	-0.016652909032222222	0.6275071633237822	False	False	-0.010166757033274427	-0.02002911872776924	True	1.970059740998691	Pi Metabolism	False	False	False	False	False	True	1	sensitivity-dependent
spleen	R-MMU-9013026_RHOB_GTPASE_CYCLE	-0.03140457019722222	5	2	3	-0.03140457019722222	5	2	3	0.011806440577999108	5.0	3.0	2.0	0.011806440577999108	5.0	3.0	2.0	1.6063812065258591	0.011538461538461539	0.07357111059263709	ENSMUSG00000059495;ENSMUSG00000026880;ENSMUSG00000073433;ENSMUSG00000021697;ENSMUSG00000022797;ENSMUSG00000024812;ENSMUSG00000032135;ENSMUSG00000054364;ENSMUSG00000041417;ENSMUSG00000029108;ENSMUSG00000041977;ENSMUSG00000004044;ENSMUSG00000027699;ENSMUSG00000023015;ENSMUSG00000009621;ENSMUSG00000066406;ENSMUSG00000039621;ENSMUSG00000017631;ENSMUSG00000039585;ENSMUSG00000036777;ENSMUSG00000118193	False	False	0.4	5	0.0			-0.03140457019722218	-0.02202760473611116	0.043238025544777806	-0.02202760473611116	-0.03140457019722218	0.043238025544777806	0.66189111747851	True	False	-0.0030493734482243276	-0.01902729487260296	True	6.23973914499803	Rhob Gtpase Cycle	False	False	False	False	False	True	1	sensitivity-dependent
spleen	R-MMU-9006936_SIGNALING_BY_TGFB_FAMILY_MEMBERS	-0.03988466454166665	5	2	3	-0.03988466454166665	5	2	3	0.006538305073881051	5.0	4.0	1.0	0.006538305073881051	5.0	4.0	1.0	1.463645198313523	0.04728789986091794	0.1206317784331513	ENSMUSG00000027204;ENSMUSG00000026768;ENSMUSG00000027358;ENSMUSG00000018909;ENSMUSG00000029287;ENSMUSG00000000530;ENSMUSG00000038400;ENSMUSG00000038482;ENSMUSG00000017466;ENSMUSG00000025321;ENSMUSG00000062175;ENSMUSG00000032402;ENSMUSG00000029478;ENSMUSG00000030530	False	False	0.6	5	0.0			-0.03988466454166664	-0.024584893308333345	0.03681305354999988	-0.024584893308333345	-0.03988466454166664	0.03681305354999988	0.7077363896848138	True	False	-0.015483973803330511	-0.0241590307945244	True	1.5602603763982044	Signaling By Tgfb Family Members	False	False	False	False	False	True	1	sensitivity-dependent
spleen	R-MMU-9769740_COAGULATION_PATHWAY	-0.05490492726083336	5	2	3	-0.05490492726083336	5	2	3	0.0007755056627785902	5.0	3.0	2.0	0.0007755056627785902	5.0	3.0	2.0	0.8307386986146065	0.7256267409470752	0.8252545411251235	ENSMUSG00000031119;ENSMUSG00000041936;ENSMUSG00000034220;ENSMUSG00000037411;ENSMUSG00000048376;ENSMUSG00000074743;ENSMUSG00000020592;ENSMUSG00000026249	False	False	0.6	5	0.2	0.0	1.0	-0.05490492726083336	-0.0868761467262778	0.021147369888055517	-0.05490492726083336	-0.0868761467262778	0.021147369888055517	0.7851002865329513	True	False	-0.0688291285613594	-0.04742104709211901	True	0.6889677100857722	Coagulation Pathway	False	False	False	False	False	True	1	sensitivity-dependent
spleen	R-MMU-166658_COMPLEMENT_CASCADE	-0.05842424961111066	5	2	3	-0.05842424961111066	5	2	3	0.005348946221150208	5.0	3.0	2.0	0.005348946221150208	5.0	3.0	2.0	1.2865888272112092	0.08304498269896193	0.25210493352271335	ENSMUSG00000103254;ENSMUSG00000095612;ENSMUSG00000096452;ENSMUSG00000096326;ENSMUSG00000095285;ENSMUSG00000076615;ENSMUSG00000076614;ENSMUSG00000096078;ENSMUSG00000102364;ENSMUSG00000076666;ENSMUSG00000076612;ENSMUSG00000095200;ENSMUSG00000093838;ENSMUSG00000096577;ENSMUSG00000104452;ENSMUSG00000026365;ENSMUSG00000073418;ENSMUSG00000095429;ENSMUSG00000094502;ENSMUSG00000076670	False	False	0.4	5	0.0			-0.05842424961111066	0.019687679790000006	-0.05827923669444453	-0.05827923669444453	-0.05842424961111066	0.019687679790000006	0.8022922636103151	True	False	-0.0017992367068819023	-0.007392865710366174	True	4.108889998791818	Complement Cascade	False	False	False	False	False	True	1	sensitivity-dependent
spleen	R-MMU-5684996_MAPK1_MAPK3_SIGNALING	-0.07354794441666664	5	2	3	-0.07354794441666664	5	2	3	0.00538283970684199	5.0	3.0	2.0	0.00538283970684199	5.0	3.0	2.0	1.274444513614317	0.1053952321204517	0.26069246570968657	ENSMUSG00000019942;ENSMUSG00000021061;ENSMUSG00000030134;ENSMUSG00000030110;ENSMUSG00000024190;ENSMUSG00000024620;ENSMUSG00000018909;ENSMUSG00000021823;ENSMUSG00000026883;ENSMUSG00000032470;ENSMUSG00000018334;ENSMUSG00000026532;ENSMUSG00000041417;ENSMUSG00000038894;ENSMUSG00000021756;ENSMUSG00000026193;ENSMUSG00000038764;ENSMUSG00000022610;ENSMUSG00000020315;ENSMUSG00000062232;ENSMUSG00000007659;ENSMUSG00000030203;ENSMUSG00000110206	False	False	0.6	5	0.0			-0.07354794441666664	-0.1062161428722224	0.06865257791944443	-0.07354794441666664	-0.1062161428722224	0.06865257791944443	0.8424068767908309	True	False	-0.022287263446049293	-0.08998165358578154	True	4.037357650642029	Mapk1 Mapk3 Signaling	False	False	False	False	False	True	1	sensitivity-dependent
spleen	R-MMU-425407_SLC_MEDIATED_TRANSMEMBRANE_TRANSPORT	-0.07851017997222201	5	2	3	-0.07851017997222201	5	2	3	0.007909654981791905	5.0	3.0	2.0	0.007909654981791905	5.0	3.0	2.0	1.5085725376234838	0.013530135301353014	0.0950281551373098	ENSMUSG00000027075;ENSMUSG00000018566;ENSMUSG00000028542;ENSMUSG00000020334;ENSMUSG00000040010;ENSMUSG00000020142;ENSMUSG00000022180;ENSMUSG00000031297;ENSMUSG00000063873;ENSMUSG00000023828;ENSMUSG00000032902;ENSMUSG00000027397;ENSMUSG00000030737;ENSMUSG00000041313	False	False	0.4	5	0.4	0.0	2.0	-0.07851017997222201	0.10858907924999998	-0.09060126866666628	-0.07851017997222201	-0.09060126866666628	0.10858907924999998	0.8653295128939829	True	False	-0.00892977458623615	-0.08460548645590969	True	9.474537754437364	Slc Mediated Transmembrane Transport	False	False	False	False	False	True	1	sensitivity-dependent
spleen	R-MMU-9006925_INTRACELLULAR_SIGNALING_BY_SECOND_MESSENGERS	-0.08569329341666662	5	3	2	-0.08569329341666662	5	3	2	0.0007035483065379489	5.0	3.0	2.0	0.0007035483065379489	5.0	3.0	2.0	1.103119160781077	0.3058064516129032	0.4762314971808164	ENSMUSG00000031714;ENSMUSG00000022994;ENSMUSG00000028278;ENSMUSG00000024620;ENSMUSG00000002997;ENSMUSG00000023067;ENSMUSG00000041417;ENSMUSG00000038894;ENSMUSG00000032216;ENSMUSG00000026069;ENSMUSG00000032715;ENSMUSG00000044340;ENSMUSG00000005534;ENSMUSG00000110206;ENSMUSG00000031659;ENSMUSG00000019966;ENSMUSG00000018474;ENSMUSG00000047789;ENSMUSG00000089715;ENSMUSG00000022489;ENSMUSG00000003031	False	False	0.4	5	0.0			-0.08569329341666664	0.05106286340305555	-0.0871485320094444	-0.08569329341666664	-0.0871485320094444	0.05106286340305555	0.8968481375358166	True	False	-0.03803929501784199	-0.05472266812831829	True	1.43858260524153	Intracellular Signaling By Second Messengers	False	False	False	False	False	True	1	sensitivity-dependent
spleen	R-MMU-2424491_DAP12_SIGNALING	0.0006454896508777777	5	4	1	0.0006454896508777777	5	4	1	-0.008810836952298368	5.0	0.0	5.0	-0.008810836952298368	5.0	0.0	5.0	-0.8249447766972547	0.7226027397260274	0.9059225654774689	ENSMUSG00000030165;ENSMUSG00000030579;ENSMUSG00000030167	False	False	0.6	5	0.0			0.00064548965087776	-0.16358175347361098	-0.12416973462916661	-0.12416973462916661	-0.16358175347361098	0.00064548965087776	0.12034383954154727	True	False	0.00013337330873203058	0.00013871331112771484	True	1.0400380139508516	Dap12 Signaling	False	False	False	False	False	True	1	sensitivity-dependent
spleen	R-MMU-597592_POST_TRANSLATIONAL_PROTEIN_MODIFICATION	-0.022440349941666705	5	2	3	-0.022440349941666705	5	2	3	0.002014770035480261	5.0	3.0	2.0	0.002014770035480261	5.0	3.0	2.0	1.1829455942276994	0.11627906976744186	0.3529585344757056	ENSMUSG00000025175;ENSMUSG00000069308;ENSMUSG00000030217;ENSMUSG00000109564;ENSMUSG00000027204;ENSMUSG00000068252;ENSMUSG00000063954;ENSMUSG00000019942;ENSMUSG00000075031;ENSMUSG00000072082;ENSMUSG00000021061;ENSMUSG00000020614;ENSMUSG00000031749;ENSMUSG00000022231;ENSMUSG00000028766;ENSMUSG00000069306;ENSMUSG00000071516;ENSMUSG00000071478;ENSMUSG00000073418;ENSMUSG00000018909;ENSMUSG00000042489;ENSMUSG00000061436;ENSMUSG00000069301;ENSMUSG00000069303;ENSMUSG00000056091;ENSMUSG00000024299;ENSMUSG00000021614;ENSMUSG00000017146;ENSMUSG00000031066;ENSMUSG00000069300;ENSMUSG00000030528;ENSMUSG00000061615;ENSMUSG00000026185;ENSMUSG00000028195;ENSMUSG00000069309;ENSMUSG00000094248;ENSMUSG00000024140;ENSMUSG00000030055;ENSMUSG00000026532;ENSMUSG00000036040;ENSMUSG00000059901;ENSMUSG00000032578;ENSMUSG00000014599;ENSMUSG00000020520;ENSMUSG00000062727;ENSMUSG00000013846;ENSMUSG00000015846;ENSMUSG00000024164;ENSMUSG00000078851;ENSMUSG00000069266;ENSMUSG00000026193;ENSMUSG00000017493;ENSMUSG00000020914;ENSMUSG00000020897;ENSMUSG00000001403;ENSMUSG00000038156;ENSMUSG00000056656;ENSMUSG00000026196;ENSMUSG00000038886;ENSMUSG00000048490;ENSMUSG00000006398;ENSMUSG00000020315;ENSMUSG00000004099;ENSMUSG00000018102;ENSMUSG00000030451;ENSMUSG00000022892;ENSMUSG00000037306;ENSMUSG00000028614;ENSMUSG00000056999;ENSMUSG00000002985;ENSMUSG00000094777;ENSMUSG00000069272;ENSMUSG00000034164	False	False	0.4	5	0.0			-0.02244034994166672	0.04911223585555546	0.05643907321111104	0.04911223585555546	-0.02244034994166672	0.05643907321111104	0.5988538681948424	True	False	0.012615343732880233	-0.013101895948083909	False	1.038568288388016	Post Translational Protein Modification	False	False	False	False	False	False	0	sensitivity-dependent
spleen	R-MMU-2173782_BINDING_AND_UPTAKE_OF_LIGANDS_BY_SCAVENGER_RECEPTORS	-0.03263309772222236	5	2	3	-0.03263309772222236	5	2	3	0.002024242711275216	5.0	3.0	2.0	0.002024242711275216	5.0	3.0	2.0	1.0826692703862828	0.3254437869822485	0.5052118513359566	ENSMUSG00000103254;ENSMUSG00000095612;ENSMUSG00000096452;ENSMUSG00000096326;ENSMUSG00000095285;ENSMUSG00000068252;ENSMUSG00000096078;ENSMUSG00000102364;ENSMUSG00000076666;ENSMUSG00000095200;ENSMUSG00000093838;ENSMUSG00000096577;ENSMUSG00000104452;ENSMUSG00000095429;ENSMUSG00000040249;ENSMUSG00000094502;ENSMUSG00000076670;ENSMUSG00000093896;ENSMUSG00000096150;ENSMUSG00000095442;ENSMUSG00000035459;ENSMUSG00000095416;ENSMUSG00000095210;ENSMUSG00000008845;ENSMUSG00000096499;ENSMUSG00000002944;ENSMUSG00000105606;ENSMUSG00000076695;ENSMUSG00000025044;ENSMUSG00000096074;ENSMUSG00000037936;ENSMUSG00000076514	False	False	0.2	5	0.2	0.0	1.0	-0.032633097722222365	0.045946379694444414	0.03396941363888931	0.03396941363888931	-0.032633097722222365	0.045946379694444414	0.6762177650429799	True	False	-0.05629672375870859	-0.0011581446039349238	True	0.02057214925861062	Binding And Uptake Of Ligands By Scavenger Receptors	False	False	False	False	False	False	0	sensitivity-dependent
spleen	R-MMU-381426_REGULATION_OF_INSULIN_LIKE_GROWTH_FACTOR_IGF_TRANSPORT_AND_UPTAKE_BY_INSULIN_LIKE_GROWTH_FACTOR_BINDING_PROTEINS_IGFBPS	-0.01622788113888878	5	3	2	-0.01622788113888878	5	3	2	0.0042204489283074855	5.0	4.0	1.0	0.0042204489283074855	5.0	4.0	1.0	1.0093568576786442	0.4935400516795866	0.588148949271228	ENSMUSG00000027204;ENSMUSG00000068252;ENSMUSG00000020614;ENSMUSG00000073418;ENSMUSG00000021614;ENSMUSG00000026185;ENSMUSG00000028195;ENSMUSG00000014599;ENSMUSG00000024164;ENSMUSG00000026193;ENSMUSG00000017493;ENSMUSG00000056656;ENSMUSG00000022892;ENSMUSG00000002985	False	False	0.0	5	0.2	0.0	1.0	-0.01622788113888876	0.040844319444444464	0.02557928711111098	0.02557928711111098	-0.01622788113888876	0.040844319444444464	0.5702005730659025	True	False	0.04442834972982167	0.010962068469804433	True	0.2467358913051492	Regulation Of Insulin Like Growth Factor Igf Transport And Uptake By Insulin Like Growth Factor Binding Proteins Igfbps	False	False	False	False	False	False	0	sensitivity-dependent
spleen	R-MMU-2029482_REGULATION_OF_ACTIN_DYNAMICS_FOR_PHAGOCYTIC_CUP_FORMATION	-0.003570274783777777	5	2	3	-0.003570274783777777	5	2	3	0.005973284826963897	5.0	3.0	2.0	0.005973284826963897	5.0	3.0	2.0	1.473071669994841	0.01650943396226415	0.11652005584607805	ENSMUSG00000103254;ENSMUSG00000095612;ENSMUSG00000096452;ENSMUSG00000096326;ENSMUSG00000095285;ENSMUSG00000076615;ENSMUSG00000076614;ENSMUSG00000096078;ENSMUSG00000102364;ENSMUSG00000076666;ENSMUSG00000076612;ENSMUSG00000095200;ENSMUSG00000093838;ENSMUSG00000096577;ENSMUSG00000104452;ENSMUSG00000058325;ENSMUSG00000095429;ENSMUSG00000094502;ENSMUSG00000076670;ENSMUSG00000022272;ENSMUSG00000093896;ENSMUSG00000096150;ENSMUSG00000095442;ENSMUSG00000095416	False	False	0.4	5	0.0			-0.0035702747837777597	0.017377055493888897	0.0019722111775903003	0.0019722111775903003	-0.0035702747837777597	0.017377055493888897	0.38108882521489973	True	False	-0.005281863198807138	0.0009890647433972	False	0.18725678916117544	Regulation Of Actin Dynamics For Phagocytic Cup Formation	False	False	False	False	False	False	0	sensitivity-dependent
spleen	R-MMU-190828_GAP_JUNCTION_TRAFFICKING	0.0011730577314722223	5	3	2	0.0011730577314722223	5	3	2	-0.00766121854198223	5.0	2.0	3.0	-0.00766121854198223	5.0	2.0	3.0	-0.806826172218531	0.6925675675675675	0.9046186036181882	ENSMUSG00000045136;ENSMUSG00000072235;ENSMUSG00000001473	False	False	0.6	5	0.0			0.00117305773147222			0.00117305773147222	0.00117305773147222	0.00117305773147222	0.22636103151862463	False	False	0.0005339298194372134	-4.33307119752324e-05	False	0.08115432103212546	Gap Junction Trafficking	False	False	False	False	False	False	0	sensitivity-dependent
spleen	R-MMU-9851695_EPIGENETIC_REGULATION_OF_ADIPOGENESIS_GENES_BY_MLL3_AND_MLL4_COMPLEXES	-0.0029627983515999982	5	2	3	-0.0029627983515999982	5	2	3	0.012149595075993246	5.0	4.0	1.0	0.012149595075993246	5.0	4.0	1.0	1.5889417401865378	0.01532567049808429	0.0760084325269301	ENSMUSG00000081058;ENSMUSG00000069308;ENSMUSG00000063954;ENSMUSG00000075031;ENSMUSG00000069306;ENSMUSG00000071516;ENSMUSG00000071478;ENSMUSG00000069301;ENSMUSG00000069303;ENSMUSG00000074403;ENSMUSG00000069300;ENSMUSG00000061615;ENSMUSG00000069309;ENSMUSG00000094248;ENSMUSG00000062727;ENSMUSG00000015846;ENSMUSG00000069266;ENSMUSG00000069267;ENSMUSG00000049932;ENSMUSG00000018102;ENSMUSG00000094777;ENSMUSG00000069272;ENSMUSG00000099517;ENSMUSG00000029478;ENSMUSG00000069307	False	False	0.4	5	0.0			-0.00296279835159998	0.00826012407191664	0.00077528971455554	0.00077528971455554	-0.00296279835159998	0.00826012407191664	0.3495702005730659	True	False	-0.00044713800725709426	-9.490397840503163e-05	True	0.21224762123713628	Epigenetic Regulation Of Adipogenesis Genes By Mll3 And Mll4 Complexes	False	False	False	False	False	False	0	sensitivity-dependent
spleen	R-MMU-114604_GPVI_MEDIATED_ACTIVATION_CASCADE	-9.304571011777727e-05	5	3	2	-9.304571011777727e-05	5	3	2	0.0001288119275923316	5.0	3.0	2.0	0.0001288119275923316	5.0	3.0	2.0	0.9952757424443736	0.48493543758967	0.6009993888806776	ENSMUSG00000054364;ENSMUSG00000041417;ENSMUSG00000029661;ENSMUSG00000009621	False	False	0.0	5	0.0			-9.304571011777987e-05	-0.0002731514921943998	0.00069578208445	-9.304571011777987e-05	-0.0002731514921943998	0.00069578208445	0.02005730659025788	True	False	-0.0008987258261300939	-9.864967513492e-05	True	0.10976615144098473	Gpvi Mediated Activation Cascade	False	False	False	False	False	False	0	sensitivity-dependent
spleen	R-MMU-5689603_UCH_PROTEINASES	-0.00044489991305555804	5	3	2	-0.00044489991305555804	5	3	2	0.003196335975468259	5.0	3.0	2.0	0.003196335975468259	5.0	3.0	2.0	1.2565225395369846	0.18057455540355677	0.2821449031158176	ENSMUSG00000063954;ENSMUSG00000071516;ENSMUSG00000071478;ENSMUSG00000069301;ENSMUSG00000061615;ENSMUSG00000069309;ENSMUSG00000094248;ENSMUSG00000078851;ENSMUSG00000026196;ENSMUSG00000094777;ENSMUSG00000069272	False	False	0.2	5	0.0			-0.0004448999130555732	-0.0009229456031610999	0.00108713457004996	-0.0004448999130555732	-0.0009229456031610999	0.00108713457004996	0.07736389684813753	True	False	-0.0001780355111503822	0.0009058519016735038	False	5.088040558989118	Uch Proteinases	False	False	False	False	False	False	0	sensitivity-dependent
spleen	R-MMU-380284_LOSS_OF_PROTEINS_REQUIRED_FOR_INTERPHASE_MICROTUBULE_ORGANIZATION_FROM_THE_CENTROSOME	-0.0011280713884972214	5	3	2	-0.0011280713884972214	5	3	2	0.004656954149670387	5.0	2.0	3.0	0.004656954149670387	5.0	2.0	3.0	1.0156748211710727	0.4652482269503546	0.5801168622274754	ENSMUSG00000019942;ENSMUSG00000002997;ENSMUSG00000025758;ENSMUSG00000026622	False	False	0.2	5	0.0			-0.00112807138849722	-0.0006415791610471597		-0.0008848252747721899	-0.00112807138849722	-0.0006415791610471597	0.21203438395415472	False	False	0.0003836406603181646	1.739092186247857e-05	True	0.045331279140369954	Loss Of Proteins Required For Interphase Microtubule Organization From The Centrosome	False	False	False	False	False	False	0	sensitivity-dependent
spleen	R-MMU-2559586_DNA_DAMAGE_TELOMERE_STRESS_INDUCED_SENESCENCE	-0.001413544421666657	5	4	1	-0.001413544421666657	5	4	1	0.008682064824522977	5.0	3.0	2.0	0.008682064824522977	5.0	3.0	2.0	1.5463726233290627	0.021822849807445442	0.07865455879955713	ENSMUSG00000069308;ENSMUSG00000063954;ENSMUSG00000075031;ENSMUSG00000069306;ENSMUSG00000071516;ENSMUSG00000071478;ENSMUSG00000069301;ENSMUSG00000069303;ENSMUSG00000002068;ENSMUSG00000069300;ENSMUSG00000061615;ENSMUSG00000069309;ENSMUSG00000094248;ENSMUSG00000023067;ENSMUSG00000062727;ENSMUSG00000069266;ENSMUSG00000049932;ENSMUSG00000034218;ENSMUSG00000018102;ENSMUSG00000094777;ENSMUSG00000069272	False	False	0.0	5	0.0			-0.0014135444216666765	-0.02013821071611106	0.01646587078611138	-0.0014135444216666765	-0.02013821071611106	0.01646587078611138	0.2492836676217765	True	False	-0.0027876536869328775	0.022548047952506835	False	8.08853985636766	Dna Damage Telomere Stress Induced Senescence	False	False	False	False	False	False	0	sensitivity-dependent
spleen	R-MMU-2262752_CELLULAR_RESPONSES_TO_STRESS	-0.0014428878333334616	5	2	3	-0.0014428878333334616	5	2	3	0.00022941840949797788	5.0	2.0	3.0	0.00022941840949797788	5.0	2.0	3.0	1.0253940840280056	0.41196388261851014	0.5809012675094892	ENSMUSG00000091971;ENSMUSG00000069308;ENSMUSG00000063954;ENSMUSG00000075031;ENSMUSG00000090877;ENSMUSG00000109061;ENSMUSG00000069306;ENSMUSG00000071516;ENSMUSG00000071478;ENSMUSG00000028278;ENSMUSG00000069301;ENSMUSG00000069303;ENSMUSG00000024222;ENSMUSG00000002068;ENSMUSG00000069300;ENSMUSG00000021250;ENSMUSG00000020715;ENSMUSG00000061615;ENSMUSG00000069309;ENSMUSG00000094248;ENSMUSG00000032285;ENSMUSG00000023067;ENSMUSG00000024140;ENSMUSG00000018932;ENSMUSG00000032802;ENSMUSG00000062727;ENSMUSG00000015846;ENSMUSG00000069266;ENSMUSG00000001403;ENSMUSG00000049932;ENSMUSG00000052684;ENSMUSG00000034218;ENSMUSG00000018476;ENSMUSG00000018102;ENSMUSG00000027580;ENSMUSG00000028614;ENSMUSG00000022895;ENSMUSG00000094777;ENSMUSG00000069272;ENSMUSG00000040466;ENSMUSG00000096210;ENSMUSG00000025757;ENSMUSG00000038332;ENSMUSG00000033253;ENSMUSG00000005483;ENSMUSG00000029478;ENSMUSG00000069307	False	False	0.0	5	0.0			-0.0014428878333334588	-0.02625509905833336	0.024887005527777978	-0.0014428878333334588	-0.02625509905833336	0.024887005527777978	0.25787965616045844	True	False	0.0076931100152931135	-0.004142752104329798	False	0.5385016067746895	Cellular Responses To Stress	False	False	False	False	False	False	0	sensitivity-dependent
spleen	R-MMU-5578775_ION_HOMEOSTASIS	-0.009864204688888833	5	2	3	-0.009864204688888833	5	2	3	0.010268529694156314	5.0	5.0	0.0	0.010268529694156314	5.0	5.0	0.0	1.1868750427455201	0.26166902404526166	0.34803876560007757	ENSMUSG00000026463;ENSMUSG00000041329;ENSMUSG00000042644;ENSMUSG00000028207;ENSMUSG00000030409;ENSMUSG00000020788	False	False	0.4	5	0.0			-0.009864204688888819		0.0003243691430833	-0.004769917772902759	-0.009864204688888819	0.0003243691430833	0.5157593123209169	False	False	-0.009958108252166524	0.003004337854867042	False	0.3016976496729092	Ion Homeostasis	False	False	False	False	False	False	0	sensitivity-dependent
spleen	R-MMU-112315_TRANSMISSION_ACROSS_CHEMICAL_SYNAPSES	-0.00490598736517778	5	2	3	-0.00490598736517778	5	2	3	0.00023493369266192505	5.0	2.0	3.0	0.00023493369266192472	5.0	2.0	3.0	0.9311582292149904	0.5668523676880223	0.6989651358562594	ENSMUSG00000022994;ENSMUSG00000033577;ENSMUSG00000002997;ENSMUSG00000035864;ENSMUSG00000030098;ENSMUSG00000029455;ENSMUSG00000031659;ENSMUSG00000024897;ENSMUSG00000051497	False	False	0.0	5	0.0			-0.004905987365177764	0.01903219171350004	-0.02301116375611108	-0.004905987365177764	-0.02301116375611108	0.01903219171350004	0.40974212034383956	True	False	-0.03374655199110214	-0.004569175317605749	True	0.13539680494796894	Transmission Across Chemical Synapses	False	False	False	False	False	False	0	sensitivity-dependent
spleen	R-MMU-9932444_ATP_DEPENDENT_CHROMATIN_REMODELERS	-0.015609685563888897	5	2	3	-0.015609685563888897	5	2	3	0.009592989711517421	5.0	3.0	2.0	0.009592989711517421	5.0	3.0	2.0	1.7175434304268846	0.0025157232704402514	0.0630841893792764	ENSMUSG00000081058;ENSMUSG00000069308;ENSMUSG00000051149;ENSMUSG00000063954;ENSMUSG00000075031;ENSMUSG00000069306;ENSMUSG00000071516;ENSMUSG00000071478;ENSMUSG00000069301;ENSMUSG00000069303;ENSMUSG00000074403;ENSMUSG00000069300;ENSMUSG00000061615;ENSMUSG00000069309;ENSMUSG00000094248;ENSMUSG00000062727;ENSMUSG00000005893;ENSMUSG00000071064;ENSMUSG00000069266;ENSMUSG00000069267;ENSMUSG00000078154	False	False	0.4	5	0.0			-0.015609685563888882	0.020660284140555502	-0.02665132420694442	-0.015609685563888882	-0.02665132420694442	0.020660284140555502	0.5644699140401146	True	False	0.002734151551741713	-0.001859617664668322	False	0.6801443261196352	Atp Dependent Chromatin Remodelers	False	False	False	False	False	False	0	sensitivity-dependent
spleen	R-MMU-5357801_PROGRAMMED_CELL_DEATH	0.027459251179166665	5	3	2	0.027459251179166665	5	3	2	-0.003684050822946691	5.0	2.0	3.0	-0.003684050822946691	5.0	2.0	3.0	-0.6730116417247343	0.9673469387755103	0.9989893774110501	ENSMUSG00000020125;ENSMUSG00000031377;ENSMUSG00000058927;ENSMUSG00000015437;ENSMUSG00000068240	False	False	0.4	5	0.0			0.027459251179166665	-0.018230579749999924	-0.047679580594444396	-0.018230579749999924	-0.047679580594444396	0.027459251179166665	0.6332378223495702	True	False	-0.014929573481257433	-0.0007878112245031068	True	0.0527685017587491	Programmed Cell Death	False	False	False	False	False	False	0	sensitivity-dependent
spleen	R-MMU-2559583_CELLULAR_SENESCENCE	-0.030987941710000005	5	2	3	-0.030987941710000005	5	2	3	0.005755468565413708	5.0	3.0	2.0	0.005755468565413708	5.0	3.0	2.0	1.629764909133898	0.005076142131979695	0.06429261680763006	ENSMUSG00000069308;ENSMUSG00000063954;ENSMUSG00000075031;ENSMUSG00000109061;ENSMUSG00000069306;ENSMUSG00000071516;ENSMUSG00000071478;ENSMUSG00000069301;ENSMUSG00000069303;ENSMUSG00000002068;ENSMUSG00000069300;ENSMUSG00000021250;ENSMUSG00000061615;ENSMUSG00000069309;ENSMUSG00000094248;ENSMUSG00000023067;ENSMUSG00000018932;ENSMUSG00000062727;ENSMUSG00000069266;ENSMUSG00000001403;ENSMUSG00000049932;ENSMUSG00000052684;ENSMUSG00000034218;ENSMUSG00000018476;ENSMUSG00000018102;ENSMUSG00000022895;ENSMUSG00000094777;ENSMUSG00000069272	False	False	0.6	5	0.0			-0.030987941710000015	-0.053187515214924416	0.00140682697241108	-0.030987941710000015	-0.053187515214924416	0.00140682697241108	0.6532951289398281	True	False	-0.005047796527578592	0.015329862825675578	False	3.036941513375392	Cellular Senescence	False	False	False	False	False	False	0	sensitivity-dependent
spleen	R-MMU-157579_TELOMERE_MAINTENANCE	-0.08251229427500004	5	3	2	-0.08251229427500004	5	3	2	0.007782825642235478	5.0	3.0	2.0	0.007782825642235478	5.0	3.0	2.0	1.5120404794032212	0.027061855670103094	0.09442728806690039	ENSMUSG00000069308;ENSMUSG00000063954;ENSMUSG00000075031;ENSMUSG00000069306;ENSMUSG00000071516;ENSMUSG00000071478;ENSMUSG00000069301;ENSMUSG00000069303;ENSMUSG00000069300;ENSMUSG00000041064;ENSMUSG00000030528;ENSMUSG00000061615;ENSMUSG00000069309;ENSMUSG00000094248;ENSMUSG00000062727;ENSMUSG00000024742;ENSMUSG00000069266;ENSMUSG00000049932;ENSMUSG00000018102;ENSMUSG00000094777;ENSMUSG00000069272;ENSMUSG00000006678;ENSMUSG00000069307;ENSMUSG00000056394;ENSMUSG00000027342;ENSMUSG00000046691;ENSMUSG00000038644;ENSMUSG00000027715	False	False	0.2	5	0.4	0.0	2.0	-0.08251229427500006	-0.11452456053499993	0.016706609344444394	-0.08251229427500006	-0.11452456053499993	0.016706609344444394	0.8796561604584527	True	False	0.00672048811252338	-0.03463173486445841	False	5.153157670188191	Telomere Maintenance	False	False	False	False	False	False	0	sensitivity-dependent
