term	reviewed_category	reviewed_category_label	observed_direction	literature_alignment	direction_assessment	confidence	review_rationale	citations	flight_minus_ground	welch_fdr	abs_effect	mean_abs_accession_effect	abs_mean_accession_effect	low_effect_threshold	category	category_label
R-MMU-6805567_KERATINIZATION	red_conflict_or_artifact	conflict/artifact	FLT_up	Direct post-flight skin studies report barrier disruption and decreased key keratin/cornification markers.	FLT_up conflicts with prior direction.	high	A strong keratinization increase is opposite to reported loss of FLG and related barrier/keratin signatures.	Cope2024;Park2024	1.368942748815141	0.0241553910023693	1.368942748815141	1.4373883424051928	1.220864622405193	0.0382411331242736	prior_literature_match	prior literature match
R-MMU-3247509_CHROMATIN_MODIFYING_ENZYMES	blue_plausible_complementary	plausible/complementary	FLT_up	Spaceflight is associated with gene-regulatory and DNA-damage responses, but chromatin-enzyme direction is not skin-specific.	FLT_up is plausible but indirect.	medium	Chromatin modifiers can mediate DNA repair, stress memory, and transcriptional adaptation in flight-exposed tissue.	Cope2024;Afshinnekoo2020	0.7645169630548412	0.0299833636908926	0.7645169630548412	0.859302858088982	0.6630485382809012	0.0382411331242736	plausible_complementary	plausible/complementary
R-MMU-15869_METABOLISM_OF_NUCLEOTIDES	green_prior_aligned	prior literature aligned	FLT_up	DNA repair and proliferative programs reported in post-flight skin require nucleotide synthesis and turnover.	FLT_up aligns with repair/cell-cycle demand.	medium	Nucleotide metabolism fits DNA repair, replication, and stress-response needs in flight-exposed skin.	Cope2024;Park2024	0.4545104391366057	0.0113247468399479	0.4545104391366057	0.4950860159226908	0.3722448178024553	0.0382411331242736	broad_or_uncertain_signal	broad/uncertain signal
R-MMU-397014_MUSCLE_CONTRACTION	green_prior_aligned	prior literature aligned	FLT_up	ISS mouse skin directly showed strong cutaneous muscle transcriptome effects.	FLT_up aligns with cutaneous muscle remodeling.	high	Muscle contraction pathways are close to the reported panniculus carnosus and cutaneous muscle changes.	Neutelings2015	0.3367220038371479	0.0813352128505459	0.3367220038371479	0.5568278872920254	0.3388753469586921	0.0382411331242736	likely_artifact	likely artifact/junk
R-MMU-2187338_VISUAL_PHOTOTRANSDUCTION	red_conflict_or_artifact	conflict/artifact	FLT_up	Reported skin-spaceflight pathways do not support a visual phototransduction program.	FLT_up is likely off-context.	high	The term is eye/retina-centered and is not a credible skin HVG pathway despite possible low-level cutaneous opsin biology.	Cope2024;Radstake2022	0.4593319282447186	0.011602263126409	0.4593319282447186	0.5022197633784954	0.3253856787875864	0.0382411331242736	likely_artifact	likely artifact/junk
R-MMU-2980736_PEPTIDE_HORMONE_METABOLISM	blue_plausible_complementary	plausible/complementary	FLT_up	Skin has neuroendocrine stress signaling, but peptide hormone metabolism direction in flight skin is indirect.	FLT_up is plausible but weakly supported.	medium	Peptide hormone metabolism could reflect local stress-hormone or repair signaling in the skin.	Radstake2022;Cope2024	0.35515472594419	0.0293397851215855	0.35515472594419	0.4404988157165603	0.3060397674559543	0.0382411331242736	broad_or_uncertain_signal	broad/uncertain signal
R-MMU-1640170_CELL_CYCLE	green_prior_aligned	prior literature aligned	FLT_up	Skin-spaceflight studies support DNA damage, regenerative stress, and hair-cycle remodeling.	FLT_up aligns with repair-associated cycling.	medium	Cell-cycle activation is compatible with epidermal renewal and anagen-associated follicle activity.	Cope2024;Neutelings2015	0.3995991646355634	0.0113247468399479	0.3995991646355634	0.4285376314893407	0.2976118738024719	0.0382411331242736	prior_literature_match	prior literature match
R-MMU-2559586_DNA_DAMAGE_TELOMERE_STRESS_INDUCED_SENESCENCE	green_prior_aligned	prior literature aligned	FLT_up	Spaceflight skin studies directly implicate DNA damage and repair; senescence is a close downstream outcome.	FLT_up aligns with damage-induced senescence.	high	Telomere and DNA-damage-induced senescence fits radiation/oxidative stress in flight-exposed skin.	Cope2024;Park2024;Radstake2022	0.2885513409157219	0.243121622031865	0.2885513409157219	0.4836836784586921	0.2967809406650893	0.0382411331242736	prior_literature_match	prior literature match
R-MMU-390522_STRIATED_MUSCLE_CONTRACTION	green_prior_aligned	prior literature aligned	FLT_up	The ISS mouse skin study directly reported altered cutaneous striated muscle transcript programs.	FLT_up aligns strongly with prior direction.	high	Striated muscle contraction matches the panniculus carnosus-related signal reported in mouse skin after flight.	Neutelings2015	0.266651955176056	0.2098208540788435	0.266651955176056	0.5391847912555375	0.2967009345888708	0.0382411331242736	likely_artifact	likely artifact/junk
R-MMU-4839726_CHROMATIN_ORGANIZATION	blue_plausible_complementary	plausible/complementary	FLT_up	DNA damage and gene-regulatory adaptation support chromatin reorganization, but direction is indirect.	FLT_up is plausible but indirect.	medium	Chromatin organization can accompany DNA repair and transcriptional remodeling in flight-exposed skin.	Cope2024;Afshinnekoo2020	0.3496175372010563	0.0467647216479719	0.3496175372010563	0.3872059943619217	0.2879150712740431	0.0382411331242736	plausible_complementary	plausible/complementary
R-MMU-68886_M_PHASE	green_prior_aligned	prior literature aligned	FLT_up	Direct skin-spaceflight studies support cell-cycle and regenerative stress programs.	FLT_up aligns with repair-associated cycling.	medium	M phase activity matches proliferative remodeling and hair-cycle activation in flight-exposed skin.	Cope2024;Neutelings2015	0.3345809133677815	0.0088010188437846	0.3345809133677815	0.3341932004432748	0.2715551212136453	0.0382411331242736	broad_or_uncertain_signal	broad/uncertain signal
R-MMU-446203_ASPARAGINE_N_LINKED_GLYCOSYLATION	blue_plausible_complementary	plausible/complementary	FLT_up	N-linked glycosylation is relevant to secreted and membrane proteins, but direct skin-spaceflight direction is weak.	FLT_up is plausible but indirect.	low	Increased N-glycosylation could accompany receptor, ECM, and barrier protein processing under stress.	Park2024;Radstake2022	0.2905779582923415	0.0304665242532112	0.2905779582923415	0.3790903265062688	0.2577938717961678	0.0382411331242736	plausible_complementary	plausible/complementary
R-MMU-73894_DNA_REPAIR	green_prior_aligned	prior literature aligned	FLT_up	Human and mouse skin-spaceflight studies report DNA damage response and DNA repair pathway activation.	FLT_up aligns strongly.	high	DNA repair is a direct expected response to radiation, oxidative stress, and post-flight skin damage signatures.	Cope2024;Park2024;Radstake2022	0.338503731390845	0.0088010188437846	0.338503731390845	0.3066458096381889	0.2570837021910508	0.0382411331242736	prior_literature_match	prior literature match
R-MMU-9764725_NEGATIVE_REGULATION_OF_CDH1_GENE_TRANSCRIPTION	green_prior_aligned	prior literature aligned	FLT_up	Post-flight human skin shows epithelial barrier disruption, consistent with reduced epithelial adhesion programs.	FLT_up aligns with loss-of-adhesion regulation.	medium	Negative regulation of CDH1 transcription fits an epithelial barrier disruption model rather than repair strengthening.	Park2024;Radstake2022	0.1498221753989436	0.6197246118535528	0.1498221753989436	0.4223711023959197	0.2449240993497919	0.0382411331242736	broad_or_uncertain_signal	broad/uncertain signal
R-MMU-597592_POST_TRANSLATIONAL_PROTEIN_MODIFICATION	orange_uncertain_no_direct_support	uncertain/no direct support	FLT_up	Post-translational modification is broadly stress-relevant but too nonspecific for directional support.	FLT_up direction uncertain.	low	The pathway could reflect many unrelated protein-processing mechanisms and lacks direct skin-spaceflight evidence.	Cope2024;Afshinnekoo2020	0.2858719766637322	0.0118903559676452	0.2858719766637322	0.2864423165285307	0.2386060951951974	0.0382411331242736	plausible_complementary	plausible/complementary
R-MMU-5358351_SIGNALING_BY_HEDGEHOG	blue_plausible_complementary	plausible/complementary	FLT_up	Hedgehog signaling is relevant to hair follicle cycling, but direct flight-skin direction is limited.	FLT_up is plausible but indirect.	medium	Hair-cycle dysregulation after ISS flight makes Hedgehog activity biologically plausible.	Neutelings2015;Radstake2022	0.2295486489827465	0.0427856935661569	0.2295486489827465	0.297433428942021	0.2357627724753543	0.0382411331242736	plausible_complementary	plausible/complementary
R-MMU-453274_MITOTIC_G2_G2_M_PHASES	green_prior_aligned	prior literature aligned	FLT_up	Skin-spaceflight studies report DNA damage, regeneration, and hair-cycle changes consistent with proliferative cell-cycle activation.	FLT_up aligns with repair/regeneration stress.	medium	G2/M checkpoint and mitotic entry can rise with epidermal repair and hair follicle cycling after flight stress.	Cope2024;Park2024;Neutelings2015	0.273983327330986	0.0084605958584422	0.273983327330986	0.256861246832558	0.2228965274992246	0.0382411331242736	prior_literature_match	prior literature match
R-MMU-9012999_RHO_GTPASE_CYCLE	blue_plausible_complementary	plausible/complementary	FLT_up	Cytoskeletal remodeling is plausible in microgravity and wound repair, but the RHO cycle direction is indirect.	FLT_up is plausible but indirect.	medium	RHO GTPase cycling can mediate cell shape, adhesion, and migration changes in stressed skin.	Riwaldt2021;Radstake2022	0.2744847327119719	0.0113247468399479	0.2744847327119719	0.3040420286113902	0.2222503375315922	0.0382411331242736	plausible_complementary	plausible/complementary
R-MMU-8957322_METABOLISM_OF_STEROIDS	blue_plausible_complementary	plausible/complementary	FLT_up	Spaceflight stress and cortisol affect skin, but steroid metabolism direction in tissue is indirect.	FLT_up is plausible but indirect.	medium	Steroid metabolism can shape local stress, inflammation, and barrier responses in skin.	Radstake2022	0.2729727663063384	0.0336621946459662	0.2729727663063384	0.2916541002832268	0.22042618261656	0.0382411331242736	prior_literature_match	prior literature match
R-MMU-70326_GLUCOSE_METABOLISM	blue_plausible_complementary	plausible/complementary	FLT_up	STS-135 skin metabolomics reported carbohydrate metabolism changes, but not a clear glucose-pathway direction.	FLT_up is plausible but indirect.	medium	Glucose metabolism can support repair, proliferation, and redox demands in stressed skin.	Mao2014;Cope2024	0.2593844398892606	0.0510806755004876	0.2593844398892606	0.3528644921424064	0.2201759448696792	0.0382411331242736	prior_literature_match	prior literature match
R-MMU-446652_INTERLEUKIN_1_FAMILY_SIGNALING	green_prior_aligned	prior literature aligned	FLT_up	Post-flight human skin shows inflammatory pathway up-regulation across compartments.	FLT_up aligns with inflammatory skin response.	high	IL-1 family signaling is a close match to keratinocyte and innate immune inflammation after flight stress.	Park2024;Piipponen2020	0.2568731942538735	0.0088010188437846	0.2568731942538735	0.2357373230311979	0.2172456739200867	0.0382411331242736	prior_literature_match	prior literature match
R-MMU-112316_NEURONAL_SYSTEM	blue_plausible_complementary	plausible/complementary	FLT_up	Skin contains sensory nerves and neuroimmune circuits, but broad neuronal-system up-regulation is indirect.	FLT_up is plausible but weakly supported.	low	The signal may reflect cutaneous innervation or sensory stress rather than a direct spaceflight skin pathway.	Radstake2022	0.1851120160739432	0.0315120169943231	0.1851120160739432	0.2619581823015238	0.2147484656348572	0.0382411331242736	likely_artifact	likely artifact/junk
R-MMU-195258_RHO_GTPASE_EFFECTORS	blue_plausible_complementary	plausible/complementary	FLT_up	Microgravity and post-flight skin data support cytoskeletal and motility remodeling, but not this RHO effector set directly.	FLT_up is plausible but indirect.	medium	RHO effectors fit keratinocyte migration, immune-cell movement, and mechanotransduction during disturbed repair.	Park2024;Riwaldt2021;Radstake2022	0.3095414348926054	0.0084605958584422	0.3095414348926054	0.306775628718678	0.2143979609577353	0.0382411331242736	plausible_complementary	plausible/complementary
R-MMU-2672351_STIMULI_SENSING_CHANNELS	blue_plausible_complementary	plausible/complementary	FLT_up	Skin sensory irritation is a known spaceflight concern, but stimuli-sensing channel direction is indirect.	FLT_up is plausible but weakly supported.	low	Stimuli-sensing channels could reflect itch, pain, or environmental stress sensing in cutaneous nerves and keratinocytes.	Radstake2022;Cope2024	0.281825952118662	0.0385130639019123	0.281825952118662	0.363132469058484	0.208759672688787	0.0382411331242736	broad_or_uncertain_signal	broad/uncertain signal
R-MMU-388396_GPCR_DOWNSTREAM_SIGNALLING	blue_plausible_complementary	plausible/complementary	FLT_up	Skin-spaceflight work implicates neuroendocrine and receptor signaling, but broad GPCR downstream direction is not directly resolved.	FLT_up is plausible but indirect.	medium	GPCR signaling can mediate inflammatory, vascular, sensory, and stress-hormone responses in skin.	Radstake2022;Park2024	0.2734284158961269	0.0084605958584422	0.2734284158961269	0.2542878495089049	0.2034714395089049	0.0382411331242736	plausible_complementary	plausible/complementary
R-MMU-5653656_VESICLE_MEDIATED_TRANSPORT	orange_uncertain_no_direct_support	uncertain/no direct support	FLT_up	Vesicle-mediated transport is generic and lacks direct post-flight skin directional support.	FLT_up direction uncertain.	low	The pathway could reflect many cell types or secretion processes without a clear literature anchor.	Cope2024;Radstake2022	0.1942994046478878	0.0315120169943231	0.1942994046478878	0.233601778024765	0.1950734380247651	0.0382411331242736	plausible_complementary	plausible/complementary
R-MMU-428157_SPHINGOLIPID_METABOLISM	blue_plausible_complementary	plausible/complementary	FLT_up	Barrier disruption makes sphingolipid remodeling biologically plausible, but direct spaceflight direction is weak.	FLT_up is plausible but indirect.	medium	Sphingolipids are core barrier lipids and inflammatory mediators in epidermal stress.	Park2024;Radstake2022	0.2847266149649647	0.0165049617612943	0.2847266149649647	0.3149085370375377	0.1943057259062245	0.0382411331242736	prior_literature_match	prior literature match
R-MMU-199991_MEMBRANE_TRAFFICKING	orange_uncertain_no_direct_support	uncertain/no direct support	FLT_up	Membrane trafficking is broadly relevant, but direct skin-spaceflight evidence for pathway up-regulation is absent.	FLT_up direction uncertain.	low	The pathway is generic and could reflect many cell states rather than a known flight skin mechanism.	Cope2024;Radstake2022	0.2724952868501056	0.0099112933886168	0.2724952868501056	0.2210869053905466	0.1935512838472133	0.0382411331242736	plausible_complementary	plausible/complementary
R-MMU-3928665_EPH_EPHRIN_MEDIATED_REPULSION_OF_CELLS	blue_plausible_complementary	plausible/complementary	FLT_up	Eph/ephrin signaling can guide epithelial and nerve remodeling, but direct spaceflight skin direction is weak.	FLT_up is plausible but indirect.	low	Cell repulsion and guidance could contribute to wound repair or innervation changes, without direct pathway evidence.	Riwaldt2021;Radstake2022	0.2229021230028169	0.0264958444655741	0.2229021230028169	0.2738284443761837	0.1870573580531534	0.0382411331242736	broad_or_uncertain_signal	broad/uncertain signal
R-MMU-983169_CLASS_I_MHC_MEDIATED_ANTIGEN_PROCESSING_PRESENTATION	blue_plausible_complementary	plausible/complementary	FLT_up	Interferon and T-cell signals support antigen presentation, but direct class I MHC direction in skin is mixed.	FLT_up is plausible but not firmly aligned.	medium	Class I antigen processing could rise with IFN activity, although specific HLA/skin-layer findings are not uniformly up.	Park2024;Akiyama2020	0.2029580761566896	0.0582586558629689	0.2029580761566896	0.2918943083849902	0.1868713296072125	0.0382411331242736	prior_literature_match	prior literature match
R-MMU-1474228_DEGRADATION_OF_THE_EXTRACELLULAR_MATRIX	green_prior_aligned	prior literature aligned	FLT_up	STS-135 mouse skin and broader skin-spaceflight studies report ECM remodeling and matrix damage.	FLT_up aligns with matrix turnover.	high	ECM degradation is a close match to MMP-mediated remodeling and dermal matrix disruption after flight stress.	Mao2014;Cope2024;Pfisterer2021	0.2562718151047536	0.0118903559676452	0.2562718151047536	0.1953299213184653	0.1724987669437179	0.0382411331242736	prior_literature_match	prior literature match
R-MMU-196854_METABOLISM_OF_VITAMINS_AND_COFACTORS	blue_plausible_complementary	plausible/complementary	FLT_up	Astronaut biomarkers and skin reviews implicate vitamin D/cofactor shifts, but pathway direction in skin is indirect.	FLT_up is plausible but not directly established.	medium	Vitamin and cofactor metabolism can modulate barrier, redox, and immune responses in stressed skin.	Cope2024;Radstake2022	0.2077488449912729	0.0088010188437846	0.2077488449912729	0.2151783427791781	0.1714787907458448	0.0382411331242736	plausible_complementary	plausible/complementary
R-MMU-9711123_CELLULAR_RESPONSE_TO_CHEMICAL_STRESS	green_prior_aligned	prior literature aligned	FLT_up	Spaceflight skin literature supports oxidative, radiation, and environmental chemical stress responses.	FLT_up aligns with stress response.	high	Cellular chemical-stress response matches ROS, detoxification, and barrier injury mechanisms in flight skin.	Mao2014;Radstake2022	0.1745096255105633	0.0459833066401364	0.1745096255105633	0.2382926282473864	0.1654949049140529	0.0382411331242736	broad_or_uncertain_signal	broad/uncertain signal
R-MMU-8953854_METABOLISM_OF_RNA	orange_uncertain_no_direct_support	uncertain/no direct support	FLT_up	RNA metabolism is broad and lacks direct skin-spaceflight direction evidence.	FLT_up direction uncertain.	low	The term may reflect general transcriptional adaptation rather than a specific prior-supported pathway.	Cope2024;Afshinnekoo2020	0.1548467567378522	0.1184635393952757	0.1548467567378522	0.2661458360957778	0.1599166121624445	0.0382411331242736	broad_or_uncertain_signal	broad/uncertain signal
R-MMU-1632852_MACROAUTOPHAGY	blue_plausible_complementary	plausible/complementary	FLT_up	Spaceflight stress literature implicates proteostasis and autophagy, but skin-specific direction is weak.	FLT_up is plausible but indirect.	medium	Macroautophagy could complement oxidative stress, mitochondrial damage, and cell survival remodeling.	Cope2024;Afshinnekoo2020	0.1964331914505281	0.0113247468399479	0.1964331914505281	0.2097919542098971	0.1555100894402002	0.0382411331242736	broad_or_uncertain_signal	broad/uncertain signal
R-MMU-1500931_CELL_CELL_COMMUNICATION	blue_plausible_complementary	plausible/complementary	FLT_up	Post-flight skin shows epithelial, immune, and fibroblast interactions, but this broad communication pathway lacks direct direction.	FLT_up is plausible but indirect.	medium	Cell-cell communication can capture keratinocyte-immune-fibroblast crosstalk during inflammation and repair.	Park2024;Piipponen2020	0.1766570805583979	0.0155319984565339	0.1766570805583979	0.193367904407363	0.1501378992073631	0.0382411331242736	broad_or_uncertain_signal	broad/uncertain signal
R-MMU-112314_NEUROTRANSMITTER_RECEPTORS_AND_POSTSYNAPTIC_SIGNAL_TRANSMISSION	blue_plausible_complementary	plausible/complementary	FLT_up	Skin innervation and neuroimmune signaling are relevant to irritation, but postsynaptic receptor direction is indirect.	FLT_up is plausible but weakly supported.	low	Neurotransmitter receptor changes could reflect sensory or neuroendocrine remodeling in skin.	Radstake2022	0.1868294160511445	0.0299833636908926	0.1868294160511445	0.208343250723526	0.1500397660194856	0.0382411331242736	likely_artifact	likely artifact/junk
R-MMU-111465_APOPTOTIC_CLEAVAGE_OF_CELLULAR_PROTEINS	green_prior_aligned	prior literature aligned	FLT_up	Apoptosis-related pathways are enriched in post-flight skin and reviewed as relevant to microgravity wound repair.	FLT_up aligns with cell-death remodeling.	high	Apoptotic cleavage is a specific execution-arm process compatible with damaged-cell removal.	Park2024;Riwaldt2021	0.2068466119007042	0.0113247468399479	0.2068466119007042	0.1977837696665868	0.1472536064544657	0.0382411331242736	broad_or_uncertain_signal	broad/uncertain signal
R-MMU-212300_PRC2_METHYLATES_HISTONES_AND_DNA	orange_uncertain_no_direct_support	uncertain/no direct support	FLT_up	PRC2 methylation is an epigenetic mechanism with no direct directional support in flight skin.	FLT_up direction uncertain.	low	The signal is generic chromatin regulation and cannot be tied to a reported skin-spaceflight pathway.	Cope2024;Afshinnekoo2020	0.0886770580535034	0.5813297841265422	0.0886770580535034	0.2190101978588109	0.1436493862732553	0.0382411331242736	broad_or_uncertain_signal	broad/uncertain signal
R-MMU-5362517_SIGNALING_BY_RETINOIC_ACID	blue_plausible_complementary	plausible/complementary	FLT_up	Retinoid signaling is central to epidermal differentiation, but spaceflight skin literature gives little direct direction evidence.	FLT_up is plausible but indirect.	low	Retinoic acid signaling could complement barrier repair and differentiation responses, without direct support for up-regulation.	Radstake2022;Piipponen2020	0.1786153280100704	0.0088010188437846	0.1786153280100704	0.1816395548400274	0.1414182585538322	0.0382411331242736	plausible_complementary	plausible/complementary
R-MMU-199418_NEGATIVE_REGULATION_OF_THE_PI3K_AKT_NETWORK	blue_plausible_complementary	plausible/complementary	FLT_up	Suppression of PI3K/AKT can accompany stress and impaired repair, but direct skin-spaceflight evidence is limited.	FLT_up is plausible but indirect.	low	Negative PI3K/AKT regulation could fit delayed regeneration or stress signaling, yet pathway direction is not documented.	Park2024;Riwaldt2021	0.177598996130986	0.0174333269150584	0.177598996130986	0.2261615772851496	0.1401164083760588	0.0382411331242736	broad_or_uncertain_signal	broad/uncertain signal
R-MMU-5578775_ION_HOMEOSTASIS	blue_plausible_complementary	plausible/complementary	FLT_up	Ion homeostasis is relevant to skin barrier and stress physiology, but direction is indirect.	FLT_up is plausible but weakly supported.	low	Ion homeostasis could reflect calcium and electrolyte changes during barrier repair or irritation.	Radstake2022	0.1551169037852111	0.0916845228599713	0.1551169037852111	0.2364446393864079	0.1383009090833775	0.0382411331242736	broad_or_uncertain_signal	broad/uncertain signal
R-MMU-162582_SIGNAL_TRANSDUCTION	orange_uncertain_no_direct_support	uncertain/no direct support	FLT_up	Signal transduction is too broad to map to a specific prior skin-spaceflight direction.	FLT_up direction uncertain.	low	The pathway could absorb many unrelated receptor and kinase changes, so literature alignment is weak.	Cope2024;Park2024	0.1427706622887319	0.0293397851215855	0.1427706622887319	0.1661132397594363	0.1361844030927697	0.0382411331242736	broad_or_uncertain_signal	broad/uncertain signal
R-MMU-195721_SIGNALING_BY_WNT	blue_plausible_complementary	plausible/complementary	FLT_up	Wnt signaling is central to hair follicle cycling and epidermal repair, but flight direction is not directly resolved.	FLT_up is plausible but indirect.	medium	Spaceflight hair-cycle changes make Wnt activation plausible as a complementary repair/development signal.	Neutelings2015;Piipponen2020	0.1512815782448944	0.0472730860062074	0.1512815782448944	0.1722109732112704	0.1351016807446037	0.0382411331242736	broad_or_uncertain_signal	broad/uncertain signal
R-MMU-1971475_GLYCOSAMINOGLYCAN_PROTEIN_LINKAGE_REGION_BIOSYNTHESIS	blue_plausible_complementary	plausible/complementary	FLT_up	GAG linkage biosynthesis fits skin ECM biology, but direct flight direction is not established.	FLT_up is plausible but indirect.	medium	Protein-GAG linkage synthesis could accompany matrix repair and proteoglycan turnover.	Pfisterer2021;Mao2014	0.0902842374471831	0.2480741847786975	0.0902842374471831	0.1563276715855927	0.1340115452522595	0.0382411331242736	broad_or_uncertain_signal	broad/uncertain signal
R-MMU-913531_INTERFERON_SIGNALING	green_prior_aligned	prior literature aligned	FLT_up	Post-flight human skin showed interferon alpha and gamma responses in epidermal regions.	FLT_up aligns strongly with prior direction.	high	Interferon signaling is a direct match to reported post-flight skin immune activation.	Park2024	0.1322234022675179	0.1929768506068947	0.1322234022675179	0.1417313393055976	0.1283189026389311	0.0382411331242736	prior_literature_match	prior literature match
R-MMU-2990846_SUMOYLATION	blue_plausible_complementary	plausible/complementary	FLT_up	SUMOylation is tied to DNA damage and stress responses, but skin-spaceflight direction is not directly reported.	FLT_up is plausible but indirect.	medium	Increased SUMOylation could support chromatin, DNA repair, and proteostasis under radiation/oxidative stress.	Cope2024;Afshinnekoo2020	0.1652909317054578	0.0093663514080735	0.1652909317054578	0.1615496444782163	0.1271724093671052	0.0382411331242736	plausible_complementary	plausible/complementary
R-MMU-425407_SLC_MEDIATED_TRANSMEMBRANE_TRANSPORT	blue_plausible_complementary	plausible/complementary	FLT_up	SLC transport can reflect metabolic and barrier adaptation, but direct skin-spaceflight direction is weak.	FLT_up is plausible but indirect.	low	The broad transporter signal may support amino-acid, ion, or metabolite shifts after flight.	Mao2014;Cope2024	0.1060081825161973	0.1477885998590461	0.1060081825161973	0.1586334952751639	0.1254060524973861	0.0382411331242736	broad_or_uncertain_signal	broad/uncertain signal
R-MMU-109581_APOPTOSIS	green_prior_aligned	prior literature aligned	FLT_up	Post-flight human skin enriched apoptosis-related pathways, and microgravity wound literature highlights altered apoptosis.	FLT_up aligns with cell-death remodeling.	high	Apoptosis is expected in damaged or remodeling epidermal and immune compartments after stress.	Park2024;Riwaldt2021	0.1437020963556339	0.0099739847955925	0.1437020963556339	0.1567583307939038	0.1252593041272371	0.0382411331242736	prior_literature_match	prior literature match
R-MMU-163125_POST_TRANSLATIONAL_MODIFICATION_SYNTHESIS_OF_GPI_ANCHORED_PROTEINS	orange_uncertain_no_direct_support	uncertain/no direct support	FLT_up	No direct skin-spaceflight evidence for GPI-anchor synthesis; only broad membrane remodeling relevance.	FLT_up direction uncertain.	low	GPI-anchor synthesis could alter membrane receptor display, but this pathway is too generic for a directional skin-spaceflight call.	Radstake2022;Cope2024	0.1366577388644367	0.0029524647338664	0.1366577388644367	0.1357671166862042	0.1219747374269449	0.0382411331242736	plausible_complementary	plausible/complementary
R-MMU-983712_ION_CHANNEL_TRANSPORT	blue_plausible_complementary	plausible/complementary	FLT_up	Ion transport is relevant to epidermal barrier and sensory physiology, but direct pathway direction is not reported.	FLT_up is plausible but indirect.	low	Ion-channel transport may accompany irritation, barrier repair, and fluid shifts, but evidence is nonspecific.	Radstake2022;Park2024	0.1655827802359154	0.0100225338520843	0.1655827802359154	0.1280206852742335	0.1215049396075668	0.0382411331242736	broad_or_uncertain_signal	broad/uncertain signal
R-MMU-8936459_RUNX1_REGULATES_GENES_INVOLVED_IN_MEGAKARYOCYTE_DIFFERENTIATION_AND_PLATELET_FUNCTION	red_conflict_or_artifact	conflict/artifact	FLT_up	Megakaryocyte differentiation and platelet-function transcription are off-context for primary skin tissue biology.	FLT_up is likely artifact or blood-component signal.	medium	RUNX1 megakaryocyte pathway up likely reflects platelet/blood signatures rather than a skin response.	CuboMateo2021;Radstake2022	0.0696175268943661	0.6566645029733487	0.0696175268943661	0.2171739973679425	0.1194889977841041	0.0382411331242736	broad_or_uncertain_signal	broad/uncertain signal
R-MMU-372790_SIGNALING_BY_GPCR	blue_plausible_complementary	plausible/complementary	FLT_up	GPCR signaling is relevant to neuroendocrine, immune, and sensory skin responses, but direct direction is weak.	FLT_up is plausible but indirect.	medium	The signal could reflect stress-hormone, chemokine, or sensory receptor remodeling after flight.	Radstake2022;Park2024	0.1395204847974118	0.1276689811925799	0.1395204847974118	0.1628662417239482	0.1190402767239482	0.0382411331242736	plausible_complementary	plausible/complementary
R-MMU-9769740_COAGULATION_PATHWAY	blue_plausible_complementary	plausible/complementary	FLT_up	Wound-healing risk makes coagulation relevant, but direct flight skin direction is not established.	FLT_up is plausible but indirect.	medium	Coagulation can support hemostasis and inflammatory repair, yet no direct skin-spaceflight up-regulation is shown.	CuboMateo2021;Radstake2022;Balukoff2025	0.1438254153591546	0.0293397851215855	0.1438254153591546	0.1627462749592857	0.1182869930299929	0.0382411331242736	broad_or_uncertain_signal	broad/uncertain signal
R-MMU-8875878_MET_PROMOTES_CELL_MOTILITY	blue_plausible_complementary	plausible/complementary	FLT_up	MET-driven motility fits keratinocyte wound migration, but direct skin-spaceflight direction is limited.	FLT_up is plausible but indirect.	medium	Cell motility signaling could complement barrier repair and microgravity-altered wound closure.	Riwaldt2021;Piipponen2020;Zhao2025	0.1347201671332746	0.0328295343912925	0.1347201671332746	0.1341676561789385	0.1175552556122718	0.0382411331242736	broad_or_uncertain_signal	broad/uncertain signal
R-MMU-352230_AMINO_ACID_TRANSPORT_ACROSS_THE_PLASMA_MEMBRANE	blue_plausible_complementary	plausible/complementary	FLT_up	Mouse skin metabolomics showed amino-acid pathway changes, but transporter direction remains indirect.	FLT_up is plausible but indirect.	medium	Amino-acid transport can support proliferative and stress-metabolic needs after flight.	Mao2014;Cope2024	0.1308166922024648	0.0293397851215855	0.1308166922024648	0.1601898925745614	0.111705097241228	0.0382411331242736	broad_or_uncertain_signal	broad/uncertain signal
R-MMU-212436_GENERIC_TRANSCRIPTION_PATHWAY	orange_uncertain_no_direct_support	uncertain/no direct support	FLT_up	Generic transcription is expected but not directionally informative for literature alignment.	FLT_up direction uncertain.	low	The pathway is too broad to map to a specific skin-spaceflight mechanism.	Cope2024;Afshinnekoo2020	0.1408783665669002	0.1001993310637215	0.1408783665669002	0.249389944424065	0.1099946428079035	0.0382411331242736	broad_or_uncertain_signal	broad/uncertain signal
R-MMU-2129379_MOLECULES_ASSOCIATED_WITH_ELASTIC_FIBRES	blue_plausible_complementary	plausible/complementary	FLT_up	Elastic-fibre changes are part of spaceflight skin concerns, but formation direction is mixed.	FLT_up is plausible as compensatory remodeling.	medium	Elastic-fibre molecules may indicate dermal matrix turnover after atrophy or loss of elasticity.	Neutelings2015;Radstake2022	0.0620396380478873	0.2155643761982991	0.0620396380478873	0.1275012147364256	0.1056484374030923	0.0382411331242736	broad_or_uncertain_signal	broad/uncertain signal
R-MMU-418990_ADHERENS_JUNCTIONS_INTERACTIONS	red_conflict_or_artifact	conflict/artifact	FLT_up	Direct post-flight skin data support epithelial barrier and junction disruption, not strengthened adherens junctions.	FLT_up conflicts with prior direction.	medium	Adherens junction interaction up is hard to reconcile with decreased junction/barrier transcripts.	Park2024;Radstake2022;Zhao2025	0.1093398860277641	0.0905618912674302	0.1093398860277641	0.1679628696433155	0.105614234777659	0.0382411331242736	plausible_complementary	plausible/complementary
R-MMU-2559583_CELLULAR_SENESCENCE	green_prior_aligned	prior literature aligned	FLT_up	DNA damage and radiation/oxidative stress in skin support senescence programs.	FLT_up aligns with stress-induced senescence.	high	Cellular senescence is expected downstream of DNA damage and telomere stress in flight-exposed skin.	Cope2024;Radstake2022	0.0346195635772886	0.8238558262092964	0.0346195635772886	0.1742716869179912	0.1054904898304491	0.0382411331242736	prior_literature_match	prior literature match
R-MMU-5688426_DEUBIQUITINATION	blue_plausible_complementary	plausible/complementary	FLT_up	Deubiquitination can regulate proteostasis and DNA damage response, but direct skin-spaceflight direction is weak.	FLT_up is plausible but indirect.	low	This protein-turnover signal could complement stress adaptation but has no direct pathway evidence.	Cope2024;Afshinnekoo2020	0.0783642326818663	0.243121622031865	0.0783642326818663	0.1752240683531986	0.1045255845531986	0.0382411331242736	broad_or_uncertain_signal	broad/uncertain signal
R-MMU-9748784_DRUG_ADME	blue_plausible_complementary	plausible/complementary	FLT_up	Drug ADME is generic, but detoxification and biological oxidation are plausible under oxidative skin stress.	FLT_up is plausible but weakly supported.	low	This likely reflects xenobiotic/oxidation enzymes rather than actual drug exposure.	Mao2014;Radstake2022	0.1026300859366196	0.1059623178560714	0.1026300859366196	0.1313117577279815	0.1002587667279815	0.0382411331242736	broad_or_uncertain_signal	broad/uncertain signal
R-MMU-202403_TCR_SIGNALING	green_prior_aligned	prior literature aligned	FLT_up	Post-flight skin reported T-cell migration/activity, and spaceflight reviews support adaptive immune dysregulation.	FLT_up aligns with immune activation/remodeling.	medium	TCR signaling is a close adaptive immune pathway for skin-resident or infiltrating T cells.	Park2024;Akiyama2020	0.100786866386919	0.0360282070951663	0.100786866386919	0.1420048323201483	0.098896186676815	0.0382411331242736	broad_or_uncertain_signal	broad/uncertain signal
R-MMU-5576891_CARDIAC_CONDUCTION	red_conflict_or_artifact	conflict/artifact	FLT_up	Cardiac conduction is not a relevant skin-spaceflight pathway.	FLT_up is likely off-context.	high	The term is heart-specific; skin ion-channel plausibility does not justify a cardiac conduction label.	Cope2024;Radstake2022	0.0380865633978872	0.7120298325110235	0.0380865633978872	0.2659485688600922	0.0987310421934255	0.0382411331242736	likely_artifact	likely artifact/junk
R-MMU-8957275_POST_TRANSLATIONAL_PROTEIN_PHOSPHORYLATION	orange_uncertain_no_direct_support	uncertain/no direct support	FLT_up	Protein phosphorylation is too broad for direct directional support.	FLT_up direction uncertain.	low	The pathway aggregates many signaling events and cannot be tied to a specific flight skin prior.	Cope2024;Park2024	0.1544949562147897	0.110783864956291	0.1544949562147897	0.1975183094435583	0.0925756422718411	0.0382411331242736	broad_or_uncertain_signal	broad/uncertain signal
R-MMU-76002_PLATELET_ACTIVATION_SIGNALING_AND_AGGREGATION	blue_plausible_complementary	plausible/complementary	FLT_up	Platelet activation is relevant to wound repair, but direct skin-spaceflight direction is weak.	FLT_up is plausible but indirect.	low	Platelet signaling could mark vascular or hemostatic response in skin, though tissue evidence is limited.	CuboMateo2021;Radstake2022;Balukoff2025	0.2041741694612679	0.0748624185400616	0.2041741694612679	0.2411032941893498	0.0862857686741982	0.0382411331242736	broad_or_uncertain_signal	broad/uncertain signal
R-MMU-1483206_GLYCEROPHOSPHOLIPID_BIOSYNTHESIS	blue_plausible_complementary	plausible/complementary	FLT_up	Oxidative stress and barrier disruption make phospholipid remodeling plausible, but direct direction is weak.	FLT_up is plausible but indirect.	medium	Glycerophospholipid biosynthesis can support membrane repair and oxidized-lipid turnover in stressed skin.	Mao2014;Radstake2022	0.1075910639382042	0.0299833636908926	0.1075910639382042	0.0858280938198674	0.0858280938198674	0.0382411331242736	prior_literature_match	prior literature match
R-MMU-211859_BIOLOGICAL_OXIDATIONS	green_prior_aligned	prior literature aligned	FLT_up	STS-135 mouse skin showed oxidative and metabolic stress responses after flight.	FLT_up aligns with oxidation/detox response.	high	Biological oxidations capture CYP and redox metabolism expected under ROS and chemical stress.	Mao2014;Radstake2022	0.1413208558001757	0.2964557551281765	0.1413208558001757	0.3124735404046517	0.0847240400339447	0.0382411331242736	broad_or_uncertain_signal	broad/uncertain signal
R-MMU-211945_PHASE_I_FUNCTIONALIZATION_OF_COMPOUNDS	green_prior_aligned	prior literature aligned	FLT_up	STS-135 mouse skin showed oxidative and metabolic remodeling consistent with xenobiotic/oxidation responses.	FLT_up aligns with detoxification stress.	medium	Phase I functionalization fits CYP-mediated handling of oxidative and chemical stress in flight-exposed skin.	Mao2014;Radstake2022	0.1345105513644366	0.0290212416184411	0.1345105513644366	0.146711162148724	0.0803338498658957	0.0382411331242736	broad_or_uncertain_signal	broad/uncertain signal
R-MMU-68877_MITOTIC_PROMETAPHASE	green_prior_aligned	prior literature aligned	FLT_up	Direct post-flight skin evidence supports DNA damage and regeneration programs, with mouse hair follicles shifted toward anagen.	FLT_up aligns with proliferative remodeling.	medium	Prometaphase activity is consistent with cell-cycle entry during repair and hair-cycle activation.	Cope2024;Neutelings2015	0.0994922677730634	0.0084605958584422	0.0994922677730634	0.0896415040374312	0.0797741334337276	0.0382411331242736	prior_literature_match	prior literature match
R-MMU-1236975_ANTIGEN_PROCESSING_CROSS_PRESENTATION	blue_plausible_complementary	plausible/complementary	FLT_up	Cross-presentation is plausible with immune activation, but direct skin-spaceflight direction is not shown.	FLT_up is plausible but indirect.	medium	Antigen cross-presentation could reflect dendritic or macrophage activity in inflamed skin.	Park2024;Akiyama2020	0.0554760527008803	0.4122317222759541	0.0554760527008803	0.1268990872669413	0.0789951989420255	0.0382411331242736	prior_literature_match	prior literature match
R-MMU-9006936_SIGNALING_BY_TGFB_FAMILY_MEMBERS	green_prior_aligned	prior literature aligned	FLT_up	Post-flight human skin reported TGF-beta pathway changes, and mouse skin studies support ECM remodeling.	FLT_up aligns with matrix/inflammatory remodeling.	medium	TGF-beta signaling is a close mediator of fibroblast, ECM, and wound-healing responses after stress.	Park2024;Mao2014;Pfisterer2021	0.1258818424529049	0.0293397851215855	0.1258818424529049	0.106528773858475	0.0738595328337276	0.0382411331242736	broad_or_uncertain_signal	broad/uncertain signal
R-MMU-186797_SIGNALING_BY_PDGF	blue_plausible_complementary	plausible/complementary	FLT_up	PDGF is a wound and fibroblast signal, but flight skin direction is not directly resolved.	FLT_up is plausible but indirect.	medium	PDGF signaling could contribute to dermal matrix and vascular repair after stress.	Pfisterer2021;CuboMateo2021;Balukoff2025	0.0543871312852113	0.1431929238460805	0.0543871312852113	0.0816886405639731	0.072891186489899	0.0382411331242736	broad_or_uncertain_signal	broad/uncertain signal
R-MMU-2262752_CELLULAR_RESPONSES_TO_STRESS	green_prior_aligned	prior literature aligned	FLT_up	Spaceflight skin studies report DNA damage, oxidative stress, inflammation, and barrier stress.	FLT_up aligns with broad cellular stress response.	high	Cellular responses to stress are a direct umbrella for the reported skin-spaceflight phenotypes.	Cope2024;Park2024;Mao2014	0.091740843212324	0.1310785231950759	0.091740843212324	0.1217342290612085	0.0681419260945418	0.0382411331242736	broad_or_uncertain_signal	broad/uncertain signal
R-MMU-9006934_SIGNALING_BY_RECEPTOR_TYROSINE_KINASES	blue_plausible_complementary	plausible/complementary	FLT_up	Post-flight skin shows KRAS signaling, but broad RTK pathway direction is not directly resolved.	FLT_up is plausible but indirect.	medium	RTK signaling could feed MAPK/KRAS, growth, and repair pathways during skin stress.	Park2024;Piipponen2020	0.1529578088780281	0.037982453807667	0.1529578088780281	0.1269399216462674	0.06745318827152	0.0382411331242736	broad_or_uncertain_signal	broad/uncertain signal
R-MMU-373755_SEMAPHORIN_INTERACTIONS	blue_plausible_complementary	plausible/complementary	FLT_up	Semaphorins can regulate nerve, immune, and epithelial guidance, but direct flight skin direction is absent.	FLT_up is plausible but weakly supported.	low	The pathway may complement cutaneous innervation or immune migration changes, with indirect support only.	Radstake2022;Park2024	0.0674711313697182	0.0961067462677703	0.0674711313697182	0.0949287797155236	0.0669891232306751	0.0382411331242736	plausible_complementary	plausible/complementary
R-MMU-9769739_REGULATION_OF_CLOTTING_CASCADE	blue_plausible_complementary	plausible/complementary	FLT_up	Clotting regulation is wound-relevant, but direct post-flight skin direction is not established.	FLT_up is plausible but indirect.	low	Clotting cascade regulation could complement tissue injury and repair, without direct skin evidence.	CuboMateo2021;Radstake2022;Balukoff2025	0.078556819125	0.0754737663594785	0.078556819125	0.0861127373960658	0.0625009333960659	0.0382411331242736	broad_or_uncertain_signal	broad/uncertain signal
R-MMU-1169410_ANTIMICROBIAL_MECHANISM_OF_IFN_STIMULATED_GENES	green_prior_aligned	prior literature aligned	FLT_up	Post-flight human skin showed interferon responses in epidermal regions.	FLT_up aligns strongly with IFN-stimulated antimicrobial response.	high	Antimicrobial IFN-stimulated genes match barrier stress, immune activation, and microbial-shift concerns.	Park2024;Piipponen2020	0.082583850679919	0.0731856699553257	0.082583850679919	0.0951679888198741	0.061922102318157	0.0382411331242736	broad_or_uncertain_signal	broad/uncertain signal
R-MMU-6803157_ANTIMICROBIAL_PEPTIDES	green_prior_aligned	prior literature aligned	FLT_up	Post-flight skin inflammation and IFN responses support antimicrobial barrier pathways.	FLT_up aligns with innate antimicrobial response.	medium	Antimicrobial peptides fit keratinocyte defense during barrier disruption and microbiome/immune stress.	Park2024;Piipponen2020	0.1067382965669365	0.295766737813301	0.1067382965669365	0.0889736903606919	0.0614012756959746	0.0382411331242736	broad_or_uncertain_signal	broad/uncertain signal
R-MMU-1592389_ACTIVATION_OF_MATRIX_METALLOPROTEINASES	green_prior_aligned	prior literature aligned	FLT_up	Space-flown mouse skin showed ECM remodeling and MMP-related changes.	FLT_up aligns strongly with matrix degradation/remodeling.	high	MMP activation is a direct mechanistic fit for dermal matrix remodeling after flight stress.	Mao2014;Pfisterer2021	0.0856787118943662	0.0926823638484605	0.0856787118943662	0.1240044386421671	0.060800803288632	0.0382411331242736	broad_or_uncertain_signal	broad/uncertain signal
R-MMU-5684996_MAPK1_MAPK3_SIGNALING	green_prior_aligned	prior literature aligned	FLT_up	Post-flight human skin showed increased KRAS signaling, closely connected to MAPK1/MAPK3.	FLT_up aligns with KRAS/MAPK activation.	medium	MAPK1/MAPK3 signaling is a close downstream pathway for reported post-flight KRAS/inflammation signals.	Park2024	0.0617396156054578	0.1431929238460805	0.0617396156054578	0.0801213649410729	0.0597402386910729	0.0382411331242736	broad_or_uncertain_signal	broad/uncertain signal
R-MMU-381426_REGULATION_OF_INSULIN_LIKE_GROWTH_FACTOR_IGF_TRANSPORT_AND_UPTAKE_BY_INSULIN_LIKE_GROWTH_FACTOR_BINDING_PROTEINS_IGFBPS	blue_plausible_complementary	plausible/complementary	FLT_up	Astronaut biomarker analyses implicate IGF-1 and skin health, but IGFBP transport direction is indirect.	FLT_up is plausible but indirect.	medium	IGF transport may connect exercise, nutrition, and repair signaling to epidermal remodeling.	Cope2024;Radstake2022	0.1354567387729754	0.0708807661353045	0.1354567387729754	0.1049278489534977	0.0587439467110734	0.0382411331242736	prior_literature_match	prior literature match
R-MMU-556833_METABOLISM_OF_LIPIDS	blue_plausible_complementary	plausible/complementary	FLT_up	Skin barrier and STS-135 metabolomics support lipid remodeling, but global lipid direction is not direct.	FLT_up is plausible but indirect.	medium	Lipid metabolism could reflect barrier repair, membrane remodeling, and oxidized-lipid handling.	Mao2014;Radstake2022	0.0321241975000003	0.7528116124217685	0.0321241975000003	0.1904899887209818	0.0585249664305334	0.0382411331242736	prior_literature_match	prior literature match
R-MMU-9730414_MITF_M_REGULATED_MELANOCYTE_DEVELOPMENT	red_conflict_or_artifact	conflict/artifact	FLT_up	Post-flight human skin reported loss of melanocyte signatures and melanin-related gene decreases.	FLT_up conflicts with prior direction.	high	MITF-M melanocyte development up is opposite to direct melanocyte-loss findings in post-flight skin.	Park2024;Cope2024	0.0644144060744719	0.0774860927690457	0.0644144060744719	0.0720187593093699	0.0552885127336124	0.0382411331242736	prior_literature_match	prior literature match
R-MMU-1566948_ELASTIC_FIBRE_FORMATION	blue_plausible_complementary	plausible/complementary	FLT_up	Spaceflight skin reports dermal matrix and elasticity changes, but elastic-fibre formation direction is mixed.	FLT_up is plausible as compensatory remodeling.	medium	Elastic fibre formation could reflect repair or turnover after dermal atrophy and matrix disruption.	Neutelings2015;Radstake2022	0.1590119538468309	0.0961067462677703	0.1590119538468309	0.1864967259756352	0.0533086149877565	0.0382411331242736	broad_or_uncertain_signal	broad/uncertain signal
R-MMU-74160_GENE_EXPRESSION_TRANSCRIPTION	orange_uncertain_no_direct_support	uncertain/no direct support	FLT_up	Generic transcription changes are expected, but this pathway has no specific directional support.	FLT_up direction uncertain.	low	The term is too broad to distinguish meaningful skin-spaceflight biology from global expression shifts.	Cope2024;Afshinnekoo2020	0.0558118520774648	0.0731856699553257	0.0558118520774648	0.0796331043026757	0.0522363543026757	0.0382411331242736	broad_or_uncertain_signal	broad/uncertain signal
R-MMU-114608_PLATELET_DEGRANULATION	blue_plausible_complementary	plausible/complementary	FLT_up	Platelet degranulation can support hemostasis and wound repair, but direct flight skin direction is indirect.	FLT_up is plausible but weakly supported.	low	The pathway may reflect vascular injury/repair context or blood contamination in skin tissue.	CuboMateo2021;Radstake2022;Balukoff2025	0.0482160247561619	0.5877694184592759	0.0482160247561619	0.1309206066474747	0.0518911334363636	0.0382411331242736	broad_or_uncertain_signal	broad/uncertain signal
R-MMU-177929_SIGNALING_BY_EGFR	blue_plausible_complementary	plausible/complementary	FLT_up	EGFR is central to epidermal repair, but direct flight-skin EGFR direction is not established.	FLT_up is plausible but indirect.	medium	EGFR signaling can drive keratinocyte proliferation and migration during barrier repair.	Piipponen2020;Riwaldt2021	0.0542523023798239	0.190831679004898	0.0542523023798239	0.0706322694621973	0.050884269528864	0.0382411331242736	broad_or_uncertain_signal	broad/uncertain signal
R-MMU-3108232_SUMO_E3_LIGASES_SUMOYLATE_TARGET_PROTEINS	blue_plausible_complementary	plausible/complementary	FLT_up	SUMO E3 activity is stress and DNA-repair relevant, but skin-spaceflight direction is not directly reported.	FLT_up is plausible but indirect.	medium	SUMO ligases can support DNA damage response and chromatin regulation under radiation stress.	Cope2024;Afshinnekoo2020	0.0525284755491461	0.0266320425281526	0.0525284755491461	0.0628425674928261	0.0489634100911426	0.0382411331242736	broad_or_uncertain_signal	broad/uncertain signal
R-MMU-5357801_PROGRAMMED_CELL_DEATH	green_prior_aligned	prior literature aligned	FLT_up	Apoptosis and cell-death remodeling are directly reported or reviewed in spaceflight skin/wound contexts.	FLT_up aligns with damage-removal response.	high	Programmed cell death fits post-flight DNA damage, inflammation, and impaired wound-healing biology.	Park2024;Riwaldt2021	0.078871321355634	0.0731856699553257	0.078871321355634	0.1201482000465177	0.0481825960061137	0.0382411331242736	prior_literature_match	prior literature match
R-MMU-2142753_ARACHIDONATE_METABOLISM	blue_plausible_complementary	plausible/complementary	FLT_up	Arachidonate metabolism is relevant to skin inflammation, but direct spaceflight direction is weak.	FLT_up is plausible but indirect.	medium	Eicosanoid precursor metabolism could support inflammatory and barrier-stress responses.	Park2024;Piipponen2020	0.0516004741860915	0.4892328644968556	0.0516004741860915	0.1090031206705253	0.0475260007829833	0.0382411331242736	plausible_complementary	plausible/complementary
R-MMU-8878171_TRANSCRIPTIONAL_REGULATION_BY_RUNX1	blue_plausible_complementary	plausible/complementary	FLT_up	RUNX1 can participate in epithelial and immune transcription, but direct flight skin support is limited.	FLT_up is plausible but weakly supported.	low	This transcriptional pathway may reflect repair or immune remodeling, with no direct directional evidence.	Piipponen2020;Akiyama2020	0.0532879066214789	0.1820029921938952	0.0532879066214789	0.0615746498028529	0.0467606021361863	0.0382411331242736	broad_or_uncertain_signal	broad/uncertain signal
R-MMU-418346_PLATELET_HOMEOSTASIS	blue_plausible_complementary	plausible/complementary	FLT_up	Platelet homeostasis is wound-relevant, but direct skin-spaceflight evidence is weak.	FLT_up is plausible but indirect.	low	This may indicate vascular or blood-component biology rather than a primary skin response.	CuboMateo2021;Radstake2022;Balukoff2025	0.0194297856045246	0.5718560387066352	0.0194297856045246	0.0643665480556043	0.0458083105556043	0.0382411331242736	broad_or_uncertain_signal	broad/uncertain signal
R-MMU-73887_DEATH_RECEPTOR_SIGNALING	green_prior_aligned	prior literature aligned	FLT_up	Post-flight skin enriched apoptosis and inflammatory stress pathways.	FLT_up aligns with death receptor signaling.	medium	Death receptor signaling is a specific apoptosis/inflammation mechanism compatible with damaged-cell turnover.	Park2024;Riwaldt2021	0.0321519217253523	0.4718550500665519	0.0321519217253523	0.0819856451249334	0.0433458251249335	0.0382411331242736	broad_or_uncertain_signal	broad/uncertain signal
R-MMU-69278_CELL_CYCLE_MITOTIC	green_prior_aligned	prior literature aligned	FLT_up	Direct skin-spaceflight evidence supports cell-cycle, repair, and hair-cycle remodeling.	FLT_up aligns with mitotic remodeling.	medium	Mitotic cell-cycle activation is compatible with epidermal and follicular repair responses.	Cope2024;Neutelings2015	0.0351710607147885	0.5158032872311379	0.0351710607147885	0.0723993518154793	0.0432011736673312	0.0382411331242736	prior_literature_match	prior literature match
R-MMU-1630316_GLYCOSAMINOGLYCAN_METABOLISM	blue_plausible_complementary	plausible/complementary	FLT_up	Skin ECM and GAG remodeling are plausible, but direct spaceflight direction is not defined.	FLT_up is plausible but indirect.	medium	Glycosaminoglycan metabolism fits matrix hydration, repair, and collagen-fibril organization in skin.	Pfisterer2021;Mao2014	0.1022575047359151	0.1398446851242973	0.1022575047359151	0.1163560139123692	0.0406820945184298	0.0382411331242736	broad_or_uncertain_signal	broad/uncertain signal
R-MMU-2173782_BINDING_AND_UPTAKE_OF_LIGANDS_BY_SCAVENGER_RECEPTORS	blue_plausible_complementary	plausible/complementary	FLT_up	Scavenger receptors fit innate immunity and lipid uptake, but direct flight skin direction is absent.	FLT_up is plausible but indirect.	low	The pathway could support debris, lipid, or microbial-product clearance during inflammatory remodeling.	Mao2014;Piipponen2020	0.0434993923063382	0.3821787645822669	0.0434993923063382	0.1266959192985556	0.0383995104096668	0.0382411331242736	broad_or_uncertain_signal	broad/uncertain signal
R-MMU-6783589_INTERLEUKIN_6_FAMILY_SIGNALING	green_prior_aligned	prior literature aligned	FLT_up	Post-flight skin inflammation supports interleukin and IL-6-family cytokine signaling.	FLT_up aligns with inflammatory cytokine response.	high	IL-6-family signaling fits keratinocyte-immune crosstalk and inflammatory remodeling after flight.	Park2024;Piipponen2020	-0.0037078399999994	0.9213924517392444	0.0037078399999994	0.0676733568075491	0.0344590082597909	0.0382411331242736	prior_literature_match	prior literature match
R-MMU-9013406_RHOQ_GTPASE_CYCLE	blue_plausible_complementary	plausible/complementary	FLT_up	RHOQ is a cytoskeletal trafficking GTPase, but no direct skin-spaceflight evidence supports its direction.	FLT_up is plausible but weakly supported.	low	The pathway could complement motility and vesicle remodeling, with only indirect microgravity support.	Riwaldt2021;Radstake2022	0.0475883632255281	0.0293397851215855	0.0475883632255281	0.0506757989595161	0.0344295341689438	0.0382411331242736	plausible_complementary	plausible/complementary
R-MMU-2022090_ASSEMBLY_OF_COLLAGEN_FIBRILS_AND_OTHER_MULTIMERIC_STRUCTURES	blue_plausible_complementary	plausible/complementary	FLT_up	Mouse skin data support collagen turnover, but collagen fibril assembly direction is mixed across studies.	FLT_up is plausible but not definitive.	medium	Fibril assembly may represent compensatory matrix repair amid dermal atrophy and ECM remodeling.	Neutelings2015;Mao2014;Park2024;Zhao2025	0.0831556762696655	0.1351538973264355	0.0831556762696655	0.1070284927505382	0.0339898307851342	0.0382411331242736	prior_literature_match	prior literature match
R-MMU-193704_P75_NTR_RECEPTOR_MEDIATED_SIGNALLING	blue_plausible_complementary	plausible/complementary	FLT_up	p75 NTR signaling can affect nerves, hair follicles, and apoptosis, but flight direction is indirect.	FLT_up is plausible but weakly supported.	low	The pathway may reflect cutaneous nerve or cell-death remodeling in stressed skin.	Riwaldt2021;Radstake2022	0.0252863686943556	0.5954417299747101	0.0252863686943556	0.0969382811991551	0.0323902220927108	0.0382411331242736	broad_or_uncertain_signal	broad/uncertain signal
R-MMU-5617833_CILIUM_ASSEMBLY	orange_uncertain_no_direct_support	uncertain/no direct support	FLT_up	Cilium assembly can affect Hedgehog signaling, but direct skin-spaceflight evidence is absent.	FLT_up direction uncertain.	low	The pathway is plausible in hair-follicle biology, yet no literature supports a flight-induced increase.	Neutelings2015;Radstake2022	0.0598511306690139	0.0427856935661569	0.0598511306690139	0.0539738081961278	0.030143729340909	0.0382411331242736	plausible_complementary	plausible/complementary
R-MMU-211897_CYTOCHROME_P450_ARRANGED_BY_SUBSTRATE_TYPE	green_prior_aligned	prior literature aligned	FLT_up	Flight mouse skin showed oxidative/metabolic stress consistent with CYP-mediated biological oxidation.	FLT_up aligns with detoxification response.	medium	Cytochrome P450 activity can participate in xenobiotic and lipid oxidation under skin stress.	Mao2014;Radstake2022	0.0248879806569543	0.3962416625593118	0.0248879806569543	0.0529336385425943	0.0292947166436044	0.0382411331242736	broad_or_uncertain_signal	broad/uncertain signal
R-MMU-112315_TRANSMISSION_ACROSS_CHEMICAL_SYNAPSES	orange_uncertain_no_direct_support	uncertain/no direct support	FLT_up	Chemical synapse transmission is only indirectly relevant through cutaneous nerves and lacks direct support.	FLT_up direction uncertain.	low	The pathway is nervous-system-heavy and may be off-context for bulk skin pathway interpretation.	Radstake2022	0.0558903789531689	0.4394737016283102	0.0558903789531689	0.1024353950144913	0.0286945425968146	0.0382411331242736	likely_artifact	likely artifact/junk
R-MMU-168138_TOLL_LIKE_RECEPTOR_9_TLR9_CASCADE	green_prior_aligned	prior literature aligned	FLT_up	TLR9 connects innate immunity to DNA damage or microbial signals, matching post-flight inflammation.	FLT_up aligns with innate immune activation.	medium	TLR9 cascade up is plausible for barrier stress, microbial products, and damage-associated nucleic acids.	Park2024;Piipponen2020	0.0177386880378521	0.5543593993414742	0.0177386880378521	0.0624099040439481	0.0265329243166755	0.0382411331242736	broad_or_uncertain_signal	broad/uncertain signal
R-MMU-5173105_O_LINKED_GLYCOSYLATION	blue_plausible_complementary	plausible/complementary	FLT_up	O-linked glycosylation can affect barrier and secreted proteins, but direct flight direction is absent.	FLT_up is plausible but weakly supported.	low	The signal may reflect protein processing during epithelial or ECM remodeling, with indirect support only.	Park2024;Radstake2022	0.0871456637024647	0.0731856699553257	0.0871456637024647	0.0798839954349635	0.0255496029938861	0.0382411331242736	plausible_complementary	plausible/complementary
R-MMU-194138_SIGNALING_BY_VEGF	blue_plausible_complementary	plausible/complementary	FLT_up	VEGF signaling is relevant to vascular and wound repair, but direct flight skin direction is limited.	FLT_up is plausible but indirect.	medium	VEGF activity could support angiogenic or endothelial adaptation during skin repair.	Park2024;CuboMateo2021;Zhao2025	0.026004022415493	0.4316692742733723	0.026004022415493	0.0957027090178982	0.0255004287401204	0.0382411331242736	broad_or_uncertain_signal	broad/uncertain signal
R-MMU-8948216_COLLAGEN_CHAIN_TRIMERIZATION	green_prior_aligned	prior literature aligned	FLT_up	Mouse ISS skin reported increased synthesized procollagen and collagen turnover, with mixed human matrix signals.	FLT_up broadly aligns with collagen assembly turnover.	medium	Collagen chain trimerization can reflect compensatory collagen production during dermal remodeling.	Neutelings2015;Mao2014;Park2024	-0.0708557580985917	0.2636224075552604	0.0708557580985917	0.112539320648591	0.0240985490988836	0.0382411331242736	prior_literature_match	prior literature match
R-MMU-9909648_REGULATION_OF_PD_L1_CD274_EXPRESSION	blue_plausible_complementary	plausible/complementary	FLT_up	PD-L1 regulation is plausible downstream of interferon and inflammation, but not directly reported in skin-spaceflight studies.	FLT_up is plausible but indirect.	low	Immune checkpoint regulation could reflect IFN-driven immune modulation in stressed skin.	Park2024;Akiyama2020	0.0161290703418309	0.4979019902114394	0.0161290703418309	0.048512235874579	0.0224557804069023	0.0382411331242736	broad_or_uncertain_signal	broad/uncertain signal
R-MMU-72766_TRANSLATION	gray_low_effect	low/no relative effect		not reviewed; low relative effect	not assessed		Kept gray because original quantitative effect threshold marked this row low/no relative effect.		0.0186610141844365	0.2320198432649874	0.0186610141844365	0.0285975863770298	0.0210819978336965	0.0382411331242736	low_or_no_effect	low/no relative effect
R-MMU-5173214_O_GLYCOSYLATION_OF_TSR_DOMAIN_CONTAINING_PROTEINS	orange_uncertain_no_direct_support	uncertain/no direct support	FLT_up	TSR-domain O-glycosylation is too specific and lacks direct skin-spaceflight support.	FLT_up direction uncertain.	low	This glycosylation pathway may relate to secreted proteins, but no prior establishes direction.	Cope2024;Pfisterer2021	-0.0280778931527288	0.624534848574389	0.0280778931527288	0.1095697554811204	0.020697215933021	0.0382411331242736	plausible_complementary	plausible/complementary
R-MMU-1650814_COLLAGEN_BIOSYNTHESIS_AND_MODIFYING_ENZYMES	green_prior_aligned	prior literature aligned	FLT_up	Mouse ISS skin showed increased synthesized procollagen and ECM turnover, though human data are mixed.	FLT_up broadly aligns with collagen turnover.	medium	Collagen biosynthesis and modification can reflect compensatory matrix repair during dermal remodeling.	Neutelings2015;Mao2014;Park2024	0.0525495151079224	0.2098208540788435	0.0525495151079224	0.0700425564461411	0.019539580311461	0.0382411331242736	prior_literature_match	prior literature match
R-MMU-2555396_MITOTIC_METAPHASE_AND_ANAPHASE	gray_low_effect	low/no relative effect		not reviewed; low relative effect	not assessed		Kept gray because original quantitative effect threshold marked this row low/no relative effect.		0.0147497858310651	0.2320198432649874	0.0147497858310651	0.0327577305791351	0.0193910661167569	0.0382411331242736	low_or_no_effect	low/no relative effect
R-MMU-196849_METABOLISM_OF_WATER_SOLUBLE_VITAMINS_AND_COFACTORS	gray_low_effect	low/no relative effect		not reviewed; low relative effect	not assessed		Kept gray because original quantitative effect threshold marked this row low/no relative effect.		0.021424862669595	0.3116721190328851	0.021424862669595	0.0209266410230927	0.0183758545147594	0.0382411331242736	low_or_no_effect	low/no relative effect
R-MMU-9769735_INITIATION_OF_COAGULATION_CASCADE	gray_low_effect	low/no relative effect		not reviewed; low relative effect	not assessed		Kept gray because original quantitative effect threshold marked this row low/no relative effect.		0.026634324791338	0.3377107689123546	0.026634324791338	0.0364273548454589	0.0176577662843478	0.0382411331242736	low_or_no_effect	low/no relative effect
R-MMU-2682334_EPH_EPHRIN_SIGNALING	gray_low_effect	low/no relative effect		not reviewed; low relative effect	not assessed		Kept gray because original quantitative effect threshold marked this row low/no relative effect.		0.0155333646673397	0.141042666336039	0.0155333646673397	0.0247124549892268	0.0165893422225602	0.0382411331242736	low_or_no_effect	low/no relative effect
R-MMU-69618_MITOTIC_SPINDLE_CHECKPOINT	gray_low_effect	low/no relative effect		not reviewed; low relative effect	not assessed		Kept gray because original quantitative effect threshold marked this row low/no relative effect.		0.0080646530678908	0.5617312098343628	0.0080646530678908	0.0288513456202792	0.0131251109879361	0.0382411331242736	low_or_no_effect	low/no relative effect
R-MMU-380108_CHEMOKINE_RECEPTORS_BIND_CHEMOKINES	green_prior_aligned	prior literature aligned	FLT_up	Post-flight human skin reported T-cell migration and inflammatory responses.	FLT_up aligns with chemokine immune trafficking.	high	Chemokine receptor binding fits immune-cell recruitment and skin inflammatory remodeling.	Park2024;Piipponen2020	0.0347003171302817	0.5278710150342943	0.0347003171302817	0.0786863105356192	0.0122224950979089	0.0382411331242736	broad_or_uncertain_signal	broad/uncertain signal
R-MMU-388841_REGULATION_OF_T_CELL_ACTIVATION_BY_CD28_FAMILY	gray_low_effect	low/no relative effect		not reviewed; low relative effect	not assessed		Kept gray because original quantitative effect threshold marked this row low/no relative effect.		0.0109597929667605	0.3804258140560609	0.0109597929667605	0.0214379456852023	0.0119544486615324	0.0382411331242736	low_or_no_effect	low/no relative effect
R-MMU-446728_CELL_JUNCTION_ORGANIZATION	red_conflict_or_artifact	conflict/artifact	FLT_up	Post-flight skin data support barrier and junction disruption rather than increased junction organization.	FLT_up conflicts with direct barrier evidence.	medium	Cell-junction organization up is hard to reconcile with decreased junction/barrier transcripts after flight.	Park2024;Radstake2022;Zhao2025	0.0413547803345069	0.4057036226193334	0.0413547803345069	0.0483463945937443	0.0110229718159665	0.0382411331242736	broad_or_uncertain_signal	broad/uncertain signal
R-MMU-212165_EPIGENETIC_REGULATION_OF_GENE_EXPRESSION	gray_low_effect	low/no relative effect		not reviewed; low relative effect	not assessed		Kept gray because original quantitative effect threshold marked this row low/no relative effect.		0.0116828663792693	0.4394737016283102	0.0116828663792693	0.027573382542371	0.0106188352090377	0.0382411331242736	low_or_no_effect	low/no relative effect
R-MMU-73929_BASE_EXCISION_REPAIR_AP_SITE_FORMATION	gray_low_effect	low/no relative effect		not reviewed; low relative effect	not assessed		Kept gray because original quantitative effect threshold marked this row low/no relative effect.		0.0131360146042693	0.0940056515627173	0.0131360146042693	0.017806343732091	0.0102551547806769	0.0382411331242736	low_or_no_effect	low/no relative effect
R-MMU-9958825_ACTIVATION_OF_STAT3_BY_CADHERIN_ENGAGEMENT	gray_low_effect	low/no relative effect		not reviewed; low relative effect	not assessed		Kept gray because original quantitative effect threshold marked this row low/no relative effect.		0.0067355441182281	0.1325245751645983	0.0067355441182281	0.010663087235808	0.0102380541004747	0.0382411331242736	low_or_no_effect	low/no relative effect
R-MMU-9013149_RAC1_GTPASE_CYCLE	blue_plausible_complementary	plausible/complementary	FLT_up	RAC1 supports actin, migration, and immune functions, but direct skin-spaceflight direction is absent.	FLT_up is plausible but weakly supported.	low	The pathway could complement phagocytosis or keratinocyte migration under stress.	Riwaldt2021;Piipponen2020	0.0580852334489436	0.1430418967388335	0.0580852334489436	0.0903433787134502	0.0100428093245614	0.0382411331242736	plausible_complementary	plausible/complementary
R-MMU-157579_TELOMERE_MAINTENANCE	gray_low_effect	low/no relative effect		not reviewed; low relative effect	not assessed		Kept gray because original quantitative effect threshold marked this row low/no relative effect.		0.0092108061161021	0.0399490893639249	0.0092108061161021	0.0094342183253912	0.0089195729170882	0.0382411331242736	low_or_no_effect	low/no relative effect
R-MMU-8856688_GOLGI_TO_ER_RETROGRADE_TRANSPORT	gray_low_effect	low/no relative effect		not reviewed; low relative effect	not assessed		Kept gray because original quantitative effect threshold marked this row low/no relative effect.		0.0092724663965669	0.0315120169943231	0.0092724663965669	0.0089128475401848	0.0075786647105552	0.0382411331242736	low_or_no_effect	low/no relative effect
R-MMU-9013404_RAC2_GTPASE_CYCLE	gray_low_effect	low/no relative effect		not reviewed; low relative effect	not assessed		Kept gray because original quantitative effect threshold marked this row low/no relative effect.		0.0056327474348239	0.0961067462677703	0.0056327474348239	0.0086319998269895	0.0072251536503229	0.0382411331242736	low_or_no_effect	low/no relative effect
R-MMU-68882_MITOTIC_ANAPHASE	gray_low_effect	low/no relative effect		not reviewed; low relative effect	not assessed		Kept gray because original quantitative effect threshold marked this row low/no relative effect.		0.0037076160047359	0.3646552418345465	0.0037076160047359	0.0117045415902499	0.0071562384582499	0.0382411331242736	low_or_no_effect	low/no relative effect
R-MMU-9851695_EPIGENETIC_REGULATION_OF_ADIPOGENESIS_GENES_BY_MLL3_AND_MLL4_COMPLEXES	gray_low_effect	low/no relative effect		not reviewed; low relative effect	not assessed		Kept gray because original quantitative effect threshold marked this row low/no relative effect.		0.0074140983179982	0.0293397851215855	0.0074140983179982	0.007060310771959	0.007060310771959	0.0382411331242736	low_or_no_effect	low/no relative effect
R-MMU-983189_KINESINS	gray_low_effect	low/no relative effect		not reviewed; low relative effect	not assessed		Kept gray because original quantitative effect threshold marked this row low/no relative effect.		0.0074996035477816	0.141042666336039	0.0074996035477816	0.0085182698310894	0.0068557273744227	0.0382411331242736	low_or_no_effect	low/no relative effect
R-MMU-937061_TRIF_TICAM1_MEDIATED_TLR4_SIGNALING	gray_low_effect	low/no relative effect		not reviewed; low relative effect	not assessed		Kept gray because original quantitative effect threshold marked this row low/no relative effect.		0.0074069495135445	0.0264958444655741	0.0074069495135445	0.0070235831703547	0.0068227291333176	0.0382411331242736	low_or_no_effect	low/no relative effect
R-MMU-141424_AMPLIFICATION_OF_SIGNAL_FROM_THE_KINETOCHORES	gray_low_effect	low/no relative effect		not reviewed; low relative effect	not assessed		Kept gray because original quantitative effect threshold marked this row low/no relative effect.		0.0066419373939436	0.0113247468399479	0.0066419373939436	0.0071366118428526	0.0062624882061859	0.0382411331242736	low_or_no_effect	low/no relative effect
R-MMU-9940951_INTERACTION_OF_NURD_COMPLEXES_WITH_TRANSCRIPTION_FACTORS	gray_low_effect	low/no relative effect		not reviewed; low relative effect	not assessed		Kept gray because original quantitative effect threshold marked this row low/no relative effect.		0.0093033571558573	0.077185306769598	0.0093033571558573	0.0106132052037101	0.0059920872307303	0.0382411331242736	low_or_no_effect	low/no relative effect
R-MMU-73886_CHROMOSOME_MAINTENANCE	gray_low_effect	low/no relative effect		not reviewed; low relative effect	not assessed		Kept gray because original quantitative effect threshold marked this row low/no relative effect.		0.0042668134744014	0.3436736811348053	0.0042668134744014	0.0069418187138352	0.0056791203990204	0.0382411331242736	low_or_no_effect	low/no relative effect
R-MMU-5610787_HEDGEHOG_OFF_STATE	orange_uncertain_no_direct_support	uncertain/no direct support	FLT_up	Hedgehog biology is relevant to hair follicles, but an off-state pathway does not clearly align with flight hair-cycle activation.	FLT_up direction uncertain.	low	Observed up in Hedgehog off-state is hard to interpret against mixed developmental and hair-cycle evidence.	Neutelings2015;Radstake2022	0.0266483543168133	0.4918360175290627	0.0266483543168133	0.0983182906262448	0.0055985283821371	0.0382411331242736	plausible_complementary	plausible/complementary
R-MMU-606279_DEPOSITION_OF_NEW_CENPA_CONTAINING_NUCLEOSOMES_AT_THE_CENTROMERE	gray_low_effect	low/no relative effect		not reviewed; low relative effect	not assessed		Kept gray because original quantitative effect threshold marked this row low/no relative effect.		0.0062247452173327	0.1882136170619783	0.0062247452173327	0.0068383793620806	0.0053849968350099	0.0382411331242736	low_or_no_effect	low/no relative effect
R-MMU-9013148_CDC42_GTPASE_CYCLE	gray_low_effect	low/no relative effect		not reviewed; low relative effect	not assessed		Kept gray because original quantitative effect threshold marked this row low/no relative effect.		0.0067230130813732	0.0467647216479719	0.0067230130813732	0.0063966294204595	0.0049943611255101	0.0382411331242736	low_or_no_effect	low/no relative effect
R-MMU-416482_G_ALPHA_12_13_SIGNALLING_EVENTS	gray_low_effect	low/no relative effect		not reviewed; low relative effect	not assessed		Kept gray because original quantitative effect threshold marked this row low/no relative effect.		0.0054307520907552	0.1477885998590461	0.0054307520907552	0.0093585230512224	0.0048799418340978	0.0382411331242736	low_or_no_effect	low/no relative effect
R-MMU-3214858_RMTS_METHYLATE_HISTONE_ARGININES	gray_low_effect	low/no relative effect		not reviewed; low relative effect	not assessed		Kept gray because original quantitative effect threshold marked this row low/no relative effect.		0.0129099301825528	0.190831679004898	0.0129099301825528	0.0148716299198315	0.004834650864276	0.0382411331242736	low_or_no_effect	low/no relative effect
R-MMU-9909649_REGULATION_OF_PD_L1_CD274_TRANSCRIPTION	gray_low_effect	low/no relative effect		not reviewed; low relative effect	not assessed		Kept gray because original quantitative effect threshold marked this row low/no relative effect.		0.0042865890418785	0.1159797315956121	0.0042865890418785	0.0050208900559054	0.0045335427828351	0.0382411331242736	low_or_no_effect	low/no relative effect
R-MMU-9018519_ESTROGEN_DEPENDENT_GENE_EXPRESSION	gray_low_effect	low/no relative effect		not reviewed; low relative effect	not assessed		Kept gray because original quantitative effect threshold marked this row low/no relative effect.		0.0029633516077288	0.1621332522818079	0.0029633516077288	0.0070553928500309	0.0043550658026235	0.0382411331242736	low_or_no_effect	low/no relative effect
R-MMU-9843940_REGULATION_OF_ENDOGENOUS_RETROELEMENTS_BY_KRAB_ZFP_PROTEINS	gray_low_effect	low/no relative effect		not reviewed; low relative effect	not assessed		Kept gray because original quantitative effect threshold marked this row low/no relative effect.		0.0073836122685915	0.5503843710185456	0.0073836122685915	0.0193958007803441	0.0042351543684436	0.0382411331242736	low_or_no_effect	low/no relative effect
R-MMU-69275_G2_M_TRANSITION	gray_low_effect	low/no relative effect		not reviewed; low relative effect	not assessed		Kept gray because original quantitative effect threshold marked this row low/no relative effect.		0.006960219404514	0.1001993310637215	0.006960219404514	0.007977053220235	0.0041743009773058	0.0382411331242736	low_or_no_effect	low/no relative effect
R-MMU-5689901_METALLOPROTEASE_DUBS	gray_low_effect	low/no relative effect		not reviewed; low relative effect	not assessed		Kept gray because original quantitative effect threshold marked this row low/no relative effect.		0.0042875080665563	0.0874530649737087	0.0042875080665563	0.0051898949069244	0.0041404319735911	0.0382411331242736	low_or_no_effect	low/no relative effect
R-MMU-4420097_VEGFA_VEGFR2_PATHWAY	blue_plausible_complementary	plausible/complementary	FLT_up	Angiogenesis and wound repair are relevant to post-flight skin, but VEGFA-VEGFR2 direction is indirect.	FLT_up is plausible but not directly established.	medium	VEGFA-VEGFR2 signaling could support vascular and repair remodeling in stressed skin.	Park2024;CuboMateo2021;Zhao2025	0.0269080179471834	0.2098208540788435	0.0269080179471834	0.0510571846396862	0.0032473072053429	0.0382411331242736	broad_or_uncertain_signal	broad/uncertain signal
R-MMU-110331_CLEAVAGE_OF_THE_DAMAGED_PURINE	gray_low_effect	low/no relative effect		not reviewed; low relative effect	not assessed		Kept gray because original quantitative effect threshold marked this row low/no relative effect.		0.004951163344507	0.0187819994575995	0.004951163344507	0.0045849918726426	0.0030413488193093	0.0382411331242736	low_or_no_effect	low/no relative effect
R-MMU-5628897_TP53_REGULATES_METABOLIC_GENES	gray_low_effect	low/no relative effect		not reviewed; low relative effect	not assessed		Kept gray because original quantitative effect threshold marked this row low/no relative effect.		0.0030472127190211	0.5338819839419922	0.0030472127190211	0.0115132581434437	0.0030178233410532	0.0382411331242736	low_or_no_effect	low/no relative effect
R-MMU-69239_SYNTHESIS_OF_DNA	gray_low_effect	low/no relative effect		not reviewed; low relative effect	not assessed		Kept gray because original quantitative effect threshold marked this row low/no relative effect.		0.0022073070240651	0.0731856699553257	0.0022073070240651	0.0029610484169987	0.0025688235346653	0.0382411331242736	low_or_no_effect	low/no relative effect
R-MMU-418594_G_ALPHA_I_SIGNALLING_EVENTS	blue_plausible_complementary	plausible/complementary	FLT_up	G-alpha-i signaling is a GPCR branch relevant to chemokine and sensory receptors, but direction is indirect.	FLT_up is plausible but weakly supported.	low	The pathway could complement inflammatory GPCR signaling without direct skin-spaceflight evidence.	Park2024;Radstake2022	-0.0471284649981514	0.5889143945213647	0.0471284649981514	0.1318655040101825	0.0025343253564841	0.0382411331242736	plausible_complementary	plausible/complementary
R-MMU-166166_MYD88_INDEPENDENT_TLR4_CASCADE	gray_low_effect	low/no relative effect		not reviewed; low relative effect	not assessed		Kept gray because original quantitative effect threshold marked this row low/no relative effect.		0.003404706863838	0.1330902168759717	0.003404706863838	0.0046877291213066	0.0023683059022157	0.0382411331242736	low_or_no_effect	low/no relative effect
R-MMU-9013106_RHOC_GTPASE_CYCLE	gray_low_effect	low/no relative effect		not reviewed; low relative effect	not assessed		Kept gray because original quantitative effect threshold marked this row low/no relative effect.		0.0021816876598415	0.3269822198755186	0.0021816876598415	0.0038408999626447	0.0022692494910589	0.0382411331242736	low_or_no_effect	low/no relative effect
R-MMU-8852276_THE_ROLE_OF_GTSE1_IN_G2_M_PROGRESSION_AFTER_G2_CHECKPOINT	gray_low_effect	low/no relative effect		not reviewed; low relative effect	not assessed		Kept gray because original quantitative effect threshold marked this row low/no relative effect.		0.005173341425176	0.0533335400737235	0.005173341425176	0.0059193627419772	0.002231883206792	0.0382411331242736	low_or_no_effect	low/no relative effect
R-MMU-9855142_CELLULAR_RESPONSES_TO_MECHANICAL_STIMULI	gray_low_effect	low/no relative effect		not reviewed; low relative effect	not assessed		Kept gray because original quantitative effect threshold marked this row low/no relative effect.		0.0026599610279264	0.5102954304040531	0.0026599610279264	0.0078211124774613	0.0020182200584715	0.0382411331242736	low_or_no_effect	low/no relative effect
R-MMU-69481_G2_M_CHECKPOINTS	gray_low_effect	low/no relative effect		not reviewed; low relative effect	not assessed		Kept gray because original quantitative effect threshold marked this row low/no relative effect.		0.0055931797575422	0.1488168179857207	0.0055931797575422	0.0071052889116939	0.0019455015676198	0.0382411331242736	low_or_no_effect	low/no relative effect
R-MMU-2022928_HS_GAG_BIOSYNTHESIS	gray_low_effect	low/no relative effect		not reviewed; low relative effect	not assessed		Kept gray because original quantitative effect threshold marked this row low/no relative effect.		0.0024845479829577	0.1431929238460805	0.0024845479829577	0.0043037319304908	0.0018330182221574	0.0382411331242736	low_or_no_effect	low/no relative effect
R-MMU-419037_NCAM1_INTERACTIONS	gray_low_effect	low/no relative effect		not reviewed; low relative effect	not assessed		Kept gray because original quantitative effect threshold marked this row low/no relative effect.		0.0007523972579225	0.6556444777675623	0.0007523972579225	0.0028814195372425	0.0017221999818819	0.0382411331242736	low_or_no_effect	low/no relative effect
R-MMU-5673001_RAF_MAP_KINASE_CASCADE	gray_low_effect	low/no relative effect		not reviewed; low relative effect	not assessed		Kept gray because original quantitative effect threshold marked this row low/no relative effect.		0.0380754092253519	0.2585119103166847	0.0380754092253519	0.0321016246083644	0.0016422818305866	0.0382411331242736	low_or_no_effect	low/no relative effect
R-MMU-75153_APOPTOTIC_EXECUTION_PHASE	gray_low_effect	low/no relative effect		not reviewed; low relative effect	not assessed		Kept gray because original quantitative effect threshold marked this row low/no relative effect.		0.0142777128397887	0.2448205386343242	0.0142777128397887	0.0203978071575402	0.0014247655666312	0.0382411331242736	low_or_no_effect	low/no relative effect
R-MMU-9696273_RND1_GTPASE_CYCLE	gray_low_effect	low/no relative effect		not reviewed; low relative effect	not assessed		Kept gray because original quantitative effect threshold marked this row low/no relative effect.		0.0018787805279049	0.630256719382283	0.0018787805279049	0.0033547053356073	0.0013130768837386	0.0382411331242736	low_or_no_effect	low/no relative effect
R-MMU-2467813_SEPARATION_OF_SISTER_CHROMATIDS	gray_low_effect	low/no relative effect		not reviewed; low relative effect	not assessed		Kept gray because original quantitative effect threshold marked this row low/no relative effect.		0.0011753041478204	0.658572743844917	0.0011753041478204	0.0022520992344254	0.0012060963461165	0.0382411331242736	low_or_no_effect	low/no relative effect
R-MMU-1638091_HEPARAN_SULFATE_HEPARIN_HS_GAG_METABOLISM	gray_low_effect	low/no relative effect		not reviewed; low relative effect	not assessed		Kept gray because original quantitative effect threshold marked this row low/no relative effect.		0.0017146577612551	0.3181637420517373	0.0017146577612551	0.0048431696805412	0.0010933731947432	0.0382411331242736	low_or_no_effect	low/no relative effect
R-MMU-9013026_RHOB_GTPASE_CYCLE	gray_low_effect	low/no relative effect		not reviewed; low relative effect	not assessed		Kept gray because original quantitative effect threshold marked this row low/no relative effect.		-0.0258875351399647	0.2448205386343242	0.0258875351399647	0.0282849860918261	0.0010869347617091	0.0382411331242736	low_or_no_effect	low/no relative effect
R-MMU-5693532_DNA_DOUBLE_STRAND_BREAK_REPAIR	gray_low_effect	low/no relative effect		not reviewed; low relative effect	not assessed		Kept gray because original quantitative effect threshold marked this row low/no relative effect.		0.0046254218547183	0.4089059679038047	0.0046254218547183	0.0098842141438365	0.0009980543507052	0.0382411331242736	low_or_no_effect	low/no relative effect
R-MMU-204998_CELL_DEATH_SIGNALLING_VIA_NRAGE_NRIF_AND_NADE	gray_low_effect	low/no relative effect		not reviewed; low relative effect	not assessed		Kept gray because original quantitative effect threshold marked this row low/no relative effect.		0.0026082290727926	0.513720436415712	0.0026082290727926	0.0045412691023858	0.0009257215185576	0.0382411331242736	low_or_no_effect	low/no relative effect
R-MMU-5693571_NONHOMOLOGOUS_END_JOINING_NHEJ	gray_low_effect	low/no relative effect		not reviewed; low relative effect	not assessed		Kept gray because original quantitative effect threshold marked this row low/no relative effect.		0.000830853539264	0.7143875437606719	0.000830853539264	0.003731518454539	0.0008483682534043	0.0382411331242736	low_or_no_effect	low/no relative effect
R-MMU-3214847_HATS_ACETYLATE_HISTONES	gray_low_effect	low/no relative effect		not reviewed; low relative effect	not assessed		Kept gray because original quantitative effect threshold marked this row low/no relative effect.		-0.0008661757883274	0.7143875437606719	0.0008661757883274	0.0026040674139189	0.0008318223259462	0.0382411331242736	low_or_no_effect	low/no relative effect
R-MMU-190861_GAP_JUNCTION_ASSEMBLY	gray_low_effect	low/no relative effect		not reviewed; low relative effect	not assessed		Kept gray because original quantitative effect threshold marked this row low/no relative effect.		0.0021298129142781	0.5913775063575485	0.0021298129142781	0.0065302481469076	0.0006934211546074	0.0382411331242736	low_or_no_effect	low/no relative effect
R-MMU-5663220_RHO_GTPASES_ACTIVATE_FORMINS	gray_low_effect	low/no relative effect		not reviewed; low relative effect	not assessed		Kept gray because original quantitative effect threshold marked this row low/no relative effect.		-0.0002058447205739	0.9601462585284606	0.0002058447205739	0.0074739514946444	0.0005985959953516	0.0382411331242736	low_or_no_effect	low/no relative effect
R-MMU-9841922_MLL4_AND_MLL3_COMPLEXES_REGULATE_EXPRESSION_OF_PPARG_TARGET_GENES_IN_ADIPOGENESIS_AND_HEPATIC_STEATOSIS	gray_low_effect	low/no relative effect		not reviewed; low relative effect	not assessed		Kept gray because original quantitative effect threshold marked this row low/no relative effect.		-0.0006395947918133	0.7755002122074998	0.0006395947918133	0.0037142052948112	0.0005710409014681	0.0382411331242736	low_or_no_effect	low/no relative effect
R-MMU-198933_IMMUNOREGULATORY_INTERACTIONS_BETWEEN_A_LYMPHOID_AND_A_NON_LYMPHOID_CELL	green_prior_aligned	prior literature aligned	FLT_up	Post-flight skin shows immune-cell activity and epithelial-immune crosstalk relevant to lymphoid/non-lymphoid interactions.	FLT_up aligns with skin immune crosstalk.	medium	Keratinocyte and tissue-cell interactions with T cells fit the reported inflammatory skin response.	Park2024;Piipponen2020	0.0014648245140844	0.9730043595939314	0.0014648245140844	0.0968333095721247	0.0003949360906432	0.0382411331242736	plausible_complementary	plausible/complementary
R-MMU-3214841_PKMTS_METHYLATE_HISTONE_LYSINES	gray_low_effect	low/no relative effect		not reviewed; low relative effect	not assessed		Kept gray because original quantitative effect threshold marked this row low/no relative effect.		-0.0001116013162992	0.9570346027775456	0.0001116013162992	0.0024394137874344	0.0002939288110504	0.0382411331242736	low_or_no_effect	low/no relative effect
R-MMU-3000178_ECM_PROTEOGLYCANS	gray_low_effect	low/no relative effect		not reviewed; low relative effect	not assessed		Kept gray because original quantitative effect threshold marked this row low/no relative effect.		0.0030209862884154	0.4057036226193334	0.0030209862884154	0.0081530416291928	0.0001548255352534	0.0382411331242736	low_or_no_effect	low/no relative effect
R-MMU-9917777_EPIGENETIC_REGULATION_BY_WDR5_CONTAINING_HISTONE_MODIFYING_COMPLEXES	gray_low_effect	low/no relative effect		not reviewed; low relative effect	not assessed		Kept gray because original quantitative effect threshold marked this row low/no relative effect.		0.0013039809196478	0.5864635793350307	0.0013039809196478	0.0024906517541285	0.0001261101064775	0.0382411331242736	low_or_no_effect	low/no relative effect
R-MMU-68875_MITOTIC_PROPHASE	gray_low_effect	low/no relative effect		not reviewed; low relative effect	not assessed		Kept gray because original quantitative effect threshold marked this row low/no relative effect.		-0.0028937784386619	0.7755002122074998	0.0028937784386619	0.0183592217836057	1.2789000945850776e-05	0.0382411331242736	low_or_no_effect	low/no relative effect
R-MMU-2500257_RESOLUTION_OF_SISTER_CHROMATID_COHESION	gray_low_effect	low/no relative effect		not reviewed; low relative effect	not assessed		Kept gray because original quantitative effect threshold marked this row low/no relative effect.		0.0012269285421795	0.6197246118535528	0.0012269285421795	0.0055882676220643	8.637372177393327e-05	0.0382411331242736	low_or_no_effect	low/no relative effect
R-MMU-9833482_PKR_MEDIATED_SIGNALING	gray_low_effect	low/no relative effect		not reviewed; low relative effect	not assessed		Kept gray because original quantitative effect threshold marked this row low/no relative effect.		-0.0009287064905845	0.8038666467595071	0.0009287064905845	0.0033100007624915	0.0001891824665639	0.0382411331242736	low_or_no_effect	low/no relative effect
R-MMU-1660662_GLYCOSPHINGOLIPID_METABOLISM	gray_low_effect	low/no relative effect		not reviewed; low relative effect	not assessed		Kept gray because original quantitative effect threshold marked this row low/no relative effect.		-0.0218210347975352	0.6197246118535528	0.0218210347975352	0.0366595926811093	0.0002923668643451	0.0382411331242736	low_or_no_effect	low/no relative effect
R-MMU-975138_TRAF6_MEDIATED_INDUCTION_OF_NFKB_AND_MAP_KINASES_UPON_TLR7_8_OR_9_ACTIVATION	gray_low_effect	low/no relative effect		not reviewed; low relative effect	not assessed		Kept gray because original quantitative effect threshold marked this row low/no relative effect.		-0.0002708302846473	0.9027280270516916	0.0002708302846473	0.0035460484881642	0.0004425235903205	0.0382411331242736	low_or_no_effect	low/no relative effect
R-MMU-5633007_REGULATION_OF_TP53_ACTIVITY	gray_low_effect	low/no relative effect		not reviewed; low relative effect	not assessed		Kept gray because original quantitative effect threshold marked this row low/no relative effect.		0.0031515793116197	0.8777122119364712	0.0031515793116197	0.0294561824695374	0.0004909663262714	0.0382411331242736	low_or_no_effect	low/no relative effect
R-MMU-9013423_RAC3_GTPASE_CYCLE	gray_low_effect	low/no relative effect		not reviewed; low relative effect	not assessed		Kept gray because original quantitative effect threshold marked this row low/no relative effect.		-0.0028073450251389	0.5275015843707872	0.0028073450251389	0.0048490288939661	0.0005041554514449	0.0382411331242736	low_or_no_effect	low/no relative effect
R-MMU-168181_TOLL_LIKE_RECEPTOR_7_8_TLR7_8_CASCADE	gray_low_effect	low/no relative effect		not reviewed; low relative effect	not assessed		Kept gray because original quantitative effect threshold marked this row low/no relative effect.		0.0003351630250528	0.912558281779067	0.0003351630250528	0.0050007424197711	0.0008106310535674	0.0382411331242736	low_or_no_effect	low/no relative effect
R-MMU-373760_L1CAM_INTERACTIONS	gray_low_effect	low/no relative effect		not reviewed; low relative effect	not assessed		Kept gray because original quantitative effect threshold marked this row low/no relative effect.		-0.0022209278206971	0.5338819839419922	0.0022209278206971	0.003022646346133	0.0009121864734663	0.0382411331242736	low_or_no_effect	low/no relative effect
R-MMU-9764560_REGULATION_OF_CDH1_GENE_TRANSCRIPTION	gray_low_effect	low/no relative effect		not reviewed; low relative effect	not assessed		Kept gray because original quantitative effect threshold marked this row low/no relative effect.		-0.0043772495338133	0.1221713122263475	0.0043772495338133	0.0073304696498523	0.001142128221317	0.0382411331242736	low_or_no_effect	low/no relative effect
R-MMU-774815_NUCLEOSOME_ASSEMBLY	gray_low_effect	low/no relative effect		not reviewed; low relative effect	not assessed		Kept gray because original quantitative effect threshold marked this row low/no relative effect.		-0.0078033202688345	0.3738655158782553	0.0078033202688345	0.0173435796245409	0.0012179025179248	0.0382411331242736	low_or_no_effect	low/no relative effect
R-MMU-975155_MYD88_DEPENDENT_CASCADE_INITIATED_ON_ENDOSOME	gray_low_effect	low/no relative effect		not reviewed; low relative effect	not assessed		Kept gray because original quantitative effect threshold marked this row low/no relative effect.		-0.0017651896243661	0.4709693219586097	0.0017651896243661	0.0030485790892512	0.001338551336875	0.0382411331242736	low_or_no_effect	low/no relative effect
R-MMU-9943965_CHD3_CHD4_CHD5_SUBFAMILY	orange_uncertain_no_direct_support	uncertain/no direct support	FLT_down	CHD3/4/5 chromatin remodeling has no direct skin-spaceflight pathway support.	FLT_down direction uncertain.	low	This subfamily-specific chromatin term is too narrow for a defensible directional prior.	Cope2024;Afshinnekoo2020	-0.0206295540855634	0.8406018751536594	0.0206295540855634	0.1048082354877413	0.001412196690373	0.0382411331242736	broad_or_uncertain_signal	broad/uncertain signal
R-MMU-3214842_HDMS_DEMETHYLATE_HISTONES	gray_low_effect	low/no relative effect		not reviewed; low relative effect	not assessed		Kept gray because original quantitative effect threshold marked this row low/no relative effect.		0.0025698190455281	0.7448121738987199	0.0025698190455281	0.0066008454260534	0.0016465355201081	0.0382411331242736	low_or_no_effect	low/no relative effect
R-MMU-375165_NCAM_SIGNALING_FOR_NEURITE_OUT_GROWTH	gray_low_effect	low/no relative effect		not reviewed; low relative effect	not assessed		Kept gray because original quantitative effect threshold marked this row low/no relative effect.		-0.0020038895696232	0.5874895411552451	0.0020038895696232	0.0027714814053795	0.0016504053839654	0.0382411331242736	low_or_no_effect	low/no relative effect
R-MMU-110330_RECOGNITION_AND_ASSOCIATION_OF_DNA_GLYCOSYLASE_WITH_SITE_CONTAINING_AN_AFFECTED_PURINE	gray_low_effect	low/no relative effect		not reviewed; low relative effect	not assessed		Kept gray because original quantitative effect threshold marked this row low/no relative effect.		-0.0017652163040897	0.199869986174819	0.0017652163040897	0.0031492584205216	0.0017829470727439	0.0382411331242736	low_or_no_effect	low/no relative effect
R-MMU-5689880_UB_SPECIFIC_PROCESSING_PROTEASES	gray_low_effect	low/no relative effect		not reviewed; low relative effect	not assessed		Kept gray because original quantitative effect threshold marked this row low/no relative effect.		-0.0023773222892429	0.478480198195347	0.0023773222892429	0.0059076267132747	0.0018420061660526	0.0382411331242736	low_or_no_effect	low/no relative effect
R-MMU-380320_RECRUITMENT_OF_NUMA_TO_MITOTIC_CENTROSOMES	gray_low_effect	low/no relative effect		not reviewed; low relative effect	not assessed		Kept gray because original quantitative effect threshold marked this row low/no relative effect.		-0.0010816789008151	0.7098159812912621	0.0010816789008151	0.0049214749813138	0.0019611788955731	0.0382411331242736	low_or_no_effect	low/no relative effect
R-MMU-6791312_TP53_REGULATES_TRANSCRIPTION_OF_CELL_CYCLE_GENES	gray_low_effect	low/no relative effect		not reviewed; low relative effect	not assessed		Kept gray because original quantitative effect threshold marked this row low/no relative effect.		0.0035005626760528	0.514011940375832	0.0035005626760528	0.0082971595750967	0.0019900106329233	0.0382411331242736	low_or_no_effect	low/no relative effect
R-MMU-69473_G2_M_DNA_DAMAGE_CHECKPOINT	gray_low_effect	low/no relative effect		not reviewed; low relative effect	not assessed		Kept gray because original quantitative effect threshold marked this row low/no relative effect.		-0.0001173580884859	0.9601462585284606	0.0001173580884859	0.0038234696408725	0.002021586434279	0.0382411331242736	low_or_no_effect	low/no relative effect
R-MMU-3371497_HSP90_CHAPERONE_CYCLE_FOR_STEROID_HORMONE_RECEPTORS_SHR_IN_THE_PRESENCE_OF_LIGAND	gray_low_effect	low/no relative effect		not reviewed; low relative effect	not assessed		Kept gray because original quantitative effect threshold marked this row low/no relative effect.		0.0020864779703697	0.7525290119028594	0.0020864779703697	0.0043472783574534	0.0021741159626049	0.0382411331242736	low_or_no_effect	low/no relative effect
R-MMU-9937850_NURD_COMPLEX_ASSEMBLY	gray_low_effect	low/no relative effect		not reviewed; low relative effect	not assessed		Kept gray because original quantitative effect threshold marked this row low/no relative effect.		-0.0044869809776232	0.2044350390085351	0.0044869809776232	0.0049977645225658	0.002251948980283	0.0382411331242736	low_or_no_effect	low/no relative effect
R-MMU-76005_RESPONSE_TO_ELEVATED_PLATELET_CYTOSOLIC_CA2	blue_plausible_complementary	plausible/complementary	FLT_down	Platelet calcium response is wound and hemostasis related, but direct skin-spaceflight support is weak.	FLT_down is plausible but indirect.	low	Lower platelet calcium response could reflect impaired hemostatic repair or vascular biology, but may also be a blood-component signal.	CuboMateo2021;Radstake2022;Balukoff2025	-0.0730790505809864	0.3687465657371496	0.0730790505809864	0.1551712407933279	0.0023898138236311	0.0382411331242736	broad_or_uncertain_signal	broad/uncertain signal
R-MMU-73927_DEPURINATION	gray_low_effect	low/no relative effect		not reviewed; low relative effect	not assessed		Kept gray because original quantitative effect threshold marked this row low/no relative effect.		-0.006915823009419	0.2448205386343242	0.006915823009419	0.0115927838390118	0.0024190487371431	0.0382411331242736	low_or_no_effect	low/no relative effect
R-MMU-9860931_RESPONSE_OF_ENDOTHELIAL_CELLS_TO_SHEAR_STRESS	gray_low_effect	low/no relative effect		not reviewed; low relative effect	not assessed		Kept gray because original quantitative effect threshold marked this row low/no relative effect.		-0.005599626373257	0.3918663412411423	0.005599626373257	0.0131292028585419	0.0025670448269258	0.0382411331242736	low_or_no_effect	low/no relative effect
R-MMU-166016_TOLL_LIKE_RECEPTOR_4_TLR4_CASCADE	gray_low_effect	low/no relative effect		not reviewed; low relative effect	not assessed		Kept gray because original quantitative effect threshold marked this row low/no relative effect.		-0.0052125681168486	0.2493668626892807	0.0052125681168486	0.012651664261807	0.0027129509946353	0.0382411331242736	low_or_no_effect	low/no relative effect
R-MMU-216083_INTEGRIN_CELL_SURFACE_INTERACTIONS	green_prior_aligned	prior literature aligned	FLT_down	Microgravity skin literature and post-flight data point to impaired adhesion and matrix interactions.	FLT_down aligns with impaired adhesion or matrix interaction.	medium	Reduced integrin cell-surface interactions match lower adhesion and barrier-interaction themes in skin-spaceflight reports.	Park2024;Radstake2022;Zhao2025	0.0529769988160211	0.440881970341107	0.0529769988160211	0.1133456755482011	0.0028268966992734	0.0382411331242736	prior_literature_match	prior literature match
R-MMU-73884_BASE_EXCISION_REPAIR	gray_low_effect	low/no relative effect		not reviewed; low relative effect	not assessed		Kept gray because original quantitative effect threshold marked this row low/no relative effect.		-0.0042171547760105	0.3436736811348053	0.0042171547760105	0.0075158957123931	0.0030268154470901	0.0382411331242736	low_or_no_effect	low/no relative effect
R-MMU-389948_CO_INHIBITION_BY_PD_1	gray_low_effect	low/no relative effect		not reviewed; low relative effect	not assessed		Kept gray because original quantitative effect threshold marked this row low/no relative effect.		-0.0054315655480633	0.514011940375832	0.0054315655480633	0.0076188164731538	0.0030597572667114	0.0382411331242736	low_or_no_effect	low/no relative effect
R-MMU-69620_CELL_CYCLE_CHECKPOINTS	gray_low_effect	low/no relative effect		not reviewed; low relative effect	not assessed		Kept gray because original quantitative effect threshold marked this row low/no relative effect.		-0.0041120814165633	0.3637872664541888	0.0041120814165633	0.0077799432946347	0.0031849179212341	0.0382411331242736	low_or_no_effect	low/no relative effect
R-MMU-69242_S_PHASE	gray_low_effect	low/no relative effect		not reviewed; low relative effect	not assessed		Kept gray because original quantitative effect threshold marked this row low/no relative effect.		-0.0011907933656461	0.5911597304940668	0.0011907933656461	0.005574778752424	0.0032639588691297	0.0382411331242736	low_or_no_effect	low/no relative effect
R-MMU-6806667_METABOLISM_OF_FAT_SOLUBLE_VITAMINS	gray_low_effect	low/no relative effect		not reviewed; low relative effect	not assessed		Kept gray because original quantitative effect threshold marked this row low/no relative effect.		-0.0006175155516901	0.9121990156112432	0.0006175155516901	0.0120923842604735	0.0034084328850526	0.0382411331242736	low_or_no_effect	low/no relative effect
R-MMU-5693607_PROCESSING_OF_DNA_DOUBLE_STRAND_BREAK_ENDS	gray_low_effect	low/no relative effect		not reviewed; low relative effect	not assessed		Kept gray because original quantitative effect threshold marked this row low/no relative effect.		-0.0051201048036598	0.2098208540788435	0.0051201048036598	0.0077198695980971	0.0034460011088042	0.0382411331242736	low_or_no_effect	low/no relative effect
R-MMU-9716542_SIGNALING_BY_RHO_GTPASES_MIRO_GTPASES_AND_RHOBTB3	blue_plausible_complementary	plausible/complementary	FLT_down	RHO and MIRO-family GTPases can affect cytoskeleton and mitochondria, but direct skin direction is absent.	FLT_down is plausible but weakly supported.	low	Reduced signaling could fit lower motility or mitochondrial transport under stress without direct evidence.	Cope2024;Riwaldt2021	-0.021493525774648	0.6766541959662911	0.021493525774648	0.1123643671670476	0.0034961383268918	0.0382411331242736	plausible_complementary	plausible/complementary
R-MMU-2299718_CONDENSATION_OF_PROPHASE_CHROMOSOMES	gray_low_effect	low/no relative effect		not reviewed; low relative effect	not assessed		Kept gray because original quantitative effect threshold marked this row low/no relative effect.		-0.0025321964352776	0.6197246118535528	0.0025321964352776	0.0059610231131931	0.0036955050325568	0.0382411331242736	low_or_no_effect	low/no relative effect
R-MMU-9670095_INHIBITION_OF_DNA_RECOMBINATION_AT_TELOMERE	gray_low_effect	low/no relative effect		not reviewed; low relative effect	not assessed		Kept gray because original quantitative effect threshold marked this row low/no relative effect.		-0.0069729991088943	0.0874530649737087	0.0069729991088943	0.0091522641435148	0.0038829203741209	0.0382411331242736	low_or_no_effect	low/no relative effect
R-MMU-983168_ANTIGEN_PROCESSING_UBIQUITINATION_PROTEASOME_DEGRADATION	gray_low_effect	low/no relative effect		not reviewed; low relative effect	not assessed		Kept gray because original quantitative effect threshold marked this row low/no relative effect.		-0.004849451362339	0.0731856699553257	0.004849451362339	0.0040965553386663	0.0039485141253329	0.0382411331242736	low_or_no_effect	low/no relative effect
R-MMU-975634_RETINOID_METABOLISM_AND_TRANSPORT	gray_low_effect	low/no relative effect		not reviewed; low relative effect	not assessed		Kept gray because original quantitative effect threshold marked this row low/no relative effect.		-0.0025946119651584	0.4542454476655215	0.0025946119651584	0.0059188056951505	0.0040563640018172	0.0382411331242736	low_or_no_effect	low/no relative effect
R-MMU-114604_GPVI_MEDIATED_ACTIVATION_CASCADE	gray_low_effect	low/no relative effect		not reviewed; low relative effect	not assessed		Kept gray because original quantitative effect threshold marked this row low/no relative effect.		-0.0067999997651961	0.0467647216479719	0.0067999997651961	0.0090710237823027	0.004087890612931	0.0382411331242736	low_or_no_effect	low/no relative effect
R-MMU-1266695_INTERLEUKIN_7_SIGNALING	gray_low_effect	low/no relative effect		not reviewed; low relative effect	not assessed		Kept gray because original quantitative effect threshold marked this row low/no relative effect.		-0.0070260201776408	0.0628033578319639	0.0070260201776408	0.0073819330848886	0.0044126890831715	0.0382411331242736	low_or_no_effect	low/no relative effect
R-MMU-9009391_EXTRA_NUCLEAR_ESTROGEN_SIGNALING	gray_low_effect	low/no relative effect		not reviewed; low relative effect	not assessed		Kept gray because original quantitative effect threshold marked this row low/no relative effect.		-0.0058897808181584	0.0850530237235202	0.0058897808181584	0.0060396176136821	0.0047504286579649	0.0382411331242736	low_or_no_effect	low/no relative effect
R-MMU-111885_OPIOID_SIGNALLING	gray_low_effect	low/no relative effect		not reviewed; low relative effect	not assessed		Kept gray because original quantitative effect threshold marked this row low/no relative effect.		-0.0054970657502887	0.0874100099956373	0.0054970657502887	0.0062701700831474	0.0048563152998141	0.0382411331242736	low_or_no_effect	low/no relative effect
R-MMU-9006927_SIGNALING_BY_NON_RECEPTOR_TYROSINE_KINASES	gray_low_effect	low/no relative effect		not reviewed; low relative effect	not assessed		Kept gray because original quantitative effect threshold marked this row low/no relative effect.		-0.0045910795505809	0.1695045333417639	0.0045910795505809	0.0091874950800777	0.0052825402177545	0.0382411331242736	low_or_no_effect	low/no relative effect
R-MMU-1852241_ORGANELLE_BIOGENESIS_AND_MAINTENANCE	gray_low_effect	low/no relative effect		not reviewed; low relative effect	not assessed		Kept gray because original quantitative effect threshold marked this row low/no relative effect.		-0.0089896218329225	0.1283067754282004	0.0089896218329225	0.0146489605004961	0.0053971504499911	0.0382411331242736	low_or_no_effect	low/no relative effect
R-MMU-8848021_SIGNALING_BY_PTK6	orange_uncertain_no_direct_support	uncertain/no direct support	FLT_down	PTK6 has epithelial stress relevance, but no direct skin-spaceflight direction is available.	FLT_down direction uncertain.	low	Lower PTK6 signaling may mark keratinocyte stress remodeling, but evidence remains indirect.	Piipponen2020;Radstake2022	-0.0171603115116936	0.4764891309600528	0.0171603115116936	0.0472612121821655	0.0055695281282262	0.0382411331242736	broad_or_uncertain_signal	broad/uncertain signal
R-MMU-9648025_EML4_AND_NUDC_IN_MITOTIC_SPINDLE_FORMATION	gray_low_effect	low/no relative effect		not reviewed; low relative effect	not assessed		Kept gray because original quantitative effect threshold marked this row low/no relative effect.		-0.0074425724627464	0.1001993310637215	0.0074425724627464	0.0080364051236921	0.0061139297236921	0.0382411331242736	low_or_no_effect	low/no relative effect
R-MMU-199977_ER_TO_GOLGI_ANTEROGRADE_TRANSPORT	gray_low_effect	low/no relative effect		not reviewed; low relative effect	not assessed		Kept gray because original quantitative effect threshold marked this row low/no relative effect.		-0.0039386826595316	0.2139584696079513	0.0039386826595316	0.0065097296861231	0.0065097296861231	0.0382411331242736	low_or_no_effect	low/no relative effect
R-MMU-5693565_RECRUITMENT_AND_ATM_MEDIATED_PHOSPHORYLATION_OF_REPAIR_AND_SIGNALING_PROTEINS_AT_DNA_DOUBLE_STRAND_BREAKS	gray_low_effect	low/no relative effect		not reviewed; low relative effect	not assessed		Kept gray because original quantitative effect threshold marked this row low/no relative effect.		-0.0082526203708274	0.0336621946459662	0.0082526203708274	0.0104359008334858	0.0067680498786778	0.0382411331242736	low_or_no_effect	low/no relative effect
R-MMU-8874081_MET_ACTIVATES_PTK2_SIGNALING	gray_low_effect	low/no relative effect		not reviewed; low relative effect	not assessed		Kept gray because original quantitative effect threshold marked this row low/no relative effect.		-0.0051808221912852	0.2690110941168682	0.0051808221912852	0.0115969172195268	0.0069074033895268	0.0382411331242736	low_or_no_effect	low/no relative effect
R-MMU-9764274_REGULATION_OF_EXPRESSION_AND_FUNCTION_OF_TYPE_I_CLASSICAL_CADHERINS	gray_low_effect	low/no relative effect		not reviewed; low relative effect	not assessed		Kept gray because original quantitative effect threshold marked this row low/no relative effect.		-0.0071893217542781	0.3359929358280661	0.0071893217542781	0.0166167188296278	0.0069411983597288	0.0382411331242736	low_or_no_effect	low/no relative effect
R-MMU-163685_INTEGRATION_OF_ENERGY_METABOLISM	blue_plausible_complementary	plausible/complementary	FLT_down	Energy metabolism is directly perturbed in skin, and mitochondrial or OXPHOS components can decrease.	FLT_down is plausible but broad.	medium	Reduced integration of energy metabolism fits mitochondrial down-regulation but does not separate glycolytic compensation from other metabolic shifts.	Cope2024;Park2024;Mao2014	0.0172850726109154	0.8238558262092964	0.0172850726109154	0.1255696443740033	0.0070151107775119	0.0382411331242736	broad_or_uncertain_signal	broad/uncertain signal
R-MMU-5693606_DNA_DOUBLE_STRAND_BREAK_RESPONSE	red_conflict_or_artifact	conflict/artifact	FLT_down	DNA damage response is a direct and repeated skin-spaceflight finding.	FLT_down conflicts with radiation and DNA-damage response evidence.	high	Lower double-strand break response is opposite to expected DNA repair activation under radiation and oxidative stress.	Cope2024;Park2024;Radstake2022	-0.0417558217394365	0.2096331569086002	0.0417558217394365	0.076471769198786	0.0073649373957558	0.0382411331242736	prior_literature_match	prior literature match
R-MMU-5693538_HOMOLOGY_DIRECTED_REPAIR	gray_low_effect	low/no relative effect		not reviewed; low relative effect	not assessed		Kept gray because original quantitative effect threshold marked this row low/no relative effect.		-0.0157666207173063	0.0464569097781981	0.0157666207173063	0.0213137914951142	0.0098252268069324	0.0382411331242736	low_or_no_effect	low/no relative effect
R-MMU-73857_RNA_POLYMERASE_II_TRANSCRIPTION	orange_uncertain_no_direct_support	uncertain/no direct support	FLT_down	RNA polymerase II transcription is generic and lacks directional specificity.	FLT_down direction uncertain.	low	The pathway could reflect global expression changes rather than a biologically specific prior.	Cope2024;Afshinnekoo2020	-0.0021298105193663	0.9570346027775456	0.0021298105193663	0.0629745888736487	0.0102801585909976	0.0382411331242736	broad_or_uncertain_signal	broad/uncertain signal
R-MMU-5683057_MAPK_FAMILY_SIGNALING_CASCADES	red_conflict_or_artifact	conflict/artifact	FLT_down	Post-flight human skin showed KRAS signaling up-regulation, closely linked to MAPK cascades.	FLT_down conflicts with KRAS/MAPK activation evidence.	medium	Reduced MAPK family signaling is opposite to the reported post-flight KRAS and inflammatory signaling direction.	Park2024	-0.0036560344936618	0.9601462585284606	0.0036560344936618	0.1255865114565656	0.0108872860417508	0.0382411331242736	broad_or_uncertain_signal	broad/uncertain signal
R-MMU-5693567_HDR_THROUGH_HOMOLOGOUS_RECOMBINATION_HRR_OR_SINGLE_STRAND_ANNEALING_SSA	gray_low_effect	low/no relative effect		not reviewed; low relative effect	not assessed		Kept gray because original quantitative effect threshold marked this row low/no relative effect.		-0.0216376302820422	0.190745603580439	0.0216376302820422	0.027164533708988	0.0117665692985167	0.0382411331242736	low_or_no_effect	low/no relative effect
R-MMU-9975921_ASSEMBLY_OF_THE_9_0_PRIMARY_CILIUM	gray_low_effect	low/no relative effect		not reviewed; low relative effect	not assessed		Kept gray because original quantitative effect threshold marked this row low/no relative effect.		-0.0099839064284366	0.0916845228599713	0.0099839064284366	0.0149361605360607	0.0129567524879126	0.0382411331242736	low_or_no_effect	low/no relative effect
R-MMU-69206_G1_S_TRANSITION	gray_low_effect	low/no relative effect		not reviewed; low relative effect	not assessed		Kept gray because original quantitative effect threshold marked this row low/no relative effect.		-0.0218243515788732	0.0242217571570436	0.0218243515788732	0.018601349655715	0.0137309057260854	0.0382411331242736	low_or_no_effect	low/no relative effect
R-MMU-141444_AMPLIFICATION_OF_SIGNAL_FROM_UNATTACHED_KINETOCHORES_VIA_A_MAD2_INHIBITORY_SIGNAL	gray_low_effect	low/no relative effect		not reviewed; low relative effect	not assessed		Kept gray because original quantitative effect threshold marked this row low/no relative effect.		-0.0255372021033028	0.0731856699553257	0.0255372021033028	0.0232129883737373	0.013969071760707	0.0382411331242736	low_or_no_effect	low/no relative effect
R-MMU-9013408_RHOG_GTPASE_CYCLE	gray_low_effect	low/no relative effect		not reviewed; low relative effect	not assessed		Kept gray because original quantitative effect threshold marked this row low/no relative effect.		-0.0211210651016021	0.0100225338520843	0.0211210651016021	0.0165971475038631	0.0151846150371965	0.0382411331242736	low_or_no_effect	low/no relative effect
R-MMU-3700989_TRANSCRIPTIONAL_REGULATION_BY_TP53	gray_low_effect	low/no relative effect		not reviewed; low relative effect	not assessed		Kept gray because original quantitative effect threshold marked this row low/no relative effect.		-0.0098702256961971	0.3378587480768096	0.0098702256961971	0.0237509994743956	0.0154110267089376	0.0382411331242736	low_or_no_effect	low/no relative effect
R-MMU-422356_REGULATION_OF_INSULIN_SECRETION	red_conflict_or_artifact	conflict/artifact	FLT_down	Insulin secretion is a pancreatic endocrine pathway, not a primary skin-spaceflight response.	FLT_down remains off-context.	medium	The pathway may reflect shared ion or metabolic genes rather than actual insulin secretion in skin.	Mao2014;Cope2024	-0.0131609263135915	0.725776862498671	0.0131609263135915	0.0823306281935096	0.0227589736440147	0.0382411331242736	prior_literature_match	prior literature match
R-MMU-1430728_METABOLISM	orange_uncertain_no_direct_support	uncertain/no direct support	FLT_down	Metabolism is too broad, and spaceflight skin metabolic findings have mixed directions.	FLT_down direction uncertain.	low	The term cannot distinguish amino acid, carbohydrate, lipid, or mitochondrial changes with different priors.	Mao2014;Cope2024	-0.0483882213908435	0.532035720110447	0.0483882213908435	0.144594045229045	0.0244973263401553	0.0382411331242736	broad_or_uncertain_signal	broad/uncertain signal
R-MMU-69306_DNA_REPLICATION	blue_plausible_complementary	plausible/complementary	FLT_down	DNA repair and hair-cycle responses support proliferative biology, but microgravity wound literature also supports impaired proliferation.	FLT_down is plausible but mixed.	medium	Reduced DNA replication may indicate impaired epidermal renewal or atrophy rather than regeneration.	Cope2024;Neutelings2015;Riwaldt2021	-0.0377802404939718	0.1159797315956121	0.0377802404939718	0.0713967250672433	0.024760695649277	0.0382411331242736	broad_or_uncertain_signal	broad/uncertain signal
R-MMU-392499_METABOLISM_OF_PROTEINS	orange_uncertain_no_direct_support	uncertain/no direct support	FLT_down	Protein metabolism is broad and lacks direct directional support in skin-spaceflight literature.	FLT_down direction uncertain.	low	The pathway could reflect many unrelated synthesis, folding, and degradation processes.	Cope2024;Afshinnekoo2020	-0.0283172612499988	0.5987101264559667	0.0283172612499988	0.084897685112528	0.0252422936983864	0.0382411331242736	broad_or_uncertain_signal	broad/uncertain signal
R-MMU-373076_CLASS_A_1_RHODOPSIN_LIKE_RECEPTORS	orange_uncertain_no_direct_support	uncertain/no direct support	FLT_down	Class A rhodopsin-like receptors are a broad GPCR group with weak skin-spaceflight specificity.	FLT_down direction uncertain.	low	The term is dominated by broad receptor biology and may include off-context sensory receptors.	Radstake2022	-0.0565626824823946	0.5954417299747101	0.0565626824823946	0.1998474066140347	0.0254819980955166	0.0382411331242736	likely_artifact	likely artifact/junk
R-MMU-1474244_EXTRACELLULAR_MATRIX_ORGANIZATION	green_prior_aligned	prior literature aligned	FLT_down	Space-flown mouse skin and post-flight skin analyses support ECM remodeling and matrix disorganization.	FLT_down aligns with disrupted matrix organization.	medium	Reduced ECM organization can capture weaker collagen, elastin, or proteoglycan architecture during dermal atrophy and remodeling.	Mao2014;Cope2024;Pfisterer2021	-0.0558910960387319	0.3753471795564457	0.0558910960387319	0.11273642906034	0.0271175162320575	0.0382411331242736	prior_literature_match	prior literature match
R-MMU-418555_G_ALPHA_S_SIGNALLING_EVENTS	blue_plausible_complementary	plausible/complementary	FLT_down	G-alpha-s signaling is a GPCR branch relevant to hormone and sensory pathways, but direction is indirect.	FLT_down is plausible but weakly supported.	low	Reduced G-alpha-s signaling may reflect broad neuroendocrine or receptor remodeling rather than a direct flight skin finding.	Radstake2022;Park2024	-0.0570733738415494	0.2448205386343242	0.0570733738415494	0.1116749881436292	0.0281176407900939	0.0382411331242736	plausible_complementary	plausible/complementary
R-MMU-168256_IMMUNE_SYSTEM	blue_plausible_complementary	plausible/complementary	FLT_down	Post-flight skin supports inflammatory activation, while broader spaceflight literature also supports immune suppression and dysregulation.	FLT_down is plausible but mixed.	medium	A broad immune-system decrease could reflect acquired immune suppression, but it is not the dominant skin inflammation direction.	Park2024;Akiyama2020;Piipponen2020	0.0139921644718326	0.7528116124217685	0.0139921644718326	0.0507948620224171	0.0320191920224169	0.0382411331242736	prior_literature_match	prior literature match
R-MMU-8856825_CARGO_RECOGNITION_FOR_CLATHRIN_MEDIATED_ENDOCYTOSIS	orange_uncertain_no_direct_support	uncertain/no direct support	FLT_down	Cargo recognition for clathrin endocytosis lacks direct skin-spaceflight directional support.	FLT_down direction uncertain.	low	This is a specific trafficking subpathway without a clear prior in flight skin data.	Cope2024;Radstake2022	0.0036185505845071	0.9601462585284606	0.0036185505845071	0.0410952618366117	0.0326134948502569	0.0382411331242736	plausible_complementary	plausible/complementary
R-MMU-1442490_COLLAGEN_DEGRADATION	blue_plausible_complementary	plausible/complementary	FLT_down	Space-flown mouse skin showed ECM remodeling and MMP-related matrix turnover, but collagen turnover direction can be mixed.	FLT_down is plausible but mixed.	medium	Reduced collagen degradation is not the expected MMP-breakdown signal, but could coexist with altered collagen accumulation or reduced turnover.	Mao2014;Pfisterer2021;Balukoff2025	-0.0242968237570774	0.800538311060515	0.0242968237570774	0.111615809817215	0.0343112764838817	0.0382411331242736	prior_literature_match	prior literature match
R-MMU-416476_G_ALPHA_Q_SIGNALLING_EVENTS	blue_plausible_complementary	plausible/complementary	FLT_down	G-alpha-q signaling is a GPCR branch relevant to vascular and sensory skin responses, but direction is indirect.	FLT_down is plausible but weakly supported.	low	Reduced G-alpha-q signaling could reflect receptor-mediated vascular, sensory, or inflammatory remodeling with weak direct support.	Radstake2022;Park2024	-0.0276353139255282	0.4542454476655215	0.0276353139255282	0.0844097182119705	0.0377319936314637	0.0382411331242736	plausible_complementary	plausible/complementary
R-MMU-6811558_PI5P_PP2A_AND_IER3_REGULATE_PI3K_AKT_SIGNALING	orange_uncertain_no_direct_support	uncertain/no direct support	FLT_down	This specific PI3K/AKT regulatory pathway has no direct skin-spaceflight support and unclear direction.	FLT_down direction uncertain.	low	The pathway is too specific and context-dependent to infer alignment from broad stress or repair literature.	Riwaldt2021;Park2024	-0.0379484593739436	0.5575621749491569	0.0379484593739436	0.0913577427641191	0.0421524203954324	0.0382411331242736	broad_or_uncertain_signal	broad/uncertain signal
R-MMU-202733_CELL_SURFACE_INTERACTIONS_AT_THE_VASCULAR_WALL	blue_plausible_complementary	plausible/complementary	FLT_down	Vascular-wall interactions fit immune trafficking and wound repair, but direct direction is weak.	FLT_down is plausible but indirect.	medium	Reduced vascular-wall interactions could reflect impaired endothelial or leukocyte adhesion during microgravity-related repair changes.	Park2024;CuboMateo2021;Zhao2025	-0.0640516712512324	0.5068858893503115	0.0640516712512324	0.1510833048060455	0.0439306236575606	0.0382411331242736	plausible_complementary	plausible/complementary
R-MMU-2132295_MHC_CLASS_II_ANTIGEN_PRESENTATION	blue_plausible_complementary	plausible/complementary	FLT_down	Interferon and skin immune activation support antigen presentation, while broader spaceflight immunity can be suppressed.	FLT_down is plausible but mixed.	medium	Reduced MHC class II presentation could fit acquired immune suppression, but it is not firmly aligned with post-flight skin inflammation.	Park2024;Akiyama2020	0.0001227416373237	0.9981303179369636	0.0001227416373237	0.0822895808227004	0.0470826733860532	0.0382411331242736	prior_literature_match	prior literature match
R-MMU-174824_PLASMA_LIPOPROTEIN_ASSEMBLY_REMODELING_AND_CLEARANCE	orange_uncertain_no_direct_support	uncertain/no direct support	FLT_down	Plasma lipoprotein assembly is not a specific reported skin-spaceflight pathway.	FLT_down direction uncertain.	low	Skin lipid handling is relevant, but this plasma-lipoprotein term is broad and partly off-context.	Radstake2022;Mao2014	-0.0485293206306514	0.0467647216479719	0.0485293206306514	0.0482803103522952	0.0482803103522952	0.0382411331242736	broad_or_uncertain_signal	broad/uncertain signal
R-MMU-9937848_CHD_CHROMATIN_REMODELERS	orange_uncertain_no_direct_support	uncertain/no direct support	FLT_down	CHD remodelers can participate in DNA damage and transcriptional stress, but skin-spaceflight direction is not direct.	FLT_down direction uncertain.	low	The pathway is a chromatin subfamily signal with only broad support from stress and repair biology.	Cope2024;Afshinnekoo2020	-0.0511300613855281	0.0529870354131452	0.0511300613855281	0.0636100512346225	0.0493240125650265	0.0382411331242736	plausible_complementary	plausible/complementary
R-MMU-6806834_SIGNALING_BY_MET	blue_plausible_complementary	plausible/complementary	FLT_down	MET/HGF signaling fits keratinocyte motility and wound repair, and lower activity is plausible under impaired repair.	FLT_down is plausible but indirect.	medium	Reduced MET signaling could mark weaker migration or epithelial repair in microgravity-related wound biology.	Riwaldt2021;Piipponen2020;Zhao2025	-0.0634541839524647	0.0293397851215855	0.0634541839524647	0.0668758340179425	0.0493362038697944	0.0382411331242736	broad_or_uncertain_signal	broad/uncertain signal
R-MMU-1474290_COLLAGEN_FORMATION	orange_uncertain_no_direct_support	uncertain/no direct support	FLT_down	Mouse ISS skin showed increased procollagen and ECM turnover, while human matrix signals are mixed.	FLT_down direction uncertain.	medium	Reduced collagen formation conflicts with some procollagen evidence but could reflect dermal atrophy or reduced matrix repair.	Neutelings2015;Mao2014;Park2024;Zhao2025	0.0185944973415495	0.8406018751536594	0.0185944973415495	0.1119030028963319	0.0528205821945774	0.0382411331242736	prior_literature_match	prior literature match
R-MMU-2173789_TGF_BETA_RECEPTOR_SIGNALING_ACTIVATES_SMADS	blue_plausible_complementary	plausible/complementary	FLT_down	TGF-beta SMAD signaling is central to matrix and wound responses, but flight skin direction is mixed.	FLT_down is plausible but mixed.	medium	Reduced SMAD activation could indicate impaired fibroblast or wound signaling despite reports of broader TGF-beta and ECM remodeling.	Park2024;Mao2014;Balukoff2025	-0.0745248380604048	0.1921981563453889	0.0745248380604048	0.1016578020203725	0.0583101470910796	0.0382411331242736	broad_or_uncertain_signal	broad/uncertain signal
R-MMU-74752_SIGNALING_BY_INSULIN_RECEPTOR	blue_plausible_complementary	plausible/complementary	FLT_down	Spaceflight biomarker data implicate IGF and metabolic signaling, but insulin receptor direction in skin is indirect.	FLT_down is plausible but weakly supported.	low	Reduced insulin receptor signaling could reflect impaired energy use or repair signaling without direct flight skin evidence.	Cope2024;Mao2014	-0.0733336045982394	0.0582586558629689	0.0733336045982394	0.0751283855346712	0.0614856214680045	0.0382411331242736	prior_literature_match	prior literature match
R-MMU-8953897_CELLULAR_RESPONSES_TO_STIMULI	orange_uncertain_no_direct_support	uncertain/no direct support	FLT_down	Responses to stimuli are expected in flight skin, but this broad pathway is not direction-specific.	FLT_down direction uncertain.	low	The term fits environmental, inflammatory, and oxidative stimuli without identifying a precise mechanism.	Cope2024;Radstake2022	-0.0802208306690124	0.2320198432649874	0.0802208306690124	0.1011350695246316	0.0643134513428139	0.0382411331242736	broad_or_uncertain_signal	broad/uncertain signal
R-MMU-9759476_REGULATION_OF_HOMOTYPIC_CELL_CELL_ADHESION	green_prior_aligned	prior literature aligned	FLT_down	Post-flight skin data emphasize barrier and junction disruption rather than stronger homotypic adhesion.	FLT_down aligns with barrier and adhesion weakening.	medium	Reduced regulation of homotypic cell-cell adhesion matches decreased junction and barrier transcript patterns.	Park2024;Radstake2022;Zhao2025	-0.0915262175545774	0.0525372976300412	0.0915262175545774	0.1015311510635211	0.0643135139372585	0.0382411331242736	broad_or_uncertain_signal	broad/uncertain signal
R-MMU-166658_COMPLEMENT_CASCADE	blue_plausible_complementary	plausible/complementary	FLT_down	Complement is plausible in skin inflammation, but direct spaceflight direction is not established and immune suppression is also plausible.	FLT_down is plausible but mixed.	medium	Reduced complement cascade activity could reflect immune dysregulation rather than the canonical inflammatory activation direction.	Park2024;Pfisterer2021;Akiyama2020	-0.1168520654225355	0.0940056515627173	0.1168520654225355	0.1612931212657274	0.064676469952596	0.0382411331242736	broad_or_uncertain_signal	broad/uncertain signal
R-MMU-8980692_RHOA_GTPASE_CYCLE	blue_plausible_complementary	plausible/complementary	FLT_down	RHOA is a mechanotransduction and cytoskeletal regulator, and lower activity is plausible under altered mechanical loading.	FLT_down is plausible but indirect.	medium	Reduced RHOA cycling could fit decreased actomyosin tension, adhesion, and migration remodeling in microgravity-stressed skin.	Riwaldt2021;Radstake2022	-0.0507349355992957	0.4791556952088025	0.0507349355992957	0.1089867783993043	0.0648600608639508	0.0382411331242736	plausible_complementary	plausible/complementary
R-MMU-9006931_SIGNALING_BY_NUCLEAR_RECEPTORS	blue_plausible_complementary	plausible/complementary	FLT_down	Nuclear receptors regulate skin steroid, vitamin D, and retinoid biology, but direction is indirect.	FLT_down is plausible but not direct.	low	Reduced nuclear receptor signaling could mark altered stress-hormone or barrier responses without specific flight direction evidence.	Radstake2022;Cope2024	-0.082127593496479	0.1621332522818079	0.082127593496479	0.0795817412915559	0.064911334902667	0.0382411331242736	broad_or_uncertain_signal	broad/uncertain signal
R-MMU-201681_TCF_DEPENDENT_SIGNALING_IN_RESPONSE_TO_WNT	blue_plausible_complementary	plausible/complementary	FLT_down	Canonical Wnt/TCF signaling is relevant to hair follicle and epidermal regeneration, but direction is indirect.	FLT_down is plausible but mixed.	medium	Reduced TCF-dependent Wnt signaling could fit impaired regeneration despite hair-cycle dysregulation evidence.	Neutelings2015;Piipponen2020	-0.0347718089147887	0.5617305750820841	0.0347718089147887	0.1041564105128211	0.0662164848905989	0.0382411331242736	broad_or_uncertain_signal	broad/uncertain signal
R-MMU-983231_FACTORS_INVOLVED_IN_MEGAKARYOCYTE_DEVELOPMENT_AND_PLATELET_PRODUCTION	red_conflict_or_artifact	conflict/artifact	FLT_down	Megakaryocyte development is not a plausible primary skin pathway and lacks direct support.	FLT_down remains off-context.	medium	The signal likely reflects blood or platelet module leakage rather than a skin-spaceflight mechanism.	CuboMateo2021;Radstake2022	-0.1021677396195421	0.0938282055264753	0.1021677396195421	0.1540915418261917	0.0707751429221513	0.0382411331242736	broad_or_uncertain_signal	broad/uncertain signal
R-MMU-1428517_AEROBIC_RESPIRATION_AND_RESPIRATORY_ELECTRON_TRANSPORT	green_prior_aligned	prior literature aligned	FLT_down	Post-flight human skin reported down-regulation of mitochondrial metabolism and oxidative phosphorylation.	FLT_down aligns with direct mitochondrial direction evidence.	high	Reduced aerobic respiration and electron transport match reported OXPHOS and mitochondrial-metabolism decreases.	Park2024;Cope2024	-0.0668700779137325	0.2448205386343242	0.0668700779137325	0.1434137026700336	0.0720853568114478	0.0382411331242736	prior_literature_match	prior literature match
R-MMU-9612973_AUTOPHAGY	blue_plausible_complementary	plausible/complementary	FLT_down	Autophagy is a plausible response to spaceflight stress and mitochondrial dysfunction, but skin direction is indirect.	FLT_down is plausible but mixed.	medium	Reduced autophagy could reflect impaired damaged-organelle clearance, although an adaptive increase would also be expected under stress.	Cope2024;Afshinnekoo2020	-0.0903408701883802	0.0408470162310256	0.0903408701883802	0.0850648813982366	0.0721378137315699	0.0382411331242736	broad_or_uncertain_signal	broad/uncertain signal
R-MMU-936837_ION_TRANSPORT_BY_P_TYPE_ATPASES	orange_uncertain_no_direct_support	uncertain/no direct support	FLT_down	Ion homeostasis is relevant to barrier and stress responses, but P-type ATPase decrease is not directly supported.	FLT_down direction uncertain.	low	Reduced P-type ATPase transport could reflect calcium or ion handling changes, but evidence is weak and nonspecific.	Radstake2022	-0.0921276094644841	0.0187819994575995	0.0921276094644841	0.1033340649683186	0.0748359074327631	0.0382411331242736	broad_or_uncertain_signal	broad/uncertain signal
R-MMU-8939211_ESR_MEDIATED_SIGNALING	blue_plausible_complementary	plausible/complementary	FLT_down	Estrogen receptor signaling affects skin homeostasis, but spaceflight direction evidence is indirect.	FLT_down is plausible but weakly supported.	low	Reduced ESR signaling could interact with barrier, immune, or repair biology, but no direct flight skin direction exists.	Radstake2022	-0.0970374641387323	0.063954226893683	0.0970374641387323	0.1382895911466772	0.0816025831690342	0.0382411331242736	broad_or_uncertain_signal	broad/uncertain signal
R-MMU-382551_TRANSPORT_OF_SMALL_MOLECULES	orange_uncertain_no_direct_support	uncertain/no direct support	FLT_down	Small-molecule transport is too broad for a specific literature-aligned direction.	FLT_down direction uncertain.	low	The pathway could reflect ions, metabolites, or xenobiotics with different expected responses.	Mao2014;Radstake2022	-0.0348260618309863	0.6197246118535528	0.0348260618309863	0.1362541347284242	0.0824837563950912	0.0382411331242736	broad_or_uncertain_signal	broad/uncertain signal
R-MMU-6809371_FORMATION_OF_THE_CORNIFIED_ENVELOPE	green_prior_aligned	prior literature aligned	FLT_down	Direct post-flight skin data indicate barrier and cornification marker loss.	FLT_down aligns with barrier and cornification loss.	high	Reduced cornified-envelope formation matches disrupted terminal differentiation and barrier programs after flight.	Cope2024;Park2024	-0.1530500325880277	0.0668792230773408	0.1530500325880277	0.1537642015895799	0.0840508571451356	0.0382411331242736	prior_literature_match	prior literature match
R-MMU-168898_TOLL_LIKE_RECEPTOR_CASCADES	red_conflict_or_artifact	conflict/artifact	FLT_down	Post-flight skin shows inflammatory and innate immune activation, with TLR pathways as plausible upstream mechanisms.	FLT_down conflicts with innate immune activation evidence.	medium	A decrease in TLR cascades is opposite to the expected microbial, barrier-stress, and inflammatory response direction.	Park2024;Piipponen2020	-0.1031218589948239	0.0232875844968872	0.1031218589948239	0.1070149489371605	0.0860098292603929	0.0382411331242736	broad_or_uncertain_signal	broad/uncertain signal
R-MMU-1483257_PHOSPHOLIPID_METABOLISM	blue_plausible_complementary	plausible/complementary	FLT_down	Oxidative stress and barrier disruption support phospholipid remodeling, but direction is indirect.	FLT_down is plausible but indirect.	medium	Reduced phospholipid metabolism could reflect membrane or barrier lipid impairment in stressed skin.	Mao2014;Radstake2022	-0.1376444977404929	0.0726982531024471	0.1376444977404929	0.1872380929469609	0.0916217026924154	0.0382411331242736	prior_literature_match	prior literature match
R-MMU-9749641_ASPIRIN_ADME	red_conflict_or_artifact	conflict/artifact	FLT_down	Aspirin ADME is a drug-specific pathway with no relevant skin-spaceflight exposure support.	FLT_down remains off-context.	high	The term likely reflects shared detox genes rather than aspirin biology in flight skin.	Mao2014;Radstake2022	-0.1503334615686626	0.0582586558629689	0.1503334615686626	0.145926000735956	0.0922258946753499	0.0382411331242736	broad_or_uncertain_signal	broad/uncertain signal
R-MMU-170834_SIGNALING_BY_TGF_BETA_RECEPTOR_COMPLEX	blue_plausible_complementary	plausible/complementary	FLT_down	TGF-beta signaling is central to wound and ECM biology, but flight skin evidence is mixed for direction.	FLT_down is plausible but mixed.	medium	Reduced TGF-beta receptor complex signaling could fit impaired fibroblast or wound signaling despite broader ECM remodeling reports.	Park2024;Mao2014;Balukoff2025	-0.0751650816501762	0.1001993310637215	0.0751650816501762	0.1017375143031853	0.0930006891365186	0.0382411331242736	broad_or_uncertain_signal	broad/uncertain signal
R-MMU-9913351_FORMATION_OF_THE_DYSTROPHIN_GLYCOPROTEIN_COMPLEX_DGC	green_prior_aligned	prior literature aligned	FLT_down	ISS mouse skin directly reported cutaneous muscle remodeling and atrophy-related effects.	FLT_down aligns with unloading or cutaneous muscle structural weakening.	medium	Lower dystrophin-glycoprotein complex formation fits reduced muscle membrane and cytoskeletal integrity in panniculus carnosus-like tissue.	Neutelings2015	-0.0965323825319894	0.0467647216479719	0.0965323825319894	0.14211882574914	0.0938267083158067	0.0382411331242736	broad_or_uncertain_signal	broad/uncertain signal
R-MMU-109582_HEMOSTASIS	blue_plausible_complementary	plausible/complementary	FLT_down	Hemostasis is relevant to wound repair risk in space, but direct skin pathway direction is not shown.	FLT_down is plausible but indirect.	medium	Lower hemostatic signaling could fit impaired repair or vascular response, while remaining indirect for skin tissue.	CuboMateo2021;Radstake2022;Balukoff2025	-0.1087952892077472	0.0582586558629689	0.1087952892077472	0.1393936177941695	0.0940507505719477	0.0382411331242736	broad_or_uncertain_signal	broad/uncertain signal
R-MMU-422475_AXON_GUIDANCE	orange_uncertain_no_direct_support	uncertain/no direct support	FLT_down	Axon-guidance cues can participate in cutaneous nerve and repair biology, but direct flight direction is lacking.	FLT_down direction uncertain.	low	The decrease may reflect innervation or migration remodeling, but it is not a directly reported skin-spaceflight signature.	Radstake2022;Riwaldt2021	-0.1311083530247712	0.0315120169943231	0.1311083530247712	0.1017272073705058	0.095448099592728	0.0382411331242736	broad_or_uncertain_signal	broad/uncertain signal
R-MMU-3000171_NON_INTEGRIN_MEMBRANE_ECM_INTERACTIONS	green_prior_aligned	prior literature aligned	FLT_down	Flight skin literature supports ECM remodeling and impaired matrix or adhesion interactions.	FLT_down aligns with matrix-interaction disruption.	medium	Reduced non-integrin membrane-ECM interactions fit altered fibroblast-epidermal crosstalk and matrix attachment during dermal remodeling.	Mao2014;Pfisterer2021;Zhao2025	-0.120327910794014	0.0485437065985633	0.120327910794014	0.153406016311049	0.0963370459777157	0.0382411331242736	prior_literature_match	prior literature match
R-MMU-500792_GPCR_LIGAND_BINDING	blue_plausible_complementary	plausible/complementary	FLT_down	GPCR ligand binding can mediate skin stress and neuroimmune signaling, but direction is indirect.	FLT_down is plausible but weakly supported.	low	Reduced ligand-binding receptor activity could reflect broad receptor remodeling without a direct skin-spaceflight prior.	Radstake2022;Park2024	-0.1474093373210035	0.1221713122263475	0.1474093373210035	0.1532188855982987	0.0988790479730462	0.0382411331242736	plausible_complementary	plausible/complementary
R-MMU-1257604_PIP3_ACTIVATES_AKT_SIGNALING	blue_plausible_complementary	plausible/complementary	FLT_down	PI3K/AKT participates in keratinocyte growth and repair, but direct flight skin direction is limited.	FLT_down is plausible but indirect.	medium	Reduced PIP3-AKT activation could fit impaired survival or wound-repair signaling under microgravity stress.	Riwaldt2021;Piipponen2020;Balukoff2025	-0.125568732903213	0.0506918346203099	0.125568732903213	0.1298031177391889	0.1010776645725223	0.0382411331242736	broad_or_uncertain_signal	broad/uncertain signal
R-MMU-6811442_INTRA_GOLGI_AND_RETROGRADE_GOLGI_TO_ER_TRAFFIC	orange_uncertain_no_direct_support	uncertain/no direct support	FLT_down	Golgi-to-ER traffic is a broad protein-processing pathway without direct flight skin direction evidence.	FLT_down direction uncertain.	low	The literature does not identify decreased intra-Golgi or retrograde traffic as a skin-spaceflight signature.	Cope2024;Radstake2022	-0.0903438438321795	0.0345128058161052	0.0903438438321795	0.1294752627204171	0.101595731172269	0.0382411331242736	broad_or_uncertain_signal	broad/uncertain signal
R-MMU-9932444_ATP_DEPENDENT_CHROMATIN_REMODELERS	orange_uncertain_no_direct_support	uncertain/no direct support	FLT_down	ATP-dependent chromatin remodeling can support DNA repair, but skin-spaceflight direction is indirect.	FLT_down direction uncertain.	low	The pathway is mechanistically linked to stress transcription and repair but lacks direct flight skin support.	Cope2024;Afshinnekoo2020	-0.1373937693512324	0.079918579832375	0.1373937693512324	0.1599307716564061	0.1044511242523657	0.0382411331242736	plausible_complementary	plausible/complementary
R-MMU-977606_REGULATION_OF_COMPLEMENT_CASCADE	blue_plausible_complementary	plausible/complementary	FLT_down	Complement can mediate skin inflammation, but spaceflight skin direction is indirect and immune suppression is also plausible.	FLT_down is plausible but mixed.	medium	Reduced complement regulation could reflect immune dysregulation rather than the inflammatory activation seen in skin regions.	Park2024;Pfisterer2021;Akiyama2020	-0.0813209524665494	0.0774193471690301	0.0813209524665494	0.1060122251219208	0.1060122251219208	0.0382411331242736	broad_or_uncertain_signal	broad/uncertain signal
R-MMU-157858_GAP_JUNCTION_TRAFFICKING_AND_REGULATION	blue_plausible_complementary	plausible/complementary	FLT_down	Gap-junction remodeling is plausible in wound repair and barrier disruption, but direct post-flight direction is not established.	FLT_down is plausible but indirect.	low	Lower regulated gap-junction trafficking could reflect impaired epidermal communication during barrier stress.	Park2024;Piipponen2020	-0.1546493396257041	0.0392120137025925	0.1546493396257041	0.1920901533325536	0.1104116151288499	0.0382411331242736	prior_literature_match	prior literature match
R-MMU-449147_SIGNALING_BY_INTERLEUKINS	red_conflict_or_artifact	conflict/artifact	FLT_down	Post-flight skin shows inflammatory pathway activation, making interleukin signaling a close expected up-response.	FLT_down conflicts with cytokine inflammation evidence.	high	Lower interleukin signaling is opposite to expected keratinocyte and immune communication in inflamed skin.	Park2024;Piipponen2020	-0.119635263181338	0.3802966754879558	0.119635263181338	0.2192607957201266	0.1137917780460526	0.0382411331242736	prior_literature_match	prior literature match
R-MMU-917937_IRON_UPTAKE_AND_TRANSPORT	orange_uncertain_no_direct_support	uncertain/no direct support	FLT_down	Oxidative skin stress can involve iron and heme chemistry, but direct iron-transport direction is weak.	FLT_down direction uncertain.	low	Lower iron uptake and transport may alter ROS balance, but no direct flight skin evidence establishes this direction.	Mao2014;Radstake2022	-0.1114229766631514	0.0399490893639249	0.1114229766631514	0.1195302980495746	0.1141558456792043	0.0382411331242736	broad_or_uncertain_signal	broad/uncertain signal
R-MMU-453279_MITOTIC_G1_PHASE_AND_G1_S_TRANSITION	blue_plausible_complementary	plausible/complementary	FLT_down	Microgravity and wound-healing literature can support impaired proliferation, while skin repair and hair-cycle evidence is mixed.	FLT_down is plausible but mixed.	medium	Lower G1/S activity may reflect impaired keratinocyte proliferation or dermal atrophy rather than regeneration.	Cope2024;Neutelings2015;Riwaldt2021	-0.1368654743443486	0.0088010188437846	0.1368654743443486	0.1255485390230178	0.1144209059307956	0.0382411331242736	prior_literature_match	prior literature match
R-MMU-9709957_SENSORY_PERCEPTION	orange_uncertain_no_direct_support	uncertain/no direct support	FLT_down	Astronaut skin irritation and sensory symptoms make sensory biology relevant, but direct pathway direction is weak.	FLT_down direction uncertain.	low	Lower sensory-perception signaling could reflect cutaneous nerve remodeling, but the term is broad and not directly supported.	Radstake2022;Cope2024	-0.1380814933450702	0.0467647216479719	0.1380814933450702	0.2101804096947545	0.1145179829270778	0.0382411331242736	likely_artifact	likely artifact/junk
R-MMU-8978868_FATTY_ACID_METABOLISM	blue_plausible_complementary	plausible/complementary	FLT_down	Skin barrier and STS-135 metabolomics support lipid remodeling, but fatty-acid direction is not direct.	FLT_down is plausible but indirect.	medium	Reduced fatty-acid metabolism could contribute to barrier lipid impairment or altered oxidized-lipid turnover.	Mao2014;Radstake2022	-0.1452093362314261	0.0708807661353045	0.1452093362314261	0.1455272228834816	0.1402241628834817	0.0382411331242736	broad_or_uncertain_signal	broad/uncertain signal
R-MMU-9842860_REGULATION_OF_ENDOGENOUS_RETROELEMENTS	orange_uncertain_no_direct_support	uncertain/no direct support	FLT_down	Retroelement regulation can link DNA damage and interferon responses, but skin-specific direction is indirect.	FLT_down direction uncertain.	low	Reduced retroelement regulation is hard to interpret against IFN and epigenetic stress signals without direct flight skin evidence.	Park2024;Afshinnekoo2020	-0.106693898541021	0.4541468978725871	0.106693898541021	0.1683769249248892	0.140801790722869	0.0382411331242736	broad_or_uncertain_signal	broad/uncertain signal
R-MMU-1638074_KERATAN_SULFATE_KERATIN_METABOLISM	blue_plausible_complementary	plausible/complementary	FLT_down	Glycosaminoglycan, keratin, and matrix turnover are plausible in skin remodeling, but direction is not directly resolved.	FLT_down is plausible but indirect.	medium	Lower keratan sulfate or keratin metabolism could fit barrier or matrix disruption without direct pathway evidence.	Mao2014;Pfisterer2021	-0.2035778872028169	0.0158261799160458	0.2035778872028169	0.2278194351066498	0.1442187259248316	0.0382411331242736	broad_or_uncertain_signal	broad/uncertain signal
R-MMU-3858494_BETA_CATENIN_INDEPENDENT_WNT_SIGNALING	blue_plausible_complementary	plausible/complementary	FLT_down	Noncanonical Wnt is relevant to skin repair and hair cycling, but flight direction is not directly shown.	FLT_down is plausible but mixed.	medium	Reduced beta-catenin-independent Wnt signaling could fit impaired migration or regenerative signaling despite hair-cycle evidence.	Neutelings2015;Piipponen2020	-0.1308216310760563	0.0805777872007723	0.1308216310760563	0.1829279360272061	0.1445025821605395	0.0382411331242736	broad_or_uncertain_signal	broad/uncertain signal
R-MMU-3371556_CELLULAR_RESPONSE_TO_HEAT_STRESS	orange_uncertain_no_direct_support	uncertain/no direct support	FLT_down	Heat-shock pathways are generic stress responses; spaceflight skin stress makes them relevant but not directionally direct.	FLT_down direction uncertain.	low	Lower heat-stress response is hard to interpret because proteotoxic and oxidative stress would often predict activation.	Mao2014;Afshinnekoo2020	-0.1566453459864435	0.0582586558629689	0.1566453459864435	0.2303444008265204	0.144964455782076	0.0382411331242736	broad_or_uncertain_signal	broad/uncertain signal
R-MMU-1280215_CYTOKINE_SIGNALING_IN_IMMUNE_SYSTEM	red_conflict_or_artifact	conflict/artifact	FLT_down	Post-flight skin showed inflammatory pathway up-regulation across regions.	FLT_down conflicts with cytokine immune activation evidence.	high	Lower cytokine signaling is opposite to keratinocyte and immune-cell activation reported in flight-stressed skin.	Park2024;Piipponen2020	-0.1677938256891196	0.1568161986730032	0.1677938256891196	0.2201936890971166	0.1470286752082277	0.0382411331242736	prior_literature_match	prior literature match
R-MMU-948021_TRANSPORT_TO_THE_GOLGI_AND_SUBSEQUENT_MODIFICATION	orange_uncertain_no_direct_support	uncertain/no direct support	FLT_down	Golgi transport and modification are generic secretory processes without direct skin-spaceflight direction evidence.	FLT_down direction uncertain.	low	The decrease may reflect altered protein-processing load but is not a reported flight skin pathway.	Cope2024;Radstake2022	-0.17288586679375	0.0165049617612943	0.17288586679375	0.1833254319139996	0.1532016004826865	0.0382411331242736	broad_or_uncertain_signal	broad/uncertain signal
R-MMU-191273_CHOLESTEROL_BIOSYNTHESIS	blue_plausible_complementary	plausible/complementary	FLT_down	Barrier disruption and lipid remodeling make lower cholesterol biosynthesis plausible, but direct pathway direction is weak.	FLT_down is plausible but indirect.	medium	Reduced cholesterol biosynthesis could contribute to impaired stratum-corneum lipid repair in stressed skin.	Park2024;Radstake2022	-0.2026576499318662	0.0099112933886168	0.2026576499318662	0.1984515732061832	0.1574132606728499	0.0382411331242736	prior_literature_match	prior literature match
R-MMU-9818564_EPIGENETIC_REGULATION_OF_GENE_EXPRESSION_BY_MLL3_AND_MLL4_COMPLEXES	orange_uncertain_no_direct_support	uncertain/no direct support	FLT_down	MLL3/MLL4 epigenetic regulation is broad and lacks direct skin-spaceflight direction evidence.	FLT_down direction uncertain.	low	This may reflect general transcriptional adaptation rather than a specific prior-supported skin pathway.	Cope2024;Afshinnekoo2020	-0.1182596146707393	0.5142148361119668	0.1182596146707393	0.2773689065236115	0.1597725683821974	0.0382411331242736	broad_or_uncertain_signal	broad/uncertain signal
R-MMU-1280218_ADAPTIVE_IMMUNE_SYSTEM	blue_plausible_complementary	plausible/complementary	FLT_down	Spaceflight affects acquired immunity, while post-flight skin shows T-cell immunity and migration changes.	FLT_down is plausible but mixed.	medium	Reduced adaptive immune pathway activity could fit spaceflight immunosuppression, but it is not the dominant post-flight skin inflammation direction.	Park2024;Akiyama2020	-0.1950967827803908	0.1972646803175277	0.1950967827803908	0.2144901515416259	0.1637397975295046	0.0382411331242736	prior_literature_match	prior literature match
R-MMU-8951664_NEDDYLATION	orange_uncertain_no_direct_support	uncertain/no direct support	FLT_down	Neddylation can regulate DNA damage and proteostasis, but direct skin-spaceflight direction is not shown.	FLT_down direction uncertain.	low	This ubiquitin-like modification is too indirect for a defensible decreased-pathway prior.	Cope2024;Afshinnekoo2020	-0.1528978660757043	0.0966038779113122	0.1528978660757043	0.2524797851568314	0.169266356823498	0.0382411331242736	plausible_complementary	plausible/complementary
R-MMU-2029482_REGULATION_OF_ACTIN_DYNAMICS_FOR_PHAGOCYTIC_CUP_FORMATION	red_conflict_or_artifact	conflict/artifact	FLT_down	Post-flight skin inflammation supports phagocytosis and actin remodeling in immune effector cells.	FLT_down conflicts with inflammatory phagocytic remodeling.	medium	Lower actin dynamics for phagocytic cup formation is opposite to the expected Fc-receptor phagocytosis and innate activation signal.	Park2024;Piipponen2020	-0.1611982333521124	0.0725810131056937	0.1611982333521124	0.2452459204517544	0.1711310204517543	0.0382411331242736	plausible_complementary	plausible/complementary
R-MMU-375276_PEPTIDE_LIGAND_BINDING_RECEPTORS	orange_uncertain_no_direct_support	uncertain/no direct support	FLT_down	Peptide-ligand receptors fit skin neuroendocrine and immune signaling, but direct direction is weak.	FLT_down direction uncertain.	low	This broad receptor class may capture cytokine, hormone, or repair signaling without specific support.	Radstake2022;Piipponen2020	-0.1914037514014088	0.1431929238460805	0.1914037514014088	0.1793752899796207	0.1793752899796207	0.0382411331242736	broad_or_uncertain_signal	broad/uncertain signal
R-MMU-913709_O_LINKED_GLYCOSYLATION_OF_MUCINS	blue_plausible_complementary	plausible/complementary	FLT_down	Mucin-type O-glycosylation can support epithelial barrier proteins, but direct spaceflight direction is absent.	FLT_down is plausible but indirect.	low	Lower mucin O-glycosylation could weaken secretory or epithelial barrier remodeling, without direct flight skin evidence.	Park2024;Radstake2022	-0.2523637148130282	0.0225572249788115	0.2523637148130282	0.3200112221709152	0.1836799198315213	0.0382411331242736	plausible_complementary	plausible/complementary
R-MMU-71387_METABOLISM_OF_CARBOHYDRATES_AND_CARBOHYDRATE_DERIVATIVES	blue_plausible_complementary	plausible/complementary	FLT_down	STS-135 skin reported carbohydrate metabolism changes, but direction was not pathway-wide.	FLT_down is plausible but indirect.	medium	Lower carbohydrate metabolism could reflect altered repair energetics or mitochondrial-metabolic reprogramming.	Mao2014;Cope2024	-0.2180979087323944	0.0731856699553257	0.2180979087323944	0.3168833566959066	0.1838753644736842	0.0382411331242736	broad_or_uncertain_signal	broad/uncertain signal
R-MMU-445355_SMOOTH_MUSCLE_CONTRACTION	blue_plausible_complementary	plausible/complementary	FLT_down	Flight mouse skin supports cutaneous muscle changes, but smooth-muscle-specific direction is not direct.	FLT_down is plausible but indirect.	medium	Lower smooth muscle contraction could reflect arrector pili, vascular tone, or unloading-related muscle remodeling in skin.	Neutelings2015;Radstake2022;Zhao2025	-0.2038883611619719	0.0940056515627173	0.2038883611619719	0.2986330564587984	0.1861583564587985	0.0382411331242736	likely_artifact	likely artifact/junk
R-MMU-9958863_SLC_MEDIATED_TRANSPORT_OF_AMINO_ACIDS	blue_plausible_complementary	plausible/complementary	FLT_down	STS-135 mouse skin showed altered amino-acid metabolism, but transporter direction was not directly specified.	FLT_down is plausible but indirect.	medium	Reduced amino-acid SLC transport could reflect altered metabolic support for repair and matrix turnover.	Mao2014;Cope2024	-0.2814158260725352	0.0232875844968872	0.2814158260725352	0.3175613633304829	0.1880948586401799	0.0382411331242736	broad_or_uncertain_signal	broad/uncertain signal
R-MMU-8856828_CLATHRIN_MEDIATED_ENDOCYTOSIS	orange_uncertain_no_direct_support	uncertain/no direct support	FLT_down	Endocytosis can change during receptor remodeling, but direct skin-spaceflight evidence for clathrin pathway decrease is lacking.	FLT_down direction uncertain.	low	The term is broad trafficking biology and is not clearly linked to a directional flight skin phenotype.	Cope2024;Radstake2022	-0.1802935754397887	0.0088010188437846	0.1802935754397887	0.2021538970473595	0.191878632128841	0.0382411331242736	plausible_complementary	plausible/complementary
R-MMU-6798695_NEUTROPHIL_DEGRANULATION	red_conflict_or_artifact	conflict/artifact	FLT_down	Post-flight skin inflammation and innate immune activity support neutrophil effector activation.	FLT_down conflicts with inflammatory response evidence.	medium	Lower neutrophil degranulation is opposite to the expected innate inflammatory and antimicrobial stress signal.	Park2024;Piipponen2020	-0.1845440443485912	0.0293397851215855	0.1845440443485912	0.1933014934751018	0.1933014934751018	0.0382411331242736	broad_or_uncertain_signal	broad/uncertain signal
R-MMU-1296071_POTASSIUM_CHANNELS	orange_uncertain_no_direct_support	uncertain/no direct support	FLT_down	Skin sensory and barrier cells use potassium channels, but no direct literature supports a flight-side decrease for this pathway.	FLT_down direction uncertain.	low	Potassium-channel reduction could reflect homeostatic remodeling, but the evidence is nonspecific.	Radstake2022	-0.217190486025	0.0099739847955925	0.217190486025	0.2426672470171752	0.1953992213505085	0.0382411331242736	plausible_complementary	plausible/complementary
R-MMU-421270_CELL_CELL_JUNCTION_ORGANIZATION	green_prior_aligned	prior literature aligned	FLT_down	Post-flight human skin reports epithelial barrier and junction disruption.	FLT_down aligns with barrier-disruption evidence.	high	Reduced cell-cell junction organization matches decreased barrier and tight-junction transcript patterns.	Park2024;Radstake2022;Zhao2025	-0.2358262369695423	0.0187819994575995	0.2358262369695423	0.238849868502068	0.196829532122068	0.0382411331242736	prior_literature_match	prior literature match
R-MMU-71291_METABOLISM_OF_AMINO_ACIDS_AND_DERIVATIVES	blue_plausible_complementary	plausible/complementary	FLT_down	Mouse skin metabolomics showed amino-acid pathway changes, but global direction was mixed.	FLT_down is plausible but not directly established.	medium	Lower amino-acid metabolism could reflect altered repair energetics, stress response, or matrix turnover rather than a direct prior.	Mao2014;Cope2024	-0.2480744866848587	0.07141960126923	0.2480744866848587	0.3929159651582934	0.2090215902188993	0.0382411331242736	broad_or_uncertain_signal	broad/uncertain signal
R-MMU-193648_NRAGE_SIGNALS_DEATH_THROUGH_JNK	red_conflict_or_artifact	conflict/artifact	FLT_down	Post-flight skin enriched apoptosis and stress-response programs.	FLT_down conflicts with cell-death remodeling evidence.	medium	Reduced NRAGE-JNK death signaling is opposite to the broader apoptosis and damage-removal response expected after flight stress.	Park2024;Riwaldt2021	-0.1834265898959507	0.0367581356063252	0.1834265898959507	0.2701294287637223	0.2090524278637222	0.0382411331242736	broad_or_uncertain_signal	broad/uncertain signal
R-MMU-168249_INNATE_IMMUNE_SYSTEM	red_conflict_or_artifact	conflict/artifact	FLT_down	Post-flight skin shows inflammatory and innate immune pathway activation.	FLT_down conflicts with innate immune activation evidence.	high	A broad innate immune decrease is opposite to reported keratinocyte, antimicrobial, and inflammatory responses to barrier stress.	Park2024;Piipponen2020	-0.3156595517079227	0.0961067462677703	0.3156595517079227	0.3698374700032475	0.2434467673921363	0.0382411331242736	prior_literature_match	prior literature match
R-MMU-9675108_NERVOUS_SYSTEM_DEVELOPMENT	orange_uncertain_no_direct_support	uncertain/no direct support	FLT_down	Cutaneous innervation and follicle biology make nervous-system development plausible, but not directly supported directionally.	FLT_down direction uncertain.	low	The pathway may reflect nerve or guidance remodeling rather than a core skin-spaceflight signature.	Radstake2022	-0.254433452162236	0.0467647216479719	0.254433452162236	0.3107467724607177	0.2525274931607177	0.0382411331242736	broad_or_uncertain_signal	broad/uncertain signal
R-MMU-156580_PHASE_II_CONJUGATION_OF_COMPOUNDS	blue_plausible_complementary	plausible/complementary	FLT_down	Space-flown skin shows oxidative and detoxification remodeling, but a pathway-wide decrease in phase II conjugation is not directly established.	FLT_down is plausible but indirect.	medium	Lower phase II conjugation may indicate depleted or impaired detox capacity under oxidative stress rather than the canonical adaptive increase.	Mao2014;Radstake2022	-0.300935409452465	0.0099112933886168	0.300935409452465	0.2902862367263424	0.2548713580596757	0.0382411331242736	prior_literature_match	prior literature match
R-MMU-9006925_INTRACELLULAR_SIGNALING_BY_SECOND_MESSENGERS	orange_uncertain_no_direct_support	uncertain/no direct support	FLT_down	Second-messenger signaling is too broad for a specific skin-spaceflight directional call.	FLT_down direction uncertain.	low	This aggregate pathway could reflect many unrelated receptor branches and lacks direct support.	Cope2024;Park2024	-0.273637445040493	0.0467647216479719	0.273637445040493	0.3820155946692364	0.2567768021338829	0.0382411331242736	plausible_complementary	plausible/complementary
R-MMU-194315_SIGNALING_BY_RHO_GTPASES	blue_plausible_complementary	plausible/complementary	FLT_down	Microgravity and wound literature support cytoskeletal remodeling, including possible suppression of adhesion and mechanotransduction pathways.	FLT_down is plausible but indirect.	medium	Lower RHO signaling could fit unloading-related actin, adhesion, and migration changes in flight-stressed skin.	Riwaldt2021;Radstake2022	-0.3036829719049296	0.0187819994575995	0.3036829719049296	0.3111427817293992	0.2601285887293992	0.0382411331242736	plausible_complementary	plausible/complementary
R-MMU-6811434_COPI_DEPENDENT_GOLGI_TO_ER_RETROGRADE_TRAFFIC	orange_uncertain_no_direct_support	uncertain/no direct support	FLT_down	Golgi-to-ER retrograde traffic is generic secretory biology with no direct skin-spaceflight directional support.	FLT_down direction uncertain.	low	A decrease may reflect protein-processing shifts, but COPI traffic is not a reported flight skin signature.	Cope2024;Radstake2022	-0.354513398584507	0.0113247468399479	0.354513398584507	0.3799989225534289	0.2729868426746412	0.0382411331242736	broad_or_uncertain_signal	broad/uncertain signal
R-MMU-2029480_FCGAMMA_RECEPTOR_FCGR_DEPENDENT_PHAGOCYTOSIS	red_conflict_or_artifact	conflict/artifact	FLT_down	Post-flight skin inflammation supports phagocytic immune effector activity.	FLT_down conflicts with immune activation evidence.	medium	Lower Fc-gamma receptor phagocytosis is opposite to the innate immune remodeling expected in inflamed or barrier-stressed skin.	Park2024;Piipponen2020	-0.2606068018992959	0.05184294175575	0.2606068018992959	0.3859729604042356	0.2836183370042355	0.0382411331242736	broad_or_uncertain_signal	broad/uncertain signal
R-MMU-156590_GLUTATHIONE_CONJUGATION	blue_plausible_complementary	plausible/complementary	FLT_down	Space-flown skin shows oxidative stress and antioxidant-defense remodeling, but glutathione-conjugation decrease is not directly resolved.	FLT_down is plausible but mixed.	medium	Lower glutathione conjugation could indicate depleted detox capacity under ROS stress rather than an adaptive antioxidant increase.	Mao2014;Radstake2022	-0.3387070883113908	0.0326488238895273	0.3387070883113908	0.3786491448750385	0.2913721746831193	0.0382411331242736	prior_literature_match	prior literature match
R-MMU-9764265_REGULATION_OF_CDH1_EXPRESSION_AND_FUNCTION	green_prior_aligned	prior literature aligned	FLT_down	Post-flight skin data support epithelial barrier and junction disruption involving adhesion programs.	FLT_down aligns with epithelial adhesion loss.	medium	Reduced regulation of CDH1 expression and function fits weaker E-cadherin-mediated barrier maintenance.	Park2024;Radstake2022	-0.289051989141549	0.3057747472288341	0.289051989141549	0.5649350597588074	0.3363073966678983	0.0382411331242736	broad_or_uncertain_signal	broad/uncertain signal
R-MMU-190828_GAP_JUNCTION_TRAFFICKING	blue_plausible_complementary	plausible/complementary	FLT_down	Gap-junction remodeling is relevant to epidermal communication and barrier disruption, but direct direction evidence is limited.	FLT_down is plausible but indirect.	medium	Reduced gap-junction trafficking could accompany impaired intercellular communication during barrier stress.	Park2024;Piipponen2020	-0.5169589022114437	0.0113247468399479	0.5169589022114437	0.5480010241949526	0.4075693501595991	0.0382411331242736	prior_literature_match	prior literature match
R-MMU-1266738_DEVELOPMENTAL_BIOLOGY	orange_uncertain_no_direct_support	uncertain/no direct support	FLT_down	Hair-cycle and repair biology support developmental remodeling, but this broad pathway has mixed expected directions.	FLT_down direction uncertain.	low	Reduced developmental biology could imply impaired regeneration, yet the aggregate term combines Wnt, Hedgehog, ECM, and unrelated developmental programs.	Neutelings2015;Park2024	-0.9828317486566912	0.0467647216479719	0.9828317486566912	1.1100115586759705	0.8333855167567784	0.0382411331242736	plausible_complementary	plausible/complementary
