term	reviewed_category	reviewed_category_label	observed_direction	literature_alignment	direction_assessment	confidence	review_rationale	citations	flight_minus_ground	welch_fdr	abs_effect	mean_abs_accession_effect	abs_mean_accession_effect	low_effect_threshold	category	category_label
R-MMU-168256_IMMUNE_SYSTEM	green_prior_aligned	prior literature aligned	FLT_up	aligned_direct	FLT_up aligns with inflammatory response	high	Space-flown mouse soleus up-regulated inflammatory chemokines, and modified loading literature supports immune involvement in muscle remodeling.	Gambara2017;Tidball2002;Dumont2007	0.5547286271428558	0.0999215331820903	0.5547286271428558	0.5425741133333325	0.4354141866666667	0.0298317394874073	prior_literature_match	prior literature match
R-MMU-6809371_FORMATION_OF_THE_CORNIFIED_ENVELOPE	red_conflict_or_artifact	conflict/artifact	FLT_up	artifact_off_context	FLT_up is likely off-context	high	Cornified envelope formation is a skin barrier program; keratin-related protein annotations can appear in proteomics, but this pathway is not a credible soleus adaptation label.	Murgia2024	0.3428531637142855	0.109418685819522	0.3428531637142855	0.4029332148148146	0.4029332148148146	0.0298317394874073	likely_artifact	likely artifact/junk
R-MMU-1640170_CELL_CYCLE	blue_plausible_complementary	plausible/complementary	FLT_up	plausible_indirect	FLT_up is plausible but ambiguous	medium	Space-flown soleus shows myogenic reprogramming markers, but cell-cycle pathway activation could reflect nonmyofiber cells or arrest rather than direct myofiber proliferation.	Gambara2017;Bonaldo2013	0.4363607831428573	0.1101983025180535	0.4363607831428573	0.3568721366666668	0.3384807299999999	0.0298317394874073	plausible_complementary	plausible/complementary
R-MMU-9818564_EPIGENETIC_REGULATION_OF_GENE_EXPRESSION_BY_MLL3_AND_MLL4_COMPLEXES	orange_uncertain_no_direct_support	uncertain/no direct support	FLT_up	uncertain_specific_pathway	FLT_up has no direct support	low	Spaceflight can affect transcriptional regulation, but MLL3/MLL4-specific epigenetic activation is not established for soleus unloading.	Okada2021;Gambara2017	0.4036471380142856	0.3362874106998867	0.4036471380142856	0.2897967924444443	0.2683527891111111	0.0298317394874073	broad_or_uncertain_signal	broad/uncertain signal
R-MMU-114608_PLATELET_DEGRANULATION	orange_uncertain_no_direct_support	uncertain/no direct support	FLT_up	uncertain_specific_pathway	FLT_up has weak direct support	low	Platelet degranulation may tag vascular or inflammatory components, but direct soleus-spaceflight platelet activation evidence is lacking.	Tidball2002;Frenette2000	0.2358283440428571	0.2055380851896562	0.2358283440428571	0.2866854557407407	0.1818508744074074	0.0298317394874073	broad_or_uncertain_signal	broad/uncertain signal
R-MMU-194315_SIGNALING_BY_RHO_GTPASES	blue_plausible_complementary	plausible/complementary	FLT_up	plausible_indirect	FLT_up is plausible	medium	Rho-family signaling fits cytoskeletal, adhesion, and mechanotransduction remodeling during unloading, but direct pathway-level up evidence is limited.	Murgia2024;Chopard2009	0.2675955350000008	0.2317646729484883	0.2675955350000008	0.3252975444444442	0.1773149466666668	0.0298317394874073	plausible_complementary	plausible/complementary
R-MMU-418594_G_ALPHA_I_SIGNALLING_EVENTS	blue_plausible_complementary	plausible/complementary	FLT_up	plausible_indirect	FLT_up is plausible but not directly shown	low	G-protein signaling can interact with disuse, metabolism, and inflammatory pathways, but prior soleus spaceflight studies do not establish G alpha i up-regulation.	Chopard2009;Gambara2017	0.2015407709082857	0.0142289768741291	0.2015407709082857	0.1740394551737036	0.1740394551737036	0.0298317394874073	plausible_complementary	plausible/complementary
R-MMU-163125_POST_TRANSLATIONAL_MODIFICATION_SYNTHESIS_OF_GPI_ANCHORED_PROTEINS	orange_uncertain_no_direct_support	uncertain/no direct support	FLT_up	uncertain_specific_pathway	FLT_up has no direct support	low	GPI-anchor biosynthesis is a specific membrane-PTM pathway without direct soleus microgravity direction evidence.	Gambara2017;Tascher2017	0.1749536393214286	0.1231278091394413	0.1749536393214286	0.2338074661574074	0.1631086761574074	0.0298317394874073	broad_or_uncertain_signal	broad/uncertain signal
R-MMU-373076_CLASS_A_1_RHODOPSIN_LIKE_RECEPTORS	blue_plausible_complementary	plausible/complementary	FLT_up	plausible_indirect	FLT_up is plausible for GPCR biology	low	This Reactome family mostly represents class A GPCRs, not only visual rhodopsin; GPCR signaling is plausible in stress and inflammatory remodeling, but direction evidence is weak.	Chopard2009;Gambara2017	0.1738485696571428	0.1103080975065367	0.1738485696571428	0.1761718880370369	0.1425560493703703	0.0298317394874073	likely_artifact	likely artifact/junk
R-MMU-73894_DNA_REPAIR	blue_plausible_complementary	plausible/complementary	FLT_up	plausible_indirect	FLT_up is plausible under space stress	medium	Spaceflight combines unloading with oxidative and radiation stress, making DNA repair plausible, but skeletal-muscle-specific direction is indirect.	Murgia2024;Tascher2017	0.1747503382857143	0.1233701063567364	0.1747503382857143	0.1401184675925924	0.1401184675925924	0.0298317394874073	plausible_complementary	plausible/complementary
R-MMU-199991_MEMBRANE_TRAFFICKING	blue_plausible_complementary	plausible/complementary	FLT_up	plausible_indirect	FLT_up is plausible but weakly direct	low	Membrane trafficking may reflect receptor, ion-channel, and proteostasis remodeling, but specific direction evidence in soleus microgravity is limited.	Sandona2012;Bonaldo2013	0.1795823375714287	0.2124161497136314	0.1795823375714287	0.1909035749999998	0.1295374083333331	0.0298317394874073	plausible_complementary	plausible/complementary
R-MMU-1257604_PIP3_ACTIVATES_AKT_SIGNALING	red_conflict_or_artifact	conflict/artifact	FLT_up	conflict_with_prior_direction	FLT_up conflicts with expected anabolic signaling decrease	high	Disuse atrophy is classically associated with reduced IGF/PI3K/Akt/mTOR signaling, and long-duration spaceflight reduced IGF-1 in soleus.	Chopard2009;Sandona2012;Bonaldo2013	0.1385630790607141	0.0321303769917575	0.1385630790607141	0.1222398430324073	0.1222398430324073	0.0298317394874073	prior_literature_match	prior literature match
R-MMU-421270_CELL_CELL_JUNCTION_ORGANIZATION	blue_plausible_complementary	plausible/complementary	FLT_up	plausible_with_close_support	FLT_up is plausible	medium	Human astronaut soleus showed postflight enrichment of cell-junction/cytoskeletal and ECM-related annotations, but mouse transcript data are mixed.	Murgia2024;Okada2021	0.171183117657143	0.2124161497136314	0.171183117657143	0.1944968322592592	0.1169308835925925	0.0298317394874073	broad_or_uncertain_signal	broad/uncertain signal
R-MMU-392499_METABOLISM_OF_PROTEINS	green_prior_aligned	prior literature aligned	FLT_up	aligned_close	FLT_up aligns with protein-turnover remodeling	medium	Protein balance, proteasome/autophagy systems, and proteome remodeling are central to disuse and spaceflight muscle atrophy.	Tascher2017;Bonaldo2013;Sandona2012	0.1661510165714288	0.2807934540147053	0.1661510165714288	0.1800377812962956	0.1133985612962955	0.0298317394874073	broad_or_uncertain_signal	broad/uncertain signal
R-MMU-195721_SIGNALING_BY_WNT	red_conflict_or_artifact	conflict/artifact	FLT_up	conflict_with_direct_soleus_marker	FLT_up conflicts with reported WNT receptor decrease	medium	Space-flown mouse soleus showed reduced Fzd9, a Frizzled/WNT receptor and NMJ marker, so broad WNT activation is not supported.	Gambara2017	0.1123510774142857	0.0024384980612553	0.1123510774142857	0.111903905537037	0.111903905537037	0.0298317394874073	plausible_complementary	plausible/complementary
R-MMU-6803157_ANTIMICROBIAL_PEPTIDES	orange_uncertain_no_direct_support	uncertain/no direct support	FLT_up	uncertain_context	FLT_up has weak direct support	low	Antimicrobial peptides can accompany innate inflammation, but this pathway is not directly established as a soleus spaceflight response.	Gambara2017;Tidball2002	0.1058789809857141	0.2124161497136314	0.1058789809857141	0.1453169429437037	0.1033177222029629	0.0298317394874073	broad_or_uncertain_signal	broad/uncertain signal
R-MMU-8951664_NEDDYLATION	blue_plausible_complementary	plausible/complementary	FLT_up	plausible_indirect	FLT_up is plausible but not direct	low	Protein turnover pathways are central to muscle atrophy, but neddylation-specific up-regulation is not directly shown in soleus spaceflight literature.	Bonaldo2013;Tascher2017	0.1125473569358571	0.2124161497136314	0.1125473569358571	0.1732656932781481	0.0972983172181481	0.0298317394874073	broad_or_uncertain_signal	broad/uncertain signal
R-MMU-166663_INITIAL_TRIGGERING_OF_COMPLEMENT	green_prior_aligned	prior literature aligned	FLT_up	aligned_close	FLT_up aligns with modified-loading inflammation	medium	Complement activation is an early event in modified muscle use and promotes inflammatory remodeling, making complement up plausible and close to prior unloading biology.	Frenette2000;Tidball2002	0.1982817556571429	0.5336517644882242	0.1982817556571429	0.5621067864259258	0.0945834137592591	0.0298317394874073	prior_literature_match	prior literature match
R-MMU-3000171_NON_INTEGRIN_MEMBRANE_ECM_INTERACTIONS	green_prior_aligned	prior literature aligned	FLT_up	aligned_direct	FLT_up aligns with ECM remodeling	medium	Human astronaut soleus proteomics found postflight ECM and basement-membrane enrichment, and unloading studies show collagen remodeling in antigravity soleus.	Murgia2024;Miller2001	0.1202026750999999	0.0178728554061827	0.1202026750999999	0.1227624023148148	0.0940104623148148	0.0298317394874073	prior_literature_match	prior literature match
R-MMU-5173214_O_GLYCOSYLATION_OF_TSR_DOMAIN_CONTAINING_PROTEINS	orange_uncertain_no_direct_support	uncertain/no direct support	FLT_up	uncertain_specific_pathway	FLT_up lacks direct support	low	TSR-domain O-glycosylation may relate to ECM proteins, but the specific pathway has no direct soleus-spaceflight direction evidence.	Murgia2024;Miller2001	0.0630488929047143	0.6052459229207927	0.0630488929047143	0.0932751678277777	0.0932751678277777	0.0298317394874073	broad_or_uncertain_signal	broad/uncertain signal
R-MMU-5684996_MAPK1_MAPK3_SIGNALING	blue_plausible_complementary	plausible/complementary	FLT_up	plausible_indirect	FLT_up is plausible	medium	MAPK signaling is a plausible disuse/stress pathway, but MAPK1/3-specific direction in soleus spaceflight is not directly shown.	Chopard2009;Bonaldo2013	0.1468878679857143	0.4034424839827852	0.1468878679857143	0.2681980855740741	0.086150745574074	0.0298317394874073	plausible_complementary	plausible/complementary
R-MMU-5668541_TNFR2_NON_CANONICAL_NF_KB_PATHWAY	blue_plausible_complementary	plausible/complementary	FLT_up	plausible_indirect	FLT_up is plausible for NF-kB biology	medium	NF-kB and inflammatory signaling are recognized in disuse atrophy, but TNFR2 noncanonical signaling is a more specific pathway than the direct evidence supports.	Chopard2009;Gambara2017	0.1113219475212857	0.2124161497136314	0.1113219475212857	0.1426104442116666	0.0773125400572222	0.0298317394874073	broad_or_uncertain_signal	broad/uncertain signal
R-MMU-1474290_COLLAGEN_FORMATION	blue_plausible_complementary	plausible/complementary	FLT_up	mixed_but_plausible	FLT_up is plausible within ECM turnover	medium	Collagen remodeling is supported by unloading and postflight soleus proteomics, but formation versus degradation direction is not consistently resolved.	Miller2001;Murgia2024	-0.0222152363571428	0.9384980690100172	0.0222152363571428	0.2032324161851852	0.0761076824814814	0.0298317394874073	prior_literature_match	prior literature match
R-MMU-9716542_SIGNALING_BY_RHO_GTPASES_MIRO_GTPASES_AND_RHOBTB3	blue_plausible_complementary	plausible/complementary	FLT_up	plausible_indirect	FLT_up is plausible	low	Rho and MIRO biology connects cytoskeletal and mitochondrial remodeling, but this specific Reactome branch is not directly validated in soleus flight studies.	Murgia2024;Chopard2009	0.1210340902025714	0.3362874106998867	0.1210340902025714	0.1449452861425926	0.0693307643648147	0.0298317394874073	plausible_complementary	plausible/complementary
R-MMU-8856828_CLATHRIN_MEDIATED_ENDOCYTOSIS	blue_plausible_complementary	plausible/complementary	FLT_up	plausible_indirect	FLT_up is plausible but indirect	low	Endocytic trafficking could reflect membrane and receptor turnover during atrophy, but direct clathrin-mediated endocytosis up evidence in soleus flight studies is lacking.	Bonaldo2013;Tascher2017	0.0809948291957142	0.063003700037068	0.0809948291957142	0.0692315083203703	0.0692315083203703	0.0298317394874073	broad_or_uncertain_signal	broad/uncertain signal
R-MMU-5576891_CARDIAC_CONDUCTION	blue_plausible_complementary	plausible/complementary	FLT_up	plausible_off_label	FLT_up is plausible only as excitation/ion-channel biology	low	The label is cardiac, but overlapping ion-channel and excitation-coupling genes are relevant to skeletal muscle; direct cardiac-conduction pathway evidence in soleus is absent.	Sandona2012;Gambara2017	0.0954005230857142	0.227164270934871	0.0954005230857142	0.1562650914074073	0.0670845214074074	0.0298317394874073	plausible_complementary	plausible/complementary
R-MMU-9012999_RHO_GTPASE_CYCLE	blue_plausible_complementary	plausible/complementary	FLT_up	plausible_indirect	FLT_up is plausible	medium	Rho GTPase cycling is compatible with cytoskeletal and mechanotransduction remodeling, but direct soleus flight direction is not established.	Murgia2024;Chopard2009	0.1066412419285715	0.3533859345722113	0.1066412419285715	0.2551170603333332	0.0649942985555556	0.0298317394874073	plausible_complementary	plausible/complementary
R-MMU-198933_IMMUNOREGULATORY_INTERACTIONS_BETWEEN_A_LYMPHOID_AND_A_NON_LYMPHOID_CELL	blue_plausible_complementary	plausible/complementary	FLT_up	plausible_indirect	FLT_up is plausible but indirect	medium	Muscle-immune interactions during modified loading are well supported, but lymphoid/non-lymphoid interaction direction in soleus flight is not directly shown.	Tidball2002;Gambara2017	0.0955588135357142	0.3533859345722113	0.0955588135357142	0.1960032729351851	0.0645253513796296	0.0298317394874073	plausible_complementary	plausible/complementary
R-MMU-202733_CELL_SURFACE_INTERACTIONS_AT_THE_VASCULAR_WALL	blue_plausible_complementary	plausible/complementary	FLT_up	plausible_indirect	FLT_up is plausible	low	Vascular-wall interaction terms may reflect immune/ECM remodeling after altered loading, but direct direction in soleus spaceflight is weak.	Tidball2002;Murgia2024	0.1168539481371429	0.3793888303022039	0.1168539481371429	0.1798955955148148	0.0638268184481482	0.0298317394874073	plausible_complementary	plausible/complementary
R-MMU-76002_PLATELET_ACTIVATION_SIGNALING_AND_AGGREGATION	orange_uncertain_no_direct_support	uncertain/no direct support	FLT_up	uncertain_specific_pathway	FLT_up lacks direct support	low	Platelet activation may tag vascular/inflammatory biology, but direct soleus-spaceflight platelet pathway activation is not established.	Tidball2002;Frenette2000	0.1416113291342856	0.5606618009795953	0.1416113291342856	0.2634175394444444	0.062387201	0.0298317394874073	broad_or_uncertain_signal	broad/uncertain signal
R-MMU-381426_REGULATION_OF_INSULIN_LIKE_GROWTH_FACTOR_IGF_TRANSPORT_AND_UPTAKE_BY_INSULIN_LIKE_GROWTH_FACTOR_BINDING_PROTEINS_IGFBPS	orange_uncertain_no_direct_support	uncertain/no direct support	FLT_up	mixed_or_ambiguous	FLT_up is ambiguous	medium	IGF-1/Akt anabolic signaling is generally reduced in disuse and space-flown soleus, but IGFBP transport regulation can be inhibitory or compensatory, so direction is not clear.	Sandona2012;Chopard2009;Bonaldo2013	0.0620536308357143	0.5174319469517443	0.0620536308357143	0.1534140773574073	0.0478808667351851	0.0298317394874073	prior_literature_match	prior literature match
R-MMU-375276_PEPTIDE_LIGAND_BINDING_RECEPTORS	blue_plausible_complementary	plausible/complementary	FLT_up	plausible_indirect	FLT_up is plausible but broad	low	Peptide-ligand receptors include chemokine and GPCR biology that could rise with inflammation, but the pathway is too heterogeneous for direct alignment.	Gambara2017;Chopard2009	0.0486308730857142	0.6450759529016106	0.0486308730857142	0.0534604983333334	0.0473884149999999	0.0298317394874073	broad_or_uncertain_signal	broad/uncertain signal
R-MMU-1296071_POTASSIUM_CHANNELS	orange_uncertain_no_direct_support	uncertain/no direct support	FLT_up	mixed_direction	FLT_up is mixed	medium	Long-duration microgravity up-regulated many sarcolemmal channels, but space-flown soleus showed Kcnma1 down-regulation, making potassium-channel direction mixed.	Sandona2012;Gambara2017	0.1129929315000002	0.4586011349951347	0.1129929315000002	0.2737338939814814	0.0467083928703704	0.0298317394874073	prior_literature_match	prior literature match
R-MMU-9748784_DRUG_ADME	red_conflict_or_artifact	conflict/artifact	FLT_up	artifact_off_context	FLT_up is likely off-context	high	Drug ADME is primarily xenobiotic/liver biology and lacks credible soleus muscle unloading support.	Gambara2017;Tascher2017	0.0415252250458571	0.5097606535403589	0.0415252250458571	0.1135242544981481	0.0444568013685184	0.0298317394874073	broad_or_uncertain_signal	broad/uncertain signal
R-MMU-422475_AXON_GUIDANCE	blue_plausible_complementary	plausible/complementary	FLT_up	plausible_indirect	FLT_up is plausible but mixed	low	Neuromuscular junction and neural remodeling are relevant to unloading, but axon-guidance up direction is not directly established.	Gambara2017;Murgia2024	0.0123742827528572	0.9270456223365756	0.0123742827528572	0.0708605478240739	0.0431089044907407	0.0298317394874073	broad_or_uncertain_signal	broad/uncertain signal
R-MMU-5173105_O_LINKED_GLYCOSYLATION	orange_uncertain_no_direct_support	uncertain/no direct support	FLT_up	uncertain_specific_pathway	FLT_up has no direct support	low	O-linked glycosylation may relate to ECM/membrane protein turnover, but direct direction evidence in soleus unloading is absent.	Murgia2024;Bonaldo2013	0.0386812161142857	0.567535803313952	0.0386812161142857	0.0803795029074073	0.042659153574074	0.0298317394874073	broad_or_uncertain_signal	broad/uncertain signal
R-MMU-9013149_RAC1_GTPASE_CYCLE	blue_plausible_complementary	plausible/complementary	FLT_up	plausible_indirect	FLT_up is plausible	medium	RAC1/Rho-family signaling plausibly reflects cytoskeletal and immune-cell remodeling, but direct soleus pathway direction evidence is limited.	Murgia2024;Tidball2002	0.049735538765	0.6872696344720558	0.049735538765	0.1523119370027777	0.0389348649138889	0.0298317394874073	plausible_complementary	plausible/complementary
R-MMU-156580_PHASE_II_CONJUGATION_OF_COMPOUNDS	red_conflict_or_artifact	conflict/artifact	FLT_up	artifact_off_context	FLT_up is likely off-context	medium	Phase II conjugation is a xenobiotic/detoxification pathway with little direct relevance to soleus unloading biology.	Gambara2017;Tascher2017	0.0399393072028571	0.6984019638793015	0.0399393072028571	0.107802481448148	0.0374537552629629	0.0298317394874073	broad_or_uncertain_signal	broad/uncertain signal
R-MMU-1266738_DEVELOPMENTAL_BIOLOGY	blue_plausible_complementary	plausible/complementary	FLT_up	plausible_with_close_support	FLT_up is plausible	medium	Space-flown soleus up-regulated myogenic regulatory factors, consistent with developmental/myogenic reprogramming, but the Reactome umbrella is broad.	Gambara2017	0.0807573051428569	0.3617418073746219	0.0807573051428569	0.161929105925926	0.0321671059259259	0.0298317394874073	broad_or_uncertain_signal	broad/uncertain signal
R-MMU-190236_SIGNALING_BY_FGFR	orange_uncertain_no_direct_support	uncertain/no direct support	FLT_up	uncertain_specific_pathway	FLT_up lacks direct support	low	FGFR signaling can participate in repair/regeneration, but prior soleus-spaceflight studies do not show FGFR pathway up-regulation.	Gambara2017;Bonaldo2013	0.0207994910857142	0.3617418073746219	0.0207994910857142	0.0441542470503703	0.0313690924207407	0.0298317394874073	broad_or_uncertain_signal	broad/uncertain signal
R-MMU-168898_TOLL_LIKE_RECEPTOR_CASCADES	blue_plausible_complementary	plausible/complementary	FLT_up	plausible_indirect	FLT_up is plausible	medium	TLR/DAMP inflammatory signaling is plausible during sterile muscle remodeling, and PGC-1 down-regulation can favor inflammatory cytokine programs, but direct TLR up evidence is limited.	Gambara2017;Tidball2002	0.1316643137035713	0.6038130930549771	0.1316643137035713	0.4971007560582963	0.0304023437565185	0.0298317394874073	broad_or_uncertain_signal	broad/uncertain signal
R-MMU-5617833_CILIUM_ASSEMBLY	orange_uncertain_no_direct_support	uncertain/no direct support	FLT_up	uncertain_off_context	FLT_up lacks direct support	low	Cilium assembly is not a recognized primary soleus unloading pathway; any signal may reflect nonmyofiber cells or generic developmental annotations.	Gambara2017;Murgia2024	0.0107309732857139	0.8204550555574962	0.0107309732857139	0.0705265644444444	0.0295450311111111	0.0298317394874073	broad_or_uncertain_signal	broad/uncertain signal
R-MMU-68886_M_PHASE	gray_low_effect	low/no relative effect		not reviewed; low relative effect	not assessed		Kept gray because original quantitative effect threshold marked this row low/no relative effect.		0.0308537755217857	0.0404763586239584	0.0308537755217857	0.0291456148312962	0.0291456148312962	0.0298317394874073	low_or_no_effect	low/no relative effect
R-MMU-2672351_STIMULI_SENSING_CHANNELS	gray_low_effect	low/no relative effect		not reviewed; low relative effect	not assessed		Kept gray because original quantitative effect threshold marked this row low/no relative effect.		0.0276838929317142	0.1536404595888368	0.0276838929317142	0.027550051862037	0.027550051862037	0.0298317394874073	low_or_no_effect	low/no relative effect
R-MMU-211945_PHASE_I_FUNCTIONALIZATION_OF_COMPOUNDS	red_conflict_or_artifact	conflict/artifact	FLT_up	artifact_off_context	FLT_up is likely off-context	medium	Phase I xenobiotic functionalization is not a recognized soleus muscle spaceflight pathway and is more consistent with detoxification/off-context annotation.	Gambara2017;Tascher2017	0.0936437319214285	0.5197757271643133	0.0936437319214285	0.242974721898148	0.0271748641203703	0.0298317394874073	broad_or_uncertain_signal	broad/uncertain signal
R-MMU-2559583_CELLULAR_SENESCENCE	blue_plausible_complementary	plausible/complementary	FLT_up	plausible_indirect	FLT_up is plausible but not direct	low	Spaceflight stress and proteostasis disruption can promote senescence-like programs, but direct soleus senescence pathway activation is weak.	Murgia2024;Bonaldo2013	0.0331801385285713	0.5631899207837803	0.0331801385285713	0.0684844777777776	0.0249514688888889	0.0298317394874073	broad_or_uncertain_signal	broad/uncertain signal
R-MMU-5688426_DEUBIQUITINATION	blue_plausible_complementary	plausible/complementary	FLT_up	plausible_indirect	FLT_up is plausible but not direct	medium	Ubiquitin-proteasome regulation is central to atrophy, but deubiquitination-specific direction is not directly established in soleus spaceflight.	Sandona2012;Bonaldo2013	0.0282635336965714	0.6515914335785022	0.0282635336965714	0.0596459773074073	0.0240557653592592	0.0298317394874073	prior_literature_match	prior literature match
R-MMU-597592_POST_TRANSLATIONAL_PROTEIN_MODIFICATION	orange_uncertain_no_direct_support	uncertain/no direct support	FLT_up	uncertain_broad	FLT_up is broad and nonspecific	low	Post-translational modification is broadly involved in proteostasis, but this umbrella term lacks a pathway-specific direction in soleus flight data.	Tascher2017;Bonaldo2013	0.1210557786185715	0.6061618362172885	0.1210557786185715	0.3368923949462962	0.0227367202574074	0.0298317394874073	broad_or_uncertain_signal	broad/uncertain signal
R-MMU-15869_METABOLISM_OF_NUCLEOTIDES	orange_uncertain_no_direct_support	uncertain/no direct support	FLT_up	uncertain_broad	FLT_up lacks direct support	low	Nucleotide metabolism can change with stress and turnover, but direct soleus-spaceflight direction evidence is not established.	Tascher2017;Murgia2024	0.0662076671357142	0.5334495058480129	0.0662076671357142	0.2279677331574073	0.0225594153796297	0.0298317394874073	broad_or_uncertain_signal	broad/uncertain signal
R-MMU-112316_NEURONAL_SYSTEM	blue_plausible_complementary	plausible/complementary	FLT_up	plausible_indirect	FLT_up is plausible but mixed	low	Neuromuscular instability and neural markers can accompany unloading, but direct neuronal-system up evidence in soleus spaceflight is weak and mixed.	Gambara2017;Murgia2024	0.0229271474285712	0.660122699002261	0.0229271474285712	0.0648307788888887	0.0222039544444445	0.0298317394874073	plausible_complementary	plausible/complementary
R-MMU-445355_SMOOTH_MUSCLE_CONTRACTION	gray_low_effect	low/no relative effect		not reviewed; low relative effect	not assessed		Kept gray because original quantitative effect threshold marked this row low/no relative effect.		0.0171684777132342	0.2124161497136314	0.0171684777132342	0.0219824372921481	0.0219824372921481	0.0298317394874073	low_or_no_effect	low/no relative effect
R-MMU-5693606_DNA_DOUBLE_STRAND_BREAK_RESPONSE	gray_low_effect	low/no relative effect		not reviewed; low relative effect	not assessed		Kept gray because original quantitative effect threshold marked this row low/no relative effect.		0.0207045148542857	0.2124161497136314	0.0207045148542857	0.0219659248962962	0.0219659248962962	0.0298317394874073	low_or_no_effect	low/no relative effect
R-MMU-9006925_INTRACELLULAR_SIGNALING_BY_SECOND_MESSENGERS	gray_low_effect	low/no relative effect		not reviewed; low relative effect	not assessed		Kept gray because original quantitative effect threshold marked this row low/no relative effect.		0.0171879428297142	0.835848015672905	0.0171879428297142	0.0213490967092592	0.0213490967092592	0.0298317394874073	low_or_no_effect	low/no relative effect
R-MMU-397014_MUSCLE_CONTRACTION	orange_uncertain_no_direct_support	uncertain/no direct support	FLT_up	mixed_direction	FLT_up is mixed	medium	Spaceflight decreases muscle mass, force, and slow-fiber contractile function, but fast contractile genes can rise during slow-to-fast transition, so broad contraction up is ambiguous.	Gambara2017;Fitts2010;Tsuji2026	-0.1145944057142838	0.6910757501516128	0.1145944057142838	0.3590889407407391	0.019037348148147	0.0298317394874073	prior_literature_match	prior literature match
R-MMU-1483257_PHOSPHOLIPID_METABOLISM	gray_low_effect	low/no relative effect		not reviewed; low relative effect	not assessed		Kept gray because original quantitative effect threshold marked this row low/no relative effect.		0.0177289014932142	0.1103080975065367	0.0177289014932142	0.0171759036195369	0.0171759036195369	0.0298317394874073	low_or_no_effect	low/no relative effect
R-MMU-8939211_ESR_MEDIATED_SIGNALING	orange_uncertain_no_direct_support	uncertain/no direct support	FLT_up	uncertain_specific_pathway	FLT_up lacks direct support	low	Estrogen-receptor signaling can affect muscle biology, but direct ESR-mediated up-regulation in soleus spaceflight literature is not established.	Chopard2009;Gambara2017	0.0034100780791428	0.946432587019583	0.0034100780791428	0.0718466708140739	0.0171272206674074	0.0298317394874073	broad_or_uncertain_signal	broad/uncertain signal
R-MMU-977606_REGULATION_OF_COMPLEMENT_CASCADE	green_prior_aligned	prior literature aligned	FLT_up	aligned_close	FLT_up aligns with modified-loading inflammation	medium	Complement activation is reported during modified muscle use and fits inflammatory remodeling after unloading.	Frenette2000;Tidball2002	-0.04154134796	0.7510974384127281	0.04154134796	0.2827061183407406	0.0160752574148148	0.0298317394874073	prior_literature_match	prior literature match
R-MMU-8957275_POST_TRANSLATIONAL_PROTEIN_PHOSPHORYLATION	gray_low_effect	low/no relative effect		not reviewed; low relative effect	not assessed		Kept gray because original quantitative effect threshold marked this row low/no relative effect.		0.0170973250257999	0.1058636125280066	0.0170973250257999	0.0159305617556665	0.0159305617556665	0.0298317394874073	low_or_no_effect	low/no relative effect
R-MMU-9609507_PROTEIN_LOCALIZATION	orange_uncertain_no_direct_support	uncertain/no direct support	FLT_up	uncertain_broad	FLT_up lacks direct interpretability	low	Protein localization is a generic cellular process; prior muscle atrophy literature does not provide clear pathway-specific direction.	Tascher2017;Bonaldo2013	0.0491598488585713	0.5824436390383689	0.0491598488585713	0.1644639789592592	0.015358355337037	0.0298317394874073	broad_or_uncertain_signal	broad/uncertain signal
R-MMU-212300_PRC2_METHYLATES_HISTONES_AND_DNA	gray_low_effect	low/no relative effect		not reviewed; low relative effect	not assessed		Kept gray because original quantitative effect threshold marked this row low/no relative effect.		0.0198345221264285	0.3140541109424554	0.0198345221264285	0.0153179762114814	0.0153179762114814	0.0298317394874073	low_or_no_effect	low/no relative effect
R-MMU-611105_RESPIRATORY_ELECTRON_TRANSPORT	gray_low_effect	low/no relative effect		not reviewed; low relative effect	not assessed		Kept gray because original quantitative effect threshold marked this row low/no relative effect.		0.0119506067746571	0.2124161497136314	0.0119506067746571	0.0150550927901851	0.0150550927901851	0.0298317394874073	low_or_no_effect	low/no relative effect
R-MMU-1483249_INOSITOL_PHOSPHATE_METABOLISM	gray_low_effect	low/no relative effect		not reviewed; low relative effect	not assessed		Kept gray because original quantitative effect threshold marked this row low/no relative effect.		0.014109865765	0.3825280096322288	0.014109865765	0.016653997064074	0.0149498745174074	0.0298317394874073	low_or_no_effect	low/no relative effect
R-MMU-1650814_COLLAGEN_BIOSYNTHESIS_AND_MODIFYING_ENZYMES	blue_plausible_complementary	plausible/complementary	FLT_up	mixed_but_plausible	FLT_up is plausible within ECM turnover	medium	Collagen biosynthesis/modification fits ECM remodeling, but direct soleus evidence supports collagen shifts rather than uniform biosynthesis up.	Miller2001;Murgia2024	0.0077152626314286	0.943740799279477	0.0077152626314286	0.1075276202999998	0.014921012522222	0.0298317394874073	prior_literature_match	prior literature match
R-MMU-8848021_SIGNALING_BY_PTK6	gray_low_effect	low/no relative effect		not reviewed; low relative effect	not assessed		Kept gray because original quantitative effect threshold marked this row low/no relative effect.		0.0199419175547142	0.1233701063567364	0.0199419175547142	0.0281734716890739	0.0132851928846296	0.0298317394874073	low_or_no_effect	low/no relative effect
R-MMU-2142753_ARACHIDONATE_METABOLISM	gray_low_effect	low/no relative effect		not reviewed; low relative effect	not assessed		Kept gray because original quantitative effect threshold marked this row low/no relative effect.		0.0134836773751571	0.0300929335385249	0.0134836773751571	0.0122149907805925	0.0121530573745925	0.0298317394874073	low_or_no_effect	low/no relative effect
R-MMU-2029480_FCGAMMA_RECEPTOR_FCGR_DEPENDENT_PHAGOCYTOSIS	gray_low_effect	low/no relative effect		not reviewed; low relative effect	not assessed		Kept gray because original quantitative effect threshold marked this row low/no relative effect.		0.0107370191182857	0.1423202468202673	0.0107370191182857	0.0118503170777777	0.0118503170777777	0.0298317394874073	low_or_no_effect	low/no relative effect
R-MMU-70326_GLUCOSE_METABOLISM	gray_low_effect	low/no relative effect		not reviewed; low relative effect	not assessed		Kept gray because original quantitative effect threshold marked this row low/no relative effect.		0.0102237240333428	0.2124161497136314	0.0102237240333428	0.0116313212453703	0.0116313212453703	0.0298317394874073	low_or_no_effect	low/no relative effect
R-MMU-428157_SPHINGOLIPID_METABOLISM	gray_low_effect	low/no relative effect		not reviewed; low relative effect	not assessed		Kept gray because original quantitative effect threshold marked this row low/no relative effect.		0.0085523368015828	0.4896363286666536	0.0085523368015828	0.011511084990611	0.011511084990611	0.0298317394874073	low_or_no_effect	low/no relative effect
R-MMU-2559586_DNA_DAMAGE_TELOMERE_STRESS_INDUCED_SENESCENCE	gray_low_effect	low/no relative effect		not reviewed; low relative effect	not assessed		Kept gray because original quantitative effect threshold marked this row low/no relative effect.		0.0164794827485714	0.0601540957802326	0.0164794827485714	0.0164738991822222	0.0114924392711111	0.0298317394874073	low_or_no_effect	low/no relative effect
R-MMU-983231_FACTORS_INVOLVED_IN_MEGAKARYOCYTE_DEVELOPMENT_AND_PLATELET_PRODUCTION	gray_low_effect	low/no relative effect		not reviewed; low relative effect	not assessed		Kept gray because original quantitative effect threshold marked this row low/no relative effect.		0.0127353457450857	0.1058636125280066	0.0127353457450857	0.0112150512364814	0.0112150512364814	0.0298317394874073	low_or_no_effect	low/no relative effect
R-MMU-5628897_TP53_REGULATES_METABOLIC_GENES	gray_low_effect	low/no relative effect		not reviewed; low relative effect	not assessed		Kept gray because original quantitative effect threshold marked this row low/no relative effect.		0.0106403889218571	0.0413484030715213	0.0106403889218571	0.0107499618737407	0.0107499618737407	0.0298317394874073	low_or_no_effect	low/no relative effect
R-MMU-2173782_BINDING_AND_UPTAKE_OF_LIGANDS_BY_SCAVENGER_RECEPTORS	gray_low_effect	low/no relative effect		not reviewed; low relative effect	not assessed		Kept gray because original quantitative effect threshold marked this row low/no relative effect.		0.0105301176624285	0.0094428373348555	0.0105301176624285	0.0097228057377406	0.0097228057377406	0.0298317394874073	low_or_no_effect	low/no relative effect
R-MMU-69620_CELL_CYCLE_CHECKPOINTS	gray_low_effect	low/no relative effect		not reviewed; low relative effect	not assessed		Kept gray because original quantitative effect threshold marked this row low/no relative effect.		0.0133167869799999	0.4034424839827852	0.0133167869799999	0.0127253785146295	0.0094660782779629	0.0298317394874073	low_or_no_effect	low/no relative effect
R-MMU-112314_NEUROTRANSMITTER_RECEPTORS_AND_POSTSYNAPTIC_SIGNAL_TRANSMISSION	gray_low_effect	low/no relative effect		not reviewed; low relative effect	not assessed		Kept gray because original quantitative effect threshold marked this row low/no relative effect.		0.0120965316601428	0.7571198202199884	0.0120965316601428	0.0126161190805555	0.0089963770805555	0.0298317394874073	low_or_no_effect	low/no relative effect
R-MMU-9006931_SIGNALING_BY_NUCLEAR_RECEPTORS	orange_uncertain_no_direct_support	uncertain/no direct support	FLT_up	mixed_direction	FLT_up is mixed	medium	Nuclear receptor biology is relevant, but direct soleus evidence shows Ppara down-regulation, so broad nuclear-receptor signaling up is not aligned.	Gambara2017	0.0381148971142856	0.7272008155656767	0.0381148971142856	0.1548783765370369	0.0081600580925925	0.0298317394874073	broad_or_uncertain_signal	broad/uncertain signal
R-MMU-166016_TOLL_LIKE_RECEPTOR_4_TLR4_CASCADE	gray_low_effect	low/no relative effect		not reviewed; low relative effect	not assessed		Kept gray because original quantitative effect threshold marked this row low/no relative effect.		0.0080342895807571	0.0864155629362231	0.0080342895807571	0.0079589148249073	0.0079589148249073	0.0298317394874073	low_or_no_effect	low/no relative effect
R-MMU-9958863_SLC_MEDIATED_TRANSPORT_OF_AMINO_ACIDS	gray_low_effect	low/no relative effect		not reviewed; low relative effect	not assessed		Kept gray because original quantitative effect threshold marked this row low/no relative effect.		0.0082316899809285	0.4421913159779329	0.0082316899809285	0.0161078610771296	0.0072461385250926	0.0298317394874073	low_or_no_effect	low/no relative effect
R-MMU-8936459_RUNX1_REGULATES_GENES_INVOLVED_IN_MEGAKARYOCYTE_DIFFERENTIATION_AND_PLATELET_FUNCTION	gray_low_effect	low/no relative effect		not reviewed; low relative effect	not assessed		Kept gray because original quantitative effect threshold marked this row low/no relative effect.		0.0083020183763571	0.0540724022128113	0.0083020183763571	0.0070453573161111	0.0070453573161111	0.0298317394874073	low_or_no_effect	low/no relative effect
R-MMU-418555_G_ALPHA_S_SIGNALLING_EVENTS	gray_low_effect	low/no relative effect		not reviewed; low relative effect	not assessed		Kept gray because original quantitative effect threshold marked this row low/no relative effect.		0.0087467215107142	0.1730619242220262	0.0087467215107142	0.0110646295596666	0.0068940008596666	0.0298317394874073	low_or_no_effect	low/no relative effect
R-MMU-174824_PLASMA_LIPOPROTEIN_ASSEMBLY_REMODELING_AND_CLEARANCE	red_conflict_or_artifact	conflict/artifact	FLT_up	artifact_off_context	FLT_up is likely off-context	medium	Plasma lipoprotein assembly/clearance is primarily liver/plasma biology; muscle literature instead points to impaired oxidative lipid use rather than lipoprotein assembly up.	Gambara2017;Murgia2024	0.0946725298885714	0.6450759529016106	0.0946725298885714	0.435167549805926	0.0066840749348148	0.0298317394874073	prior_literature_match	prior literature match
R-MMU-936837_ION_TRANSPORT_BY_P_TYPE_ATPASES	gray_low_effect	low/no relative effect		not reviewed; low relative effect	not assessed		Kept gray because original quantitative effect threshold marked this row low/no relative effect.		0.0054860380990571	0.1954935891386991	0.0054860380990571	0.0066475063134444	0.0066475063134444	0.0298317394874073	low_or_no_effect	low/no relative effect
R-MMU-68882_MITOTIC_ANAPHASE	gray_low_effect	low/no relative effect		not reviewed; low relative effect	not assessed		Kept gray because original quantitative effect threshold marked this row low/no relative effect.		0.0091338391374571	0.0601540957802326	0.0091338391374571	0.0098942104474444	0.0065453773252222	0.0298317394874073	low_or_no_effect	low/no relative effect
R-MMU-202427_PHOSPHORYLATION_OF_CD3_AND_TCR_ZETA_CHAINS	gray_low_effect	low/no relative effect		not reviewed; low relative effect	not assessed		Kept gray because original quantitative effect threshold marked this row low/no relative effect.		0.0064619126272857	0.0014233987110194	0.0064619126272857	0.0065291004481851	0.0065291004481851	0.0298317394874073	low_or_no_effect	low/no relative effect
R-MMU-913709_O_LINKED_GLYCOSYLATION_OF_MUCINS	gray_low_effect	low/no relative effect		not reviewed; low relative effect	not assessed		Kept gray because original quantitative effect threshold marked this row low/no relative effect.		0.0063778852887142	0.1423202468202673	0.0063778852887142	0.0064167210791481	0.0064167210791481	0.0298317394874073	low_or_no_effect	low/no relative effect
R-MMU-9913351_FORMATION_OF_THE_DYSTROPHIN_GLYCOPROTEIN_COMPLEX_DGC	gray_low_effect	low/no relative effect		not reviewed; low relative effect	not assessed		Kept gray because original quantitative effect threshold marked this row low/no relative effect.		0.0074685079631428	0.1201210829860547	0.0074685079631428	0.0060369742031481	0.0060369742031481	0.0298317394874073	low_or_no_effect	low/no relative effect
R-MMU-1296072_VOLTAGE_GATED_POTASSIUM_CHANNELS	gray_low_effect	low/no relative effect		not reviewed; low relative effect	not assessed		Kept gray because original quantitative effect threshold marked this row low/no relative effect.		0.0023445324585714	0.9242096699321048	0.0023445324585714	0.0123088377907407	0.0058214293203703	0.0298317394874073	low_or_no_effect	low/no relative effect
R-MMU-937061_TRIF_TICAM1_MEDIATED_TLR4_SIGNALING	gray_low_effect	low/no relative effect		not reviewed; low relative effect	not assessed		Kept gray because original quantitative effect threshold marked this row low/no relative effect.		0.0070555719555714	0.2124161497136314	0.0070555719555714	0.005664281161111	0.005664281161111	0.0298317394874073	low_or_no_effect	low/no relative effect
R-MMU-2404192_SIGNALING_BY_TYPE_1_INSULIN_LIKE_GROWTH_FACTOR_1_RECEPTOR_IGF1R	gray_low_effect	low/no relative effect		not reviewed; low relative effect	not assessed		Kept gray because original quantitative effect threshold marked this row low/no relative effect.		0.0064960419573928	0.0330831210645476	0.0064960419573928	0.0058330291479073	0.0051968994367963	0.0298317394874073	low_or_no_effect	low/no relative effect
R-MMU-75153_APOPTOTIC_EXECUTION_PHASE	gray_low_effect	low/no relative effect		not reviewed; low relative effect	not assessed		Kept gray because original quantitative effect threshold marked this row low/no relative effect.		0.0052434700000142	0.1596754799444613	0.0052434700000142	0.0050195845909814	0.0050195845909814	0.0298317394874073	low_or_no_effect	low/no relative effect
R-MMU-168164_TOLL_LIKE_RECEPTOR_3_TLR3_CASCADE	gray_low_effect	low/no relative effect		not reviewed; low relative effect	not assessed		Kept gray because original quantitative effect threshold marked this row low/no relative effect.		0.0069739053706714	0.1233701063567364	0.0069739053706714	0.0065759034808147	0.0049476576021481	0.0298317394874073	low_or_no_effect	low/no relative effect
R-MMU-168643_NUCLEOTIDE_BINDING_DOMAIN_LEUCINE_RICH_REPEAT_CONTAINING_RECEPTOR_NLR_SIGNALING_PATHWAYS	gray_low_effect	low/no relative effect		not reviewed; low relative effect	not assessed		Kept gray because original quantitative effect threshold marked this row low/no relative effect.		0.0045866249184285	0.6052459229207927	0.0045866249184285	0.0048383092305554	0.0048383092305554	0.0298317394874073	low_or_no_effect	low/no relative effect
R-MMU-1483206_GLYCEROPHOSPHOLIPID_BIOSYNTHESIS	gray_low_effect	low/no relative effect		not reviewed; low relative effect	not assessed		Kept gray because original quantitative effect threshold marked this row low/no relative effect.		0.0048124746721142	0.1535767092175453	0.0048124746721142	0.008077642656111	0.0047150836494444	0.0298317394874073	low_or_no_effect	low/no relative effect
R-MMU-5621481_C_TYPE_LECTIN_RECEPTORS_CLRS	gray_low_effect	low/no relative effect		not reviewed; low relative effect	not assessed		Kept gray because original quantitative effect threshold marked this row low/no relative effect.		0.0013456019782857	0.8578909554235555	0.0013456019782857	0.0068311588342592	0.0044851254342592	0.0298317394874073	low_or_no_effect	low/no relative effect
R-MMU-2990846_SUMOYLATION	gray_low_effect	low/no relative effect		not reviewed; low relative effect	not assessed		Kept gray because original quantitative effect threshold marked this row low/no relative effect.		0.0043025905144857	0.0330831210645476	0.0043025905144857	0.0043361048510555	0.0043361048510555	0.0298317394874073	low_or_no_effect	low/no relative effect
R-MMU-73886_CHROMOSOME_MAINTENANCE	gray_low_effect	low/no relative effect		not reviewed; low relative effect	not assessed		Kept gray because original quantitative effect threshold marked this row low/no relative effect.		0.0057830956149942	0.2124161497136314	0.0057830956149942	0.0066304172514814	0.0043081085357037	0.0298317394874073	low_or_no_effect	low/no relative effect
R-MMU-8948216_COLLAGEN_CHAIN_TRIMERIZATION	gray_low_effect	low/no relative effect		not reviewed; low relative effect	not assessed		Kept gray because original quantitative effect threshold marked this row low/no relative effect.		0.0038848027264571	0.3362874106998867	0.0038848027264571	0.0057476723266666	0.0042778794811111	0.0298317394874073	low_or_no_effect	low/no relative effect
R-MMU-2467813_SEPARATION_OF_SISTER_CHROMATIDS	gray_low_effect	low/no relative effect		not reviewed; low relative effect	not assessed		Kept gray because original quantitative effect threshold marked this row low/no relative effect.		0.0055831546822142	0.4238108405682073	0.0055831546822142	0.0041071192727777	0.0041071192727777	0.0298317394874073	low_or_no_effect	low/no relative effect
R-MMU-9764274_REGULATION_OF_EXPRESSION_AND_FUNCTION_OF_TYPE_I_CLASSICAL_CADHERINS	gray_low_effect	low/no relative effect		not reviewed; low relative effect	not assessed		Kept gray because original quantitative effect threshold marked this row low/no relative effect.		0.0039060463582857	0.556287613054336	0.0039060463582857	0.0062520405301851	0.0040459934653703	0.0298317394874073	low_or_no_effect	low/no relative effect
R-MMU-8963899_PLASMA_LIPOPROTEIN_REMODELING	gray_low_effect	low/no relative effect		not reviewed; low relative effect	not assessed		Kept gray because original quantitative effect threshold marked this row low/no relative effect.		0.0039818828224285	0.0178728554061827	0.0039818828224285	0.0039822483928888	0.0039822483928888	0.0298317394874073	low_or_no_effect	low/no relative effect
R-MMU-2454202_FC_EPSILON_RECEPTOR_FCERI_SIGNALING	gray_low_effect	low/no relative effect		not reviewed; low relative effect	not assessed		Kept gray because original quantitative effect threshold marked this row low/no relative effect.		0.0032204637283485	0.1531849325835809	0.0032204637283485	0.005246355607574	0.0037514677894258	0.0298317394874073	low_or_no_effect	low/no relative effect
R-MMU-3371497_HSP90_CHAPERONE_CYCLE_FOR_STEROID_HORMONE_RECEPTORS_SHR_IN_THE_PRESENCE_OF_LIGAND	gray_low_effect	low/no relative effect		not reviewed; low relative effect	not assessed		Kept gray because original quantitative effect threshold marked this row low/no relative effect.		0.0040080300099285	0.4895141378146975	0.0040080300099285	0.0037435576055555	0.0037435576055555	0.0298317394874073	low_or_no_effect	low/no relative effect
R-MMU-69275_G2_M_TRANSITION	gray_low_effect	low/no relative effect		not reviewed; low relative effect	not assessed		Kept gray because original quantitative effect threshold marked this row low/no relative effect.		0.0027302739482	0.4586011349951347	0.0027302739482	0.004868728527037	0.0037394003062962	0.0298317394874073	low_or_no_effect	low/no relative effect
R-MMU-1852241_ORGANELLE_BIOGENESIS_AND_MAINTENANCE	gray_low_effect	low/no relative effect		not reviewed; low relative effect	not assessed		Kept gray because original quantitative effect threshold marked this row low/no relative effect.		0.0033194981382142	0.1535767092175453	0.0033194981382142	0.003734469670148	0.003734469670148	0.0298317394874073	low_or_no_effect	low/no relative effect
R-MMU-9943965_CHD3_CHD4_CHD5_SUBFAMILY	gray_low_effect	low/no relative effect		not reviewed; low relative effect	not assessed		Kept gray because original quantitative effect threshold marked this row low/no relative effect.		0.0039164494728571	0.1058636125280066	0.0039164494728571	0.0035275316820369	0.0035275316820369	0.0298317394874073	low_or_no_effect	low/no relative effect
R-MMU-8852276_THE_ROLE_OF_GTSE1_IN_G2_M_PROGRESSION_AFTER_G2_CHECKPOINT	gray_low_effect	low/no relative effect		not reviewed; low relative effect	not assessed		Kept gray because original quantitative effect threshold marked this row low/no relative effect.		0.0038092514387142	0.3362874106998867	0.0038092514387142	0.0038747508675925	0.003467025212037	0.0298317394874073	low_or_no_effect	low/no relative effect
R-MMU-73884_BASE_EXCISION_REPAIR	gray_low_effect	low/no relative effect		not reviewed; low relative effect	not assessed		Kept gray because original quantitative effect threshold marked this row low/no relative effect.		0.0038629894914	0.2124161497136314	0.0038629894914	0.0036308117183703	0.003396039939037	0.0298317394874073	low_or_no_effect	low/no relative effect
R-MMU-8856825_CARGO_RECOGNITION_FOR_CLATHRIN_MEDIATED_ENDOCYTOSIS	gray_low_effect	low/no relative effect		not reviewed; low relative effect	not assessed		Kept gray because original quantitative effect threshold marked this row low/no relative effect.		0.0046699137732142	0.3713303444663459	0.0046699137732142	0.0071092010874073	0.0033139954207407	0.0298317394874073	low_or_no_effect	low/no relative effect
R-MMU-5693538_HOMOLOGY_DIRECTED_REPAIR	gray_low_effect	low/no relative effect		not reviewed; low relative effect	not assessed		Kept gray because original quantitative effect threshold marked this row low/no relative effect.		0.0031359775897285	0.411926772522909	0.0031359775897285	0.0038982657974073	0.0031850817707407	0.0298317394874073	low_or_no_effect	low/no relative effect
R-MMU-157858_GAP_JUNCTION_TRAFFICKING_AND_REGULATION	gray_low_effect	low/no relative effect		not reviewed; low relative effect	not assessed		Kept gray because original quantitative effect threshold marked this row low/no relative effect.		0.00344094025222	0.0178728554061827	0.00344094025222	0.0031839957338036	0.0031839957338036	0.0298317394874073	low_or_no_effect	low/no relative effect
R-MMU-73927_DEPURINATION	gray_low_effect	low/no relative effect		not reviewed; low relative effect	not assessed		Kept gray because original quantitative effect threshold marked this row low/no relative effect.		0.0039990846454857	0.1535767092175453	0.0039990846454857	0.0030610188825555	0.0030610188825555	0.0298317394874073	low_or_no_effect	low/no relative effect
R-MMU-9013026_RHOB_GTPASE_CYCLE	gray_low_effect	low/no relative effect		not reviewed; low relative effect	not assessed		Kept gray because original quantitative effect threshold marked this row low/no relative effect.		0.0040856791848571	0.1878374659993986	0.0040856791848571	0.0030352945933333	0.0030352945933333	0.0298317394874073	low_or_no_effect	low/no relative effect
R-MMU-1169410_ANTIMICROBIAL_MECHANISM_OF_IFN_STIMULATED_GENES	gray_low_effect	low/no relative effect		not reviewed; low relative effect	not assessed		Kept gray because original quantitative effect threshold marked this row low/no relative effect.		0.0042404242486857	0.3533859345722113	0.0042404242486857	0.0074138681638518	0.0027002066638518	0.0298317394874073	low_or_no_effect	low/no relative effect
R-MMU-9841922_MLL4_AND_MLL3_COMPLEXES_REGULATE_EXPRESSION_OF_PPARG_TARGET_GENES_IN_ADIPOGENESIS_AND_HEPATIC_STEATOSIS	gray_low_effect	low/no relative effect		not reviewed; low relative effect	not assessed		Kept gray because original quantitative effect threshold marked this row low/no relative effect.		0.0039842644022714	0.411926772522909	0.0039842644022714	0.0038280124972222	0.0026364319905555	0.0298317394874073	low_or_no_effect	low/no relative effect
R-MMU-9764560_REGULATION_OF_CDH1_GENE_TRANSCRIPTION	gray_low_effect	low/no relative effect		not reviewed; low relative effect	not assessed		Kept gray because original quantitative effect threshold marked this row low/no relative effect.		0.0031305849170142	0.1058636125280066	0.0031305849170142	0.0036783196272777	0.0025885078983889	0.0298317394874073	low_or_no_effect	low/no relative effect
R-MMU-1592389_ACTIVATION_OF_MATRIX_METALLOPROTEINASES	gray_low_effect	low/no relative effect		not reviewed; low relative effect	not assessed		Kept gray because original quantitative effect threshold marked this row low/no relative effect.		0.0027519239467428	0.2124161497136314	0.0027519239467428	0.0025669545129629	0.0025669545129629	0.0298317394874073	low_or_no_effect	low/no relative effect
R-MMU-512988_INTERLEUKIN_3_INTERLEUKIN_5_AND_GM_CSF_SIGNALING	gray_low_effect	low/no relative effect		not reviewed; low relative effect	not assessed		Kept gray because original quantitative effect threshold marked this row low/no relative effect.		0.0026561397725428	0.5197757271643133	0.0026561397725428	0.003295881672037	0.0024154038253703	0.0298317394874073	low_or_no_effect	low/no relative effect
R-MMU-6811434_COPI_DEPENDENT_GOLGI_TO_ER_RETROGRADE_TRAFFIC	gray_low_effect	low/no relative effect		not reviewed; low relative effect	not assessed		Kept gray because original quantitative effect threshold marked this row low/no relative effect.		0.0028250128679857	0.2124161497136314	0.0028250128679857	0.0024141514068703	0.0024141514068703	0.0298317394874073	low_or_no_effect	low/no relative effect
R-MMU-6804756_REGULATION_OF_TP53_ACTIVITY_THROUGH_PHOSPHORYLATION	gray_low_effect	low/no relative effect		not reviewed; low relative effect	not assessed		Kept gray because original quantitative effect threshold marked this row low/no relative effect.		0.0019059141519571	0.6202315024591245	0.0019059141519571	0.0050482906929999	0.0023978454403332	0.0298317394874073	low_or_no_effect	low/no relative effect
R-MMU-6811442_INTRA_GOLGI_AND_RETROGRADE_GOLGI_TO_ER_TRAFFIC	gray_low_effect	low/no relative effect		not reviewed; low relative effect	not assessed		Kept gray because original quantitative effect threshold marked this row low/no relative effect.		0.0039599082621142	0.5164777856948801	0.0039599082621142	0.0033098764017592	0.0023028621550925	0.0298317394874073	low_or_no_effect	low/no relative effect
R-MMU-69618_MITOTIC_SPINDLE_CHECKPOINT	gray_low_effect	low/no relative effect		not reviewed; low relative effect	not assessed		Kept gray because original quantitative effect threshold marked this row low/no relative effect.		0.0016286919835999	0.5336517644882242	0.0016286919835999	0.0021758487657776	0.0021758487657776	0.0298317394874073	low_or_no_effect	low/no relative effect
R-MMU-2555396_MITOTIC_METAPHASE_AND_ANAPHASE	gray_low_effect	low/no relative effect		not reviewed; low relative effect	not assessed		Kept gray because original quantitative effect threshold marked this row low/no relative effect.		0.0022055695761428	0.5824436390383689	0.0022055695761428	0.0027928835435184	0.0021644918231481	0.0298317394874073	low_or_no_effect	low/no relative effect
R-MMU-1433557_SIGNALING_BY_SCF_KIT	gray_low_effect	low/no relative effect		not reviewed; low relative effect	not assessed		Kept gray because original quantitative effect threshold marked this row low/no relative effect.		0.0019524958846428	0.2124161497136314	0.0019524958846428	0.0021386541819999	0.0021386541819999	0.0298317394874073	low_or_no_effect	low/no relative effect
R-MMU-388396_GPCR_DOWNSTREAM_SIGNALLING	blue_plausible_complementary	plausible/complementary	FLT_up	plausible_indirect	FLT_up is plausible but weakly direct	low	GPCR downstream signaling can couple immune and metabolic remodeling, but pathway-level up support in soleus flight studies is indirect.	Chopard2009;Gambara2017	0.0370880843571426	0.6564489141042514	0.0370880843571426	0.1173772035740739	0.0021353329074075	0.0298317394874073	plausible_complementary	plausible/complementary
R-MMU-5633007_REGULATION_OF_TP53_ACTIVITY	gray_low_effect	low/no relative effect		not reviewed; low relative effect	not assessed		Kept gray because original quantitative effect threshold marked this row low/no relative effect.		0.0046800542650857	0.556287613054336	0.0046800542650857	0.0045153135492592	0.0020820508581481	0.0298317394874073	low_or_no_effect	low/no relative effect
R-MMU-416482_G_ALPHA_12_13_SIGNALLING_EVENTS	gray_low_effect	low/no relative effect		not reviewed; low relative effect	not assessed		Kept gray because original quantitative effect threshold marked this row low/no relative effect.		0.0023781755317857	0.2913473980144342	0.0023781755317857	0.0035202624209073	0.0020773991222406	0.0298317394874073	low_or_no_effect	low/no relative effect
R-MMU-170834_SIGNALING_BY_TGF_BETA_RECEPTOR_COMPLEX	gray_low_effect	low/no relative effect		not reviewed; low relative effect	not assessed		Kept gray because original quantitative effect threshold marked this row low/no relative effect.		0.0045903940054285	0.4782280288713299	0.0045903940054285	0.0064457264105184	0.0020753475216296	0.0298317394874073	low_or_no_effect	low/no relative effect
R-MMU-5654736_SIGNALING_BY_FGFR1	gray_low_effect	low/no relative effect		not reviewed; low relative effect	not assessed		Kept gray because original quantitative effect threshold marked this row low/no relative effect.		0.0016972109399571	0.5822018381072587	0.0016972109399571	0.004535822035074	0.0019449440647037	0.0298317394874073	low_or_no_effect	low/no relative effect
R-MMU-5663220_RHO_GTPASES_ACTIVATE_FORMINS	gray_low_effect	low/no relative effect		not reviewed; low relative effect	not assessed		Kept gray because original quantitative effect threshold marked this row low/no relative effect.		0.0014230372106428	0.6052459229207927	0.0014230372106428	0.0019392707002962	0.0019392707002962	0.0298317394874073	low_or_no_effect	low/no relative effect
R-MMU-9018519_ESTROGEN_DEPENDENT_GENE_EXPRESSION	gray_low_effect	low/no relative effect		not reviewed; low relative effect	not assessed		Kept gray because original quantitative effect threshold marked this row low/no relative effect.		0.0018218244805	0.2124161497136314	0.0018218244805	0.0018969037599999	0.0018969037599999	0.0298317394874073	low_or_no_effect	low/no relative effect
R-MMU-9860931_RESPONSE_OF_ENDOTHELIAL_CELLS_TO_SHEAR_STRESS	gray_low_effect	low/no relative effect		not reviewed; low relative effect	not assessed		Kept gray because original quantitative effect threshold marked this row low/no relative effect.		0.0015080152242	0.5669455555744073	0.0015080152242	0.0018689373909999	0.0018689373909999	0.0298317394874073	low_or_no_effect	low/no relative effect
R-MMU-190828_GAP_JUNCTION_TRAFFICKING	gray_low_effect	low/no relative effect		not reviewed; low relative effect	not assessed		Kept gray because original quantitative effect threshold marked this row low/no relative effect.		0.0020067758245571	0.4341072417845998	0.0020067758245571	0.0027205858717592	0.0016967288050926	0.0298317394874073	low_or_no_effect	low/no relative effect
R-MMU-9013423_RAC3_GTPASE_CYCLE	gray_low_effect	low/no relative effect		not reviewed; low relative effect	not assessed		Kept gray because original quantitative effect threshold marked this row low/no relative effect.		0.0009159811327142	0.7326172219829968	0.0009159811327142	0.0033410950549999	0.0016838022549999	0.0298317394874073	low_or_no_effect	low/no relative effect
R-MMU-8964043_PLASMA_LIPOPROTEIN_CLEARANCE	gray_low_effect	low/no relative effect		not reviewed; low relative effect	not assessed		Kept gray because original quantitative effect threshold marked this row low/no relative effect.		0.0012318768694428	0.7328907787563592	0.0012318768694428	0.001646357493148	0.001646357493148	0.0298317394874073	low_or_no_effect	low/no relative effect
R-MMU-6807878_COPI_MEDIATED_ANTEROGRADE_TRANSPORT	gray_low_effect	low/no relative effect		not reviewed; low relative effect	not assessed		Kept gray because original quantitative effect threshold marked this row low/no relative effect.		0.0016984233799285	0.0330831210645476	0.0016984233799285	0.0016084746368332	0.0016084746368332	0.0298317394874073	low_or_no_effect	low/no relative effect
R-MMU-2168880_SCAVENGING_OF_HEME_FROM_PLASMA	gray_low_effect	low/no relative effect		not reviewed; low relative effect	not assessed		Kept gray because original quantitative effect threshold marked this row low/no relative effect.		0.0028085028238857	0.3286689359241914	0.0028085028238857	0.0039223474467036	0.0016012149244814	0.0298317394874073	low_or_no_effect	low/no relative effect
R-MMU-9851695_EPIGENETIC_REGULATION_OF_ADIPOGENESIS_GENES_BY_MLL3_AND_MLL4_COMPLEXES	gray_low_effect	low/no relative effect		not reviewed; low relative effect	not assessed		Kept gray because original quantitative effect threshold marked this row low/no relative effect.		0.0019030691649999	0.5174319469517443	0.0019030691649999	0.0037902132603888	0.0015967849803888	0.0298317394874073	low_or_no_effect	low/no relative effect
R-MMU-1266695_INTERLEUKIN_7_SIGNALING	gray_low_effect	low/no relative effect		not reviewed; low relative effect	not assessed		Kept gray because original quantitative effect threshold marked this row low/no relative effect.		0.0011888238108178	0.4034424839827852	0.0011888238108178	0.0015919618122136	0.0015919618122136	0.0298317394874073	low_or_no_effect	low/no relative effect
R-MMU-5610787_HEDGEHOG_OFF_STATE	gray_low_effect	low/no relative effect		not reviewed; low relative effect	not assessed		Kept gray because original quantitative effect threshold marked this row low/no relative effect.		0.0008541996807285	0.6312441590777206	0.0008541996807285	0.0023972195197221	0.0014832448263889	0.0298317394874073	low_or_no_effect	low/no relative effect
R-MMU-425410_METAL_ION_SLC_TRANSPORTERS	gray_low_effect	low/no relative effect		not reviewed; low relative effect	not assessed		Kept gray because original quantitative effect threshold marked this row low/no relative effect.		0.002112823295	0.4687292501345596	0.002112823295	0.0032092455060184	0.0014823949884258	0.0298317394874073	low_or_no_effect	low/no relative effect
R-MMU-8957322_METABOLISM_OF_STEROIDS	gray_low_effect	low/no relative effect		not reviewed; low relative effect	not assessed		Kept gray because original quantitative effect threshold marked this row low/no relative effect.		0.0025128162811428	0.6090320427673785	0.0025128162811428	0.0031390332251851	0.0014673124785185	0.0298317394874073	low_or_no_effect	low/no relative effect
R-MMU-199418_NEGATIVE_REGULATION_OF_THE_PI3K_AKT_NETWORK	gray_low_effect	low/no relative effect		not reviewed; low relative effect	not assessed		Kept gray because original quantitative effect threshold marked this row low/no relative effect.		0.00131748324978	0.4421913159779329	0.00131748324978	0.0033720773439629	0.0014203105972962	0.0298317394874073	low_or_no_effect	low/no relative effect
R-MMU-9013406_RHOQ_GTPASE_CYCLE	gray_low_effect	low/no relative effect		not reviewed; low relative effect	not assessed		Kept gray because original quantitative effect threshold marked this row low/no relative effect.		0.0008923798353	0.604825561716658	0.0008923798353	0.0025603231170184	0.0014008128307592	0.0298317394874073	low_or_no_effect	low/no relative effect
R-MMU-3858494_BETA_CATENIN_INDEPENDENT_WNT_SIGNALING	gray_low_effect	low/no relative effect		not reviewed; low relative effect	not assessed		Kept gray because original quantitative effect threshold marked this row low/no relative effect.		0.0020304341752142	0.5164777856948801	0.0020304341752142	0.0042170467460184	0.0013996710237962	0.0298317394874073	low_or_no_effect	low/no relative effect
R-MMU-9769735_INITIATION_OF_COAGULATION_CASCADE	gray_low_effect	low/no relative effect		not reviewed; low relative effect	not assessed		Kept gray because original quantitative effect threshold marked this row low/no relative effect.		0.0014844448328571	0.2763507955871188	0.0014844448328571	0.0013933983134258	0.0013933983134258	0.0298317394874073	low_or_no_effect	low/no relative effect
R-MMU-190861_GAP_JUNCTION_ASSEMBLY	gray_low_effect	low/no relative effect		not reviewed; low relative effect	not assessed		Kept gray because original quantitative effect threshold marked this row low/no relative effect.		0.0017504388170285	0.3617418073746219	0.0017504388170285	0.0017448120976666	0.001333915831	0.0298317394874073	low_or_no_effect	low/no relative effect
R-MMU-2022090_ASSEMBLY_OF_COLLAGEN_FIBRILS_AND_OTHER_MULTIMERIC_STRUCTURES	gray_low_effect	low/no relative effect		not reviewed; low relative effect	not assessed		Kept gray because original quantitative effect threshold marked this row low/no relative effect.		0.0035360609669999	0.7326172219829968	0.0035360609669999	0.0110880314848147	0.0012555827003704	0.0298317394874073	low_or_no_effect	low/no relative effect
R-MMU-9764725_NEGATIVE_REGULATION_OF_CDH1_GENE_TRANSCRIPTION	gray_low_effect	low/no relative effect		not reviewed; low relative effect	not assessed		Kept gray because original quantitative effect threshold marked this row low/no relative effect.		0.0017607266447142	0.2106644066218184	0.0017607266447142	0.0024858422049999	0.0012479400894444	0.0298317394874073	low_or_no_effect	low/no relative effect
R-MMU-75105_FATTY_ACYL_COA_BIOSYNTHESIS	gray_low_effect	low/no relative effect		not reviewed; low relative effect	not assessed		Kept gray because original quantitative effect threshold marked this row low/no relative effect.		0.001288568587	0.3533859345722113	0.001288568587	0.0012368675818518	0.0012368675818518	0.0298317394874073	low_or_no_effect	low/no relative effect
R-MMU-8856688_GOLGI_TO_ER_RETROGRADE_TRANSPORT	gray_low_effect	low/no relative effect		not reviewed; low relative effect	not assessed		Kept gray because original quantitative effect threshold marked this row low/no relative effect.		0.0011979751690428	0.6747353118410081	0.0011979751690428	0.0033107418497221	0.0011967479902777	0.0298317394874073	low_or_no_effect	low/no relative effect
R-MMU-5693571_NONHOMOLOGOUS_END_JOINING_NHEJ	gray_low_effect	low/no relative effect		not reviewed; low relative effect	not assessed		Kept gray because original quantitative effect threshold marked this row low/no relative effect.		0.0014635780645714	0.3617418073746219	0.0014635780645714	0.0020168041401851	0.0010348850624073	0.0298317394874073	low_or_no_effect	low/no relative effect
R-MMU-917937_IRON_UPTAKE_AND_TRANSPORT	gray_low_effect	low/no relative effect		not reviewed; low relative effect	not assessed		Kept gray because original quantitative effect threshold marked this row low/no relative effect.		0.0018381247146999	0.5164777856948801	0.0018381247146999	0.0027124089729258	0.0010344282344815	0.0298317394874073	low_or_no_effect	low/no relative effect
R-MMU-451927_INTERLEUKIN_2_FAMILY_SIGNALING	gray_low_effect	low/no relative effect		not reviewed; low relative effect	not assessed		Kept gray because original quantitative effect threshold marked this row low/no relative effect.		0.0014212799085857	0.4034424839827852	0.0014212799085857	0.0022527349314814	0.0010291954292592	0.0298317394874073	low_or_no_effect	low/no relative effect
R-MMU-983695_ANTIGEN_ACTIVATES_B_CELL_RECEPTOR_BCR_LEADING_TO_GENERATION_OF_SECOND_MESSENGERS	gray_low_effect	low/no relative effect		not reviewed; low relative effect	not assessed		Kept gray because original quantitative effect threshold marked this row low/no relative effect.		0.0008868996793571	0.5158309701454566	0.0008868996793571	0.0015765108188888	0.0009954033255555	0.0298317394874073	low_or_no_effect	low/no relative effect
R-MMU-9663891_SELECTIVE_AUTOPHAGY	gray_low_effect	low/no relative effect		not reviewed; low relative effect	not assessed		Kept gray because original quantitative effect threshold marked this row low/no relative effect.		0.0014027885574285	0.6498469067980589	0.0014027885574285	0.0009874305766666	0.0009874305766666	0.0298317394874073	low_or_no_effect	low/no relative effect
R-MMU-9937850_NURD_COMPLEX_ASSEMBLY	gray_low_effect	low/no relative effect		not reviewed; low relative effect	not assessed		Kept gray because original quantitative effect threshold marked this row low/no relative effect.		-0.0002866592871857	0.9242096699321048	0.0002866592871857	0.0013304214139628	0.0009656879269259	0.0298317394874073	low_or_no_effect	low/no relative effect
R-MMU-69278_CELL_CYCLE_MITOTIC	orange_uncertain_no_direct_support	uncertain/no direct support	FLT_up	uncertain_specific_pathway	FLT_up is ambiguous	low	Mitotic cell-cycle signaling is not expected in mature myofibers; any signal could reflect satellite, immune, or stromal cells rather than direct muscle adaptation.	Gambara2017;Bonaldo2013	0.0160504397999999	0.6990010435386007	0.0160504397999999	0.0915721667777778	0.0009288354444445	0.0298317394874073	plausible_complementary	plausible/complementary
R-MMU-2500257_RESOLUTION_OF_SISTER_CHROMATID_COHESION	gray_low_effect	low/no relative effect		not reviewed; low relative effect	not assessed		Kept gray because original quantitative effect threshold marked this row low/no relative effect.		0.0014617242387857	0.6312441590777206	0.0014617242387857	0.0032333671799258	0.0009254561632592	0.0298317394874073	low_or_no_effect	low/no relative effect
R-MMU-9013106_RHOC_GTPASE_CYCLE	gray_low_effect	low/no relative effect		not reviewed; low relative effect	not assessed		Kept gray because original quantitative effect threshold marked this row low/no relative effect.		0.0006523091898571	0.6566914314821091	0.0006523091898571	0.0014252063486851	0.0009125564133148	0.0298317394874073	low_or_no_effect	low/no relative effect
R-MMU-380320_RECRUITMENT_OF_NUMA_TO_MITOTIC_CENTROSOMES	gray_low_effect	low/no relative effect		not reviewed; low relative effect	not assessed		Kept gray because original quantitative effect threshold marked this row low/no relative effect.		0.0009127606821357	0.1536404595888368	0.0009127606821357	0.0008801719469444	0.0008801719469444	0.0298317394874073	low_or_no_effect	low/no relative effect
R-MMU-437239_RECYCLING_PATHWAY_OF_L1	gray_low_effect	low/no relative effect		not reviewed; low relative effect	not assessed		Kept gray because original quantitative effect threshold marked this row low/no relative effect.		0.0002341539221	0.9348959059842276	0.0002341539221	0.0013666159090962	0.0008770738557629	0.0298317394874073	low_or_no_effect	low/no relative effect
R-MMU-73929_BASE_EXCISION_REPAIR_AP_SITE_FORMATION	gray_low_effect	low/no relative effect		not reviewed; low relative effect	not assessed		Kept gray because original quantitative effect threshold marked this row low/no relative effect.		0.00138659117514	0.5455665101019684	0.00138659117514	0.0010753618656851	0.0007712551390185	0.0298317394874073	low_or_no_effect	low/no relative effect
R-MMU-9940951_INTERACTION_OF_NURD_COMPLEXES_WITH_TRANSCRIPTION_FACTORS	gray_low_effect	low/no relative effect		not reviewed; low relative effect	not assessed		Kept gray because original quantitative effect threshold marked this row low/no relative effect.		0.0008227762713714	0.8206823353947879	0.0008227762713714	0.0014984260618518	0.0007610693237037	0.0298317394874073	low_or_no_effect	low/no relative effect
R-MMU-69236_G1_PHASE	gray_low_effect	low/no relative effect		not reviewed; low relative effect	not assessed		Kept gray because original quantitative effect threshold marked this row low/no relative effect.		0.0003243399958571	0.8862836614663937	0.0003243399958571	0.0016599470051851	0.0006809789948148	0.0298317394874073	low_or_no_effect	low/no relative effect
R-MMU-193648_NRAGE_SIGNALS_DEATH_THROUGH_JNK	gray_low_effect	low/no relative effect		not reviewed; low relative effect	not assessed		Kept gray because original quantitative effect threshold marked this row low/no relative effect.		0.0002736171372035	0.8243188200255549	0.0002736171372035	0.0018351269285129	0.0006796207936981	0.0298317394874073	low_or_no_effect	low/no relative effect
R-MMU-2173789_TGF_BETA_RECEPTOR_SIGNALING_ACTIVATES_SMADS	gray_low_effect	low/no relative effect		not reviewed; low relative effect	not assessed		Kept gray because original quantitative effect threshold marked this row low/no relative effect.		-0.0007439237768571	0.8909859523458853	0.0007439237768571	0.0025574903348148	0.0006526806318518	0.0298317394874073	low_or_no_effect	low/no relative effect
R-MMU-9670095_INHIBITION_OF_DNA_RECOMBINATION_AT_TELOMERE	gray_low_effect	low/no relative effect		not reviewed; low relative effect	not assessed		Kept gray because original quantitative effect threshold marked this row low/no relative effect.		0.0013122261374571	0.4341072417845998	0.0013122261374571	0.0016664745046296	0.0006262898357407	0.0298317394874073	low_or_no_effect	low/no relative effect
R-MMU-5689603_UCH_PROTEINASES	gray_low_effect	low/no relative effect		not reviewed; low relative effect	not assessed		Kept gray because original quantitative effect threshold marked this row low/no relative effect.		0.001076703984	0.6890915786164605	0.001076703984	0.0029844498612592	0.0006068606945925	0.0298317394874073	low_or_no_effect	low/no relative effect
R-MMU-174143_APC_C_MEDIATED_DEGRADATION_OF_CELL_CYCLE_PROTEINS	gray_low_effect	low/no relative effect		not reviewed; low relative effect	not assessed		Kept gray because original quantitative effect threshold marked this row low/no relative effect.		-0.0006647747393571	0.8064375551849847	0.0006647747393571	0.0062443458400925	0.0005846536954629	0.0298317394874073	low_or_no_effect	low/no relative effect
R-MMU-141444_AMPLIFICATION_OF_SIGNAL_FROM_UNATTACHED_KINETOCHORES_VIA_A_MAD2_INHIBITORY_SIGNAL	gray_low_effect	low/no relative effect		not reviewed; low relative effect	not assessed		Kept gray because original quantitative effect threshold marked this row low/no relative effect.		0.0006995591513857	0.7847078856670981	0.0006995591513857	0.0032100906393518	0.0004962845837963	0.0298317394874073	low_or_no_effect	low/no relative effect
R-MMU-9833482_PKR_MEDIATED_SIGNALING	gray_low_effect	low/no relative effect		not reviewed; low relative effect	not assessed		Kept gray because original quantitative effect threshold marked this row low/no relative effect.		0.0005951601716571	0.5945641951071231	0.0005951601716571	0.001016938199074	0.0004514627301851	0.0298317394874073	low_or_no_effect	low/no relative effect
R-MMU-212165_EPIGENETIC_REGULATION_OF_GENE_EXPRESSION	gray_low_effect	low/no relative effect		not reviewed; low relative effect	not assessed		Kept gray because original quantitative effect threshold marked this row low/no relative effect.		0.0004352075608028	0.8578909554235555	0.0004352075608028	0.002019478957511	0.0004380040091555	0.0298317394874073	low_or_no_effect	low/no relative effect
R-MMU-157579_TELOMERE_MAINTENANCE	gray_low_effect	low/no relative effect		not reviewed; low relative effect	not assessed		Kept gray because original quantitative effect threshold marked this row low/no relative effect.		0.0007366462359999	0.7608545292167727	0.0007366462359999	0.001854023240185	0.0004265374468518	0.0298317394874073	low_or_no_effect	low/no relative effect
R-MMU-74751_INSULIN_RECEPTOR_SIGNALLING_CASCADE	gray_low_effect	low/no relative effect		not reviewed; low relative effect	not assessed		Kept gray because original quantitative effect threshold marked this row low/no relative effect.		-0.0001938649377857	0.9384980690100172	0.0001938649377857	0.0012677804443703	0.0003260753219259	0.0298317394874073	low_or_no_effect	low/no relative effect
R-MMU-202403_TCR_SIGNALING	gray_low_effect	low/no relative effect		not reviewed; low relative effect	not assessed		Kept gray because original quantitative effect threshold marked this row low/no relative effect.		0.002341460585	0.5508425847019985	0.002341460585	0.0090567770199999	0.0003110751799999	0.0298317394874073	low_or_no_effect	low/no relative effect
R-MMU-5362517_SIGNALING_BY_RETINOIC_ACID	gray_low_effect	low/no relative effect		not reviewed; low relative effect	not assessed		Kept gray because original quantitative effect threshold marked this row low/no relative effect.		0.0005972701989857	0.7608545292167727	0.0005972701989857	0.0026666024914814	0.0003032158759259	0.0298317394874073	low_or_no_effect	low/no relative effect
R-MMU-141424_AMPLIFICATION_OF_SIGNAL_FROM_THE_KINETOCHORES	gray_low_effect	low/no relative effect		not reviewed; low relative effect	not assessed		Kept gray because original quantitative effect threshold marked this row low/no relative effect.		-4.65658985357156e-05	0.9778090901543512	4.65658985357156e-05	0.0024800968094814	0.000222152766074	0.0298317394874073	low_or_no_effect	low/no relative effect
R-MMU-352230_AMINO_ACID_TRANSPORT_ACROSS_THE_PLASMA_MEMBRANE	gray_low_effect	low/no relative effect		not reviewed; low relative effect	not assessed		Kept gray because original quantitative effect threshold marked this row low/no relative effect.		0.0002829073737571	0.9090815580537668	0.0002829073737571	0.0004969978977037	0.0002109155169629	0.0298317394874073	low_or_no_effect	low/no relative effect
R-MMU-9764561_REGULATION_OF_CDH1_FUNCTION	gray_low_effect	low/no relative effect		not reviewed; low relative effect	not assessed		Kept gray because original quantitative effect threshold marked this row low/no relative effect.		-0.0004281872988571	0.9242096699321048	0.0004281872988571	0.0044794205581481	0.0002011669307407	0.0298317394874073	low_or_no_effect	low/no relative effect
R-MMU-389356_CO_STIMULATION_BY_CD28	gray_low_effect	low/no relative effect		not reviewed; low relative effect	not assessed		Kept gray because original quantitative effect threshold marked this row low/no relative effect.		-0.0001143009875428	0.9242096699321048	0.0001143009875428	0.0013616036289073	0.0001899441909073	0.0298317394874073	low_or_no_effect	low/no relative effect
R-MMU-3214842_HDMS_DEMETHYLATE_HISTONES	gray_low_effect	low/no relative effect		not reviewed; low relative effect	not assessed		Kept gray because original quantitative effect threshold marked this row low/no relative effect.		-0.0001278867406028	0.9220521747848468	0.0001278867406028	0.0010924116596147	0.0001835959133481	0.0298317394874073	low_or_no_effect	low/no relative effect
R-MMU-110330_RECOGNITION_AND_ASSOCIATION_OF_DNA_GLYCOSYLASE_WITH_SITE_CONTAINING_AN_AFFECTED_PURINE	gray_low_effect	low/no relative effect		not reviewed; low relative effect	not assessed		Kept gray because original quantitative effect threshold marked this row low/no relative effect.		-0.0010481185014285	0.7128913023201189	0.0010481185014285	0.0039666441270369	1.876995518516672e-05	0.0298317394874073	low_or_no_effect	low/no relative effect
R-MMU-2995410_NUCLEAR_ENVELOPE_NE_REASSEMBLY	gray_low_effect	low/no relative effect		not reviewed; low relative effect	not assessed		Kept gray because original quantitative effect threshold marked this row low/no relative effect.		0.0003207381847142	0.9165299548513824	0.0003207381847142	0.0025371353546295	1.9107812037033368e-05	0.0298317394874073	low_or_no_effect	low/no relative effect
R-MMU-975155_MYD88_DEPENDENT_CASCADE_INITIATED_ON_ENDOSOME	gray_low_effect	low/no relative effect		not reviewed; low relative effect	not assessed		Kept gray because original quantitative effect threshold marked this row low/no relative effect.		-0.0003241752327999	0.9270456223365756	0.0003241752327999	0.005988787149074	4.1147165740733405e-05	0.0298317394874073	low_or_no_effect	low/no relative effect
R-MMU-110331_CLEAVAGE_OF_THE_DAMAGED_PURINE	gray_low_effect	low/no relative effect		not reviewed; low relative effect	not assessed		Kept gray because original quantitative effect threshold marked this row low/no relative effect.		-0.0006515087625714	0.7847078856670981	0.0006515087625714	0.0007677821901851	5.257811351846672e-05	0.0298317394874073	low_or_no_effect	low/no relative effect
R-MMU-9009391_EXTRA_NUCLEAR_ESTROGEN_SIGNALING	gray_low_effect	low/no relative effect		not reviewed; low relative effect	not assessed		Kept gray because original quantitative effect threshold marked this row low/no relative effect.		-0.0003603781718	0.7328907787563592	0.0003603781718	6.37825719259262e-05	6.37825719259262e-05	0.0298317394874073	low_or_no_effect	low/no relative effect
R-MMU-9937848_CHD_CHROMATIN_REMODELERS	gray_low_effect	low/no relative effect		not reviewed; low relative effect	not assessed		Kept gray because original quantitative effect threshold marked this row low/no relative effect.		0.0010923906232285	0.6061618362172885	0.0010923906232285	0.0045836599312221	6.458355766666675e-05	0.0298317394874073	low_or_no_effect	low/no relative effect
R-MMU-3000178_ECM_PROTEOGLYCANS	gray_low_effect	low/no relative effect		not reviewed; low relative effect	not assessed		Kept gray because original quantitative effect threshold marked this row low/no relative effect.		0.0010618873395142	0.7571198202199884	0.0010618873395142	0.0066842177496295	0.0001065485314814	0.0298317394874073	low_or_no_effect	low/no relative effect
R-MMU-9013404_RAC2_GTPASE_CYCLE	gray_low_effect	low/no relative effect		not reviewed; low relative effect	not assessed		Kept gray because original quantitative effect threshold marked this row low/no relative effect.		0.0006189281568142	0.7183692606611338	0.0006189281568142	0.0027370137647221	0.0001184721375	0.0298317394874073	low_or_no_effect	low/no relative effect
R-MMU-6806834_SIGNALING_BY_MET	gray_low_effect	low/no relative effect		not reviewed; low relative effect	not assessed		Kept gray because original quantitative effect threshold marked this row low/no relative effect.		-0.0001182743873214	0.9637011321325616	0.0001182743873214	0.0029535458899073	0.0001437249989815	0.0298317394874073	low_or_no_effect	low/no relative effect
R-MMU-163685_INTEGRATION_OF_ENERGY_METABOLISM	gray_low_effect	low/no relative effect		not reviewed; low relative effect	not assessed		Kept gray because original quantitative effect threshold marked this row low/no relative effect.		0.0009568946736857	0.9165299548513824	0.0009568946736857	0.0053729399188888	0.0001593272077778	0.0298317394874073	low_or_no_effect	low/no relative effect
R-MMU-1483255_PI_METABOLISM	gray_low_effect	low/no relative effect		not reviewed; low relative effect	not assessed		Kept gray because original quantitative effect threshold marked this row low/no relative effect.		-0.0001920235769999	0.917523480925408	0.0001920235769999	0.0012305692318518	0.0001689354125925	0.0298317394874073	low_or_no_effect	low/no relative effect
R-MMU-8980692_RHOA_GTPASE_CYCLE	gray_low_effect	low/no relative effect		not reviewed; low relative effect	not assessed		Kept gray because original quantitative effect threshold marked this row low/no relative effect.		-0.0014099010192857	0.6656846548052667	0.0014099010192857	0.0026769963833332	0.0001933736277777	0.0298317394874073	low_or_no_effect	low/no relative effect
R-MMU-202424_DOWNSTREAM_TCR_SIGNALING	gray_low_effect	low/no relative effect		not reviewed; low relative effect	not assessed		Kept gray because original quantitative effect threshold marked this row low/no relative effect.		0.00049349775096	0.7571198202199884	0.00049349775096	0.0029031983059629	0.0002264512002593	0.0298317394874073	low_or_no_effect	low/no relative effect
R-MMU-3214847_HATS_ACETYLATE_HISTONES	gray_low_effect	low/no relative effect		not reviewed; low relative effect	not assessed		Kept gray because original quantitative effect threshold marked this row low/no relative effect.		-0.0001967024698135	0.7370227645252112	0.0001967024698135	0.0002848287361573	0.0002383020821203	0.0298317394874073	low_or_no_effect	low/no relative effect
R-MMU-9843940_REGULATION_OF_ENDOGENOUS_RETROELEMENTS_BY_KRAB_ZFP_PROTEINS	gray_low_effect	low/no relative effect		not reviewed; low relative effect	not assessed		Kept gray because original quantitative effect threshold marked this row low/no relative effect.		0.0002047513889142	0.9384980690100172	0.0002047513889142	0.0010814952109258	0.0003261942109259	0.0298317394874073	low_or_no_effect	low/no relative effect
R-MMU-419037_NCAM1_INTERACTIONS	gray_low_effect	low/no relative effect		not reviewed; low relative effect	not assessed		Kept gray because original quantitative effect threshold marked this row low/no relative effect.		-0.0016911596682228	0.5669455555744073	0.0016911596682228	0.0015974030977703	0.0004763092933259	0.0298317394874073	low_or_no_effect	low/no relative effect
R-MMU-3214858_RMTS_METHYLATE_HISTONE_ARGININES	gray_low_effect	low/no relative effect		not reviewed; low relative effect	not assessed		Kept gray because original quantitative effect threshold marked this row low/no relative effect.		-0.0006909192394571	0.7608545292167727	0.0006909192394571	0.0031052770534444	0.0004920505254444	0.0298317394874073	low_or_no_effect	low/no relative effect
R-MMU-3214841_PKMTS_METHYLATE_HISTONE_LYSINES	gray_low_effect	low/no relative effect		not reviewed; low relative effect	not assessed		Kept gray because original quantitative effect threshold marked this row low/no relative effect.		-0.0006776977913771	0.6953547947947547	0.0006776977913771	0.001381020244674	0.0005345258124518	0.0298317394874073	low_or_no_effect	low/no relative effect
R-MMU-375165_NCAM_SIGNALING_FOR_NEURITE_OUT_GROWTH	gray_low_effect	low/no relative effect		not reviewed; low relative effect	not assessed		Kept gray because original quantitative effect threshold marked this row low/no relative effect.		-0.0010390996142142	0.6566914314821091	0.0010390996142142	0.0020497909952036	0.0005976389461296	0.0298317394874073	low_or_no_effect	low/no relative effect
R-MMU-9648025_EML4_AND_NUDC_IN_MITOTIC_SPINDLE_FORMATION	gray_low_effect	low/no relative effect		not reviewed; low relative effect	not assessed		Kept gray because original quantitative effect threshold marked this row low/no relative effect.		-0.0003263112884742	0.9242096699321048	0.0003263112884742	0.002196486863111	0.0006293910575555	0.0298317394874073	low_or_no_effect	low/no relative effect
R-MMU-975138_TRAF6_MEDIATED_INDUCTION_OF_NFKB_AND_MAP_KINASES_UPON_TLR7_8_OR_9_ACTIVATION	gray_low_effect	low/no relative effect		not reviewed; low relative effect	not assessed		Kept gray because original quantitative effect threshold marked this row low/no relative effect.		-0.0017714299894571	0.6780458280748433	0.0017714299894571	0.0031801321305184	0.0006415430176296	0.0298317394874073	low_or_no_effect	low/no relative effect
R-MMU-111885_OPIOID_SIGNALLING	gray_low_effect	low/no relative effect		not reviewed; low relative effect	not assessed		Kept gray because original quantitative effect threshold marked this row low/no relative effect.		-0.0005063168420857	0.6263692927986131	0.0005063168420857	0.000662793086148	0.000662793086148	0.0298317394874073	low_or_no_effect	low/no relative effect
R-MMU-9764265_REGULATION_OF_CDH1_EXPRESSION_AND_FUNCTION	gray_low_effect	low/no relative effect		not reviewed; low relative effect	not assessed		Kept gray because original quantitative effect threshold marked this row low/no relative effect.		-0.0023821944857999	0.63401155250755	0.0023821944857999	0.0070243202614073	0.0007090809947406	0.0298317394874073	low_or_no_effect	low/no relative effect
R-MMU-2132295_MHC_CLASS_II_ANTIGEN_PRESENTATION	gray_low_effect	low/no relative effect		not reviewed; low relative effect	not assessed		Kept gray because original quantitative effect threshold marked this row low/no relative effect.		-0.000971297567	0.9165299548513824	0.000971297567	0.007024352099074	0.0007884720675926	0.0298317394874073	low_or_no_effect	low/no relative effect
R-MMU-948021_TRANSPORT_TO_THE_GOLGI_AND_SUBSEQUENT_MODIFICATION	gray_low_effect	low/no relative effect		not reviewed; low relative effect	not assessed		Kept gray because original quantitative effect threshold marked this row low/no relative effect.		-0.0005219877390999	0.8439626223682185	0.0005219877390999	0.0025711492570555	0.0008232848509444	0.0298317394874073	low_or_no_effect	low/no relative effect
R-MMU-9855142_CELLULAR_RESPONSES_TO_MECHANICAL_STIMULI	gray_low_effect	low/no relative effect		not reviewed; low relative effect	not assessed		Kept gray because original quantitative effect threshold marked this row low/no relative effect.		0.0004367593161	0.8423783846855688	0.0004367593161	0.0034747877192962	0.0008692311173704	0.0298317394874073	low_or_no_effect	low/no relative effect
R-MMU-606279_DEPOSITION_OF_NEW_CENPA_CONTAINING_NUCLEOSOMES_AT_THE_CENTROMERE	gray_low_effect	low/no relative effect		not reviewed; low relative effect	not assessed		Kept gray because original quantitative effect threshold marked this row low/no relative effect.		-0.0017415305056171	0.4394756409631685	0.0017415305056171	0.0039299934008888	0.0009903194491111	0.0298317394874073	low_or_no_effect	low/no relative effect
R-MMU-177929_SIGNALING_BY_EGFR	gray_low_effect	low/no relative effect		not reviewed; low relative effect	not assessed		Kept gray because original quantitative effect threshold marked this row low/no relative effect.		-0.0021889841326285	0.6061618362172885	0.0021889841326285	0.0011713063491481	0.001021378238037	0.0298317394874073	low_or_no_effect	low/no relative effect
R-MMU-9909648_REGULATION_OF_PD_L1_CD274_EXPRESSION	gray_low_effect	low/no relative effect		not reviewed; low relative effect	not assessed		Kept gray because original quantitative effect threshold marked this row low/no relative effect.		0.0014650686208571	0.8158970169082768	0.0014650686208571	0.0081203445705554	0.0011446501894444	0.0298317394874073	low_or_no_effect	low/no relative effect
R-MMU-1222556_ROS_AND_RNS_PRODUCTION_IN_PHAGOCYTES	gray_low_effect	low/no relative effect		not reviewed; low relative effect	not assessed		Kept gray because original quantitative effect threshold marked this row low/no relative effect.		-0.0002782873633905	0.9070925692994234	0.0002782873633905	0.0018454395745918	0.0011751140337415	0.0298317394874073	low_or_no_effect	low/no relative effect
R-MMU-373755_SEMAPHORIN_INTERACTIONS	gray_low_effect	low/no relative effect		not reviewed; low relative effect	not assessed		Kept gray because original quantitative effect threshold marked this row low/no relative effect.		-0.0017333075576357	0.3123405194151133	0.0017333075576357	0.0022594311619259	0.0011791373171481	0.0298317394874073	low_or_no_effect	low/no relative effect
R-MMU-74752_SIGNALING_BY_INSULIN_RECEPTOR	gray_low_effect	low/no relative effect		not reviewed; low relative effect	not assessed		Kept gray because original quantitative effect threshold marked this row low/no relative effect.		-0.0005939670694357	0.7382297551885646	0.0005939670694357	0.0023791945232036	0.0012363380380185	0.0298317394874073	low_or_no_effect	low/no relative effect
R-MMU-453276_REGULATION_OF_MITOTIC_CELL_CYCLE	gray_low_effect	low/no relative effect		not reviewed; low relative effect	not assessed		Kept gray because original quantitative effect threshold marked this row low/no relative effect.		-0.0002789488990714	0.9242096699321048	0.0002789488990714	0.003827882938148	0.0013136513696296	0.0298317394874073	low_or_no_effect	low/no relative effect
R-MMU-1660499_SYNTHESIS_OF_PIPS_AT_THE_PLASMA_MEMBRANE	gray_low_effect	low/no relative effect		not reviewed; low relative effect	not assessed		Kept gray because original quantitative effect threshold marked this row low/no relative effect.		-0.0014678643694142	0.1531849325835809	0.0014678643694142	0.0020493553523148	0.0013608562523147	0.0298317394874073	low_or_no_effect	low/no relative effect
R-MMU-2172127_DAP12_INTERACTIONS	gray_low_effect	low/no relative effect		not reviewed; low relative effect	not assessed		Kept gray because original quantitative effect threshold marked this row low/no relative effect.		-0.0018365420557485	0.3503748288644271	0.0018365420557485	0.0014002495188296	0.0014002495188296	0.0298317394874073	low_or_no_effect	low/no relative effect
R-MMU-3371556_CELLULAR_RESPONSE_TO_HEAT_STRESS	gray_low_effect	low/no relative effect		not reviewed; low relative effect	not assessed		Kept gray because original quantitative effect threshold marked this row low/no relative effect.		0.000551606769	0.9384980690100172	0.000551606769	0.0086551111518518	0.001419285237037	0.0298317394874073	low_or_no_effect	low/no relative effect
R-MMU-1638074_KERATAN_SULFATE_KERATIN_METABOLISM	gray_low_effect	low/no relative effect		not reviewed; low relative effect	not assessed		Kept gray because original quantitative effect threshold marked this row low/no relative effect.		-0.0012994920815382	0.2124161497136314	0.0012994920815382	0.001456390989061	0.001456390989061	0.0298317394874073	low_or_no_effect	low/no relative effect
R-MMU-422356_REGULATION_OF_INSULIN_SECRETION	gray_low_effect	low/no relative effect		not reviewed; low relative effect	not assessed		Kept gray because original quantitative effect threshold marked this row low/no relative effect.		-0.0013965558560928	0.4586011349951347	0.0013965558560928	0.0014757025984555	0.0014757025984555	0.0298317394874073	low_or_no_effect	low/no relative effect
R-MMU-2428928_IRS_RELATED_EVENTS_TRIGGERED_BY_IGF1R	gray_low_effect	low/no relative effect		not reviewed; low relative effect	not assessed		Kept gray because original quantitative effect threshold marked this row low/no relative effect.		-0.0010009454003571	0.7297563620232391	0.0010009454003571	0.0019368482638148	0.0014762492782592	0.0298317394874073	low_or_no_effect	low/no relative effect
R-MMU-196849_METABOLISM_OF_WATER_SOLUBLE_VITAMINS_AND_COFACTORS	gray_low_effect	low/no relative effect		not reviewed; low relative effect	not assessed		Kept gray because original quantitative effect threshold marked this row low/no relative effect.		-0.0035906094675142	0.3905811456346953	0.0035906094675142	0.0076931258756295	0.0015100545058519	0.0298317394874073	low_or_no_effect	low/no relative effect
R-MMU-8874081_MET_ACTIVATES_PTK2_SIGNALING	gray_low_effect	low/no relative effect		not reviewed; low relative effect	not assessed		Kept gray because original quantitative effect threshold marked this row low/no relative effect.		-0.0015715580820428	0.5084585744774966	0.0015715580820428	0.0021514971547777	0.0015544691381111	0.0298317394874073	low_or_no_effect	low/no relative effect
R-MMU-3108232_SUMO_E3_LIGASES_SUMOYLATE_TARGET_PROTEINS	gray_low_effect	low/no relative effect		not reviewed; low relative effect	not assessed		Kept gray because original quantitative effect threshold marked this row low/no relative effect.		-0.0013183561807999	0.3507333270830701	0.0013183561807999	0.0015598528264999	0.0015598528264999	0.0298317394874073	low_or_no_effect	low/no relative effect
R-MMU-4420097_VEGFA_VEGFR2_PATHWAY	gray_low_effect	low/no relative effect		not reviewed; low relative effect	not assessed		Kept gray because original quantitative effect threshold marked this row low/no relative effect.		-0.0014962637835428	0.567535803313952	0.0014962637835428	0.0020239561218518	0.0016184431551851	0.0298317394874073	low_or_no_effect	low/no relative effect
R-MMU-9909649_REGULATION_OF_PD_L1_CD274_TRANSCRIPTION	gray_low_effect	low/no relative effect		not reviewed; low relative effect	not assessed		Kept gray because original quantitative effect threshold marked this row low/no relative effect.		-0.002323109247	0.3362874106998867	0.002323109247	0.0016229938081851	0.0016229938081851	0.0298317394874073	low_or_no_effect	low/no relative effect
R-MMU-69473_G2_M_DNA_DAMAGE_CHECKPOINT	gray_low_effect	low/no relative effect		not reviewed; low relative effect	not assessed		Kept gray because original quantitative effect threshold marked this row low/no relative effect.		-0.0015718973105857	0.2404409125812775	0.0015718973105857	0.0021349842085555	0.0016686524218889	0.0298317394874073	low_or_no_effect	low/no relative effect
R-MMU-8878171_TRANSCRIPTIONAL_REGULATION_BY_RUNX1	gray_low_effect	low/no relative effect		not reviewed; low relative effect	not assessed		Kept gray because original quantitative effect threshold marked this row low/no relative effect.		-0.0018777755616571	0.7608545292167727	0.0018777755616571	0.0068394042275185	0.001756916246037	0.0298317394874073	low_or_no_effect	low/no relative effect
R-MMU-8875878_MET_PROMOTES_CELL_MOTILITY	gray_low_effect	low/no relative effect		not reviewed; low relative effect	not assessed		Kept gray because original quantitative effect threshold marked this row low/no relative effect.		-0.0020380264436714	0.2124161497136314	0.0020380264436714	0.0019078910530518	0.0019078910530518	0.0298317394874073	low_or_no_effect	low/no relative effect
R-MMU-1971475_GLYCOSAMINOGLYCAN_PROTEIN_LINKAGE_REGION_BIOSYNTHESIS	gray_low_effect	low/no relative effect		not reviewed; low relative effect	not assessed		Kept gray because original quantitative effect threshold marked this row low/no relative effect.		-0.0016356283135714	0.0711484931769126	0.0016356283135714	0.0019333117703703	0.0019333117703703	0.0298317394874073	low_or_no_effect	low/no relative effect
R-MMU-193704_P75_NTR_RECEPTOR_MEDIATED_SIGNALLING	gray_low_effect	low/no relative effect		not reviewed; low relative effect	not assessed		Kept gray because original quantitative effect threshold marked this row low/no relative effect.		-0.0021380455211428	0.1033345390600643	0.0021380455211428	0.0022863147677777	0.0019380456677777	0.0298317394874073	low_or_no_effect	low/no relative effect
R-MMU-2565942_REGULATION_OF_PLK1_ACTIVITY_AT_G2_M_TRANSITION	gray_low_effect	low/no relative effect		not reviewed; low relative effect	not assessed		Kept gray because original quantitative effect threshold marked this row low/no relative effect.		-0.0035099282649999	0.2124161497136314	0.0035099282649999	0.0053138594462961	0.0019442254129629	0.0298317394874073	low_or_no_effect	low/no relative effect
R-MMU-68877_MITOTIC_PROMETAPHASE	gray_low_effect	low/no relative effect		not reviewed; low relative effect	not assessed		Kept gray because original quantitative effect threshold marked this row low/no relative effect.		-0.0041278687421428	0.5826718141624506	0.0041278687421428	0.0045011311170369	0.0019497758170369	0.0298317394874073	low_or_no_effect	low/no relative effect
R-MMU-9769739_REGULATION_OF_CLOTTING_CASCADE	gray_low_effect	low/no relative effect		not reviewed; low relative effect	not assessed		Kept gray because original quantitative effect threshold marked this row low/no relative effect.		-0.0036021403598857	0.3617418073746219	0.0036021403598857	0.005340710664074	0.0019618585262963	0.0298317394874073	low_or_no_effect	low/no relative effect
R-MMU-2187338_VISUAL_PHOTOTRANSDUCTION	gray_low_effect	low/no relative effect		not reviewed; low relative effect	not assessed		Kept gray because original quantitative effect threshold marked this row low/no relative effect.		-0.0012017489698	0.5743765365405582	0.0012017489698	0.0034362005639259	0.0020570375871851	0.0298317394874073	low_or_no_effect	low/no relative effect
R-MMU-199977_ER_TO_GOLGI_ANTEROGRADE_TRANSPORT	gray_low_effect	low/no relative effect		not reviewed; low relative effect	not assessed		Kept gray because original quantitative effect threshold marked this row low/no relative effect.		-0.00263879809616	0.2450043398702537	0.00263879809616	0.0032279437950148	0.0020644240457259	0.0298317394874073	low_or_no_effect	low/no relative effect
R-MMU-418346_PLATELET_HOMEOSTASIS	gray_low_effect	low/no relative effect		not reviewed; low relative effect	not assessed		Kept gray because original quantitative effect threshold marked this row low/no relative effect.		-0.0010885383991999	0.7981164961611095	0.0010885383991999	0.0056202769572221	0.0021103307983332	0.0298317394874073	low_or_no_effect	low/no relative effect
R-MMU-9749641_ASPIRIN_ADME	gray_low_effect	low/no relative effect		not reviewed; low relative effect	not assessed		Kept gray because original quantitative effect threshold marked this row low/no relative effect.		-0.0013853580351342	0.6294184682062978	0.0013853580351342	0.0043149597889814	0.0021130489313518	0.0298317394874073	low_or_no_effect	low/no relative effect
R-MMU-69206_G1_S_TRANSITION	gray_low_effect	low/no relative effect		not reviewed; low relative effect	not assessed		Kept gray because original quantitative effect threshold marked this row low/no relative effect.		-0.0025529020863714	0.5824436390383689	0.0025529020863714	0.0026333901087036	0.0021948613353704	0.0298317394874073	low_or_no_effect	low/no relative effect
R-MMU-6806667_METABOLISM_OF_FAT_SOLUBLE_VITAMINS	gray_low_effect	low/no relative effect		not reviewed; low relative effect	not assessed		Kept gray because original quantitative effect threshold marked this row low/no relative effect.		-0.0024325346214999	0.3533859345722113	0.0024325346214999	0.0033955395624074	0.002212077859074	0.0298317394874073	low_or_no_effect	low/no relative effect
R-MMU-9006927_SIGNALING_BY_NON_RECEPTOR_TYROSINE_KINASES	gray_low_effect	low/no relative effect		not reviewed; low relative effect	not assessed		Kept gray because original quantitative effect threshold marked this row low/no relative effect.		-0.0012337557316857	0.7493123067415657	0.0012337557316857	0.0061219514549629	0.0022203348512592	0.0298317394874073	low_or_no_effect	low/no relative effect
R-MMU-5358351_SIGNALING_BY_HEDGEHOG	gray_low_effect	low/no relative effect		not reviewed; low relative effect	not assessed		Kept gray because original quantitative effect threshold marked this row low/no relative effect.		-0.0016788329884999	0.7622786254483439	0.0016788329884999	0.002240381499537	0.002240381499537	0.0298317394874073	low_or_no_effect	low/no relative effect
R-MMU-5626467_RHO_GTPASES_ACTIVATE_IQGAPS	gray_low_effect	low/no relative effect		not reviewed; low relative effect	not assessed		Kept gray because original quantitative effect threshold marked this row low/no relative effect.		-0.0029115858868285	0.2124161497136314	0.0029115858868285	0.0022565382433332	0.0022565382433332	0.0298317394874073	low_or_no_effect	low/no relative effect
R-MMU-69242_S_PHASE	gray_low_effect	low/no relative effect		not reviewed; low relative effect	not assessed		Kept gray because original quantitative effect threshold marked this row low/no relative effect.		-0.0022211407360714	0.2763507955871188	0.0022211407360714	0.004049154241148	0.0023180108518148	0.0298317394874073	low_or_no_effect	low/no relative effect
R-MMU-6811558_PI5P_PP2A_AND_IER3_REGULATE_PI3K_AKT_SIGNALING	gray_low_effect	low/no relative effect		not reviewed; low relative effect	not assessed		Kept gray because original quantitative effect threshold marked this row low/no relative effect.		-0.0015107750760714	0.5480658883790631	0.0015107750760714	0.0044537707949073	0.0023501526606481	0.0298317394874073	low_or_no_effect	low/no relative effect
R-MMU-5693565_RECRUITMENT_AND_ATM_MEDIATED_PHOSPHORYLATION_OF_REPAIR_AND_SIGNALING_PROTEINS_AT_DNA_DOUBLE_STRAND_BREAKS	gray_low_effect	low/no relative effect		not reviewed; low relative effect	not assessed		Kept gray because original quantitative effect threshold marked this row low/no relative effect.		-0.0026109333638571	0.2124161497136314	0.0026109333638571	0.0026951613857406	0.0024529095524074	0.0298317394874073	low_or_no_effect	low/no relative effect
R-MMU-9975921_ASSEMBLY_OF_THE_9_0_PRIMARY_CILIUM	gray_low_effect	low/no relative effect		not reviewed; low relative effect	not assessed		Kept gray because original quantitative effect threshold marked this row low/no relative effect.		-0.0019256378366571	0.4034424839827852	0.0019256378366571	0.0029560223125184	0.0025883622832592	0.0298317394874073	low_or_no_effect	low/no relative effect
R-MMU-9013408_RHOG_GTPASE_CYCLE	gray_low_effect	low/no relative effect		not reviewed; low relative effect	not assessed		Kept gray because original quantitative effect threshold marked this row low/no relative effect.		-0.0031603110573571	0.0330831210645476	0.0031603110573571	0.002606978203148	0.002606978203148	0.0298317394874073	low_or_no_effect	low/no relative effect
R-MMU-5689880_UB_SPECIFIC_PROCESSING_PROTEASES	gray_low_effect	low/no relative effect		not reviewed; low relative effect	not assessed		Kept gray because original quantitative effect threshold marked this row low/no relative effect.		-0.0025707115055857	0.604825561716658	0.0025707115055857	0.0027830263749444	0.0027830263749444	0.0298317394874073	low_or_no_effect	low/no relative effect
R-MMU-453274_MITOTIC_G2_G2_M_PHASES	gray_low_effect	low/no relative effect		not reviewed; low relative effect	not assessed		Kept gray because original quantitative effect threshold marked this row low/no relative effect.		-0.003842705724	0.5686598008601887	0.003842705724	0.0041492010577777	0.002803132531111	0.0298317394874073	low_or_no_effect	low/no relative effect
R-MMU-9013148_CDC42_GTPASE_CYCLE	gray_low_effect	low/no relative effect		not reviewed; low relative effect	not assessed		Kept gray because original quantitative effect threshold marked this row low/no relative effect.		-0.0013786288537428	0.7183692606611338	0.0013786288537428	0.0042493376808703	0.0028335481790185	0.0298317394874073	low_or_no_effect	low/no relative effect
R-MMU-2428924_IGF1R_SIGNALING_CASCADE	gray_low_effect	low/no relative effect		not reviewed; low relative effect	not assessed		Kept gray because original quantitative effect threshold marked this row low/no relative effect.		-0.0029523620569914	0.0024384980612553	0.0029523620569914	0.0028823564561111	0.0028823564561111	0.0298317394874073	low_or_no_effect	low/no relative effect
R-MMU-453279_MITOTIC_G1_PHASE_AND_G1_S_TRANSITION	gray_low_effect	low/no relative effect		not reviewed; low relative effect	not assessed		Kept gray because original quantitative effect threshold marked this row low/no relative effect.		-0.0037596789141285	0.2826198726511236	0.0037596789141285	0.0065726393321111	0.0029585530354444	0.0298317394874073	low_or_no_effect	low/no relative effect
R-MMU-9917777_EPIGENETIC_REGULATION_BY_WDR5_CONTAINING_HISTONE_MODIFYING_COMPLEXES	gray_low_effect	low/no relative effect		not reviewed; low relative effect	not assessed		Kept gray because original quantitative effect threshold marked this row low/no relative effect.		-0.0047476952999857	0.2124161497136314	0.0047476952999857	0.003948124887111	0.0029996447751111	0.0298317394874073	low_or_no_effect	low/no relative effect
R-MMU-168181_TOLL_LIKE_RECEPTOR_7_8_TLR7_8_CASCADE	gray_low_effect	low/no relative effect		not reviewed; low relative effect	not assessed		Kept gray because original quantitative effect threshold marked this row low/no relative effect.		-0.0029754551797285	0.2404409125812775	0.0029754551797285	0.0030717486982591	0.0030717486982591	0.0298317394874073	low_or_no_effect	low/no relative effect
R-MMU-1236975_ANTIGEN_PROCESSING_CROSS_PRESENTATION	gray_low_effect	low/no relative effect		not reviewed; low relative effect	not assessed		Kept gray because original quantitative effect threshold marked this row low/no relative effect.		-0.0037816556826857	0.1017789816494117	0.0037816556826857	0.0048529564687036	0.0031576310964814	0.0298317394874073	low_or_no_effect	low/no relative effect
R-MMU-211897_CYTOCHROME_P450_ARRANGED_BY_SUBSTRATE_TYPE	gray_low_effect	low/no relative effect		not reviewed; low relative effect	not assessed		Kept gray because original quantitative effect threshold marked this row low/no relative effect.		-0.0034571733138428	1.174627613193977e-05	0.0034571733138428	0.0032312216249258	0.0032312216249258	0.0298317394874073	low_or_no_effect	low/no relative effect
R-MMU-2029482_REGULATION_OF_ACTIN_DYNAMICS_FOR_PHAGOCYTIC_CUP_FORMATION	gray_low_effect	low/no relative effect		not reviewed; low relative effect	not assessed		Kept gray because original quantitative effect threshold marked this row low/no relative effect.		-0.0031198581537857	0.3362874106998867	0.0031198581537857	0.0033753928733333	0.0033753928733333	0.0298317394874073	low_or_no_effect	low/no relative effect
R-MMU-5689901_METALLOPROTEASE_DUBS	gray_low_effect	low/no relative effect		not reviewed; low relative effect	not assessed		Kept gray because original quantitative effect threshold marked this row low/no relative effect.		-0.0036742131939999	0.5174319469517443	0.0036742131939999	0.0070429561298147	0.0037010503187037	0.0298317394874073	low_or_no_effect	low/no relative effect
R-MMU-8953854_METABOLISM_OF_RNA	gray_low_effect	low/no relative effect		not reviewed; low relative effect	not assessed		Kept gray because original quantitative effect threshold marked this row low/no relative effect.		-0.0101148314285717	0.8578909554235555	0.0101148314285717	0.029031146111111	0.0037350983333333	0.0298317394874073	low_or_no_effect	low/no relative effect
R-MMU-9958825_ACTIVATION_OF_STAT3_BY_CADHERIN_ENGAGEMENT	gray_low_effect	low/no relative effect		not reviewed; low relative effect	not assessed		Kept gray because original quantitative effect threshold marked this row low/no relative effect.		-0.0032808422453514	0.2124161497136314	0.0032808422453514	0.003844366378074	0.003844366378074	0.0298317394874073	low_or_no_effect	low/no relative effect
R-MMU-166166_MYD88_INDEPENDENT_TLR4_CASCADE	gray_low_effect	low/no relative effect		not reviewed; low relative effect	not assessed		Kept gray because original quantitative effect threshold marked this row low/no relative effect.		-0.0044891193522857	0.3617418073746219	0.0044891193522857	0.0044103086612962	0.0038632725168518	0.0298317394874073	low_or_no_effect	low/no relative effect
R-MMU-5693607_PROCESSING_OF_DNA_DOUBLE_STRAND_BREAK_ENDS	gray_low_effect	low/no relative effect		not reviewed; low relative effect	not assessed		Kept gray because original quantitative effect threshold marked this row low/no relative effect.		-0.0050717999838571	0.063003700037068	0.0050717999838571	0.0041522931425925	0.0040406909203703	0.0298317394874073	low_or_no_effect	low/no relative effect
R-MMU-9842860_REGULATION_OF_ENDOGENOUS_RETROELEMENTS	gray_low_effect	low/no relative effect		not reviewed; low relative effect	not assessed		Kept gray because original quantitative effect threshold marked this row low/no relative effect.		-0.0057445637359142	0.1262986602386577	0.0057445637359142	0.0044021036213703	0.0042943442135926	0.0298317394874073	low_or_no_effect	low/no relative effect
R-MMU-975634_RETINOID_METABOLISM_AND_TRANSPORT	gray_low_effect	low/no relative effect		not reviewed; low relative effect	not assessed		Kept gray because original quantitative effect threshold marked this row low/no relative effect.		-0.0045752016307142	0.2532373578855715	0.0045752016307142	0.0044512636777777	0.0044512636777777	0.0298317394874073	low_or_no_effect	low/no relative effect
R-MMU-114604_GPVI_MEDIATED_ACTIVATION_CASCADE	gray_low_effect	low/no relative effect		not reviewed; low relative effect	not assessed		Kept gray because original quantitative effect threshold marked this row low/no relative effect.		-0.0025368671595857	0.6566914314821091	0.0025368671595857	0.0079842989961295	0.0048427114594259	0.0298317394874073	low_or_no_effect	low/no relative effect
R-MMU-388841_REGULATION_OF_T_CELL_ACTIVATION_BY_CD28_FAMILY	gray_low_effect	low/no relative effect		not reviewed; low relative effect	not assessed		Kept gray because original quantitative effect threshold marked this row low/no relative effect.		-0.0070146723431428	0.3940271537416192	0.0070146723431428	0.005101689725111	0.005101689725111	0.0298317394874073	low_or_no_effect	low/no relative effect
R-MMU-202433_GENERATION_OF_SECOND_MESSENGER_MOLECULES	gray_low_effect	low/no relative effect		not reviewed; low relative effect	not assessed		Kept gray because original quantitative effect threshold marked this row low/no relative effect.		-0.0051075061316285	0.0404763586239584	0.0051075061316285	0.0053452168907406	0.0053452168907406	0.0298317394874073	low_or_no_effect	low/no relative effect
R-MMU-382556_ABC_FAMILY_PROTEIN_MEDIATED_TRANSPORT	blue_plausible_complementary	plausible/complementary	FLT_down	plausible_indirect	FLT_down is plausible but weak	low	Transport remodeling is plausible during spaceflight muscle adaptation, but ABC-family-specific decrease evidence is not direct.	Sandona2012;Gambara2017	0.0060927932642857	0.9348959059842276	0.0060927932642857	0.1836076413055555	0.0056531134944444	0.0298317394874073	plausible_complementary	plausible/complementary
R-MMU-3299685_DETOXIFICATION_OF_REACTIVE_OXYGEN_SPECIES	gray_low_effect	low/no relative effect		not reviewed; low relative effect	not assessed		Kept gray because original quantitative effect threshold marked this row low/no relative effect.		-0.0056457296579142	0.0116142766808621	0.0056457296579142	0.0057260960224073	0.0057260960224073	0.0298317394874073	low_or_no_effect	low/no relative effect
R-MMU-204998_CELL_DEATH_SIGNALLING_VIA_NRAGE_NRIF_AND_NADE	gray_low_effect	low/no relative effect		not reviewed; low relative effect	not assessed		Kept gray because original quantitative effect threshold marked this row low/no relative effect.		-0.0056720388998571	0.1702183512302345	0.0056720388998571	0.0060738806837036	0.0060738806837036	0.0298317394874073	low_or_no_effect	low/no relative effect
R-MMU-774815_NUCLEOSOME_ASSEMBLY	gray_low_effect	low/no relative effect		not reviewed; low relative effect	not assessed		Kept gray because original quantitative effect threshold marked this row low/no relative effect.		-0.0074553955742857	0.0321303769917575	0.0074553955742857	0.0061511097092592	0.0061079489870369	0.0298317394874073	low_or_no_effect	low/no relative effect
R-MMU-69481_G2_M_CHECKPOINTS	gray_low_effect	low/no relative effect		not reviewed; low relative effect	not assessed		Kept gray because original quantitative effect threshold marked this row low/no relative effect.		-0.0082121696715714	0.0216282618205291	0.0082121696715714	0.0067338454324814	0.0067338454324814	0.0298317394874073	low_or_no_effect	low/no relative effect
R-MMU-983168_ANTIGEN_PROCESSING_UBIQUITINATION_PROTEASOME_DEGRADATION	gray_low_effect	low/no relative effect		not reviewed; low relative effect	not assessed		Kept gray because original quantitative effect threshold marked this row low/no relative effect.		-0.0073400962972285	0.1536404595888368	0.0073400962972285	0.007072109117037	0.006775795077037	0.0298317394874073	low_or_no_effect	low/no relative effect
R-MMU-166520_SIGNALING_BY_NTRKS	gray_low_effect	low/no relative effect		not reviewed; low relative effect	not assessed		Kept gray because original quantitative effect threshold marked this row low/no relative effect.		-0.0063508841107142	0.2404409125812775	0.0063508841107142	0.0068118746512962	0.0068118746512962	0.0298317394874073	low_or_no_effect	low/no relative effect
R-MMU-168138_TOLL_LIKE_RECEPTOR_9_TLR9_CASCADE	gray_low_effect	low/no relative effect		not reviewed; low relative effect	not assessed		Kept gray because original quantitative effect threshold marked this row low/no relative effect.		-0.0096706417242857	0.2124161497136314	0.0096706417242857	0.0071288955437036	0.0071288955437036	0.0298317394874073	low_or_no_effect	low/no relative effect
R-MMU-71387_METABOLISM_OF_CARBOHYDRATES_AND_CARBOHYDRATE_DERIVATIVES	red_conflict_or_artifact	conflict/artifact	FLT_down	conflict_with_prior_direction	FLT_down conflicts with glycolytic-shift evidence	medium	Spaceflight muscle proteomics supports increased glycolytic/glucose-metabolism proteins during slow-to-fast metabolic remodeling, so lower carbohydrate-metabolism signal is not aligned.	Tascher2017;Gambara2017	-0.0970472520357144	0.647884384020306	0.0970472520357144	0.321585712398148	0.007490321287037	0.0298317394874073	prior_literature_match	prior literature match
R-MMU-5693567_HDR_THROUGH_HOMOLOGOUS_RECOMBINATION_HRR_OR_SINGLE_STRAND_ANNEALING_SSA	gray_low_effect	low/no relative effect		not reviewed; low relative effect	not assessed		Kept gray because original quantitative effect threshold marked this row low/no relative effect.		-0.0085779159996428	0.063003700037068	0.0085779159996428	0.0076429084054073	0.0076429084054073	0.0298317394874073	low_or_no_effect	low/no relative effect
R-MMU-380108_CHEMOKINE_RECEPTORS_BIND_CHEMOKINES	gray_low_effect	low/no relative effect		not reviewed; low relative effect	not assessed		Kept gray because original quantitative effect threshold marked this row low/no relative effect.		-0.0097071015212857	0.2260268198264043	0.0097071015212857	0.0076714241378147	0.0076714241378147	0.0298317394874073	low_or_no_effect	low/no relative effect
R-MMU-4839726_CHROMATIN_ORGANIZATION	orange_uncertain_no_direct_support	uncertain/no direct support	FLT_down	uncertain_broad	FLT_down lacks direct support	low	Chromatin organization may participate in transcriptional adaptation, but direct soleus-spaceflight pathway direction is not established.	Okada2021;Gambara2017	-0.0065936814285714	0.9165299548513824	0.0065936814285714	0.0701785266666666	0.0081046733333334	0.0298317394874073	plausible_complementary	plausible/complementary
R-MMU-1280218_ADAPTIVE_IMMUNE_SYSTEM	orange_uncertain_no_direct_support	uncertain/no direct support	FLT_down	uncertain_specific_pathway	FLT_down lacks direct adaptive immune support	low	Space-flown soleus supports inflammatory chemokines and innate immune remodeling more than a clear adaptive immune pathway decrease.	Gambara2017;Tidball2002	-0.0255122609428573	0.7608545292167727	0.0255122609428573	0.1533634918518517	0.008464525185185	0.0298317394874073	prior_literature_match	prior literature match
R-MMU-9711123_CELLULAR_RESPONSE_TO_CHEMICAL_STRESS	gray_low_effect	low/no relative effect		not reviewed; low relative effect	not assessed		Kept gray because original quantitative effect threshold marked this row low/no relative effect.		-0.0074644683817142	0.3149575005495993	0.0074644683817142	0.008702910431111	0.008702910431111	0.0298317394874073	low_or_no_effect	low/no relative effect
R-MMU-69231_CYCLIN_D_ASSOCIATED_EVENTS_IN_G1	gray_low_effect	low/no relative effect		not reviewed; low relative effect	not assessed		Kept gray because original quantitative effect threshold marked this row low/no relative effect.		-0.0126461395253571	0.0746175820840164	0.0126461395253571	0.0138931154606481	0.0090230954939814	0.0298317394874073	low_or_no_effect	low/no relative effect
R-MMU-383280_NUCLEAR_RECEPTOR_TRANSCRIPTION_PATHWAY	gray_low_effect	low/no relative effect		not reviewed; low relative effect	not assessed		Kept gray because original quantitative effect threshold marked this row low/no relative effect.		-0.0062883622685714	0.6061618362172885	0.0062883622685714	0.0179878652962962	0.0090532856296296	0.0298317394874073	low_or_no_effect	low/no relative effect
R-MMU-416476_G_ALPHA_Q_SIGNALLING_EVENTS	gray_low_effect	low/no relative effect		not reviewed; low relative effect	not assessed		Kept gray because original quantitative effect threshold marked this row low/no relative effect.		-0.0110025379979714	0.0227902106164863	0.0110025379979714	0.009082290703074	0.009082290703074	0.0298317394874073	low_or_no_effect	low/no relative effect
R-MMU-5683057_MAPK_FAMILY_SIGNALING_CASCADES	orange_uncertain_no_direct_support	uncertain/no direct support	FLT_down	mixed_or_uncertain	FLT_down direction is unresolved	medium	MAPK-family signaling is plausible in disuse and inflammatory stress, but prior studies do not establish a broad MAPK cascade decrease in space-flown soleus.	Chopard2009;Bonaldo2013	-0.029625923746	0.5282296406584356	0.029625923746	0.0508433574351851	0.0096320547907407	0.0298317394874073	plausible_complementary	plausible/complementary
R-MMU-418990_ADHERENS_JUNCTIONS_INTERACTIONS	gray_low_effect	low/no relative effect		not reviewed; low relative effect	not assessed		Kept gray because original quantitative effect threshold marked this row low/no relative effect.		-0.0109883615972857	0.4034424839827852	0.0109883615972857	0.0127585835257407	0.0096759731924074	0.0298317394874073	low_or_no_effect	low/no relative effect
R-MMU-373760_L1CAM_INTERACTIONS	gray_low_effect	low/no relative effect		not reviewed; low relative effect	not assessed		Kept gray because original quantitative effect threshold marked this row low/no relative effect.		-0.0110479513492857	0.1370487040006432	0.0110479513492857	0.0121630359083333	0.009872939475	0.0298317394874073	low_or_no_effect	low/no relative effect
R-MMU-9759476_REGULATION_OF_HOMOTYPIC_CELL_CELL_ADHESION	gray_low_effect	low/no relative effect		not reviewed; low relative effect	not assessed		Kept gray because original quantitative effect threshold marked this row low/no relative effect.		-0.0112716126508285	0.1535767092175453	0.0112716126508285	0.0113036441564814	0.0113036441564814	0.0298317394874073	low_or_no_effect	low/no relative effect
R-MMU-983712_ION_CHANNEL_TRANSPORT	orange_uncertain_no_direct_support	uncertain/no direct support	FLT_down	mixed_direction	FLT_down is mixed	medium	Long-duration microgravity reported many sarcolemmal ion-channel subunits up-regulated, while space-flown soleus showed Kcnma1 down-regulation, making broad ion-channel transport direction mixed.	Sandona2012;Gambara2017	0.0361709319285712	0.7551268068889917	0.0361709319285712	0.1772907130925925	0.0113170717962962	0.0298317394874073	prior_literature_match	prior literature match
R-MMU-68875_MITOTIC_PROPHASE	gray_low_effect	low/no relative effect		not reviewed; low relative effect	not assessed		Kept gray because original quantitative effect threshold marked this row low/no relative effect.		-0.0120256418149999	0.1058636125280066	0.0120256418149999	0.0114155062477777	0.0114155062477777	0.0298317394874073	low_or_no_effect	low/no relative effect
R-MMU-166658_COMPLEMENT_CASCADE	gray_low_effect	low/no relative effect		not reviewed; low relative effect	not assessed		Kept gray because original quantitative effect threshold marked this row low/no relative effect.		0.0041692432457143	0.9637011321325616	0.0041692432457143	0.0214312468592591	0.0116346368592592	0.0298317394874073	low_or_no_effect	low/no relative effect
R-MMU-72766_TRANSLATION	gray_low_effect	low/no relative effect		not reviewed; low relative effect	not assessed		Kept gray because original quantitative effect threshold marked this row low/no relative effect.		-0.0076073781428571	0.5739549559426327	0.0076073781428571	0.0172500505333333	0.0117557989111111	0.0298317394874073	low_or_no_effect	low/no relative effect
R-MMU-446203_ASPARAGINE_N_LINKED_GLYCOSYLATION	gray_low_effect	low/no relative effect		not reviewed; low relative effect	not assessed		Kept gray because original quantitative effect threshold marked this row low/no relative effect.		-0.0110372895103285	0.1531849325835809	0.0110372895103285	0.0117732882089814	0.0117732882089814	0.0298317394874073	low_or_no_effect	low/no relative effect
R-MMU-2299718_CONDENSATION_OF_PROPHASE_CHROMOSOMES	gray_low_effect	low/no relative effect		not reviewed; low relative effect	not assessed		Kept gray because original quantitative effect threshold marked this row low/no relative effect.		-0.0145298746996	0.0218662997914843	0.0145298746996	0.0127242720249999	0.0127242720249999	0.0298317394874073	low_or_no_effect	low/no relative effect
R-MMU-3247509_CHROMATIN_MODIFYING_ENZYMES	gray_low_effect	low/no relative effect		not reviewed; low relative effect	not assessed		Kept gray because original quantitative effect threshold marked this row low/no relative effect.		-0.0165737038825428	0.0178728554061827	0.0165737038825428	0.0141088793482962	0.0135149667927407	0.0298317394874073	low_or_no_effect	low/no relative effect
R-MMU-5693532_DNA_DOUBLE_STRAND_BREAK_REPAIR	gray_low_effect	low/no relative effect		not reviewed; low relative effect	not assessed		Kept gray because original quantitative effect threshold marked this row low/no relative effect.		-0.0144179329562857	0.0321303769917575	0.0144179329562857	0.0140043943088888	0.0140043943088888	0.0298317394874073	low_or_no_effect	low/no relative effect
R-MMU-9612973_AUTOPHAGY	gray_low_effect	low/no relative effect		not reviewed; low relative effect	not assessed		Kept gray because original quantitative effect threshold marked this row low/no relative effect.		-0.0108995292688428	0.1956931624341973	0.0108995292688428	0.0141962795811851	0.0141962795811851	0.0298317394874073	low_or_no_effect	low/no relative effect
R-MMU-9707564_CYTOPROTECTION_BY_HMOX1	gray_low_effect	low/no relative effect		not reviewed; low relative effect	not assessed		Kept gray because original quantitative effect threshold marked this row low/no relative effect.		-0.0149340546318571	0.1058636125280066	0.0149340546318571	0.0144953487438888	0.0144953487438888	0.0298317394874073	low_or_no_effect	low/no relative effect
R-MMU-5578775_ION_HOMEOSTASIS	gray_low_effect	low/no relative effect		not reviewed; low relative effect	not assessed		Kept gray because original quantitative effect threshold marked this row low/no relative effect.		-0.0148201646177628	0.0864155629362231	0.0148201646177628	0.0159274702387221	0.0159274702387221	0.0298317394874073	low_or_no_effect	low/no relative effect
R-MMU-9955298_SLC_MEDIATED_TRANSPORT_OF_ORGANIC_ANIONS	orange_uncertain_no_direct_support	uncertain/no direct support	FLT_down	uncertain_specific_pathway	FLT_down lacks direct support	low	SLC transport broadly changes in muscle, but organic-anion transport is specific and not directly supported as decreased in soleus spaceflight literature.	Sandona2012;Gambara2017	-0.0552276963528571	0.5669455555744073	0.0552276963528571	0.1035454044203703	0.0181668699759259	0.0298317394874073	plausible_complementary	plausible/complementary
R-MMU-500792_GPCR_LIGAND_BINDING	blue_plausible_complementary	plausible/complementary	FLT_down	plausible_indirect	FLT_down is plausible but broad	low	GPCR ligand binding could reflect chemokine, adrenergic, or metabolic signaling changes in either direction; direct pathway-level direction evidence is weak.	Gambara2017;Chopard2009	0.0205587825799999	0.9054493443047018	0.0205587825799999	0.2203228385740741	0.0187035054259258	0.0298317394874073	plausible_complementary	plausible/complementary
R-MMU-1632852_MACROAUTOPHAGY	orange_uncertain_no_direct_support	uncertain/no direct support	FLT_down	mixed_or_uncertain	FLT_down is mixed	medium	Autophagy is a recognized atrophy/proteostasis mechanism, but long-duration spaceflight soleus reported autophagy genes near control, so decreased macroautophagy is not clearly aligned.	Sandona2012;Bonaldo2013;Tascher2017	-0.0354255348571426	0.6990010435386007	0.0354255348571426	0.0426533675925924	0.0192269342592593	0.0298317394874073	prior_literature_match	prior literature match
R-MMU-3700989_TRANSCRIPTIONAL_REGULATION_BY_TP53	gray_low_effect	low/no relative effect		not reviewed; low relative effect	not assessed		Kept gray because original quantitative effect threshold marked this row low/no relative effect.		-0.0174617114817857	0.1431366594663537	0.0174617114817857	0.019598236830648	0.019598236830648	0.0298317394874073	low_or_no_effect	low/no relative effect
R-MMU-71291_METABOLISM_OF_AMINO_ACIDS_AND_DERIVATIVES	orange_uncertain_no_direct_support	uncertain/no direct support	FLT_down	mixed_or_uncertain	FLT_down is uncertain	medium	Amino-acid handling changes with protein catabolism and turnover during atrophy, but direct soleus-spaceflight pathway direction is not strong.	Bonaldo2013;Tascher2017	-0.0867565175999998	0.5824436390383689	0.0867565175999998	0.3089575671111111	0.0208279275555556	0.0298317394874073	prior_literature_match	prior literature match
R-MMU-73887_DEATH_RECEPTOR_SIGNALING	red_conflict_or_artifact	conflict/artifact	FLT_down	conflict_with_prior_direction	FLT_down conflicts with cell-death/TNF atrophy biology	medium	Apoptosis and TNF/NF-kB-related signaling are plausible components of disuse atrophy, so decreased death-receptor signaling is opposite that expectation, though direct pathway evidence is limited.	Chopard2009;Bonaldo2013	-0.0408275199	0.3905811456346953	0.0408275199	0.0401445061296295	0.0225311805740741	0.0298317394874073	broad_or_uncertain_signal	broad/uncertain signal
R-MMU-446728_CELL_JUNCTION_ORGANIZATION	orange_uncertain_no_direct_support	uncertain/no direct support	FLT_down	mixed_or_uncertain	FLT_down is mixed	medium	Postflight soleus proteomics found cell-junction/cytoskeletal and ECM-related enrichment, whereas mouse transcript signals are mixed; a decrease is not directly established.	Murgia2024;Okada2021	-0.0386574518571432	0.4895141378146975	0.0386574518571432	0.0767654529629627	0.0280162974074071	0.0298317394874073	broad_or_uncertain_signal	broad/uncertain signal
R-MMU-1566948_ELASTIC_FIBRE_FORMATION	orange_uncertain_no_direct_support	uncertain/no direct support	FLT_down	uncertain_specific_pathway	FLT_down lacks direct support	low	Elastic-fibre formation fits broader ECM biology, but direct soleus flight evidence is not elastic-fibre specific and does not establish a decrease.	Miller2001;Murgia2024	0.0415478138028571	0.8578909554235555	0.0415478138028571	0.2773340485185184	0.0297711198148148	0.0298317394874073	broad_or_uncertain_signal	broad/uncertain signal
R-MMU-983169_CLASS_I_MHC_MEDIATED_ANTIGEN_PROCESSING_PRESENTATION	orange_uncertain_no_direct_support	uncertain/no direct support	FLT_down	uncertain_specific_pathway	FLT_down lacks direct support	low	Immune activation is supported, but class I antigen presentation is a specific adaptive/immune-cell pathway not directly shown as decreased in soleus flight studies.	Gambara2017;Tidball2002	-0.0203815732	0.7493123067415657	0.0203815732	0.0332995635370369	0.029930363537037	0.0298317394874073	broad_or_uncertain_signal	broad/uncertain signal
R-MMU-73857_RNA_POLYMERASE_II_TRANSCRIPTION	orange_uncertain_no_direct_support	uncertain/no direct support	FLT_down	uncertain_broad	FLT_down is too nonspecific to align	low	RNA polymerase II transcription is too broad to infer meaningful direction despite strong overall transcriptomic remodeling.	Okada2021;Gambara2017	-0.0268013105714282	0.7608545292167727	0.0268013105714282	0.0728858474074074	0.0303180881481482	0.0298317394874073	broad_or_uncertain_signal	broad/uncertain signal
R-MMU-201681_TCF_DEPENDENT_SIGNALING_IN_RESPONSE_TO_WNT	green_prior_aligned	prior literature aligned	FLT_down	aligned_close	FLT_down aligns with WNT marker evidence	medium	Space-flown mouse soleus showed reduced Fzd9, a Frizzled/WNT receptor and NMJ marker, so lower canonical TCF/WNT signaling is more consistent with prior soleus evidence than an increase.	Gambara2017	-0.0582474618999999	0.5097606535403589	0.0582474618999999	0.1196585027962965	0.030489263685185	0.0298317394874073	plausible_complementary	plausible/complementary
R-MMU-1500931_CELL_CELL_COMMUNICATION	orange_uncertain_no_direct_support	uncertain/no direct support	FLT_down	uncertain_broad	FLT_down lacks specificity	low	Cell-cell communication could include immune, vascular, and ECM crosstalk, but the broad pathway has no clear direction-specific support.	Tidball2002;Murgia2024	-0.0353432404285718	0.6263692927986131	0.0353432404285718	0.0744457844444443	0.030538651111111	0.0298317394874073	broad_or_uncertain_signal	broad/uncertain signal
R-MMU-449147_SIGNALING_BY_INTERLEUKINS	blue_plausible_complementary	plausible/complementary	FLT_down	mixed_but_plausible	FLT_down is plausible but mixed	medium	Inflammatory chemokines rise in space-flown soleus, but IL-6 was reported down in long-duration space-flown soleus, so interleukin direction remains mixed.	Gambara2017;Sandona2012	-0.0637422937857141	0.5508425847019985	0.0637422937857141	0.1268247941666667	0.0320512363888888	0.0298317394874073	prior_literature_match	prior literature match
R-MMU-5357801_PROGRAMMED_CELL_DEATH	red_conflict_or_artifact	conflict/artifact	FLT_down	conflict_with_prior_direction	FLT_down conflicts with atrophy literature	high	Programmed cell-death signaling is implicated in skeletal muscle atrophy and spaceflight proteome remodeling, so a flight decrease conflicts with the expected direction.	Tascher2017;Bonaldo2013	-0.0310090699257142	0.062230711294744	0.0310090699257142	0.0357129224862962	0.0357129224862962	0.0298317394874073	prior_literature_match	prior literature match
R-MMU-168249_INNATE_IMMUNE_SYSTEM	red_conflict_or_artifact	conflict/artifact	FLT_down	conflict_with_prior_direction	FLT_down conflicts with innate inflammatory response	high	Space-flown soleus shows chemokine induction, and modified loading literature supports innate immune involvement in muscle remodeling, so an innate immune decrease conflicts with prior direction.	Gambara2017;Tidball2002;Dumont2007	-0.1239730380714286	0.5508425847019985	0.1239730380714286	0.3785038483703704	0.0357607768148148	0.0298317394874073	prior_literature_match	prior literature match
R-MMU-9006936_SIGNALING_BY_TGFB_FAMILY_MEMBERS	green_prior_aligned	prior literature aligned	FLT_down	aligned_direct	FLT_down aligns with direct soleus pathway evidence	medium	Direct mouse soleus transcriptome analysis reported TGF-beta signaling among downregulated microgravity pathways, so the corrected decrease is aligned.	Okada2021	0.0021164067999999	0.9778090901543512	0.0021164067999999	0.1784950116851851	0.0408190640925925	0.0298317394874073	broad_or_uncertain_signal	broad/uncertain signal
R-MMU-112315_TRANSMISSION_ACROSS_CHEMICAL_SYNAPSES	blue_plausible_complementary	plausible/complementary	FLT_down	plausible_indirect	FLT_down is plausible but broad	low	Neuromuscular remodeling is relevant, and Fzd9 decreased in space-flown soleus, but chemical-synapse transmission is broader than the direct evidence.	Gambara2017;Murgia2024	-0.0806070244357143	0.5824436390383689	0.0806070244357143	0.2968203409166665	0.0416387649166667	0.0298317394874073	prior_literature_match	prior literature match
R-MMU-1474244_EXTRACELLULAR_MATRIX_ORGANIZATION	orange_uncertain_no_direct_support	uncertain/no direct support	FLT_down	mixed_direction	FLT_down is mixed	medium	Postflight human soleus shows ECM/basement-membrane enrichment and unloading shifts collagen composition, but lower ECM-organization signal could reflect disrupted matrix structure rather than active organization.	Murgia2024;Miller2001	-0.0299449528571429	0.6872696344720558	0.0299449528571429	0.05130274962963	0.0430435385185186	0.0298317394874073	prior_literature_match	prior literature match
R-MMU-983705_SIGNALING_BY_THE_B_CELL_RECEPTOR_BCR	orange_uncertain_no_direct_support	uncertain/no direct support	FLT_down	uncertain_off_context	FLT_down lacks direct support	low	BCR signaling is adaptive immune-cell specific; broad immune remodeling is supported, but this pathway is not directly tied to soleus flight direction.	Gambara2017;Tidball2002	-0.0617213981428571	0.2415542496968275	0.0617213981428571	0.1120539081703703	0.043636362237037	0.0298317394874073	broad_or_uncertain_signal	broad/uncertain signal
R-MMU-2980736_PEPTIDE_HORMONE_METABOLISM	orange_uncertain_no_direct_support	uncertain/no direct support	FLT_down	uncertain_broad	FLT_down lacks direct support	low	Peptide hormone metabolism is broad and not specifically supported as a decreased soleus spaceflight response.	Gambara2017;Sandona2012	-0.0774280067822857	0.3905811456346953	0.0774280067822857	0.0778513071388888	0.0447276950833333	0.0298317394874073	broad_or_uncertain_signal	broad/uncertain signal
R-MMU-2262752_CELLULAR_RESPONSES_TO_STRESS	red_conflict_or_artifact	conflict/artifact	FLT_down	conflict_with_prior_direction	FLT_down conflicts with spaceflight stress biology	medium	Spaceflight skeletal muscle shows oxidative, mitochondrial, and stress-response remodeling, so a lower cellular-stress-response signal is opposite the expected direction for this broad pathway.	Tascher2017;Murgia2024;Gambara2017	-0.1266415814285717	0.520632510526268	0.1266415814285717	0.1713274140740738	0.0449839340740744	0.0298317394874073	broad_or_uncertain_signal	broad/uncertain signal
R-MMU-216083_INTEGRIN_CELL_SURFACE_INTERACTIONS	blue_plausible_complementary	plausible/complementary	FLT_down	plausible_mechanotransduction	FLT_down is plausible but mixed	medium	Reduced load could suppress integrin mechanotransduction, while postflight ECM/cell-junction remodeling can enrich adhesion terms, so the direction is biologically plausible but not directly settled.	Murgia2024;Miller2001	-0.0070888568448571	0.9527774434076812	0.0070888568448571	0.0809405753129629	0.0463958954203704	0.0298317394874073	prior_literature_match	prior literature match
R-MMU-9769740_COAGULATION_PATHWAY	orange_uncertain_no_direct_support	uncertain/no direct support	FLT_down	uncertain_specific_pathway	FLT_down lacks direct support	low	Coagulation may tag vascular injury/inflammation and complement-linked modified loading, but direct soleus-spaceflight coagulation direction evidence is limited.	Tidball2002;Frenette2000	-0.0538403072742857	0.492646658828805	0.0538403072742857	0.0482310568425925	0.0482310568425925	0.0298317394874073	plausible_complementary	plausible/complementary
R-MMU-186797_SIGNALING_BY_PDGF	orange_uncertain_no_direct_support	uncertain/no direct support	FLT_down	uncertain_specific_pathway	FLT_down lacks direct support	low	PDGF can participate in fibroblast, vascular, and matrix responses, but prior soleus-spaceflight studies do not establish PDGF pathway down-regulation.	Miller2001;Murgia2024	-0.1143747765871429	0.5738574325378949	0.1143747765871429	0.2508774870407407	0.0486313016629629	0.0298317394874073	prior_literature_match	prior literature match
R-MMU-8953897_CELLULAR_RESPONSES_TO_STIMULI	orange_uncertain_no_direct_support	uncertain/no direct support	FLT_down	uncertain_broad	FLT_down is too nonspecific to align	low	The pathway is a broad umbrella over many stimuli and cannot be directionally matched to a specific soleus spaceflight mechanism.	Okada2021;Gambara2017	-0.0547790475714284	0.5717984528916285	0.0547790475714284	0.1113296049999998	0.0517719938888889	0.0298317394874073	broad_or_uncertain_signal	broad/uncertain signal
R-MMU-195258_RHO_GTPASE_EFFECTORS	blue_plausible_complementary	plausible/complementary	FLT_down	plausible_indirect	FLT_down is plausible but indirect	medium	Reduced load can damp mechanosensitive Rho-effector signaling, while cytoskeletal remodeling can also activate Rho pathways; direct soleus-spaceflight direction remains indirect.	Murgia2024;Chopard2009	-0.0532649013448571	0.3533859345722113	0.0532649013448571	0.0572061757722222	0.0542153668833333	0.0298317394874073	plausible_complementary	plausible/complementary
R-MMU-9006934_SIGNALING_BY_RECEPTOR_TYROSINE_KINASES	blue_plausible_complementary	plausible/complementary	FLT_down	mixed_but_plausible	FLT_down is plausible but mixed	medium	Lower broad RTK signaling is compatible with reduced IGF/PI3K/Akt anabolic signaling, but the RTK family includes repair and growth-factor pathways with mixed expected directions.	Sandona2012;Chopard2009;Bonaldo2013	-0.0572644259428573	0.5174319469517443	0.0572644259428573	0.0907563426296297	0.0587510948518519	0.0298317394874073	prior_literature_match	prior literature match
R-MMU-212436_GENERIC_TRANSCRIPTION_PATHWAY	orange_uncertain_no_direct_support	uncertain/no direct support	FLT_down	uncertain_broad	FLT_down is too nonspecific to align	low	Spaceflight changes global gene expression in soleus, but a generic transcription pathway gives no clear directional biological interpretation.	Okada2021;Gambara2017	-0.0726832375714283	0.2124161497136314	0.0726832375714283	0.075098996111111	0.0659555072222221	0.0298317394874073	broad_or_uncertain_signal	broad/uncertain signal
R-MMU-9675108_NERVOUS_SYSTEM_DEVELOPMENT	blue_plausible_complementary	plausible/complementary	FLT_down	plausible_indirect	FLT_down is plausible but broad	low	Neuromuscular junction remodeling is relevant and Fzd9, a postsynaptic/NMJ-associated marker, decreased in space-flown soleus, but nervous-system-development is a broad label.	Gambara2017;Murgia2024	-0.0763494267571428	0.4034424839827852	0.0763494267571428	0.1815633770740739	0.0694403044074074	0.0298317394874073	broad_or_uncertain_signal	broad/uncertain signal
R-MMU-76005_RESPONSE_TO_ELEVATED_PLATELET_CYTOSOLIC_CA2	orange_uncertain_no_direct_support	uncertain/no direct support	FLT_down	uncertain_off_context	FLT_down lacks direct support	low	Calcium homeostasis changes in space-flown soleus, but a platelet cytosolic calcium response is too platelet-specific for a confident muscle interpretation.	Gambara2017;Sandona2012	-0.1343667379857142	0.3503748288644271	0.1343667379857142	0.2692924151481481	0.0781897267037037	0.0298317394874073	broad_or_uncertain_signal	broad/uncertain signal
R-MMU-1280215_CYTOKINE_SIGNALING_IN_IMMUNE_SYSTEM	red_conflict_or_artifact	conflict/artifact	FLT_down	conflict_with_prior_direction	FLT_down conflicts with inflammatory signaling literature	high	Space-flown soleus up-regulated inflammatory chemokines, supporting cytokine/immune signaling activation during microgravity-induced atrophy rather than a decrease.	Gambara2017;Tidball2002	-0.0671164384971428	0.5121202005652151	0.0671164384971428	0.0789358253648147	0.0789358253648147	0.0298317394874073	prior_literature_match	prior literature match
R-MMU-389948_CO_INHIBITION_BY_PD_1	orange_uncertain_no_direct_support	uncertain/no direct support	FLT_down	uncertain_off_context	FLT_down lacks direct support	low	PD-1 co-inhibition is lymphocyte-checkpoint biology; broad immune changes in muscle are plausible, but this specific adaptive immune pathway is not directly supported.	Gambara2017;Tidball2002	-0.10418403238	0.1627547203228361	0.10418403238	0.113865851561111	0.0801678891611111	0.0298317394874073	broad_or_uncertain_signal	broad/uncertain signal
R-MMU-9932444_ATP_DEPENDENT_CHROMATIN_REMODELERS	orange_uncertain_no_direct_support	uncertain/no direct support	FLT_down	uncertain_specific_pathway	FLT_down has no direct support	low	Transcriptome remodeling is clear, but ATP-dependent chromatin remodeler decrease is not directly established in soleus microgravity.	Okada2021;Gambara2017	-0.1299537291142858	0.4034424839827852	0.1299537291142858	0.0831811344999999	0.0831811344999999	0.0298317394874073	plausible_complementary	plausible/complementary
R-MMU-390522_STRIATED_MUSCLE_CONTRACTION	green_prior_aligned	prior literature aligned	FLT_down	aligned_direct	FLT_down aligns with reduced contractile function	high	Spaceflight reduces soleus size, force, and slow-fiber contractile performance, so lower striated-muscle-contraction signal is directionally aligned despite slow-to-fast gene shifts.	Gambara2017;Fitts2010;Tsuji2026	-0.1315654229999996	0.4687292501345596	0.1315654229999996	0.3483844372222222	0.0901879572222222	0.0298317394874073	prior_literature_match	prior literature match
R-MMU-1428517_AEROBIC_RESPIRATION_AND_RESPIRATORY_ELECTRON_TRANSPORT	green_prior_aligned	prior literature aligned	FLT_down	aligned_direct	FLT_down aligns with mitochondrial downregulation	high	Human and mouse spaceflight muscle studies consistently emphasize mitochondrial/OXPHOS impairment or downregulation, supporting lower respiratory electron transport.	Tascher2017;Murgia2024;Gambara2017	-0.185801105078571	0.3940271537416192	0.185801105078571	0.2725134815648146	0.0928252815648148	0.0298317394874073	prior_literature_match	prior literature match
R-MMU-162582_SIGNAL_TRANSDUCTION	orange_uncertain_no_direct_support	uncertain/no direct support	FLT_down	uncertain_broad	FLT_down is too nonspecific to align	low	Signal transduction is too broad; prior studies show many up and down signaling changes, so a single FLT_down interpretation is not well supported.	Okada2021;Gambara2017	-0.1163204655714293	0.1603238241502586	0.1163204655714293	0.138067808888888	0.0930968688888892	0.0298317394874073	broad_or_uncertain_signal	broad/uncertain signal
R-MMU-5673001_RAF_MAP_KINASE_CASCADE	orange_uncertain_no_direct_support	uncertain/no direct support	FLT_down	mixed_or_uncertain	FLT_down direction is unresolved	medium	MAPK stress signaling is part of disuse-atrophy biology, while RAF/ERK growth signaling can move differently; prior soleus studies do not establish RAF cascade down-regulation.	Chopard2009;Bonaldo2013	-0.1327947993428568	0.1817042812349168	0.1327947993428568	0.1067789885925925	0.0947122108148148	0.0298317394874073	broad_or_uncertain_signal	broad/uncertain signal
R-MMU-5653656_VESICLE_MEDIATED_TRANSPORT	blue_plausible_complementary	plausible/complementary	FLT_down	plausible_indirect	FLT_down is plausible but weakly supported	low	Reduced vesicle-mediated transport could reflect altered membrane and proteostasis remodeling during atrophy, but direct soleus-spaceflight direction evidence is sparse.	Bonaldo2013;Tascher2017	-0.0979354959999998	0.0238370764356111	0.0979354959999998	0.0981342487037035	0.0981342487037035	0.0298317394874073	plausible_complementary	plausible/complementary
R-MMU-194138_SIGNALING_BY_VEGF	blue_plausible_complementary	plausible/complementary	FLT_down	plausible_vascular_remodeling	FLT_down is plausible but context dependent	low	Unloading can remodel muscle vasculature and angiogenic programs; a lower VEGF signal could fit capillary regression, but direction varies with recovery and tissue context.	Chopard2009;Murgia2024	-0.119384688742857	0.117116981877257	0.119384688742857	0.099502421811111	0.099502421811111	0.0298317394874073	broad_or_uncertain_signal	broad/uncertain signal
R-MMU-74160_GENE_EXPRESSION_TRANSCRIPTION	orange_uncertain_no_direct_support	uncertain/no direct support	FLT_down	uncertain_broad	FLT_down is too nonspecific to align	low	Soleus flight transcriptomes are strongly altered, but gene-expression/transcription as a broad pathway has no interpretable direction.	Okada2021;Gambara2017	-0.186184784571429	0.318017425540069	0.186184784571429	0.2451914174074073	0.1061839418518517	0.0298317394874073	broad_or_uncertain_signal	broad/uncertain signal
R-MMU-983189_KINESINS	orange_uncertain_no_direct_support	uncertain/no direct support	FLT_down	uncertain_specific_pathway	FLT_down has no direct support	low	Cytoskeletal transport may change during remodeling, but kinesin pathway decrease is not directly supported in soleus spaceflight or unloading literature.	Murgia2024	-0.1433069591285715	0.1531849325835809	0.1433069591285715	0.1152861349999999	0.1152861349999999	0.0298317394874073	broad_or_uncertain_signal	broad/uncertain signal
R-MMU-1630316_GLYCOSAMINOGLYCAN_METABOLISM	orange_uncertain_no_direct_support	uncertain/no direct support	FLT_down	uncertain_specific_pathway	FLT_down lacks direct support	low	Glycosaminoglycan metabolism is compatible with ECM turnover, but direct soleus unloading direction evidence is not specific.	Miller2001;Murgia2024	-0.0983525888457143	0.5084585744774966	0.0983525888457143	0.1173810345407407	0.1173810345407407	0.0298317394874073	broad_or_uncertain_signal	broad/uncertain signal
R-MMU-913531_INTERFERON_SIGNALING	orange_uncertain_no_direct_support	uncertain/no direct support	FLT_down	mixed_or_uncertain	FLT_down is uncertain for interferon signaling	medium	Space-flown soleus shows inflammatory chemokine induction, but interferon-specific direction is weakly supported and may differ from general inflammation.	Gambara2017;Tidball2002	-0.0926019285857144	0.3362874106998867	0.0926019285857144	0.1494363015185184	0.1174301000370369	0.0298317394874073	prior_literature_match	prior literature match
R-MMU-2129379_MOLECULES_ASSOCIATED_WITH_ELASTIC_FIBRES	orange_uncertain_no_direct_support	uncertain/no direct support	FLT_down	uncertain_specific_pathway	FLT_down has weak direct support	low	Elastic-fibre molecules fit the broader ECM response, but direct elastic-fibre direction evidence in soleus unloading is weak.	Miller2001;Murgia2024	-0.1009492948951428	0.4701143009480707	0.1009492948951428	0.1223820164918518	0.1223820164918518	0.0298317394874073	broad_or_uncertain_signal	broad/uncertain signal
R-MMU-196854_METABOLISM_OF_VITAMINS_AND_COFACTORS	orange_uncertain_no_direct_support	uncertain/no direct support	FLT_down	uncertain_broad	FLT_down has no clear pathway-specific support	low	Spaceflight alters muscle metabolism broadly, but vitamin/cofactor metabolism direction is not specifically established for soleus unloading.	Gambara2017;Tascher2017	-0.1693919860750001	0.1052770724183638	0.1693919860750001	0.1275624435101851	0.1267980990657407	0.0298317394874073	broad_or_uncertain_signal	broad/uncertain signal
R-MMU-425407_SLC_MEDIATED_TRANSMEMBRANE_TRANSPORT	blue_plausible_complementary	plausible/complementary	FLT_down	mixed_transport_signal	FLT_down is plausible but heterogeneous	medium	Unloading and spaceflight alter ion and metabolite transporters in soleus, but SLC families are heterogeneous and direction is not uniform.	Sandona2012;Gambara2017	-0.1962365978428573	0.2124161497136314	0.1962365978428573	0.2545037790185186	0.1283357119074073	0.0298317394874073	plausible_complementary	plausible/complementary
R-MMU-556833_METABOLISM_OF_LIPIDS	green_prior_aligned	prior literature aligned	FLT_down	aligned_close	FLT_down aligns with impaired lipid metabolism	high	Direct muscle evidence emphasizes reduced fatty-acid oxidation and mitochondrial programs during spaceflight, supporting a lower lipid-metabolism signal despite the pathway breadth.	Gambara2017;Tascher2017;Murgia2024	-0.2461893198	0.2593623715987342	0.2461893198	0.3043056107037037	0.147234460037037	0.0298317394874073	prior_literature_match	prior literature match
R-MMU-9709957_SENSORY_PERCEPTION	red_conflict_or_artifact	conflict/artifact	FLT_down	artifact_off_context	FLT_down remains off-context	high	Sensory perception is not a coherent soleus muscle pathway label; prior spaceflight muscle literature instead points to contractile, metabolic, ECM, and inflammatory remodeling.	Gambara2017;Murgia2024	-0.1321624982071428	0.1705577669398665	0.1321624982071428	0.1623211781555555	0.1623211781555555	0.0298317394874073	likely_artifact	likely artifact/junk
R-MMU-1474228_DEGRADATION_OF_THE_EXTRACELLULAR_MATRIX	blue_plausible_complementary	plausible/complementary	FLT_down	mixed_with_ecm_remodeling	FLT_down is plausible but not directly established	medium	Prior work supports ECM and collagen remodeling after unloading or spaceflight; lower ECM-degradation signal could fit net matrix accumulation, but degradation direction is not resolved.	Miller2001;Murgia2024	-0.1976807517142855	0.0917479505061229	0.1976807517142855	0.1676931753703702	0.1676931753703702	0.0298317394874073	prior_literature_match	prior literature match
R-MMU-382551_TRANSPORT_OF_SMALL_MOLECULES	blue_plausible_complementary	plausible/complementary	FLT_down	mixed_transport_signal	FLT_down is plausible but heterogeneous	medium	Spaceflight and unloading alter ion and metabolite transporters in soleus, but this umbrella term mixes transporter classes with different expected directions.	Sandona2012;Gambara2017	-0.2153729341428549	0.1535767092175453	0.2153729341428549	0.2154720220370368	0.1681101353703704	0.0298317394874073	plausible_complementary	plausible/complementary
R-MMU-211859_BIOLOGICAL_OXIDATIONS	blue_plausible_complementary	plausible/complementary	FLT_down	plausible_broad_metabolic	FLT_down is plausible but broad	medium	Reduced biological-oxidation signal is compatible with impaired oxidative metabolism in flight muscle, but the Reactome term also covers heterogeneous detox/redox biology.	Murgia2024;Tascher2017;Gambara2017	-0.2278588442285714	0.1262986602386577	0.2278588442285714	0.2093026996666666	0.1744706696666667	0.0298317394874073	broad_or_uncertain_signal	broad/uncertain signal
R-MMU-1430728_METABOLISM	blue_plausible_complementary	plausible/complementary	FLT_down	mixed_broad_signal	FLT_down partly aligns with metabolic remodeling	medium	Broad metabolism decrease is compatible with reduced oxidative and lipid programs, although glycolytic programs can increase, making the umbrella term directionally mixed.	Gambara2017;Tascher2017;Murgia2024	-0.2505088710000009	0.1956931624341973	0.2505088710000009	0.2214086527777778	0.1808996527777777	0.0298317394874073	broad_or_uncertain_signal	broad/uncertain signal
R-MMU-6798695_NEUTROPHIL_DEGRANULATION	red_conflict_or_artifact	conflict/artifact	FLT_down	conflict_with_prior_direction	FLT_down conflicts with unloading immune biology	medium	Hindlimb unloading and modified loading studies support leukocyte involvement in muscle remodeling, and space-flown soleus shows inflammatory chemokine induction, so neutrophil degranulation down is not aligned.	Dumont2007;Gambara2017;Tidball2002	-0.3285049969542856	0.3533859345722113	0.3285049969542856	0.5195138509796297	0.1966453010574074	0.0298317394874073	prior_literature_match	prior literature match
R-MMU-8978868_FATTY_ACID_METABOLISM	green_prior_aligned	prior literature aligned	FLT_down	aligned_direct	FLT_down aligns with reduced fatty-acid metabolism	high	Spaceflight and unloading studies report reduced Ppara/PGC programs, mitochondrial downregulation, and impaired oxidative/fatty-acid metabolism in soleus or closely related muscle.	Gambara2017;Tascher2017;Murgia2024	-0.3101723179142857	0.2404409125812775	0.3101723179142857	0.4244898022407406	0.198262297574074	0.0298317394874073	prior_literature_match	prior literature match
R-MMU-1442490_COLLAGEN_DEGRADATION	blue_plausible_complementary	plausible/complementary	FLT_down	mixed_with_ecm_remodeling	FLT_down is plausible but not directly established	medium	Hindlimb unloading shifts soleus collagen isoforms and postflight soleus proteomics shows ECM remodeling; reduced collagen degradation could fit net matrix accumulation, but direct degradation direction is unresolved.	Miller2001;Murgia2024	-0.3185942619842858	0.3362874106998867	0.3185942619842858	0.4161621606685186	0.2072379588685184	0.0298317394874073	prior_literature_match	prior literature match
R-MMU-109582_HEMOSTASIS	orange_uncertain_no_direct_support	uncertain/no direct support	FLT_down	uncertain_specific_pathway	FLT_down lacks direct support	low	Modified loading can trigger vascular, complement, and inflammatory responses in muscle, but hemostasis itself has weak and non-directional soleus-spaceflight support.	Tidball2002;Frenette2000	-0.2755635137142871	0.0321303769917575	0.2755635137142871	0.2295372588888881	0.2295372588888881	0.0298317394874073	plausible_complementary	plausible/complementary
R-MMU-6805567_KERATINIZATION	red_conflict_or_artifact	conflict/artifact	FLT_down	artifact_off_context	FLT_down remains off-context	high	Keratinization is a skin differentiation pathway and is not a credible soleus muscle response label regardless of observed direction.	Murgia2024	-0.2042784783642857	0.146543840570923	0.2042784783642857	0.2595322945481481	0.2595322945481481	0.0298317394874073	likely_artifact	likely artifact/junk
R-MMU-109581_APOPTOSIS	red_conflict_or_artifact	conflict/artifact	FLT_down	conflict_with_prior_direction	FLT_down conflicts with atrophy literature	high	Apoptosis and cell-death programs are recognized contributors to disuse and spaceflight muscle wasting, so a flight decrease is opposite the dominant prior direction.	Tascher2017;Bonaldo2013	-0.3086764507857142	0.0276240548602687	0.3086764507857142	0.2637189536111112	0.2637189536111112	0.0298317394874073	prior_literature_match	prior literature match
R-MMU-372790_SIGNALING_BY_GPCR	blue_plausible_complementary	plausible/complementary	FLT_down	plausible_indirect	FLT_down is plausible but weakly direct	low	GPCR signaling can reflect inflammatory, adrenergic, and metabolic remodeling in either direction; direct soleus-spaceflight evidence for a broad decrease is limited.	Chopard2009;Gambara2017	-0.4970836514142862	0.1842505026111421	0.4970836514142862	0.5675670243888887	0.3473075108333334	0.0298317394874073	plausible_complementary	plausible/complementary
