component	explained_variance_ratio
1	0.401556
2	0.07513049
3	0.06042213
4	0.05716475
5	0.043921128
6	0.03378801
7	0.03093809
8	0.02695092
9	0.025658589
10	0.023374049
