tissue	term	screen_display_label	candidate_reason	absolute_effect_rank_active	within_tissue_magnitude_percentile	mean_accession_effect	primary_direction_accessions	primary_direction_agreement	sensitivity_analysis	sensitivity_effect	sensitivity_direction_preserved	sensitivity_magnitude_ratio	meta_fdr	maximum_leave_one_out_fdr	pathway_genes_measured	pathway_genes_pooled_fdr_lt_005	pathway_gene_support_fraction	significant_genes_same_direction	significant_genes_opposite_direction	opposite_nested_program	opposite_nested_terms	maximum_opposite_nested_overlap_coefficient	family_id	process_family	family_literature_role	family_narrative_decision	family_representative	pathway_review_disposition	family_synthesis	family_supporting_references	family_caution	curated_for_main_figures	evidence_role
liver	R-MMU-211897_CYTOCHROME_P450_ARRANGED_BY_SUBSTRATE_TYPE	Cytochrome P450	top_decile_magnitude;prespecified_main_review	1.0	1.0	0.2391881175291052	5	0.5	original 12-accession input	0.2081997084929057	True	0.8704433591588063	0.2154712923556723	0.4629773307623202	45	5	0.1111111111111111	2	3	False			xenobiotic_redox	Xenobiotic and redox metabolism	context_sensitive	existing_context	True	representative	Known hepatic xenobiotic biology is recovered, but CYP, biological-oxidation, drug-specific ADME, and glutathione terms do not define one uniform direction.	17;19;20	CYP directions split by cohort, prednisone is exposure-specific, and glutathione score does not measure hepatic glutathione abundance.	True	context_sensitive
liver	R-MMU-168256_IMMUNE_SYSTEM	Immune System	top_decile_magnitude	2.0	0.9971098265895952	-0.2006165210753361	7	0.7	original 12-accession input	-0.1549859140283728	True	0.7725481091867407	0.042694776488518	0.1209084643733875	484	52	0.10743801652892562	47	5	True	R-MMU-166016_TOLL_LIKE_RECEPTOR_4_TLR4_CASCADE	1.0	immune_effector	Adaptive and innate effector programs	complementary	existing_core_axis	False	family_support_or_redundant_child	Lower MHC-I and MHC-II presentation, T-cell receptor, interleukin, complement, and neutrophil-degranulation scores extend the current lower hepatic immune-communication axis.	10;22	Bulk liver cannot distinguish regulation within resident cells from altered abundance of lymphocytes, Kupffer cells, neutrophils, or other non-parenchymal cells.	False	
liver	R-MMU-166016_TOLL_LIKE_RECEPTOR_4_TLR4_CASCADE	Toll Like Receptor 4 TLR4 Cascade	top_decile_magnitude;stable_rank_40_extension	3.0	0.9942196531791908	0.1945450405277786	9	0.9	original 12-accession input	0.1787398999683437	True	0.9187584504001882	0.0194415601639683	0.0709018470199098	26	1	0.038461538461538464	0	1	True	R-MMU-168256_IMMUNE_SYSTEM;R-MMU-168898_TOLL_LIKE_RECEPTOR_CASCADES	1.0	toll_like	Toll-like receptor branches	context_sensitive	supplement_only	True	representative	The TLR4-specific node is higher while the broad Toll-like-receptor node is lower, so the expanded screen does not support a pathway-wide TLR direction.	18;22	The TLR4 genes are fully nested within the broad TLR set; opposite latent directions may reflect branch allocation or correlated-decoder competition rather than selective pathway activation.	False	
liver	R-MMU-6811434_COPI_DEPENDENT_GOLGI_TO_ER_RETROGRADE_TRAFFIC	Copi Dependent Golgi To ER Retrograde Traffic	top_decile_magnitude	4.0	0.9913294797687862	-0.1661229688215915	7	0.7	original 12-accession input	-0.1061576853296548	True	0.6390307498276372	0.175042683908158	0.349681951208924	26	3	0.11538461538461539	0	3	False			trafficking_proteostasis	Organelle trafficking and proteostasis	context_sensitive	supplement_only	True	representative	Lower COPI trafficking contrasts with higher mitochondrial-protein degradation and neddylation scores, providing no coherent family-wide direction.	22	These broad latent programs overlap many cell types and are not direct measurements of organelle flux or protein turnover.	False	
liver	R-MMU-2132295_MHC_CLASS_II_ANTIGEN_PRESENTATION	MHC class II antigen presentation	top_decile_magnitude;stable_rank_40_extension;prespecified_main_review	5.0	0.9884393063583816	-0.1601722002417713	8	0.8	original 12-accession input	-0.1250478472275798	True	0.7807088061400593	0.0044896978886173	0.0339371739864806	33	8	0.24242424242424243	5	3	False			immune_effector	Adaptive and innate effector programs	complementary	existing_core_axis	True	representative	Lower MHC-I and MHC-II presentation, T-cell receptor, interleukin, complement, and neutrophil-degranulation scores extend the current lower hepatic immune-communication axis.	10;22	Bulk liver cannot distinguish regulation within resident cells from altered abundance of lymphocytes, Kupffer cells, neutrophils, or other non-parenchymal cells.	True	complementary
liver	R-MMU-6798695_NEUTROPHIL_DEGRANULATION	Neutrophil Degranulation	top_decile_magnitude;stable_rank_40_extension	6.0	0.9855491329479767	-0.1601151846389159	8	0.8	original 12-accession input	-0.1218518382201022	True	0.761026123130649	0.0061835145235545	0.0308383586810607	182	16	0.08791208791208792	15	1	False			immune_effector	Adaptive and innate effector programs	complementary	existing_core_axis	False	family_support_or_redundant_child	Lower MHC-I and MHC-II presentation, T-cell receptor, interleukin, complement, and neutrophil-degranulation scores extend the current lower hepatic immune-communication axis.	10;22	Bulk liver cannot distinguish regulation within resident cells from altered abundance of lymphocytes, Kupffer cells, neutrophils, or other non-parenchymal cells.	False	
liver	R-MMU-196071_METABOLISM_OF_STEROID_HORMONES	Metabolism Of Steroid Hormones	top_decile_magnitude	7.0	0.9826589595375722	0.1512613271602796	7	0.7	original 12-accession input	0.1445919111451388	True	0.9559079895677912	0.0225085198866726	0.0837209635307851	14	1	0.07142857142857142	0	1	False			lipid_endocrine	Lipid and endocrine regulation	context_sensitive	existing_context	False	family_support_or_redundant_child	The family recovers established lipid and endocrine disruption, but its child programs separate into lower insulin and cholesterol scores and higher steroid, phospholipid, peroxisomal, and AKT-associated scores.	17;18;21;23	The Reactome insulin-secretion label is not evidence that hepatocytes secrete insulin, and nested signaling scores should not be treated as independent mechanisms.	False	
liver	R-MMU-202733_CELL_SURFACE_INTERACTIONS_AT_THE_VASCULAR_WALL	Cell Surface Interactions At The Vascular Wall	top_decile_magnitude	8.0	0.9797687861271676	-0.1484330415392139	7	0.7	original 12-accession input	-0.1163716033526405	True	0.7840006655249786	0.0129499733113718	0.0565196374453548	54	5	0.09259259259259259	5	0	False			matrix_mechanical_vascular	Matrix, mechanical, and vascular regulation	complementary	existing_support_axis	False	family_support_or_redundant_child	Predominantly lower Rho-family, matrix, proteoglycan, VEGF, vascular-wall, and platelet-calcium scores reinforce a structural and non-parenchymal regulation layer beside metabolic dysfunction.	18;23	The family does not establish lower matrix abundance, lower fibrosis, impaired blood flow, or a causal mechanical stimulus.	False	
liver	R-MMU-166658_COMPLEMENT_CASCADE	Complement Cascade	top_decile_magnitude;stable_rank_40_extension	9.0	0.976878612716763	-0.1419756862913049	8	0.8	original 12-accession input	-0.0999327164143529	True	0.7038720433392485	0.0336391887001492	0.103856535480384	29	1	0.034482758620689655	1	0	False			immune_effector	Adaptive and innate effector programs	complementary	existing_core_axis	False	family_support_or_redundant_child	Lower MHC-I and MHC-II presentation, T-cell receptor, interleukin, complement, and neutrophil-degranulation scores extend the current lower hepatic immune-communication axis.	10;22	Bulk liver cannot distinguish regulation within resident cells from altered abundance of lymphocytes, Kupffer cells, neutrophils, or other non-parenchymal cells.	False	
liver	R-MMU-9012999_RHO_GTPASE_CYCLE	Rho-family GTPase cycle	top_decile_magnitude;stable_rank_40_extension;prespecified_main_review	10.0	0.9739884393063584	-0.1305615628553439	9	0.9	original 12-accession input	-0.1028774743186235	True	0.787961418879513	0.0057251390803909	0.0316035820212012	126	8	0.06349206349206349	7	1	False			matrix_mechanical_vascular	Matrix, mechanical, and vascular regulation	complementary	existing_support_axis	True	representative	Predominantly lower Rho-family, matrix, proteoglycan, VEGF, vascular-wall, and platelet-calcium scores reinforce a structural and non-parenchymal regulation layer beside metabolic dysfunction.	18;23	The family does not establish lower matrix abundance, lower fibrosis, impaired blood flow, or a causal mechanical stimulus.	True	complementary
liver	R-MMU-69278_CELL_CYCLE_MITOTIC	Cell Cycle Mitotic	top_decile_magnitude	11.0	0.9710982658959536	-0.1282360064769583	7	0.7	original 12-accession input	-0.0775800316984217	True	0.6049785378520925	0.1743976710776991	0.3628806566835988	125	7	0.056	3	4	False			proliferation_repair	Proliferation and homology-directed repair	context_sensitive	supplement_only	False	family_support_or_redundant_child	Mitotic, broad cell-cycle, and homology-directed-repair programs are lower, but this family is not a prespecified hepatic spaceflight phenotype.	22	The pattern may reflect cell composition or proliferative state and lacks direct liver-specific functional validation.	False	
liver	R-MMU-9033241_PEROXISOMAL_PROTEIN_IMPORT	Peroxisomal Protein Import	top_decile_magnitude	12.0	0.9682080924855492	0.1263798174793474	6	0.6	original 12-accession input	0.1014803467246564	True	0.8029790574847128	0.2017621423047885	0.4336336166213718	18	0	0.0	0	0	False			lipid_endocrine	Lipid and endocrine regulation	context_sensitive	existing_context	False	family_support_or_redundant_child	The family recovers established lipid and endocrine disruption, but its child programs separate into lower insulin and cholesterol scores and higher steroid, phospholipid, peroxisomal, and AKT-associated scores.	17;18;21;23	The Reactome insulin-secretion label is not evidence that hepatocytes secrete insulin, and nested signaling scores should not be treated as independent mechanisms.	False	
liver	R-MMU-1640170_CELL_CYCLE	Cell Cycle	top_decile_magnitude	13.0	0.9653179190751444	-0.1261143547169401	7	0.7	original 12-accession input	-0.0804419998191268	True	0.6378496722254692	0.1736605944381043	0.3486266562790948	135	7	0.05185185185185185	3	4	False			proliferation_repair	Proliferation and homology-directed repair	context_sensitive	supplement_only	False	family_support_or_redundant_child	Mitotic, broad cell-cycle, and homology-directed-repair programs are lower, but this family is not a prespecified hepatic spaceflight phenotype.	22	The pattern may reflect cell composition or proliferative state and lacks direct liver-specific functional validation.	False	
liver	R-MMU-5693538_HOMOLOGY_DIRECTED_REPAIR	Homology Directed Repair	top_decile_magnitude;stable_rank_40_extension	14.0	0.96242774566474	-0.1245371725252512	8	0.8	original 12-accession input	-0.0860511353876515	True	0.6909674729463103	0.0935101962987813	0.2682738597300783	27	0	0.0	0	0	False			proliferation_repair	Proliferation and homology-directed repair	context_sensitive	supplement_only	True	representative	Mitotic, broad cell-cycle, and homology-directed-repair programs are lower, but this family is not a prespecified hepatic spaceflight phenotype.	22	The pattern may reflect cell composition or proliferative state and lacks direct liver-specific functional validation.	False	
liver	R-MMU-5576891_CARDIAC_CONDUCTION	Cardiac Conduction	top_decile_magnitude;stable_rank_40_extension	15.0	0.9595375722543352	-0.1144005837917067	9	0.9	original 12-accession input	-0.1016613324689796	True	0.8886434762787406	0.0194415601639683	0.0984855216674575	18	0	0.0	0	0	False			off_context	Tissue-incongruent labels	not_interpretable	exclude	True	representative	Cardiac-conduction and neuronal-system labels do not provide credible liver-specific pathway interpretations.		Shared ion-channel or receptor genes can generate these labels without cardiac or neuronal tissue activity.	False	
liver	R-MMU-1474244_EXTRACELLULAR_MATRIX_ORGANIZATION	Extracellular matrix organization	top_decile_magnitude;prespecified_main_review	16.0	0.9566473988439308	-0.1103106972647077	7	0.7	original 12-accession input	-0.0983336069927508	True	0.8914240362091448	0.0282310750974464	0.0888317263479859	123	6	0.04878048780487805	6	0	False			matrix_mechanical_vascular	Matrix, mechanical, and vascular regulation	complementary	existing_support_axis	False	family_support_or_redundant_child	Predominantly lower Rho-family, matrix, proteoglycan, VEGF, vascular-wall, and platelet-calcium scores reinforce a structural and non-parenchymal regulation layer beside metabolic dysfunction.	18;23	The family does not establish lower matrix abundance, lower fibrosis, impaired blood flow, or a causal mechanical stimulus.	True	context_sensitive
liver	R-MMU-76005_RESPONSE_TO_ELEVATED_PLATELET_CYTOSOLIC_CA2	Response To Elevated Platelet Cytosolic Ca2	top_decile_magnitude;stable_rank_40_extension	17.0	0.953757225433526	-0.1080153686450265	8	0.8	original 12-accession input	-0.0790439992024865	True	0.7317847468747776	0.0807823695446058	0.2071499546544335	69	1	0.014492753623188406	1	0	False			matrix_mechanical_vascular	Matrix, mechanical, and vascular regulation	complementary	existing_support_axis	False	family_support_or_redundant_child	Predominantly lower Rho-family, matrix, proteoglycan, VEGF, vascular-wall, and platelet-calcium scores reinforce a structural and non-parenchymal regulation layer beside metabolic dysfunction.	18;23	The family does not establish lower matrix abundance, lower fibrosis, impaired blood flow, or a causal mechanical stimulus.	False	
liver	R-MMU-1257604_PIP3_ACTIVATES_AKT_SIGNALING	Pip3 Activates Akt Signaling	top_decile_magnitude;stable_rank_40_extension	18.0	0.9508670520231214	0.1056429128768187	8	0.8	original 12-accession input	0.0932107165346211	True	0.8823186903536658	0.1163385807478663	0.2877877117337174	47	3	0.06382978723404255	1	2	True	R-MMU-9006925_INTRACELLULAR_SIGNALING_BY_SECOND_MESSENGERS	1.0	lipid_endocrine	Lipid and endocrine regulation	context_sensitive	existing_context	False	family_support_or_redundant_child	The family recovers established lipid and endocrine disruption, but its child programs separate into lower insulin and cholesterol scores and higher steroid, phospholipid, peroxisomal, and AKT-associated scores.	17;18;21;23	The Reactome insulin-secretion label is not evidence that hepatocytes secrete insulin, and nested signaling scores should not be treated as independent mechanisms.	False	
liver	R-MMU-983169_CLASS_I_MHC_MEDIATED_ANTIGEN_PROCESSING_PRESENTATION	Class I MHC Mediated Antigen Processing Presentation	top_decile_magnitude;stable_rank_40_extension	19.0	0.9479768786127168	-0.1046879379651548	8	0.8	original 12-accession input	-0.0801100438708262	True	0.7652270684468987	0.0044896978886173	0.0242040321602843	43	3	0.06976744186046512	3	0	False			immune_effector	Adaptive and innate effector programs	complementary	existing_core_axis	False	family_support_or_redundant_child	Lower MHC-I and MHC-II presentation, T-cell receptor, interleukin, complement, and neutrophil-degranulation scores extend the current lower hepatic immune-communication axis.	10;22	Bulk liver cannot distinguish regulation within resident cells from altered abundance of lymphocytes, Kupffer cells, neutrophils, or other non-parenchymal cells.	False	
liver	R-MMU-195258_RHO_GTPASE_EFFECTORS	Rho GTPase Effectors	top_decile_magnitude	20.0	0.9450867052023122	-0.104636348117104	6	0.6	original 12-accession input	-0.0404303561176491	True	0.38638921221143324	0.0867103930589169	0.252839001055597	70	7	0.1	4	3	False			matrix_mechanical_vascular	Matrix, mechanical, and vascular regulation	complementary	existing_support_axis	False	family_support_or_redundant_child	Predominantly lower Rho-family, matrix, proteoglycan, VEGF, vascular-wall, and platelet-calcium scores reinforce a structural and non-parenchymal regulation layer beside metabolic dysfunction.	18;23	The family does not establish lower matrix abundance, lower fibrosis, impaired blood flow, or a causal mechanical stimulus.	False	
liver	R-MMU-194138_SIGNALING_BY_VEGF	Signaling By Vegf	top_decile_magnitude;stable_rank_40_extension	21.0	0.9421965317919077	-0.1031761042422845	9	0.9	original 12-accession input	-0.0987742806516177	True	0.9573367920508981	0.0074591066589462	0.0433976047320967	40	4	0.1	4	0	False			matrix_mechanical_vascular	Matrix, mechanical, and vascular regulation	complementary	existing_support_axis	False	family_support_or_redundant_child	Predominantly lower Rho-family, matrix, proteoglycan, VEGF, vascular-wall, and platelet-calcium scores reinforce a structural and non-parenchymal regulation layer beside metabolic dysfunction.	18;23	The family does not establish lower matrix abundance, lower fibrosis, impaired blood flow, or a causal mechanical stimulus.	False	
liver	R-MMU-449147_SIGNALING_BY_INTERLEUKINS	Signaling By Interleukins	top_decile_magnitude;stable_rank_40_extension	22.0	0.9393063583815028	-0.1009809653675101	8	0.8	original 12-accession input	-0.0780081305329542	True	0.7725033153431583	0.001418434562139	0.0123868034187135	66	11	0.16666666666666666	10	1	False			immune_effector	Adaptive and innate effector programs	complementary	existing_core_axis	False	family_support_or_redundant_child	Lower MHC-I and MHC-II presentation, T-cell receptor, interleukin, complement, and neutrophil-degranulation scores extend the current lower hepatic immune-communication axis.	10;22	Bulk liver cannot distinguish regulation within resident cells from altered abundance of lymphocytes, Kupffer cells, neutrophils, or other non-parenchymal cells.	False	
liver	R-MMU-422356_REGULATION_OF_INSULIN_SECRETION	Regulation of insulin secretion	top_decile_magnitude;stable_rank_40_extension;prespecified_main_review	23.0	0.9364161849710982	-0.1006466682984334	9	0.9	original 12-accession input	-0.0885226782261668	True	0.8795390818470311	0.0564320863793911	0.1185515377091535	15	0	0.0	0	0	False			lipid_endocrine	Lipid and endocrine regulation	context_sensitive	existing_context	True	representative	The family recovers established lipid and endocrine disruption, but its child programs separate into lower insulin and cholesterol scores and higher steroid, phospholipid, peroxisomal, and AKT-associated scores.	17;18;21;23	The Reactome insulin-secretion label is not evidence that hepatocytes secrete insulin, and nested signaling scores should not be treated as independent mechanisms.	True	aligned
liver	R-MMU-9837999_MITOCHONDRIAL_PROTEIN_DEGRADATION	Mitochondrial Protein Degradation	top_decile_magnitude	24.0	0.9335260115606936	0.1001235782443053	6	0.6	original 12-accession input	0.0886246235054934	True	0.8851523792851868	0.0991310185341134	0.2537530681029809	16	1	0.0625	1	0	False			trafficking_proteostasis	Organelle trafficking and proteostasis	context_sensitive	supplement_only	False	family_support_or_redundant_child	Lower COPI trafficking contrasts with higher mitochondrial-protein degradation and neddylation scores, providing no coherent family-wide direction.	22	These broad latent programs overlap many cell types and are not direct measurements of organelle flux or protein turnover.	False	
liver	R-MMU-8951664_NEDDYLATION	Neddylation	top_decile_magnitude	25.0	0.930635838150289	0.0999127260546392	7	0.7	original 12-accession input	0.0720028296865386	True	0.7206572428737702	0.0744511440608986	0.2146953855803426	16	0	0.0	0	0	False			trafficking_proteostasis	Organelle trafficking and proteostasis	context_sensitive	supplement_only	False	family_support_or_redundant_child	Lower COPI trafficking contrasts with higher mitochondrial-protein degradation and neddylation scores, providing no coherent family-wide direction.	22	These broad latent programs overlap many cell types and are not direct measurements of organelle flux or protein turnover.	False	
liver	R-MMU-191273_CHOLESTEROL_BIOSYNTHESIS	Cholesterol Biosynthesis	top_decile_magnitude	26.0	0.9277456647398844	-0.0993096931034738	6	0.6	original 12-accession input	-0.0614488249376009	True	0.6187595894952116	0.5544337682476047	0.8749128221257797	20	0	0.0	0	0	False			lipid_endocrine	Lipid and endocrine regulation	context_sensitive	existing_context	False	family_support_or_redundant_child	The family recovers established lipid and endocrine disruption, but its child programs separate into lower insulin and cholesterol scores and higher steroid, phospholipid, peroxisomal, and AKT-associated scores.	17;18;21;23	The Reactome insulin-secretion label is not evidence that hepatocytes secrete insulin, and nested signaling scores should not be treated as independent mechanisms.	False	
liver	R-MMU-202403_TCR_SIGNALING	T-cell receptor signaling	top_decile_magnitude;stable_rank_40_extension;prespecified_main_review	27.0	0.9248554913294798	-0.096550787164733	9	0.9	original 12-accession input	-0.07704941725817	True	0.7980195658758311	0.000789617412596	0.00722134554184	17	5	0.29411764705882354	5	0	False			immune_effector	Adaptive and innate effector programs	complementary	existing_core_axis	False	family_support_or_redundant_child	Lower MHC-I and MHC-II presentation, T-cell receptor, interleukin, complement, and neutrophil-degranulation scores extend the current lower hepatic immune-communication axis.	10;22	Bulk liver cannot distinguish regulation within resident cells from altered abundance of lymphocytes, Kupffer cells, neutrophils, or other non-parenchymal cells.	True	complementary
liver	R-MMU-375276_PEPTIDE_LIGAND_BINDING_RECEPTORS	Peptide Ligand Binding Receptors	top_decile_magnitude;stable_rank_40_extension	28.0	0.9219653179190752	-0.0960492505009574	9	0.9	original 12-accession input	-0.0758370738174265	True	0.789564451798305	0.0013020221973088	0.0205115785370526	44	6	0.13636363636363635	5	1	False			broad_receptor_signaling	Broad receptor and stress signaling	not_interpretable	exclude	False	excluded_tissue_incongruent_or_nonspecific	Umbrella receptor, second-messenger, and stimulus-response terms are too broad to support a distinct hepatic mechanism.	21;22	The constituent receptors and responding cell populations are unresolved.	False	
liver	R-MMU-9006925_INTRACELLULAR_SIGNALING_BY_SECOND_MESSENGERS	Intracellular Signaling By Second Messengers	top_decile_magnitude	29.0	0.9190751445086706	-0.0957928382470234	7	0.7	original 12-accession input	-0.0957514273506873	True	0.9995677036290613	0.0573309978098743	0.2344394418977781	53	4	0.07547169811320754	3	1	True	R-MMU-1257604_PIP3_ACTIVATES_AKT_SIGNALING	1.0	broad_receptor_signaling	Broad receptor and stress signaling	not_interpretable	exclude	False	excluded_tissue_incongruent_or_nonspecific	Umbrella receptor, second-messenger, and stimulus-response terms are too broad to support a distinct hepatic mechanism.	21;22	The constituent receptors and responding cell populations are unresolved.	False	
liver	R-MMU-9757110_PREDNISONE_ADME	Prednisone Adme	top_decile_magnitude	30.0	0.916184971098266	-0.0956060495636214	7	0.7	original 12-accession input	-0.0912985977153446	True	0.9549458233245963	0.0476836550070384	0.1575031394675297	26	1	0.038461538461538464	1	0	False			xenobiotic_redox	Xenobiotic and redox metabolism	context_sensitive	existing_context	False	family_support_or_redundant_child	Known hepatic xenobiotic biology is recovered, but CYP, biological-oxidation, drug-specific ADME, and glutathione terms do not define one uniform direction.	17;19;20	CYP directions split by cohort, prednisone is exposure-specific, and glutathione score does not measure hepatic glutathione abundance.	False	
liver	R-MMU-3000178_ECM_PROTEOGLYCANS	ECM Proteoglycans	top_decile_magnitude;stable_rank_40_extension	31.0	0.9132947976878611	-0.0955677224403534	8	0.8	original 12-accession input	-0.0969064922032803	True	1.014008597555126	0.0045433483110257	0.0220616732209037	25	1	0.04	1	0	False			matrix_mechanical_vascular	Matrix, mechanical, and vascular regulation	complementary	existing_support_axis	False	family_support_or_redundant_child	Predominantly lower Rho-family, matrix, proteoglycan, VEGF, vascular-wall, and platelet-calcium scores reinforce a structural and non-parenchymal regulation layer beside metabolic dysfunction.	18;23	The family does not establish lower matrix abundance, lower fibrosis, impaired blood flow, or a causal mechanical stimulus.	False	
liver	R-MMU-372790_SIGNALING_BY_GPCR	Signaling By GPCR	top_decile_magnitude;stable_rank_40_extension	32.0	0.9104046242774566	-0.095428292642062	8	0.8	original 12-accession input	-0.0699895185575385	True	0.7334252412967218	0.0826118624627909	0.216528334475707	136	11	0.08088235294117647	9	2	False			broad_receptor_signaling	Broad receptor and stress signaling	not_interpretable	exclude	True	representative	Umbrella receptor, second-messenger, and stimulus-response terms are too broad to support a distinct hepatic mechanism.	21;22	The constituent receptors and responding cell populations are unresolved.	False	
liver	R-MMU-211859_BIOLOGICAL_OXIDATIONS	Biological Oxidations	top_decile_magnitude	33.0	0.907514450867052	0.0918900714444309	7	0.7	original 12-accession input	0.0905863771449457	True	0.9858124574397182	0.0957751091271683	0.2226052790744502	113	6	0.05309734513274336	3	3	False			xenobiotic_redox	Xenobiotic and redox metabolism	context_sensitive	existing_context	False	family_support_or_redundant_child	Known hepatic xenobiotic biology is recovered, but CYP, biological-oxidation, drug-specific ADME, and glutathione terms do not define one uniform direction.	17;19;20	CYP directions split by cohort, prednisone is exposure-specific, and glutathione score does not measure hepatic glutathione abundance.	False	
liver	R-MMU-1483206_GLYCEROPHOSPHOLIPID_BIOSYNTHESIS	Glycerophospholipid Biosynthesis	top_decile_magnitude	34.0	0.9046242774566474	0.0914451494642846	7	0.7	original 12-accession input	0.0665725993465539	True	0.7280058016915913	0.0991310185341134	0.2682738597300783	29	1	0.034482758620689655	1	0	False			lipid_endocrine	Lipid and endocrine regulation	context_sensitive	existing_context	False	family_support_or_redundant_child	The family recovers established lipid and endocrine disruption, but its child programs separate into lower insulin and cholesterol scores and higher steroid, phospholipid, peroxisomal, and AKT-associated scores.	17;18;21;23	The Reactome insulin-secretion label is not evidence that hepatocytes secrete insulin, and nested signaling scores should not be treated as independent mechanisms.	False	
liver	R-MMU-168898_TOLL_LIKE_RECEPTOR_CASCADES	Toll Like Receptor Cascades	top_decile_magnitude	35.0	0.9017341040462428	-0.0906408825270663	7	0.7	original 12-accession input	-0.0651328786263878	True	0.7185816908494734	0.1067479645967953	0.2682738597300783	41	2	0.04878048780487805	2	0	True	R-MMU-166016_TOLL_LIKE_RECEPTOR_4_TLR4_CASCADE	1.0	toll_like	Toll-like receptor branches	context_sensitive	supplement_only	False	family_support_or_redundant_child	The TLR4-specific node is higher while the broad Toll-like-receptor node is lower, so the expanded screen does not support a pathway-wide TLR direction.	18;22	The TLR4 genes are fully nested within the broad TLR set; opposite latent directions may reflect branch allocation or correlated-decoder competition rather than selective pathway activation.	False	
liver	R-MMU-8953897_CELLULAR_RESPONSES_TO_STIMULI	Cellular Responses To Stimuli	stable_rank_40_extension	36.0	0.8988439306358381	0.0900018509880884	8	0.8	original 12-accession input	0.0910546637338979	True	1.0116976788171705	0.0389125449890023	0.1190121445265924	141	10	0.07092198581560284	5	5	False			broad_receptor_signaling	Broad receptor and stress signaling	not_interpretable	exclude	False	excluded_tissue_incongruent_or_nonspecific	Umbrella receptor, second-messenger, and stimulus-response terms are too broad to support a distinct hepatic mechanism.	21;22	The constituent receptors and responding cell populations are unresolved.	False	
liver	R-MMU-2173782_BINDING_AND_UPTAKE_OF_LIGANDS_BY_SCAVENGER_RECEPTORS	Binding And Uptake Of Ligands By Scavenger Receptors	stable_rank_40_extension	38.0	0.8930635838150289	-0.0869364382487017	9	0.9	original 12-accession input	-0.0738225431381943	True	0.8491553671316497	0.0224570906923497	0.0913460030648165	28	2	0.07142857142857142	2	0	False			lipid_endocrine	Lipid and endocrine regulation	context_sensitive	existing_context	False	family_support_or_redundant_child	The family recovers established lipid and endocrine disruption, but its child programs separate into lower insulin and cholesterol scores and higher steroid, phospholipid, peroxisomal, and AKT-associated scores.	17;18;21;23	The Reactome insulin-secretion label is not evidence that hepatocytes secrete insulin, and nested signaling scores should not be treated as independent mechanisms.	False	
liver	R-MMU-112316_NEURONAL_SYSTEM	Neuronal System	stable_rank_40_extension	39.0	0.8901734104046243	-0.0853351684769045	8	0.8	original 12-accession input	-0.063930833971005	True	0.7491733491837839	0.0194415601639683	0.147587893045952	47	3	0.06382978723404255	3	0	False			off_context	Tissue-incongruent labels	not_interpretable	exclude	False	excluded_tissue_incongruent_or_nonspecific	Cardiac-conduction and neuronal-system labels do not provide credible liver-specific pathway interpretations.		Shared ion-channel or receptor genes can generate these labels without cardiac or neuronal tissue activity.	False	
liver	R-MMU-156590_GLUTATHIONE_CONJUGATION	Glutathione conjugation	prespecified_main_review	121.0	0.653179190751445	0.0290829136878514	6	0.6	original 12-accession input	0.0643452723223351	True	2.2124768175897587	0.6490251816517985	0.9307811924460208	20	1	0.05	1	0	False			xenobiotic_redox	Xenobiotic and redox metabolism	context_sensitive	existing_context	False	family_support_or_redundant_child	Known hepatic xenobiotic biology is recovered, but CYP, biological-oxidation, drug-specific ADME, and glutathione terms do not define one uniform direction.	17;19;20	CYP directions split by cohort, prednisone is exposure-specific, and glutathione score does not measure hepatic glutathione abundance.	True	context_sensitive
skin	R-MMU-6805567_KERATINIZATION	Keratinization	top_decile_magnitude;stable_rank_40_extension;prespecified_main_review	1.0	1.0	-1.220864622405193	5	0.8333333333333334	four-project paired-site balance	-1.483945117925971	True	1.2154870332817822	0.0965949315262795	0.4893989535288366	70	13	0.18571428571428572	13	0	False			epidermal_development	Epidermal differentiation and regeneration	aligned	existing_core_axis	True	representative	Lower keratinization, developmental, Hedgehog, and neural-development programs support reduced epidermal differentiation and regenerative-niche activity.	12;13;15	The broad developmental term combines multiple compartments, and sphingolipid score is not a direct ceramide measurement.	True	aligned
skin	R-MMU-1266738_DEVELOPMENTAL_BIOLOGY	Developmental Biology	top_decile_magnitude	2.0	0.9965635738831616	-0.8333855167567784	4	0.6666666666666666	four-project paired-site balance	-1.0522228753270868	True	1.2625883869711831	0.1440959794358279	0.528895151692225	192	21	0.109375	15	6	False			epidermal_development	Epidermal differentiation and regeneration	aligned	existing_core_axis	False	family_support_or_redundant_child	Lower keratinization, developmental, Hedgehog, and neural-development programs support reduced epidermal differentiation and regenerative-niche activity.	12;13;15	The broad developmental term combines multiple compartments, and sphingolipid score is not a direct ceramide measurement.	False	
skin	R-MMU-3247509_CHROMATIN_MODIFYING_ENZYMES	Chromatin-modifying enzymes	top_decile_magnitude;prespecified_main_review	3.0	0.993127147766323	-0.6630485382809012	4	0.6666666666666666	four-project paired-site balance	-0.8364968210299375	True	1.2615921350173533	0.1260726325996702	0.4946250928234764	44	2	0.045454545454545456	2	0	False			genome_regulation	Chromatin, proliferation, and genome maintenance	context_sensitive	existing_support_axis	True	representative	Chromatin, nucleotide, cell-cycle, senescence, and DNA-repair scores are predominantly lower and reinforce a reduced regulatory and proliferative state.	12;13	Several terms divide three versus three across accessions, so the family is a protocol-qualified state rather than a universal repair defect.	True	complementary
skin	R-MMU-190828_GAP_JUNCTION_TRAFFICKING	Gap-junction trafficking	top_decile_magnitude;prespecified_main_review	4.0	0.9896907216494846	-0.4075693501595991	4	0.6666666666666666	four-project paired-site balance	-0.5283236781276561	True	1.2962792170725574	0.1759027282024568	0.5386095642542073	17	3	0.17647058823529413	3	0	False			communication_adhesion	Cell communication, adhesion, and cytoskeleton	complementary	existing_core_axis	True	representative	Lower gap-junction, CDH1, Rho-family, second-messenger, and cell-junction scores form a coherent lower tissue-coordination family.	13;16	The result does not identify a specific skin layer or prove reduced functional junctional coupling.	True	complementary
skin	R-MMU-15869_METABOLISM_OF_NUCLEOTIDES	Metabolism Of Nucleotides	top_decile_magnitude	5.0	0.986254295532646	-0.3722448178024553	4	0.6666666666666666	four-project paired-site balance	-0.4676069513321047	True	1.2561812252823805	0.1154209793099086	0.4893989535288366	21	1	0.047619047619047616	1	0	False			genome_regulation	Chromatin, proliferation, and genome maintenance	context_sensitive	existing_support_axis	False	family_support_or_redundant_child	Chromatin, nucleotide, cell-cycle, senescence, and DNA-repair scores are predominantly lower and reinforce a reduced regulatory and proliferative state.	12;13	Several terms divide three versus three across accessions, so the family is a protocol-qualified state rather than a universal repair defect.	False	
skin	R-MMU-397014_MUSCLE_CONTRACTION	Muscle Contraction	top_decile_magnitude;stable_rank_40_extension	6.0	0.9828178694158076	0.3388753469586921	5	0.8333333333333334	four-project paired-site balance	0.356080994441826	True	1.050772791935293	0.2131745688093216	0.580498600087103	65	4	0.06153846153846154	4	0	False			cutaneous_muscle	Cutaneous striated muscle	aligned	add_aligned_context	True	representative	Higher muscle and striated-muscle contraction scores recover the known panniculus-carnosus response in full-thickness mouse skin.	12;15	This is a skin-compartment signal, not evidence that epidermal cells acquired a muscle program; the direction is not universal across all projects.	False	
skin	R-MMU-9764265_REGULATION_OF_CDH1_EXPRESSION_AND_FUNCTION	Regulation Of CDH1 Expression And Function	top_decile_magnitude	7.0	0.979381443298969	-0.3363073966678983	4	0.6666666666666666	four-project paired-site balance	-0.4465600384928828	True	1.3278329377151892	0.2355596019280596	0.6232732197957577	44	0	0.0	0	0	False			communication_adhesion	Cell communication, adhesion, and cytoskeleton	complementary	existing_core_axis	False	family_support_or_redundant_child	Lower gap-junction, CDH1, Rho-family, second-messenger, and cell-junction scores form a coherent lower tissue-coordination family.	13;16	The result does not identify a specific skin layer or prove reduced functional junctional coupling.	False	
skin	R-MMU-2187338_VISUAL_PHOTOTRANSDUCTION	Visual Phototransduction	top_decile_magnitude	8.0	0.9759450171821306	-0.3253856787875864	4	0.6666666666666666	four-project paired-site balance	-0.4372795832224149	True	1.3438808519531478	0.1190090234383542	0.4893989535288366	28	4	0.14285714285714285	4	0	False			sensory_broad	Sensory and broad signaling labels	not_interpretable	exclude	True	representative	Visual, neuronal, potassium-channel, NRAGE-JNK, and broad GPCR labels do not form a specific skin-spaceflight mechanism.	15	Cutaneous sensory cells exist, but these aggregate labels cannot localize them and include tissue-incongruent annotation.	False	
skin	R-MMU-2980736_PEPTIDE_HORMONE_METABOLISM	Peptide Hormone Metabolism	top_decile_magnitude	9.0	0.972508591065292	0.3060397674559542	4	0.6666666666666666	four-project paired-site balance	0.3835384517886031	True	1.2532307646711391	0.0677005699518935	0.4893989535288366	16	1	0.0625	0	1	False			detox_endocrine	Detoxification and endocrine metabolism	context_sensitive	revise_existing_claim	False	family_support_or_redundant_child	Lower broad phase-II conjugation contrasts with higher nested glutathione-conjugation, peptide-hormone, and steroid-metabolism scores; no uniform detoxification direction is supported.	14	Glutathione conjugation is fully nested in phase-II conjugation and the two latent scores are strongly anticorrelated, so branch-specific mechanistic claims are not identifiable here.	False	
skin	R-MMU-1640170_CELL_CYCLE	Cell Cycle	top_decile_magnitude	10.0	0.9690721649484536	-0.2976118738024719	3	0.5	four-project paired-site balance	-0.3787196125446171	True	1.2725285712087457	0.2019612207392832	0.580498600087103	115	24	0.20869565217391303	23	1	False			genome_regulation	Chromatin, proliferation, and genome maintenance	context_sensitive	existing_support_axis	False	family_support_or_redundant_child	Chromatin, nucleotide, cell-cycle, senescence, and DNA-repair scores are predominantly lower and reinforce a reduced regulatory and proliferative state.	12;13	Several terms divide three versus three across accessions, so the family is a protocol-qualified state rather than a universal repair defect.	False	
skin	R-MMU-2559586_DNA_DAMAGE_TELOMERE_STRESS_INDUCED_SENESCENCE	DNA Damage Telomere Stress Induced Senescence	top_decile_magnitude	11.0	0.9656357388316152	-0.2967809406650893	3	0.5	four-project paired-site balance	-0.4234292020452351	True	1.426739874522689	0.2742721759379407	0.6575508932814252	33	1	0.030303030303030304	1	0	False			genome_regulation	Chromatin, proliferation, and genome maintenance	context_sensitive	existing_support_axis	False	family_support_or_redundant_child	Chromatin, nucleotide, cell-cycle, senescence, and DNA-repair scores are predominantly lower and reinforce a reduced regulatory and proliferative state.	12;13	Several terms divide three versus three across accessions, so the family is a protocol-qualified state rather than a universal repair defect.	False	
skin	R-MMU-390522_STRIATED_MUSCLE_CONTRACTION	Striated Muscle Contraction	top_decile_magnitude;stable_rank_40_extension	12.0	0.9621993127147768	0.2967009345888708	5	0.8333333333333334	four-project paired-site balance	0.2822022617822963	True	0.9511337137287252	0.4553695752024927	0.711990142428167	24	0	0.0	0	0	False			cutaneous_muscle	Cutaneous striated muscle	aligned	add_aligned_context	False	family_support_or_redundant_child	Higher muscle and striated-muscle contraction scores recover the known panniculus-carnosus response in full-thickness mouse skin.	12;15	This is a skin-compartment signal, not evidence that epidermal cells acquired a muscle program; the direction is not universal across all projects.	False	
skin	R-MMU-156590_GLUTATHIONE_CONJUGATION	Glutathione Conjugation	top_decile_magnitude	13.0	0.9587628865979382	0.2913721746831193	4	0.6666666666666666	four-project paired-site balance	0.363769904437621	True	1.2484716662915307	0.1186684585800522	0.4893989535288366	17	1	0.058823529411764705	0	1	True	R-MMU-156580_PHASE_II_CONJUGATION_OF_COMPOUNDS	1.0	detox_endocrine	Detoxification and endocrine metabolism	context_sensitive	revise_existing_claim	False	family_support_or_redundant_child	Lower broad phase-II conjugation contrasts with higher nested glutathione-conjugation, peptide-hormone, and steroid-metabolism scores; no uniform detoxification direction is supported.	14	Glutathione conjugation is fully nested in phase-II conjugation and the two latent scores are strongly anticorrelated, so branch-specific mechanistic claims are not identifiable here.	False	
skin	R-MMU-4839726_CHROMATIN_ORGANIZATION	Chromatin Organization	top_decile_magnitude	14.0	0.9553264604810996	-0.2879150712740431	4	0.6666666666666666	four-project paired-site balance	-0.3824080540655469	True	1.3281974172917248	0.1651648685137424	0.5386095642542073	52	3	0.057692307692307696	2	1	False			genome_regulation	Chromatin, proliferation, and genome maintenance	context_sensitive	existing_support_axis	False	family_support_or_redundant_child	Chromatin, nucleotide, cell-cycle, senescence, and DNA-repair scores are predominantly lower and reinforce a reduced regulatory and proliferative state.	12;13	Several terms divide three versus three across accessions, so the family is a protocol-qualified state rather than a universal repair defect.	False	
skin	R-MMU-2029480_FCGAMMA_RECEPTOR_FCGR_DEPENDENT_PHAGOCYTOSIS	Fcgamma Receptor Fcgr Dependent Phagocytosis	top_decile_magnitude;stable_rank_40_extension	15.0	0.9518900343642612	0.2836183370042355	5	0.8333333333333334	four-project paired-site balance	0.3100113618811007	True	1.0930582456538098	0.1782904167145542	0.528895151692225	21	1	0.047619047619047616	0	1	False			innate_phagocytosis	Innate immune and phagocytic response	aligned	add_aligned_context	True	representative	Higher Fc-receptor phagocytosis and broad innate-immune scores recover a known inflammatory and immune component of flight-exposed skin.	12;13	Whole-skin scores can reflect immune-cell abundance and do not establish activation within keratinocytes.	False	
skin	R-MMU-6811434_COPI_DEPENDENT_GOLGI_TO_ER_RETROGRADE_TRAFFIC	Copi Dependent Golgi To ER Retrograde Traffic	top_decile_magnitude	16.0	0.9484536082474226	-0.2729868426746412	4	0.6666666666666666	four-project paired-site balance	-0.3499992613484516	True	1.2821103681015042	0.1782904167145542	0.5386095642542073	25	7	0.28	7	0	False			protein_processing	Secretory trafficking and protein processing	context_sensitive	supplement_only	True	representative	Lower COPI and N-linked-glycosylation scores contrast with higher broad post-translational modification, preventing a coherent process-level direction.	12	These programs are broad and do not measure protein-processing flux.	False	
skin	R-MMU-68886_M_PHASE	M Phase	top_decile_magnitude	17.0	0.9450171821305842	-0.2715551212136453	3	0.5	four-project paired-site balance	-0.335677279531579	True	1.2361294385882187	0.1765732557909142	0.5386095642542073	77	13	0.16883116883116883	13	0	False			genome_regulation	Chromatin, proliferation, and genome maintenance	context_sensitive	existing_support_axis	False	family_support_or_redundant_child	Chromatin, nucleotide, cell-cycle, senescence, and DNA-repair scores are predominantly lower and reinforce a reduced regulatory and proliferative state.	12;13	Several terms divide three versus three across accessions, so the family is a protocol-qualified state rather than a universal repair defect.	False	
skin	R-MMU-194315_SIGNALING_BY_RHO_GTPASES	Signaling By Rho GTPases	top_decile_magnitude;stable_rank_40_extension	18.0	0.9415807560137456	-0.2601285887293991	5	0.8333333333333334	four-project paired-site balance	-0.330613533274023	True	1.2709619303626272	0.0965949315262795	0.4893989535288366	150	20	0.13333333333333333	14	6	True	R-MMU-193648_NRAGE_SIGNALS_DEATH_THROUGH_JNK	0.8846153846153846	communication_adhesion	Cell communication, adhesion, and cytoskeleton	complementary	existing_core_axis	False	family_support_or_redundant_child	Lower gap-junction, CDH1, Rho-family, second-messenger, and cell-junction scores form a coherent lower tissue-coordination family.	13;16	The result does not identify a specific skin layer or prove reduced functional junctional coupling.	False	
skin	R-MMU-446203_ASPARAGINE_N_LINKED_GLYCOSYLATION	Asparagine N Linked Glycosylation	top_decile_magnitude	19.0	0.9381443298969072	-0.2577938717961678	4	0.6666666666666666	four-project paired-site balance	-0.310960433661234	True	1.2062367173223725	0.148214202680238	0.528895151692225	31	3	0.0967741935483871	0	3	True	R-MMU-597592_POST_TRANSLATIONAL_PROTEIN_MODIFICATION	1.0	protein_processing	Secretory trafficking and protein processing	context_sensitive	supplement_only	False	family_support_or_redundant_child	Lower COPI and N-linked-glycosylation scores contrast with higher broad post-translational modification, preventing a coherent process-level direction.	12	These programs are broad and do not measure protein-processing flux.	False	
skin	R-MMU-73894_DNA_REPAIR	DNA repair	top_decile_magnitude;prespecified_main_review	20.0	0.9347079037800688	-0.2570837021910508	3	0.5	four-project paired-site balance	-0.3204309184334197	True	1.2464069705799268	0.1708781764493657	0.528895151692225	41	6	0.14634146341463414	5	1	False			genome_regulation	Chromatin, proliferation, and genome maintenance	context_sensitive	existing_support_axis	False	family_support_or_redundant_child	Chromatin, nucleotide, cell-cycle, senescence, and DNA-repair scores are predominantly lower and reinforce a reduced regulatory and proliferative state.	12;13	Several terms divide three versus three across accessions, so the family is a protocol-qualified state rather than a universal repair defect.	True	context_sensitive
skin	R-MMU-9006925_INTRACELLULAR_SIGNALING_BY_SECOND_MESSENGERS	Intracellular Signaling By Second Messengers	top_decile_magnitude	21.0	0.9312714776632304	-0.2567768021338829	4	0.6666666666666666	four-project paired-site balance	-0.3038178056793597	True	1.1831980270591178	0.1708781764493657	0.528895151692225	51	2	0.0392156862745098	1	1	False			communication_adhesion	Cell communication, adhesion, and cytoskeleton	complementary	existing_core_axis	False	family_support_or_redundant_child	Lower gap-junction, CDH1, Rho-family, second-messenger, and cell-junction scores form a coherent lower tissue-coordination family.	13;16	The result does not identify a specific skin layer or prove reduced functional junctional coupling.	False	
skin	R-MMU-156580_PHASE_II_CONJUGATION_OF_COMPOUNDS	Phase II detoxification	top_decile_magnitude;stable_rank_40_extension;prespecified_main_review	22.0	0.9278350515463918	-0.2548713580596757	5	0.8333333333333334	four-project paired-site balance	-0.3038900606160286	True	1.1923272309981399	0.0919252699310968	0.4893989535288366	29	1	0.034482758620689655	1	0	True	R-MMU-156590_GLUTATHIONE_CONJUGATION	1.0	detox_endocrine	Detoxification and endocrine metabolism	context_sensitive	revise_existing_claim	True	representative	Lower broad phase-II conjugation contrasts with higher nested glutathione-conjugation, peptide-hormone, and steroid-metabolism scores; no uniform detoxification direction is supported.	14	Glutathione conjugation is fully nested in phase-II conjugation and the two latent scores are strongly anticorrelated, so branch-specific mechanistic claims are not identifiable here.	True	context_sensitive
skin	R-MMU-9675108_NERVOUS_SYSTEM_DEVELOPMENT	Nervous System Development	top_decile_magnitude;stable_rank_40_extension	23.0	0.9243986254295532	-0.2525274931607178	5	0.8333333333333334	four-project paired-site balance	-0.305885129590319	True	1.2112943654639712	0.0812139611533344	0.4893989535288366	95	3	0.031578947368421054	1	2	False			epidermal_development	Epidermal differentiation and regeneration	aligned	existing_core_axis	False	family_support_or_redundant_child	Lower keratinization, developmental, Hedgehog, and neural-development programs support reduced epidermal differentiation and regenerative-niche activity.	12;13;15	The broad developmental term combines multiple compartments, and sphingolipid score is not a direct ceramide measurement.	False	
skin	R-MMU-9764725_NEGATIVE_REGULATION_OF_CDH1_GENE_TRANSCRIPTION	Negative Regulation Of CDH1 Gene Transcription	top_decile_magnitude	24.0	0.9209621993127148	-0.2449240993497919	3	0.5	four-project paired-site balance	-0.3480758886774024	True	1.4211581857459146	0.3697133227673354	0.7771733609878786	33	0	0.0	0	0	False			communication_adhesion	Cell communication, adhesion, and cytoskeleton	complementary	existing_core_axis	False	family_support_or_redundant_child	Lower gap-junction, CDH1, Rho-family, second-messenger, and cell-junction scores form a coherent lower tissue-coordination family.	13;16	The result does not identify a specific skin layer or prove reduced functional junctional coupling.	False	
skin	R-MMU-168249_INNATE_IMMUNE_SYSTEM	Innate Immune System	top_decile_magnitude	25.0	0.9175257731958762	0.2434467673921363	4	0.6666666666666666	four-project paired-site balance	0.347682810341361	True	1.4281677019819474	0.2368643608300818	0.6016388152046126	245	12	0.04897959183673469	7	5	False			innate_phagocytosis	Innate immune and phagocytic response	aligned	add_aligned_context	False	family_support_or_redundant_child	Higher Fc-receptor phagocytosis and broad innate-immune scores recover a known inflammatory and immune component of flight-exposed skin.	12;13	Whole-skin scores can reflect immune-cell abundance and do not establish activation within keratinocytes.	False	
skin	R-MMU-597592_POST_TRANSLATIONAL_PROTEIN_MODIFICATION	Post Translational Protein Modification	top_decile_magnitude;stable_rank_40_extension	26.0	0.9140893470790378	0.2386060951951974	5	0.8333333333333334	four-project paired-site balance	0.2852355431551699	True	1.1954243789196843	0.0812139611533344	0.4893989535288366	234	24	0.10256410256410256	14	10	True	R-MMU-446203_ASPARAGINE_N_LINKED_GLYCOSYLATION	1.0	protein_processing	Secretory trafficking and protein processing	context_sensitive	supplement_only	False	family_support_or_redundant_child	Lower COPI and N-linked-glycosylation scores contrast with higher broad post-translational modification, preventing a coherent process-level direction.	12	These programs are broad and do not measure protein-processing flux.	False	
skin	R-MMU-5358351_SIGNALING_BY_HEDGEHOG	Hedgehog signaling	top_decile_magnitude;stable_rank_40_extension;prespecified_main_review	27.0	0.9106529209621992	-0.2357627724753543	5	0.8333333333333334	four-project paired-site balance	-0.2755319119165669	True	1.168682862962896	0.0919252699310968	0.4893989535288366	24	4	0.16666666666666666	1	3	False			epidermal_development	Epidermal differentiation and regeneration	aligned	existing_core_axis	False	family_support_or_redundant_child	Lower keratinization, developmental, Hedgehog, and neural-development programs support reduced epidermal differentiation and regenerative-niche activity.	12;13;15	The broad developmental term combines multiple compartments, and sphingolipid score is not a direct ceramide measurement.	True	complementary
skin	R-MMU-453274_MITOTIC_G2_G2_M_PHASES	Mitotic G2 G2 M Phases	top_decile_magnitude;stable_rank_40_extension	28.0	0.9072164948453608	-0.2228965274992246	5	0.8333333333333334	four-project paired-site balance	-0.2780680151282562	True	1.247520624246708	0.1214326400058331	0.4893989535288366	29	7	0.2413793103448276	6	1	False			genome_regulation	Chromatin, proliferation, and genome maintenance	context_sensitive	existing_support_axis	False	family_support_or_redundant_child	Chromatin, nucleotide, cell-cycle, senescence, and DNA-repair scores are predominantly lower and reinforce a reduced regulatory and proliferative state.	12;13	Several terms divide three versus three across accessions, so the family is a protocol-qualified state rather than a universal repair defect.	False	
skin	R-MMU-9012999_RHO_GTPASE_CYCLE	Rho GTPase Cycle	top_decile_magnitude	29.0	0.9037800687285223	-0.2222503375315922	4	0.6666666666666666	four-project paired-site balance	-0.2742856285912015	True	1.234129188002752	0.0812139611533344	0.4893989535288366	108	13	0.12037037037037036	8	5	True	R-MMU-193648_NRAGE_SIGNALS_DEATH_THROUGH_JNK	0.8846153846153846	communication_adhesion	Cell communication, adhesion, and cytoskeleton	complementary	existing_core_axis	False	family_support_or_redundant_child	Lower gap-junction, CDH1, Rho-family, second-messenger, and cell-junction scores form a coherent lower tissue-coordination family.	13;16	The result does not identify a specific skin layer or prove reduced functional junctional coupling.	False	
skin	R-MMU-8957322_METABOLISM_OF_STEROIDS	Metabolism Of Steroids	top_decile_magnitude;stable_rank_40_extension	30.0	0.9003436426116839	0.22042618261656	5	0.8333333333333334	four-project paired-site balance	0.2859468586243351	True	1.2972454325979546	0.1154209793099086	0.4893989535288366	29	2	0.06896551724137931	1	1	False			detox_endocrine	Detoxification and endocrine metabolism	context_sensitive	revise_existing_claim	False	family_support_or_redundant_child	Lower broad phase-II conjugation contrasts with higher nested glutathione-conjugation, peptide-hormone, and steroid-metabolism scores; no uniform detoxification direction is supported.	14	Glutathione conjugation is fully nested in phase-II conjugation and the two latent scores are strongly anticorrelated, so branch-specific mechanistic claims are not identifiable here.	False	
skin	R-MMU-112316_NEURONAL_SYSTEM	Neuronal System	stable_rank_40_extension	33.0	0.8900343642611683	0.2147484656348572	5	0.8333333333333334	four-project paired-site balance	0.227062092208599	True	1.0573397650937306	0.1154209793099086	0.4893989535288366	51	2	0.0392156862745098	2	0	False			sensory_broad	Sensory and broad signaling labels	not_interpretable	exclude	False	excluded_tissue_incongruent_or_nonspecific	Visual, neuronal, potassium-channel, NRAGE-JNK, and broad GPCR labels do not form a specific skin-spaceflight mechanism.	15	Cutaneous sensory cells exist, but these aggregate labels cannot localize them and include tissue-incongruent annotation.	False	
skin	R-MMU-193648_NRAGE_SIGNALS_DEATH_THROUGH_JNK	Nrage Signals Death Through Jnk	stable_rank_40_extension	35.0	0.8831615120274914	0.2090524278637222	5	0.8333333333333334	four-project paired-site balance	0.2286085033345606	True	1.0935462729166996	0.0998005999856283	0.4893989535288366	15	2	0.13333333333333333	1	1	True	R-MMU-194315_SIGNALING_BY_RHO_GTPASES;R-MMU-9012999_RHO_GTPASE_CYCLE	0.8846153846153846	sensory_broad	Sensory and broad signaling labels	not_interpretable	exclude	False	excluded_tissue_incongruent_or_nonspecific	Visual, neuronal, potassium-channel, NRAGE-JNK, and broad GPCR labels do not form a specific skin-spaceflight mechanism.	15	Cutaneous sensory cells exist, but these aggregate labels cannot localize them and include tissue-incongruent annotation.	False	
skin	R-MMU-388396_GPCR_DOWNSTREAM_SIGNALLING	GPCR Downstream Signalling	stable_rank_40_extension	38.0	0.872852233676976	0.2034714395089049	5	0.8333333333333334	four-project paired-site balance	0.2466820931945442	True	1.212367169514954	0.1154209793099086	0.4893989535288366	142	12	0.08450704225352113	8	4	False			sensory_broad	Sensory and broad signaling labels	not_interpretable	exclude	False	excluded_tissue_incongruent_or_nonspecific	Visual, neuronal, potassium-channel, NRAGE-JNK, and broad GPCR labels do not form a specific skin-spaceflight mechanism.	15	Cutaneous sensory cells exist, but these aggregate labels cannot localize them and include tissue-incongruent annotation.	False	
skin	R-MMU-421270_CELL_CELL_JUNCTION_ORGANIZATION	Cell-cell junction organization	stable_rank_40_extension;prespecified_main_review	39.0	0.8694158075601375	-0.196829532122068	5	0.8333333333333334	four-project paired-site balance	-0.2530908066551474	True	1.2858375667843776	0.0919252699310968	0.4893989535288366	69	4	0.057971014492753624	1	3	False			communication_adhesion	Cell communication, adhesion, and cytoskeleton	complementary	existing_core_axis	False	family_support_or_redundant_child	Lower gap-junction, CDH1, Rho-family, second-messenger, and cell-junction scores form a coherent lower tissue-coordination family.	13;16	The result does not identify a specific skin layer or prove reduced functional junctional coupling.	True	aligned
skin	R-MMU-1296071_POTASSIUM_CHANNELS	Potassium Channels	stable_rank_40_extension	40.0	0.865979381443299	0.1953992213505085	5	0.8333333333333334	four-project paired-site balance	0.2257033555412805	True	1.155088305784045	0.0677005699518935	0.4893989535288366	15	1	0.06666666666666667	1	0	False			sensory_broad	Sensory and broad signaling labels	not_interpretable	exclude	False	excluded_tissue_incongruent_or_nonspecific	Visual, neuronal, potassium-channel, NRAGE-JNK, and broad GPCR labels do not form a specific skin-spaceflight mechanism.	15	Cutaneous sensory cells exist, but these aggregate labels cannot localize them and include tissue-incongruent annotation.	False	
skin	R-MMU-428157_SPHINGOLIPID_METABOLISM	Sphingolipid metabolism	prespecified_main_review	42.0	0.8591065292096219	-0.1943057259062245	4	0.6666666666666666	four-project paired-site balance	-0.2782457200162181	True	1.4319995909462009	0.1651648685137424	0.5172621400681979	28	3	0.10714285714285714	2	1	False			epidermal_development	Epidermal differentiation and regeneration	aligned	existing_core_axis	False	family_support_or_redundant_child	Lower keratinization, developmental, Hedgehog, and neural-development programs support reduced epidermal differentiation and regenerative-niche activity.	12;13;15	The broad developmental term combines multiple compartments, and sphingolipid score is not a direct ceramide measurement.	True	complementary
soleus	R-MMU-168256_IMMUNE_SYSTEM	Immune-system signaling	top_decile_magnitude;prespecified_main_review	1.0	1.0	0.4354141866666667	1	0.5	exclude OSD-714	-0.0202792616666665	False	0.04657464613616593	0.6769340235166685	0.9679962222302182	514	19	0.03696498054474708	5	14	True	R-MMU-913531_INTERFERON_SIGNALING;R-MMU-1280215_CYTOKINE_SIGNALING_IN_IMMUNE_SYSTEM	1.0	immune_inflammatory	Immune and cytokine programs	context_sensitive	existing_context	True	representative	Broad immune and neutrophil scores are driven by the confounded accession, whereas interferon and cytokine scores are lower across the restricted comparison.	24;27	Nested immune programs point in opposite directions and cannot support a universal inflammatory claim.	True	context_sensitive
soleus	R-MMU-6809371_FORMATION_OF_THE_CORNIFIED_ENVELOPE	Formation Of The Cornified Envelope	top_decile_magnitude;stable_rank_40_extension	2.0	0.9966101694915256	0.4029332148148146	2	1.0	exclude OSD-714	0.3474274541666663	True	0.8622457553576011	0.3302720395065772	0.7053227465835571	22	0	0.0	0	0	False			epithelial_incongruent	Cornified-envelope and keratin labels	not_interpretable	exclude	True	representative	Cornified-envelope and keratinization scores are tissue-incongruent for dissected soleus and are not interpreted as muscle biology.		The signal could reflect dissection contamination, shared structural genes, or model annotation rather than a muscle mechanism.	False	
soleus	R-MMU-372790_SIGNALING_BY_GPCR	Signaling By GPCR	top_decile_magnitude	3.0	0.9932203389830508	0.3473075108333334	0	0.0	exclude OSD-714	-0.1651946351666663	False	0.47564371634318103	0.8283216317321356	0.8660549902450211	155	6	0.03870967741935484	2	4	True	R-MMU-418594_G_ALPHA_I_SIGNALLING_EVENTS;R-MMU-373076_CLASS_A_1_RHODOPSIN_LIKE_RECEPTORS	1.0	broad_gpcr_cytoskeleton	Broad GPCR and Rho-family signaling	context_sensitive	supplement_only	False	family_support_or_redundant_child	Broad GPCR and Rho-family parents move in accession-sensitive or opposing directions and do not define the lower trophic subfamily.	24;25	Class-A receptors and G-alpha-i are nested within the GPCR parent, while the broad Rho term changes direction after restriction.	False	
soleus	R-MMU-1640170_CELL_CYCLE	Cell Cycle	top_decile_magnitude	4.0	0.9898305084745764	0.3384807299999999	1	0.5	exclude OSD-714	0.0276846116666664	True	0.0817908058360262	0.6381349539578308	0.9281410167217984	123	2	0.016260162601626018	1	1	False			growth_damage	Growth, apoptosis, and DNA-damage response	context_sensitive	supplement_only	False	family_support_or_redundant_child	Higher apoptosis and DNA-repair scores persist after restriction, while broad cell-cycle and MLL3-MLL4 scores remain accession sensitive.	24;25	The family combines distinct processes and does not establish myofiber apoptosis or repair activity.	False	
soleus	R-MMU-9818564_EPIGENETIC_REGULATION_OF_GENE_EXPRESSION_BY_MLL3_AND_MLL4_COMPLEXES	Epigenetic Regulation Of Gene Expression By Mll3 And Mll4 Complexes	top_decile_magnitude	5.0	0.9864406779661016	0.2683527891111111	1	0.5	exclude OSD-714	0.0790651745	True	0.29463146167362236	0.6703667886028148	0.8994716196255789	36	0	0.0	0	0	False			growth_damage	Growth, apoptosis, and DNA-damage response	context_sensitive	supplement_only	False	family_support_or_redundant_child	Higher apoptosis and DNA-repair scores persist after restriction, while broad cell-cycle and MLL3-MLL4 scores remain accession sensitive.	24;25	The family combines distinct processes and does not establish myofiber apoptosis or repair activity.	False	
soleus	R-MMU-109581_APOPTOSIS	Apoptosis	top_decile_magnitude;stable_rank_40_extension	6.0	0.9830508474576272	0.2637189536111112	2	1.0	exclude OSD-714	0.0766922083333334	True	0.2908103770441403	0.3719157898411998	0.664780461236538	22	0	0.0	0	0	False			growth_damage	Growth, apoptosis, and DNA-damage response	context_sensitive	supplement_only	False	family_support_or_redundant_child	Higher apoptosis and DNA-repair scores persist after restriction, while broad cell-cycle and MLL3-MLL4 scores remain accession sensitive.	24;25	The family combines distinct processes and does not establish myofiber apoptosis or repair activity.	False	
soleus	R-MMU-6805567_KERATINIZATION	Keratinization	top_decile_magnitude;stable_rank_40_extension	7.0	0.9796610169491524	0.2595322945481482	2	1.0	exclude OSD-714	0.2785898791833333	True	1.073430494144726	0.0690397201790442	0.5887293917007417	22	0	0.0	0	0	False			epithelial_incongruent	Cornified-envelope and keratin labels	not_interpretable	exclude	False	excluded_tissue_incongruent_or_nonspecific	Cornified-envelope and keratinization scores are tissue-incongruent for dissected soleus and are not interpreted as muscle biology.		The signal could reflect dissection contamination, shared structural genes, or model annotation rather than a muscle mechanism.	False	
soleus	R-MMU-109582_HEMOSTASIS	Hemostasis	top_decile_magnitude;stable_rank_40_extension	8.0	0.976271186440678	0.2295372588888882	2	1.0	exclude OSD-714	0.0711327299999992	True	0.3098962248844852	0.5041822603427899	0.6502712767482457	224	7	0.03125	2	5	False			hemostatic	Hemostatic and platelet programs	context_sensitive	supplement_only	True	representative	Higher hemostasis and platelet-degranulation scores may reflect vascular or blood-cell composition rather than a myofiber program.		Direct soleus-specific spaceflight validation is absent.	False	
soleus	R-MMU-1442490_COLLAGEN_DEGRADATION	Collagen Degradation	top_decile_magnitude	9.0	0.9728813559322034	0.2072379588685184	1	0.5	exclude OSD-714	-0.1234071296833334	False	0.5954851628394426	0.8526672287574009	0.8902625178084324	36	2	0.05555555555555555	0	2	False			matrix_turnover	Matrix disassembly and support	complementary	existing_core_axis	False	family_support_or_redundant_child	Higher collagen and extracellular-matrix degradation together with lower elastic-fibre and glycosaminoglycan scores support a matrix-disassembly and reduced-support state.	24;26;28	Only two unconfounded accessions remain and member-gene support is sparse; matrix abundance and protease activity were not measured.	False	
soleus	R-MMU-8978868_FATTY_ACID_METABOLISM	Fatty-acid metabolism	top_decile_magnitude;prespecified_main_review	10.0	0.9694915254237289	-0.198262297574074	0	0.0	exclude OSD-714	0.1696706284999999	False	0.855788672763707	0.8526672287574009	0.8660549902450211	46	8	0.17391304347826086	7	1	True	R-MMU-1430728_METABOLISM	1.0	metabolic_transport	Metabolism and transmembrane transport	context_sensitive	existing_context	True	representative	Broad metabolism and transport parents oppose several lipid, oxidation, vitamin, and SLC children, and the fatty-acid direction changes after accession restriction.	24;25;26	The family is not directionally identifiable as one metabolic response.	True	context_sensitive
soleus	R-MMU-6798695_NEUTROPHIL_DEGRANULATION	Neutrophil Degranulation	top_decile_magnitude	11.0	0.9661016949152542	0.1966453010574074	0	0.0	exclude OSD-714	-0.2421514124416666	False	1.2314121473514104	0.9037074396572188	0.8893784002812303	183	6	0.03278688524590164	2	4	False			immune_inflammatory	Immune and cytokine programs	context_sensitive	existing_context	False	family_support_or_redundant_child	Broad immune and neutrophil scores are driven by the confounded accession, whereas interferon and cytokine scores are lower across the restricted comparison.	24;27	Nested immune programs point in opposite directions and cannot support a universal inflammatory claim.	False	
soleus	R-MMU-114608_PLATELET_DEGRANULATION	Platelet Degranulation	top_decile_magnitude	12.0	0.9627118644067796	0.1818508744074074	1	0.5	exclude OSD-714	-0.0280989684999999	False	0.15451654324767622	0.814461362469088	0.9284378501210508	65	2	0.03076923076923077	1	1	False			hemostatic	Hemostatic and platelet programs	context_sensitive	supplement_only	False	family_support_or_redundant_child	Higher hemostasis and platelet-degranulation scores may reflect vascular or blood-cell composition rather than a myofiber program.		Direct soleus-specific spaceflight validation is absent.	False	
soleus	R-MMU-1430728_METABOLISM	Metabolism	top_decile_magnitude	13.0	0.9593220338983052	0.1808996527777777	1	0.5	exclude OSD-714	0.0081905416666669	True	0.04527671303343183	0.7575083116919435	0.9000247883195249	396	47	0.11868686868686869	8	39	True	R-MMU-8978868_FATTY_ACID_METABOLISM;R-MMU-211859_BIOLOGICAL_OXIDATIONS;R-MMU-556833_METABOLISM_OF_LIPIDS;R-MMU-196854_METABOLISM_OF_VITAMINS_AND_COFACTORS;R-MMU-1630316_GLYCOSAMINOGLYCAN_METABOLISM	1.0	metabolic_transport	Metabolism and transmembrane transport	context_sensitive	existing_context	False	family_support_or_redundant_child	Broad metabolism and transport parents oppose several lipid, oxidation, vitamin, and SLC children, and the fatty-acid direction changes after accession restriction.	24;25;26	The family is not directionally identifiable as one metabolic response.	False	
soleus	R-MMU-194315_SIGNALING_BY_RHO_GTPASES	Signaling By Rho GTPases	top_decile_magnitude	14.0	0.9559322033898304	0.1773149466666667	0	0.0	exclude OSD-714	-0.110986948333333	False	0.6259311491770443	0.8526672287574009	0.8589861719351792	162	7	0.043209876543209874	0	7	False			broad_gpcr_cytoskeleton	Broad GPCR and Rho-family signaling	context_sensitive	supplement_only	False	family_support_or_redundant_child	Broad GPCR and Rho-family parents move in accession-sensitive or opposing directions and do not define the lower trophic subfamily.	24;25	Class-A receptors and G-alpha-i are nested within the GPCR parent, while the broad Rho term changes direction after restriction.	False	
soleus	R-MMU-211859_BIOLOGICAL_OXIDATIONS	Biological Oxidations	top_decile_magnitude	15.0	0.952542372881356	-0.1744706696666667	1	0.5	exclude OSD-714	0.0228285808333332	False	0.1308448054733104	0.7575083116919435	0.8494981780684108	55	9	0.16363636363636364	7	2	True	R-MMU-1430728_METABOLISM	1.0	metabolic_transport	Metabolism and transmembrane transport	context_sensitive	existing_context	False	family_support_or_redundant_child	Broad metabolism and transport parents oppose several lipid, oxidation, vitamin, and SLC children, and the fatty-acid direction changes after accession restriction.	24;25;26	The family is not directionally identifiable as one metabolic response.	False	
soleus	R-MMU-418594_G_ALPHA_I_SIGNALLING_EVENTS	G Alpha I Signalling Events	top_decile_magnitude;stable_rank_40_extension	16.0	0.9491525423728814	-0.1740394551737037	2	1.0	exclude OSD-714	-0.0624053434466666	True	0.35857009196208783	0.3719157898411998	0.5939097630745055	75	2	0.02666666666666667	1	1	True	R-MMU-372790_SIGNALING_BY_GPCR	1.0	broad_gpcr_cytoskeleton	Broad GPCR and Rho-family signaling	context_sensitive	supplement_only	True	representative	Broad GPCR and Rho-family parents move in accession-sensitive or opposing directions and do not define the lower trophic subfamily.	24;25	Class-A receptors and G-alpha-i are nested within the GPCR parent, while the broad Rho term changes direction after restriction.	False	
soleus	R-MMU-382551_TRANSPORT_OF_SMALL_MOLECULES	Transport Of Small Molecules	top_decile_magnitude	17.0	0.9457627118644067	0.1681101353703704	1	0.5	exclude OSD-714	0.0231618099999999	True	0.13777759412882012	0.6769340235166685	0.9281410167217984	173	19	0.10982658959537572	5	14	True	R-MMU-425407_SLC_MEDIATED_TRANSMEMBRANE_TRANSPORT	1.0	metabolic_transport	Metabolism and transmembrane transport	context_sensitive	existing_context	False	family_support_or_redundant_child	Broad metabolism and transport parents oppose several lipid, oxidation, vitamin, and SLC children, and the fatty-acid direction changes after accession restriction.	24;25;26	The family is not directionally identifiable as one metabolic response.	False	
soleus	R-MMU-1474228_DEGRADATION_OF_THE_EXTRACELLULAR_MATRIX	Extracellular matrix degradation	top_decile_magnitude;stable_rank_40_extension;prespecified_main_review	18.0	0.9423728813559322	0.1676931753703702	2	1.0	exclude OSD-714	0.1141177949999998	True	0.680515439867825	0.413389732365466	0.84717025441062	60	2	0.03333333333333333	0	2	False			matrix_turnover	Matrix disassembly and support	complementary	existing_core_axis	True	representative	Higher collagen and extracellular-matrix degradation together with lower elastic-fibre and glycosaminoglycan scores support a matrix-disassembly and reduced-support state.	24;26;28	Only two unconfounded accessions remain and member-gene support is sparse; matrix abundance and protease activity were not measured.	True	complementary
soleus	R-MMU-163125_POST_TRANSLATIONAL_MODIFICATION_SYNTHESIS_OF_GPI_ANCHORED_PROTEINS	Post Translational Modification Synthesis Of Gpi Anchored Proteins	top_decile_magnitude	19.0	0.9389830508474576	0.1631086761574074	1	0.5	exclude OSD-714	0.0624201165	True	0.3826903508171552	0.82298617404142	0.942870941084362	21	2	0.09523809523809523	0	2	False			trafficking_cytoskeleton	Membrane trafficking and intracellular transport	context_sensitive	supplement_only	False	family_support_or_redundant_child	GPI-anchor, membrane, kinesin, and vesicle programs are higher or preserved after restriction but lack direct soleus-spaceflight validation.	26	The terms are broad and should not be interpreted as measured trafficking rates.	False	
soleus	R-MMU-9709957_SENSORY_PERCEPTION	Sensory Perception	top_decile_magnitude;stable_rank_40_extension	20.0	0.9355932203389832	0.1623211781555555	2	1.0	exclude OSD-714	0.2345097043166666	True	1.4447264798184958	0.4746148990382549	0.8660549902450211	25	2	0.08	0	2	False			neuromuscular	Contractile and sensory programs	context_sensitive	existing_context	False	family_support_or_redundant_child	The contraction direction changes after exclusion, while the broad sensory score remains higher without a specific neuromuscular interpretation.	24;25;29;30	Fiber-type transitions can move individual contractile genes in opposite directions.	False	
soleus	R-MMU-556833_METABOLISM_OF_LIPIDS	Metabolism Of Lipids	top_decile_magnitude	21.0	0.9322033898305084	-0.147234460037037	0	0.0	exclude OSD-714	0.117803363	False	0.8001072776737621	0.8526672287574009	0.8660549902450211	134	15	0.11194029850746269	13	2	True	R-MMU-1430728_METABOLISM	1.0	metabolic_transport	Metabolism and transmembrane transport	context_sensitive	existing_context	False	family_support_or_redundant_child	Broad metabolism and transport parents oppose several lipid, oxidation, vitamin, and SLC children, and the fatty-acid direction changes after accession restriction.	24;25;26	The family is not directionally identifiable as one metabolic response.	False	
soleus	R-MMU-373076_CLASS_A_1_RHODOPSIN_LIKE_RECEPTORS	Class A 1 Rhodopsin Like Receptors	top_decile_magnitude	22.0	0.928813559322034	-0.1425560493703702	1	0.5	exclude OSD-714	0.0191134648333333	False	0.13407684147920818	0.7577438883310568	0.9132246871901282	84	2	0.023809523809523808	2	0	True	R-MMU-372790_SIGNALING_BY_GPCR	1.0	broad_gpcr_cytoskeleton	Broad GPCR and Rho-family signaling	context_sensitive	supplement_only	False	family_support_or_redundant_child	Broad GPCR and Rho-family parents move in accession-sensitive or opposing directions and do not define the lower trophic subfamily.	24;25	Class-A receptors and G-alpha-i are nested within the GPCR parent, while the broad Rho term changes direction after restriction.	False	
soleus	R-MMU-73894_DNA_REPAIR	DNA repair	top_decile_magnitude;stable_rank_40_extension;prespecified_main_review	23.0	0.9254237288135592	0.1401184675925924	2	1.0	exclude OSD-714	0.0478751483333331	True	0.3416762198151823	0.2868335420539492	0.6840772447826406	44	3	0.06818181818181818	2	1	False			growth_damage	Growth, apoptosis, and DNA-damage response	context_sensitive	supplement_only	True	representative	Higher apoptosis and DNA-repair scores persist after restriction, while broad cell-cycle and MLL3-MLL4 scores remain accession sensitive.	24;25	The family combines distinct processes and does not establish myofiber apoptosis or repair activity.	True	complementary
soleus	R-MMU-199991_MEMBRANE_TRAFFICKING	Membrane Trafficking	top_decile_magnitude	24.0	0.9220338983050848	0.1295374083333331	1	0.5	exclude OSD-714	-0.0317808250000002	False	0.2453409050628831	0.8526672287574009	0.8589861719351792	89	2	0.02247191011235955	1	1	False			trafficking_cytoskeleton	Membrane trafficking and intracellular transport	context_sensitive	supplement_only	False	family_support_or_redundant_child	GPI-anchor, membrane, kinesin, and vesicle programs are higher or preserved after restriction but lack direct soleus-spaceflight validation.	26	The terms are broad and should not be interpreted as measured trafficking rates.	False	
soleus	R-MMU-425407_SLC_MEDIATED_TRANSMEMBRANE_TRANSPORT	Slc Mediated Transmembrane Transport	top_decile_magnitude	25.0	0.91864406779661	-0.1283357119074073	0	0.0	exclude OSD-714	0.0946260503333334	False	0.737332180785384	0.8526672287574009	0.8660549902450211	68	6	0.08823529411764706	3	3	True	R-MMU-382551_TRANSPORT_OF_SMALL_MOLECULES	1.0	metabolic_transport	Metabolism and transmembrane transport	context_sensitive	existing_context	False	family_support_or_redundant_child	Broad metabolism and transport parents oppose several lipid, oxidation, vitamin, and SLC children, and the fatty-acid direction changes after accession restriction.	24;25;26	The family is not directionally identifiable as one metabolic response.	False	
soleus	R-MMU-196854_METABOLISM_OF_VITAMINS_AND_COFACTORS	Metabolism Of Vitamins And Cofactors	top_decile_magnitude	26.0	0.9152542372881356	-0.1267980990657407	1	0.5	exclude OSD-714	-0.0128001556666666	True	0.10094911328307954	0.6240425374238776	0.9281410167217984	50	5	0.1	5	0	True	R-MMU-1430728_METABOLISM	1.0	metabolic_transport	Metabolism and transmembrane transport	context_sensitive	existing_context	False	family_support_or_redundant_child	Broad metabolism and transport parents oppose several lipid, oxidation, vitamin, and SLC children, and the fatty-acid direction changes after accession restriction.	24;25;26	The family is not directionally identifiable as one metabolic response.	False	
soleus	R-MMU-2129379_MOLECULES_ASSOCIATED_WITH_ELASTIC_FIBRES	Molecules Associated With Elastic Fibres	top_decile_magnitude;stable_rank_40_extension	27.0	0.911864406779661	-0.1223820164918518	2	1.0	exclude OSD-714	-0.0889663682099999	True	0.7269562208588325	0.1509881756206655	0.6416927199754304	22	0	0.0	0	0	False			matrix_turnover	Matrix disassembly and support	complementary	existing_core_axis	False	family_support_or_redundant_child	Higher collagen and extracellular-matrix degradation together with lower elastic-fibre and glycosaminoglycan scores support a matrix-disassembly and reduced-support state.	24;26;28	Only two unconfounded accessions remain and member-gene support is sparse; matrix abundance and protease activity were not measured.	False	
soleus	R-MMU-1257604_PIP3_ACTIVATES_AKT_SIGNALING	Pip3 Activates Akt Signaling	top_decile_magnitude;stable_rank_40_extension	28.0	0.9084745762711864	-0.1222398430324073	2	1.0	exclude OSD-714	-0.0288586673333332	True	0.23608233303835646	0.4746148990382549	0.7796261380357679	49	3	0.061224489795918366	2	1	False			trophic_vascular	Trophic, adhesion, and vascular signaling	aligned	add_aligned_context	True	representative	Lower PI3K-AKT, WNT, and VEGF programs after restriction align with reduced anabolic, focal-adhesion, and vascular-support signaling during soleus unloading.	25;27	PI3K-AKT attenuates strongly after excluding OSD-714, and broad GPCR and Rho parents are accession sensitive; only the lower trophic subfamily is retained.	False	
soleus	R-MMU-913531_INTERFERON_SIGNALING	Interferon Signaling	top_decile_magnitude;stable_rank_40_extension	29.0	0.905084745762712	-0.1174301000370369	2	1.0	exclude OSD-714	-0.2001498011666665	True	1.7044165090853214	0.6769340235166685	0.8993005124681784	38	1	0.02631578947368421	1	0	True	R-MMU-168256_IMMUNE_SYSTEM	1.0	immune_inflammatory	Immune and cytokine programs	context_sensitive	existing_context	False	family_support_or_redundant_child	Broad immune and neutrophil scores are driven by the confounded accession, whereas interferon and cytokine scores are lower across the restricted comparison.	24;27	Nested immune programs point in opposite directions and cannot support a universal inflammatory claim.	False	
soleus	R-MMU-1630316_GLYCOSAMINOGLYCAN_METABOLISM	Glycosaminoglycan metabolism	top_decile_magnitude;stable_rank_40_extension;prespecified_main_review	30.0	0.9016949152542372	-0.1173810345407407	2	1.0	exclude OSD-714	-0.0936502065333333	True	0.7978308156828274	0.2398430378989996	0.7796261380357679	39	1	0.02564102564102564	1	0	True	R-MMU-1430728_METABOLISM	1.0	matrix_turnover	Matrix disassembly and support	complementary	existing_core_axis	False	family_support_or_redundant_child	Higher collagen and extracellular-matrix degradation together with lower elastic-fibre and glycosaminoglycan scores support a matrix-disassembly and reduced-support state.	24;26;28	Only two unconfounded accessions remain and member-gene support is sparse; matrix abundance and protease activity were not measured.	True	complementary
soleus	R-MMU-983189_KINESINS	Kinesins	stable_rank_40_extension	32.0	0.8949152542372881	0.115286135	2	1.0	exclude OSD-714	0.0736453221666666	True	0.6388046764397696	0.026279675343173	0.3205908871822083	23	0	0.0	0	0	False			trafficking_cytoskeleton	Membrane trafficking and intracellular transport	context_sensitive	supplement_only	False	family_support_or_redundant_child	GPI-anchor, membrane, kinesin, and vesicle programs are higher or preserved after restriction but lack direct soleus-spaceflight validation.	26	The terms are broad and should not be interpreted as measured trafficking rates.	False	
soleus	R-MMU-195721_SIGNALING_BY_WNT	Signaling By Wnt	stable_rank_40_extension	34.0	0.888135593220339	-0.111903905537037	2	1.0	exclude OSD-714	-0.0961642498333333	True	0.8593466811710667	1.9267088853217383e-05	0.0456780825714489	27	2	0.07407407407407407	1	1	False			trophic_vascular	Trophic, adhesion, and vascular signaling	aligned	add_aligned_context	False	family_support_or_redundant_child	Lower PI3K-AKT, WNT, and VEGF programs after restriction align with reduced anabolic, focal-adhesion, and vascular-support signaling during soleus unloading.	25;27	PI3K-AKT attenuates strongly after excluding OSD-714, and broad GPCR and Rho parents are accession sensitive; only the lower trophic subfamily is retained.	False	
soleus	R-MMU-194138_SIGNALING_BY_VEGF	Signaling By Vegf	stable_rank_40_extension	37.0	0.8779661016949153	-0.0995024218111111	2	1.0	exclude OSD-714	-0.0675087657999999	True	0.6784635446175785	0.1878289380405571	0.6163376693292743	36	2	0.05555555555555555	1	1	False			trophic_vascular	Trophic, adhesion, and vascular signaling	aligned	add_aligned_context	False	family_support_or_redundant_child	Lower PI3K-AKT, WNT, and VEGF programs after restriction align with reduced anabolic, focal-adhesion, and vascular-support signaling during soleus unloading.	25;27	PI3K-AKT attenuates strongly after excluding OSD-714, and broad GPCR and Rho parents are accession sensitive; only the lower trophic subfamily is retained.	False	
soleus	R-MMU-5653656_VESICLE_MEDIATED_TRANSPORT	Vesicle Mediated Transport	stable_rank_40_extension	38.0	0.8745762711864407	0.0981342487037036	2	1.0	exclude OSD-714	0.0511108133333332	True	0.5208254407454822	0.3625204982961499	0.5623493318276999	114	4	0.03508771929824561	1	3	False			trafficking_cytoskeleton	Membrane trafficking and intracellular transport	context_sensitive	supplement_only	True	representative	GPI-anchor, membrane, kinesin, and vesicle programs are higher or preserved after restriction but lack direct soleus-spaceflight validation.	26	The terms are broad and should not be interpreted as measured trafficking rates.	False	
soleus	R-MMU-390522_STRIATED_MUSCLE_CONTRACTION	Striated-muscle contraction	prespecified_main_review	46.0	0.847457627118644	0.0901879572222222	0	0.0	exclude OSD-714	-0.1936473599999998	False	2.1471531894536064	0.9908192153252288	0.891922249123955	29	8	0.27586206896551724	5	3	False			neuromuscular	Contractile and sensory programs	context_sensitive	existing_context	True	representative	The contraction direction changes after exclusion, while the broad sensory score remains higher without a specific neuromuscular interpretation.	24;25;29;30	Fiber-type transitions can move individual contractile genes in opposite directions.	True	context_sensitive
soleus	R-MMU-1280215_CYTOKINE_SIGNALING_IN_IMMUNE_SYSTEM	Cytokine signaling	prespecified_main_review	50.0	0.8338983050847457	-0.0789358253648148	2	1.0	exclude OSD-714	-0.1036905960333333	True	1.3136062814838545	0.2305329401720584	0.709643006675213	117	2	0.017094017094017096	1	1	True	R-MMU-168256_IMMUNE_SYSTEM	1.0	immune_inflammatory	Immune and cytokine programs	context_sensitive	existing_context	False	family_support_or_redundant_child	Broad immune and neutrophil scores are driven by the confounded accession, whereas interferon and cytokine scores are lower across the restricted comparison.	24;27	Nested immune programs point in opposite directions and cannot support a universal inflammatory claim.	True	context_sensitive
thymus	R-MMU-69278_CELL_CYCLE_MITOTIC	Mitotic cell cycle	top_decile_magnitude;stable_rank_40_extension;prespecified_main_review	1.0	1.0	-1.438332769986316	4	1.0	exclude OSD-289	-1.5081839853995611	True	1.048564015831962	0.0010390849822512	0.0272618194164077	149	63	0.4228187919463087	59	4	False			proliferation_genome	Proliferation and genome maintenance	aligned	existing_core_axis	True	representative	Lower mitotic, nucleotide, chromatin, transcription, telomere, rRNA, and DNA-repair programs form one dominant reduced proliferative and genome-maintenance state.	6;9	Many child terms may reflect fewer cycling thymocytes rather than independent defects in every molecular process.	True	aligned
thymus	R-MMU-2559586_DNA_DAMAGE_TELOMERE_STRESS_INDUCED_SENESCENCE	DNA Damage Telomere Stress Induced Senescence	top_decile_magnitude;stable_rank_40_extension	2.0	0.9964664310954064	-1.1341249837282454	4	1.0	exclude OSD-289	-1.168552629660307	True	1.0303561304318387	0.0106762213308181	0.0866257741197575	42	5	0.11904761904761904	5	0	False			proliferation_genome	Proliferation and genome maintenance	aligned	existing_core_axis	False	family_support_or_redundant_child	Lower mitotic, nucleotide, chromatin, transcription, telomere, rRNA, and DNA-repair programs form one dominant reduced proliferative and genome-maintenance state.	6;9	Many child terms may reflect fewer cycling thymocytes rather than independent defects in every molecular process.	False	
thymus	R-MMU-15869_METABOLISM_OF_NUCLEOTIDES	Metabolism Of Nucleotides	top_decile_magnitude;stable_rank_40_extension	3.0	0.9929328621908128	-1.042990064164298	4	1.0	exclude OSD-289	-1.070957167194956	True	1.026814352304561	0.0013827852398453	0.0203904164403888	22	12	0.5454545454545454	6	6	True	R-MMU-1430728_METABOLISM	1.0	proliferation_genome	Proliferation and genome maintenance	aligned	existing_core_axis	False	family_support_or_redundant_child	Lower mitotic, nucleotide, chromatin, transcription, telomere, rRNA, and DNA-repair programs form one dominant reduced proliferative and genome-maintenance state.	6;9	Many child terms may reflect fewer cycling thymocytes rather than independent defects in every molecular process.	False	
thymus	R-MMU-73894_DNA_REPAIR	DNA repair	top_decile_magnitude;stable_rank_40_extension;prespecified_main_review	4.0	0.9893992932862192	-1.0068827600368422	4	1.0	exclude OSD-289	-1.0496250444210526	True	1.0424501104603743	0.0010433660093236	0.0250628891359118	62	19	0.3064516129032258	18	1	False			proliferation_genome	Proliferation and genome maintenance	aligned	existing_core_axis	False	family_support_or_redundant_child	Lower mitotic, nucleotide, chromatin, transcription, telomere, rRNA, and DNA-repair programs form one dominant reduced proliferative and genome-maintenance state.	6;9	Many child terms may reflect fewer cycling thymocytes rather than independent defects in every molecular process.	True	complementary
thymus	R-MMU-9851695_EPIGENETIC_REGULATION_OF_ADIPOGENESIS_GENES_BY_MLL3_AND_MLL4_COMPLEXES	Epigenetic Regulation Of Adipogenesis Genes By Mll3 And Mll4 Complexes	top_decile_magnitude;stable_rank_40_extension	5.0	0.9858657243816256	-0.9405745326589476	4	1.0	exclude OSD-289	-0.9666312866570176	True	1.0277030188393568	0.0210678969935656	0.1328193470441753	40	0	0.0	0	0	True	R-MMU-168256_IMMUNE_SYSTEM	0.918918918918919	proliferation_genome	Proliferation and genome maintenance	aligned	existing_core_axis	False	family_support_or_redundant_child	Lower mitotic, nucleotide, chromatin, transcription, telomere, rRNA, and DNA-repair programs form one dominant reduced proliferative and genome-maintenance state.	6;9	Many child terms may reflect fewer cycling thymocytes rather than independent defects in every molecular process.	False	
thymus	R-MMU-6811434_COPI_DEPENDENT_GOLGI_TO_ER_RETROGRADE_TRAFFIC	Copi Dependent Golgi To ER Retrograde Traffic	top_decile_magnitude;stable_rank_40_extension	6.0	0.9823321554770318	-0.9291800423580702	4	1.0	exclude OSD-289	-0.9904475343225876	True	1.0659371587545434	0.0027563626194417	0.0393073988212847	26	12	0.46153846153846156	12	0	False			trafficking_proteostasis	Secretory trafficking and proteostasis	context_sensitive	supplement_only	True	representative	Lower retrograde trafficking and protein-metabolism scores contrast with higher N-linked glycosylation and broad post-translational modification.	22	Opposing nested terms and absent thymus-specific validation preclude a process-level direction.	False	
thymus	R-MMU-3247509_CHROMATIN_MODIFYING_ENZYMES	Chromatin Modifying Enzymes	top_decile_magnitude;stable_rank_40_extension	7.0	0.978798586572438	-0.881874070357193	4	1.0	exclude OSD-289	-0.8469621212798246	True	0.9604116389733199	1.9684495367288266e-05	0.0024663596287113	57	5	0.08771929824561403	2	3	False			proliferation_genome	Proliferation and genome maintenance	aligned	existing_core_axis	False	family_support_or_redundant_child	Lower mitotic, nucleotide, chromatin, transcription, telomere, rRNA, and DNA-repair programs form one dominant reduced proliferative and genome-maintenance state.	6;9	Many child terms may reflect fewer cycling thymocytes rather than independent defects in every molecular process.	False	
thymus	R-MMU-8980692_RHOA_GTPASE_CYCLE	RHOA cytoskeletal cycle	top_decile_magnitude;stable_rank_40_extension;prespecified_main_review	8.0	0.9752650176678446	-0.812444811658421	4	1.0	exclude OSD-289	-0.8641427600938596	True	1.0636325664138455	0.0144578850217605	0.0691771134300745	49	16	0.32653061224489793	7	9	True	R-MMU-162582_SIGNAL_TRANSDUCTION	1.0	niche_cytoskeleton	Thymocyte-niche interaction and cytoskeleton	complementary	existing_core_axis	True	representative	Lower RHOA, broader Rho-family, and lymphoid-stromal interaction scores reinforce reduced thymocyte migration, adhesion, or niche coordination.	6;11	Bulk tissue cannot separate weaker interaction state from loss of interacting thymocytes.	True	complementary
thymus	R-MMU-1428517_AEROBIC_RESPIRATION_AND_RESPIRATORY_ELECTRON_TRANSPORT	Aerobic Respiration And Respiratory Electron Transport	top_decile_magnitude;stable_rank_40_extension	9.0	0.9717314487632508	0.71639783766886	4	1.0	exclude OSD-289	0.7972136765027416	True	1.1128086024056887	0.0125194077997645	0.2201136570922357	24	1	0.041666666666666664	0	1	False			metabolic_endocrine	Respiratory, metabolic, and endocrine state	context_sensitive	supplement_only	True	representative	Higher respiratory and broad metabolic scores coexist with lower steroid and ESR-associated scores, suggesting composition or state redistribution rather than globally improved metabolism.	8;22	Latent respiratory score is not a direct measurement of mitochondrial function or ATP production.	False	
thymus	R-MMU-8856688_GOLGI_TO_ER_RETROGRADE_TRANSPORT	Golgi To ER Retrograde Transport	top_decile_magnitude;stable_rank_40_extension	10.0	0.9681978798586572	-0.6729473669126316	4	1.0	exclude OSD-289	-0.7149177867657894	True	1.0623680571717087	0.0107706608265134	0.0649925690804996	28	13	0.4642857142857143	12	1	False			trafficking_proteostasis	Secretory trafficking and proteostasis	context_sensitive	supplement_only	False	family_support_or_redundant_child	Lower retrograde trafficking and protein-metabolism scores contrast with higher N-linked glycosylation and broad post-translational modification.	22	Opposing nested terms and absent thymus-specific validation preclude a process-level direction.	False	
thymus	R-MMU-9012999_RHO_GTPASE_CYCLE	Rho GTPase Cycle	top_decile_magnitude;stable_rank_40_extension	11.0	0.9646643109540636	-0.6476626820628072	4	1.0	exclude OSD-289	-0.6524076644118422	True	1.0073263173569338	3.4796760646116554e-08	0.0002630690605007	128	33	0.2578125	10	23	True	R-MMU-162582_SIGNAL_TRANSDUCTION	1.0	niche_cytoskeleton	Thymocyte-niche interaction and cytoskeleton	complementary	existing_core_axis	False	family_support_or_redundant_child	Lower RHOA, broader Rho-family, and lymphoid-stromal interaction scores reinforce reduced thymocyte migration, adhesion, or niche coordination.	6;11	Bulk tissue cannot separate weaker interaction state from loss of interacting thymocytes.	False	
thymus	R-MMU-212436_GENERIC_TRANSCRIPTION_PATHWAY	Generic Transcription Pathway	top_decile_magnitude;stable_rank_40_extension	12.0	0.96113074204947	-0.6303390344845613	4	1.0	exclude OSD-289	-0.6405251303973684	True	1.016159709863338	5.656366968575005e-10	3.5590712348300874e-05	161	31	0.19254658385093168	20	11	False			proliferation_genome	Proliferation and genome maintenance	aligned	existing_core_axis	False	family_support_or_redundant_child	Lower mitotic, nucleotide, chromatin, transcription, telomere, rRNA, and DNA-repair programs form one dominant reduced proliferative and genome-maintenance state.	6;9	Many child terms may reflect fewer cycling thymocytes rather than independent defects in every molecular process.	False	
thymus	R-MMU-1430728_METABOLISM	Metabolism	top_decile_magnitude;stable_rank_40_extension	13.0	0.9575971731448764	0.6153945210526309	4	1.0	exclude OSD-289	0.6059992658991221	True	0.984732956124734	6.779091306557806e-10	1.6980378544996574e-05	346	80	0.23121387283236994	68	12	True	R-MMU-15869_METABOLISM_OF_NUCLEOTIDES;R-MMU-8957322_METABOLISM_OF_STEROIDS	1.0	metabolic_endocrine	Respiratory, metabolic, and endocrine state	context_sensitive	supplement_only	False	family_support_or_redundant_child	Higher respiratory and broad metabolic scores coexist with lower steroid and ESR-associated scores, suggesting composition or state redistribution rather than globally improved metabolism.	8;22	Latent respiratory score is not a direct measurement of mitochondrial function or ATP production.	False	
thymus	R-MMU-1640170_CELL_CYCLE	Cell Cycle	top_decile_magnitude;stable_rank_40_extension	14.0	0.9540636042402828	-0.604111792668421	4	1.0	exclude OSD-289	-0.6388023179188597	True	1.0574240160040698	0.0058555767134523	0.0550302869435423	165	74	0.4484848484848485	69	5	False			proliferation_genome	Proliferation and genome maintenance	aligned	existing_core_axis	False	family_support_or_redundant_child	Lower mitotic, nucleotide, chromatin, transcription, telomere, rRNA, and DNA-repair programs form one dominant reduced proliferative and genome-maintenance state.	6;9	Many child terms may reflect fewer cycling thymocytes rather than independent defects in every molecular process.	False	
thymus	R-MMU-8957322_METABOLISM_OF_STEROIDS	Metabolism Of Steroids	top_decile_magnitude;stable_rank_40_extension	15.0	0.950530035335689	-0.5799021726164035	4	1.0	exclude OSD-289	-0.5579732563330044	True	0.96218514549711	7.219980364535166e-07	0.0001410332715718	28	4	0.14285714285714285	3	1	True	R-MMU-1430728_METABOLISM	1.0	metabolic_endocrine	Respiratory, metabolic, and endocrine state	context_sensitive	supplement_only	False	family_support_or_redundant_child	Higher respiratory and broad metabolic scores coexist with lower steroid and ESR-associated scores, suggesting composition or state redistribution rather than globally improved metabolism.	8;22	Latent respiratory score is not a direct measurement of mitochondrial function or ATP production.	False	
thymus	R-MMU-157579_TELOMERE_MAINTENANCE	Telomere Maintenance	top_decile_magnitude;stable_rank_40_extension	16.0	0.9469964664310954	-0.5554702357489474	4	1.0	exclude OSD-289	-0.5831943629570175	True	1.04991109410334	0.0005724454549472	0.0269859055267866	40	7	0.175	7	0	False			proliferation_genome	Proliferation and genome maintenance	aligned	existing_core_axis	False	family_support_or_redundant_child	Lower mitotic, nucleotide, chromatin, transcription, telomere, rRNA, and DNA-repair programs form one dominant reduced proliferative and genome-maintenance state.	6;9	Many child terms may reflect fewer cycling thymocytes rather than independent defects in every molecular process.	False	
thymus	R-MMU-2168880_SCAVENGING_OF_HEME_FROM_PLASMA	Scavenging Of Heme From Plasma	top_decile_magnitude;stable_rank_40_extension	17.0	0.9434628975265018	0.5057024796403508	4	1.0	exclude OSD-289	0.6182395997587717	True	1.2225362236674338	0.0338977191140723	0.2159164460073085	44	4	0.09090909090909091	4	0	True	R-MMU-198933_IMMUNOREGULATORY_INTERACTIONS_BETWEEN_A_LYMPHOID_AND_A_NON_LYMPHOID_CELL	0.8174603174603174	innate_hemostatic	Innate, hemostatic, and vascular-associated response	complementary	existing_support_axis	False	family_support_or_redundant_child	Higher broad immune, TLR, neutrophil, hemostasis, platelet, and heme-scavenging scores reinforce an innate and vascular-associated counter-response.	9;10	Blood contamination or altered immune-cell composition may contribute, and these terms should not be presented as six independent mechanisms.	False	
thymus	R-MMU-198933_IMMUNOREGULATORY_INTERACTIONS_BETWEEN_A_LYMPHOID_AND_A_NON_LYMPHOID_CELL	Lymphoid-stromal interactions	top_decile_magnitude;stable_rank_40_extension;prespecified_main_review	18.0	0.939929328621908	-0.5009776116961403	4	1.0	exclude OSD-289	-0.5319108237868422	True	1.061745697549183	6.236849245654875e-08	0.000573772977469	79	17	0.21518987341772153	7	10	True	R-MMU-2168880_SCAVENGING_OF_HEME_FROM_PLASMA;R-MMU-168256_IMMUNE_SYSTEM	1.0	niche_cytoskeleton	Thymocyte-niche interaction and cytoskeleton	complementary	existing_core_axis	False	family_support_or_redundant_child	Lower RHOA, broader Rho-family, and lymphoid-stromal interaction scores reinforce reduced thymocyte migration, adhesion, or niche coordination.	6;11	Bulk tissue cannot separate weaker interaction state from loss of interacting thymocytes.	True	complementary
thymus	R-MMU-109582_HEMOSTASIS	Hemostasis	top_decile_magnitude;stable_rank_40_extension	19.0	0.9363957597173144	0.493460140866667	4	1.0	exclude OSD-289	0.4845491344166669	True	0.9819417908114125	5.551502248238354e-07	0.0001038258260775	244	59	0.24180327868852458	43	16	False			innate_hemostatic	Innate, hemostatic, and vascular-associated response	complementary	existing_support_axis	False	family_support_or_redundant_child	Higher broad immune, TLR, neutrophil, hemostasis, platelet, and heme-scavenging scores reinforce an innate and vascular-associated counter-response.	9;10	Blood contamination or altered immune-cell composition may contribute, and these terms should not be presented as six independent mechanisms.	False	
thymus	R-MMU-382551_TRANSPORT_OF_SMALL_MOLECULES	Transport Of Small Molecules	top_decile_magnitude;stable_rank_40_extension	20.0	0.9328621908127208	0.4523729386315788	4	1.0	exclude OSD-289	0.4513271066228068	True	0.9976881198686738	1.1827807474527592e-08	0.0001307302659397	151	40	0.26490066225165565	36	4	False			metabolic_endocrine	Respiratory, metabolic, and endocrine state	context_sensitive	supplement_only	False	family_support_or_redundant_child	Higher respiratory and broad metabolic scores coexist with lower steroid and ESR-associated scores, suggesting composition or state redistribution rather than globally improved metabolism.	8;22	Latent respiratory score is not a direct measurement of mitochondrial function or ATP production.	False	
thymus	R-MMU-162582_SIGNAL_TRANSDUCTION	Signal Transduction	top_decile_magnitude;stable_rank_40_extension	21.0	0.9293286219081272	0.4515207469824561	4	1.0	exclude OSD-289	0.4145908649780701	True	0.9182099997592781	4.039766078976314e-08	1.3515638075587669e-06	616	149	0.2418831168831169	105	44	True	R-MMU-8980692_RHOA_GTPASE_CYCLE;R-MMU-9012999_RHO_GTPASE_CYCLE;R-MMU-8939211_ESR_MEDIATED_SIGNALING	1.0	broad_signaling	Broad receptor signaling	not_interpretable	exclude	True	representative	Signal-transduction, GPCR, and G-alpha-i umbrellas are too broad to define a thymus mechanism.		The terms contain many receptors and cell types with unrelated functions.	False	
thymus	R-MMU-5357801_PROGRAMMED_CELL_DEATH	Programmed Cell Death	top_decile_magnitude;stable_rank_40_extension	22.0	0.9257950530035336	-0.4478135698017542	4	1.0	exclude OSD-289	-0.4696997353771929	True	1.0488733862735058	2.5503318679990178e-08	0.000573772977469	42	12	0.2857142857142857	5	7	False			death_stress	Cell death and stress response	context_sensitive	add_interpretive_context	False	family_support_or_redundant_child	Lower apoptosis, programmed-cell-death, and stress-response scores support a proliferation-led long-duration phenotype rather than universal ongoing apoptosis.	7;9	Post-return STS-135 tissue showed DNA fragmentation, so timing and mission context prevent a general anti-apoptosis claim.	False	
thymus	R-MMU-446203_ASPARAGINE_N_LINKED_GLYCOSYLATION	Asparagine N Linked Glycosylation	top_decile_magnitude;stable_rank_40_extension	23.0	0.92226148409894	0.4391501264992983	4	1.0	exclude OSD-289	0.4481013677074561	True	1.020383100602778	0.0002855592863357	0.0050470959087474	35	8	0.22857142857142856	6	2	True	R-MMU-392499_METABOLISM_OF_PROTEINS	1.0	trafficking_proteostasis	Secretory trafficking and proteostasis	context_sensitive	supplement_only	False	family_support_or_redundant_child	Lower retrograde trafficking and protein-metabolism scores contrast with higher N-linked glycosylation and broad post-translational modification.	22	Opposing nested terms and absent thymus-specific validation preclude a process-level direction.	False	
thymus	R-MMU-6791226_MAJOR_PATHWAY_OF_RRNA_PROCESSING_IN_THE_NUCLEOLUS_AND_CYTOSOL	Major Pathway Of Rrna Processing In The Nucleolus And Cytosol	top_decile_magnitude;stable_rank_40_extension	24.0	0.9187279151943464	-0.4370219137175438	4	1.0	exclude OSD-289	-0.4455833579802631	True	1.0195904232579347	1.608658985006339e-05	0.0039883341402972	27	1	0.037037037037037035	0	1	False			proliferation_genome	Proliferation and genome maintenance	aligned	existing_core_axis	False	family_support_or_redundant_child	Lower mitotic, nucleotide, chromatin, transcription, telomere, rRNA, and DNA-repair programs form one dominant reduced proliferative and genome-maintenance state.	6;9	Many child terms may reflect fewer cycling thymocytes rather than independent defects in every molecular process.	False	
thymus	R-MMU-597592_POST_TRANSLATIONAL_PROTEIN_MODIFICATION	Post Translational Protein Modification	top_decile_magnitude;stable_rank_40_extension	25.0	0.9151943462897526	0.4336172881254386	4	1.0	exclude OSD-289	0.3879681791151316	True	0.8947248869904342	1.8469948077169443e-06	5.105687733554672e-05	254	74	0.29133858267716534	55	19	True	R-MMU-8951664_NEDDYLATION;R-MMU-392499_METABOLISM_OF_PROTEINS	1.0	trafficking_proteostasis	Secretory trafficking and proteostasis	context_sensitive	supplement_only	False	family_support_or_redundant_child	Lower retrograde trafficking and protein-metabolism scores contrast with higher N-linked glycosylation and broad post-translational modification.	22	Opposing nested terms and absent thymus-specific validation preclude a process-level direction.	False	
thymus	R-MMU-8951664_NEDDYLATION	Neddylation	top_decile_magnitude;stable_rank_40_extension	26.0	0.911660777385159	-0.432087789265614	4	1.0	exclude OSD-289	-0.4036267943528508	True	0.9341314528671683	2.9532076302323377e-36	5.2787184165088943e-20	17	4	0.23529411764705882	2	2	True	R-MMU-597592_POST_TRANSLATIONAL_PROTEIN_MODIFICATION	1.0	trafficking_proteostasis	Secretory trafficking and proteostasis	context_sensitive	supplement_only	False	family_support_or_redundant_child	Lower retrograde trafficking and protein-metabolism scores contrast with higher N-linked glycosylation and broad post-translational modification.	22	Opposing nested terms and absent thymus-specific validation preclude a process-level direction.	False	
thymus	R-MMU-1474244_EXTRACELLULAR_MATRIX_ORGANIZATION	Extracellular matrix organization	top_decile_magnitude;stable_rank_40_extension;prespecified_main_review	27.0	0.9081272084805654	0.431807671177193	4	1.0	exclude OSD-289	0.4054571737631579	True	0.938976310119275	3.7020523099467865e-06	9.483476813950088e-05	115	34	0.2956521739130435	33	1	False			stromal_matrix	Stromal matrix and TGF-beta response	complementary	existing_core_axis	True	representative	Higher extracellular-matrix and TGF-beta-receptor scores reinforce a stromal response accompanying thymocyte loss.	9;11	Higher latent scores do not establish fibrosis, increased matrix mass, or the responding cell population.	True	complementary
thymus	R-MMU-8939211_ESR_MEDIATED_SIGNALING	Esr Mediated Signaling	top_decile_magnitude;stable_rank_40_extension	28.0	0.9045936395759716	-0.4107505771273947	4	1.0	exclude OSD-289	-0.3867242191592434	True	0.9415062100796524	2.3111772587694262e-09	3.5772438313865554e-06	51	3	0.058823529411764705	0	3	True	R-MMU-162582_SIGNAL_TRANSDUCTION	1.0	metabolic_endocrine	Respiratory, metabolic, and endocrine state	context_sensitive	supplement_only	False	family_support_or_redundant_child	Higher respiratory and broad metabolic scores coexist with lower steroid and ESR-associated scores, suggesting composition or state redistribution rather than globally improved metabolism.	8;22	Latent respiratory score is not a direct measurement of mitochondrial function or ATP production.	False	
thymus	R-MMU-397014_MUSCLE_CONTRACTION	Muscle Contraction	top_decile_magnitude;stable_rank_40_extension	29.0	0.901060070671378	0.3850010369807017	4	1.0	exclude OSD-289	0.3489047628925438	True	0.9062436964553754	4.150117715869785e-13	1.833001448009522e-09	48	11	0.22916666666666666	11	0	False			off_context	Tissue-incongruent labels	not_interpretable	exclude	False	excluded_tissue_incongruent_or_nonspecific	Muscle-contraction, postsynaptic, and potassium-channel labels do not support a specific thymic mechanism.		Shared receptors, ion channels, or stromal genes can produce these labels without muscle or neuronal tissue activity.	False	
thymus	R-MMU-109581_APOPTOSIS	Apoptosis	stable_rank_40_extension	30.0	0.8975265017667845	-0.3820839966280702	4	1.0	exclude OSD-289	-0.399753404118421	True	1.0462448248193723	0.0010390849822512	0.0250628891359118	33	11	0.3333333333333333	5	6	False			death_stress	Cell death and stress response	context_sensitive	add_interpretive_context	True	representative	Lower apoptosis, programmed-cell-death, and stress-response scores support a proliferation-led long-duration phenotype rather than universal ongoing apoptosis.	7;9	Post-return STS-135 tissue showed DNA fragmentation, so timing and mission context prevent a general anti-apoptosis claim.	False	
thymus	R-MMU-2262752_CELLULAR_RESPONSES_TO_STRESS	Cellular Responses To Stress	stable_rank_40_extension	31.0	0.8939929328621908	-0.3810774206982456	4	1.0	exclude OSD-289	-0.3626687529561403	True	0.9516931029175772	2.3162878549861348e-06	0.0036390021434112	123	16	0.13008130081300814	9	7	False			death_stress	Cell death and stress response	context_sensitive	add_interpretive_context	False	family_support_or_redundant_child	Lower apoptosis, programmed-cell-death, and stress-response scores support a proliferation-led long-duration phenotype rather than universal ongoing apoptosis.	7;9	Post-return STS-135 tissue showed DNA fragmentation, so timing and mission context prevent a general anti-apoptosis claim.	False	
thymus	R-MMU-168256_IMMUNE_SYSTEM	Immune System	stable_rank_40_extension	32.0	0.8904593639575972	0.3725581363859653	4	1.0	exclude OSD-289	0.3387368163157897	True	0.9092186781954021	2.9536441599671017e-10	4.261899060824305e-07	565	122	0.215929203539823	93	29	True	R-MMU-9851695_EPIGENETIC_REGULATION_OF_ADIPOGENESIS_GENES_BY_MLL3_AND_MLL4_COMPLEXES;R-MMU-198933_IMMUNOREGULATORY_INTERACTIONS_BETWEEN_A_LYMPHOID_AND_A_NON_LYMPHOID_CELL;R-MMU-202403_TCR_SIGNALING	1.0	innate_hemostatic	Innate, hemostatic, and vascular-associated response	complementary	existing_support_axis	False	family_support_or_redundant_child	Higher broad immune, TLR, neutrophil, hemostasis, platelet, and heme-scavenging scores reinforce an innate and vascular-associated counter-response.	9;10	Blood contamination or altered immune-cell composition may contribute, and these terms should not be presented as six independent mechanisms.	False	
thymus	R-MMU-392499_METABOLISM_OF_PROTEINS	Metabolism Of Proteins	stable_rank_40_extension	33.0	0.8869257950530035	-0.3635102685964909	4	1.0	exclude OSD-289	-0.3474990065789471	True	0.9559537559162686	5.6598026990990825e-14	9.396092535360273e-08	328	79	0.24085365853658536	19	60	True	R-MMU-446203_ASPARAGINE_N_LINKED_GLYCOSYLATION;R-MMU-597592_POST_TRANSLATIONAL_PROTEIN_MODIFICATION	1.0	trafficking_proteostasis	Secretory trafficking and proteostasis	context_sensitive	supplement_only	False	family_support_or_redundant_child	Lower retrograde trafficking and protein-metabolism scores contrast with higher N-linked glycosylation and broad post-translational modification.	22	Opposing nested terms and absent thymus-specific validation preclude a process-level direction.	False	
thymus	R-MMU-372790_SIGNALING_BY_GPCR	Signaling By GPCR	stable_rank_40_extension	34.0	0.8833922261484098	0.3611514744842105	4	1.0	exclude OSD-289	0.3165213466885964	True	0.8764226897886711	1.2663290970106298e-11	5.39930023685376e-06	176	38	0.2159090909090909	33	5	False			broad_signaling	Broad receptor signaling	not_interpretable	exclude	False	excluded_tissue_incongruent_or_nonspecific	Signal-transduction, GPCR, and G-alpha-i umbrellas are too broad to define a thymus mechanism.		The terms contain many receptors and cell types with unrelated functions.	False	
thymus	R-MMU-112314_NEUROTRANSMITTER_RECEPTORS_AND_POSTSYNAPTIC_SIGNAL_TRANSMISSION	Neurotransmitter Receptors And Postsynaptic Signal Transmission	stable_rank_40_extension	35.0	0.8798586572438163	-0.3581995713786842	4	1.0	exclude OSD-289	-0.3219356535962719	True	0.8987605773986967	1.9269526262492735e-07	0.0013694111458638	23	1	0.043478260869565216	0	1	False			off_context	Tissue-incongruent labels	not_interpretable	exclude	True	representative	Muscle-contraction, postsynaptic, and potassium-channel labels do not support a specific thymic mechanism.		Shared receptors, ion channels, or stromal genes can produce these labels without muscle or neuronal tissue activity.	False	
thymus	R-MMU-170834_SIGNALING_BY_TGF_BETA_RECEPTOR_COMPLEX	Signaling By Tgf Beta Receptor Complex	stable_rank_40_extension	36.0	0.8763250883392226	0.3532981958426316	4	1.0	exclude OSD-289	0.3389815487616228	True	0.9594771576830077	2.347654600784496e-25	2.414414191866437e-17	23	8	0.34782608695652173	8	0	False			stromal_matrix	Stromal matrix and TGF-beta response	complementary	existing_core_axis	False	family_support_or_redundant_child	Higher extracellular-matrix and TGF-beta-receptor scores reinforce a stromal response accompanying thymocyte loss.	9;11	Higher latent scores do not establish fibrosis, increased matrix mass, or the responding cell population.	False	
thymus	R-MMU-6798695_NEUTROPHIL_DEGRANULATION	Neutrophil Degranulation	stable_rank_40_extension	37.0	0.872791519434629	0.3488187588192982	4	1.0	exclude OSD-289	0.3297897658157893	True	0.9454473346906017	0.000174502138861	0.0528530484430016	161	38	0.2360248447204969	36	2	False			innate_hemostatic	Innate, hemostatic, and vascular-associated response	complementary	existing_support_axis	False	family_support_or_redundant_child	Higher broad immune, TLR, neutrophil, hemostasis, platelet, and heme-scavenging scores reinforce an innate and vascular-associated counter-response.	9;10	Blood contamination or altered immune-cell composition may contribute, and these terms should not be presented as six independent mechanisms.	False	
thymus	R-MMU-76002_PLATELET_ACTIVATION_SIGNALING_AND_AGGREGATION	Platelet Activation Signaling And Aggregation	stable_rank_40_extension	38.0	0.8692579505300353	0.3485828727964911	4	1.0	exclude OSD-289	0.339937054745614	True	0.9751972379436878	4.463229310398775e-09	3.5590712348300874e-05	97	26	0.26804123711340205	25	1	False			innate_hemostatic	Innate, hemostatic, and vascular-associated response	complementary	existing_support_axis	False	family_support_or_redundant_child	Higher broad immune, TLR, neutrophil, hemostasis, platelet, and heme-scavenging scores reinforce an innate and vascular-associated counter-response.	9;10	Blood contamination or altered immune-cell composition may contribute, and these terms should not be presented as six independent mechanisms.	False	
thymus	R-MMU-1296071_POTASSIUM_CHANNELS	Potassium Channels	stable_rank_40_extension	39.0	0.8657243816254417	-0.34831702943	4	1.0	exclude OSD-289	-0.3377617306208333	True	0.9696962883886562	4.0998938493015256e-10	4.0933995707762e-07	19	2	0.10526315789473684	0	2	False			off_context	Tissue-incongruent labels	not_interpretable	exclude	False	excluded_tissue_incongruent_or_nonspecific	Muscle-contraction, postsynaptic, and potassium-channel labels do not support a specific thymic mechanism.		Shared receptors, ion channels, or stromal genes can produce these labels without muscle or neuronal tissue activity.	False	
thymus	R-MMU-418594_G_ALPHA_I_SIGNALLING_EVENTS	G Alpha I Signalling Events	stable_rank_40_extension	40.0	0.8621908127208481	0.3307834867754386	4	1.0	exclude OSD-289	0.3593133188234649	True	1.0862492633055607	0.0185523443477257	0.1976607535410671	85	20	0.23529411764705882	19	1	False			broad_signaling	Broad receptor signaling	not_interpretable	exclude	False	excluded_tissue_incongruent_or_nonspecific	Signal-transduction, GPCR, and G-alpha-i umbrellas are too broad to define a thymus mechanism.		The terms contain many receptors and cell types with unrelated functions.	False	
thymus	R-MMU-166166_MYD88_INDEPENDENT_TLR4_CASCADE	Innate TLR signaling	prespecified_main_review	44.0	0.8480565371024735	0.3124392548473684	4	1.0	exclude OSD-289	0.2993532267675438	True	0.9581165686551859	2.5102236663170564e-14	1.687361422845736e-07	26	6	0.23076923076923078	6	0	False			innate_hemostatic	Innate, hemostatic, and vascular-associated response	complementary	existing_support_axis	True	representative	Higher broad immune, TLR, neutrophil, hemostasis, platelet, and heme-scavenging scores reinforce an innate and vascular-associated counter-response.	9;10	Blood contamination or altered immune-cell composition may contribute, and these terms should not be presented as six independent mechanisms.	True	complementary
thymus	R-MMU-202403_TCR_SIGNALING	T-cell receptor signaling	prespecified_main_review	60.0	0.7915194346289752	-0.2550683513754384	3	0.75	exclude OSD-289	-0.255623764219298	True	1.0021775059150404	0.0091533711858047	0.154736064241441	32	5	0.15625	4	1	True	R-MMU-168256_IMMUNE_SYSTEM	1.0	adaptive_tcr	Adaptive T-cell signaling	aligned	existing_core_axis	True	representative	Lower T-cell receptor score anchors the established reduction in adaptive thymic output and signaling.	8;10	The score is sensitive to the abundance of developing T cells in bulk tissue.	True	aligned
