tissue	term	expimap_accession_balanced_effect	expimap_n_accessions	expimap_accessions_positive	expimap_accessions_negative	expimap_project_balanced_effect	expimap_n_projects	expimap_projects_positive	expimap_projects_negative	ssgsea_accession_balanced_effect	ssgsea_n_accessions	ssgsea_accessions_positive	ssgsea_accessions_negative	ssgsea_project_balanced_effect	ssgsea_n_projects	ssgsea_projects_positive	ssgsea_projects_negative	gsea_nes	gsea_nominal_p	gsea_fdr	gsea_leading_edge_genes	short_label	evidence_role	family_representative	curated_pathway	expimap_ssgsea_direction_match	expimap_gsea_direction_match
thymus	R-MMU-109581_APOPTOSIS	-0.3820839966280702	5	0	5	-0.3820839966280702	5	0	5	-0.01765400306980603	5.0	0.0	5.0	-0.01765400306980603	5.0	0.0	5.0	-1.425294478321634	0.07508532423208192	0.08632607956752121	ENSMUSG00000058773;ENSMUSG00000049539;ENSMUSG00000054717;ENSMUSG00000042489;ENSMUSG00000024590;ENSMUSG00000007659;ENSMUSG00000004446;ENSMUSG00000023927;ENSMUSG00000024778;ENSMUSG00000026778;ENSMUSG00000027381;ENSMUSG00000031112			True	False	True	True
thymus	R-MMU-109582_HEMOSTASIS	0.4934601408666669	5	5	0	0.4934601408666669	5	5	0	-0.00041284018776101825	5.0	2.0	3.0	-0.00041284018776101825	5.0	2.0	3.0	-1.1043733896029408	0.26163522012578616	0.36857713032203887	ENSMUSG00000069310;ENSMUSG00000069267;ENSMUSG00000074403;ENSMUSG00000034311;ENSMUSG00000003779;ENSMUSG00000028678;ENSMUSG00000101355;ENSMUSG00000012443;ENSMUSG00000101972;ENSMUSG00000099517;ENSMUSG00000030677;ENSMUSG00000045328;ENSMUSG00000036768;ENSMUSG00000079553;ENSMUSG00000069273;ENSMUSG00000051378;ENSMUSG00000023015;ENSMUSG00000032254;ENSMUSG00000024795;ENSMUSG00000023004;ENSMUSG00000093769;ENSMUSG00000081058;ENSMUSG00000045136;ENSMUSG00000043091;ENSMUSG00000009575;ENSMUSG00000000276;ENSMUSG00000027737;ENSMUSG00000058672;ENSMUSG00000053965;ENSMUSG00000036752;ENSMUSG00000000409;ENSMUSG00000022861;ENSMUSG00000032902;ENSMUSG00000027347;ENSMUSG00000032231;ENSMUSG00000034881;ENSMUSG00000030742;ENSMUSG00000062380			False	False	False	False
thymus	R-MMU-110330_RECOGNITION_AND_ASSOCIATION_OF_DNA_GLYCOSYLASE_WITH_SITE_CONTAINING_AN_AFFECTED_PURINE	0.007231417448543861	5	4	1	0.007231417448543861	5	4	1	-0.12649214844180307	5.0	0.0	5.0	-0.12649214844180307	5.0	0.0	5.0	-3.0362240592387737	0.0	0.0	ENSMUSG00000069301;ENSMUSG00000062727;ENSMUSG00000069302;ENSMUSG00000061615;ENSMUSG00000094777;ENSMUSG00000069309;ENSMUSG00000069300;ENSMUSG00000071478;ENSMUSG00000075031;ENSMUSG00000064220;ENSMUSG00000069272;ENSMUSG00000105827;ENSMUSG00000039396;ENSMUSG00000064288;ENSMUSG00000095217;ENSMUSG00000058385;ENSMUSG00000049932;ENSMUSG00000071516;ENSMUSG00000094338;ENSMUSG00000056895;ENSMUSG00000061991;ENSMUSG00000069274;ENSMUSG00000069305;ENSMUSG00000061482;ENSMUSG00000069266;ENSMUSG00000069306;ENSMUSG00000094248;ENSMUSG00000069303			False	False	False	False
thymus	R-MMU-110331_CLEAVAGE_OF_THE_DAMAGED_PURINE	-0.006198458411629824	5	3	2	-0.006198458411629824	5	3	2	-0.12649214844180307	5.0	0.0	5.0	-0.12649214844180307	5.0	0.0	5.0	-3.0362240592387737	0.0	0.0	ENSMUSG00000069301;ENSMUSG00000062727;ENSMUSG00000069302;ENSMUSG00000061615;ENSMUSG00000094777;ENSMUSG00000069309;ENSMUSG00000069300;ENSMUSG00000071478;ENSMUSG00000075031;ENSMUSG00000064220;ENSMUSG00000069272;ENSMUSG00000105827;ENSMUSG00000039396;ENSMUSG00000064288;ENSMUSG00000095217;ENSMUSG00000058385;ENSMUSG00000049932;ENSMUSG00000071516;ENSMUSG00000094338;ENSMUSG00000056895;ENSMUSG00000061991;ENSMUSG00000069274;ENSMUSG00000069305;ENSMUSG00000061482;ENSMUSG00000069266;ENSMUSG00000069306;ENSMUSG00000094248;ENSMUSG00000069303			False	False	True	True
thymus	R-MMU-111885_OPIOID_SIGNALLING	-0.002674998625891229	5	1	4	-0.002674998625891229	5	1	4	0.0016717664143974706	5.0	3.0	2.0	0.0016717664143974706	5.0	3.0	2.0	0.5275609501676344	0.9910112359550561	1.0	ENSMUSG00000032177;ENSMUSG00000056220;ENSMUSG00000039943;ENSMUSG00000024697;ENSMUSG00000023439			False	False	False	False
thymus	R-MMU-112314_NEUROTRANSMITTER_RECEPTORS_AND_POSTSYNAPTIC_SIGNAL_TRANSMISSION	-0.3581995713786842	5	0	5	-0.3581995713786842	5	0	5	-0.006416526945483695	5.0	3.0	2.0	-0.006416526945483695	5.0	3.0	2.0	-0.49105545133831474	0.9927797833935018	1.0	ENSMUSG00000024617;ENSMUSG00000029205;ENSMUSG00000020785;ENSMUSG00000040061;ENSMUSG00000020723;ENSMUSG00000020431;ENSMUSG00000024462;ENSMUSG00000022994;ENSMUSG00000031659;ENSMUSG00000003644;ENSMUSG00000052572;ENSMUSG00000020734;ENSMUSG00000022055;ENSMUSG00000027669;ENSMUSG00000023267;ENSMUSG00000025739;ENSMUSG00000025665;ENSMUSG00000043004;ENSMUSG00000023439;ENSMUSG00000030098;ENSMUSG00000033577;ENSMUSG00000062609;ENSMUSG00000057897			True	False	True	True
thymus	R-MMU-112315_TRANSMISSION_ACROSS_CHEMICAL_SYNAPSES	-0.05961199186666668	5	2	3	-0.05961199186666668	5	2	3	-0.0029295265612518454	5.0	3.0	2.0	-0.0029295265612518454	5.0	3.0	2.0	-0.43279836236810226	0.998330550918197	1.0	ENSMUSG00000024617;ENSMUSG00000029205;ENSMUSG00000034156;ENSMUSG00000020785;ENSMUSG00000023169;ENSMUSG00000004110;ENSMUSG00000025037;ENSMUSG00000040061;ENSMUSG00000020723;ENSMUSG00000020431;ENSMUSG00000024462;ENSMUSG00000007207;ENSMUSG00000022994;ENSMUSG00000057880;ENSMUSG00000031659;ENSMUSG00000003644;ENSMUSG00000052572;ENSMUSG00000003352;ENSMUSG00000020838;ENSMUSG00000020734;ENSMUSG00000022055;ENSMUSG00000027669;ENSMUSG00000023267;ENSMUSG00000025739;ENSMUSG00000025665;ENSMUSG00000043004;ENSMUSG00000026458;ENSMUSG00000029455;ENSMUSG00000023439;ENSMUSG00000004113;ENSMUSG00000030098;ENSMUSG00000033577;ENSMUSG00000035864;ENSMUSG00000021919;ENSMUSG00000026473;ENSMUSG00000005360			False	False	True	True
thymus	R-MMU-112316_NEURONAL_SYSTEM	0.2127493426315789	5	4	1	0.2127493426315789	5	4	1	-0.005310164830954619	5.0	2.0	3.0	-0.005310164830954619	5.0	2.0	3.0	0.5648107976000118	0.9973753280839895	1.0	ENSMUSG00000028631;ENSMUSG00000070880;ENSMUSG00000030247;ENSMUSG00000058975;ENSMUSG00000057897;ENSMUSG00000062609;ENSMUSG00000025813;ENSMUSG00000005360;ENSMUSG00000026473;ENSMUSG00000040136;ENSMUSG00000021919;ENSMUSG00000035864;ENSMUSG00000033577;ENSMUSG00000030098;ENSMUSG00000016487;ENSMUSG00000004113;ENSMUSG00000023439;ENSMUSG00000029455			False	False	False	True
thymus	R-MMU-114608_PLATELET_DEGRANULATION	0.29924416974736834	5	5	0	0.29924416974736834	5	5	0	0.048036341916719204	5.0	5.0	0.0	0.048036341916719204	5.0	5.0	0.0	2.335164261044287	0.0	0.0	ENSMUSG00000021091;ENSMUSG00000039196;ENSMUSG00000002944;ENSMUSG00000029108;ENSMUSG00000021922;ENSMUSG00000040152;ENSMUSG00000022037;ENSMUSG00000032554;ENSMUSG00000023224;ENSMUSG00000026579;ENSMUSG00000009281;ENSMUSG00000021253;ENSMUSG00000045312;ENSMUSG00000022892;ENSMUSG00000037206;ENSMUSG00000066652;ENSMUSG00000025351;ENSMUSG00000030342;ENSMUSG00000029368;ENSMUSG00000026193;ENSMUSG00000000489;ENSMUSG00000046186;ENSMUSG00000018593;ENSMUSG00000020053;ENSMUSG00000028108;ENSMUSG00000031996;ENSMUSG00000062866;ENSMUSG00000020044;ENSMUSG00000032083;ENSMUSG00000022912;ENSMUSG00000033880;ENSMUSG00000029373			False	False	True	True
thymus	R-MMU-1169410_ANTIMICROBIAL_MECHANISM_OF_IFN_STIMULATED_GENES	0.29779971488710527	5	5	0	0.29779971488710527	5	5	0	-0.0069333580447405365	5.0	1.0	4.0	-0.0069333580447405365	5.0	1.0	4.0	-1.342558811393941	0.1111111111111111	0.13394562367353166	ENSMUSG00000019942;ENSMUSG00000023004;ENSMUSG00000045136;ENSMUSG00000043091;ENSMUSG00000058672;ENSMUSG00000036752;ENSMUSG00000062380			False	False	False	False
thymus	R-MMU-1236975_ANTIGEN_PROCESSING_CROSS_PRESENTATION	-0.06105405290519299	5	1	4	-0.06105405290519299	5	1	4	0.036164430867625476	5.0	5.0	0.0	0.036164430867625476	5.0	5.0	0.0	0.9613216709255907	0.48770491803278687	0.6622441485455184	ENSMUSG00000002944;ENSMUSG00000067235;ENSMUSG00000015950;ENSMUSG00000015340;ENSMUSG00000026712;ENSMUSG00000060550;ENSMUSG00000060802;ENSMUSG00000078153;ENSMUSG00000026480;ENSMUSG00000016283			False	False	False	False
thymus	R-MMU-1257604_PIP3_ACTIVATES_AKT_SIGNALING	-0.1804037120668071	5	0	5	-0.1804037120668071	5	0	5	0.007181681888345554	5.0	4.0	1.0	0.007181681888345554	5.0	4.0	1.0	0.7413634131875867	0.890625	0.9575266706612395	ENSMUSG00000029999;ENSMUSG00000026069;ENSMUSG00000000489;ENSMUSG00000020122;ENSMUSG00000005672;ENSMUSG00000032715;ENSMUSG00000019970;ENSMUSG00000019966;ENSMUSG00000029231;ENSMUSG00000031074;ENSMUSG00000027646;ENSMUSG00000022901;ENSMUSG00000036585;ENSMUSG00000025017;ENSMUSG00000023067;ENSMUSG00000018166;ENSMUSG00000003541;ENSMUSG00000075122;ENSMUSG00000030724			False	False	False	False
thymus	R-MMU-1266738_DEVELOPMENTAL_BIOLOGY	0.25972871728070174	5	5	0	0.25972871728070174	5	5	0	0.01615918394757133	5.0	5.0	0.0	0.01615918394757133	5.0	5.0	0.0	1.0603622162871948	0.3118279569892473	0.5333302790122325	ENSMUSG00000041984;ENSMUSG00000024924;ENSMUSG00000041351;ENSMUSG00000037185;ENSMUSG00000024304;ENSMUSG00000074899;ENSMUSG00000039116;ENSMUSG00000021662;ENSMUSG00000056078;ENSMUSG00000055561;ENSMUSG00000004098;ENSMUSG00000061397;ENSMUSG00000031502;ENSMUSG00000059495;ENSMUSG00000042453;ENSMUSG00000022231;ENSMUSG00000031503;ENSMUSG00000027200;ENSMUSG00000069441;ENSMUSG00000029168;ENSMUSG00000020122;ENSMUSG00000050463;ENSMUSG00000005672;ENSMUSG00000048126;ENSMUSG00000034957;ENSMUSG00000059898;ENSMUSG00000044393;ENSMUSG00000020176;ENSMUSG00000039115;ENSMUSG00000002233;ENSMUSG00000056427;ENSMUSG00000001119;ENSMUSG00000030579;ENSMUSG00000019966;ENSMUSG00000039457;ENSMUSG00000017737;ENSMUSG00000026837;ENSMUSG00000039252;ENSMUSG00000005583;ENSMUSG00000053797;ENSMUSG00000026042;ENSMUSG00000028459;ENSMUSG00000042228;ENSMUSG00000027646;ENSMUSG00000014599;ENSMUSG00000028064;ENSMUSG00000054364			False	False	True	True
thymus	R-MMU-1280215_CYTOKINE_SIGNALING_IN_IMMUNE_SYSTEM	0.154039180122807	5	4	1	0.154039180122807	5	4	1	-0.0004869757048947959	5.0	2.0	3.0	-0.0004869757048947959	5.0	2.0	3.0	-1.1987852087538224	0.1502808988764045	0.2525718013440776	ENSMUSG00000069310;ENSMUSG00000069267;ENSMUSG00000019942;ENSMUSG00000074403;ENSMUSG00000101355;ENSMUSG00000101972;ENSMUSG00000099517;ENSMUSG00000069273;ENSMUSG00000023004;ENSMUSG00000093769;ENSMUSG00000081058;ENSMUSG00000045136;ENSMUSG00000024617;ENSMUSG00000038037;ENSMUSG00000043091;ENSMUSG00000058672;ENSMUSG00000022372;ENSMUSG00000036752;ENSMUSG00000000409;ENSMUSG00000023274;ENSMUSG00000062380;ENSMUSG00000042351;ENSMUSG00000018341;ENSMUSG00000020009			False	False	False	False
thymus	R-MMU-1280218_ADAPTIVE_IMMUNE_SYSTEM	-0.3213933765087721	5	0	5	-0.3213933765087721	5	0	5	-0.029416779671318227	5.0	0.0	5.0	-0.029416779671318227	5.0	0.0	5.0	-2.5806263218999774	0.0	0.0	ENSMUSG00000069301;ENSMUSG00000069310;ENSMUSG00000069267;ENSMUSG00000062727;ENSMUSG00000069302;ENSMUSG00000061615;ENSMUSG00000074403;ENSMUSG00000094777;ENSMUSG00000034311;ENSMUSG00000069309;ENSMUSG00000069300;ENSMUSG00000071478;ENSMUSG00000075031;ENSMUSG00000026622;ENSMUSG00000003779;ENSMUSG00000028678;ENSMUSG00000064220;ENSMUSG00000069272;ENSMUSG00000072082;ENSMUSG00000105827;ENSMUSG00000101355;ENSMUSG00000012443;ENSMUSG00000006398;ENSMUSG00000064288;ENSMUSG00000001403;ENSMUSG00000101972;ENSMUSG00000095217;ENSMUSG00000099517;ENSMUSG00000030677;ENSMUSG00000045328;ENSMUSG00000036768;ENSMUSG00000058385;ENSMUSG00000049932;ENSMUSG00000071516;ENSMUSG00000094338;ENSMUSG00000056895;ENSMUSG00000061991;ENSMUSG00000069274;ENSMUSG00000069305;ENSMUSG00000061482;ENSMUSG00000069266;ENSMUSG00000069273;ENSMUSG00000023015;ENSMUSG00000032254;ENSMUSG00000069306;ENSMUSG00000079685;ENSMUSG00000023004;ENSMUSG00000029687;ENSMUSG00000053977;ENSMUSG00000093769;ENSMUSG00000094248;ENSMUSG00000053044;ENSMUSG00000081058;ENSMUSG00000076490;ENSMUSG00000045136;ENSMUSG00000038037;ENSMUSG00000076498;ENSMUSG00000043091;ENSMUSG00000069303;ENSMUSG00000076473;ENSMUSG00000034783;ENSMUSG00000058672;ENSMUSG00000030775;ENSMUSG00000032094;ENSMUSG00000036752;ENSMUSG00000000409;ENSMUSG00000060981;ENSMUSG00000066892;ENSMUSG00000023274;ENSMUSG00000027347;ENSMUSG00000005763;ENSMUSG00000022657;ENSMUSG00000030742;ENSMUSG00000002033;ENSMUSG00000062380;ENSMUSG00000042351;ENSMUSG00000026012;ENSMUSG00000022469;ENSMUSG00000033545;ENSMUSG00000018102;ENSMUSG00000020395;ENSMUSG00000063954			False	False	True	True
thymus	R-MMU-1296071_POTASSIUM_CHANNELS	-0.34831702943000004	5	0	5	-0.34831702943000004	5	0	5	-0.007045062478853258	5.0	3.0	2.0	-0.007045062478853259	5.0	3.0	2.0	0.51643992865343	0.9852631578947368	0.9977054638641734	ENSMUSG00000028631;ENSMUSG00000030247;ENSMUSG00000058975;ENSMUSG00000062609;ENSMUSG00000040136;ENSMUSG00000023439;ENSMUSG00000043004;ENSMUSG00000051726;ENSMUSG00000025739;ENSMUSG00000001901			False	False	True	False
thymus	R-MMU-141424_AMPLIFICATION_OF_SIGNAL_FROM_THE_KINETOCHORES	0.012178514353887721	5	5	0	0.01217851435388772	5	5	0	-0.18660765052798173	5.0	0.0	5.0	-0.18660765052798173	5.0	0.0	5.0	-2.8514806030821678	0.0	0.0	ENSMUSG00000028678;ENSMUSG00000023940;ENSMUSG00000040084;ENSMUSG00000074476;ENSMUSG00000024056;ENSMUSG00000020897;ENSMUSG00000026039;ENSMUSG00000006398;ENSMUSG00000029414;ENSMUSG00000005233;ENSMUSG00000030867;ENSMUSG00000027379;ENSMUSG00000026605;ENSMUSG00000045328;ENSMUSG00000026683;ENSMUSG00000028873;ENSMUSG00000029177;ENSMUSG00000068101;ENSMUSG00000029910;ENSMUSG00000024660			False	False	False	False
thymus	R-MMU-141444_AMPLIFICATION_OF_SIGNAL_FROM_UNATTACHED_KINETOCHORES_VIA_A_MAD2_INHIBITORY_SIGNAL	-0.004093864008101754	5	1	4	-0.004093864008101754	5	1	4	-0.18660765052798173	5.0	0.0	5.0	-0.18660765052798173	5.0	0.0	5.0	-2.8514806030821678	0.0	0.0	ENSMUSG00000028678;ENSMUSG00000023940;ENSMUSG00000040084;ENSMUSG00000074476;ENSMUSG00000024056;ENSMUSG00000020897;ENSMUSG00000026039;ENSMUSG00000006398;ENSMUSG00000029414;ENSMUSG00000005233;ENSMUSG00000030867;ENSMUSG00000027379;ENSMUSG00000026605;ENSMUSG00000045328;ENSMUSG00000026683;ENSMUSG00000028873;ENSMUSG00000029177;ENSMUSG00000068101;ENSMUSG00000029910;ENSMUSG00000024660			False	False	True	True
thymus	R-MMU-1428517_AEROBIC_RESPIRATION_AND_RESPIRATORY_ELECTRON_TRANSPORT	0.7163978376688599	5	5	0	0.7163978376688599	5	5	0	0.012586854181956653	5.0	4.0	1.0	0.012586854181956653	5.0	4.0	1.0	0.8535264180056586	0.6754385964912281	0.8567443200339623	ENSMUSG00000064354;ENSMUSG00000064358;ENSMUSG00000019577;ENSMUSG00000032418;ENSMUSG00000062683;ENSMUSG00000064356;ENSMUSG00000064345;ENSMUSG00000064360;ENSMUSG00000064341;ENSMUSG00000064368;ENSMUSG00000064367			True	False	True	True
thymus	R-MMU-1430728_METABOLISM	0.6153945210526309	5	5	0	0.6153945210526309	5	5	0	0.01461929219635251	5.0	5.0	0.0	0.01461929219635251	5.0	5.0	0.0	1.7101654921609848	0.0	0.038527397260273974	ENSMUSG00000052974;ENSMUSG00000005547;ENSMUSG00000040703;ENSMUSG00000002992;ENSMUSG00000028307;ENSMUSG00000031377;ENSMUSG00000062515;ENSMUSG00000022878;ENSMUSG00000030747;ENSMUSG00000015090;ENSMUSG00000027513;ENSMUSG00000026691;ENSMUSG00000027359;ENSMUSG00000034853;ENSMUSG00000025701;ENSMUSG00000015568;ENSMUSG00000074207;ENSMUSG00000002944;ENSMUSG00000008540;ENSMUSG00000000805;ENSMUSG00000030278;ENSMUSG00000035686;ENSMUSG00000078937;ENSMUSG00000053279;ENSMUSG00000026621;ENSMUSG00000002985;ENSMUSG00000090175;ENSMUSG00000033849;ENSMUSG00000056973;ENSMUSG00000019987;ENSMUSG00000000308;ENSMUSG00000008206;ENSMUSG00000042010;ENSMUSG00000058624;ENSMUSG00000064354;ENSMUSG00000019929;ENSMUSG00000054545;ENSMUSG00000024998;ENSMUSG00000041577;ENSMUSG00000029811;ENSMUSG00000031613;ENSMUSG00000032911;ENSMUSG00000025934;ENSMUSG00000064358;ENSMUSG00000040249;ENSMUSG00000033174;ENSMUSG00000027559;ENSMUSG00000032080;ENSMUSG00000041608;ENSMUSG00000058135;ENSMUSG00000025509;ENSMUSG00000009614;ENSMUSG00000027360;ENSMUSG00000055653;ENSMUSG00000021069;ENSMUSG00000046971;ENSMUSG00000003484;ENSMUSG00000025270;ENSMUSG00000027199;ENSMUSG00000024087;ENSMUSG00000089960;ENSMUSG00000025068;ENSMUSG00000032737;ENSMUSG00000018924;ENSMUSG00000041757;ENSMUSG00000052026;ENSMUSG00000029368;ENSMUSG00000040170;ENSMUSG00000019577;ENSMUSG00000030630;ENSMUSG00000048120;ENSMUSG00000040562;ENSMUSG00000039497;ENSMUSG00000007655;ENSMUSG00000032487;ENSMUSG00000020407;ENSMUSG00000032418;ENSMUSG00000029752;ENSMUSG00000049044;ENSMUSG00000047250;ENSMUSG00000020017;ENSMUSG00000029084;ENSMUSG00000024987;ENSMUSG00000031375;ENSMUSG00000070407;ENSMUSG00000020592;ENSMUSG00000028011;ENSMUSG00000034738;ENSMUSG00000040447;ENSMUSG00000052160;ENSMUSG00000090124;ENSMUSG00000037071;ENSMUSG00000035540;ENSMUSG00000062683;ENSMUSG00000021214;ENSMUSG00000029055;ENSMUSG00000056220;ENSMUSG00000006344;ENSMUSG00000004038;ENSMUSG00000015968;ENSMUSG00000028517;ENSMUSG00000026003;ENSMUSG00000032281;ENSMUSG00000038776;ENSMUSG00000033350;ENSMUSG00000040181;ENSMUSG00000032420;ENSMUSG00000010651;ENSMUSG00000023232;ENSMUSG00000042082;ENSMUSG00000034573;ENSMUSG00000076435;ENSMUSG00000024066;ENSMUSG00000021390;ENSMUSG00000000253;ENSMUSG00000032373;ENSMUSG00000027221;ENSMUSG00000051331;ENSMUSG00000026473;ENSMUSG00000040136;ENSMUSG00000032083;ENSMUSG00000001270;ENSMUSG00000064356;ENSMUSG00000021919;ENSMUSG00000041936;ENSMUSG00000039943;ENSMUSG00000032648;ENSMUSG00000017009;ENSMUSG00000020865;ENSMUSG00000064345;ENSMUSG00000016194;ENSMUSG00000024697			False	False	True	True
thymus	R-MMU-1433557_SIGNALING_BY_SCF_KIT	-0.022175000066912278	5	1	4	-0.022175000066912278	5	1	4	0.0025199475941705463	5.0	3.0	2.0	0.0025199475941705463	5.0	3.0	2.0	-0.6687454207726283	0.8759398496240601	0.9515512207200856	ENSMUSG00000032113;ENSMUSG00000000409;ENSMUSG00000042351			False	False	False	True
thymus	R-MMU-1474228_DEGRADATION_OF_THE_EXTRACELLULAR_MATRIX	-0.17964315739649123	5	1	4	-0.17964315739649123	5	1	4	0.03662975408485962	5.0	5.0	0.0	0.03662975408485962	5.0	5.0	0.0	1.619011302914197	0.015915119363395226	0.06245808985535012	ENSMUSG00000029675;ENSMUSG00000018623;ENSMUSG00000022225;ENSMUSG00000028041;ENSMUSG00000027204;ENSMUSG00000019929;ENSMUSG00000004098;ENSMUSG00000024598;ENSMUSG00000031502;ENSMUSG00000031503;ENSMUSG00000026193;ENSMUSG00000005397;ENSMUSG00000006205;ENSMUSG00000048126;ENSMUSG00000030713;ENSMUSG00000025473;ENSMUSG00000000957;ENSMUSG00000001119;ENSMUSG00000031957;ENSMUSG00000017737;ENSMUSG00000038642;ENSMUSG00000032332;ENSMUSG00000026837;ENSMUSG00000029304;ENSMUSG00000026042;ENSMUSG00000050578			False	False	False	False
thymus	R-MMU-1474244_EXTRACELLULAR_MATRIX_ORGANIZATION	0.431807671177193	5	5	0	0.431807671177193	5	5	0	0.0359693610453498	5.0	5.0	0.0	0.03596936104534979	5.0	5.0	0.0	1.9814151456196565	0.0	0.003161222339304531	ENSMUSG00000025348;ENSMUSG00000025321;ENSMUSG00000029675;ENSMUSG00000018623;ENSMUSG00000024940;ENSMUSG00000035783;ENSMUSG00000040152;ENSMUSG00000022225;ENSMUSG00000028041;ENSMUSG00000027204;ENSMUSG00000019929;ENSMUSG00000001870;ENSMUSG00000060429;ENSMUSG00000004098;ENSMUSG00000021253;ENSMUSG00000021186;ENSMUSG00000022892;ENSMUSG00000024598;ENSMUSG00000024529;ENSMUSG00000026674;ENSMUSG00000031502;ENSMUSG00000031503;ENSMUSG00000026193;ENSMUSG00000005397;ENSMUSG00000006205;ENSMUSG00000026725;ENSMUSG00000040488;ENSMUSG00000048126;ENSMUSG00000024053;ENSMUSG00000031375;ENSMUSG00000042284;ENSMUSG00000039115;ENSMUSG00000030713;ENSMUSG00000020674;ENSMUSG00000020592;ENSMUSG00000025473;ENSMUSG00000026768;ENSMUSG00000000957;ENSMUSG00000038235;ENSMUSG00000001119;ENSMUSG00000031957;ENSMUSG00000025064;ENSMUSG00000033327;ENSMUSG00000017737;ENSMUSG00000041936;ENSMUSG00000038642;ENSMUSG00000021806;ENSMUSG00000017009;ENSMUSG00000001281;ENSMUSG00000031972;ENSMUSG00000032332;ENSMUSG00000026837;ENSMUSG00000029304;ENSMUSG00000019846;ENSMUSG00000026042;ENSMUSG00000070436;ENSMUSG00000050578;ENSMUSG00000025743;ENSMUSG00000036446;ENSMUSG00000001930;ENSMUSG00000001435;ENSMUSG00000001507;ENSMUSG00000005087;ENSMUSG00000045672;ENSMUSG00000040690;ENSMUSG00000022371;ENSMUSG00000074272	Extracellular matrix organization	complementary	True	True	True	True
thymus	R-MMU-1474290_COLLAGEN_FORMATION	-0.2254498520052631	5	1	4	-0.2254498520052631	5	1	4	0.0372638404705789	5.0	5.0	0.0	0.0372638404705789	5.0	5.0	0.0	1.7546944392422856	0.004662004662004662	0.034027046013347384	ENSMUSG00000018623;ENSMUSG00000004098;ENSMUSG00000024529;ENSMUSG00000031502;ENSMUSG00000031503;ENSMUSG00000048126;ENSMUSG00000020674;ENSMUSG00000001119;ENSMUSG00000025064;ENSMUSG00000017737;ENSMUSG00000038642;ENSMUSG00000032332;ENSMUSG00000026837;ENSMUSG00000026042;ENSMUSG00000070436;ENSMUSG00000050578;ENSMUSG00000001435;ENSMUSG00000045672;ENSMUSG00000040690;ENSMUSG00000022371			False	False	False	False
thymus	R-MMU-1483257_PHOSPHOLIPID_METABOLISM	0.02221873291052624	5	3	2	0.02221873291052624	5	3	2	0.020067467120246346	5.0	5.0	0.0	0.020067467120246346	5.0	5.0	0.0	1.2080677786680625	0.19806763285024154	0.3582604114170523	ENSMUSG00000031377;ENSMUSG00000030747;ENSMUSG00000033174;ENSMUSG00000025509;ENSMUSG00000046971;ENSMUSG00000032737;ENSMUSG00000041757;ENSMUSG00000056220;ENSMUSG00000034573;ENSMUSG00000021919;ENSMUSG00000002847;ENSMUSG00000030214;ENSMUSG00000040997;ENSMUSG00000040268;ENSMUSG00000033192;ENSMUSG00000024851			False	False	True	True
thymus	R-MMU-1500931_CELL_CELL_COMMUNICATION	-0.1941045124929825	5	0	5	-0.1941045124929825	5	0	5	-0.036179879483763625	5.0	0.0	5.0	-0.036179879483763625	5.0	0.0	5.0	-2.8195270119471822	0.0	0.0	ENSMUSG00000069301;ENSMUSG00000069310;ENSMUSG00000069267;ENSMUSG00000062727;ENSMUSG00000069302;ENSMUSG00000061615;ENSMUSG00000074403;ENSMUSG00000094777;ENSMUSG00000069309;ENSMUSG00000069300;ENSMUSG00000071478;ENSMUSG00000075031;ENSMUSG00000064220;ENSMUSG00000069272;ENSMUSG00000105827;ENSMUSG00000101355;ENSMUSG00000064288;ENSMUSG00000101972;ENSMUSG00000095217;ENSMUSG00000099517;ENSMUSG00000058385;ENSMUSG00000049932;ENSMUSG00000071516;ENSMUSG00000094338;ENSMUSG00000056895;ENSMUSG00000061991;ENSMUSG00000069274;ENSMUSG00000069305;ENSMUSG00000061482;ENSMUSG00000069266;ENSMUSG00000069273;ENSMUSG00000069306;ENSMUSG00000029687;ENSMUSG00000093769;ENSMUSG00000026602;ENSMUSG00000094248;ENSMUSG00000081058;ENSMUSG00000069303			False	False	True	True
thymus	R-MMU-1566948_ELASTIC_FIBRE_FORMATION	-0.07454713241463157	5	2	3	-0.07454713241463157	5	2	3	0.04259073460494687	5.0	5.0	0.0	0.04259073460494687	5.0	5.0	0.0	2.1344533155627357	0.0	0.0007024938531787847	ENSMUSG00000025321;ENSMUSG00000029675;ENSMUSG00000024940;ENSMUSG00000027204;ENSMUSG00000001870;ENSMUSG00000021253;ENSMUSG00000021186;ENSMUSG00000024598;ENSMUSG00000024529;ENSMUSG00000026193;ENSMUSG00000040488;ENSMUSG00000024053;ENSMUSG00000026768			False	False	False	False
thymus	R-MMU-157118_SIGNALING_BY_NOTCH	-0.048904053032666664	5	2	3	-0.048904053032666664	5	2	3	0.02664804548787269	5.0	5.0	0.0	0.02664804548787269	5.0	5.0	0.0	0.6968862350554247	0.8540305010893247	1.0	ENSMUSG00000027276;ENSMUSG00000020122;ENSMUSG00000002799;ENSMUSG00000039982;ENSMUSG00000038146;ENSMUSG00000030530;ENSMUSG00000029603;ENSMUSG00000061143;ENSMUSG00000031925			False	False	False	False
thymus	R-MMU-157579_TELOMERE_MAINTENANCE	-0.5554702357489474	5	0	5	-0.5554702357489474	5	0	5	-0.12947742020282457	5.0	0.0	5.0	-0.12947742020282457	5.0	0.0	5.0	-3.2285532724854815	0.0	0.0	ENSMUSG00000069301;ENSMUSG00000062727;ENSMUSG00000027715;ENSMUSG00000069302;ENSMUSG00000061615;ENSMUSG00000094777;ENSMUSG00000069309;ENSMUSG00000069300;ENSMUSG00000071478;ENSMUSG00000075031;ENSMUSG00000064220;ENSMUSG00000069272;ENSMUSG00000105827;ENSMUSG00000041064;ENSMUSG00000064288;ENSMUSG00000095217;ENSMUSG00000058385;ENSMUSG00000049932;ENSMUSG00000071516;ENSMUSG00000094338;ENSMUSG00000056895;ENSMUSG00000061991;ENSMUSG00000069274;ENSMUSG00000069305;ENSMUSG00000061482;ENSMUSG00000030528;ENSMUSG00000069266;ENSMUSG00000056394;ENSMUSG00000069306;ENSMUSG00000027342;ENSMUSG00000036875;ENSMUSG00000024742;ENSMUSG00000006678;ENSMUSG00000094248;ENSMUSG00000069303;ENSMUSG00000038644			False	False	True	True
thymus	R-MMU-157858_GAP_JUNCTION_TRAFFICKING_AND_REGULATION	-0.0039798991482061395	5	2	3	-0.0039798991482061395	5	2	3	-0.014100187313739743	5.0	2.0	3.0	-0.014100187313739743	5.0	2.0	3.0	-1.2160622156101715	0.22201492537313433	0.23556727917616727	ENSMUSG00000023004;ENSMUSG00000045136;ENSMUSG00000043091;ENSMUSG00000058672;ENSMUSG00000036752;ENSMUSG00000062380			False	False	True	True
thymus	R-MMU-15869_METABOLISM_OF_NUCLEOTIDES	-1.042990064164298	5	0	5	-1.042990064164298	5	0	5	-0.03397957571226552	5.0	0.0	5.0	-0.03397957571226552	5.0	0.0	5.0	-1.380129160935007	0.10727969348659004	0.10964933282151988	ENSMUSG00000020649;ENSMUSG00000025574;ENSMUSG00000025747;ENSMUSG00000027203;ENSMUSG00000030978;ENSMUSG00000029366			False	False	True	True
thymus	R-MMU-162582_SIGNAL_TRANSDUCTION	0.4515207469824561	5	5	0	0.4515207469824561	5	5	0															True	False	False	False
thymus	R-MMU-1630316_GLYCOSAMINOGLYCAN_METABOLISM	-0.29358011803684203	5	0	5	-0.29358011803684203	5	0	5	0.014545536156924166	5.0	5.0	0.0	0.014545536156924166	5.0	5.0	0.0	0.972454545077677	0.5072815533980582	0.6479127826862285	ENSMUSG00000019929;ENSMUSG00000041577;ENSMUSG00000032911;ENSMUSG00000055653;ENSMUSG00000039497;ENSMUSG00000031375;ENSMUSG00000070407;ENSMUSG00000020592;ENSMUSG00000033350;ENSMUSG00000042082;ENSMUSG00000021390;ENSMUSG00000027221;ENSMUSG00000041936;ENSMUSG00000017009;ENSMUSG00000025743;ENSMUSG00000036446;ENSMUSG00000031119;ENSMUSG00000005087;ENSMUSG00000035459			False	False	False	False
thymus	R-MMU-163125_POST_TRANSLATIONAL_MODIFICATION_SYNTHESIS_OF_GPI_ANCHORED_PROTEINS	0.21788610579298245	5	5	0	0.21788610579298245	5	5	0	-0.009069527822144381	5.0	2.0	3.0	-0.009069527822144381	5.0	2.0	3.0	1.048602273527429	0.38392857142857145	0.5439624225321926	ENSMUSG00000063011;ENSMUSG00000039114;ENSMUSG00000028766;ENSMUSG00000046223;ENSMUSG00000059089;ENSMUSG00000013643;ENSMUSG00000046186;ENSMUSG00000054385;ENSMUSG00000026344			False	False	False	True
thymus	R-MMU-1640170_CELL_CYCLE	-0.6041117926684211	5	0	5	-0.604111792668421	5	0	5	-0.13305260547591097	5.0	0.0	5.0	-0.13305260547591097	5.0	0.0	5.0	-4.027627213466832	0.0	0.0	ENSMUSG00000069301;ENSMUSG00000069310;ENSMUSG00000069267;ENSMUSG00000062727;ENSMUSG00000027715;ENSMUSG00000024791;ENSMUSG00000069302;ENSMUSG00000061615;ENSMUSG00000019942;ENSMUSG00000074403;ENSMUSG00000017499;ENSMUSG00000041431;ENSMUSG00000094777;ENSMUSG00000069309;ENSMUSG00000069300;ENSMUSG00000071478;ENSMUSG00000075031;ENSMUSG00000032218;ENSMUSG00000026622;ENSMUSG00000003779;ENSMUSG00000028678;ENSMUSG00000022034;ENSMUSG00000064220;ENSMUSG00000069272;ENSMUSG00000044201;ENSMUSG00000023940;ENSMUSG00000040084;ENSMUSG00000074476;ENSMUSG00000105827;ENSMUSG00000024056;ENSMUSG00000041064;ENSMUSG00000020897;ENSMUSG00000026039;ENSMUSG00000101355;ENSMUSG00000006398;ENSMUSG00000015880;ENSMUSG00000020330;ENSMUSG00000029414;ENSMUSG00000064288;ENSMUSG00000005233;ENSMUSG00000001403;ENSMUSG00000035455;ENSMUSG00000027469;ENSMUSG00000030867;ENSMUSG00000101972;ENSMUSG00000095217;ENSMUSG00000099517;ENSMUSG00000027379;ENSMUSG00000028212;ENSMUSG00000026605;ENSMUSG00000045328;ENSMUSG00000026669;ENSMUSG00000026683;ENSMUSG00000027496;ENSMUSG00000028873;ENSMUSG00000019773;ENSMUSG00000058385;ENSMUSG00000047534;ENSMUSG00000039748;ENSMUSG00000034906;ENSMUSG00000046591;ENSMUSG00000058290;ENSMUSG00000042489;ENSMUSG00000049932;ENSMUSG00000071516;ENSMUSG00000000028;ENSMUSG00000017146;ENSMUSG00000001517;ENSMUSG00000094338;ENSMUSG00000007080;ENSMUSG00000056895;ENSMUSG00000027323;ENSMUSG00000061991;ENSMUSG00000069274;ENSMUSG00000069305;ENSMUSG00000061482;ENSMUSG00000032113;ENSMUSG00000029177;ENSMUSG00000038252;ENSMUSG00000022385;ENSMUSG00000030528;ENSMUSG00000069266;ENSMUSG00000025758;ENSMUSG00000069273;ENSMUSG00000027330;ENSMUSG00000068101;ENSMUSG00000056394;ENSMUSG00000034329;ENSMUSG00000029910;ENSMUSG00000002068;ENSMUSG00000023908;ENSMUSG00000032254;ENSMUSG00000069306;ENSMUSG00000041859;ENSMUSG00000028044;ENSMUSG00000018983;ENSMUSG00000042029;ENSMUSG00000027342;ENSMUSG00000036875;ENSMUSG00000024742;ENSMUSG00000024660;ENSMUSG00000028312;ENSMUSG00000005410;ENSMUSG00000057406;ENSMUSG00000006678;ENSMUSG00000028896;ENSMUSG00000024590;ENSMUSG00000006715;ENSMUSG00000026355;ENSMUSG00000029730;ENSMUSG00000023004;ENSMUSG00000093769;ENSMUSG00000094248;ENSMUSG00000006585;ENSMUSG00000081058;ENSMUSG00000045136;ENSMUSG00000043091;ENSMUSG00000069303;ENSMUSG00000002870;ENSMUSG00000038644;ENSMUSG00000034165;ENSMUSG00000022673;ENSMUSG00000063810;ENSMUSG00000031016;ENSMUSG00000058672;ENSMUSG00000034349;ENSMUSG00000044783;ENSMUSG00000038482;ENSMUSG00000036752;ENSMUSG00000060981			False	False	True	True
thymus	R-MMU-166016_TOLL_LIKE_RECEPTOR_4_TLR4_CASCADE	0.031172404336975434	5	4	1	0.031172404336975428	5	4	1	0.028214746810989778	5.0	5.0	0.0	0.028214746810989778	5.0	5.0	0.0	1.1644356472697592	0.22717149220489977	0.40762564245930194	ENSMUSG00000025498;ENSMUSG00000022892;ENSMUSG00000051439;ENSMUSG00000060477;ENSMUSG00000003518;ENSMUSG00000021423;ENSMUSG00000021846;ENSMUSG00000052684;ENSMUSG00000038058;ENSMUSG00000046688;ENSMUSG00000030107;ENSMUSG00000021624;ENSMUSG00000034330;ENSMUSG00000032577;ENSMUSG00000053137;ENSMUSG00000074151;ENSMUSG00000025225			False	False	True	True
thymus	R-MMU-166058_MYD88_MAL_TIRAP_CASCADE_INITIATED_ON_PLASMA_MEMBRANE	-0.0007994056833771941	5	2	3	-0.0007994056833771941	5	2	3	0.026829059306175396	5.0	5.0	0.0	0.026829059306175396	5.0	5.0	0.0	1.0398522603679488	0.3933333333333333	0.5308577449947313	ENSMUSG00000022892;ENSMUSG00000060477;ENSMUSG00000003518;ENSMUSG00000021846;ENSMUSG00000052684;ENSMUSG00000038058;ENSMUSG00000046688;ENSMUSG00000030107;ENSMUSG00000032577;ENSMUSG00000053137;ENSMUSG00000074151;ENSMUSG00000025225			False	False	False	False
thymus	R-MMU-166166_MYD88_INDEPENDENT_TLR4_CASCADE	0.31243925484736845	5	5	0	0.31243925484736845	5	5	0	0.028169549887991148	5.0	5.0	0.0	0.028169549887991148	5.0	5.0	0.0	1.067225983473276	0.34945054945054943	0.5283437619478353	ENSMUSG00000025498;ENSMUSG00000022892;ENSMUSG00000051439;ENSMUSG00000060477;ENSMUSG00000003518;ENSMUSG00000052684;ENSMUSG00000038058;ENSMUSG00000046688;ENSMUSG00000030107;ENSMUSG00000032577;ENSMUSG00000053137;ENSMUSG00000074151;ENSMUSG00000025225;ENSMUSG00000032000;ENSMUSG00000064289;ENSMUSG00000021250;ENSMUSG00000046709	Innate TLR signaling	complementary	True	True	True	True
thymus	R-MMU-166520_SIGNALING_BY_NTRKS	-0.003272749845128071	5	2	3	-0.003272749845128071	5	2	3	0.016842921859528497	5.0	5.0	0.0	0.016842921859528497	5.0	5.0	0.0	0.7550653742426792	0.8123667377398721	0.95233044194307	ENSMUSG00000003518;ENSMUSG00000030513;ENSMUSG00000019970;ENSMUSG00000027646			False	False	False	False
thymus	R-MMU-166658_COMPLEMENT_CASCADE	0.03137142737807019	5	4	1	0.03137142737807019	5	4	1	0.04194032168405718	5.0	4.0	1.0	0.04194032168405718	5.0	4.0	1.0	2.0631328098765542	0.0	0.0013171759747102215	ENSMUSG00000026365;ENSMUSG00000073418;ENSMUSG00000026874;ENSMUSG00000022037;ENSMUSG00000096108;ENSMUSG00000023224;ENSMUSG00000076615;ENSMUSG00000076614;ENSMUSG00000026399;ENSMUSG00000090231;ENSMUSG00000055172;ENSMUSG00000022181;ENSMUSG00000024164;ENSMUSG00000026938;ENSMUSG00000094075;ENSMUSG00000036887;ENSMUSG00000036905;ENSMUSG00000026616;ENSMUSG00000001128;ENSMUSG00000076612;ENSMUSG00000096452;ENSMUSG00000027249;ENSMUSG00000036896;ENSMUSG00000105906;ENSMUSG00000095127;ENSMUSG00000095583;ENSMUSG00000076937;ENSMUSG00000094194;ENSMUSG00000095519;ENSMUSG00000076666;ENSMUSG00000049130;ENSMUSG00000095204;ENSMUSG00000094088			False	False	True	True
thymus	R-MMU-168138_TOLL_LIKE_RECEPTOR_9_TLR9_CASCADE	0.2682553679054386	5	5	0	0.2682553679054386	5	5	0	0.030951685388579026	5.0	5.0	0.0	0.030951685388579026	5.0	5.0	0.0	1.334253281665126	0.11060948081264109	0.22473048553132852	ENSMUSG00000025498;ENSMUSG00000022892;ENSMUSG00000051439;ENSMUSG00000060477;ENSMUSG00000003518;ENSMUSG00000021846;ENSMUSG00000052684;ENSMUSG00000038058;ENSMUSG00000036499;ENSMUSG00000046688;ENSMUSG00000045322;ENSMUSG00000030107;ENSMUSG00000029771;ENSMUSG00000032577;ENSMUSG00000025058;ENSMUSG00000053137;ENSMUSG00000074151;ENSMUSG00000025225			False	False	True	True
thymus	R-MMU-168142_TOLL_LIKE_RECEPTOR_10_TLR10_CASCADE	-0.006088477011429824	5	0	5	-0.006088477011429824	5	0	5	0.026829059306175396	5.0	5.0	0.0	0.026829059306175396	5.0	5.0	0.0	1.0398522603679488	0.3933333333333333	0.5308577449947313	ENSMUSG00000022892;ENSMUSG00000060477;ENSMUSG00000003518;ENSMUSG00000021846;ENSMUSG00000052684;ENSMUSG00000038058;ENSMUSG00000046688;ENSMUSG00000030107;ENSMUSG00000032577;ENSMUSG00000053137;ENSMUSG00000074151;ENSMUSG00000025225			False	False	False	False
thymus	R-MMU-168164_TOLL_LIKE_RECEPTOR_3_TLR3_CASCADE	0.007215181113666351	5	5	0	0.007215181113666351	5	5	0	0.02995527720285579	5.0	5.0	0.0	0.02995527720285579	5.0	5.0	0.0	1.0713697209045807	0.36909871244635195	0.529091789365762	ENSMUSG00000025498;ENSMUSG00000022892;ENSMUSG00000060477;ENSMUSG00000003518;ENSMUSG00000052684;ENSMUSG00000038058;ENSMUSG00000046688;ENSMUSG00000030107;ENSMUSG00000032577;ENSMUSG00000053137;ENSMUSG00000074151;ENSMUSG00000025225			False	False	True	True
thymus	R-MMU-168176_TOLL_LIKE_RECEPTOR_5_TLR5_CASCADE	-0.0011690207621508773	5	1	4	-0.0011690207621508776	5	1	4	0.026829059306175396	5.0	5.0	0.0	0.026829059306175396	5.0	5.0	0.0	1.0398522603679488	0.3933333333333333	0.5308577449947313	ENSMUSG00000022892;ENSMUSG00000060477;ENSMUSG00000003518;ENSMUSG00000021846;ENSMUSG00000052684;ENSMUSG00000038058;ENSMUSG00000046688;ENSMUSG00000030107;ENSMUSG00000032577;ENSMUSG00000053137;ENSMUSG00000074151;ENSMUSG00000025225			False	False	False	False
thymus	R-MMU-168179_TOLL_LIKE_RECEPTOR_TLR1_TLR2_CASCADE	0.008470967413829824	5	4	1	0.008470967413829824	5	4	1	0.026829059306175396	5.0	5.0	0.0	0.026829059306175396	5.0	5.0	0.0	1.0398522603679488	0.3933333333333333	0.5308577449947313	ENSMUSG00000022892;ENSMUSG00000060477;ENSMUSG00000003518;ENSMUSG00000021846;ENSMUSG00000052684;ENSMUSG00000038058;ENSMUSG00000046688;ENSMUSG00000030107;ENSMUSG00000032577;ENSMUSG00000053137;ENSMUSG00000074151;ENSMUSG00000025225			False	False	True	True
thymus	R-MMU-168181_TOLL_LIKE_RECEPTOR_7_8_TLR7_8_CASCADE	0.019384032652736843	5	5	0	0.019384032652736843	5	5	0	0.0292929225815442	5.0	5.0	0.0	0.0292929225815442	5.0	5.0	0.0	1.2652797548209527	0.15212527964205816	0.29252334158355187	ENSMUSG00000025498;ENSMUSG00000022892;ENSMUSG00000051439;ENSMUSG00000060477;ENSMUSG00000003518;ENSMUSG00000021846;ENSMUSG00000052684;ENSMUSG00000038058;ENSMUSG00000046688;ENSMUSG00000030107;ENSMUSG00000029771;ENSMUSG00000032577;ENSMUSG00000025058;ENSMUSG00000053137;ENSMUSG00000074151;ENSMUSG00000025225			False	False	True	True
thymus	R-MMU-168188_TOLL_LIKE_RECEPTOR_TLR6_TLR2_CASCADE	-0.008451122027947372	5	2	3	-0.008451122027947372	5	2	3	0.026829059306175396	5.0	5.0	0.0	0.026829059306175396	5.0	5.0	0.0	1.0398522603679488	0.3933333333333333	0.5308577449947313	ENSMUSG00000022892;ENSMUSG00000060477;ENSMUSG00000003518;ENSMUSG00000021846;ENSMUSG00000052684;ENSMUSG00000038058;ENSMUSG00000046688;ENSMUSG00000030107;ENSMUSG00000032577;ENSMUSG00000053137;ENSMUSG00000074151;ENSMUSG00000025225			False	False	False	False
thymus	R-MMU-168249_INNATE_IMMUNE_SYSTEM	0.24417848423017544	5	5	0	0.24417848423017546	5	5	0	0.028457792493547445	5.0	5.0	0.0	0.028457792493547445	5.0	5.0	0.0	1.8865158905742838	0.0	0.014827638115309348	ENSMUSG00000026417;ENSMUSG00000027483;ENSMUSG00000030017;ENSMUSG00000027485;ENSMUSG00000026365;ENSMUSG00000031722;ENSMUSG00000021091;ENSMUSG00000039196;ENSMUSG00000064246;ENSMUSG00000030413;ENSMUSG00000032496;ENSMUSG00000073418;ENSMUSG00000026874;ENSMUSG00000021194;ENSMUSG00000027359;ENSMUSG00000025701;ENSMUSG00000002944;ENSMUSG00000008540;ENSMUSG00000087642;ENSMUSG00000067235;ENSMUSG00000041991;ENSMUSG00000019987;ENSMUSG00000033538;ENSMUSG00000046223;ENSMUSG00000022037;ENSMUSG00000029361;ENSMUSG00000063193;ENSMUSG00000096108;ENSMUSG00000052305;ENSMUSG00000023224;ENSMUSG00000076615;ENSMUSG00000029811;ENSMUSG00000039062;ENSMUSG00000021190;ENSMUSG00000073489;ENSMUSG00000025498;ENSMUSG00000076614;ENSMUSG00000022892;ENSMUSG00000030167;ENSMUSG00000059089;ENSMUSG00000026399;ENSMUSG00000017002;ENSMUSG00000090231;ENSMUSG00000004668;ENSMUSG00000033765;ENSMUSG00000055172;ENSMUSG00000051439;ENSMUSG00000021069;ENSMUSG00000022181;ENSMUSG00000025351;ENSMUSG00000024164;ENSMUSG00000026938;ENSMUSG00000094075;ENSMUSG00000032359;ENSMUSG00000029915;ENSMUSG00000060477;ENSMUSG00000069441;ENSMUSG00000071356;ENSMUSG00000036887;ENSMUSG00000052212;ENSMUSG00000036908;ENSMUSG00000026879;ENSMUSG00000069516;ENSMUSG00000054385;ENSMUSG00000034708;ENSMUSG00000036905;ENSMUSG00000026616;ENSMUSG00000001128;ENSMUSG00000040751;ENSMUSG00000003518;ENSMUSG00000020154;ENSMUSG00000015950;ENSMUSG00000016256;ENSMUSG00000052160;ENSMUSG00000076612;ENSMUSG00000025473;ENSMUSG00000039899;ENSMUSG00000026536;ENSMUSG00000027073;ENSMUSG00000096452;ENSMUSG00000028238;ENSMUSG00000030579;ENSMUSG00000010651;ENSMUSG00000026656;ENSMUSG00000042082;ENSMUSG00000024084;ENSMUSG00000015340;ENSMUSG00000052736;ENSMUSG00000073940;ENSMUSG00000021423;ENSMUSG00000027249;ENSMUSG00000009292;ENSMUSG00000021846;ENSMUSG00000017737;ENSMUSG00000036896;ENSMUSG00000072601;ENSMUSG00000105906;ENSMUSG00000004864;ENSMUSG00000095127;ENSMUSG00000038642;ENSMUSG00000052234;ENSMUSG00000095583;ENSMUSG00000076937;ENSMUSG00000052684;ENSMUSG00000038058;ENSMUSG00000094194;ENSMUSG00000030142;ENSMUSG00000037902;ENSMUSG00000025888;ENSMUSG00000072596;ENSMUSG00000095519;ENSMUSG00000042228;ENSMUSG00000027646;ENSMUSG00000022026;ENSMUSG00000054203;ENSMUSG00000076666;ENSMUSG00000036499;ENSMUSG00000030165;ENSMUSG00000060550;ENSMUSG00000049130;ENSMUSG00000095204;ENSMUSG00000094088;ENSMUSG00000044734;ENSMUSG00000038209;ENSMUSG00000024885;ENSMUSG00000090877;ENSMUSG00000027435;ENSMUSG00000005087;ENSMUSG00000038393;ENSMUSG00000020826;ENSMUSG00000030447;ENSMUSG00000090272;ENSMUSG00000076672;ENSMUSG00000046688;ENSMUSG00000074272;ENSMUSG00000019302;ENSMUSG00000045322;ENSMUSG00000032691;ENSMUSG00000040747;ENSMUSG00000027398;ENSMUSG00000064267;ENSMUSG00000030107;ENSMUSG00000031825;ENSMUSG00000060802;ENSMUSG00000021624;ENSMUSG00000029468;ENSMUSG00000040899;ENSMUSG00000034330;ENSMUSG00000030724;ENSMUSG00000025314;ENSMUSG00000058715;ENSMUSG00000091971;ENSMUSG00000021823;ENSMUSG00000032561;ENSMUSG00000027447;ENSMUSG00000002983;ENSMUSG00000046841;ENSMUSG00000058325;ENSMUSG00000030560;ENSMUSG00000030789;ENSMUSG00000003283;ENSMUSG00000039982;ENSMUSG00000096074;ENSMUSG00000026480;ENSMUSG00000031441;ENSMUSG00000026822;ENSMUSG00000027544;ENSMUSG00000029771;ENSMUSG00000007891;ENSMUSG00000000594;ENSMUSG00000032577;ENSMUSG00000016283;ENSMUSG00000021880;ENSMUSG00000017466;ENSMUSG00000076695;ENSMUSG00000105606;ENSMUSG00000025058;ENSMUSG00000053137;ENSMUSG00000074151;ENSMUSG00000024681;ENSMUSG00000032688;ENSMUSG00000028599;ENSMUSG00000021822;ENSMUSG00000046718;ENSMUSG00000062751;ENSMUSG00000044827;ENSMUSG00000024349;ENSMUSG00000025225;ENSMUSG00000095612;ENSMUSG00000057729;ENSMUSG00000096336			False	False	True	True
thymus	R-MMU-168256_IMMUNE_SYSTEM	0.37255813638596535	5	5	0	0.37255813638596535	5	5	0															False	False	False	False
thymus	R-MMU-168643_NUCLEOTIDE_BINDING_DOMAIN_LEUCINE_RICH_REPEAT_CONTAINING_RECEPTOR_NLR_SIGNALING_PATHWAYS	0.03543483990275613	5	4	1	0.03543483990275613	5	4	1	0.00987859591535499	5.0	4.0	1.0	0.00987859591535499	5.0	4.0	1.0	0.5688732841751731	0.9742489270386266	1.0	ENSMUSG00000033538;ENSMUSG00000004864;ENSMUSG00000038058;ENSMUSG00000025888;ENSMUSG00000038393;ENSMUSG00000032691;ENSMUSG00000029468			False	False	True	True
thymus	R-MMU-168898_TOLL_LIKE_RECEPTOR_CASCADES	0.07799327162456136	5	4	1	0.07799327162456136	5	4	1	0.030285452771709177	5.0	5.0	0.0	0.030285452771709177	5.0	5.0	0.0	1.4572966544721757	0.03349282296650718	0.14033447771848126	ENSMUSG00000002944;ENSMUSG00000021190;ENSMUSG00000025498;ENSMUSG00000022892;ENSMUSG00000051439;ENSMUSG00000060477;ENSMUSG00000036908;ENSMUSG00000003518;ENSMUSG00000021423;ENSMUSG00000021846;ENSMUSG00000038642;ENSMUSG00000052684;ENSMUSG00000038058;ENSMUSG00000036499;ENSMUSG00000046688;ENSMUSG00000045322;ENSMUSG00000030107;ENSMUSG00000021624;ENSMUSG00000034330;ENSMUSG00000029771;ENSMUSG00000032577;ENSMUSG00000025058;ENSMUSG00000053137;ENSMUSG00000074151;ENSMUSG00000044827;ENSMUSG00000025225			False	False	True	True
thymus	R-MMU-170834_SIGNALING_BY_TGF_BETA_RECEPTOR_COMPLEX	0.35329819584263156	5	5	0	0.35329819584263156	5	5	0	0.026666350973084	5.0	5.0	0.0	0.026666350973084	5.0	5.0	0.0	1.4327929038447544	0.0798004987531172	0.1500243775852036	ENSMUSG00000025321;ENSMUSG00000024940;ENSMUSG00000027204;ENSMUSG00000001870;ENSMUSG00000021253;ENSMUSG00000040488;ENSMUSG00000025880;ENSMUSG00000026768;ENSMUSG00000038235			False	False	True	True
thymus	R-MMU-174824_PLASMA_LIPOPROTEIN_ASSEMBLY_REMODELING_AND_CLEARANCE	0.25512184572403507	5	5	0	0.25512184572403507	5	5	0	0.037129963163839784	5.0	5.0	0.0	0.037129963163839784	5.0	5.0	0.0	1.7876357809762577	0.006507592190889371	0.03108535300316122	ENSMUSG00000002992;ENSMUSG00000040564;ENSMUSG00000024924;ENSMUSG00000015568;ENSMUSG00000002985;ENSMUSG00000002289;ENSMUSG00000032080;ENSMUSG00000029368;ENSMUSG00000015243;ENSMUSG00000032207;ENSMUSG00000030513			False	False	True	True
thymus	R-MMU-177929_SIGNALING_BY_EGFR	-0.01623588795816492	5	1	4	-0.01623588795816492	5	1	4	0.020501109541403252	5.0	5.0	0.0	0.020501109541403252	5.0	5.0	0.0	1.113298079868192	0.3197424892703863	0.4644042425376441	ENSMUSG00000029999;ENSMUSG00000020122;ENSMUSG00000022114;ENSMUSG00000019889;ENSMUSG00000038764;ENSMUSG00000027646			False	False	False	False
thymus	R-MMU-181438_TOLL_LIKE_RECEPTOR_2_TLR2_CASCADE	1.0194238343859407e-05	5	2	3	1.0194238343859407e-05	5	2	3	0.026829059306175396	5.0	5.0	0.0	0.026829059306175396	5.0	5.0	0.0	1.0398522603679488	0.3933333333333333	0.5308577449947313	ENSMUSG00000022892;ENSMUSG00000060477;ENSMUSG00000003518;ENSMUSG00000021846;ENSMUSG00000052684;ENSMUSG00000038058;ENSMUSG00000046688;ENSMUSG00000030107;ENSMUSG00000032577;ENSMUSG00000053137;ENSMUSG00000074151;ENSMUSG00000025225			False	False	True	True
thymus	R-MMU-193648_NRAGE_SIGNALS_DEATH_THROUGH_JNK	0.002409856170007017	5	3	2	0.002409856170007017	5	3	2	0.009446935415978535	5.0	3.0	2.0	0.009446935415978535	5.0	3.0	2.0	0.7418615404437717	0.8247863247863247	0.963146802728634	ENSMUSG00000032875;ENSMUSG00000061462;ENSMUSG00000059495;ENSMUSG00000021708;ENSMUSG00000022788			False	False	True	True
thymus	R-MMU-193704_P75_NTR_RECEPTOR_MEDIATED_SIGNALLING	0.007134645345670177	5	4	1	0.007134645345670177	5	4	1	0.007120351645349315	5.0	4.0	1.0	0.007120351645349315	5.0	4.0	1.0	0.6182561922740374	0.9446902654867256	1.0	ENSMUSG00000032875;ENSMUSG00000061462;ENSMUSG00000059495;ENSMUSG00000021708;ENSMUSG00000022788			False	False	True	True
thymus	R-MMU-194138_SIGNALING_BY_VEGF	-0.002509977024421051	5	3	2	-0.002509977024421051	5	3	2	0.02017645815976136	5.0	5.0	0.0	0.02017645815976136	5.0	5.0	0.0	1.1220543404598144	0.2772727272727273	0.46555904529039255	ENSMUSG00000062960;ENSMUSG00000025969;ENSMUSG00000004791;ENSMUSG00000007655;ENSMUSG00000015950;ENSMUSG00000004951;ENSMUSG00000032715;ENSMUSG00000015340;ENSMUSG00000004864;ENSMUSG00000027646;ENSMUSG00000023951;ENSMUSG00000002602;ENSMUSG00000030447;ENSMUSG00000058325;ENSMUSG00000034101;ENSMUSG00000026480;ENSMUSG00000032577;ENSMUSG00000053137;ENSMUSG00000037815			False	False	False	False
thymus	R-MMU-194315_SIGNALING_BY_RHO_GTPASES	-0.07152736949122795	5	1	4	-0.07152736949122795	5	1	4	-0.02576295228004117	5.0	0.0	5.0	-0.02576295228004117	5.0	0.0	5.0	-2.1097740442913646	0.0	9.681529154107751e-05	ENSMUSG00000028678;ENSMUSG00000044201;ENSMUSG00000023940;ENSMUSG00000041498;ENSMUSG00000040084;ENSMUSG00000038943;ENSMUSG00000074476;ENSMUSG00000024056;ENSMUSG00000020897;ENSMUSG00000026039;ENSMUSG00000006398;ENSMUSG00000029414;ENSMUSG00000005233;ENSMUSG00000030867;ENSMUSG00000027379;ENSMUSG00000021697;ENSMUSG00000026605;ENSMUSG00000045328;ENSMUSG00000026683;ENSMUSG00000028873;ENSMUSG00000036777;ENSMUSG00000022021;ENSMUSG00000027699;ENSMUSG00000029177;ENSMUSG00000023015;ENSMUSG00000068101;ENSMUSG00000029910;ENSMUSG00000028068;ENSMUSG00000041219;ENSMUSG00000024660;ENSMUSG00000025154;ENSMUSG00000024590;ENSMUSG00000023004;ENSMUSG00000045136;ENSMUSG00000043091;ENSMUSG00000058672;ENSMUSG00000053965;ENSMUSG00000036752;ENSMUSG00000000409			False	False	True	True
thymus	R-MMU-195258_RHO_GTPASE_EFFECTORS	-0.2385832587184035	5	0	5	-0.23858325871840352	5	0	5	-0.08121414209907225	5.0	0.0	5.0	-0.08121414209907225	5.0	0.0	5.0	-2.842832338145143	0.0	0.0	ENSMUSG00000028678;ENSMUSG00000044201;ENSMUSG00000023940;ENSMUSG00000041498;ENSMUSG00000040084;ENSMUSG00000038943;ENSMUSG00000074476;ENSMUSG00000024056;ENSMUSG00000020897;ENSMUSG00000026039;ENSMUSG00000006398;ENSMUSG00000029414;ENSMUSG00000005233;ENSMUSG00000030867;ENSMUSG00000027379;ENSMUSG00000026605;ENSMUSG00000045328;ENSMUSG00000026683;ENSMUSG00000028873;ENSMUSG00000022021;ENSMUSG00000029177;ENSMUSG00000068101;ENSMUSG00000029910;ENSMUSG00000028068;ENSMUSG00000024660;ENSMUSG00000023004;ENSMUSG00000045136;ENSMUSG00000043091;ENSMUSG00000058672;ENSMUSG00000036752			False	False	True	True
thymus	R-MMU-195721_SIGNALING_BY_WNT	-0.19924090943684208	5	0	5	-0.19924090943684208	5	0	5	-0.005468778504713276	5.0	3.0	2.0	-0.005468778504713276	5.0	3.0	2.0	-0.783191905386049	0.7685352622061483	0.8512287074708275	ENSMUSG00000000782;ENSMUSG00000024617;ENSMUSG00000036158;ENSMUSG00000076431;ENSMUSG00000036961;ENSMUSG00000020393;ENSMUSG00000027985;ENSMUSG00000068240			False	False	True	True
thymus	R-MMU-196849_METABOLISM_OF_WATER_SOLUBLE_VITAMINS_AND_COFACTORS	-0.30792685947000004	5	0	5	-0.30792685947000004	5	0	5	0.0029336092934949196	5.0	2.0	3.0	0.0029336092934949196	5.0	2.0	3.0	-0.5745658792582877	0.9614643545279383	0.9971512027710893	ENSMUSG00000021707;ENSMUSG00000005667;ENSMUSG00000025403			False	False	False	True
thymus	R-MMU-196854_METABOLISM_OF_VITAMINS_AND_COFACTORS	-0.22729692280701755	5	0	5	-0.22729692280701755	5	0	5	0.01747003397248648	5.0	5.0	0.0	0.01747003397248648	5.0	5.0	0.0	1.3559747672990303	0.07951807228915662	0.20574288724973655	ENSMUSG00000002992;ENSMUSG00000015568;ENSMUSG00000002985;ENSMUSG00000042010;ENSMUSG00000040249;ENSMUSG00000032080;ENSMUSG00000055653;ENSMUSG00000025068;ENSMUSG00000029084;ENSMUSG00000020592;ENSMUSG00000021214;ENSMUSG00000032420;ENSMUSG00000032083;ENSMUSG00000041936;ENSMUSG00000017009;ENSMUSG00000025743;ENSMUSG00000031119;ENSMUSG00000030088;ENSMUSG00000024990;ENSMUSG00000023088			False	False	False	False
thymus	R-MMU-198933_IMMUNOREGULATORY_INTERACTIONS_BETWEEN_A_LYMPHOID_AND_A_NON_LYMPHOID_CELL	-0.5009776116961404	5	0	5	-0.5009776116961404	5	0	5	0.007992161507948046	5.0	4.0	1.0	0.007992161507948046	5.0	4.0	1.0	0.6469112129772719	0.9828571428571429	1.0	ENSMUSG00000067235;ENSMUSG00000063193;ENSMUSG00000096108;ENSMUSG00000025491;ENSMUSG00000060591;ENSMUSG00000024164;ENSMUSG00000094075;ENSMUSG00000022661;ENSMUSG00000022865;ENSMUSG00000032021;ENSMUSG00000096452;ENSMUSG00000025064;ENSMUSG00000025492;ENSMUSG00000026656;ENSMUSG00000105906;ENSMUSG00000095127;ENSMUSG00000016494;ENSMUSG00000001281;ENSMUSG00000095583;ENSMUSG00000076937;ENSMUSG00000094194;ENSMUSG00000095519;ENSMUSG00000076666;ENSMUSG00000034028;ENSMUSG00000060550;ENSMUSG00000095204;ENSMUSG00000094088;ENSMUSG00000038304;ENSMUSG00000017652;ENSMUSG00000076672;ENSMUSG00000060802;ENSMUSG00000030577;ENSMUSG00000020310;ENSMUSG00000030724;ENSMUSG00000038179	Lymphoid-stromal interactions	complementary	False	True	False	False
thymus	R-MMU-199418_NEGATIVE_REGULATION_OF_THE_PI3K_AKT_NETWORK	0.009843985347491212	5	3	2	0.009843985347491212	5	3	2	0.011238842615336567	5.0	4.0	1.0	0.011238842615336567	5.0	4.0	1.0	0.9883703890766672	0.48931116389548696	0.6193790281079227	ENSMUSG00000029999;ENSMUSG00000026069;ENSMUSG00000000489;ENSMUSG00000020122;ENSMUSG00000005672;ENSMUSG00000032715;ENSMUSG00000019966;ENSMUSG00000029231;ENSMUSG00000031074;ENSMUSG00000027646;ENSMUSG00000022901;ENSMUSG00000036585;ENSMUSG00000025017;ENSMUSG00000018166;ENSMUSG00000003541;ENSMUSG00000075122;ENSMUSG00000030724			False	False	True	True
thymus	R-MMU-199977_ER_TO_GOLGI_ANTEROGRADE_TRANSPORT	-0.0002267000227403505	5	4	1	-0.00022670002274035038	5	4	1	-0.005101639638255192	5.0	2.0	3.0	-0.005101639638255192	5.0	2.0	3.0	-0.9198189894258816	0.5651340996168582	0.6454934186675364	ENSMUSG00000023004;ENSMUSG00000045136;ENSMUSG00000043091;ENSMUSG00000058672;ENSMUSG00000036752;ENSMUSG00000062380			False	False	True	True
thymus	R-MMU-199991_MEMBRANE_TRAFFICKING	-0.18444182411929824	5	0	5	-0.18444182411929824	5	0	5	-0.016510862677902468	5.0	0.0	5.0	-0.016510862677902468	5.0	0.0	5.0	-1.6929777605068386	0.0014727540500736377	0.013512428312980423	ENSMUSG00000034311;ENSMUSG00000003779;ENSMUSG00000028678;ENSMUSG00000012443;ENSMUSG00000030677;ENSMUSG00000045328;ENSMUSG00000036768;ENSMUSG00000079553;ENSMUSG00000051378;ENSMUSG00000023015;ENSMUSG00000032254;ENSMUSG00000024795;ENSMUSG00000023004;ENSMUSG00000045136;ENSMUSG00000043091;ENSMUSG00000032193;ENSMUSG00000058672;ENSMUSG00000032094;ENSMUSG00000036752;ENSMUSG00000023274;ENSMUSG00000024480;ENSMUSG00000002033;ENSMUSG00000062380			False	False	True	True
thymus	R-MMU-201681_TCF_DEPENDENT_SIGNALING_IN_RESPONSE_TO_WNT	-0.2176325443096491	5	1	4	-0.21763254430964904	5	1	4	0.0012603887861209417	5.0	3.0	2.0	0.0012603887861209417	5.0	3.0	2.0	-0.7219521949006634	0.8425925925925926	0.9075388889925822	ENSMUSG00000000782;ENSMUSG00000076431;ENSMUSG00000036961;ENSMUSG00000020393;ENSMUSG00000027985;ENSMUSG00000068240			False	False	False	True
thymus	R-MMU-2022090_ASSEMBLY_OF_COLLAGEN_FIBRILS_AND_OTHER_MULTIMERIC_STRUCTURES	-0.11676119980350888	5	1	4	-0.11676119980350888	5	1	4	0.039283545129034855	5.0	5.0	0.0	0.039283545129034855	5.0	5.0	0.0	1.7031308878488896	0.006185567010309278	0.04045725963534183	ENSMUSG00000018623;ENSMUSG00000004098;ENSMUSG00000024529;ENSMUSG00000031502;ENSMUSG00000031503;ENSMUSG00000048126;ENSMUSG00000020674;ENSMUSG00000001119;ENSMUSG00000017737;ENSMUSG00000038642;ENSMUSG00000026837;ENSMUSG00000026042;ENSMUSG00000050578;ENSMUSG00000001435;ENSMUSG00000045672			False	False	False	False
thymus	R-MMU-202403_TCR_SIGNALING	-0.25506835137543843	5	1	4	-0.25506835137543843	5	1	4	-0.0161111123781015	5.0	2.0	3.0	-0.0161111123781015	5.0	2.0	3.0	-1.9835906403807653	0.0	0.0005618501099141907	ENSMUSG00000076490;ENSMUSG00000076498;ENSMUSG00000076473;ENSMUSG00000030775;ENSMUSG00000032094;ENSMUSG00000000409;ENSMUSG00000023274;ENSMUSG00000005763;ENSMUSG00000030742;ENSMUSG00000002033;ENSMUSG00000042351;ENSMUSG00000020395;ENSMUSG00000076928;ENSMUSG00000068240;ENSMUSG00000022148;ENSMUSG00000027843;ENSMUSG00000027508;ENSMUSG00000026778;ENSMUSG00000030774	T-cell receptor signaling	aligned	True	True	True	True
thymus	R-MMU-202427_PHOSPHORYLATION_OF_CD3_AND_TCR_ZETA_CHAINS	-0.03395347318245616	5	2	3	-0.03395347318245616	5	2	3	-0.014609426684825844	5.0	2.0	3.0	-0.014609426684825844	5.0	2.0	3.0	-1.7119567806429863	0.005758157389635317	0.0115847848668522	ENSMUSG00000076490;ENSMUSG00000076498;ENSMUSG00000076473;ENSMUSG00000032094;ENSMUSG00000000409;ENSMUSG00000023274;ENSMUSG00000005763;ENSMUSG00000002033;ENSMUSG00000076928;ENSMUSG00000027843;ENSMUSG00000027508			False	False	True	True
thymus	R-MMU-202733_CELL_SURFACE_INTERACTIONS_AT_THE_VASCULAR_WALL	0.003443553868245608	5	4	1	0.0034435538682456024	5	4	1	0.015893146894848564	5.0	5.0	0.0	0.015893146894848564	5.0	5.0	0.0	1.1328649099244492	0.21428571428571427	0.4497716894977169	ENSMUSG00000096108;ENSMUSG00000027611;ENSMUSG00000094075;ENSMUSG00000074743;ENSMUSG00000014361;ENSMUSG00000022865;ENSMUSG00000026193;ENSMUSG00000007655;ENSMUSG00000052212;ENSMUSG00000038235;ENSMUSG00000096452;ENSMUSG00000027249;ENSMUSG00000105906;ENSMUSG00000022912;ENSMUSG00000095127;ENSMUSG00000029373;ENSMUSG00000095583;ENSMUSG00000076937;ENSMUSG00000094194;ENSMUSG00000037902;ENSMUSG00000095519;ENSMUSG00000042228;ENSMUSG00000027646;ENSMUSG00000076666;ENSMUSG00000095204;ENSMUSG00000094088;ENSMUSG00000045394;ENSMUSG00000004709;ENSMUSG00000001507;ENSMUSG00000005087;ENSMUSG00000026580;ENSMUSG00000022309;ENSMUSG00000076672;ENSMUSG00000074272			False	False	True	True
thymus	R-MMU-2029485_ROLE_OF_PHOSPHOLIPIDS_IN_PHAGOCYTOSIS	-0.04313376259901404	5	1	4	-0.04313376259901404	5	1	4	0.018541281875445282	5.0	4.0	1.0	0.018541281875445282	5.0	4.0	1.0	1.2895487631141034	0.11330049261083744	0.2680056368783882	ENSMUSG00000096108;ENSMUSG00000076615;ENSMUSG00000076614;ENSMUSG00000094075;ENSMUSG00000052160;ENSMUSG00000076612;ENSMUSG00000096452;ENSMUSG00000026656;ENSMUSG00000105906;ENSMUSG00000095127;ENSMUSG00000095583;ENSMUSG00000076937;ENSMUSG00000094194;ENSMUSG00000095519;ENSMUSG00000076666;ENSMUSG00000095204;ENSMUSG00000094088;ENSMUSG00000076672;ENSMUSG00000034330;ENSMUSG00000096074;ENSMUSG00000076695;ENSMUSG00000105606;ENSMUSG00000095612;ENSMUSG00000096336;ENSMUSG00000103254;ENSMUSG00000104452;ENSMUSG00000076514;ENSMUSG00000096410;ENSMUSG00000094546;ENSMUSG00000093894;ENSMUSG00000076523;ENSMUSG00000021457;ENSMUSG00000095589			False	False	False	False
thymus	R-MMU-204998_CELL_DEATH_SIGNALLING_VIA_NRAGE_NRIF_AND_NADE	0.037311040158210525	5	5	0	0.037311040158210525	5	5	0	0.007975423692778474	5.0	4.0	1.0	0.007975423692778474	5.0	4.0	1.0	0.6404539816562224	0.9474835886214442	1.0	ENSMUSG00000032875;ENSMUSG00000061462;ENSMUSG00000059495;ENSMUSG00000021708;ENSMUSG00000022788			False	False	True	True
thymus	R-MMU-211859_BIOLOGICAL_OXIDATIONS	0.13696014114912278	5	4	1	0.13696014114912278	5	4	1	0.03381357580279952	5.0	3.0	2.0	0.03381357580279952	5.0	3.0	2.0	2.328944263270248	0.0	0.0	ENSMUSG00000052974;ENSMUSG00000005547;ENSMUSG00000040703;ENSMUSG00000026691;ENSMUSG00000074207;ENSMUSG00000008540;ENSMUSG00000053279;ENSMUSG00000026621;ENSMUSG00000090175;ENSMUSG00000056973;ENSMUSG00000054545;ENSMUSG00000029811;ENSMUSG00000025934;ENSMUSG00000058135;ENSMUSG00000003484;ENSMUSG00000024087;ENSMUSG00000089960;ENSMUSG00000025068;ENSMUSG00000040170;ENSMUSG00000040562;ENSMUSG00000047250;ENSMUSG00000024987;ENSMUSG00000090124;ENSMUSG00000006344;ENSMUSG00000004038;ENSMUSG00000038776;ENSMUSG00000040181			False	False	True	True
thymus	R-MMU-211945_PHASE_I_FUNCTIONALIZATION_OF_COMPOUNDS	-0.13016793200526316	5	0	5	-0.13016793200526316	5	0	5	0.04349159797901606	5.0	4.0	1.0	0.04349159797901606	5.0	4.0	1.0	2.1048696751982923	0.0	0.0009032063826584374	ENSMUSG00000052974;ENSMUSG00000005547;ENSMUSG00000040703;ENSMUSG00000026691;ENSMUSG00000074207;ENSMUSG00000053279;ENSMUSG00000026621;ENSMUSG00000056973;ENSMUSG00000029811;ENSMUSG00000003484;ENSMUSG00000024087;ENSMUSG00000040170;ENSMUSG00000047250;ENSMUSG00000024987;ENSMUSG00000038776;ENSMUSG00000040181			False	False	False	False
thymus	R-MMU-212300_PRC2_METHYLATES_HISTONES_AND_DNA	0.0016389172233666656	5	3	2	0.0016389172233666656	5	3	2	-0.11958438575269001	5.0	0.0	5.0	-0.11958438575269001	5.0	0.0	5.0	-3.2690588573503376	0.0	0.0	ENSMUSG00000069301;ENSMUSG00000069310;ENSMUSG00000069267;ENSMUSG00000062727;ENSMUSG00000069302;ENSMUSG00000061615;ENSMUSG00000074403;ENSMUSG00000094777;ENSMUSG00000069309;ENSMUSG00000069300;ENSMUSG00000071478;ENSMUSG00000075031;ENSMUSG00000064220;ENSMUSG00000069272;ENSMUSG00000105827;ENSMUSG00000101355;ENSMUSG00000064288;ENSMUSG00000101972;ENSMUSG00000095217;ENSMUSG00000099517;ENSMUSG00000058385;ENSMUSG00000049932;ENSMUSG00000071516;ENSMUSG00000094338;ENSMUSG00000056895;ENSMUSG00000061991;ENSMUSG00000069274;ENSMUSG00000069305;ENSMUSG00000061482;ENSMUSG00000069266;ENSMUSG00000069273;ENSMUSG00000069306;ENSMUSG00000029687;ENSMUSG00000004099;ENSMUSG00000093769;ENSMUSG00000094248;ENSMUSG00000081058;ENSMUSG00000069303			False	False	False	False
thymus	R-MMU-212436_GENERIC_TRANSCRIPTION_PATHWAY	-0.6303390344845614	5	0	5	-0.6303390344845614	5	0	5	-0.056889684639963876	5.0	0.0	5.0	-0.056889684639963876	5.0	0.0	5.0	-3.0742123749894703	0.0	0.0	ENSMUSG00000069301;ENSMUSG00000069310;ENSMUSG00000069267;ENSMUSG00000062727;ENSMUSG00000027715;ENSMUSG00000069302;ENSMUSG00000061615;ENSMUSG00000019942;ENSMUSG00000074403;ENSMUSG00000041431;ENSMUSG00000094777;ENSMUSG00000069309;ENSMUSG00000069300;ENSMUSG00000071478;ENSMUSG00000075031;ENSMUSG00000064220;ENSMUSG00000069272;ENSMUSG00000044201;ENSMUSG00000105827;ENSMUSG00000020897;ENSMUSG00000101355;ENSMUSG00000064288;ENSMUSG00000020185;ENSMUSG00000027469;ENSMUSG00000101972;ENSMUSG00000095217;ENSMUSG00000099517;ENSMUSG00000028212;ENSMUSG00000027496;ENSMUSG00000046179;ENSMUSG00000058385;ENSMUSG00000039748;ENSMUSG00000049932;ENSMUSG00000071516;ENSMUSG00000017146;ENSMUSG00000094338;ENSMUSG00000056895;ENSMUSG00000061991;ENSMUSG00000069274;ENSMUSG00000069305;ENSMUSG00000061482;ENSMUSG00000032113;ENSMUSG00000030528;ENSMUSG00000069266;ENSMUSG00000069273;ENSMUSG00000034329;ENSMUSG00000002068;ENSMUSG00000069306;ENSMUSG00000027342;ENSMUSG00000036875;ENSMUSG00000022360;ENSMUSG00000029687;ENSMUSG00000025507;ENSMUSG00000093769;ENSMUSG00000094248;ENSMUSG00000081058;ENSMUSG00000000782;ENSMUSG00000021377;ENSMUSG00000069303;ENSMUSG00000034165;ENSMUSG00000052293;ENSMUSG00000038482;ENSMUSG00000020423;ENSMUSG00000060981;ENSMUSG00000028150;ENSMUSG00000040209;ENSMUSG00000028211;ENSMUSG00000042810;ENSMUSG00000018102;ENSMUSG00000063954;ENSMUSG00000040274;ENSMUSG00000015619;ENSMUSG00000027985;ENSMUSG00000022475;ENSMUSG00000044807			False	False	True	True
thymus	R-MMU-2132295_MHC_CLASS_II_ANTIGEN_PRESENTATION	0.14154271444298247	5	3	2	0.14154271444298247	5	3	2	-0.03783319166373669	5.0	0.0	5.0	-0.03783319166373669	5.0	0.0	5.0	-2.0353772288586165	0.0	0.00029523724364337767	ENSMUSG00000034311;ENSMUSG00000003779;ENSMUSG00000028678;ENSMUSG00000012443;ENSMUSG00000030677;ENSMUSG00000045328;ENSMUSG00000036768;ENSMUSG00000023015;ENSMUSG00000032254;ENSMUSG00000023004;ENSMUSG00000045136;ENSMUSG00000043091;ENSMUSG00000058672;ENSMUSG00000036752;ENSMUSG00000062380			False	False	False	False
thymus	R-MMU-2142753_ARACHIDONATE_METABOLISM	0.1738063646845614	5	4	1	0.1738063646845614	5	4	1	0.03508483133999639	5.0	5.0	0.0	0.03508483133999639	5.0	5.0	0.0	1.6533455549487837	0.014285714285714285	0.052160168598524764	ENSMUSG00000015090;ENSMUSG00000025701;ENSMUSG00000003484;ENSMUSG00000024087;ENSMUSG00000018924;ENSMUSG00000032487;ENSMUSG00000047250;ENSMUSG00000021214;ENSMUSG00000056220;ENSMUSG00000006344			False	False	True	True
thymus	R-MMU-216083_INTEGRIN_CELL_SURFACE_INTERACTIONS	0.11415631370873684	5	4	1	0.11415631370873684	5	4	1	0.03579002015135742	5.0	5.0	0.0	0.03579002015135742	5.0	5.0	0.0	1.633587144667825	0.021739130434782608	0.05719606930183547	ENSMUSG00000025321;ENSMUSG00000040152;ENSMUSG00000027204;ENSMUSG00000004098;ENSMUSG00000031502;ENSMUSG00000031503;ENSMUSG00000026193;ENSMUSG00000048126;ENSMUSG00000042284;ENSMUSG00000039115;ENSMUSG00000026768;ENSMUSG00000038235;ENSMUSG00000001119;ENSMUSG00000001281;ENSMUSG00000026837;ENSMUSG00000029304;ENSMUSG00000026042;ENSMUSG00000036446;ENSMUSG00000001930;ENSMUSG00000001435;ENSMUSG00000001507;ENSMUSG00000005087;ENSMUSG00000040690;ENSMUSG00000020310;ENSMUSG00000005947;ENSMUSG00000030789			False	False	True	True
thymus	R-MMU-2168880_SCAVENGING_OF_HEME_FROM_PLASMA	0.5057024796403508	5	5	0	0.5057024796403508	5	5	0	0.0244756120198908	5.0	4.0	1.0	0.0244756120198908	5.0	4.0	1.0	1.6537157059500451	0.013020833333333334	0.05317338088676339	ENSMUSG00000031722;ENSMUSG00000091694;ENSMUSG00000096108;ENSMUSG00000052305;ENSMUSG00000040249;ENSMUSG00000069919;ENSMUSG00000057346;ENSMUSG00000094075;ENSMUSG00000029368;ENSMUSG00000044309;ENSMUSG00000096452;ENSMUSG00000073940;ENSMUSG00000032083;ENSMUSG00000105906;ENSMUSG00000095127;ENSMUSG00000095583;ENSMUSG00000076937;ENSMUSG00000094194;ENSMUSG00000095519;ENSMUSG00000076666;ENSMUSG00000095204;ENSMUSG00000094088			False	False	True	True
thymus	R-MMU-2172127_DAP12_INTERACTIONS	0.1560754438789474	5	3	2	0.1560754438789474	5	3	2	0.008475680880448411	5.0	3.0	2.0	0.008475680880448411	5.0	3.0	2.0	0.8056358400404648	0.700990099009901	0.9244991046887779	ENSMUSG00000063193;ENSMUSG00000030167;ENSMUSG00000029915;ENSMUSG00000030579;ENSMUSG00000052736;ENSMUSG00000037902;ENSMUSG00000030165;ENSMUSG00000060802;ENSMUSG00000034330			False	False	True	True
thymus	R-MMU-2173782_BINDING_AND_UPTAKE_OF_LIGANDS_BY_SCAVENGER_RECEPTORS	0.14041084539859647	5	4	1	0.14041084539859647	5	4	1	0.027011614664934198	5.0	5.0	0.0	0.027011614664934198	5.0	5.0	0.0	1.8016176339576557	0.0026455026455026454	0.029338361710387666	ENSMUSG00000031722;ENSMUSG00000091694;ENSMUSG00000002944;ENSMUSG00000002985;ENSMUSG00000096108;ENSMUSG00000052305;ENSMUSG00000040249;ENSMUSG00000069919;ENSMUSG00000057346;ENSMUSG00000094075;ENSMUSG00000029368;ENSMUSG00000044309;ENSMUSG00000018593;ENSMUSG00000096452;ENSMUSG00000015854;ENSMUSG00000073940;ENSMUSG00000032083;ENSMUSG00000105906;ENSMUSG00000095127;ENSMUSG00000095583;ENSMUSG00000076937;ENSMUSG00000094194;ENSMUSG00000095519;ENSMUSG00000076666;ENSMUSG00000037936;ENSMUSG00000095204;ENSMUSG00000094088			False	False	True	True
thymus	R-MMU-2173789_TGF_BETA_RECEPTOR_SIGNALING_ACTIVATES_SMADS	-0.005035348431982456	5	2	3	-0.005035348431982456	5	2	3	0.03941264756649284	5.0	5.0	0.0	0.03941264756649284	5.0	5.0	0.0	1.5698817018275257	0.03357314148681055	0.08298208640674394	ENSMUSG00000025321;ENSMUSG00000024940;ENSMUSG00000027204;ENSMUSG00000001870;ENSMUSG00000021253;ENSMUSG00000040488;ENSMUSG00000025880;ENSMUSG00000026768			False	False	False	False
thymus	R-MMU-2187338_VISUAL_PHOTOTRANSDUCTION	0.026073098544561406	5	3	2	0.026073098544561406	5	3	2	0.027400975979085612	5.0	5.0	0.0	0.027400975979085612	5.0	5.0	0.0	1.6511082802281518	0.01735357917570499	0.051838906165668615	ENSMUSG00000002992;ENSMUSG00000015568;ENSMUSG00000002985;ENSMUSG00000040249;ENSMUSG00000032080;ENSMUSG00000055653;ENSMUSG00000020592;ENSMUSG00000021214;ENSMUSG00000032083;ENSMUSG00000041936;ENSMUSG00000017009;ENSMUSG00000025743;ENSMUSG00000031119;ENSMUSG00000024990;ENSMUSG00000032327			False	False	True	True
thymus	R-MMU-2262752_CELLULAR_RESPONSES_TO_STRESS	-0.3810774206982456	5	0	5	-0.3810774206982456	5	0	5	-0.040047022303061966	5.0	0.0	5.0	-0.040047022303061966	5.0	0.0	5.0	-2.696354431621206	0.0	0.0	ENSMUSG00000069301;ENSMUSG00000062727;ENSMUSG00000027715;ENSMUSG00000069302;ENSMUSG00000061615;ENSMUSG00000094777;ENSMUSG00000069309;ENSMUSG00000069300;ENSMUSG00000071478;ENSMUSG00000075031;ENSMUSG00000064220;ENSMUSG00000069272;ENSMUSG00000058773;ENSMUSG00000105827;ENSMUSG00000064288;ENSMUSG00000001403;ENSMUSG00000095217;ENSMUSG00000028212;ENSMUSG00000058385;ENSMUSG00000049539;ENSMUSG00000049932;ENSMUSG00000071516;ENSMUSG00000094338;ENSMUSG00000056895;ENSMUSG00000061991;ENSMUSG00000069274;ENSMUSG00000069305;ENSMUSG00000061482;ENSMUSG00000069266;ENSMUSG00000002068;ENSMUSG00000069306;ENSMUSG00000024590;ENSMUSG00000023004;ENSMUSG00000029687;ENSMUSG00000094248;ENSMUSG00000045136;ENSMUSG00000024617;ENSMUSG00000043091;ENSMUSG00000069303;ENSMUSG00000046711;ENSMUSG00000058672;ENSMUSG00000036752;ENSMUSG00000060981;ENSMUSG00000022895;ENSMUSG00000062380;ENSMUSG00000078249;ENSMUSG00000032035;ENSMUSG00000018102;ENSMUSG00000063954;ENSMUSG00000040274;ENSMUSG00000035105			False	False	True	True
thymus	R-MMU-2299718_CONDENSATION_OF_PROPHASE_CHROMOSOMES	0.012759083014877192	5	3	2	0.012759083014877192	5	3	2	-0.13150043409883877	5.0	0.0	5.0	-0.13150043409883877	5.0	0.0	5.0	-3.3123461268589676	0.0	0.0	ENSMUSG00000069301;ENSMUSG00000069310;ENSMUSG00000069267;ENSMUSG00000062727;ENSMUSG00000069302;ENSMUSG00000061615;ENSMUSG00000019942;ENSMUSG00000074403;ENSMUSG00000041431;ENSMUSG00000094777;ENSMUSG00000069309;ENSMUSG00000069300;ENSMUSG00000071478;ENSMUSG00000075031;ENSMUSG00000064220;ENSMUSG00000069272;ENSMUSG00000105827;ENSMUSG00000101355;ENSMUSG00000064288;ENSMUSG00000030867;ENSMUSG00000101972;ENSMUSG00000095217;ENSMUSG00000099517;ENSMUSG00000058385;ENSMUSG00000049932;ENSMUSG00000071516;ENSMUSG00000094338;ENSMUSG00000056895;ENSMUSG00000061991;ENSMUSG00000069274;ENSMUSG00000069305;ENSMUSG00000061482;ENSMUSG00000069266;ENSMUSG00000069273;ENSMUSG00000069306;ENSMUSG00000042029;ENSMUSG00000028312;ENSMUSG00000093769;ENSMUSG00000094248;ENSMUSG00000081058;ENSMUSG00000069303			False	False	False	False
thymus	R-MMU-2454202_FC_EPSILON_RECEPTOR_FCERI_SIGNALING	-0.05386700970526311	5	3	2	-0.05386700970526311	5	3	2	0.006813039894310914	5.0	4.0	1.0	0.006813039894310914	5.0	4.0	1.0	0.7555851417566611	0.8724489795918368	0.9578292939936776	ENSMUSG00000087642;ENSMUSG00000096108;ENSMUSG00000094075;ENSMUSG00000040751;ENSMUSG00000096452;ENSMUSG00000105906;ENSMUSG00000095127;ENSMUSG00000095583;ENSMUSG00000076937;ENSMUSG00000052684;ENSMUSG00000094194;ENSMUSG00000095519;ENSMUSG00000042228;ENSMUSG00000076666;ENSMUSG00000095204;ENSMUSG00000094088;ENSMUSG00000076672;ENSMUSG00000034330;ENSMUSG00000058715;ENSMUSG00000096074;ENSMUSG00000027544;ENSMUSG00000076695;ENSMUSG00000105606;ENSMUSG00000032688;ENSMUSG00000095612;ENSMUSG00000096336;ENSMUSG00000103254;ENSMUSG00000104452;ENSMUSG00000076514;ENSMUSG00000021250;ENSMUSG00000096410;ENSMUSG00000094546;ENSMUSG00000093894;ENSMUSG00000076523;ENSMUSG00000046709;ENSMUSG00000021457;ENSMUSG00000095589			False	False	False	False
thymus	R-MMU-2467813_SEPARATION_OF_SISTER_CHROMATIDS	0.010397634123442105	5	5	0	0.010397634123442105	5	5	0	-0.13758282758035306	5.0	0.0	5.0	-0.13758282758035306	5.0	0.0	5.0	-2.91083996709868	0.0	0.0	ENSMUSG00000024791;ENSMUSG00000028678;ENSMUSG00000023940;ENSMUSG00000040084;ENSMUSG00000074476;ENSMUSG00000024056;ENSMUSG00000020897;ENSMUSG00000026039;ENSMUSG00000006398;ENSMUSG00000029414;ENSMUSG00000005233;ENSMUSG00000001403;ENSMUSG00000030867;ENSMUSG00000027379;ENSMUSG00000026605;ENSMUSG00000045328;ENSMUSG00000026683;ENSMUSG00000028873;ENSMUSG00000058290;ENSMUSG00000029177;ENSMUSG00000068101;ENSMUSG00000029910;ENSMUSG00000024660;ENSMUSG00000023004;ENSMUSG00000045136;ENSMUSG00000043091;ENSMUSG00000058672;ENSMUSG00000036752			False	False	False	False
thymus	R-MMU-2500257_RESOLUTION_OF_SISTER_CHROMATID_COHESION	0.011692473654254385	5	4	1	0.011692473654254385	5	4	1	-0.15407618206492815	5.0	0.0	5.0	-0.15407618206492815	5.0	0.0	5.0	-2.9595554631679573	0.0	0.0	ENSMUSG00000024791;ENSMUSG00000019942;ENSMUSG00000041431;ENSMUSG00000032218;ENSMUSG00000028678;ENSMUSG00000023940;ENSMUSG00000040084;ENSMUSG00000074476;ENSMUSG00000024056;ENSMUSG00000020897;ENSMUSG00000026039;ENSMUSG00000006398;ENSMUSG00000029414;ENSMUSG00000005233;ENSMUSG00000030867;ENSMUSG00000027379;ENSMUSG00000026605;ENSMUSG00000045328;ENSMUSG00000026683;ENSMUSG00000028873;ENSMUSG00000029177;ENSMUSG00000068101;ENSMUSG00000029910;ENSMUSG00000024660;ENSMUSG00000023004;ENSMUSG00000045136;ENSMUSG00000043091;ENSMUSG00000058672;ENSMUSG00000036752			False	False	False	False
thymus	R-MMU-2555396_MITOTIC_METAPHASE_AND_ANAPHASE	-0.12760341316771928	5	0	5	-0.12760341316771928	5	0	5	-0.14399899977739555	5.0	0.0	5.0	-0.14399899977739555	5.0	0.0	5.0	-3.039519719096814	0.0	0.0	ENSMUSG00000024791;ENSMUSG00000019942;ENSMUSG00000041431;ENSMUSG00000032218;ENSMUSG00000028678;ENSMUSG00000023940;ENSMUSG00000040084;ENSMUSG00000074476;ENSMUSG00000024056;ENSMUSG00000020897;ENSMUSG00000026039;ENSMUSG00000006398;ENSMUSG00000029414;ENSMUSG00000005233;ENSMUSG00000001403;ENSMUSG00000030867;ENSMUSG00000027379;ENSMUSG00000026605;ENSMUSG00000045328;ENSMUSG00000026683;ENSMUSG00000028873;ENSMUSG00000019773;ENSMUSG00000058290;ENSMUSG00000029177;ENSMUSG00000068101;ENSMUSG00000029910;ENSMUSG00000024660;ENSMUSG00000028896;ENSMUSG00000024590;ENSMUSG00000023004;ENSMUSG00000045136;ENSMUSG00000043091;ENSMUSG00000058672;ENSMUSG00000036752			False	False	True	True
thymus	R-MMU-2559583_CELLULAR_SENESCENCE	0.05821104696210526	5	3	2	0.05821104696210526	5	3	2	-0.08265191504796995	5.0	0.0	5.0	-0.08265191504796995	5.0	0.0	5.0	-3.178162008146992	0.0	0.0	ENSMUSG00000069301;ENSMUSG00000062727;ENSMUSG00000027715;ENSMUSG00000069302;ENSMUSG00000061615;ENSMUSG00000094777;ENSMUSG00000069309;ENSMUSG00000069300;ENSMUSG00000071478;ENSMUSG00000075031;ENSMUSG00000064220;ENSMUSG00000069272;ENSMUSG00000058773;ENSMUSG00000105827;ENSMUSG00000064288;ENSMUSG00000001403;ENSMUSG00000095217;ENSMUSG00000028212;ENSMUSG00000058385;ENSMUSG00000049539;ENSMUSG00000049932;ENSMUSG00000071516;ENSMUSG00000094338;ENSMUSG00000056895;ENSMUSG00000061991;ENSMUSG00000069274;ENSMUSG00000069305;ENSMUSG00000061482;ENSMUSG00000069266;ENSMUSG00000002068;ENSMUSG00000069306;ENSMUSG00000024590;ENSMUSG00000029687;ENSMUSG00000094248;ENSMUSG00000069303;ENSMUSG00000046711;ENSMUSG00000060981;ENSMUSG00000022895;ENSMUSG00000078249;ENSMUSG00000032035;ENSMUSG00000018102;ENSMUSG00000063954;ENSMUSG00000040274			False	False	False	False
thymus	R-MMU-2559586_DNA_DAMAGE_TELOMERE_STRESS_INDUCED_SENESCENCE	-1.1341249837282457	5	0	5	-1.1341249837282457	5	0	5	-0.11388625819614384	5.0	0.0	5.0	-0.11388625819614384	5.0	0.0	5.0	-3.185998512015275	0.0	0.0	ENSMUSG00000069301;ENSMUSG00000062727;ENSMUSG00000027715;ENSMUSG00000069302;ENSMUSG00000061615;ENSMUSG00000094777;ENSMUSG00000069309;ENSMUSG00000069300;ENSMUSG00000071478;ENSMUSG00000075031;ENSMUSG00000064220;ENSMUSG00000069272;ENSMUSG00000058773;ENSMUSG00000105827;ENSMUSG00000064288;ENSMUSG00000095217;ENSMUSG00000028212;ENSMUSG00000058385;ENSMUSG00000049539;ENSMUSG00000049932;ENSMUSG00000071516;ENSMUSG00000094338;ENSMUSG00000056895;ENSMUSG00000061991;ENSMUSG00000069274;ENSMUSG00000069305;ENSMUSG00000061482;ENSMUSG00000069266;ENSMUSG00000002068;ENSMUSG00000069306;ENSMUSG00000024590;ENSMUSG00000094248;ENSMUSG00000069303;ENSMUSG00000046711			False	False	True	True
thymus	R-MMU-2565942_REGULATION_OF_PLK1_ACTIVITY_AT_G2_M_TRANSITION	-0.005898591798782456	5	1	4	-0.005898591798782456	5	1	4	-0.0990694619607064	5.0	0.0	5.0	-0.0990694619607064	5.0	0.0	5.0	-2.26668200460983	0.0	8.215705448235514e-06	ENSMUSG00000019942;ENSMUSG00000041431;ENSMUSG00000032218;ENSMUSG00000026622;ENSMUSG00000030867;ENSMUSG00000027496;ENSMUSG00000025758;ENSMUSG00000063810;ENSMUSG00000036752			False	False	True	True
thymus	R-MMU-2672351_STIMULI_SENSING_CHANNELS	0.17787761862982462	5	5	0	0.17787761862982462	5	5	0	0.020707267185444682	5.0	4.0	1.0	0.020707267185444682	5.0	4.0	1.0	1.7175028577017686	0.015765765765765764	0.03694891056800027	ENSMUSG00000031075;ENSMUSG00000034107;ENSMUSG00000009246;ENSMUSG00000028255;ENSMUSG00000028207;ENSMUSG00000019970;ENSMUSG00000009292;ENSMUSG00000034714;ENSMUSG00000015133			False	False	True	True
thymus	R-MMU-2980736_PEPTIDE_HORMONE_METABOLISM	0.3297276647964912	5	5	0	0.3297276647964912	5	5	0	0.031235724271412402	5.0	5.0	0.0	0.031235724271412402	5.0	5.0	0.0	1.2329207025420448	0.22792607802874743	0.3303773339174293	ENSMUSG00000023913;ENSMUSG00000056973;ENSMUSG00000022225;ENSMUSG00000020053;ENSMUSG00000024517;ENSMUSG00000016256;ENSMUSG00000023439;ENSMUSG00000001865;ENSMUSG00000000394;ENSMUSG00000020681;ENSMUSG00000007891;ENSMUSG00000025739			False	False	True	True
thymus	R-MMU-2990846_SUMOYLATION	-0.006573335241014916	5	3	2	-0.006573335241014916	5	3	2	-0.05409732885569864	5.0	0.0	5.0	-0.05409732885569864	5.0	0.0	5.0	-2.408036453769689	0.0	0.0	ENSMUSG00000020914;ENSMUSG00000020897;ENSMUSG00000064288;ENSMUSG00000028873;ENSMUSG00000017146;ENSMUSG00000069274;ENSMUSG00000069305;ENSMUSG00000061482;ENSMUSG00000030528;ENSMUSG00000069266;ENSMUSG00000069306;ENSMUSG00000027342;ENSMUSG00000024660;ENSMUSG00000004099;ENSMUSG00000030750;ENSMUSG00000060981;ENSMUSG00000023927			False	False	True	True
thymus	R-MMU-3000171_NON_INTEGRIN_MEMBRANE_ECM_INTERACTIONS	0.20710042446666677	5	5	0	0.20710042446666677	5	5	0	0.04151307213846726	5.0	5.0	0.0	0.04151307213846726	5.0	5.0	0.0	1.7384755448509819	0.004424778761061947	0.036921455783415734	ENSMUSG00000035783;ENSMUSG00000060429;ENSMUSG00000004098;ENSMUSG00000026674;ENSMUSG00000031502;ENSMUSG00000031503;ENSMUSG00000026193;ENSMUSG00000020592;ENSMUSG00000041936;ENSMUSG00000017009;ENSMUSG00000031972;ENSMUSG00000026837;ENSMUSG00000019846;ENSMUSG00000026042;ENSMUSG00000025743			False	False	True	True
thymus	R-MMU-3108232_SUMO_E3_LIGASES_SUMOYLATE_TARGET_PROTEINS	0.010302148370963157	5	3	2	0.010302148370963157	5	3	2	-0.05409732885569864	5.0	0.0	5.0	-0.05409732885569864	5.0	0.0	5.0	-2.408036453769689	0.0	0.0	ENSMUSG00000020914;ENSMUSG00000020897;ENSMUSG00000064288;ENSMUSG00000028873;ENSMUSG00000017146;ENSMUSG00000069274;ENSMUSG00000069305;ENSMUSG00000061482;ENSMUSG00000030528;ENSMUSG00000069266;ENSMUSG00000069306;ENSMUSG00000027342;ENSMUSG00000024660;ENSMUSG00000004099;ENSMUSG00000030750;ENSMUSG00000060981;ENSMUSG00000023927			False	False	False	False
thymus	R-MMU-3214842_HDMS_DEMETHYLATE_HISTONES	0.0005480115657719297	5	3	2	0.0005480115657719297	5	3	2	-0.0787697248445153	5.0	0.0	5.0	-0.0787697248445153	5.0	0.0	5.0	-2.6000692735514184	0.0	0.0	ENSMUSG00000069310;ENSMUSG00000069267;ENSMUSG00000074403;ENSMUSG00000101355;ENSMUSG00000064288;ENSMUSG00000101972;ENSMUSG00000099517;ENSMUSG00000069274;ENSMUSG00000069305;ENSMUSG00000061482;ENSMUSG00000069266;ENSMUSG00000069273;ENSMUSG00000069306;ENSMUSG00000093769;ENSMUSG00000081058			False	False	False	False
thymus	R-MMU-3214847_HATS_ACETYLATE_HISTONES	-0.0013148532088771898	5	2	3	-0.0013148532088771904	5	2	3	-0.1210853378423525	5.0	0.0	5.0	-0.1210853378423525	5.0	0.0	5.0	-2.9468833799130874	0.0	0.0	ENSMUSG00000069310;ENSMUSG00000069267;ENSMUSG00000062727;ENSMUSG00000114279;ENSMUSG00000074403;ENSMUSG00000069300;ENSMUSG00000075031;ENSMUSG00000105827;ENSMUSG00000101355;ENSMUSG00000064288;ENSMUSG00000101972;ENSMUSG00000095217;ENSMUSG00000099517;ENSMUSG00000058385;ENSMUSG00000094338;ENSMUSG00000056895;ENSMUSG00000069274;ENSMUSG00000069305;ENSMUSG00000061482;ENSMUSG00000069266;ENSMUSG00000069273;ENSMUSG00000069306;ENSMUSG00000093769;ENSMUSG00000081058;ENSMUSG00000069303			False	False	True	True
thymus	R-MMU-3214858_RMTS_METHYLATE_HISTONE_ARGININES	-0.00010159745292982435	5	3	2	-0.00010159745292982435	5	3	2	-0.10701646960126172	5.0	0.0	5.0	-0.10701646960126172	5.0	0.0	5.0	-3.0605648773196203	0.0	0.0	ENSMUSG00000069301;ENSMUSG00000069310;ENSMUSG00000069267;ENSMUSG00000069302;ENSMUSG00000061615;ENSMUSG00000074403;ENSMUSG00000094777;ENSMUSG00000069309;ENSMUSG00000071478;ENSMUSG00000064220;ENSMUSG00000069272;ENSMUSG00000101355;ENSMUSG00000064288;ENSMUSG00000101972;ENSMUSG00000099517;ENSMUSG00000071516;ENSMUSG00000061991;ENSMUSG00000069274;ENSMUSG00000069305;ENSMUSG00000061482;ENSMUSG00000069266;ENSMUSG00000069273;ENSMUSG00000069306;ENSMUSG00000093769;ENSMUSG00000094248;ENSMUSG00000078851;ENSMUSG00000081058			False	False	True	True
thymus	R-MMU-3247509_CHROMATIN_MODIFYING_ENZYMES	-0.881874070357193	5	0	5	-0.881874070357193	5	0	5	-0.08388554141410869	5.0	0.0	5.0	-0.08388554141410869	5.0	0.0	5.0	-3.2769422478214074	0.0	0.0	ENSMUSG00000069301;ENSMUSG00000069310;ENSMUSG00000069267;ENSMUSG00000062727;ENSMUSG00000114279;ENSMUSG00000069302;ENSMUSG00000061615;ENSMUSG00000074403;ENSMUSG00000094777;ENSMUSG00000069309;ENSMUSG00000069300;ENSMUSG00000071478;ENSMUSG00000075031;ENSMUSG00000064220;ENSMUSG00000069272;ENSMUSG00000105827;ENSMUSG00000101355;ENSMUSG00000064288;ENSMUSG00000101972;ENSMUSG00000095217;ENSMUSG00000099517;ENSMUSG00000058385;ENSMUSG00000071516;ENSMUSG00000094338;ENSMUSG00000056895;ENSMUSG00000061991;ENSMUSG00000069274;ENSMUSG00000069305;ENSMUSG00000061482;ENSMUSG00000069266;ENSMUSG00000069273;ENSMUSG00000069306;ENSMUSG00000057406;ENSMUSG00000029687;ENSMUSG00000093769;ENSMUSG00000094248;ENSMUSG00000078851;ENSMUSG00000081058;ENSMUSG00000069303			False	False	True	True
thymus	R-MMU-3700989_TRANSCRIPTIONAL_REGULATION_BY_TP53	-0.003920854970000003	5	3	2	-0.003920854970000003	5	3	2	-0.06496345543532138	5.0	0.0	5.0	-0.06496345543532138	5.0	0.0	5.0	-2.5613994369335664	0.0	0.0	ENSMUSG00000027715;ENSMUSG00000019942;ENSMUSG00000041431;ENSMUSG00000044201;ENSMUSG00000020897;ENSMUSG00000020185;ENSMUSG00000027469;ENSMUSG00000028212;ENSMUSG00000027496;ENSMUSG00000046179;ENSMUSG00000039748;ENSMUSG00000017146;ENSMUSG00000032113;ENSMUSG00000030528;ENSMUSG00000034329;ENSMUSG00000002068;ENSMUSG00000027342;ENSMUSG00000036875;ENSMUSG00000025507			False	False	True	True
thymus	R-MMU-372790_SIGNALING_BY_GPCR	0.3611514744842105	5	5	0	0.3611514744842105	5	5	0	0.015513221388470066	5.0	5.0	0.0	0.015513221388470066	5.0	5.0	0.0	1.4850165646541682	0.0	0.12490461829148651	ENSMUSG00000059077;ENSMUSG00000051079;ENSMUSG00000110195;ENSMUSG00000026874;ENSMUSG00000029417;ENSMUSG00000001240;ENSMUSG00000023078;ENSMUSG00000019890;ENSMUSG00000071005;ENSMUSG00000038530;ENSMUSG00000032875;ENSMUSG00000040016;ENSMUSG00000047880;ENSMUSG00000018927;ENSMUSG00000026678;ENSMUSG00000033174;ENSMUSG00000022892;ENSMUSG00000026399;ENSMUSG00000031932;ENSMUSG00000019122;ENSMUSG00000061462;ENSMUSG00000024659;ENSMUSG00000032177;ENSMUSG00000024164;ENSMUSG00000059495;ENSMUSG00000038665;ENSMUSG00000026193;ENSMUSG00000030790;ENSMUSG00000045092;ENSMUSG00000026357;ENSMUSG00000020122;ENSMUSG00000032528;ENSMUSG00000026475;ENSMUSG00000045573;ENSMUSG00000021708;ENSMUSG00000022788;ENSMUSG00000024517;ENSMUSG00000020676;ENSMUSG00000062393;ENSMUSG00000002233;ENSMUSG00000056220;ENSMUSG00000029379;ENSMUSG00000094686;ENSMUSG00000050232;ENSMUSG00000052336;ENSMUSG00000041681;ENSMUSG00000043953;ENSMUSG00000018500;ENSMUSG00000026166;ENSMUSG00000022122;ENSMUSG00000027249;ENSMUSG00000026358;ENSMUSG00000034731;ENSMUSG00000042249;ENSMUSG00000029373;ENSMUSG00000039943;ENSMUSG00000049608;ENSMUSG00000045232;ENSMUSG00000031442;ENSMUSG00000041046;ENSMUSG00000037944;ENSMUSG00000024697;ENSMUSG00000052821;ENSMUSG00000026573;ENSMUSG00000035042;ENSMUSG00000050350;ENSMUSG00000027646;ENSMUSG00000023439;ENSMUSG00000049130;ENSMUSG00000054364;ENSMUSG00000063239;ENSMUSG00000030669;ENSMUSG00000018920;ENSMUSG00000079355;ENSMUSG00000058427			False	False	True	True
thymus	R-MMU-373076_CLASS_A_1_RHODOPSIN_LIKE_RECEPTORS	0.06292022354110526	5	3	2	0.06292022354110526	5	3	2	0.017889687429497265	5.0	5.0	0.0	0.017889687429497265	5.0	5.0	0.0	1.4234591998935533	0.020710059171597635	0.15213006171910282	ENSMUSG00000026874;ENSMUSG00000029417;ENSMUSG00000023078;ENSMUSG00000019890;ENSMUSG00000071005;ENSMUSG00000040016;ENSMUSG00000047880;ENSMUSG00000018927;ENSMUSG00000022892;ENSMUSG00000019122;ENSMUSG00000024659;ENSMUSG00000024164;ENSMUSG00000045092;ENSMUSG00000045573;ENSMUSG00000024517;ENSMUSG00000020676;ENSMUSG00000029379;ENSMUSG00000094686;ENSMUSG00000050232;ENSMUSG00000052336;ENSMUSG00000043953;ENSMUSG00000018500;ENSMUSG00000026166;ENSMUSG00000022122;ENSMUSG00000027249;ENSMUSG00000029373;ENSMUSG00000049608;ENSMUSG00000045232;ENSMUSG00000037944;ENSMUSG00000052821;ENSMUSG00000026573;ENSMUSG00000035042;ENSMUSG00000050350;ENSMUSG00000049130;ENSMUSG00000018920;ENSMUSG00000079355;ENSMUSG00000058427;ENSMUSG00000044337;ENSMUSG00000031778;ENSMUSG00000048376;ENSMUSG00000036353;ENSMUSG00000040899;ENSMUSG00000000982;ENSMUSG00000021886;ENSMUSG00000044052;ENSMUSG00000018930			False	False	True	True
thymus	R-MMU-375165_NCAM_SIGNALING_FOR_NEURITE_OUT_GROWTH	-0.007968392704643858	5	2	3	-0.007968392704643858	5	2	3	0.03914494429314404	5.0	4.0	1.0	0.03914494429314404	5.0	4.0	1.0	1.5222783268178552	0.030927835051546393	0.10579159790842395	ENSMUSG00000074899;ENSMUSG00000004098;ENSMUSG00000031502;ENSMUSG00000031503;ENSMUSG00000048126;ENSMUSG00000001119;ENSMUSG00000026837;ENSMUSG00000026042			False	False	False	False
thymus	R-MMU-375276_PEPTIDE_LIGAND_BINDING_RECEPTORS	0.0393525242290526	5	2	3	0.0393525242290526	5	2	3	0.02734122890183267	5.0	5.0	0.0	0.02734122890183267	5.0	5.0	0.0	1.686648673390642	0.0	0.04537106728887551	ENSMUSG00000026874;ENSMUSG00000029417;ENSMUSG00000023078;ENSMUSG00000019890;ENSMUSG00000071005;ENSMUSG00000047880;ENSMUSG00000018927;ENSMUSG00000022892;ENSMUSG00000019122;ENSMUSG00000024659;ENSMUSG00000024164;ENSMUSG00000045573;ENSMUSG00000024517;ENSMUSG00000020676;ENSMUSG00000029379;ENSMUSG00000094686;ENSMUSG00000050232;ENSMUSG00000052336;ENSMUSG00000043953;ENSMUSG00000026166;ENSMUSG00000022122;ENSMUSG00000027249;ENSMUSG00000029373;ENSMUSG00000045232;ENSMUSG00000037944;ENSMUSG00000026573;ENSMUSG00000035042;ENSMUSG00000049130;ENSMUSG00000018920;ENSMUSG00000079355;ENSMUSG00000058427;ENSMUSG00000044337;ENSMUSG00000031778;ENSMUSG00000048376;ENSMUSG00000040899;ENSMUSG00000000982;ENSMUSG00000044052;ENSMUSG00000018930			False	False	True	True
thymus	R-MMU-380108_CHEMOKINE_RECEPTORS_BIND_CHEMOKINES	-0.13592391386666672	5	1	4	-0.13592391386666672	5	1	4	0.02318349532255285	5.0	5.0	0.0	0.02318349532255285	5.0	5.0	0.0	1.438622216719371	0.03816793893129771	0.15187038988408852	ENSMUSG00000029417;ENSMUSG00000023078;ENSMUSG00000071005;ENSMUSG00000047880;ENSMUSG00000020676;ENSMUSG00000029379;ENSMUSG00000094686;ENSMUSG00000050232;ENSMUSG00000052336;ENSMUSG00000043953;ENSMUSG00000026166;ENSMUSG00000029373;ENSMUSG00000037944;ENSMUSG00000026573;ENSMUSG00000035042;ENSMUSG00000018920;ENSMUSG00000079355;ENSMUSG00000058427;ENSMUSG00000044337;ENSMUSG00000031778;ENSMUSG00000040899;ENSMUSG00000000982;ENSMUSG00000044052;ENSMUSG00000018930			False	False	False	False
thymus	R-MMU-380320_RECRUITMENT_OF_NUMA_TO_MITOTIC_CENTROSOMES	0.002842615577789474	5	3	2	0.002842615577789474	5	3	2	-0.07548423264918533	5.0	0.0	5.0	-0.07548423264918533	5.0	0.0	5.0	-2.2249553374335913	0.0	2.2706398522288706e-05	ENSMUSG00000019942;ENSMUSG00000026622;ENSMUSG00000030867;ENSMUSG00000025758;ENSMUSG00000023004;ENSMUSG00000045136;ENSMUSG00000043091;ENSMUSG00000063810;ENSMUSG00000058672;ENSMUSG00000036752;ENSMUSG00000062380			False	False	False	False
thymus	R-MMU-381426_REGULATION_OF_INSULIN_LIKE_GROWTH_FACTOR_IGF_TRANSPORT_AND_UPTAKE_BY_INSULIN_LIKE_GROWTH_FACTOR_BINDING_PROTEINS_IGFBPS	0.18379596324385977	5	4	1	0.18379596324385977	5	4	1	0.0472090468697379	5.0	5.0	0.0	0.04720904686973789	5.0	5.0	0.0	2.4303324982575027	0.0	0.0	ENSMUSG00000063011;ENSMUSG00000073418;ENSMUSG00000003617;ENSMUSG00000091694;ENSMUSG00000002985;ENSMUSG00000024304;ENSMUSG00000026185;ENSMUSG00000032554;ENSMUSG00000027204;ENSMUSG00000026579;ENSMUSG00000001870;ENSMUSG00000036256;ENSMUSG00000029309;ENSMUSG00000057346;ENSMUSG00000022892;ENSMUSG00000025509;ENSMUSG00000055653;ENSMUSG00000025854;ENSMUSG00000024164;ENSMUSG00000029368;ENSMUSG00000026193;ENSMUSG00000039405;ENSMUSG00000017493;ENSMUSG00000024736;ENSMUSG00000021556;ENSMUSG00000045573;ENSMUSG00000020427;ENSMUSG00000044309;ENSMUSG00000020053;ENSMUSG00000050711;ENSMUSG00000029070;ENSMUSG00000023046;ENSMUSG00000028195;ENSMUSG00000031996;ENSMUSG00000030605;ENSMUSG00000039323;ENSMUSG00000032083			False	False	True	True
thymus	R-MMU-382551_TRANSPORT_OF_SMALL_MOLECULES	0.4523729386315788	5	5	0	0.4523729386315788	5	5	0	0.02090597862682498	5.0	5.0	0.0	0.02090597862682498	5.0	5.0	0.0	1.77718332455301	0.0	0.03122904492767506	ENSMUSG00000022548;ENSMUSG00000002992;ENSMUSG00000031075;ENSMUSG00000040564;ENSMUSG00000028435;ENSMUSG00000063354;ENSMUSG00000024924;ENSMUSG00000003617;ENSMUSG00000007097;ENSMUSG00000015568;ENSMUSG00000034107;ENSMUSG00000042268;ENSMUSG00000000805;ENSMUSG00000066705;ENSMUSG00000002985;ENSMUSG00000006576;ENSMUSG00000009246;ENSMUSG00000052305;ENSMUSG00000032554;ENSMUSG00000012428;ENSMUSG00000022265;ENSMUSG00000030302;ENSMUSG00000028255;ENSMUSG00000002289;ENSMUSG00000069919;ENSMUSG00000032080;ENSMUSG00000004655;ENSMUSG00000018566;ENSMUSG00000028207;ENSMUSG00000024411;ENSMUSG00000036814;ENSMUSG00000052026;ENSMUSG00000029368;ENSMUSG00000057092;ENSMUSG00000033965;ENSMUSG00000057897;ENSMUSG00000015243;ENSMUSG00000006574;ENSMUSG00000068323;ENSMUSG00000029188;ENSMUSG00000038583;ENSMUSG00000032207;ENSMUSG00000030513;ENSMUSG00000010122;ENSMUSG00000026389;ENSMUSG00000028238;ENSMUSG00000041771;ENSMUSG00000060961;ENSMUSG00000019970;ENSMUSG00000073940;ENSMUSG00000005360;ENSMUSG00000024597;ENSMUSG00000009292;ENSMUSG00000063873;ENSMUSG00000032083;ENSMUSG00000034714;ENSMUSG00000024737;ENSMUSG00000015133;ENSMUSG00000020865;ENSMUSG00000021983			False	False	True	True
thymus	R-MMU-383280_NUCLEAR_RECEPTOR_TRANSCRIPTION_PATHWAY	0.11680323075418948	5	4	1	0.11680323075418948	5	4	1	0.015914981146652813	5.0	4.0	1.0	0.015914981146652813	5.0	4.0	1.0	0.8077212883218129	0.7199170124481328	0.9272250998085456	ENSMUSG00000031618;ENSMUSG00000017950;ENSMUSG00000020889;ENSMUSG00000032238;ENSMUSG00000046532;ENSMUSG00000022479;ENSMUSG00000015846;ENSMUSG00000019768;ENSMUSG00000001288;ENSMUSG00000021775			False	False	True	True
thymus	R-MMU-388396_GPCR_DOWNSTREAM_SIGNALLING	-0.14263905510526328	5	1	4	-0.14263905510526328	5	1	4	0.01508684580130637	5.0	4.0	1.0	0.01508684580130637	5.0	4.0	1.0	1.4796167305415282	0.0036900369003690036	0.12564102564102564	ENSMUSG00000059077;ENSMUSG00000051079;ENSMUSG00000110195;ENSMUSG00000026874;ENSMUSG00000029417;ENSMUSG00000001240;ENSMUSG00000023078;ENSMUSG00000019890;ENSMUSG00000071005;ENSMUSG00000038530;ENSMUSG00000032875;ENSMUSG00000040016;ENSMUSG00000047880;ENSMUSG00000018927;ENSMUSG00000026678;ENSMUSG00000033174;ENSMUSG00000022892;ENSMUSG00000031932;ENSMUSG00000019122;ENSMUSG00000061462;ENSMUSG00000024659;ENSMUSG00000032177;ENSMUSG00000024164;ENSMUSG00000059495;ENSMUSG00000038665;ENSMUSG00000026193;ENSMUSG00000030790;ENSMUSG00000026357;ENSMUSG00000020122;ENSMUSG00000032528;ENSMUSG00000026475;ENSMUSG00000045573;ENSMUSG00000021708;ENSMUSG00000022788;ENSMUSG00000024517;ENSMUSG00000020676;ENSMUSG00000062393;ENSMUSG00000002233;ENSMUSG00000056220;ENSMUSG00000029379;ENSMUSG00000094686;ENSMUSG00000050232;ENSMUSG00000052336;ENSMUSG00000041681;ENSMUSG00000018500;ENSMUSG00000026166;ENSMUSG00000022122;ENSMUSG00000027249;ENSMUSG00000026358;ENSMUSG00000034731;ENSMUSG00000042249;ENSMUSG00000029373;ENSMUSG00000039943;ENSMUSG00000049608;ENSMUSG00000045232;ENSMUSG00000031442;ENSMUSG00000041046;ENSMUSG00000037944;ENSMUSG00000024697;ENSMUSG00000052821;ENSMUSG00000026573;ENSMUSG00000035042;ENSMUSG00000050350;ENSMUSG00000027646;ENSMUSG00000023439;ENSMUSG00000049130;ENSMUSG00000054364;ENSMUSG00000063239;ENSMUSG00000030669;ENSMUSG00000018920			False	False	False	False
thymus	R-MMU-388841_REGULATION_OF_T_CELL_ACTIVATION_BY_CD28_FAMILY	-0.11004004111052645	5	2	3	-0.11004004111052645	5	2	3	-0.06941327081720776	5.0	0.0	5.0	-0.06941327081720776	5.0	0.0	5.0	-3.1952916507957605	0.0	0.0	ENSMUSG00000069301;ENSMUSG00000069310;ENSMUSG00000069267;ENSMUSG00000062727;ENSMUSG00000069302;ENSMUSG00000061615;ENSMUSG00000074403;ENSMUSG00000094777;ENSMUSG00000069309;ENSMUSG00000069300;ENSMUSG00000071478;ENSMUSG00000075031;ENSMUSG00000026622;ENSMUSG00000064220;ENSMUSG00000069272;ENSMUSG00000105827;ENSMUSG00000101355;ENSMUSG00000064288;ENSMUSG00000101972;ENSMUSG00000095217;ENSMUSG00000099517;ENSMUSG00000058385;ENSMUSG00000049932;ENSMUSG00000071516;ENSMUSG00000094338;ENSMUSG00000056895;ENSMUSG00000061991;ENSMUSG00000069274;ENSMUSG00000069305;ENSMUSG00000061482;ENSMUSG00000069266;ENSMUSG00000069273;ENSMUSG00000069306;ENSMUSG00000029687;ENSMUSG00000093769;ENSMUSG00000094248;ENSMUSG00000081058;ENSMUSG00000076490;ENSMUSG00000076498;ENSMUSG00000069303;ENSMUSG00000076473;ENSMUSG00000032094;ENSMUSG00000000409;ENSMUSG00000060981;ENSMUSG00000023274;ENSMUSG00000005763;ENSMUSG00000002033;ENSMUSG00000042351;ENSMUSG00000026012;ENSMUSG00000018102;ENSMUSG00000063954			False	False	True	True
thymus	R-MMU-389948_CO_INHIBITION_BY_PD_1	0.027969306897192975	5	3	2	0.027969306897192975	5	3	2	-0.08573537846064501	5.0	0.0	5.0	-0.08573537846064501	5.0	0.0	5.0	-3.2827022344321133	0.0	0.0	ENSMUSG00000069301;ENSMUSG00000069310;ENSMUSG00000069267;ENSMUSG00000062727;ENSMUSG00000069302;ENSMUSG00000061615;ENSMUSG00000074403;ENSMUSG00000094777;ENSMUSG00000069309;ENSMUSG00000069300;ENSMUSG00000071478;ENSMUSG00000075031;ENSMUSG00000026622;ENSMUSG00000064220;ENSMUSG00000069272;ENSMUSG00000105827;ENSMUSG00000101355;ENSMUSG00000064288;ENSMUSG00000101972;ENSMUSG00000095217;ENSMUSG00000099517;ENSMUSG00000058385;ENSMUSG00000049932;ENSMUSG00000071516;ENSMUSG00000094338;ENSMUSG00000056895;ENSMUSG00000061991;ENSMUSG00000069274;ENSMUSG00000069305;ENSMUSG00000061482;ENSMUSG00000069266;ENSMUSG00000069273;ENSMUSG00000069306;ENSMUSG00000029687;ENSMUSG00000093769;ENSMUSG00000094248;ENSMUSG00000081058;ENSMUSG00000076490;ENSMUSG00000076498;ENSMUSG00000069303;ENSMUSG00000076473;ENSMUSG00000032094;ENSMUSG00000000409;ENSMUSG00000060981;ENSMUSG00000023274;ENSMUSG00000005763;ENSMUSG00000002033			False	False	False	False
thymus	R-MMU-392499_METABOLISM_OF_PROTEINS	-0.36351026859649094	5	0	5	-0.36351026859649094	5	0	5	-0.008766314394140037	5.0	1.0	4.0	-0.008766314394140037	5.0	1.0	4.0	-1.5372533972575249	0.0	0.04316075214422482	ENSMUSG00000069301;ENSMUSG00000062727;ENSMUSG00000027715;ENSMUSG00000069302;ENSMUSG00000061615;ENSMUSG00000019942;ENSMUSG00000094777;ENSMUSG00000069309;ENSMUSG00000069300;ENSMUSG00000071478;ENSMUSG00000075031;ENSMUSG00000020914;ENSMUSG00000064220;ENSMUSG00000069272;ENSMUSG00000072082;ENSMUSG00000105827;ENSMUSG00000020897;ENSMUSG00000006398;ENSMUSG00000064288;ENSMUSG00000001403;ENSMUSG00000095217;ENSMUSG00000028873;ENSMUSG00000058385;ENSMUSG00000042489;ENSMUSG00000071516;ENSMUSG00000017146;ENSMUSG00000094338;ENSMUSG00000061991;ENSMUSG00000069274;ENSMUSG00000069305;ENSMUSG00000061482;ENSMUSG00000030528;ENSMUSG00000069266;ENSMUSG00000069306;ENSMUSG00000037474;ENSMUSG00000079685;ENSMUSG00000027342;ENSMUSG00000024660;ENSMUSG00000072423;ENSMUSG00000023004;ENSMUSG00000036412;ENSMUSG00000004099;ENSMUSG00000094248;ENSMUSG00000078851;ENSMUSG00000045136;ENSMUSG00000051650;ENSMUSG00000043091;ENSMUSG00000060377;ENSMUSG00000069303;ENSMUSG00000044678;ENSMUSG00000034634;ENSMUSG00000058672;ENSMUSG00000032011;ENSMUSG00000030750;ENSMUSG00000036752;ENSMUSG00000060981			False	False	True	True
thymus	R-MMU-397014_MUSCLE_CONTRACTION	0.3850010369807017	5	5	0	0.3850010369807017	5	5	0	0.03155683839279148	5.0	5.0	0.0	0.03155683839279148	5.0	5.0	0.0	1.9565683636175746	0.0	0.0055321390937829295	ENSMUSG00000007097;ENSMUSG00000026950;ENSMUSG00000022836;ENSMUSG00000066705;ENSMUSG00000026414;ENSMUSG00000056973;ENSMUSG00000035783;ENSMUSG00000002100;ENSMUSG00000029361;ENSMUSG00000026208;ENSMUSG00000030302;ENSMUSG00000029761;ENSMUSG00000028207;ENSMUSG00000061816;ENSMUSG00000057092;ENSMUSG00000057897;ENSMUSG00000033910;ENSMUSG00000038583;ENSMUSG00000022091;ENSMUSG00000027931;ENSMUSG00000067818;ENSMUSG00000042284;ENSMUSG00000028464;ENSMUSG00000017300;ENSMUSG00000030409;ENSMUSG00000051331			False	False	True	True
thymus	R-MMU-416476_G_ALPHA_Q_SIGNALLING_EVENTS	0.10058813595438601	5	4	1	0.10058813595438601	5	4	1	0.015227977500667358	5.0	4.0	1.0	0.015227977500667358	5.0	4.0	1.0	1.301153444792248	0.09375	0.2557505975481251	ENSMUSG00000051079;ENSMUSG00000019890;ENSMUSG00000038530;ENSMUSG00000018927;ENSMUSG00000026678;ENSMUSG00000033174;ENSMUSG00000022892;ENSMUSG00000019122;ENSMUSG00000024659;ENSMUSG00000038665;ENSMUSG00000026357;ENSMUSG00000020122;ENSMUSG00000026475;ENSMUSG00000024517;ENSMUSG00000062393;ENSMUSG00000022122;ENSMUSG00000027249;ENSMUSG00000026358;ENSMUSG00000034731;ENSMUSG00000039943;ENSMUSG00000024697;ENSMUSG00000052821;ENSMUSG00000026573			False	False	True	True
thymus	R-MMU-416482_G_ALPHA_12_13_SIGNALLING_EVENTS	-0.05445649104	5	2	3	-0.05445649104000001	5	2	3	0.01206939499563538	5.0	5.0	0.0	0.01206939499563538	5.0	5.0	0.0	0.5742006728031983	0.9887892376681614	1.0	ENSMUSG00000032875;ENSMUSG00000061462;ENSMUSG00000059495;ENSMUSG00000021708;ENSMUSG00000022788;ENSMUSG00000002233;ENSMUSG00000031442;ENSMUSG00000023439;ENSMUSG00000054364;ENSMUSG00000071176;ENSMUSG00000043004;ENSMUSG00000022263;ENSMUSG00000024013;ENSMUSG00000025739;ENSMUSG00000027669;ENSMUSG00000039713;ENSMUSG00000021895			False	False	False	False
thymus	R-MMU-418555_G_ALPHA_S_SIGNALLING_EVENTS	-0.0012701099707017826	5	3	2	-0.0012701099707017826	5	3	2	0.016224175872669437	5.0	4.0	1.0	0.016224175872669437	5.0	4.0	1.0	1.4238385664116298	0.05921052631578947	0.15383088224064997	ENSMUSG00000059077;ENSMUSG00000110195;ENSMUSG00000001240;ENSMUSG00000031932;ENSMUSG00000032177;ENSMUSG00000026193;ENSMUSG00000030790;ENSMUSG00000032528;ENSMUSG00000041681;ENSMUSG00000018500;ENSMUSG00000042249;ENSMUSG00000045232;ENSMUSG00000041046;ENSMUSG00000023439;ENSMUSG00000030669			False	False	False	False
thymus	R-MMU-418594_G_ALPHA_I_SIGNALLING_EVENTS	0.33078348677543856	5	5	0	0.3307834867754386	5	5	0	0.02202312637545791	5.0	5.0	0.0	0.02202312637545791	5.0	5.0	0.0	1.6068753968065914	0.003257328990228013	0.06654958435780353	ENSMUSG00000051079;ENSMUSG00000026874;ENSMUSG00000029417;ENSMUSG00000023078;ENSMUSG00000071005;ENSMUSG00000038530;ENSMUSG00000040016;ENSMUSG00000047880;ENSMUSG00000018927;ENSMUSG00000026678;ENSMUSG00000022892;ENSMUSG00000019122;ENSMUSG00000024659;ENSMUSG00000032177;ENSMUSG00000024164;ENSMUSG00000026357;ENSMUSG00000026475;ENSMUSG00000045573;ENSMUSG00000020676;ENSMUSG00000056220;ENSMUSG00000029379;ENSMUSG00000094686;ENSMUSG00000050232;ENSMUSG00000052336;ENSMUSG00000026166;ENSMUSG00000026358;ENSMUSG00000029373;ENSMUSG00000039943;ENSMUSG00000049608;ENSMUSG00000045232;ENSMUSG00000037944;ENSMUSG00000024697;ENSMUSG00000035042;ENSMUSG00000050350;ENSMUSG00000027646;ENSMUSG00000023439;ENSMUSG00000049130;ENSMUSG00000063239;ENSMUSG00000018920;ENSMUSG00000058427;ENSMUSG00000044337;ENSMUSG00000031778			False	False	True	True
thymus	R-MMU-418990_ADHERENS_JUNCTIONS_INTERACTIONS	0.03609394713929824	5	4	1	0.03609394713929824	5	4	1	-0.05088750715115102	5.0	0.0	5.0	-0.05088750715115102	5.0	0.0	5.0	-2.957055841668773	0.0	0.0	ENSMUSG00000069301;ENSMUSG00000069310;ENSMUSG00000069267;ENSMUSG00000062727;ENSMUSG00000069302;ENSMUSG00000061615;ENSMUSG00000074403;ENSMUSG00000094777;ENSMUSG00000069309;ENSMUSG00000069300;ENSMUSG00000071478;ENSMUSG00000075031;ENSMUSG00000064220;ENSMUSG00000069272;ENSMUSG00000105827;ENSMUSG00000101355;ENSMUSG00000064288;ENSMUSG00000101972;ENSMUSG00000095217;ENSMUSG00000099517;ENSMUSG00000058385;ENSMUSG00000049932;ENSMUSG00000071516;ENSMUSG00000094338;ENSMUSG00000056895;ENSMUSG00000061991;ENSMUSG00000069274;ENSMUSG00000069305;ENSMUSG00000061482;ENSMUSG00000069266;ENSMUSG00000069273;ENSMUSG00000069306;ENSMUSG00000029687;ENSMUSG00000093769;ENSMUSG00000094248;ENSMUSG00000081058;ENSMUSG00000069303			False	False	False	False
thymus	R-MMU-421270_CELL_CELL_JUNCTION_ORGANIZATION	0.257274383517614	5	5	0	0.257274383517614	5	5	0	-0.048730465388277924	5.0	0.0	5.0	-0.048730465388277924	5.0	0.0	5.0	-2.9361324692060626	0.0	0.0	ENSMUSG00000069301;ENSMUSG00000069310;ENSMUSG00000069267;ENSMUSG00000062727;ENSMUSG00000069302;ENSMUSG00000061615;ENSMUSG00000074403;ENSMUSG00000094777;ENSMUSG00000069309;ENSMUSG00000069300;ENSMUSG00000071478;ENSMUSG00000075031;ENSMUSG00000064220;ENSMUSG00000069272;ENSMUSG00000105827;ENSMUSG00000101355;ENSMUSG00000064288;ENSMUSG00000101972;ENSMUSG00000095217;ENSMUSG00000099517;ENSMUSG00000058385;ENSMUSG00000049932;ENSMUSG00000071516;ENSMUSG00000094338;ENSMUSG00000056895;ENSMUSG00000061991;ENSMUSG00000069274;ENSMUSG00000069305;ENSMUSG00000061482;ENSMUSG00000069266;ENSMUSG00000069273;ENSMUSG00000069306;ENSMUSG00000029687;ENSMUSG00000093769;ENSMUSG00000094248;ENSMUSG00000081058;ENSMUSG00000069303			False	False	False	False
thymus	R-MMU-422356_REGULATION_OF_INSULIN_SECRETION	-0.20432193433105264	5	0	5	-0.20432193433105264	5	0	5	0.0006453443846969221	5.0	2.0	3.0	0.0006453443846969221	5.0	2.0	3.0	0.5936258470347919	0.9741379310344828	1.0	ENSMUSG00000002944;ENSMUSG00000049044;ENSMUSG00000015968;ENSMUSG00000051331;ENSMUSG00000040136;ENSMUSG00000024697;ENSMUSG00000023439			False	False	False	False
thymus	R-MMU-422475_AXON_GUIDANCE	-0.22430938871929826	5	0	5	-0.22430938871929826	5	0	5	0.010601631554463508	5.0	4.0	1.0	0.010601631554463508	5.0	4.0	1.0	0.845206776191716	0.7921348314606742	0.8612798840137809	ENSMUSG00000024924;ENSMUSG00000041351;ENSMUSG00000074899;ENSMUSG00000021662;ENSMUSG00000004098;ENSMUSG00000031502;ENSMUSG00000059495;ENSMUSG00000042453;ENSMUSG00000022231;ENSMUSG00000031503;ENSMUSG00000027200;ENSMUSG00000029168;ENSMUSG00000020122;ENSMUSG00000048126;ENSMUSG00000020176;ENSMUSG00000039115;ENSMUSG00000002233;ENSMUSG00000056427;ENSMUSG00000001119;ENSMUSG00000030579;ENSMUSG00000017737;ENSMUSG00000026837;ENSMUSG00000026042;ENSMUSG00000028459;ENSMUSG00000042228;ENSMUSG00000027646;ENSMUSG00000028064;ENSMUSG00000054364			False	False	False	False
thymus	R-MMU-425407_SLC_MEDIATED_TRANSMEMBRANE_TRANSPORT	0.28818352816140347	5	5	0	0.28818352816140347	5	5	0	0.01053030380905295	5.0	4.0	1.0	0.01053030380905295	5.0	4.0	1.0	1.197202544181413	0.19083969465648856	0.3720724701723376	ENSMUSG00000022548;ENSMUSG00000063354;ENSMUSG00000003617;ENSMUSG00000042268;ENSMUSG00000006576;ENSMUSG00000018566;ENSMUSG00000036814;ENSMUSG00000052026;ENSMUSG00000033965;ENSMUSG00000006574;ENSMUSG00000068323;ENSMUSG00000029188;ENSMUSG00000010122;ENSMUSG00000041771;ENSMUSG00000060961;ENSMUSG00000005360;ENSMUSG00000024597;ENSMUSG00000063873;ENSMUSG00000024737			False	False	True	True
thymus	R-MMU-4420097_VEGFA_VEGFR2_PATHWAY	0.009078628178982456	5	4	1	0.009078628178982456	5	4	1	0.019025214741253026	5.0	5.0	0.0	0.019025214741253026	5.0	5.0	0.0	1.0126527145676267	0.41531322505800466	0.582041246424808	ENSMUSG00000062960;ENSMUSG00000007655;ENSMUSG00000015950;ENSMUSG00000004951;ENSMUSG00000032715;ENSMUSG00000015340;ENSMUSG00000004864;ENSMUSG00000027646;ENSMUSG00000023951;ENSMUSG00000002602;ENSMUSG00000030447;ENSMUSG00000058325;ENSMUSG00000034101;ENSMUSG00000026480;ENSMUSG00000032577;ENSMUSG00000053137;ENSMUSG00000037815			False	False	True	True
thymus	R-MMU-446203_ASPARAGINE_N_LINKED_GLYCOSYLATION	0.4391501264992983	5	5	0	0.4391501264992983	5	5	0	0.0038666710117330138	5.0	4.0	1.0	0.0038666710117330138	5.0	4.0	1.0	-0.7689150182526967	0.7953020134228188	0.86390985747656	ENSMUSG00000023004;ENSMUSG00000045136;ENSMUSG00000043091;ENSMUSG00000058672;ENSMUSG00000036752;ENSMUSG00000030283;ENSMUSG00000062380;ENSMUSG00000036155;ENSMUSG00000068240			False	False	True	False
thymus	R-MMU-446728_CELL_JUNCTION_ORGANIZATION	0.10353052033974348	5	5	0	0.10353052033974348	5	5	0	-0.03921607586254116	5.0	0.0	5.0	-0.03921607586254116	5.0	0.0	5.0	-2.846943128940162	0.0	0.0	ENSMUSG00000069301;ENSMUSG00000069310;ENSMUSG00000069267;ENSMUSG00000062727;ENSMUSG00000069302;ENSMUSG00000061615;ENSMUSG00000074403;ENSMUSG00000094777;ENSMUSG00000069309;ENSMUSG00000069300;ENSMUSG00000071478;ENSMUSG00000075031;ENSMUSG00000064220;ENSMUSG00000069272;ENSMUSG00000105827;ENSMUSG00000101355;ENSMUSG00000064288;ENSMUSG00000101972;ENSMUSG00000095217;ENSMUSG00000099517;ENSMUSG00000058385;ENSMUSG00000049932;ENSMUSG00000071516;ENSMUSG00000094338;ENSMUSG00000056895;ENSMUSG00000061991;ENSMUSG00000069274;ENSMUSG00000069305;ENSMUSG00000061482;ENSMUSG00000069266;ENSMUSG00000069273;ENSMUSG00000069306;ENSMUSG00000029687;ENSMUSG00000093769;ENSMUSG00000094248;ENSMUSG00000081058;ENSMUSG00000069303			False	False	False	False
thymus	R-MMU-448424_INTERLEUKIN_17_SIGNALING	-0.014794217758949124	5	0	5	-0.014794217758949124	5	0	5	0.019448784707501464	5.0	5.0	0.0	0.019448784707501464	5.0	5.0	0.0	0.7875763975090257	0.7286012526096033	0.9171080826868269	ENSMUSG00000060477;ENSMUSG00000003518;ENSMUSG00000052684;ENSMUSG00000038058			False	False	False	False
thymus	R-MMU-449147_SIGNALING_BY_INTERLEUKINS	0.3138840244210527	5	5	0	0.3138840244210527	5	5	0	0.0011874919894293943	5.0	3.0	2.0	0.0011874919894293943	5.0	3.0	2.0	-1.2940561556377943	0.10380116959064327	0.1668598509283447	ENSMUSG00000069310;ENSMUSG00000069267;ENSMUSG00000074403;ENSMUSG00000101355;ENSMUSG00000101972;ENSMUSG00000099517;ENSMUSG00000069273;ENSMUSG00000093769;ENSMUSG00000081058;ENSMUSG00000038037			False	False	True	False
thymus	R-MMU-450294_MAP_KINASE_ACTIVATION	0.0006120195636803508	5	3	2	0.0006120195636803508	5	3	2	0.019448784707501464	5.0	5.0	0.0	0.019448784707501464	5.0	5.0	0.0	0.7875763975090257	0.7286012526096033	0.9171080826868269	ENSMUSG00000060477;ENSMUSG00000003518;ENSMUSG00000052684;ENSMUSG00000038058			False	False	True	True
thymus	R-MMU-451927_INTERLEUKIN_2_FAMILY_SIGNALING	0.005514590390197369	5	3	2	0.005514590390197369	5	3	2	0.010008263148102065	5.0	3.0	2.0	0.010008263148102065	5.0	3.0	2.0	-0.40012783019957787	1.0	0.9992757186927169	ENSMUSG00000000409;ENSMUSG00000030745;ENSMUSG00000031304;ENSMUSG00000059456;ENSMUSG00000041417;ENSMUSG00000026288;ENSMUSG00000024789;ENSMUSG00000039936;ENSMUSG00000028698;ENSMUSG00000021457;ENSMUSG00000020279;ENSMUSG00000026770;ENSMUSG00000068227;ENSMUSG00000027718			False	False	True	False
thymus	R-MMU-453274_MITOTIC_G2_G2_M_PHASES	0.09420380644824562	5	5	0	0.09420380644824561	5	5	0	-0.11399070517469512	5.0	0.0	5.0	-0.11399070517469512	5.0	0.0	5.0	-2.876618263785408	0.0	0.0	ENSMUSG00000027715;ENSMUSG00000019942;ENSMUSG00000041431;ENSMUSG00000032218;ENSMUSG00000026622;ENSMUSG00000044201;ENSMUSG00000023940;ENSMUSG00000020330;ENSMUSG00000027469;ENSMUSG00000030867;ENSMUSG00000027496;ENSMUSG00000047534;ENSMUSG00000046591;ENSMUSG00000001517;ENSMUSG00000022385;ENSMUSG00000025758;ENSMUSG00000027330;ENSMUSG00000023908;ENSMUSG00000023004;ENSMUSG00000045136;ENSMUSG00000043091;ENSMUSG00000063810;ENSMUSG00000031016;ENSMUSG00000058672;ENSMUSG00000044783;ENSMUSG00000036752			False	False	False	False
thymus	R-MMU-453276_REGULATION_OF_MITOTIC_CELL_CYCLE	-0.009323836040707018	5	2	3	-0.009323836040707018	5	2	3	-0.18797002422685147	5.0	0.0	5.0	-0.18797002422685147	5.0	0.0	5.0	-2.6108403640014433	0.0	0.0	ENSMUSG00000027715;ENSMUSG00000019942;ENSMUSG00000041431;ENSMUSG00000026622;ENSMUSG00000040084;ENSMUSG00000020897;ENSMUSG00000006398;ENSMUSG00000001403;ENSMUSG00000030867;ENSMUSG00000027496;ENSMUSG00000019773;ENSMUSG00000029910			False	False	True	True
thymus	R-MMU-453279_MITOTIC_G1_PHASE_AND_G1_S_TRANSITION	-0.011676870156740357	5	3	2	-0.011676870156740357	5	3	2	-0.08369543492943518	5.0	0.0	5.0	-0.08369543492943518	5.0	0.0	5.0	-2.6380023488283584	0.0	0.0	ENSMUSG00000027715;ENSMUSG00000017499;ENSMUSG00000028212;ENSMUSG00000026669;ENSMUSG00000000028;ENSMUSG00000007080;ENSMUSG00000002068;ENSMUSG00000041859;ENSMUSG00000028044;ENSMUSG00000018983;ENSMUSG00000005410;ENSMUSG00000006678;ENSMUSG00000006715;ENSMUSG00000026355;ENSMUSG00000029730;ENSMUSG00000006585;ENSMUSG00000002870;ENSMUSG00000034165;ENSMUSG00000022673;ENSMUSG00000031016;ENSMUSG00000038482			False	False	True	True
thymus	R-MMU-4839726_CHROMATIN_ORGANIZATION	-0.20145324515789453	5	1	4	-0.20145324515789453	5	1	4	-0.07444819519848117	5.0	0.0	5.0	-0.07444819519848117	5.0	0.0	5.0	-3.1816373134368776	0.0	0.0	ENSMUSG00000069301;ENSMUSG00000069310;ENSMUSG00000069267;ENSMUSG00000062727;ENSMUSG00000114279;ENSMUSG00000069302;ENSMUSG00000061615;ENSMUSG00000074403;ENSMUSG00000094777;ENSMUSG00000069309;ENSMUSG00000069300;ENSMUSG00000071478;ENSMUSG00000075031;ENSMUSG00000064220;ENSMUSG00000069272;ENSMUSG00000105827;ENSMUSG00000101355;ENSMUSG00000064288;ENSMUSG00000101972;ENSMUSG00000095217;ENSMUSG00000099517;ENSMUSG00000058385;ENSMUSG00000049932;ENSMUSG00000071516;ENSMUSG00000094338;ENSMUSG00000056895;ENSMUSG00000061991;ENSMUSG00000069274;ENSMUSG00000069305;ENSMUSG00000061482;ENSMUSG00000069266;ENSMUSG00000069273;ENSMUSG00000069306;ENSMUSG00000057406;ENSMUSG00000029687;ENSMUSG00000093769;ENSMUSG00000094248;ENSMUSG00000078851;ENSMUSG00000081058;ENSMUSG00000069303;ENSMUSG00000048251;ENSMUSG00000051149			False	False	True	True
thymus	R-MMU-500792_GPCR_LIGAND_BINDING	-0.025269535070175264	5	3	2	-0.025269535070175264	5	3	2	0.017441207008408646	5.0	5.0	0.0	0.017441207008408646	5.0	5.0	0.0	1.5378596606364072	0.0	0.09915494121779375	ENSMUSG00000059077;ENSMUSG00000026874;ENSMUSG00000029417;ENSMUSG00000001240;ENSMUSG00000023078;ENSMUSG00000019890;ENSMUSG00000071005;ENSMUSG00000040016;ENSMUSG00000047880;ENSMUSG00000018927;ENSMUSG00000022892;ENSMUSG00000026399;ENSMUSG00000019122;ENSMUSG00000024659;ENSMUSG00000024164;ENSMUSG00000030790;ENSMUSG00000045092;ENSMUSG00000032528;ENSMUSG00000045573;ENSMUSG00000024517;ENSMUSG00000020676;ENSMUSG00000029379;ENSMUSG00000094686;ENSMUSG00000050232;ENSMUSG00000052336;ENSMUSG00000041681;ENSMUSG00000043953;ENSMUSG00000018500;ENSMUSG00000026166;ENSMUSG00000022122;ENSMUSG00000027249;ENSMUSG00000029373;ENSMUSG00000049608;ENSMUSG00000045232;ENSMUSG00000041046;ENSMUSG00000037944;ENSMUSG00000052821;ENSMUSG00000026573;ENSMUSG00000035042;ENSMUSG00000050350;ENSMUSG00000023439;ENSMUSG00000049130;ENSMUSG00000063239;ENSMUSG00000030669;ENSMUSG00000018920;ENSMUSG00000079355;ENSMUSG00000058427;ENSMUSG00000044337;ENSMUSG00000031778;ENSMUSG00000048376;ENSMUSG00000004730;ENSMUSG00000036353;ENSMUSG00000000394;ENSMUSG00000040899;ENSMUSG00000000982;ENSMUSG00000021886;ENSMUSG00000044052;ENSMUSG00000043004;ENSMUSG00000018930;ENSMUSG00000048776			False	False	False	False
thymus	R-MMU-512988_INTERLEUKIN_3_INTERLEUKIN_5_AND_GM_CSF_SIGNALING	0.004876799067261403	5	3	2	0.004876799067261402	5	3	2	0.017748381029443306	5.0	4.0	1.0	0.017748381029443306	5.0	4.0	1.0	0.6248378714761841	0.9290322580645162	1.0	ENSMUSG00000032737;ENSMUSG00000071713;ENSMUSG00000042228;ENSMUSG00000003283;ENSMUSG00000068227;ENSMUSG00000026770			False	False	True	True
thymus	R-MMU-5173105_O_LINKED_GLYCOSYLATION	-0.18190173135807014	5	1	4	-0.18190173135807014	5	1	4	0.028705054950047548	5.0	5.0	0.0	0.028705054950047548	5.0	5.0	0.0	1.729691599997347	0.0071090047393364926	0.03657985849766672	ENSMUSG00000066108;ENSMUSG00000109564;ENSMUSG00000118672;ENSMUSG00000042784;ENSMUSG00000037974;ENSMUSG00000040152;ENSMUSG00000023885;ENSMUSG00000038843;ENSMUSG00000022231;ENSMUSG00000118661;ENSMUSG00000038156;ENSMUSG00000001128			False	False	False	False
thymus	R-MMU-5357801_PROGRAMMED_CELL_DEATH	-0.44781356980175424	5	0	5	-0.44781356980175424	5	0	5	-0.011364108376818643	5.0	2.0	3.0	-0.011364108376818643	5.0	2.0	3.0	-1.2904110007148437	0.141156462585034	0.1691177292439755	ENSMUSG00000058773;ENSMUSG00000049539;ENSMUSG00000054717;ENSMUSG00000042489;ENSMUSG00000024590;ENSMUSG00000007659;ENSMUSG00000004446;ENSMUSG00000023927;ENSMUSG00000068240;ENSMUSG00000024778;ENSMUSG00000026778;ENSMUSG00000027381;ENSMUSG00000021270;ENSMUSG00000031112			False	False	True	True
thymus	R-MMU-5358351_SIGNALING_BY_HEDGEHOG	-0.018157174945614023	5	1	4	-0.018157174945614023	5	1	4	-0.02101797561413085	5.0	0.0	5.0	-0.02101797561413085	5.0	0.0	5.0	-1.334651363556813	0.13893967093235832	0.1390028176953464	ENSMUSG00000023004;ENSMUSG00000045136;ENSMUSG00000043091;ENSMUSG00000058672;ENSMUSG00000036752;ENSMUSG00000062380;ENSMUSG00000001761;ENSMUSG00000068240;ENSMUSG00000042156			False	False	True	True
thymus	R-MMU-556833_METABOLISM_OF_LIPIDS	0.04654046491228077	5	4	1	0.04654046491228077	5	4	1	0.01398295464376149	5.0	4.0	1.0	0.01398295464376149	5.0	4.0	1.0	1.3931018728297002	0.01904761904761905	0.1733620104796686	ENSMUSG00000031377;ENSMUSG00000062515;ENSMUSG00000030747;ENSMUSG00000015090;ENSMUSG00000027359;ENSMUSG00000034853;ENSMUSG00000025701;ENSMUSG00000030278;ENSMUSG00000035686;ENSMUSG00000078937;ENSMUSG00000008206;ENSMUSG00000042010;ENSMUSG00000031613;ENSMUSG00000033174;ENSMUSG00000025509;ENSMUSG00000046971;ENSMUSG00000003484;ENSMUSG00000024087;ENSMUSG00000032737;ENSMUSG00000018924;ENSMUSG00000041757;ENSMUSG00000029368;ENSMUSG00000032487;ENSMUSG00000047250;ENSMUSG00000040447;ENSMUSG00000037071;ENSMUSG00000035540;ENSMUSG00000021214;ENSMUSG00000056220;ENSMUSG00000006344;ENSMUSG00000028517;ENSMUSG00000026003;ENSMUSG00000032281;ENSMUSG00000010651;ENSMUSG00000042082;ENSMUSG00000034573;ENSMUSG00000076435;ENSMUSG00000021919;ENSMUSG00000020865;ENSMUSG00000016194;ENSMUSG00000002847;ENSMUSG00000020405;ENSMUSG00000019874;ENSMUSG00000033520;ENSMUSG00000030214;ENSMUSG00000050370;ENSMUSG00000023088;ENSMUSG00000040997;ENSMUSG00000024885;ENSMUSG00000021696;ENSMUSG00000063856;ENSMUSG00000044252;ENSMUSG00000008461;ENSMUSG00000060063			False	False	True	True
thymus	R-MMU-5610787_HEDGEHOG_OFF_STATE	0.007232382968385964	5	3	2	0.007232382968385964	5	3	2	-0.03243206793656518	5.0	0.0	5.0	-0.03243206793656518	5.0	0.0	5.0	-2.0277493912393134	0.0	0.00032041251248118505	ENSMUSG00000023004;ENSMUSG00000045136;ENSMUSG00000043091;ENSMUSG00000058672;ENSMUSG00000036752;ENSMUSG00000062380;ENSMUSG00000001761;ENSMUSG00000068240			False	False	False	False
thymus	R-MMU-5617833_CILIUM_ASSEMBLY	-0.27670884505192983	5	1	4	-0.27670884505192983	5	1	4	-0.06497186070086171	5.0	0.0	5.0	-0.06497186070086171	5.0	0.0	5.0	-2.3513710522334033	0.0	0.0	ENSMUSG00000019942;ENSMUSG00000026622;ENSMUSG00000030867;ENSMUSG00000025758;ENSMUSG00000023004;ENSMUSG00000028523;ENSMUSG00000045136;ENSMUSG00000043091;ENSMUSG00000063810;ENSMUSG00000058672;ENSMUSG00000036752;ENSMUSG00000062380;ENSMUSG00000027778;ENSMUSG00000039298;ENSMUSG00000001761			False	False	True	True
thymus	R-MMU-5621481_C_TYPE_LECTIN_RECEPTORS_CLRS	-0.03147401358771932	5	2	3	-0.03147401358771932	5	2	3	0.009670580971243247	5.0	4.0	1.0	0.009670580971243247	5.0	4.0	1.0	-0.9842652426580352	0.4814159292035398	0.5453878694590457	ENSMUSG00000068240;ENSMUSG00000030774;ENSMUSG00000021025;ENSMUSG00000031494;ENSMUSG00000036526;ENSMUSG00000019843;ENSMUSG00000023349;ENSMUSG00000008348;ENSMUSG00000021457;ENSMUSG00000025225;ENSMUSG00000032688;ENSMUSG00000027544;ENSMUSG00000002983;ENSMUSG00000058715;ENSMUSG00000034330;ENSMUSG00000027398;ENSMUSG00000027646;ENSMUSG00000042228;ENSMUSG00000030142			False	False	False	True
thymus	R-MMU-5653656_VESICLE_MEDIATED_TRANSPORT	0.08664787578456137	5	4	1	0.08664787578456137	5	4	1	-0.0029971063417261884	5.0	1.0	4.0	-0.0029971063417261884	5.0	1.0	4.0	-1.074561697692195	0.31724137931034485	0.40774559390730686	ENSMUSG00000034311;ENSMUSG00000003779;ENSMUSG00000028678;ENSMUSG00000012443;ENSMUSG00000030677;ENSMUSG00000045328;ENSMUSG00000036768;ENSMUSG00000079553;ENSMUSG00000051378;ENSMUSG00000023015;ENSMUSG00000032254;ENSMUSG00000024795;ENSMUSG00000023004;ENSMUSG00000045136;ENSMUSG00000043091;ENSMUSG00000032193;ENSMUSG00000058672;ENSMUSG00000032094;ENSMUSG00000036752;ENSMUSG00000023274;ENSMUSG00000024480;ENSMUSG00000002033;ENSMUSG00000062380			False	False	False	False
thymus	R-MMU-5663220_RHO_GTPASES_ACTIVATE_FORMINS	-0.006171747406361404	5	2	3	-0.006171747406361404	5	2	3	-0.1183604559359029	5.0	0.0	5.0	-0.1183604559359029	5.0	0.0	5.0	-2.9013144013304992	0.0	0.0	ENSMUSG00000028678;ENSMUSG00000023940;ENSMUSG00000040084;ENSMUSG00000074476;ENSMUSG00000024056;ENSMUSG00000020897;ENSMUSG00000026039;ENSMUSG00000006398;ENSMUSG00000029414;ENSMUSG00000005233;ENSMUSG00000030867;ENSMUSG00000027379;ENSMUSG00000026605;ENSMUSG00000045328;ENSMUSG00000026683;ENSMUSG00000028873;ENSMUSG00000022021;ENSMUSG00000029177;ENSMUSG00000068101;ENSMUSG00000029910;ENSMUSG00000024660;ENSMUSG00000023004;ENSMUSG00000045136;ENSMUSG00000043091;ENSMUSG00000058672;ENSMUSG00000036752			False	False	True	True
thymus	R-MMU-5668541_TNFR2_NON_CANONICAL_NF_KB_PATHWAY	-0.1668588294196491	5	0	5	-0.1668588294196491	5	0	5	0.005781423665987811	5.0	3.0	2.0	0.00578142366598781	5.0	3.0	2.0	0.6571337962818481	0.9186046511627907	1.0	ENSMUSG00000028362;ENSMUSG00000063727;ENSMUSG00000026321;ENSMUSG00000029075;ENSMUSG00000017652;ENSMUSG00000026700;ENSMUSG00000002983;ENSMUSG00000028599;ENSMUSG00000019489;ENSMUSG00000025225;ENSMUSG00000024793;ENSMUSG00000028965;ENSMUSG00000032000			False	False	False	False
thymus	R-MMU-5673001_RAF_MAP_KINASE_CASCADE	-0.2798681826407018	5	0	5	-0.2798681826407018	5	0	5	0.00929309977726955	5.0	5.0	0.0	0.00929309977726955	5.0	5.0	0.0	0.626562607608388	0.9839142091152815	1.0	ENSMUSG00000029999;ENSMUSG00000074899;ENSMUSG00000026193;ENSMUSG00000000489;ENSMUSG00000057897;ENSMUSG00000020122;ENSMUSG00000005672;ENSMUSG00000021708;ENSMUSG00000071713;ENSMUSG00000019966;ENSMUSG00000029231;ENSMUSG00000031074;ENSMUSG00000038764;ENSMUSG00000027646;ENSMUSG00000001930;ENSMUSG00000030134;ENSMUSG00000036585;ENSMUSG00000026883;ENSMUSG00000022309;ENSMUSG00000018166;ENSMUSG00000013698			False	False	False	False
thymus	R-MMU-5683057_MAPK_FAMILY_SIGNALING_CASCADES	-0.02089108428947365	5	2	3	-0.02089108428947365	5	2	3	0.0036914322328591848	5.0	4.0	1.0	0.0036914322328591848	5.0	4.0	1.0	-0.5027363346518313	0.9968454258675079	1.0	ENSMUSG00000019942;ENSMUSG00000024617;ENSMUSG00000034165;ENSMUSG00000007659;ENSMUSG00000027347;ENSMUSG00000030742;ENSMUSG00000052142;ENSMUSG00000039384;ENSMUSG00000068240;ENSMUSG00000026778;ENSMUSG00000030589;ENSMUSG00000030774;ENSMUSG00000005483;ENSMUSG00000034765;ENSMUSG00000031304;ENSMUSG00000029580;ENSMUSG00000027368			False	False	False	True
thymus	R-MMU-5684996_MAPK1_MAPK3_SIGNALING	0.2991769475456843	5	5	0	0.2991769475456843	5	5	0	0.005774821996680185	5.0	4.0	1.0	0.005774821996680185	5.0	4.0	1.0	0.4939053667429549	1.0	0.9945019525196802	ENSMUSG00000029999;ENSMUSG00000074899;ENSMUSG00000027947;ENSMUSG00000026193;ENSMUSG00000000489;ENSMUSG00000057897;ENSMUSG00000020122;ENSMUSG00000005672;ENSMUSG00000021708;ENSMUSG00000071713;ENSMUSG00000019966;ENSMUSG00000029231;ENSMUSG00000031074;ENSMUSG00000038764;ENSMUSG00000027646;ENSMUSG00000001930;ENSMUSG00000030134;ENSMUSG00000036585;ENSMUSG00000026883;ENSMUSG00000022309;ENSMUSG00000018166;ENSMUSG00000013698			False	False	True	True
thymus	R-MMU-5685942_HDR_THROUGH_HOMOLOGOUS_RECOMBINATION_HRR	-0.016464200730818595	5	0	5	-0.016464200730818595	5	0	5	-0.12107358077625885	5.0	0.0	5.0	-0.12107358077625885	5.0	0.0	5.0	-2.393571953997952	0.0	0.0	ENSMUSG00000035455;ENSMUSG00000039748;ENSMUSG00000017146;ENSMUSG00000007080;ENSMUSG00000027323;ENSMUSG00000032113;ENSMUSG00000030528;ENSMUSG00000034329;ENSMUSG00000027342;ENSMUSG00000036875;ENSMUSG00000038644			False	False	True	True
thymus	R-MMU-5688426_DEUBIQUITINATION	-0.22478377491298246	5	0	5	-0.22478377491298246	5	0	5	-0.052397390345004125	5.0	0.0	5.0	-0.052397390345004125	5.0	0.0	5.0	-2.6417739446477015	0.0	0.0	ENSMUSG00000069301;ENSMUSG00000027715;ENSMUSG00000069302;ENSMUSG00000061615;ENSMUSG00000019942;ENSMUSG00000094777;ENSMUSG00000069309;ENSMUSG00000071478;ENSMUSG00000064220;ENSMUSG00000069272;ENSMUSG00000006398;ENSMUSG00000042489;ENSMUSG00000071516;ENSMUSG00000017146;ENSMUSG00000061991;ENSMUSG00000094248;ENSMUSG00000078851			False	False	True	True
thymus	R-MMU-5689880_UB_SPECIFIC_PROCESSING_PROTEASES	0.008648116015743858	5	4	1	0.008648116015743858	5	4	1	-0.0518867244525701	5.0	0.0	5.0	-0.0518867244525701	5.0	0.0	5.0	-2.5913362271134597	0.0	0.0	ENSMUSG00000069301;ENSMUSG00000027715;ENSMUSG00000069302;ENSMUSG00000061615;ENSMUSG00000094777;ENSMUSG00000069309;ENSMUSG00000071478;ENSMUSG00000064220;ENSMUSG00000069272;ENSMUSG00000006398;ENSMUSG00000042489;ENSMUSG00000071516;ENSMUSG00000061991;ENSMUSG00000094248;ENSMUSG00000078851			False	False	False	False
thymus	R-MMU-5689901_METALLOPROTEASE_DUBS	0.005502725490173685	5	4	1	0.005502725490173685	5	4	1	-0.10188539018414197	5.0	0.0	5.0	-0.10188539018414197	5.0	0.0	5.0	-2.5751291899591435	0.0	0.0	ENSMUSG00000069301;ENSMUSG00000069302;ENSMUSG00000061615;ENSMUSG00000094777;ENSMUSG00000069309;ENSMUSG00000071478;ENSMUSG00000064220;ENSMUSG00000069272;ENSMUSG00000071516;ENSMUSG00000017146;ENSMUSG00000061991;ENSMUSG00000094248;ENSMUSG00000078851			False	False	False	False
thymus	R-MMU-5693532_DNA_DOUBLE_STRAND_BREAK_REPAIR	-0.008234072660419298	5	1	4	-0.008234072660419298	5	1	4	-0.12416116672361421	5.0	0.0	5.0	-0.12416116672361421	5.0	0.0	5.0	-3.147421994302351	0.0	0.0	ENSMUSG00000062727;ENSMUSG00000027715;ENSMUSG00000069300;ENSMUSG00000075031;ENSMUSG00000105827;ENSMUSG00000064288;ENSMUSG00000035455;ENSMUSG00000095217;ENSMUSG00000058385;ENSMUSG00000039748;ENSMUSG00000042489;ENSMUSG00000049932;ENSMUSG00000017146;ENSMUSG00000094338;ENSMUSG00000007080;ENSMUSG00000056895;ENSMUSG00000018362;ENSMUSG00000027323;ENSMUSG00000069274;ENSMUSG00000069305;ENSMUSG00000061482;ENSMUSG00000032113;ENSMUSG00000030528;ENSMUSG00000069266;ENSMUSG00000034206;ENSMUSG00000056394;ENSMUSG00000034329;ENSMUSG00000066878;ENSMUSG00000069306;ENSMUSG00000027342;ENSMUSG00000036875;ENSMUSG00000024742;ENSMUSG00000057406;ENSMUSG00000069303;ENSMUSG00000038644			False	False	True	True
thymus	R-MMU-5693538_HOMOLOGY_DIRECTED_REPAIR	-0.05036656783012281	5	2	3	-0.05036656783012281	5	2	3	-0.13001579619955164	5.0	0.0	5.0	-0.13001579619955164	5.0	0.0	5.0	-3.1599349399995007	0.0	0.0	ENSMUSG00000062727;ENSMUSG00000027715;ENSMUSG00000069300;ENSMUSG00000075031;ENSMUSG00000105827;ENSMUSG00000064288;ENSMUSG00000035455;ENSMUSG00000095217;ENSMUSG00000058385;ENSMUSG00000039748;ENSMUSG00000042489;ENSMUSG00000049932;ENSMUSG00000017146;ENSMUSG00000094338;ENSMUSG00000007080;ENSMUSG00000056895;ENSMUSG00000027323;ENSMUSG00000069274;ENSMUSG00000069305;ENSMUSG00000061482;ENSMUSG00000032113;ENSMUSG00000030528;ENSMUSG00000069266;ENSMUSG00000034206;ENSMUSG00000056394;ENSMUSG00000034329;ENSMUSG00000069306;ENSMUSG00000027342;ENSMUSG00000036875;ENSMUSG00000024742;ENSMUSG00000057406;ENSMUSG00000069303;ENSMUSG00000038644			False	False	True	True
thymus	R-MMU-5693565_RECRUITMENT_AND_ATM_MEDIATED_PHOSPHORYLATION_OF_REPAIR_AND_SIGNALING_PROTEINS_AT_DNA_DOUBLE_STRAND_BREAKS	0.0043125204139898244	5	4	1	0.0043125204139898244	5	4	1	-0.09452432242588356	5.0	0.0	5.0	-0.09452432242588356	5.0	0.0	5.0	-2.7011186873220234	0.0	0.0	ENSMUSG00000062727;ENSMUSG00000069300;ENSMUSG00000075031;ENSMUSG00000105827;ENSMUSG00000064288;ENSMUSG00000095217;ENSMUSG00000058385;ENSMUSG00000049932;ENSMUSG00000017146;ENSMUSG00000094338;ENSMUSG00000056895;ENSMUSG00000069274;ENSMUSG00000069305;ENSMUSG00000061482;ENSMUSG00000069266;ENSMUSG00000069306;ENSMUSG00000057406;ENSMUSG00000069303			False	False	False	False
thymus	R-MMU-5693567_HDR_THROUGH_HOMOLOGOUS_RECOMBINATION_HRR_OR_SINGLE_STRAND_ANNEALING_SSA	0.0037271387234035108	5	1	4	0.0037271387234035108	5	1	4	-0.12825110142611618	5.0	0.0	5.0	-0.12825110142611618	5.0	0.0	5.0	-3.12380340415441	0.0	0.0	ENSMUSG00000062727;ENSMUSG00000027715;ENSMUSG00000069300;ENSMUSG00000075031;ENSMUSG00000105827;ENSMUSG00000064288;ENSMUSG00000035455;ENSMUSG00000095217;ENSMUSG00000058385;ENSMUSG00000039748;ENSMUSG00000042489;ENSMUSG00000049932;ENSMUSG00000017146;ENSMUSG00000094338;ENSMUSG00000007080;ENSMUSG00000056895;ENSMUSG00000027323;ENSMUSG00000069274;ENSMUSG00000069305;ENSMUSG00000061482;ENSMUSG00000032113;ENSMUSG00000030528;ENSMUSG00000069266;ENSMUSG00000056394;ENSMUSG00000034329;ENSMUSG00000069306;ENSMUSG00000027342;ENSMUSG00000036875;ENSMUSG00000057406;ENSMUSG00000069303;ENSMUSG00000038644			False	False	False	False
thymus	R-MMU-5693571_NONHOMOLOGOUS_END_JOINING_NHEJ	0.004577477743561402	5	3	2	0.004577477743561402	5	3	2	-0.11498872514009388	5.0	0.0	5.0	-0.11498872514009388	5.0	0.0	5.0	-2.6896323543271965	0.0	0.0	ENSMUSG00000062727;ENSMUSG00000069300;ENSMUSG00000075031;ENSMUSG00000105827;ENSMUSG00000064288;ENSMUSG00000095217;ENSMUSG00000058385;ENSMUSG00000049932;ENSMUSG00000017146;ENSMUSG00000094338;ENSMUSG00000056895;ENSMUSG00000069274;ENSMUSG00000069305;ENSMUSG00000061482;ENSMUSG00000069266;ENSMUSG00000069306;ENSMUSG00000057406;ENSMUSG00000069303			False	False	False	False
thymus	R-MMU-5693606_DNA_DOUBLE_STRAND_BREAK_RESPONSE	0.09527423680403509	5	4	1	0.09527423680403509	5	4	1	-0.09703276450319884	5.0	0.0	5.0	-0.09703276450319884	5.0	0.0	5.0	-2.7492634863373313	0.0	0.0	ENSMUSG00000062727;ENSMUSG00000069300;ENSMUSG00000075031;ENSMUSG00000105827;ENSMUSG00000064288;ENSMUSG00000095217;ENSMUSG00000058385;ENSMUSG00000049932;ENSMUSG00000017146;ENSMUSG00000094338;ENSMUSG00000056895;ENSMUSG00000018362;ENSMUSG00000069274;ENSMUSG00000069305;ENSMUSG00000061482;ENSMUSG00000069266;ENSMUSG00000066878;ENSMUSG00000069306;ENSMUSG00000057406;ENSMUSG00000069303			False	False	False	False
thymus	R-MMU-5693607_PROCESSING_OF_DNA_DOUBLE_STRAND_BREAK_ENDS	0.015125718542947367	5	4	1	0.015125718542947367	5	4	1	-0.12227240180724212	5.0	0.0	5.0	-0.12227240180724212	5.0	0.0	5.0	-3.0060349585267527	0.0	0.0	ENSMUSG00000062727;ENSMUSG00000027715;ENSMUSG00000069300;ENSMUSG00000075031;ENSMUSG00000105827;ENSMUSG00000064288;ENSMUSG00000095217;ENSMUSG00000058385;ENSMUSG00000039748;ENSMUSG00000042489;ENSMUSG00000049932;ENSMUSG00000017146;ENSMUSG00000094338;ENSMUSG00000056895;ENSMUSG00000069274;ENSMUSG00000069305;ENSMUSG00000061482;ENSMUSG00000032113;ENSMUSG00000030528;ENSMUSG00000069266;ENSMUSG00000034329;ENSMUSG00000069306;ENSMUSG00000036875;ENSMUSG00000057406;ENSMUSG00000069303			False	False	False	False
thymus	R-MMU-597592_POST_TRANSLATIONAL_PROTEIN_MODIFICATION	0.43361728812543865	5	5	0	0.43361728812543865	5	5	0	-0.015108819654850659	5.0	1.0	4.0	-0.015108819654850659	5.0	1.0	4.0	-1.79662651231947	0.0	0.0052547652046914355	ENSMUSG00000069301;ENSMUSG00000062727;ENSMUSG00000027715;ENSMUSG00000069302;ENSMUSG00000061615;ENSMUSG00000019942;ENSMUSG00000094777;ENSMUSG00000069309;ENSMUSG00000069300;ENSMUSG00000071478;ENSMUSG00000075031;ENSMUSG00000020914;ENSMUSG00000064220;ENSMUSG00000069272;ENSMUSG00000072082;ENSMUSG00000105827;ENSMUSG00000020897;ENSMUSG00000006398;ENSMUSG00000064288;ENSMUSG00000001403;ENSMUSG00000095217;ENSMUSG00000028873;ENSMUSG00000058385;ENSMUSG00000042489;ENSMUSG00000071516;ENSMUSG00000017146;ENSMUSG00000094338;ENSMUSG00000061991;ENSMUSG00000069274;ENSMUSG00000069305;ENSMUSG00000061482;ENSMUSG00000030528;ENSMUSG00000069266;ENSMUSG00000069306;ENSMUSG00000037474;ENSMUSG00000079685;ENSMUSG00000027342;ENSMUSG00000024660;ENSMUSG00000072423;ENSMUSG00000023004;ENSMUSG00000036412;ENSMUSG00000004099;ENSMUSG00000094248;ENSMUSG00000078851;ENSMUSG00000045136;ENSMUSG00000051650;ENSMUSG00000043091;ENSMUSG00000069303;ENSMUSG00000044678;ENSMUSG00000034634;ENSMUSG00000058672;ENSMUSG00000032011;ENSMUSG00000030750;ENSMUSG00000036752;ENSMUSG00000060981;ENSMUSG00000066892			False	False	False	False
thymus	R-MMU-606279_DEPOSITION_OF_NEW_CENPA_CONTAINING_NUCLEOSOMES_AT_THE_CENTROMERE	0.00839632943142456	5	3	2	0.00839632943142456	5	3	2	-0.12382845499815551	5.0	0.0	5.0	-0.12382845499815551	5.0	0.0	5.0	-3.045950414313807	0.0	0.0	ENSMUSG00000069301;ENSMUSG00000062727;ENSMUSG00000069302;ENSMUSG00000061615;ENSMUSG00000094777;ENSMUSG00000069309;ENSMUSG00000069300;ENSMUSG00000071478;ENSMUSG00000075031;ENSMUSG00000064220;ENSMUSG00000069272;ENSMUSG00000105827;ENSMUSG00000064288;ENSMUSG00000095217;ENSMUSG00000058385;ENSMUSG00000047534;ENSMUSG00000049932;ENSMUSG00000071516;ENSMUSG00000094338;ENSMUSG00000056895;ENSMUSG00000061991;ENSMUSG00000069274;ENSMUSG00000069305;ENSMUSG00000061482;ENSMUSG00000029177;ENSMUSG00000069266;ENSMUSG00000068101;ENSMUSG00000069306;ENSMUSG00000094248;ENSMUSG00000069303;ENSMUSG00000044783;ENSMUSG00000060981			False	False	False	False
thymus	R-MMU-6791226_MAJOR_PATHWAY_OF_RRNA_PROCESSING_IN_THE_NUCLEOLUS_AND_CYTOSOL	-0.43702191371754384	5	0	5	-0.43702191371754384	5	0	5	-0.007861822781327188	5.0	1.0	4.0	-0.007861822781327188	5.0	1.0	4.0	-2.1268997569797095	0.0	8.358587282117873e-05	ENSMUSG00000109941;ENSMUSG00000060377;ENSMUSG00000079470;ENSMUSG00000079641;ENSMUSG00000058443;ENSMUSG00000008683;ENSMUSG00000068240;ENSMUSG00000061477;ENSMUSG00000039221;ENSMUSG00000034892;ENSMUSG00000039001;ENSMUSG00000025362;ENSMUSG00000061983;ENSMUSG00000067288;ENSMUSG00000024608;ENSMUSG00000090733;ENSMUSG00000042354;ENSMUSG00000062006;ENSMUSG00000008668;ENSMUSG00000057322;ENSMUSG00000044533;ENSMUSG00000062997;ENSMUSG00000007892;ENSMUSG00000025508;ENSMUSG00000050621			False	False	True	True
thymus	R-MMU-6798695_NEUTROPHIL_DEGRANULATION	0.34881875881929825	5	5	0	0.34881875881929825	5	5	0	0.025287762036121007	5.0	5.0	0.0	0.025287762036121007	5.0	5.0	0.0	1.691580185537682	0.0	0.04438108225376557	ENSMUSG00000026417;ENSMUSG00000031722;ENSMUSG00000021091;ENSMUSG00000039196;ENSMUSG00000064246;ENSMUSG00000030413;ENSMUSG00000032496;ENSMUSG00000027359;ENSMUSG00000025701;ENSMUSG00000002944;ENSMUSG00000008540;ENSMUSG00000067235;ENSMUSG00000041991;ENSMUSG00000019987;ENSMUSG00000046223;ENSMUSG00000052305;ENSMUSG00000029811;ENSMUSG00000039062;ENSMUSG00000073489;ENSMUSG00000059089;ENSMUSG00000026399;ENSMUSG00000017002;ENSMUSG00000004668;ENSMUSG00000033765;ENSMUSG00000051439;ENSMUSG00000021069;ENSMUSG00000025351;ENSMUSG00000024164;ENSMUSG00000026938;ENSMUSG00000032359;ENSMUSG00000029915;ENSMUSG00000069441;ENSMUSG00000052212;ENSMUSG00000026879;ENSMUSG00000069516;ENSMUSG00000054385;ENSMUSG00000034708;ENSMUSG00000001128;ENSMUSG00000020154;ENSMUSG00000016256;ENSMUSG00000025473;ENSMUSG00000039899;ENSMUSG00000026536;ENSMUSG00000027073;ENSMUSG00000030579;ENSMUSG00000010651;ENSMUSG00000026656;ENSMUSG00000042082;ENSMUSG00000024084;ENSMUSG00000015340;ENSMUSG00000073940;ENSMUSG00000009292;ENSMUSG00000017737;ENSMUSG00000072601			False	False	True	True
thymus	R-MMU-6803157_ANTIMICROBIAL_PEPTIDES	0.24441254484210514	5	5	0	0.24441254484210514	5	5	0	0.03656327401863835	5.0	5.0	0.0	0.03656327401863835	5.0	5.0	0.0	1.8712495512509395	0.0021598272138228943	0.0182648401826484	ENSMUSG00000027483;ENSMUSG00000030017;ENSMUSG00000027485;ENSMUSG00000030413;ENSMUSG00000032496;ENSMUSG00000021194;ENSMUSG00000022037			False	False	True	True
thymus	R-MMU-6805567_KERATINIZATION	0.1976261184824561	5	4	1	0.1976261184824561	5	4	1	0.02165317150933847	5.0	4.0	1.0	0.02165317150933847	5.0	4.0	1.0	1.436978578194888	0.05405405405405406	0.14868921033304594	ENSMUSG00000041984;ENSMUSG00000037185;ENSMUSG00000056078;ENSMUSG00000055561;ENSMUSG00000061397;ENSMUSG00000069441;ENSMUSG00000050463;ENSMUSG00000059898;ENSMUSG00000044393;ENSMUSG00000039457;ENSMUSG00000053797;ENSMUSG00000052415;ENSMUSG00000019851;ENSMUSG00000035775;ENSMUSG00000067594			False	False	True	True
thymus	R-MMU-6809371_FORMATION_OF_THE_CORNIFIED_ENVELOPE	0.13582083688771923	5	4	1	0.13582083688771923	5	4	1	0.02165317150933847	5.0	4.0	1.0	0.02165317150933847	5.0	4.0	1.0	1.436978578194888	0.05405405405405406	0.14868921033304594	ENSMUSG00000041984;ENSMUSG00000037185;ENSMUSG00000056078;ENSMUSG00000055561;ENSMUSG00000061397;ENSMUSG00000069441;ENSMUSG00000050463;ENSMUSG00000059898;ENSMUSG00000044393;ENSMUSG00000039457;ENSMUSG00000053797;ENSMUSG00000052415;ENSMUSG00000019851;ENSMUSG00000035775;ENSMUSG00000067594			False	False	True	True
thymus	R-MMU-6811434_COPI_DEPENDENT_GOLGI_TO_ER_RETROGRADE_TRAFFIC	-0.9291800423580702	5	0	5	-0.9291800423580702	5	0	5	-0.10714038845320262	5.0	0.0	5.0	-0.10714038845320262	5.0	0.0	5.0	-2.58901739427713	0.0	0.0	ENSMUSG00000034311;ENSMUSG00000003779;ENSMUSG00000028678;ENSMUSG00000012443;ENSMUSG00000030677;ENSMUSG00000045328;ENSMUSG00000036768;ENSMUSG00000079553;ENSMUSG00000051378;ENSMUSG00000023015;ENSMUSG00000032254;ENSMUSG00000024795;ENSMUSG00000023004;ENSMUSG00000045136;ENSMUSG00000043091;ENSMUSG00000058672;ENSMUSG00000036752;ENSMUSG00000062380			True	False	True	True
thymus	R-MMU-6811442_INTRA_GOLGI_AND_RETROGRADE_GOLGI_TO_ER_TRAFFIC	0.004595644790154385	5	3	2	0.004595644790154385	5	3	2	-0.0814574404632215	5.0	0.0	5.0	-0.0814574404632215	5.0	0.0	5.0	-2.5766012500586646	0.0	0.0	ENSMUSG00000034311;ENSMUSG00000003779;ENSMUSG00000028678;ENSMUSG00000012443;ENSMUSG00000030677;ENSMUSG00000045328;ENSMUSG00000036768;ENSMUSG00000079553;ENSMUSG00000051378;ENSMUSG00000023015;ENSMUSG00000032254;ENSMUSG00000024795;ENSMUSG00000023004;ENSMUSG00000045136;ENSMUSG00000043091;ENSMUSG00000058672;ENSMUSG00000036752;ENSMUSG00000062380			False	False	False	False
thymus	R-MMU-68875_MITOTIC_PROPHASE	0.003455933115185965	5	3	2	0.003455933115185965	5	3	2	-0.12701060950734372	5.0	0.0	5.0	-0.12701060950734372	5.0	0.0	5.0	-3.3340763488899983	0.0	0.0	ENSMUSG00000069301;ENSMUSG00000069310;ENSMUSG00000069267;ENSMUSG00000062727;ENSMUSG00000069302;ENSMUSG00000061615;ENSMUSG00000019942;ENSMUSG00000074403;ENSMUSG00000041431;ENSMUSG00000094777;ENSMUSG00000069309;ENSMUSG00000069300;ENSMUSG00000071478;ENSMUSG00000075031;ENSMUSG00000032218;ENSMUSG00000064220;ENSMUSG00000069272;ENSMUSG00000105827;ENSMUSG00000101355;ENSMUSG00000064288;ENSMUSG00000030867;ENSMUSG00000101972;ENSMUSG00000095217;ENSMUSG00000099517;ENSMUSG00000058385;ENSMUSG00000049932;ENSMUSG00000071516;ENSMUSG00000094338;ENSMUSG00000056895;ENSMUSG00000061991;ENSMUSG00000069274;ENSMUSG00000069305;ENSMUSG00000061482;ENSMUSG00000069266;ENSMUSG00000069273;ENSMUSG00000069306;ENSMUSG00000042029;ENSMUSG00000028312;ENSMUSG00000024590;ENSMUSG00000093769;ENSMUSG00000094248;ENSMUSG00000081058;ENSMUSG00000069303			False	False	False	False
thymus	R-MMU-68877_MITOTIC_PROMETAPHASE	-0.010596084225982457	5	1	4	-0.010596084225982457	5	1	4	-0.1377687881204519	5.0	0.0	5.0	-0.1377687881204519	5.0	0.0	5.0	-3.131742315232654	0.0	0.0	ENSMUSG00000024791;ENSMUSG00000019942;ENSMUSG00000041431;ENSMUSG00000032218;ENSMUSG00000026622;ENSMUSG00000028678;ENSMUSG00000023940;ENSMUSG00000040084;ENSMUSG00000074476;ENSMUSG00000024056;ENSMUSG00000020897;ENSMUSG00000026039;ENSMUSG00000006398;ENSMUSG00000015880;ENSMUSG00000029414;ENSMUSG00000005233;ENSMUSG00000030867;ENSMUSG00000027379;ENSMUSG00000026605;ENSMUSG00000045328;ENSMUSG00000026683;ENSMUSG00000028873;ENSMUSG00000034906;ENSMUSG00000029177;ENSMUSG00000038252;ENSMUSG00000025758;ENSMUSG00000068101;ENSMUSG00000029910;ENSMUSG00000024660;ENSMUSG00000028312;ENSMUSG00000023004;ENSMUSG00000045136;ENSMUSG00000043091;ENSMUSG00000063810;ENSMUSG00000058672;ENSMUSG00000034349;ENSMUSG00000036752			False	False	True	True
thymus	R-MMU-68882_MITOTIC_ANAPHASE	0.004727478008118948	5	4	1	0.004727478008118948	5	4	1	-0.14203978593852165	5.0	0.0	5.0	-0.14203978593852165	5.0	0.0	5.0	-2.990433428212186	0.0	0.0	ENSMUSG00000024791;ENSMUSG00000019942;ENSMUSG00000041431;ENSMUSG00000032218;ENSMUSG00000028678;ENSMUSG00000023940;ENSMUSG00000040084;ENSMUSG00000074476;ENSMUSG00000024056;ENSMUSG00000020897;ENSMUSG00000026039;ENSMUSG00000006398;ENSMUSG00000029414;ENSMUSG00000005233;ENSMUSG00000001403;ENSMUSG00000030867;ENSMUSG00000027379;ENSMUSG00000026605;ENSMUSG00000045328;ENSMUSG00000026683;ENSMUSG00000028873;ENSMUSG00000058290;ENSMUSG00000029177;ENSMUSG00000068101;ENSMUSG00000029910;ENSMUSG00000024660;ENSMUSG00000028896;ENSMUSG00000024590;ENSMUSG00000023004;ENSMUSG00000045136;ENSMUSG00000043091;ENSMUSG00000058672;ENSMUSG00000036752			False	False	False	False
thymus	R-MMU-68886_M_PHASE	-0.06726184753771931	5	3	2	-0.06726184753771931	5	3	2	-0.13403944064583256	5.0	0.0	5.0	-0.13403944064583256	5.0	0.0	5.0	-3.708803250033289	0.0	0.0	ENSMUSG00000069301;ENSMUSG00000069310;ENSMUSG00000069267;ENSMUSG00000062727;ENSMUSG00000024791;ENSMUSG00000069302;ENSMUSG00000061615;ENSMUSG00000019942;ENSMUSG00000074403;ENSMUSG00000041431;ENSMUSG00000094777;ENSMUSG00000069309;ENSMUSG00000069300;ENSMUSG00000071478;ENSMUSG00000075031;ENSMUSG00000032218;ENSMUSG00000026622;ENSMUSG00000003779;ENSMUSG00000028678;ENSMUSG00000064220;ENSMUSG00000069272;ENSMUSG00000023940;ENSMUSG00000040084;ENSMUSG00000074476;ENSMUSG00000105827;ENSMUSG00000024056;ENSMUSG00000020897;ENSMUSG00000026039;ENSMUSG00000101355;ENSMUSG00000006398;ENSMUSG00000015880;ENSMUSG00000029414;ENSMUSG00000064288;ENSMUSG00000005233;ENSMUSG00000001403;ENSMUSG00000030867;ENSMUSG00000101972;ENSMUSG00000095217;ENSMUSG00000099517;ENSMUSG00000027379;ENSMUSG00000026605;ENSMUSG00000045328;ENSMUSG00000026683;ENSMUSG00000028873;ENSMUSG00000019773;ENSMUSG00000058385;ENSMUSG00000034906;ENSMUSG00000058290;ENSMUSG00000049932;ENSMUSG00000071516;ENSMUSG00000094338;ENSMUSG00000056895;ENSMUSG00000061991;ENSMUSG00000069274;ENSMUSG00000069305;ENSMUSG00000061482;ENSMUSG00000029177;ENSMUSG00000038252;ENSMUSG00000069266;ENSMUSG00000025758;ENSMUSG00000069273;ENSMUSG00000068101;ENSMUSG00000029910;ENSMUSG00000032254;ENSMUSG00000069306;ENSMUSG00000042029;ENSMUSG00000024660;ENSMUSG00000028312;ENSMUSG00000028896;ENSMUSG00000024590;ENSMUSG00000023004;ENSMUSG00000093769;ENSMUSG00000094248;ENSMUSG00000081058;ENSMUSG00000045136;ENSMUSG00000043091;ENSMUSG00000069303;ENSMUSG00000063810;ENSMUSG00000058672;ENSMUSG00000034349;ENSMUSG00000036752;ENSMUSG00000060981			False	False	True	True
thymus	R-MMU-69002_DNA_REPLICATION_PRE_INITIATION	0.0009583347950263159	5	2	3	0.0009583347950263159	5	2	3	-0.12462407682794854	5.0	0.0	5.0	-0.12462407682794852	5.0	0.0	5.0	-2.554615595709679	0.0	0.0	ENSMUSG00000017499;ENSMUSG00000001403;ENSMUSG00000026669;ENSMUSG00000000028;ENSMUSG00000007080;ENSMUSG00000041859;ENSMUSG00000005410;ENSMUSG00000006678;ENSMUSG00000006715;ENSMUSG00000026355;ENSMUSG00000029730;ENSMUSG00000006585;ENSMUSG00000002870;ENSMUSG00000022673			False	False	False	False
thymus	R-MMU-69052_SWITCHING_OF_ORIGINS_TO_A_POST_REPLICATIVE_STATE	-0.016591340959438598	5	2	3	-0.016591340959438594	5	2	3	-0.12973254889635108	5.0	0.0	5.0	-0.12973254889635108	5.0	0.0	5.0	-2.50919665685401	0.0	0.0	ENSMUSG00000027715;ENSMUSG00000017499;ENSMUSG00000001403;ENSMUSG00000028212;ENSMUSG00000002068;ENSMUSG00000041859;ENSMUSG00000005410;ENSMUSG00000006715;ENSMUSG00000026355;ENSMUSG00000029730;ENSMUSG00000006585;ENSMUSG00000002870;ENSMUSG00000022673			False	False	True	True
thymus	R-MMU-69206_G1_S_TRANSITION	-0.01384763230364211	5	0	5	-0.01384763230364211	5	0	5	-0.11490822540508175	5.0	0.0	5.0	-0.11490822540508175	5.0	0.0	5.0	-2.6664661175906232	0.0	0.0	ENSMUSG00000027715;ENSMUSG00000017499;ENSMUSG00000028212;ENSMUSG00000026669;ENSMUSG00000000028;ENSMUSG00000007080;ENSMUSG00000002068;ENSMUSG00000041859;ENSMUSG00000028044;ENSMUSG00000005410;ENSMUSG00000006678;ENSMUSG00000006715;ENSMUSG00000026355;ENSMUSG00000029730;ENSMUSG00000006585;ENSMUSG00000002870;ENSMUSG00000022673;ENSMUSG00000031016			False	False	True	True
thymus	R-MMU-69236_G1_PHASE	0.003447929325935088	5	2	3	0.003447929325935088	5	2	3	-0.033825649206485356	5.0	0.0	5.0	-0.033825649206485356	5.0	0.0	5.0	-1.6988564057210367	0.012455516014234875	0.012847309394678286	ENSMUSG00000028212;ENSMUSG00000002068;ENSMUSG00000028044;ENSMUSG00000018983;ENSMUSG00000034165;ENSMUSG00000038482;ENSMUSG00000040274;ENSMUSG00000003031;ENSMUSG00000068240			False	False	False	False
thymus	R-MMU-69239_SYNTHESIS_OF_DNA	0.0031163692287070168	5	3	2	0.0031163692287070168	5	3	2	-0.13278348836437454	5.0	0.0	5.0	-0.13278348836437454	5.0	0.0	5.0	-2.8307037306065626	0.0	0.0	ENSMUSG00000027715;ENSMUSG00000017499;ENSMUSG00000001403;ENSMUSG00000028212;ENSMUSG00000007080;ENSMUSG00000056394;ENSMUSG00000002068;ENSMUSG00000041859;ENSMUSG00000027342;ENSMUSG00000036875;ENSMUSG00000024742;ENSMUSG00000005410;ENSMUSG00000006678;ENSMUSG00000006715;ENSMUSG00000026355;ENSMUSG00000029730;ENSMUSG00000006585;ENSMUSG00000002870;ENSMUSG00000038644;ENSMUSG00000022673			False	False	False	False
thymus	R-MMU-69242_S_PHASE	-0.08368088990914035	5	1	4	-0.08368088990914035	5	1	4	-0.12297338529081636	5.0	0.0	5.0	-0.12297338529081636	5.0	0.0	5.0	-2.882542994971937	0.0	0.0	ENSMUSG00000027715;ENSMUSG00000024791;ENSMUSG00000017499;ENSMUSG00000022034;ENSMUSG00000001403;ENSMUSG00000028212;ENSMUSG00000007080;ENSMUSG00000027330;ENSMUSG00000056394;ENSMUSG00000002068;ENSMUSG00000041859;ENSMUSG00000028044;ENSMUSG00000027342;ENSMUSG00000036875;ENSMUSG00000024742;ENSMUSG00000005410;ENSMUSG00000006678;ENSMUSG00000006715;ENSMUSG00000026355;ENSMUSG00000029730;ENSMUSG00000006585;ENSMUSG00000002870;ENSMUSG00000038644;ENSMUSG00000022673;ENSMUSG00000031016			False	False	True	True
thymus	R-MMU-69275_G2_M_TRANSITION	-0.013528060200964911	5	0	5	-0.013528060200964911	5	0	5	-0.11399070517469512	5.0	0.0	5.0	-0.11399070517469512	5.0	0.0	5.0	-2.876618263785408	0.0	0.0	ENSMUSG00000027715;ENSMUSG00000019942;ENSMUSG00000041431;ENSMUSG00000032218;ENSMUSG00000026622;ENSMUSG00000044201;ENSMUSG00000023940;ENSMUSG00000020330;ENSMUSG00000027469;ENSMUSG00000030867;ENSMUSG00000027496;ENSMUSG00000047534;ENSMUSG00000046591;ENSMUSG00000001517;ENSMUSG00000022385;ENSMUSG00000025758;ENSMUSG00000027330;ENSMUSG00000023908;ENSMUSG00000023004;ENSMUSG00000045136;ENSMUSG00000043091;ENSMUSG00000063810;ENSMUSG00000031016;ENSMUSG00000058672;ENSMUSG00000044783;ENSMUSG00000036752			False	False	True	True
thymus	R-MMU-69278_CELL_CYCLE_MITOTIC	-1.438332769986316	5	0	5	-1.438332769986316	5	0	5	-0.13321375617088987	5.0	0.0	5.0	-0.13321375617088987	5.0	0.0	5.0	-3.96838303704983	0.0	0.0	ENSMUSG00000069301;ENSMUSG00000069310;ENSMUSG00000069267;ENSMUSG00000062727;ENSMUSG00000027715;ENSMUSG00000024791;ENSMUSG00000069302;ENSMUSG00000061615;ENSMUSG00000019942;ENSMUSG00000074403;ENSMUSG00000017499;ENSMUSG00000041431;ENSMUSG00000094777;ENSMUSG00000069309;ENSMUSG00000069300;ENSMUSG00000071478;ENSMUSG00000075031;ENSMUSG00000032218;ENSMUSG00000026622;ENSMUSG00000003779;ENSMUSG00000028678;ENSMUSG00000022034;ENSMUSG00000064220;ENSMUSG00000069272;ENSMUSG00000044201;ENSMUSG00000023940;ENSMUSG00000040084;ENSMUSG00000074476;ENSMUSG00000105827;ENSMUSG00000024056;ENSMUSG00000020897;ENSMUSG00000026039;ENSMUSG00000101355;ENSMUSG00000006398;ENSMUSG00000015880;ENSMUSG00000020330;ENSMUSG00000029414;ENSMUSG00000064288;ENSMUSG00000005233;ENSMUSG00000001403;ENSMUSG00000027469;ENSMUSG00000030867;ENSMUSG00000101972;ENSMUSG00000095217;ENSMUSG00000099517;ENSMUSG00000027379;ENSMUSG00000028212;ENSMUSG00000026605;ENSMUSG00000045328;ENSMUSG00000026669;ENSMUSG00000026683;ENSMUSG00000027496;ENSMUSG00000028873;ENSMUSG00000019773;ENSMUSG00000058385;ENSMUSG00000047534;ENSMUSG00000034906;ENSMUSG00000046591;ENSMUSG00000058290;ENSMUSG00000049932;ENSMUSG00000071516;ENSMUSG00000000028;ENSMUSG00000001517;ENSMUSG00000094338;ENSMUSG00000007080;ENSMUSG00000056895;ENSMUSG00000061991;ENSMUSG00000069274;ENSMUSG00000069305;ENSMUSG00000061482;ENSMUSG00000029177;ENSMUSG00000038252;ENSMUSG00000022385;ENSMUSG00000069266;ENSMUSG00000025758;ENSMUSG00000069273;ENSMUSG00000027330;ENSMUSG00000068101;ENSMUSG00000056394;ENSMUSG00000029910;ENSMUSG00000002068;ENSMUSG00000023908;ENSMUSG00000032254;ENSMUSG00000069306;ENSMUSG00000041859;ENSMUSG00000028044;ENSMUSG00000018983;ENSMUSG00000042029;ENSMUSG00000027342;ENSMUSG00000036875;ENSMUSG00000024742;ENSMUSG00000024660;ENSMUSG00000028312;ENSMUSG00000005410;ENSMUSG00000006678;ENSMUSG00000028896;ENSMUSG00000024590;ENSMUSG00000006715;ENSMUSG00000026355;ENSMUSG00000029730;ENSMUSG00000023004;ENSMUSG00000093769;ENSMUSG00000094248;ENSMUSG00000006585;ENSMUSG00000081058;ENSMUSG00000045136;ENSMUSG00000043091;ENSMUSG00000069303;ENSMUSG00000002870;ENSMUSG00000038644;ENSMUSG00000034165;ENSMUSG00000022673;ENSMUSG00000063810;ENSMUSG00000031016;ENSMUSG00000058672;ENSMUSG00000034349;ENSMUSG00000044783;ENSMUSG00000038482;ENSMUSG00000036752;ENSMUSG00000060981	Mitotic cell cycle	aligned	True	True	True	True
thymus	R-MMU-69306_DNA_REPLICATION	0.0013444558253824569	5	2	3	0.0013444558253824569	5	2	3	-0.13726034014346244	5.0	0.0	5.0	-0.13726034014346244	5.0	0.0	5.0	-2.8786807552968647	0.0	0.0	ENSMUSG00000027715;ENSMUSG00000017499;ENSMUSG00000001403;ENSMUSG00000028212;ENSMUSG00000026669;ENSMUSG00000000028;ENSMUSG00000007080;ENSMUSG00000056394;ENSMUSG00000002068;ENSMUSG00000041859;ENSMUSG00000027342;ENSMUSG00000036875;ENSMUSG00000024742;ENSMUSG00000005410;ENSMUSG00000006678;ENSMUSG00000006715;ENSMUSG00000026355;ENSMUSG00000029730;ENSMUSG00000006585;ENSMUSG00000002870;ENSMUSG00000038644;ENSMUSG00000022673			False	False	False	False
thymus	R-MMU-69473_G2_M_DNA_DAMAGE_CHECKPOINT	0.00038426038900701723	5	2	3	0.00038426038900701723	5	2	3	-0.13806871506706472	5.0	0.0	5.0	-0.13806871506706472	5.0	0.0	5.0	-3.021258560565527	0.0	0.0	ENSMUSG00000062727;ENSMUSG00000027715;ENSMUSG00000019942;ENSMUSG00000041431;ENSMUSG00000069300;ENSMUSG00000075031;ENSMUSG00000044201;ENSMUSG00000105827;ENSMUSG00000064288;ENSMUSG00000095217;ENSMUSG00000058385;ENSMUSG00000039748;ENSMUSG00000049932;ENSMUSG00000017146;ENSMUSG00000094338;ENSMUSG00000056895;ENSMUSG00000069274;ENSMUSG00000069305;ENSMUSG00000061482;ENSMUSG00000032113;ENSMUSG00000030528;ENSMUSG00000069266;ENSMUSG00000034329;ENSMUSG00000069306;ENSMUSG00000036875;ENSMUSG00000057406;ENSMUSG00000069303;ENSMUSG00000031016			False	False	False	False
thymus	R-MMU-69481_G2_M_CHECKPOINTS	0.02031970263481579	5	5	0	0.02031970263481579	5	5	0	-0.13639187098335528	5.0	0.0	5.0	-0.13639187098335528	5.0	0.0	5.0	-3.295833346160606	0.0	0.0	ENSMUSG00000062727;ENSMUSG00000027715;ENSMUSG00000019942;ENSMUSG00000017499;ENSMUSG00000041431;ENSMUSG00000069300;ENSMUSG00000075031;ENSMUSG00000032218;ENSMUSG00000044201;ENSMUSG00000105827;ENSMUSG00000064288;ENSMUSG00000095217;ENSMUSG00000026669;ENSMUSG00000058385;ENSMUSG00000039748;ENSMUSG00000042489;ENSMUSG00000049932;ENSMUSG00000000028;ENSMUSG00000017146;ENSMUSG00000094338;ENSMUSG00000056895;ENSMUSG00000069274;ENSMUSG00000069305;ENSMUSG00000061482;ENSMUSG00000032113;ENSMUSG00000022385;ENSMUSG00000030528;ENSMUSG00000069266;ENSMUSG00000034329;ENSMUSG00000023908;ENSMUSG00000069306;ENSMUSG00000041859;ENSMUSG00000036875;ENSMUSG00000005410;ENSMUSG00000057406;ENSMUSG00000026355;ENSMUSG00000029730;ENSMUSG00000069303;ENSMUSG00000002870;ENSMUSG00000022673;ENSMUSG00000031016			False	False	False	False
thymus	R-MMU-69618_MITOTIC_SPINDLE_CHECKPOINT	-0.006371649907473684	5	0	5	-0.006371649907473684	5	0	5	-0.1883888788466186	5.0	0.0	5.0	-0.18838887884661862	5.0	0.0	5.0	-2.8851260084728887	0.0	0.0	ENSMUSG00000028678;ENSMUSG00000023940;ENSMUSG00000040084;ENSMUSG00000074476;ENSMUSG00000024056;ENSMUSG00000020897;ENSMUSG00000026039;ENSMUSG00000006398;ENSMUSG00000029414;ENSMUSG00000005233;ENSMUSG00000001403;ENSMUSG00000030867;ENSMUSG00000027379;ENSMUSG00000026605;ENSMUSG00000045328;ENSMUSG00000026683;ENSMUSG00000028873;ENSMUSG00000029177;ENSMUSG00000068101;ENSMUSG00000029910;ENSMUSG00000024660			False	False	True	True
thymus	R-MMU-69620_CELL_CYCLE_CHECKPOINTS	-0.12240321088147366	5	0	5	-0.12240321088147366	5	0	5	-0.14753069063378768	5.0	0.0	5.0	-0.1475306906337877	5.0	0.0	5.0	-3.6332925268824807	0.0	0.0	ENSMUSG00000062727;ENSMUSG00000027715;ENSMUSG00000019942;ENSMUSG00000017499;ENSMUSG00000041431;ENSMUSG00000069300;ENSMUSG00000075031;ENSMUSG00000032218;ENSMUSG00000028678;ENSMUSG00000044201;ENSMUSG00000023940;ENSMUSG00000040084;ENSMUSG00000074476;ENSMUSG00000105827;ENSMUSG00000024056;ENSMUSG00000020897;ENSMUSG00000026039;ENSMUSG00000006398;ENSMUSG00000029414;ENSMUSG00000064288;ENSMUSG00000005233;ENSMUSG00000001403;ENSMUSG00000030867;ENSMUSG00000095217;ENSMUSG00000027379;ENSMUSG00000028212;ENSMUSG00000026605;ENSMUSG00000045328;ENSMUSG00000026669;ENSMUSG00000026683;ENSMUSG00000028873;ENSMUSG00000058385;ENSMUSG00000039748;ENSMUSG00000042489;ENSMUSG00000049932;ENSMUSG00000000028;ENSMUSG00000017146;ENSMUSG00000094338;ENSMUSG00000056895;ENSMUSG00000069274;ENSMUSG00000069305;ENSMUSG00000061482;ENSMUSG00000032113;ENSMUSG00000029177;ENSMUSG00000022385;ENSMUSG00000030528;ENSMUSG00000069266;ENSMUSG00000068101;ENSMUSG00000034329;ENSMUSG00000029910;ENSMUSG00000002068;ENSMUSG00000023908;ENSMUSG00000069306;ENSMUSG00000041859;ENSMUSG00000036875;ENSMUSG00000024660;ENSMUSG00000005410;ENSMUSG00000057406;ENSMUSG00000026355;ENSMUSG00000029730;ENSMUSG00000069303;ENSMUSG00000002870;ENSMUSG00000022673;ENSMUSG00000031016			False	False	True	True
thymus	R-MMU-71291_METABOLISM_OF_AMINO_ACIDS_AND_DERIVATIVES	0.2974644997898246	5	4	1	0.2974644997898246	5	4	1	0.009367539824584804	5.0	3.0	2.0	0.009367539824584804	5.0	3.0	2.0	1.4830929785797529	0.03076923076923077	0.1245557321712418	ENSMUSG00000019987;ENSMUSG00000000308;ENSMUSG00000029811;ENSMUSG00000009614;ENSMUSG00000027360;ENSMUSG00000027199;ENSMUSG00000052026;ENSMUSG00000030630;ENSMUSG00000007655;ENSMUSG00000029752;ENSMUSG00000020017;ENSMUSG00000028011;ENSMUSG00000040181;ENSMUSG00000023232;ENSMUSG00000026473;ENSMUSG00000001270			False	False	True	True
thymus	R-MMU-71387_METABOLISM_OF_CARBOHYDRATES_AND_CARBOHYDRATE_DERIVATIVES	0.006353595440350845	5	2	3	0.006353595440350845	5	2	3	0.015767336750162536	5.0	5.0	0.0	0.015767336750162536	5.0	5.0	0.0	1.184849109230529	0.19382022471910113	0.38514780100937274	ENSMUSG00000028307;ENSMUSG00000027513;ENSMUSG00000053279;ENSMUSG00000033849;ENSMUSG00000019929;ENSMUSG00000041577;ENSMUSG00000032911;ENSMUSG00000055653;ENSMUSG00000021069;ENSMUSG00000039497;ENSMUSG00000031375;ENSMUSG00000070407;ENSMUSG00000020592;ENSMUSG00000033350;ENSMUSG00000042082;ENSMUSG00000021390;ENSMUSG00000027221;ENSMUSG00000041936;ENSMUSG00000032648;ENSMUSG00000017009;ENSMUSG00000025743;ENSMUSG00000036446;ENSMUSG00000031119;ENSMUSG00000060600;ENSMUSG00000005087;ENSMUSG00000008461;ENSMUSG00000035459			False	False	True	True
thymus	R-MMU-72649_TRANSLATION_INITIATION_COMPLEX_FORMATION	0.0029252922928157893	5	4	1	0.0029252922928157893	5	4	1	-0.006572985666293107	5.0	1.0	4.0	-0.006572985666293107	5.0	1.0	4.0	-1.940208944604595	0.0037313432835820895	0.0009546537186939419	ENSMUSG00000008683;ENSMUSG00000068240;ENSMUSG00000061477;ENSMUSG00000034892;ENSMUSG00000039001;ENSMUSG00000025362;ENSMUSG00000061983;ENSMUSG00000067288;ENSMUSG00000024608;ENSMUSG00000090733;ENSMUSG00000008668;ENSMUSG00000044533;ENSMUSG00000050621			False	False	False	False
thymus	R-MMU-72662_ACTIVATION_OF_THE_MRNA_UPON_BINDING_OF_THE_CAP_BINDING_COMPLEX_AND_EIFS_AND_SUBSEQUENT_BINDING_TO_43S	0.0008362232294824565	5	2	3	0.0008362232294824565	5	2	3	-0.006572985666293107	5.0	1.0	4.0	-0.006572985666293107	5.0	1.0	4.0	-1.940208944604595	0.0037313432835820895	0.0009546537186939419	ENSMUSG00000008683;ENSMUSG00000068240;ENSMUSG00000061477;ENSMUSG00000034892;ENSMUSG00000039001;ENSMUSG00000025362;ENSMUSG00000061983;ENSMUSG00000067288;ENSMUSG00000024608;ENSMUSG00000090733;ENSMUSG00000008668;ENSMUSG00000044533;ENSMUSG00000050621			False	False	False	False
thymus	R-MMU-72689_FORMATION_OF_A_POOL_OF_FREE_40S_SUBUNITS	-0.1845850855389473	5	1	4	-0.18458508553894734	5	1	4	-0.004471180122290442	5.0	2.0	3.0	-0.004471180122290442	5.0	2.0	3.0	-2.217567462479505	0.0	2.1520243375601983e-05	ENSMUSG00000060377;ENSMUSG00000079641;ENSMUSG00000058443;ENSMUSG00000008683;ENSMUSG00000068240;ENSMUSG00000061477;ENSMUSG00000039221;ENSMUSG00000034892;ENSMUSG00000039001;ENSMUSG00000025362;ENSMUSG00000061983;ENSMUSG00000067288;ENSMUSG00000024608;ENSMUSG00000090733;ENSMUSG00000062006;ENSMUSG00000008668;ENSMUSG00000057322;ENSMUSG00000044533;ENSMUSG00000062997;ENSMUSG00000007892;ENSMUSG00000025508;ENSMUSG00000050621			False	False	True	True
thymus	R-MMU-72706_GTP_HYDROLYSIS_AND_JOINING_OF_THE_60S_RIBOSOMAL_SUBUNIT	-0.0021200436162280723	5	1	4	-0.002120043616228073	5	1	4	-0.004471180122290442	5.0	2.0	3.0	-0.004471180122290442	5.0	2.0	3.0	-2.217567462479505	0.0	2.1520243375601983e-05	ENSMUSG00000060377;ENSMUSG00000079641;ENSMUSG00000058443;ENSMUSG00000008683;ENSMUSG00000068240;ENSMUSG00000061477;ENSMUSG00000039221;ENSMUSG00000034892;ENSMUSG00000039001;ENSMUSG00000025362;ENSMUSG00000061983;ENSMUSG00000067288;ENSMUSG00000024608;ENSMUSG00000090733;ENSMUSG00000062006;ENSMUSG00000008668;ENSMUSG00000057322;ENSMUSG00000044533;ENSMUSG00000062997;ENSMUSG00000007892;ENSMUSG00000025508;ENSMUSG00000050621			False	False	True	True
thymus	R-MMU-73857_RNA_POLYMERASE_II_TRANSCRIPTION	-0.11496207247368409	5	0	5	-0.11496207247368409	5	0	5	-0.056543790709109906	5.0	0.0	5.0	-0.056543790709109906	5.0	0.0	5.0	-3.062587399521247	0.0	0.0	ENSMUSG00000069301;ENSMUSG00000069310;ENSMUSG00000069267;ENSMUSG00000062727;ENSMUSG00000027715;ENSMUSG00000069302;ENSMUSG00000061615;ENSMUSG00000019942;ENSMUSG00000074403;ENSMUSG00000041431;ENSMUSG00000094777;ENSMUSG00000069309;ENSMUSG00000069300;ENSMUSG00000071478;ENSMUSG00000075031;ENSMUSG00000064220;ENSMUSG00000069272;ENSMUSG00000044201;ENSMUSG00000105827;ENSMUSG00000020897;ENSMUSG00000101355;ENSMUSG00000064288;ENSMUSG00000020185;ENSMUSG00000027469;ENSMUSG00000101972;ENSMUSG00000095217;ENSMUSG00000099517;ENSMUSG00000028212;ENSMUSG00000027496;ENSMUSG00000046179;ENSMUSG00000058385;ENSMUSG00000039748;ENSMUSG00000049932;ENSMUSG00000071516;ENSMUSG00000017146;ENSMUSG00000094338;ENSMUSG00000056895;ENSMUSG00000061991;ENSMUSG00000069274;ENSMUSG00000069305;ENSMUSG00000061482;ENSMUSG00000032113;ENSMUSG00000030528;ENSMUSG00000069266;ENSMUSG00000069273;ENSMUSG00000034329;ENSMUSG00000002068;ENSMUSG00000069306;ENSMUSG00000027342;ENSMUSG00000036875;ENSMUSG00000022360;ENSMUSG00000029687;ENSMUSG00000025507;ENSMUSG00000093769;ENSMUSG00000094248;ENSMUSG00000081058;ENSMUSG00000000782;ENSMUSG00000021377;ENSMUSG00000069303;ENSMUSG00000034165;ENSMUSG00000052293;ENSMUSG00000038482;ENSMUSG00000020423;ENSMUSG00000060981;ENSMUSG00000028150;ENSMUSG00000040209;ENSMUSG00000028211;ENSMUSG00000042810;ENSMUSG00000018102;ENSMUSG00000063954;ENSMUSG00000040274;ENSMUSG00000015619;ENSMUSG00000027985;ENSMUSG00000022475;ENSMUSG00000044807			False	False	True	True
thymus	R-MMU-73884_BASE_EXCISION_REPAIR	-0.0010044805604035104	5	2	3	-0.0010044805604035104	5	2	3	-0.12847990973038045	5.0	0.0	5.0	-0.12847990973038045	5.0	0.0	5.0	-3.1485166406503446	0.0	0.0	ENSMUSG00000069301;ENSMUSG00000062727;ENSMUSG00000069302;ENSMUSG00000061615;ENSMUSG00000094777;ENSMUSG00000069309;ENSMUSG00000069300;ENSMUSG00000071478;ENSMUSG00000075031;ENSMUSG00000064220;ENSMUSG00000069272;ENSMUSG00000105827;ENSMUSG00000039396;ENSMUSG00000064288;ENSMUSG00000095217;ENSMUSG00000058385;ENSMUSG00000049932;ENSMUSG00000071516;ENSMUSG00000094338;ENSMUSG00000007080;ENSMUSG00000056895;ENSMUSG00000061991;ENSMUSG00000069274;ENSMUSG00000069305;ENSMUSG00000061482;ENSMUSG00000069266;ENSMUSG00000056394;ENSMUSG00000069306;ENSMUSG00000027342;ENSMUSG00000024742;ENSMUSG00000094248;ENSMUSG00000069303;ENSMUSG00000038644			False	False	True	True
thymus	R-MMU-73886_CHROMOSOME_MAINTENANCE	-0.12194606173577194	5	0	5	-0.12194606173577194	5	0	5	-0.1298893212252908	5.0	0.0	5.0	-0.1298893212252908	5.0	0.0	5.0	-3.2451112215223454	0.0	0.0	ENSMUSG00000069301;ENSMUSG00000062727;ENSMUSG00000027715;ENSMUSG00000069302;ENSMUSG00000061615;ENSMUSG00000094777;ENSMUSG00000069309;ENSMUSG00000069300;ENSMUSG00000071478;ENSMUSG00000075031;ENSMUSG00000064220;ENSMUSG00000069272;ENSMUSG00000105827;ENSMUSG00000041064;ENSMUSG00000064288;ENSMUSG00000095217;ENSMUSG00000058385;ENSMUSG00000047534;ENSMUSG00000049932;ENSMUSG00000071516;ENSMUSG00000094338;ENSMUSG00000056895;ENSMUSG00000061991;ENSMUSG00000069274;ENSMUSG00000069305;ENSMUSG00000061482;ENSMUSG00000029177;ENSMUSG00000030528;ENSMUSG00000069266;ENSMUSG00000068101;ENSMUSG00000056394;ENSMUSG00000069306;ENSMUSG00000027342;ENSMUSG00000036875;ENSMUSG00000024742;ENSMUSG00000006678;ENSMUSG00000094248;ENSMUSG00000069303;ENSMUSG00000038644;ENSMUSG00000044783;ENSMUSG00000060981			False	False	True	True
thymus	R-MMU-73887_DEATH_RECEPTOR_SIGNALING	0.2138089368473684	5	5	0	0.2138089368473684	5	5	0	0.0031120971065492055	5.0	3.0	2.0	0.0031120971065492055	5.0	3.0	2.0	-0.44336984678667557	0.9982174688057041	1.0	ENSMUSG00000027699;ENSMUSG00000068240;ENSMUSG00000024778;ENSMUSG00000027381;ENSMUSG00000019850;ENSMUSG00000037552;ENSMUSG00000039621;ENSMUSG00000040940;ENSMUSG00000040687;ENSMUSG00000024401;ENSMUSG00000021025			False	False	True	False
thymus	R-MMU-73894_DNA_REPAIR	-1.0068827600368422	5	0	5	-1.0068827600368422	5	0	5	-0.12048412179201842	5.0	0.0	5.0	-0.12048412179201842	5.0	0.0	5.0	-3.4372225015500932	0.0	0.0	ENSMUSG00000069301;ENSMUSG00000062727;ENSMUSG00000027715;ENSMUSG00000069302;ENSMUSG00000061615;ENSMUSG00000094777;ENSMUSG00000069309;ENSMUSG00000069300;ENSMUSG00000040204;ENSMUSG00000071478;ENSMUSG00000075031;ENSMUSG00000064220;ENSMUSG00000069272;ENSMUSG00000105827;ENSMUSG00000039396;ENSMUSG00000064288;ENSMUSG00000034023;ENSMUSG00000035455;ENSMUSG00000095217;ENSMUSG00000058385;ENSMUSG00000039748;ENSMUSG00000042489;ENSMUSG00000049932;ENSMUSG00000071516;ENSMUSG00000017146;ENSMUSG00000094338;ENSMUSG00000007080;ENSMUSG00000056895;ENSMUSG00000018362;ENSMUSG00000027323;ENSMUSG00000061991;ENSMUSG00000069274;ENSMUSG00000069305;ENSMUSG00000061482;ENSMUSG00000032113;ENSMUSG00000030528;ENSMUSG00000069266;ENSMUSG00000034206;ENSMUSG00000056394;ENSMUSG00000034329;ENSMUSG00000066878;ENSMUSG00000069306;ENSMUSG00000037474;ENSMUSG00000027342;ENSMUSG00000036875;ENSMUSG00000024742;ENSMUSG00000057406;ENSMUSG00000094248;ENSMUSG00000069303;ENSMUSG00000038644	DNA repair	complementary	False	True	True	True
thymus	R-MMU-73927_DEPURINATION	0.0026747948058947367	5	3	2	0.0026747948058947367	5	3	2	-0.12649214844180307	5.0	0.0	5.0	-0.12649214844180307	5.0	0.0	5.0	-3.0362240592387737	0.0	0.0	ENSMUSG00000069301;ENSMUSG00000062727;ENSMUSG00000069302;ENSMUSG00000061615;ENSMUSG00000094777;ENSMUSG00000069309;ENSMUSG00000069300;ENSMUSG00000071478;ENSMUSG00000075031;ENSMUSG00000064220;ENSMUSG00000069272;ENSMUSG00000105827;ENSMUSG00000039396;ENSMUSG00000064288;ENSMUSG00000095217;ENSMUSG00000058385;ENSMUSG00000049932;ENSMUSG00000071516;ENSMUSG00000094338;ENSMUSG00000056895;ENSMUSG00000061991;ENSMUSG00000069274;ENSMUSG00000069305;ENSMUSG00000061482;ENSMUSG00000069266;ENSMUSG00000069306;ENSMUSG00000094248;ENSMUSG00000069303			False	False	False	False
thymus	R-MMU-73929_BASE_EXCISION_REPAIR_AP_SITE_FORMATION	-0.0010129201592000007	5	2	3	-0.0010129201592000007	5	2	3	-0.12649214844180307	5.0	0.0	5.0	-0.12649214844180307	5.0	0.0	5.0	-3.0362240592387737	0.0	0.0	ENSMUSG00000069301;ENSMUSG00000062727;ENSMUSG00000069302;ENSMUSG00000061615;ENSMUSG00000094777;ENSMUSG00000069309;ENSMUSG00000069300;ENSMUSG00000071478;ENSMUSG00000075031;ENSMUSG00000064220;ENSMUSG00000069272;ENSMUSG00000105827;ENSMUSG00000039396;ENSMUSG00000064288;ENSMUSG00000095217;ENSMUSG00000058385;ENSMUSG00000049932;ENSMUSG00000071516;ENSMUSG00000094338;ENSMUSG00000056895;ENSMUSG00000061991;ENSMUSG00000069274;ENSMUSG00000069305;ENSMUSG00000061482;ENSMUSG00000069266;ENSMUSG00000069306;ENSMUSG00000094248;ENSMUSG00000069303			False	False	True	True
thymus	R-MMU-74160_GENE_EXPRESSION_TRANSCRIPTION	-0.054908735070175574	5	2	3	-0.054908735070175574	5	2	3	-0.054891032683736116	5.0	0.0	5.0	-0.054891032683736116	5.0	0.0	5.0	-3.058943852337666	0.0	0.0	ENSMUSG00000069301;ENSMUSG00000069310;ENSMUSG00000069267;ENSMUSG00000062727;ENSMUSG00000027715;ENSMUSG00000069302;ENSMUSG00000061615;ENSMUSG00000019942;ENSMUSG00000074403;ENSMUSG00000041431;ENSMUSG00000094777;ENSMUSG00000069309;ENSMUSG00000069300;ENSMUSG00000071478;ENSMUSG00000075031;ENSMUSG00000064220;ENSMUSG00000069272;ENSMUSG00000044201;ENSMUSG00000105827;ENSMUSG00000020897;ENSMUSG00000101355;ENSMUSG00000064288;ENSMUSG00000020185;ENSMUSG00000027469;ENSMUSG00000101972;ENSMUSG00000095217;ENSMUSG00000099517;ENSMUSG00000028212;ENSMUSG00000027496;ENSMUSG00000046179;ENSMUSG00000058385;ENSMUSG00000039748;ENSMUSG00000049932;ENSMUSG00000071516;ENSMUSG00000017146;ENSMUSG00000094338;ENSMUSG00000056895;ENSMUSG00000061991;ENSMUSG00000069274;ENSMUSG00000069305;ENSMUSG00000061482;ENSMUSG00000032113;ENSMUSG00000030528;ENSMUSG00000069266;ENSMUSG00000069273;ENSMUSG00000034329;ENSMUSG00000002068;ENSMUSG00000069306;ENSMUSG00000027342;ENSMUSG00000036875;ENSMUSG00000022360;ENSMUSG00000029687;ENSMUSG00000025507;ENSMUSG00000004099;ENSMUSG00000093769;ENSMUSG00000094248;ENSMUSG00000081058;ENSMUSG00000000782;ENSMUSG00000021377;ENSMUSG00000069303;ENSMUSG00000034165;ENSMUSG00000052293;ENSMUSG00000038482;ENSMUSG00000020423;ENSMUSG00000060981;ENSMUSG00000030680;ENSMUSG00000028150;ENSMUSG00000040209;ENSMUSG00000028211;ENSMUSG00000042810;ENSMUSG00000018102;ENSMUSG00000063954;ENSMUSG00000040274;ENSMUSG00000015619;ENSMUSG00000027985;ENSMUSG00000022475;ENSMUSG00000044807			False	False	True	True
thymus	R-MMU-76002_PLATELET_ACTIVATION_SIGNALING_AND_AGGREGATION	0.3485828727964912	5	5	0	0.3485828727964912	5	5	0	0.027401246621279567	5.0	5.0	0.0	0.027401246621279567	5.0	5.0	0.0	1.7255453748860565	0.0	0.03651756840231096	ENSMUSG00000021091;ENSMUSG00000039196;ENSMUSG00000002944;ENSMUSG00000029108;ENSMUSG00000021922;ENSMUSG00000040152;ENSMUSG00000022037;ENSMUSG00000032554;ENSMUSG00000023224;ENSMUSG00000026579;ENSMUSG00000009281;ENSMUSG00000033174;ENSMUSG00000021253;ENSMUSG00000045312;ENSMUSG00000022892;ENSMUSG00000037206;ENSMUSG00000066652;ENSMUSG00000025351;ENSMUSG00000030342;ENSMUSG00000038665;ENSMUSG00000029368;ENSMUSG00000026193;ENSMUSG00000000489;ENSMUSG00000046186;ENSMUSG00000049044;ENSMUSG00000018593;ENSMUSG00000020053;ENSMUSG00000062393;ENSMUSG00000056220;ENSMUSG00000028108;ENSMUSG00000031996;ENSMUSG00000062866;ENSMUSG00000028583;ENSMUSG00000020044;ENSMUSG00000027249;ENSMUSG00000032083;ENSMUSG00000034731;ENSMUSG00000022912;ENSMUSG00000033880;ENSMUSG00000029373;ENSMUSG00000024697;ENSMUSG00000030159;ENSMUSG00000042228;ENSMUSG00000027646;ENSMUSG00000023439;ENSMUSG00000024910;ENSMUSG00000001930;ENSMUSG00000054364;ENSMUSG00000020120;ENSMUSG00000023951			False	False	True	True
thymus	R-MMU-76005_RESPONSE_TO_ELEVATED_PLATELET_CYTOSOLIC_CA2	-0.1439751379473683	5	1	4	-0.1439751379473683	5	1	4	0.048036341916719204	5.0	5.0	0.0	0.048036341916719204	5.0	5.0	0.0	2.335164261044287	0.0	0.0	ENSMUSG00000021091;ENSMUSG00000039196;ENSMUSG00000002944;ENSMUSG00000029108;ENSMUSG00000021922;ENSMUSG00000040152;ENSMUSG00000022037;ENSMUSG00000032554;ENSMUSG00000023224;ENSMUSG00000026579;ENSMUSG00000009281;ENSMUSG00000021253;ENSMUSG00000045312;ENSMUSG00000022892;ENSMUSG00000037206;ENSMUSG00000066652;ENSMUSG00000025351;ENSMUSG00000030342;ENSMUSG00000029368;ENSMUSG00000026193;ENSMUSG00000000489;ENSMUSG00000046186;ENSMUSG00000018593;ENSMUSG00000020053;ENSMUSG00000028108;ENSMUSG00000031996;ENSMUSG00000062866;ENSMUSG00000020044;ENSMUSG00000032083;ENSMUSG00000022912;ENSMUSG00000033880;ENSMUSG00000029373			False	False	False	False
thymus	R-MMU-774815_NUCLEOSOME_ASSEMBLY	0.006516934444131579	5	4	1	0.006516934444131579	5	4	1	-0.12382845499815551	5.0	0.0	5.0	-0.12382845499815551	5.0	0.0	5.0	-3.045950414313807	0.0	0.0	ENSMUSG00000069301;ENSMUSG00000062727;ENSMUSG00000069302;ENSMUSG00000061615;ENSMUSG00000094777;ENSMUSG00000069309;ENSMUSG00000069300;ENSMUSG00000071478;ENSMUSG00000075031;ENSMUSG00000064220;ENSMUSG00000069272;ENSMUSG00000105827;ENSMUSG00000064288;ENSMUSG00000095217;ENSMUSG00000058385;ENSMUSG00000047534;ENSMUSG00000049932;ENSMUSG00000071516;ENSMUSG00000094338;ENSMUSG00000056895;ENSMUSG00000061991;ENSMUSG00000069274;ENSMUSG00000069305;ENSMUSG00000061482;ENSMUSG00000029177;ENSMUSG00000069266;ENSMUSG00000068101;ENSMUSG00000069306;ENSMUSG00000094248;ENSMUSG00000069303;ENSMUSG00000044783;ENSMUSG00000060981			False	False	False	False
thymus	R-MMU-8856688_GOLGI_TO_ER_RETROGRADE_TRANSPORT	-0.6729473669126315	5	0	5	-0.6729473669126315	5	0	5	-0.09889325177693893	5.0	0.0	5.0	-0.09889325177693892	5.0	0.0	5.0	-2.5561317173429647	0.0	0.0	ENSMUSG00000034311;ENSMUSG00000003779;ENSMUSG00000028678;ENSMUSG00000012443;ENSMUSG00000030677;ENSMUSG00000045328;ENSMUSG00000036768;ENSMUSG00000079553;ENSMUSG00000051378;ENSMUSG00000023015;ENSMUSG00000032254;ENSMUSG00000024795;ENSMUSG00000023004;ENSMUSG00000045136;ENSMUSG00000043091;ENSMUSG00000058672;ENSMUSG00000036752;ENSMUSG00000062380			False	False	True	True
thymus	R-MMU-8856825_CARGO_RECOGNITION_FOR_CLATHRIN_MEDIATED_ENDOCYTOSIS	-0.010388642403719298	5	1	4	-0.010388642403719298	5	1	4	0.013999119806469701	5.0	4.0	1.0	0.013999119806469701	5.0	4.0	1.0	1.0021906272272159	0.46	0.5952071259220232	ENSMUSG00000029999;ENSMUSG00000049791;ENSMUSG00000032554;ENSMUSG00000068923;ENSMUSG00000020122;ENSMUSG00000022150;ENSMUSG00000003882;ENSMUSG00000042249;ENSMUSG00000035864			False	False	False	False
thymus	R-MMU-8856828_CLATHRIN_MEDIATED_ENDOCYTOSIS	-0.12648753251263156	5	0	5	-0.12648753251263156	5	0	5	0.013676516582092063	5.0	4.0	1.0	0.013676516582092063	5.0	4.0	1.0	0.8980286825378179	0.5976744186046512	0.774361025435918	ENSMUSG00000029999;ENSMUSG00000049791;ENSMUSG00000032554;ENSMUSG00000000915;ENSMUSG00000068923;ENSMUSG00000020122;ENSMUSG00000022150;ENSMUSG00000003882;ENSMUSG00000042249;ENSMUSG00000035864			False	False	False	False
thymus	R-MMU-8878171_TRANSCRIPTIONAL_REGULATION_BY_RUNX1	0.0933349364385964	5	4	1	0.0933349364385964	5	4	1	-0.08138426869074747	5.0	0.0	5.0	-0.08138426869074747	5.0	0.0	5.0	-3.125538405399096	0.0	0.0	ENSMUSG00000069301;ENSMUSG00000069310;ENSMUSG00000069267;ENSMUSG00000062727;ENSMUSG00000069302;ENSMUSG00000061615;ENSMUSG00000074403;ENSMUSG00000094777;ENSMUSG00000069309;ENSMUSG00000069300;ENSMUSG00000071478;ENSMUSG00000075031;ENSMUSG00000064220;ENSMUSG00000069272;ENSMUSG00000105827;ENSMUSG00000101355;ENSMUSG00000064288;ENSMUSG00000101972;ENSMUSG00000095217;ENSMUSG00000099517;ENSMUSG00000058385;ENSMUSG00000049932;ENSMUSG00000071516;ENSMUSG00000094338;ENSMUSG00000056895;ENSMUSG00000061991;ENSMUSG00000069274;ENSMUSG00000069305;ENSMUSG00000061482;ENSMUSG00000069266;ENSMUSG00000069273;ENSMUSG00000069306;ENSMUSG00000093769;ENSMUSG00000094248;ENSMUSG00000081058;ENSMUSG00000069303;ENSMUSG00000034165			False	False	False	False
thymus	R-MMU-8936459_RUNX1_REGULATES_GENES_INVOLVED_IN_MEGAKARYOCYTE_DIFFERENTIATION_AND_PLATELET_FUNCTION	-0.003358511214350879	5	2	3	-0.003358511214350879	5	2	3	-0.11590401737796352	5.0	0.0	5.0	-0.11590401737796352	5.0	0.0	5.0	-3.2135072707159065	0.0	0.0	ENSMUSG00000069301;ENSMUSG00000069310;ENSMUSG00000069267;ENSMUSG00000062727;ENSMUSG00000069302;ENSMUSG00000061615;ENSMUSG00000074403;ENSMUSG00000094777;ENSMUSG00000069309;ENSMUSG00000069300;ENSMUSG00000071478;ENSMUSG00000075031;ENSMUSG00000064220;ENSMUSG00000069272;ENSMUSG00000105827;ENSMUSG00000101355;ENSMUSG00000064288;ENSMUSG00000101972;ENSMUSG00000095217;ENSMUSG00000099517;ENSMUSG00000058385;ENSMUSG00000049932;ENSMUSG00000071516;ENSMUSG00000094338;ENSMUSG00000056895;ENSMUSG00000061991;ENSMUSG00000069274;ENSMUSG00000069305;ENSMUSG00000061482;ENSMUSG00000069266;ENSMUSG00000069273;ENSMUSG00000069306;ENSMUSG00000093769;ENSMUSG00000094248;ENSMUSG00000081058;ENSMUSG00000069303			False	False	True	True
thymus	R-MMU-8939211_ESR_MEDIATED_SIGNALING	-0.41075057712739477	5	0	5	-0.41075057712739477	5	0	5	-0.05763082788474387	5.0	0.0	5.0	-0.05763082788474387	5.0	0.0	5.0	-2.6167241603433196	0.0	0.0	ENSMUSG00000069310;ENSMUSG00000069267;ENSMUSG00000062727;ENSMUSG00000074403;ENSMUSG00000069300;ENSMUSG00000075031;ENSMUSG00000105827;ENSMUSG00000101355;ENSMUSG00000064288;ENSMUSG00000101972;ENSMUSG00000095217;ENSMUSG00000099517;ENSMUSG00000058385;ENSMUSG00000094338;ENSMUSG00000056895;ENSMUSG00000069274;ENSMUSG00000069305;ENSMUSG00000061482;ENSMUSG00000069266;ENSMUSG00000069273;ENSMUSG00000069306;ENSMUSG00000093769;ENSMUSG00000081058;ENSMUSG00000069303			False	False	True	True
thymus	R-MMU-8951664_NEDDYLATION	-0.43208778926561403	5	0	5	-0.43208778926561403	5	0	5	-0.011275795293907192	5.0	2.0	3.0	-0.011275795293907192	5.0	2.0	3.0	-0.8510793600442016	0.6714031971580817	0.7483476965749957	ENSMUSG00000072082;ENSMUSG00000037474;ENSMUSG00000066892			False	False	True	True
thymus	R-MMU-8953854_METABOLISM_OF_RNA	-0.15961613078947354	5	0	5	-0.15961613078947354	5	0	5	-0.003835486635686125	5.0	2.0	3.0	-0.003835486635686125	5.0	2.0	3.0	-1.7940497076554327	0.0032626427406199023	0.005360013288261414	ENSMUSG00000109941;ENSMUSG00000060377;ENSMUSG00000079470;ENSMUSG00000079641;ENSMUSG00000058443;ENSMUSG00000049396;ENSMUSG00000008683;ENSMUSG00000030091;ENSMUSG00000068240;ENSMUSG00000061477;ENSMUSG00000030655;ENSMUSG00000029647;ENSMUSG00000039221;ENSMUSG00000102976;ENSMUSG00000034892;ENSMUSG00000039001;ENSMUSG00000033036;ENSMUSG00000025362;ENSMUSG00000061983;ENSMUSG00000067288;ENSMUSG00000024608;ENSMUSG00000090733;ENSMUSG00000042354;ENSMUSG00000062006;ENSMUSG00000008668;ENSMUSG00000057322;ENSMUSG00000044533;ENSMUSG00000062997;ENSMUSG00000109378;ENSMUSG00000007892;ENSMUSG00000025508;ENSMUSG00000050621;ENSMUSG00000044786			False	False	True	True
thymus	R-MMU-8953897_CELLULAR_RESPONSES_TO_STIMULI	0.09700162038771934	5	2	3	0.09700162038771934	5	2	3	-0.03388973651650127	5.0	0.0	5.0	-0.03388973651650127	5.0	0.0	5.0	-2.55950147315471	0.0	0.0	ENSMUSG00000069301;ENSMUSG00000062727;ENSMUSG00000027715;ENSMUSG00000069302;ENSMUSG00000061615;ENSMUSG00000094777;ENSMUSG00000069309;ENSMUSG00000069300;ENSMUSG00000071478;ENSMUSG00000075031;ENSMUSG00000064220;ENSMUSG00000069272;ENSMUSG00000058773;ENSMUSG00000105827;ENSMUSG00000064288;ENSMUSG00000001403;ENSMUSG00000095217;ENSMUSG00000028212;ENSMUSG00000058385;ENSMUSG00000049539;ENSMUSG00000049932;ENSMUSG00000071516;ENSMUSG00000094338;ENSMUSG00000056895;ENSMUSG00000061991;ENSMUSG00000069274;ENSMUSG00000069305;ENSMUSG00000061482;ENSMUSG00000069266;ENSMUSG00000002068;ENSMUSG00000069306;ENSMUSG00000024590;ENSMUSG00000023004;ENSMUSG00000029687;ENSMUSG00000094248;ENSMUSG00000045136;ENSMUSG00000024617;ENSMUSG00000043091;ENSMUSG00000069303;ENSMUSG00000046711;ENSMUSG00000058672;ENSMUSG00000036752;ENSMUSG00000060981;ENSMUSG00000032231;ENSMUSG00000022895;ENSMUSG00000062380;ENSMUSG00000078249;ENSMUSG00000032035;ENSMUSG00000018102;ENSMUSG00000063954;ENSMUSG00000040274;ENSMUSG00000035105			False	False	False	False
thymus	R-MMU-8957275_POST_TRANSLATIONAL_PROTEIN_PHOSPHORYLATION	0.28171635224912267	5	5	0	0.28171635224912267	5	5	0	0.04721924976586057	5.0	5.0	0.0	0.04721924976586057	5.0	5.0	0.0	2.3879636633217314	0.0	0.0	ENSMUSG00000063011;ENSMUSG00000073418;ENSMUSG00000003617;ENSMUSG00000091694;ENSMUSG00000002985;ENSMUSG00000024304;ENSMUSG00000026185;ENSMUSG00000032554;ENSMUSG00000027204;ENSMUSG00000026579;ENSMUSG00000001870;ENSMUSG00000036256;ENSMUSG00000029309;ENSMUSG00000057346;ENSMUSG00000022892;ENSMUSG00000025509;ENSMUSG00000055653;ENSMUSG00000025854;ENSMUSG00000024164;ENSMUSG00000029368;ENSMUSG00000026193;ENSMUSG00000039405;ENSMUSG00000017493;ENSMUSG00000024736;ENSMUSG00000021556;ENSMUSG00000045573;ENSMUSG00000020427;ENSMUSG00000044309;ENSMUSG00000050711;ENSMUSG00000029070;ENSMUSG00000028195;ENSMUSG00000031996;ENSMUSG00000030605;ENSMUSG00000032083			False	False	True	True
thymus	R-MMU-8957322_METABOLISM_OF_STEROIDS	-0.5799021726164035	5	0	5	-0.5799021726164035	5	0	5	-0.01431748110527308	5.0	2.0	3.0	-0.01431748110527308	5.0	2.0	3.0	-0.8242267761038745	0.7205623901581723	0.7899102298275479	ENSMUSG00000058258;ENSMUSG00000022351;ENSMUSG00000001467;ENSMUSG00000034926;ENSMUSG00000021670;ENSMUSG00000034156;ENSMUSG00000022463;ENSMUSG00000059743			False	False	True	True
thymus	R-MMU-8978868_FATTY_ACID_METABOLISM	0.13281242656140355	5	3	2	0.13281242656140355	5	3	2	0.02636673532200068	5.0	5.0	0.0	0.02636673532200068	5.0	5.0	0.0	1.8462047067192966	0.0023148148148148147	0.02166754478398314	ENSMUSG00000015090;ENSMUSG00000027359;ENSMUSG00000034853;ENSMUSG00000025701;ENSMUSG00000035686;ENSMUSG00000078937;ENSMUSG00000042010;ENSMUSG00000003484;ENSMUSG00000024087;ENSMUSG00000018924;ENSMUSG00000032487;ENSMUSG00000047250;ENSMUSG00000037071;ENSMUSG00000021214;ENSMUSG00000056220;ENSMUSG00000006344;ENSMUSG00000026003;ENSMUSG00000032281;ENSMUSG00000010651;ENSMUSG00000076435			False	False	True	True
thymus	R-MMU-8980692_RHOA_GTPASE_CYCLE	-0.812444811658421	5	0	5	-0.812444811658421	5	0	5	-0.005160451454333146	5.0	2.0	3.0	-0.005160451454333146	5.0	2.0	3.0	-1.3121738708570936	0.11208406304728546	0.15380356227731243	ENSMUSG00000021697;ENSMUSG00000036777;ENSMUSG00000022021;ENSMUSG00000027699;ENSMUSG00000023015;ENSMUSG00000028068;ENSMUSG00000041219;ENSMUSG00000025154	RHOA cytoskeletal cycle	complementary	True	True	True	True
thymus	R-MMU-9006925_INTRACELLULAR_SIGNALING_BY_SECOND_MESSENGERS	0.18998363843684213	5	5	0	0.18998363843684213	5	5	0	0.004638855677230935	5.0	4.0	1.0	0.004638855677230935	5.0	4.0	1.0	0.6164271673323329	0.9838709677419355	1.0	ENSMUSG00000029999;ENSMUSG00000026069;ENSMUSG00000000489;ENSMUSG00000020122;ENSMUSG00000005672;ENSMUSG00000032715;ENSMUSG00000019970;ENSMUSG00000019966;ENSMUSG00000029231;ENSMUSG00000031074;ENSMUSG00000027646;ENSMUSG00000022901;ENSMUSG00000036585;ENSMUSG00000025017;ENSMUSG00000023067;ENSMUSG00000018166;ENSMUSG00000003541;ENSMUSG00000075122;ENSMUSG00000030724			False	False	True	True
thymus	R-MMU-9006931_SIGNALING_BY_NUCLEAR_RECEPTORS	0.09433147672807018	5	3	2	0.09433147672807018	5	3	2	-0.040692774873256156	5.0	0.0	5.0	-0.040692774873256156	5.0	0.0	5.0	-2.412569057616289	0.0	0.0	ENSMUSG00000069310;ENSMUSG00000069267;ENSMUSG00000062727;ENSMUSG00000074403;ENSMUSG00000069300;ENSMUSG00000075031;ENSMUSG00000105827;ENSMUSG00000101355;ENSMUSG00000064288;ENSMUSG00000101972;ENSMUSG00000095217;ENSMUSG00000099517;ENSMUSG00000058385;ENSMUSG00000094338;ENSMUSG00000056895;ENSMUSG00000069274;ENSMUSG00000069305;ENSMUSG00000061482;ENSMUSG00000069266;ENSMUSG00000069273;ENSMUSG00000069306;ENSMUSG00000093769;ENSMUSG00000081058;ENSMUSG00000069303			False	False	False	False
thymus	R-MMU-9006934_SIGNALING_BY_RECEPTOR_TYROSINE_KINASES	0.10513728383333328	5	4	1	0.10513728383333328	5	4	1	0.02570273212859443	5.0	5.0	0.0	0.02570273212859443	5.0	5.0	0.0	1.8231330840238504	0.0	0.025227793962685176	ENSMUSG00000042254;ENSMUSG00000029999;ENSMUSG00000040152;ENSMUSG00000022225;ENSMUSG00000023885;ENSMUSG00000004098;ENSMUSG00000020422;ENSMUSG00000021702;ENSMUSG00000017607;ENSMUSG00000062960;ENSMUSG00000031502;ENSMUSG00000025969;ENSMUSG00000031503;ENSMUSG00000026193;ENSMUSG00000004791;ENSMUSG00000000489;ENSMUSG00000028019;ENSMUSG00000007655;ENSMUSG00000020122;ENSMUSG00000005672;ENSMUSG00000028047;ENSMUSG00000048126;ENSMUSG00000022114;ENSMUSG00000003518;ENSMUSG00000020053;ENSMUSG00000015950;ENSMUSG00000020176;ENSMUSG00000030513;ENSMUSG00000048373;ENSMUSG00000004933;ENSMUSG00000004951;ENSMUSG00000032584;ENSMUSG00000027315;ENSMUSG00000001119;ENSMUSG00000028238;ENSMUSG00000027297;ENSMUSG00000032715;ENSMUSG00000015340;ENSMUSG00000019970;ENSMUSG00000019966;ENSMUSG00000017737;ENSMUSG00000029231;ENSMUSG00000004864;ENSMUSG00000031074;ENSMUSG00000026837;ENSMUSG00000019889;ENSMUSG00000029304;ENSMUSG00000019846;ENSMUSG00000026042;ENSMUSG00000038764;ENSMUSG00000042228;ENSMUSG00000027646;ENSMUSG00000047414;ENSMUSG00000036585;ENSMUSG00000023951;ENSMUSG00000002602;ENSMUSG00000027239;ENSMUSG00000001507;ENSMUSG00000048583;ENSMUSG00000030447;ENSMUSG00000045672;ENSMUSG00000029287;ENSMUSG00000018166;ENSMUSG00000019302;ENSMUSG00000045322			False	False	True	True
thymus	R-MMU-9006936_SIGNALING_BY_TGFB_FAMILY_MEMBERS	0.016738941470859643	5	4	1	0.016738941470859643	5	4	1	0.02922819092066249	5.0	5.0	0.0	0.02922819092066249	5.0	5.0	0.0	1.4965544624720264	0.034912718204488775	0.11742739356293791	ENSMUSG00000026834;ENSMUSG00000025321;ENSMUSG00000024940;ENSMUSG00000027204;ENSMUSG00000001870;ENSMUSG00000021253;ENSMUSG00000040488;ENSMUSG00000025880;ENSMUSG00000026768;ENSMUSG00000000957;ENSMUSG00000038235			False	False	True	True
thymus	R-MMU-9007101_RAB_REGULATION_OF_TRAFFICKING	0.061776002603859646	5	5	0	0.061776002603859646	5	5	0	0.009166475641180219	5.0	3.0	2.0	0.009166475641180219	5.0	3.0	2.0	-0.9003749110725505	0.5901328273244781	0.6732507712254661	ENSMUSG00000038024;ENSMUSG00000040687;ENSMUSG00000032549;ENSMUSG00000002668;ENSMUSG00000044037;ENSMUSG00000028860;ENSMUSG00000039976;ENSMUSG00000044456;ENSMUSG00000053641;ENSMUSG00000036661;ENSMUSG00000052688;ENSMUSG00000027901;ENSMUSG00000035901;ENSMUSG00000038371			False	False	True	False
thymus	R-MMU-9009391_EXTRA_NUCLEAR_ESTROGEN_SIGNALING	0.004076534123866665	5	4	1	0.004076534123866665	5	4	1	0.021397844788579645	5.0	5.0	0.0	0.021397844788579645	5.0	5.0	0.0	1.1774723780760294	0.24421052631578946	0.3887977578134336	ENSMUSG00000029999;ENSMUSG00000018623;ENSMUSG00000000058;ENSMUSG00000007655;ENSMUSG00000020122;ENSMUSG00000004951;ENSMUSG00000017737;ENSMUSG00000027646;ENSMUSG00000023439;ENSMUSG00000043004;ENSMUSG00000031740;ENSMUSG00000025739;ENSMUSG00000019768;ENSMUSG00000029378;ENSMUSG00000027669			False	False	True	True
thymus	R-MMU-9012999_RHO_GTPASE_CYCLE	-0.647662682062807	5	0	5	-0.647662682062807	5	0	5	0.004428244200237605	5.0	5.0	0.0	0.004428244200237605	5.0	5.0	0.0	-0.871028145045566	0.71875	0.7177370396334883	ENSMUSG00000041498;ENSMUSG00000021697;ENSMUSG00000036777;ENSMUSG00000022021;ENSMUSG00000027699;ENSMUSG00000023015;ENSMUSG00000028068;ENSMUSG00000041219;ENSMUSG00000025154;ENSMUSG00000024590;ENSMUSG00000023004			False	False	False	True
thymus	R-MMU-9013026_RHOB_GTPASE_CYCLE	0.014002529794736837	5	4	1	0.014002529794736837	5	4	1	-0.007575388812709902	5.0	2.0	3.0	-0.007575388812709902	5.0	2.0	3.0	-1.3987891300096258	0.09426987060998152	0.09921344582899552	ENSMUSG00000021697;ENSMUSG00000036777;ENSMUSG00000022021;ENSMUSG00000027699;ENSMUSG00000023015;ENSMUSG00000028068			False	False	False	False
thymus	R-MMU-9013106_RHOC_GTPASE_CYCLE	-0.0022735681345192995	5	1	4	-0.0022735681345192995	5	1	4	-0.01125515712633395	5.0	1.0	4.0	-0.01125515712633395	5.0	1.0	4.0	-1.411645257100138	0.09764918625678119	0.09253206378408739	ENSMUSG00000021697;ENSMUSG00000036777;ENSMUSG00000022021;ENSMUSG00000023015;ENSMUSG00000028068			False	False	True	True
thymus	R-MMU-9013148_CDC42_GTPASE_CYCLE	0.009135002854575438	5	5	0	0.009135002854575438	5	5	0	0.009373258473833607	5.0	4.0	1.0	0.009373258473833607	5.0	4.0	1.0	-0.7657600490730571	0.8062283737024222	0.8639584045901543	ENSMUSG00000021697;ENSMUSG00000027699;ENSMUSG00000023015			False	False	True	False
thymus	R-MMU-9013149_RAC1_GTPASE_CYCLE	-0.300010485439621	5	0	5	-0.300010485439621	5	0	5	0.004120515008389211	5.0	5.0	0.0	0.004120515008389211	5.0	5.0	0.0	-0.8966154358921705	0.6459016393442623	0.676470916975902	ENSMUSG00000021697;ENSMUSG00000022021;ENSMUSG00000027699;ENSMUSG00000023015;ENSMUSG00000028068			False	False	False	True
thymus	R-MMU-9013404_RAC2_GTPASE_CYCLE	-0.0014726339883859643	5	2	3	-0.0014726339883859643	5	2	3	-0.005340391814565493	5.0	1.0	4.0	-0.005340391814565493	5.0	1.0	4.0	-1.2171240269822583	0.2047970479704797	0.2357018882316901	ENSMUSG00000021697;ENSMUSG00000022021;ENSMUSG00000023015			False	False	True	True
thymus	R-MMU-9013406_RHOQ_GTPASE_CYCLE	-0.03412942475543859	5	1	4	-0.034129424755438585	5	1	4	-0.008045718231256289	5.0	2.0	3.0	-0.008045718231256289	5.0	2.0	3.0	-1.1415802816749059	0.2916666666666667	0.3209054548080792	ENSMUSG00000021697;ENSMUSG00000022021;ENSMUSG00000028068			False	False	True	True
thymus	R-MMU-9013423_RAC3_GTPASE_CYCLE	-0.0022570059739982465	5	2	3	-0.0022570059739982465	5	2	3	0.005479541401006921	5.0	4.0	1.0	0.005479541401006921	5.0	4.0	1.0	-1.018083313309807	0.41911764705882354	0.4936288874772302	ENSMUSG00000021697;ENSMUSG00000022021;ENSMUSG00000023015			False	False	False	True
thymus	R-MMU-913531_INTERFERON_SIGNALING	-0.02979958338285966	5	3	2	-0.029799583382859658	5	3	2	-0.009061237668788209	5.0	0.0	5.0	-0.009061237668788209	5.0	0.0	5.0	-1.3095922200937822	0.1232876712328767	0.15506308297990318	ENSMUSG00000019942;ENSMUSG00000023004;ENSMUSG00000045136;ENSMUSG00000024617;ENSMUSG00000038037;ENSMUSG00000043091;ENSMUSG00000058672;ENSMUSG00000036752;ENSMUSG00000062380;ENSMUSG00000020009;ENSMUSG00000068240;ENSMUSG00000024222			False	False	True	True
thymus	R-MMU-936837_ION_TRANSPORT_BY_P_TYPE_ATPASES	0.046501690837894724	5	3	2	0.046501690837894724	5	3	2	0.011116219951530504	5.0	4.0	1.0	0.011116219951530504	5.0	4.0	1.0	1.0627252996479457	0.3436123348017621	0.5329247776976689	ENSMUSG00000007097;ENSMUSG00000066705;ENSMUSG00000030302;ENSMUSG00000057092;ENSMUSG00000057897;ENSMUSG00000038583;ENSMUSG00000021983;ENSMUSG00000046808;ENSMUSG00000027546			False	False	True	True
thymus	R-MMU-937061_TRIF_TICAM1_MEDIATED_TLR4_SIGNALING	-0.0025883259641017544	5	1	4	-0.0025883259641017544	5	1	4	0.028169549887991148	5.0	5.0	0.0	0.028169549887991148	5.0	5.0	0.0	1.067225983473276	0.34945054945054943	0.5283437619478353	ENSMUSG00000025498;ENSMUSG00000022892;ENSMUSG00000051439;ENSMUSG00000060477;ENSMUSG00000003518;ENSMUSG00000052684;ENSMUSG00000038058;ENSMUSG00000046688;ENSMUSG00000030107;ENSMUSG00000032577;ENSMUSG00000053137;ENSMUSG00000074151;ENSMUSG00000025225;ENSMUSG00000032000;ENSMUSG00000064289;ENSMUSG00000021250;ENSMUSG00000046709			False	False	False	False
thymus	R-MMU-9612973_AUTOPHAGY	-0.15570222705403508	5	0	5	-0.15570222705403508	5	0	5	-0.02408861384832494	5.0	0.0	5.0	-0.02408861384832494	5.0	0.0	5.0	-1.6321230265134616	0.028735632183908046	0.02210245562659275	ENSMUSG00000023004;ENSMUSG00000045136;ENSMUSG00000043091;ENSMUSG00000058672;ENSMUSG00000036752;ENSMUSG00000062380;ENSMUSG00000068240			False	False	True	True
thymus	R-MMU-9648025_EML4_AND_NUDC_IN_MITOTIC_SPINDLE_FORMATION	0.0033983786596280706	5	4	1	0.0033983786596280706	5	4	1	-0.14590251598071954	5.0	0.0	5.0	-0.14590251598071954	5.0	0.0	5.0	-2.859507315378917	0.0	0.0	ENSMUSG00000028678;ENSMUSG00000023940;ENSMUSG00000040084;ENSMUSG00000074476;ENSMUSG00000024056;ENSMUSG00000020897;ENSMUSG00000026039;ENSMUSG00000006398;ENSMUSG00000029414;ENSMUSG00000005233;ENSMUSG00000030867;ENSMUSG00000027379;ENSMUSG00000026605;ENSMUSG00000045328;ENSMUSG00000026683;ENSMUSG00000028873;ENSMUSG00000029177;ENSMUSG00000068101;ENSMUSG00000029910;ENSMUSG00000024660;ENSMUSG00000023004;ENSMUSG00000045136;ENSMUSG00000043091;ENSMUSG00000058672;ENSMUSG00000036752			False	False	False	False
thymus	R-MMU-9670095_INHIBITION_OF_DNA_RECOMBINATION_AT_TELOMERE	-0.0004803970758526316	5	3	2	-0.0004803970758526316	5	3	2	-0.1223839309391889	5.0	0.0	5.0	-0.1223839309391889	5.0	0.0	5.0	-2.996501485024928	0.0	0.0	ENSMUSG00000069301;ENSMUSG00000062727;ENSMUSG00000069302;ENSMUSG00000061615;ENSMUSG00000094777;ENSMUSG00000069309;ENSMUSG00000069300;ENSMUSG00000071478;ENSMUSG00000075031;ENSMUSG00000064220;ENSMUSG00000069272;ENSMUSG00000105827;ENSMUSG00000064288;ENSMUSG00000095217;ENSMUSG00000058385;ENSMUSG00000049932;ENSMUSG00000071516;ENSMUSG00000094338;ENSMUSG00000056895;ENSMUSG00000061991;ENSMUSG00000069274;ENSMUSG00000069305;ENSMUSG00000061482;ENSMUSG00000069266;ENSMUSG00000069306;ENSMUSG00000094248;ENSMUSG00000069303			False	False	True	True
thymus	R-MMU-9675108_NERVOUS_SYSTEM_DEVELOPMENT	-0.049180266642105196	5	3	2	-0.049180266642105196	5	3	2	0.011098647079388268	5.0	4.0	1.0	0.011098647079388268	5.0	4.0	1.0	0.9110555257471863	0.6750700280112045	0.7514798859480567	ENSMUSG00000024924;ENSMUSG00000041351;ENSMUSG00000074899;ENSMUSG00000039116;ENSMUSG00000021662;ENSMUSG00000004098;ENSMUSG00000031502;ENSMUSG00000059495;ENSMUSG00000042453;ENSMUSG00000022231;ENSMUSG00000031503;ENSMUSG00000027200;ENSMUSG00000029168;ENSMUSG00000020122;ENSMUSG00000048126;ENSMUSG00000020176;ENSMUSG00000039115;ENSMUSG00000002233;ENSMUSG00000056427;ENSMUSG00000001119;ENSMUSG00000030579			False	False	False	False
thymus	R-MMU-9696270_RND2_GTPASE_CYCLE	0.0001508004447982458	5	4	1	0.0001508004447982458	5	4	1	-0.0033865442310273552	5.0	1.0	4.0	-0.0033865442310273552	5.0	1.0	4.0	-1.090798930376533	0.332089552238806	0.3860589744302357	ENSMUSG00000041498;ENSMUSG00000021697			False	False	False	False
thymus	R-MMU-9696273_RND1_GTPASE_CYCLE	0.023539559241122825	5	4	1	0.023539559241122825	5	4	1	0.0029092370546533906	5.0	3.0	2.0	0.0029092370546533906	5.0	3.0	2.0	-1.1380071317743272	0.2828096118299446	0.3240893773785101	ENSMUSG00000041498;ENSMUSG00000021697			False	False	True	False
thymus	R-MMU-9709957_SENSORY_PERCEPTION	-0.06014928986614039	5	0	5	-0.06014928986614039	5	0	5	0.024516375900058753	5.0	5.0	0.0	0.024516375900058753	5.0	5.0	0.0	1.597063411910096	0.0196078431372549	0.06998213222156045	ENSMUSG00000002992;ENSMUSG00000015568;ENSMUSG00000002985;ENSMUSG00000040249;ENSMUSG00000032080;ENSMUSG00000055653;ENSMUSG00000020592;ENSMUSG00000021214;ENSMUSG00000032083;ENSMUSG00000041936;ENSMUSG00000017009;ENSMUSG00000023439;ENSMUSG00000025743;ENSMUSG00000031119;ENSMUSG00000024990;ENSMUSG00000032327			False	False	False	False
thymus	R-MMU-9711123_CELLULAR_RESPONSE_TO_CHEMICAL_STRESS	0.010456862604166669	5	4	1	0.010456862604166669	5	4	1	0.023663098194117597	5.0	5.0	0.0	0.023663098194117597	5.0	5.0	0.0	1.352495520987231	0.09443099273607748	0.2069847960258919	ENSMUSG00000052305;ENSMUSG00000064354;ENSMUSG00000064358;ENSMUSG00000069919;ENSMUSG00000029368;ENSMUSG00000018339;ENSMUSG00000015950;ENSMUSG00000015340;ENSMUSG00000073940			False	False	True	True
thymus	R-MMU-9716542_SIGNALING_BY_RHO_GTPASES_MIRO_GTPASES_AND_RHOBTB3	-0.03435256448429825	5	2	3	-0.03435256448429824	5	2	3	-0.0262997328865913	5.0	0.0	5.0	-0.0262997328865913	5.0	0.0	5.0	-2.12778375689714	0.0	8.544333666164935e-05	ENSMUSG00000028678;ENSMUSG00000044201;ENSMUSG00000023940;ENSMUSG00000041498;ENSMUSG00000040084;ENSMUSG00000038943;ENSMUSG00000074476;ENSMUSG00000024056;ENSMUSG00000020897;ENSMUSG00000026039;ENSMUSG00000006398;ENSMUSG00000029414;ENSMUSG00000005233;ENSMUSG00000030867;ENSMUSG00000027379;ENSMUSG00000021697;ENSMUSG00000026605;ENSMUSG00000045328;ENSMUSG00000026683;ENSMUSG00000028873;ENSMUSG00000036777;ENSMUSG00000022021;ENSMUSG00000027699;ENSMUSG00000029177;ENSMUSG00000023015;ENSMUSG00000068101;ENSMUSG00000029910;ENSMUSG00000002068;ENSMUSG00000028068;ENSMUSG00000041219;ENSMUSG00000024660;ENSMUSG00000025154;ENSMUSG00000024590;ENSMUSG00000023004;ENSMUSG00000045136;ENSMUSG00000043091;ENSMUSG00000058672;ENSMUSG00000053965;ENSMUSG00000036752;ENSMUSG00000000409			False	False	True	True
thymus	R-MMU-9748784_DRUG_ADME	0.19422263429122816	5	5	0	0.19422263429122816	5	5	0	0.02265664820174772	5.0	5.0	0.0	0.02265664820174772	5.0	5.0	0.0	1.4278317826295785	0.06153846153846154	0.15203309985743507	ENSMUSG00000074207;ENSMUSG00000090175;ENSMUSG00000056973;ENSMUSG00000054545;ENSMUSG00000025934;ENSMUSG00000089960;ENSMUSG00000029368;ENSMUSG00000090124;ENSMUSG00000021214;ENSMUSG00000006344;ENSMUSG00000024066;ENSMUSG00000020865;ENSMUSG00000016194			False	False	True	True
thymus	R-MMU-975138_TRAF6_MEDIATED_INDUCTION_OF_NFKB_AND_MAP_KINASES_UPON_TLR7_8_OR_9_ACTIVATION	-0.03223686233414035	5	0	5	-0.03223686233414035	5	0	5	0.027730644844259723	5.0	5.0	0.0	0.027730644844259723	5.0	5.0	0.0	1.1183850343158044	0.2920353982300885	0.4679115668314825	ENSMUSG00000022892;ENSMUSG00000051439;ENSMUSG00000060477;ENSMUSG00000003518;ENSMUSG00000021846;ENSMUSG00000052684;ENSMUSG00000038058;ENSMUSG00000046688;ENSMUSG00000030107;ENSMUSG00000032577;ENSMUSG00000053137;ENSMUSG00000074151;ENSMUSG00000025225			False	False	False	False
thymus	R-MMU-975155_MYD88_DEPENDENT_CASCADE_INITIATED_ON_ENDOSOME	0.0024375102635912278	5	4	1	0.0024375102635912278	5	4	1	0.031226761070290404	5.0	5.0	0.0	0.031226761070290404	5.0	5.0	0.0	1.186222386033388	0.2444933920704846	0.38693585633253363	ENSMUSG00000025498;ENSMUSG00000022892;ENSMUSG00000051439;ENSMUSG00000060477;ENSMUSG00000003518;ENSMUSG00000021846;ENSMUSG00000052684;ENSMUSG00000038058;ENSMUSG00000046688;ENSMUSG00000030107;ENSMUSG00000032577;ENSMUSG00000053137;ENSMUSG00000074151;ENSMUSG00000025225			False	False	True	True
thymus	R-MMU-975871_MYD88_CASCADE_INITIATED_ON_PLASMA_MEMBRANE	-0.0022052238417543868	5	3	2	-0.0022052238417543868	5	3	2	0.026829059306175396	5.0	5.0	0.0	0.026829059306175396	5.0	5.0	0.0	1.0398522603679488	0.3933333333333333	0.5308577449947313	ENSMUSG00000022892;ENSMUSG00000060477;ENSMUSG00000003518;ENSMUSG00000021846;ENSMUSG00000052684;ENSMUSG00000038058;ENSMUSG00000046688;ENSMUSG00000030107;ENSMUSG00000032577;ENSMUSG00000053137;ENSMUSG00000074151;ENSMUSG00000025225			False	False	False	False
thymus	R-MMU-9759476_REGULATION_OF_HOMOTYPIC_CELL_CELL_ADHESION	-0.00990840557128772	5	3	2	-0.00990840557128772	5	3	2	-0.06977652167333113	5.0	0.0	5.0	-0.06977652167333113	5.0	0.0	5.0	-3.154682426781558	0.0	0.0	ENSMUSG00000069301;ENSMUSG00000069310;ENSMUSG00000069267;ENSMUSG00000062727;ENSMUSG00000069302;ENSMUSG00000061615;ENSMUSG00000074403;ENSMUSG00000094777;ENSMUSG00000069309;ENSMUSG00000069300;ENSMUSG00000071478;ENSMUSG00000075031;ENSMUSG00000064220;ENSMUSG00000069272;ENSMUSG00000105827;ENSMUSG00000101355;ENSMUSG00000064288;ENSMUSG00000101972;ENSMUSG00000095217;ENSMUSG00000099517;ENSMUSG00000058385;ENSMUSG00000049932;ENSMUSG00000071516;ENSMUSG00000094338;ENSMUSG00000056895;ENSMUSG00000061991;ENSMUSG00000069274;ENSMUSG00000069305;ENSMUSG00000061482;ENSMUSG00000069266;ENSMUSG00000069273;ENSMUSG00000069306;ENSMUSG00000029687;ENSMUSG00000093769;ENSMUSG00000094248;ENSMUSG00000081058;ENSMUSG00000069303			False	False	True	True
thymus	R-MMU-9764265_REGULATION_OF_CDH1_EXPRESSION_AND_FUNCTION	0.009266779542789474	5	3	2	0.009266779542789474	5	3	2	-0.07726299392398427	5.0	0.0	5.0	-0.07726299392398428	5.0	0.0	5.0	-3.210972115301343	0.0	0.0	ENSMUSG00000069301;ENSMUSG00000069310;ENSMUSG00000069267;ENSMUSG00000062727;ENSMUSG00000069302;ENSMUSG00000061615;ENSMUSG00000074403;ENSMUSG00000094777;ENSMUSG00000069309;ENSMUSG00000069300;ENSMUSG00000071478;ENSMUSG00000075031;ENSMUSG00000064220;ENSMUSG00000069272;ENSMUSG00000105827;ENSMUSG00000101355;ENSMUSG00000064288;ENSMUSG00000101972;ENSMUSG00000095217;ENSMUSG00000099517;ENSMUSG00000058385;ENSMUSG00000049932;ENSMUSG00000071516;ENSMUSG00000094338;ENSMUSG00000056895;ENSMUSG00000061991;ENSMUSG00000069274;ENSMUSG00000069305;ENSMUSG00000061482;ENSMUSG00000069266;ENSMUSG00000069273;ENSMUSG00000069306;ENSMUSG00000029687;ENSMUSG00000093769;ENSMUSG00000094248;ENSMUSG00000081058;ENSMUSG00000069303			False	False	False	False
thymus	R-MMU-9764274_REGULATION_OF_EXPRESSION_AND_FUNCTION_OF_TYPE_I_CLASSICAL_CADHERINS	0.015263018884561403	5	3	2	0.015263018884561403	5	3	2	-0.07726299392398427	5.0	0.0	5.0	-0.07726299392398428	5.0	0.0	5.0	-3.210972115301343	0.0	0.0	ENSMUSG00000069301;ENSMUSG00000069310;ENSMUSG00000069267;ENSMUSG00000062727;ENSMUSG00000069302;ENSMUSG00000061615;ENSMUSG00000074403;ENSMUSG00000094777;ENSMUSG00000069309;ENSMUSG00000069300;ENSMUSG00000071478;ENSMUSG00000075031;ENSMUSG00000064220;ENSMUSG00000069272;ENSMUSG00000105827;ENSMUSG00000101355;ENSMUSG00000064288;ENSMUSG00000101972;ENSMUSG00000095217;ENSMUSG00000099517;ENSMUSG00000058385;ENSMUSG00000049932;ENSMUSG00000071516;ENSMUSG00000094338;ENSMUSG00000056895;ENSMUSG00000061991;ENSMUSG00000069274;ENSMUSG00000069305;ENSMUSG00000061482;ENSMUSG00000069266;ENSMUSG00000069273;ENSMUSG00000069306;ENSMUSG00000029687;ENSMUSG00000093769;ENSMUSG00000094248;ENSMUSG00000081058;ENSMUSG00000069303			False	False	False	False
thymus	R-MMU-9764560_REGULATION_OF_CDH1_GENE_TRANSCRIPTION	-0.014384495555184212	5	2	3	-0.01438449555518421	5	2	3	-0.12436316888449142	5.0	0.0	5.0	-0.12436316888449142	5.0	0.0	5.0	-3.2380101870603455	0.0	0.0	ENSMUSG00000069301;ENSMUSG00000069310;ENSMUSG00000069267;ENSMUSG00000062727;ENSMUSG00000069302;ENSMUSG00000061615;ENSMUSG00000074403;ENSMUSG00000094777;ENSMUSG00000069309;ENSMUSG00000069300;ENSMUSG00000071478;ENSMUSG00000075031;ENSMUSG00000064220;ENSMUSG00000069272;ENSMUSG00000105827;ENSMUSG00000101355;ENSMUSG00000064288;ENSMUSG00000101972;ENSMUSG00000095217;ENSMUSG00000099517;ENSMUSG00000058385;ENSMUSG00000049932;ENSMUSG00000071516;ENSMUSG00000094338;ENSMUSG00000056895;ENSMUSG00000061991;ENSMUSG00000069274;ENSMUSG00000069305;ENSMUSG00000061482;ENSMUSG00000069266;ENSMUSG00000069273;ENSMUSG00000069306;ENSMUSG00000029687;ENSMUSG00000093769;ENSMUSG00000094248;ENSMUSG00000081058;ENSMUSG00000069303			False	False	True	True
thymus	R-MMU-9764725_NEGATIVE_REGULATION_OF_CDH1_GENE_TRANSCRIPTION	0.039218223608771925	5	3	2	0.039218223608771925	5	3	2	-0.12436316888449142	5.0	0.0	5.0	-0.12436316888449142	5.0	0.0	5.0	-3.2380101870603455	0.0	0.0	ENSMUSG00000069301;ENSMUSG00000069310;ENSMUSG00000069267;ENSMUSG00000062727;ENSMUSG00000069302;ENSMUSG00000061615;ENSMUSG00000074403;ENSMUSG00000094777;ENSMUSG00000069309;ENSMUSG00000069300;ENSMUSG00000071478;ENSMUSG00000075031;ENSMUSG00000064220;ENSMUSG00000069272;ENSMUSG00000105827;ENSMUSG00000101355;ENSMUSG00000064288;ENSMUSG00000101972;ENSMUSG00000095217;ENSMUSG00000099517;ENSMUSG00000058385;ENSMUSG00000049932;ENSMUSG00000071516;ENSMUSG00000094338;ENSMUSG00000056895;ENSMUSG00000061991;ENSMUSG00000069274;ENSMUSG00000069305;ENSMUSG00000061482;ENSMUSG00000069266;ENSMUSG00000069273;ENSMUSG00000069306;ENSMUSG00000029687;ENSMUSG00000093769;ENSMUSG00000094248;ENSMUSG00000081058;ENSMUSG00000069303			False	False	False	False
thymus	R-MMU-9769739_REGULATION_OF_CLOTTING_CASCADE	-0.0398323412651755	5	1	4	-0.0398323412651755	5	1	4	0.04449570872868272	5.0	5.0	0.0	0.04449570872868272	5.0	5.0	0.0	1.7426496996269518	0.006772009029345372	0.0368809272918862	ENSMUSG00000028128;ENSMUSG00000023224;ENSMUSG00000026579;ENSMUSG00000027611;ENSMUSG00000022892;ENSMUSG00000055653;ENSMUSG00000074743;ENSMUSG00000052212;ENSMUSG00000020592;ENSMUSG00000027249;ENSMUSG00000022912;ENSMUSG00000029373;ENSMUSG00000041936;ENSMUSG00000017009;ENSMUSG00000025743;ENSMUSG00000001930;ENSMUSG00000031119			False	False	False	False
thymus	R-MMU-977606_REGULATION_OF_COMPLEMENT_CASCADE	0.23382173664561418	5	4	1	0.23382173664561418	5	4	1	0.04163847806258324	5.0	4.0	1.0	0.04163847806258324	5.0	4.0	1.0	2.0354062714378016	0.0	0.001475237091675448	ENSMUSG00000026365;ENSMUSG00000073418;ENSMUSG00000026874;ENSMUSG00000022037;ENSMUSG00000096108;ENSMUSG00000023224;ENSMUSG00000076615;ENSMUSG00000076614;ENSMUSG00000026399;ENSMUSG00000090231;ENSMUSG00000055172;ENSMUSG00000022181;ENSMUSG00000024164;ENSMUSG00000094075;ENSMUSG00000036887;ENSMUSG00000036905;ENSMUSG00000026616;ENSMUSG00000001128;ENSMUSG00000076612;ENSMUSG00000096452;ENSMUSG00000027249;ENSMUSG00000036896;ENSMUSG00000105906;ENSMUSG00000095127;ENSMUSG00000095583;ENSMUSG00000076937;ENSMUSG00000094194;ENSMUSG00000095519;ENSMUSG00000076666;ENSMUSG00000049130;ENSMUSG00000095204;ENSMUSG00000094088			False	False	True	True
thymus	R-MMU-9818564_EPIGENETIC_REGULATION_OF_GENE_EXPRESSION_BY_MLL3_AND_MLL4_COMPLEXES	0.007072472037614036	5	3	2	0.007072472037614036	5	3	2	-0.11587149259560311	5.0	0.0	5.0	-0.11587149259560311	5.0	0.0	5.0	-3.221601374324385	0.0	0.0	ENSMUSG00000069301;ENSMUSG00000069310;ENSMUSG00000069267;ENSMUSG00000062727;ENSMUSG00000069302;ENSMUSG00000061615;ENSMUSG00000074403;ENSMUSG00000094777;ENSMUSG00000069309;ENSMUSG00000069300;ENSMUSG00000071478;ENSMUSG00000075031;ENSMUSG00000064220;ENSMUSG00000069272;ENSMUSG00000105827;ENSMUSG00000101355;ENSMUSG00000064288;ENSMUSG00000101972;ENSMUSG00000095217;ENSMUSG00000099517;ENSMUSG00000058385;ENSMUSG00000049932;ENSMUSG00000071516;ENSMUSG00000094338;ENSMUSG00000056895;ENSMUSG00000061991;ENSMUSG00000069274;ENSMUSG00000069305;ENSMUSG00000061482;ENSMUSG00000069266;ENSMUSG00000069273;ENSMUSG00000069306;ENSMUSG00000093769;ENSMUSG00000094248;ENSMUSG00000081058;ENSMUSG00000069303			False	False	False	False
thymus	R-MMU-983168_ANTIGEN_PROCESSING_UBIQUITINATION_PROTEASOME_DEGRADATION	-0.15159349960842108	5	2	3	-0.15159349960842108	5	2	3	-0.020805779250914085	5.0	0.0	5.0	-0.020805779250914085	5.0	0.0	5.0	-1.4483703619254311	0.05574912891986063	0.07536102293557473	ENSMUSG00000072082;ENSMUSG00000006398;ENSMUSG00000001403;ENSMUSG00000038037;ENSMUSG00000066892;ENSMUSG00000033545			False	False	True	True
thymus	R-MMU-983169_CLASS_I_MHC_MEDIATED_ANTIGEN_PROCESSING_PRESENTATION	0.1330912978578947	5	4	1	0.1330912978578947	5	4	1	0.0005329024555279782	5.0	3.0	2.0	0.0005329024555279782	5.0	3.0	2.0	-0.9918912461971032	0.45614035087719296	0.5356138269810482	ENSMUSG00000072082;ENSMUSG00000006398;ENSMUSG00000001403;ENSMUSG00000038037;ENSMUSG00000034783;ENSMUSG00000066892;ENSMUSG00000033545			False	False	True	False
thymus	R-MMU-983189_KINESINS	-0.0008456310416421048	5	2	3	-0.0008456310416421048	5	2	3	-0.10714038845320262	5.0	0.0	5.0	-0.10714038845320262	5.0	0.0	5.0	-2.58901739427713	0.0	0.0	ENSMUSG00000034311;ENSMUSG00000003779;ENSMUSG00000028678;ENSMUSG00000012443;ENSMUSG00000030677;ENSMUSG00000045328;ENSMUSG00000036768;ENSMUSG00000079553;ENSMUSG00000051378;ENSMUSG00000023015;ENSMUSG00000032254;ENSMUSG00000024795;ENSMUSG00000023004;ENSMUSG00000045136;ENSMUSG00000043091;ENSMUSG00000058672;ENSMUSG00000036752;ENSMUSG00000062380			False	False	True	True
thymus	R-MMU-983231_FACTORS_INVOLVED_IN_MEGAKARYOCYTE_DEVELOPMENT_AND_PLATELET_PRODUCTION	0.1009937313585965	5	5	0	0.1009937313585965	5	5	0	-0.079329958582389	5.0	0.0	5.0	-0.079329958582389	5.0	0.0	5.0	-2.783284822900435	0.0	0.0	ENSMUSG00000069310;ENSMUSG00000069267;ENSMUSG00000074403;ENSMUSG00000034311;ENSMUSG00000003779;ENSMUSG00000028678;ENSMUSG00000101355;ENSMUSG00000012443;ENSMUSG00000101972;ENSMUSG00000099517;ENSMUSG00000030677;ENSMUSG00000045328;ENSMUSG00000036768;ENSMUSG00000079553;ENSMUSG00000069273;ENSMUSG00000051378;ENSMUSG00000023015;ENSMUSG00000032254;ENSMUSG00000024795;ENSMUSG00000023004;ENSMUSG00000093769;ENSMUSG00000081058;ENSMUSG00000045136;ENSMUSG00000043091;ENSMUSG00000009575;ENSMUSG00000058672;ENSMUSG00000036752			False	False	False	False
thymus	R-MMU-983695_ANTIGEN_ACTIVATES_B_CELL_RECEPTOR_BCR_LEADING_TO_GENERATION_OF_SECOND_MESSENGERS	-0.018845322381973683	5	1	4	-0.018845322381973683	5	1	4	0.014944219365042205	5.0	4.0	1.0	0.014944219365042205	5.0	4.0	1.0	1.2360799118819492	0.1524547803617571	0.32913832742599863	ENSMUSG00000096108;ENSMUSG00000094075;ENSMUSG00000096452;ENSMUSG00000105906;ENSMUSG00000095127;ENSMUSG00000095583;ENSMUSG00000076937;ENSMUSG00000094194;ENSMUSG00000095519;ENSMUSG00000076666;ENSMUSG00000095204;ENSMUSG00000094088;ENSMUSG00000025017;ENSMUSG00000076672;ENSMUSG00000030577;ENSMUSG00000034330;ENSMUSG00000030724;ENSMUSG00000096074;ENSMUSG00000076695;ENSMUSG00000105606;ENSMUSG00000095612;ENSMUSG00000096336;ENSMUSG00000103254;ENSMUSG00000104452;ENSMUSG00000076514;ENSMUSG00000096410;ENSMUSG00000094546;ENSMUSG00000093894;ENSMUSG00000076523;ENSMUSG00000021457;ENSMUSG00000095589			False	False	False	False
thymus	R-MMU-983705_SIGNALING_BY_THE_B_CELL_RECEPTOR_BCR	-0.11748920026894738	5	2	3	-0.11748920026894738	5	2	3	0.012998168683918176	5.0	4.0	1.0	0.012998168683918176	5.0	4.0	1.0	0.917259719462103	0.6203208556149733	0.7430121375326855	ENSMUSG00000096108;ENSMUSG00000094075;ENSMUSG00000096452;ENSMUSG00000105906;ENSMUSG00000095127;ENSMUSG00000095583;ENSMUSG00000076937;ENSMUSG00000094194;ENSMUSG00000095519;ENSMUSG00000042228;ENSMUSG00000076666;ENSMUSG00000095204;ENSMUSG00000094088;ENSMUSG00000025017;ENSMUSG00000076672;ENSMUSG00000030577;ENSMUSG00000034330;ENSMUSG00000030724;ENSMUSG00000096074;ENSMUSG00000027544;ENSMUSG00000076695;ENSMUSG00000105606;ENSMUSG00000032688;ENSMUSG00000095612;ENSMUSG00000096336;ENSMUSG00000103254;ENSMUSG00000104452;ENSMUSG00000076514;ENSMUSG00000096410;ENSMUSG00000094546;ENSMUSG00000093894;ENSMUSG00000076523;ENSMUSG00000021457;ENSMUSG00000095589			False	False	False	False
thymus	R-MMU-983712_ION_CHANNEL_TRANSPORT	0.1945580029701755	5	4	1	0.1945580029701755	5	4	1	0.016638410503454697	5.0	5.0	0.0	0.016638410503454697	5.0	5.0	0.0	1.5936724785390286	0.0175	0.07030917202878731	ENSMUSG00000031075;ENSMUSG00000007097;ENSMUSG00000034107;ENSMUSG00000066705;ENSMUSG00000009246;ENSMUSG00000030302;ENSMUSG00000028255;ENSMUSG00000028207;ENSMUSG00000057092;ENSMUSG00000057897;ENSMUSG00000038583;ENSMUSG00000028238;ENSMUSG00000019970;ENSMUSG00000009292;ENSMUSG00000034714;ENSMUSG00000015133;ENSMUSG00000021983;ENSMUSG00000046808;ENSMUSG00000027546			False	False	True	True
thymus	R-MMU-9841922_MLL4_AND_MLL3_COMPLEXES_REGULATE_EXPRESSION_OF_PPARG_TARGET_GENES_IN_ADIPOGENESIS_AND_HEPATIC_STEATOSIS	0.019093827981103508	5	4	1	0.019093827981103505	5	4	1	-0.12145079159704611	5.0	0.0	5.0	-0.12145079159704611	5.0	0.0	5.0	-3.228225231045291	0.0	0.0	ENSMUSG00000069301;ENSMUSG00000069310;ENSMUSG00000069267;ENSMUSG00000062727;ENSMUSG00000069302;ENSMUSG00000061615;ENSMUSG00000074403;ENSMUSG00000094777;ENSMUSG00000069309;ENSMUSG00000069300;ENSMUSG00000071478;ENSMUSG00000075031;ENSMUSG00000064220;ENSMUSG00000069272;ENSMUSG00000105827;ENSMUSG00000101355;ENSMUSG00000064288;ENSMUSG00000101972;ENSMUSG00000095217;ENSMUSG00000099517;ENSMUSG00000058385;ENSMUSG00000049932;ENSMUSG00000071516;ENSMUSG00000094338;ENSMUSG00000056895;ENSMUSG00000061991;ENSMUSG00000069274;ENSMUSG00000069305;ENSMUSG00000061482;ENSMUSG00000069266;ENSMUSG00000069273;ENSMUSG00000069306;ENSMUSG00000093769;ENSMUSG00000094248;ENSMUSG00000081058;ENSMUSG00000069303			False	False	False	False
thymus	R-MMU-9842860_REGULATION_OF_ENDOGENOUS_RETROELEMENTS	0.008282821862122805	5	5	0	0.008282821862122805	5	5	0	-0.11552494586969338	5.0	0.0	5.0	-0.11552494586969338	5.0	0.0	5.0	-3.230769206489928	0.0	0.0	ENSMUSG00000069301;ENSMUSG00000069310;ENSMUSG00000069267;ENSMUSG00000062727;ENSMUSG00000069302;ENSMUSG00000061615;ENSMUSG00000074403;ENSMUSG00000094777;ENSMUSG00000069309;ENSMUSG00000069300;ENSMUSG00000071478;ENSMUSG00000075031;ENSMUSG00000064220;ENSMUSG00000069272;ENSMUSG00000105827;ENSMUSG00000101355;ENSMUSG00000064288;ENSMUSG00000101972;ENSMUSG00000095217;ENSMUSG00000099517;ENSMUSG00000058385;ENSMUSG00000049932;ENSMUSG00000071516;ENSMUSG00000094338;ENSMUSG00000056895;ENSMUSG00000061991;ENSMUSG00000069274;ENSMUSG00000069305;ENSMUSG00000061482;ENSMUSG00000069266;ENSMUSG00000069273;ENSMUSG00000069306;ENSMUSG00000093769;ENSMUSG00000094248;ENSMUSG00000081058;ENSMUSG00000069303			False	False	False	False
thymus	R-MMU-9843940_REGULATION_OF_ENDOGENOUS_RETROELEMENTS_BY_KRAB_ZFP_PROTEINS	0.001528429936470176	5	3	2	0.0015284299364701761	5	3	2	-0.11552494586969338	5.0	0.0	5.0	-0.11552494586969338	5.0	0.0	5.0	-3.230769206489928	0.0	0.0	ENSMUSG00000069301;ENSMUSG00000069310;ENSMUSG00000069267;ENSMUSG00000062727;ENSMUSG00000069302;ENSMUSG00000061615;ENSMUSG00000074403;ENSMUSG00000094777;ENSMUSG00000069309;ENSMUSG00000069300;ENSMUSG00000071478;ENSMUSG00000075031;ENSMUSG00000064220;ENSMUSG00000069272;ENSMUSG00000105827;ENSMUSG00000101355;ENSMUSG00000064288;ENSMUSG00000101972;ENSMUSG00000095217;ENSMUSG00000099517;ENSMUSG00000058385;ENSMUSG00000049932;ENSMUSG00000071516;ENSMUSG00000094338;ENSMUSG00000056895;ENSMUSG00000061991;ENSMUSG00000069274;ENSMUSG00000069305;ENSMUSG00000061482;ENSMUSG00000069266;ENSMUSG00000069273;ENSMUSG00000069306;ENSMUSG00000093769;ENSMUSG00000094248;ENSMUSG00000081058;ENSMUSG00000069303			False	False	False	False
thymus	R-MMU-9851695_EPIGENETIC_REGULATION_OF_ADIPOGENESIS_GENES_BY_MLL3_AND_MLL4_COMPLEXES	-0.9405745326589475	5	0	5	-0.9405745326589475	5	0	5	-0.12145079159704611	5.0	0.0	5.0	-0.12145079159704611	5.0	0.0	5.0	-3.228225231045291	0.0	0.0	ENSMUSG00000069301;ENSMUSG00000069310;ENSMUSG00000069267;ENSMUSG00000062727;ENSMUSG00000069302;ENSMUSG00000061615;ENSMUSG00000074403;ENSMUSG00000094777;ENSMUSG00000069309;ENSMUSG00000069300;ENSMUSG00000071478;ENSMUSG00000075031;ENSMUSG00000064220;ENSMUSG00000069272;ENSMUSG00000105827;ENSMUSG00000101355;ENSMUSG00000064288;ENSMUSG00000101972;ENSMUSG00000095217;ENSMUSG00000099517;ENSMUSG00000058385;ENSMUSG00000049932;ENSMUSG00000071516;ENSMUSG00000094338;ENSMUSG00000056895;ENSMUSG00000061991;ENSMUSG00000069274;ENSMUSG00000069305;ENSMUSG00000061482;ENSMUSG00000069266;ENSMUSG00000069273;ENSMUSG00000069306;ENSMUSG00000093769;ENSMUSG00000094248;ENSMUSG00000081058;ENSMUSG00000069303			False	False	True	True
thymus	R-MMU-9855142_CELLULAR_RESPONSES_TO_MECHANICAL_STIMULI	-0.0006694316691157889	5	2	3	-0.0006694316691157889	5	2	3	0.013899425709661017	5.0	5.0	0.0	0.013899425709661017	5.0	5.0	0.0	0.7951106096714757	0.7360824742268042	0.929755459467316	ENSMUSG00000001240;ENSMUSG00000026193;ENSMUSG00000030790			False	False	False	False
thymus	R-MMU-9860931_RESPONSE_OF_ENDOTHELIAL_CELLS_TO_SHEAR_STRESS	0.002445277770709649	5	4	1	0.002445277770709649	5	4	1	0.013899425709661017	5.0	5.0	0.0	0.013899425709661017	5.0	5.0	0.0	0.7951106096714757	0.7360824742268042	0.929755459467316	ENSMUSG00000001240;ENSMUSG00000026193;ENSMUSG00000030790			False	False	True	True
thymus	R-MMU-9909648_REGULATION_OF_PD_L1_CD274_EXPRESSION	-0.023274338089007016	5	0	5	-0.023274338089007016	5	0	5	-0.111052667099468	5.0	0.0	5.0	-0.111052667099468	5.0	0.0	5.0	-3.286431852086589	0.0	0.0	ENSMUSG00000069301;ENSMUSG00000069310;ENSMUSG00000069267;ENSMUSG00000062727;ENSMUSG00000069302;ENSMUSG00000061615;ENSMUSG00000074403;ENSMUSG00000094777;ENSMUSG00000069309;ENSMUSG00000069300;ENSMUSG00000071478;ENSMUSG00000075031;ENSMUSG00000026622;ENSMUSG00000064220;ENSMUSG00000069272;ENSMUSG00000105827;ENSMUSG00000101355;ENSMUSG00000064288;ENSMUSG00000101972;ENSMUSG00000095217;ENSMUSG00000099517;ENSMUSG00000058385;ENSMUSG00000049932;ENSMUSG00000071516;ENSMUSG00000094338;ENSMUSG00000056895;ENSMUSG00000061991;ENSMUSG00000069274;ENSMUSG00000069305;ENSMUSG00000061482;ENSMUSG00000069266;ENSMUSG00000069273;ENSMUSG00000069306;ENSMUSG00000029687;ENSMUSG00000093769;ENSMUSG00000094248;ENSMUSG00000081058;ENSMUSG00000069303			False	False	True	True
thymus	R-MMU-9909649_REGULATION_OF_PD_L1_CD274_TRANSCRIPTION	0.0075172114505263135	5	4	1	0.0075172114505263135	5	4	1	-0.12436316888449142	5.0	0.0	5.0	-0.12436316888449142	5.0	0.0	5.0	-3.2380101870603455	0.0	0.0	ENSMUSG00000069301;ENSMUSG00000069310;ENSMUSG00000069267;ENSMUSG00000062727;ENSMUSG00000069302;ENSMUSG00000061615;ENSMUSG00000074403;ENSMUSG00000094777;ENSMUSG00000069309;ENSMUSG00000069300;ENSMUSG00000071478;ENSMUSG00000075031;ENSMUSG00000064220;ENSMUSG00000069272;ENSMUSG00000105827;ENSMUSG00000101355;ENSMUSG00000064288;ENSMUSG00000101972;ENSMUSG00000095217;ENSMUSG00000099517;ENSMUSG00000058385;ENSMUSG00000049932;ENSMUSG00000071516;ENSMUSG00000094338;ENSMUSG00000056895;ENSMUSG00000061991;ENSMUSG00000069274;ENSMUSG00000069305;ENSMUSG00000061482;ENSMUSG00000069266;ENSMUSG00000069273;ENSMUSG00000069306;ENSMUSG00000029687;ENSMUSG00000093769;ENSMUSG00000094248;ENSMUSG00000081058;ENSMUSG00000069303			False	False	False	False
thymus	R-MMU-9917777_EPIGENETIC_REGULATION_BY_WDR5_CONTAINING_HISTONE_MODIFYING_COMPLEXES	-0.004036669997035088	5	1	4	-0.004036669997035088	5	1	4	-0.10861432865276732	5.0	0.0	5.0	-0.10861432865276732	5.0	0.0	5.0	-3.2035491882526466	0.0	0.0	ENSMUSG00000069301;ENSMUSG00000069310;ENSMUSG00000069267;ENSMUSG00000062727;ENSMUSG00000069302;ENSMUSG00000061615;ENSMUSG00000074403;ENSMUSG00000094777;ENSMUSG00000069309;ENSMUSG00000069300;ENSMUSG00000071478;ENSMUSG00000075031;ENSMUSG00000064220;ENSMUSG00000069272;ENSMUSG00000105827;ENSMUSG00000101355;ENSMUSG00000064288;ENSMUSG00000101972;ENSMUSG00000095217;ENSMUSG00000099517;ENSMUSG00000058385;ENSMUSG00000049932;ENSMUSG00000071516;ENSMUSG00000094338;ENSMUSG00000056895;ENSMUSG00000061991;ENSMUSG00000069274;ENSMUSG00000069305;ENSMUSG00000061482;ENSMUSG00000069266;ENSMUSG00000069273;ENSMUSG00000069306;ENSMUSG00000093769;ENSMUSG00000094248;ENSMUSG00000081058;ENSMUSG00000069303			False	False	True	True
thymus	R-MMU-9932444_ATP_DEPENDENT_CHROMATIN_REMODELERS	0.20652254163912281	5	5	0	0.20652254163912281	5	5	0	-0.09746849757317944	5.0	0.0	5.0	-0.09746849757317944	5.0	0.0	5.0	-3.1390901510901683	0.0	0.0	ENSMUSG00000069301;ENSMUSG00000069310;ENSMUSG00000069267;ENSMUSG00000062727;ENSMUSG00000069302;ENSMUSG00000061615;ENSMUSG00000074403;ENSMUSG00000094777;ENSMUSG00000069309;ENSMUSG00000069300;ENSMUSG00000071478;ENSMUSG00000075031;ENSMUSG00000064220;ENSMUSG00000069272;ENSMUSG00000105827;ENSMUSG00000101355;ENSMUSG00000064288;ENSMUSG00000101972;ENSMUSG00000095217;ENSMUSG00000099517;ENSMUSG00000058385;ENSMUSG00000049932;ENSMUSG00000071516;ENSMUSG00000094338;ENSMUSG00000056895;ENSMUSG00000061991;ENSMUSG00000069274;ENSMUSG00000069305;ENSMUSG00000061482;ENSMUSG00000069266;ENSMUSG00000069273;ENSMUSG00000069306;ENSMUSG00000093769;ENSMUSG00000094248;ENSMUSG00000081058;ENSMUSG00000069303;ENSMUSG00000048251;ENSMUSG00000051149			False	False	False	False
thymus	R-MMU-9937848_CHD_CHROMATIN_REMODELERS	0.0050795464577719305	5	3	2	0.0050795464577719305	5	3	2	-0.10423392714690712	5.0	0.0	5.0	-0.10423392714690712	5.0	0.0	5.0	-3.1730858288202737	0.0	0.0	ENSMUSG00000069301;ENSMUSG00000069310;ENSMUSG00000069267;ENSMUSG00000062727;ENSMUSG00000069302;ENSMUSG00000061615;ENSMUSG00000074403;ENSMUSG00000094777;ENSMUSG00000069309;ENSMUSG00000069300;ENSMUSG00000071478;ENSMUSG00000075031;ENSMUSG00000064220;ENSMUSG00000069272;ENSMUSG00000105827;ENSMUSG00000101355;ENSMUSG00000064288;ENSMUSG00000101972;ENSMUSG00000095217;ENSMUSG00000099517;ENSMUSG00000058385;ENSMUSG00000049932;ENSMUSG00000071516;ENSMUSG00000094338;ENSMUSG00000056895;ENSMUSG00000061991;ENSMUSG00000069274;ENSMUSG00000069305;ENSMUSG00000061482;ENSMUSG00000069266;ENSMUSG00000069273;ENSMUSG00000069306;ENSMUSG00000093769;ENSMUSG00000094248;ENSMUSG00000081058;ENSMUSG00000069303;ENSMUSG00000051149			False	False	False	False
thymus	R-MMU-9937850_NURD_COMPLEX_ASSEMBLY	-0.0009777874630614032	5	2	3	-0.0009777874630614032	5	2	3	-0.10933717655642308	5.0	0.0	5.0	-0.10933717655642308	5.0	0.0	5.0	-3.2331622831694835	0.0	0.0	ENSMUSG00000069301;ENSMUSG00000069310;ENSMUSG00000069267;ENSMUSG00000062727;ENSMUSG00000069302;ENSMUSG00000061615;ENSMUSG00000074403;ENSMUSG00000094777;ENSMUSG00000069309;ENSMUSG00000069300;ENSMUSG00000071478;ENSMUSG00000075031;ENSMUSG00000064220;ENSMUSG00000069272;ENSMUSG00000105827;ENSMUSG00000101355;ENSMUSG00000064288;ENSMUSG00000101972;ENSMUSG00000095217;ENSMUSG00000099517;ENSMUSG00000058385;ENSMUSG00000049932;ENSMUSG00000071516;ENSMUSG00000094338;ENSMUSG00000056895;ENSMUSG00000061991;ENSMUSG00000069274;ENSMUSG00000069305;ENSMUSG00000061482;ENSMUSG00000069266;ENSMUSG00000069273;ENSMUSG00000069306;ENSMUSG00000093769;ENSMUSG00000094248;ENSMUSG00000081058;ENSMUSG00000069303			False	False	True	True
thymus	R-MMU-9940951_INTERACTION_OF_NURD_COMPLEXES_WITH_TRANSCRIPTION_FACTORS	-0.16591731407789484	5	0	5	-0.16591731407789484	5	0	5	-0.10933717655642308	5.0	0.0	5.0	-0.10933717655642308	5.0	0.0	5.0	-3.2331622831694835	0.0	0.0	ENSMUSG00000069301;ENSMUSG00000069310;ENSMUSG00000069267;ENSMUSG00000062727;ENSMUSG00000069302;ENSMUSG00000061615;ENSMUSG00000074403;ENSMUSG00000094777;ENSMUSG00000069309;ENSMUSG00000069300;ENSMUSG00000071478;ENSMUSG00000075031;ENSMUSG00000064220;ENSMUSG00000069272;ENSMUSG00000105827;ENSMUSG00000101355;ENSMUSG00000064288;ENSMUSG00000101972;ENSMUSG00000095217;ENSMUSG00000099517;ENSMUSG00000058385;ENSMUSG00000049932;ENSMUSG00000071516;ENSMUSG00000094338;ENSMUSG00000056895;ENSMUSG00000061991;ENSMUSG00000069274;ENSMUSG00000069305;ENSMUSG00000061482;ENSMUSG00000069266;ENSMUSG00000069273;ENSMUSG00000069306;ENSMUSG00000093769;ENSMUSG00000094248;ENSMUSG00000081058;ENSMUSG00000069303			False	False	True	True
thymus	R-MMU-9943965_CHD3_CHD4_CHD5_SUBFAMILY	-0.0005905617108771931	5	3	2	-0.0005905617108771931	5	3	2	-0.10844734040951418	5.0	0.0	5.0	-0.10844734040951418	5.0	0.0	5.0	-3.2088906878049834	0.0	0.0	ENSMUSG00000069301;ENSMUSG00000069310;ENSMUSG00000069267;ENSMUSG00000062727;ENSMUSG00000069302;ENSMUSG00000061615;ENSMUSG00000074403;ENSMUSG00000094777;ENSMUSG00000069309;ENSMUSG00000069300;ENSMUSG00000071478;ENSMUSG00000075031;ENSMUSG00000064220;ENSMUSG00000069272;ENSMUSG00000105827;ENSMUSG00000101355;ENSMUSG00000064288;ENSMUSG00000101972;ENSMUSG00000095217;ENSMUSG00000099517;ENSMUSG00000058385;ENSMUSG00000049932;ENSMUSG00000071516;ENSMUSG00000094338;ENSMUSG00000056895;ENSMUSG00000061991;ENSMUSG00000069274;ENSMUSG00000069305;ENSMUSG00000061482;ENSMUSG00000069266;ENSMUSG00000069273;ENSMUSG00000069306;ENSMUSG00000093769;ENSMUSG00000094248;ENSMUSG00000081058;ENSMUSG00000069303;ENSMUSG00000051149			False	False	True	True
thymus	R-MMU-9958825_ACTIVATION_OF_STAT3_BY_CADHERIN_ENGAGEMENT	-0.02097800107014807	5	0	5	-0.02097800107014807	5	0	5	0.02727367966963956	5.0	5.0	0.0	0.02727367966963956	5.0	5.0	0.0	1.1087945602304592	0.3168103448275862	0.46410997573496	ENSMUSG00000035783;ENSMUSG00000027947;ENSMUSG00000038642;ENSMUSG00000031972;ENSMUSG00000027646;ENSMUSG00000028793;ENSMUSG00000021823;ENSMUSG00000058325;ENSMUSG00000034101;ENSMUSG00000037815			False	False	False	False
thymus	R-MMU-9958863_SLC_MEDIATED_TRANSPORT_OF_AMINO_ACIDS	-0.056466908436491235	5	2	3	-0.05646690843649125	5	2	3	-0.017721122301981727	5.0	1.0	4.0	-0.017721122301981727	5.0	1.0	4.0	-0.9331908161077256	0.5598455598455598	0.6281561490762031	ENSMUSG00000027737;ENSMUSG00000021565;ENSMUSG00000023169;ENSMUSG00000040010;ENSMUSG00000027075;ENSMUSG00000041313;ENSMUSG00000038178			False	False	True	True
thymus	R-MMU-9975921_ASSEMBLY_OF_THE_9_0_PRIMARY_CILIUM	-0.08400722717543849	5	1	4	-0.08400722717543849	5	1	4	-0.06497186070086171	5.0	0.0	5.0	-0.06497186070086171	5.0	0.0	5.0	-2.3513710522334033	0.0	0.0	ENSMUSG00000019942;ENSMUSG00000026622;ENSMUSG00000030867;ENSMUSG00000025758;ENSMUSG00000023004;ENSMUSG00000028523;ENSMUSG00000045136;ENSMUSG00000043091;ENSMUSG00000063810;ENSMUSG00000058672;ENSMUSG00000036752;ENSMUSG00000062380;ENSMUSG00000027778;ENSMUSG00000039298;ENSMUSG00000001761			False	False	True	True
skin	R-MMU-109581_APOPTOSIS	-0.12525930412723715	6	1	5	-0.15482204817949208	4	1	3	-0.006288264320069056	6.0	2.0	4.0	-0.010536039204925341	4.0	2.0	2.0	-0.9507219512332182	0.5468531468531469	0.7342087616867337	ENSMUSG00000058773;ENSMUSG00000042489;ENSMUSG00000047281;ENSMUSG00000024590;ENSMUSG00000054717;ENSMUSG00000024812;ENSMUSG00000031112;ENSMUSG00000054889;ENSMUSG00000044393;ENSMUSG00000026413;ENSMUSG00000096210;ENSMUSG00000056632			False	False	True	True
skin	R-MMU-109582_HEMOSTASIS	0.09405075057194774	6	4	2	0.11267200686170925	4	4	0	0.004235499731563362	6.0	5.0	1.0	0.006042518384853559	4.0	3.0	1.0	-0.8505285156635842	0.7653167185877466	0.8679254953381198	ENSMUSG00000027737;ENSMUSG00000062380;ENSMUSG00000069267;ENSMUSG00000022180;ENSMUSG00000069310;ENSMUSG00000101972;ENSMUSG00000069265;ENSMUSG00000074403;ENSMUSG00000101355;ENSMUSG00000081058;ENSMUSG00000045328;ENSMUSG00000028678;ENSMUSG00000027611;ENSMUSG00000021294;ENSMUSG00000036768;ENSMUSG00000051378;ENSMUSG00000003779;ENSMUSG00000012443;ENSMUSG00000030677;ENSMUSG00000079553;ENSMUSG00000040010;ENSMUSG00000029661;ENSMUSG00000034311;ENSMUSG00000032254;ENSMUSG00000028613;ENSMUSG00000024795;ENSMUSG00000023015;ENSMUSG00000001473;ENSMUSG00000026494;ENSMUSG00000028698;ENSMUSG00000058672			False	False	True	False
skin	R-MMU-110330_RECOGNITION_AND_ASSOCIATION_OF_DNA_GLYCOSYLASE_WITH_SITE_CONTAINING_AN_AFFECTED_PURINE	0.0017829470727439313	6	5	1	0.002236370620631048	4	3	1	-0.01859950807482746	6.0	2.0	4.0	-0.032024837801497924	4.0	1.0	3.0	-2.201873342199291	0.0	0.0	ENSMUSG00000062727;ENSMUSG00000094777;ENSMUSG00000094338;ENSMUSG00000069303;ENSMUSG00000069300;ENSMUSG00000095217;ENSMUSG00000069274;ENSMUSG00000061615;ENSMUSG00000069266;ENSMUSG00000069301;ENSMUSG00000064220;ENSMUSG00000069305;ENSMUSG00000064288;ENSMUSG00000069308;ENSMUSG00000071478;ENSMUSG00000049932;ENSMUSG00000094248;ENSMUSG00000063954;ENSMUSG00000061991;ENSMUSG00000069309			False	False	False	False
skin	R-MMU-110331_CLEAVAGE_OF_THE_DAMAGED_PURINE	-0.003041348819309324	6	1	5	-0.004289512878206409	4	0	4	-0.01859950807482746	6.0	2.0	4.0	-0.032024837801497924	4.0	1.0	3.0	-2.201873342199291	0.0	0.0	ENSMUSG00000062727;ENSMUSG00000094777;ENSMUSG00000094338;ENSMUSG00000069303;ENSMUSG00000069300;ENSMUSG00000095217;ENSMUSG00000069274;ENSMUSG00000061615;ENSMUSG00000069266;ENSMUSG00000069301;ENSMUSG00000064220;ENSMUSG00000069305;ENSMUSG00000064288;ENSMUSG00000069308;ENSMUSG00000071478;ENSMUSG00000049932;ENSMUSG00000094248;ENSMUSG00000063954;ENSMUSG00000061991;ENSMUSG00000069309			False	False	True	True
skin	R-MMU-111465_APOPTOTIC_CLEAVAGE_OF_CELLULAR_PROTEINS	-0.14725360645446575	6	2	4	-0.18431650554735518	4	0	4	-0.005262119943730353	6.0	2.0	4.0	-0.008890399098042498	4.0	2.0	2.0	-1.0454328426347392	0.43573667711598746	0.597807393046535	ENSMUSG00000042489;ENSMUSG00000024590;ENSMUSG00000024812;ENSMUSG00000031112;ENSMUSG00000054889;ENSMUSG00000044393;ENSMUSG00000026413;ENSMUSG00000056632;ENSMUSG00000069441			False	False	True	True
skin	R-MMU-112314_NEUROTRANSMITTER_RECEPTORS_AND_POSTSYNAPTIC_SIGNAL_TRANSMISSION	-0.15003976601948565	6	3	3	-0.19865849454324364	4	1	3	0.018127404745477988	6.0	4.0	2.0	0.023204168455076644	4.0	3.0	1.0	1.6388409645242585	0.017391304347826087	0.09509040943900525	ENSMUSG00000052374;ENSMUSG00000022840;ENSMUSG00000024617;ENSMUSG00000020431;ENSMUSG00000021536;ENSMUSG00000002997;ENSMUSG00000032766;ENSMUSG00000041695;ENSMUSG00000024462;ENSMUSG00000051497;ENSMUSG00000043004;ENSMUSG00000057614;ENSMUSG00000052572;ENSMUSG00000022055			False	False	False	False
skin	R-MMU-112315_TRANSMISSION_ACROSS_CHEMICAL_SYNAPSES	-0.02869454259681464	6	2	4	-0.0679320942810174	4	1	3	0.016242632581151568	6.0	4.0	2.0	0.020546738159126797	4.0	3.0	1.0	1.8387444241285429	0.006872852233676976	0.035341671932941444	ENSMUSG00000052374;ENSMUSG00000022840;ENSMUSG00000024617;ENSMUSG00000021919;ENSMUSG00000020431;ENSMUSG00000021536;ENSMUSG00000002997;ENSMUSG00000032766;ENSMUSG00000041695;ENSMUSG00000035864;ENSMUSG00000020838;ENSMUSG00000024462;ENSMUSG00000051497;ENSMUSG00000023169;ENSMUSG00000026458;ENSMUSG00000043004;ENSMUSG00000024935;ENSMUSG00000057614;ENSMUSG00000052572;ENSMUSG00000022055			False	False	False	False
skin	R-MMU-112316_NEURONAL_SYSTEM	0.21474846563485725	6	5	1	0.22706209220859905	4	3	1	0.013269845744273511	6.0	3.0	3.0	0.017877504908913013	4.0	3.0	1.0	1.8329988262992627	0.004830917874396135	0.03090607747981924	ENSMUSG00000052374;ENSMUSG00000028033;ENSMUSG00000058975;ENSMUSG00000000794;ENSMUSG00000022840;ENSMUSG00000024617;ENSMUSG00000021919;ENSMUSG00000020431;ENSMUSG00000030249;ENSMUSG00000021536;ENSMUSG00000047976;ENSMUSG00000038077;ENSMUSG00000002997;ENSMUSG00000032766;ENSMUSG00000041695;ENSMUSG00000019978;ENSMUSG00000035864;ENSMUSG00000020838;ENSMUSG00000024462;ENSMUSG00000045871;ENSMUSG00000051497;ENSMUSG00000023169;ENSMUSG00000054342;ENSMUSG00000026458;ENSMUSG00000043004;ENSMUSG00000024935;ENSMUSG00000024044;ENSMUSG00000057614;ENSMUSG00000052572;ENSMUSG00000022055			False	False	True	True
skin	R-MMU-114608_PLATELET_DEGRANULATION	0.051891133436363625	6	5	1	0.07941222731060606	4	3	1	0.007823766735800352	6.0	3.0	3.0	0.012684401540151706	4.0	3.0	1.0	1.4992195637903336	0.027932960893854747	0.1567062463021294	ENSMUSG00000052374;ENSMUSG00000002944;ENSMUSG00000048583;ENSMUSG00000020717;ENSMUSG00000009281;ENSMUSG00000032554;ENSMUSG00000023951;ENSMUSG00000054641;ENSMUSG00000062866;ENSMUSG00000028864;ENSMUSG00000020053;ENSMUSG00000031451;ENSMUSG00000025784;ENSMUSG00000001930;ENSMUSG00000026580;ENSMUSG00000061780;ENSMUSG00000031380;ENSMUSG00000021091;ENSMUSG00000045312;ENSMUSG00000049775;ENSMUSG00000020077;ENSMUSG00000021253;ENSMUSG00000033880;ENSMUSG00000039239;ENSMUSG00000023224;ENSMUSG00000039109;ENSMUSG00000029373;ENSMUSG00000020044;ENSMUSG00000020689;ENSMUSG00000037206			False	False	True	True
skin	R-MMU-1169410_ANTIMICROBIAL_MECHANISM_OF_IFN_STIMULATED_GENES	0.061922102318157	6	4	2	0.08096282652940723	4	4	0	-0.0023372516821158914	6.0	2.0	4.0	-0.0061030960892447805	4.0	2.0	2.0	-0.8173087668977698	0.75	0.8966148199829107	ENSMUSG00000062380;ENSMUSG00000019942;ENSMUSG00000059970;ENSMUSG00000001473;ENSMUSG00000058672;ENSMUSG00000043091			False	False	False	False
skin	R-MMU-1236975_ANTIGEN_PROCESSING_CROSS_PRESENTATION	0.07899519894202552	6	3	3	0.08996652288904838	4	3	1	0.015532604356916863	6.0	5.0	1.0	0.020947941948625634	4.0	4.0	0.0	1.6586503177984768	0.03133903133903134	0.09112747845152583	ENSMUSG00000002944;ENSMUSG00000060550;ENSMUSG00000016283;ENSMUSG00000067235;ENSMUSG00000024459;ENSMUSG00000024338;ENSMUSG00000060802;ENSMUSG00000056116;ENSMUSG00000015947;ENSMUSG00000015340;ENSMUSG00000026712;ENSMUSG00000034783;ENSMUSG00000078153;ENSMUSG00000020695;ENSMUSG00000015950;ENSMUSG00000006519			False	False	True	True
skin	R-MMU-1257604_PIP3_ACTIVATES_AKT_SIGNALING	-0.10107766457252233	6	1	5	-0.1362766544488088	4	1	3	0.010161581318856822	6.0	5.0	1.0	0.010899234678122153	4.0	4.0	0.0	0.8887073409860935	0.6796116504854369	0.9989232433755103	ENSMUSG00000056900;ENSMUSG00000028278;ENSMUSG00000024810;ENSMUSG00000026069;ENSMUSG00000036585;ENSMUSG00000019768;ENSMUSG00000033220;ENSMUSG00000048960;ENSMUSG00000028864;ENSMUSG00000019699;ENSMUSG00000032715;ENSMUSG00000055254;ENSMUSG00000034116;ENSMUSG00000023034;ENSMUSG00000024620;ENSMUSG00000009376;ENSMUSG00000041417			False	False	False	False
skin	R-MMU-1266695_INTERLEUKIN_7_SIGNALING	-0.0044126890831715304	6	1	5	-0.0067790303105067905	4	1	3	-0.004043303190974461	6.0	2.0	4.0	-0.01016112782698668	4.0	2.0	2.0	-1.7181588299666264	0.010574018126888218	0.010373145401006747	ENSMUSG00000069267;ENSMUSG00000069310;ENSMUSG00000101972;ENSMUSG00000069265;ENSMUSG00000074403;ENSMUSG00000101355;ENSMUSG00000081058			False	False	True	True
skin	R-MMU-1266738_DEVELOPMENTAL_BIOLOGY	-0.8333855167567784	6	2	4	-1.0522228753270868	4	1	3	-0.025872580305396214	6.0	1.0	5.0	-0.03142045146070874	4.0	0.0	4.0	-2.267850064292111	0.0	0.0	ENSMUSG00000057723;ENSMUSG00000035831;ENSMUSG00000035592;ENSMUSG00000051879;ENSMUSG00000067615;ENSMUSG00000047641;ENSMUSG00000067613;ENSMUSG00000048981;ENSMUSG00000017588;ENSMUSG00000116336;ENSMUSG00000048013;ENSMUSG00000043485;ENSMUSG00000091212;ENSMUSG00000063661;ENSMUSG00000067614;ENSMUSG00000075570;ENSMUSG00000056605;ENSMUSG00000059632;ENSMUSG00000055937;ENSMUSG00000056350;ENSMUSG00000069722;ENSMUSG00000052415;ENSMUSG00000047253;ENSMUSG00000001804;ENSMUSG00000064201;ENSMUSG00000062380;ENSMUSG00000020916;ENSMUSG00000046095;ENSMUSG00000054046;ENSMUSG00000069721;ENSMUSG00000041984;ENSMUSG00000023041;ENSMUSG00000027985;ENSMUSG00000020913;ENSMUSG00000005355;ENSMUSG00000032537;ENSMUSG00000064023;ENSMUSG00000053797;ENSMUSG00000030616;ENSMUSG00000022902;ENSMUSG00000058354;ENSMUSG00000022986;ENSMUSG00000022218;ENSMUSG00000026043;ENSMUSG00000024331;ENSMUSG00000034311;ENSMUSG00000044322;ENSMUSG00000045545;ENSMUSG00000001473;ENSMUSG00000028698;ENSMUSG00000005958;ENSMUSG00000035557;ENSMUSG00000058672;ENSMUSG00000006445;ENSMUSG00000030110			False	False	True	True
skin	R-MMU-1280215_CYTOKINE_SIGNALING_IN_IMMUNE_SYSTEM	0.1470286752082278	6	5	1	0.20501763840577608	4	3	1	0.008206359318018676	6.0	5.0	1.0	0.009239024662665555	4.0	4.0	0.0	-0.6946995891180959	0.9478260869565217	0.9879422887499493	ENSMUSG00000062380;ENSMUSG00000069267;ENSMUSG00000026984;ENSMUSG00000069310;ENSMUSG00000101972;ENSMUSG00000069265;ENSMUSG00000074403;ENSMUSG00000101355;ENSMUSG00000081058;ENSMUSG00000026985;ENSMUSG00000019942;ENSMUSG00000028444;ENSMUSG00000109061;ENSMUSG00000059970;ENSMUSG00000001473;ENSMUSG00000028698;ENSMUSG00000058672			False	False	True	False
skin	R-MMU-1280218_ADAPTIVE_IMMUNE_SYSTEM	0.16373979752950463	6	3	3	0.24843875427519135	4	3	1	0.0046298236325456365	6.0	4.0	2.0	0.004249182828009131	4.0	4.0	0.0	-1.4531589232564004	0.01167728237791932	0.10558678764356734	ENSMUSG00000004552;ENSMUSG00000062380;ENSMUSG00000069267;ENSMUSG00000062727;ENSMUSG00000094777;ENSMUSG00000094338;ENSMUSG00000069303;ENSMUSG00000069300;ENSMUSG00000069310;ENSMUSG00000095217;ENSMUSG00000069274;ENSMUSG00000101972;ENSMUSG00000061615;ENSMUSG00000069265;ENSMUSG00000074403;ENSMUSG00000069266;ENSMUSG00000069301;ENSMUSG00000101355;ENSMUSG00000081058;ENSMUSG00000045328;ENSMUSG00000028678;ENSMUSG00000006398;ENSMUSG00000021294;ENSMUSG00000036768;ENSMUSG00000003779;ENSMUSG00000064220;ENSMUSG00000012443;ENSMUSG00000026622;ENSMUSG00000030677;ENSMUSG00000069305;ENSMUSG00000064288;ENSMUSG00000069308;ENSMUSG00000071478;ENSMUSG00000034311;ENSMUSG00000049932;ENSMUSG00000032254;ENSMUSG00000094248;ENSMUSG00000001403;ENSMUSG00000023015;ENSMUSG00000001473;ENSMUSG00000063954;ENSMUSG00000028698;ENSMUSG00000058672;ENSMUSG00000061991			False	False	True	False
skin	R-MMU-1296071_POTASSIUM_CHANNELS	0.19539922135050858	6	5	1	0.22570335554128054	4	3	1	0.020247034803610103	6.0	3.0	3.0	0.026045277057994705	4.0	3.0	1.0	1.592308402871058	0.05509641873278237	0.10940303513689635	ENSMUSG00000028033;ENSMUSG00000058975;ENSMUSG00000000794;ENSMUSG00000030249;ENSMUSG00000047976;ENSMUSG00000038077;ENSMUSG00000032766;ENSMUSG00000041695;ENSMUSG00000024462;ENSMUSG00000051497;ENSMUSG00000054342			False	False	True	True
skin	R-MMU-141424_AMPLIFICATION_OF_SIGNAL_FROM_THE_KINETOCHORES	-0.006262488206185982	6	1	5	-0.006007240805629984	4	1	3	-0.0366654746350888	6.0	2.0	4.0	-0.04794482573038322	4.0	1.0	3.0	-2.1761764350076684	0.0	0.0	ENSMUSG00000045328;ENSMUSG00000028678;ENSMUSG00000027379;ENSMUSG00000006398;ENSMUSG00000023940;ENSMUSG00000026605;ENSMUSG00000020897;ENSMUSG00000030867;ENSMUSG00000029414;ENSMUSG00000028873;ENSMUSG00000024056;ENSMUSG00000040084;ENSMUSG00000005233;ENSMUSG00000026683;ENSMUSG00000026039;ENSMUSG00000024660;ENSMUSG00000029910;ENSMUSG00000029177			False	False	True	True
skin	R-MMU-141444_AMPLIFICATION_OF_SIGNAL_FROM_UNATTACHED_KINETOCHORES_VIA_A_MAD2_INHIBITORY_SIGNAL	0.013969071760707068	6	4	2	0.020207737537196964	4	3	1	-0.0366654746350888	6.0	2.0	4.0	-0.04794482573038322	4.0	1.0	3.0	-2.1761764350076684	0.0	0.0	ENSMUSG00000045328;ENSMUSG00000028678;ENSMUSG00000027379;ENSMUSG00000006398;ENSMUSG00000023940;ENSMUSG00000026605;ENSMUSG00000020897;ENSMUSG00000030867;ENSMUSG00000029414;ENSMUSG00000028873;ENSMUSG00000024056;ENSMUSG00000040084;ENSMUSG00000005233;ENSMUSG00000026683;ENSMUSG00000026039;ENSMUSG00000024660;ENSMUSG00000029910;ENSMUSG00000029177			False	False	False	False
skin	R-MMU-1428517_AEROBIC_RESPIRATION_AND_RESPIRATORY_ELECTRON_TRANSPORT	0.07208535681144783	6	4	2	0.08792237108080811	4	3	1	0.016577835934662957	6.0	5.0	1.0	0.01735744017559251	4.0	3.0	1.0	1.5810690170849455	0.022653721682847898	0.10425848252406972	ENSMUSG00000019577;ENSMUSG00000030785;ENSMUSG00000064358;ENSMUSG00000038967;ENSMUSG00000064354;ENSMUSG00000064360;ENSMUSG00000064345;ENSMUSG00000064351;ENSMUSG00000025190;ENSMUSG00000064357;ENSMUSG00000064363;ENSMUSG00000064368;ENSMUSG00000064356;ENSMUSG00000064367;ENSMUSG00000032418			False	False	True	True
skin	R-MMU-1430728_METABOLISM	-0.024497326340155407	6	2	4	-0.06024946096856676	4	2	2	0.0017645422473081193	6.0	4.0	2.0	0.0024694407216953925	4.0	4.0	0.0	-0.8246189156180093	0.9007021063189569	0.895303096957712	ENSMUSG00000069805;ENSMUSG00000030905;ENSMUSG00000030450;ENSMUSG00000004651;ENSMUSG00000006345;ENSMUSG00000028972;ENSMUSG00000043461;ENSMUSG00000020891;ENSMUSG00000025991;ENSMUSG00000030607;ENSMUSG00000022243;ENSMUSG00000005994;ENSMUSG00000052353;ENSMUSG00000027313;ENSMUSG00000027070;ENSMUSG00000076441;ENSMUSG00000075707;ENSMUSG00000056880;ENSMUSG00000028003;ENSMUSG00000022129;ENSMUSG00000046598;ENSMUSG00000020407;ENSMUSG00000042251;ENSMUSG00000031910;ENSMUSG00000042808;ENSMUSG00000028179;ENSMUSG00000015090;ENSMUSG00000020330;ENSMUSG00000098488;ENSMUSG00000003555;ENSMUSG00000032373;ENSMUSG00000025574;ENSMUSG00000021614;ENSMUSG00000027562;ENSMUSG00000040010;ENSMUSG00000023232;ENSMUSG00000027533;ENSMUSG00000032454;ENSMUSG00000021703;ENSMUSG00000021125;ENSMUSG00000027333;ENSMUSG00000020649;ENSMUSG00000028613;ENSMUSG00000022686;ENSMUSG00000009614;ENSMUSG00000003271;ENSMUSG00000027597;ENSMUSG00000021263;ENSMUSG00000028698;ENSMUSG00000074892;ENSMUSG00000027869;ENSMUSG00000020256;ENSMUSG00000029134;ENSMUSG00000046402;ENSMUSG00000031891;ENSMUSG00000003665;ENSMUSG00000028655;ENSMUSG00000024665;ENSMUSG00000025007;ENSMUSG00000019139;ENSMUSG00000024039;ENSMUSG00000041220;ENSMUSG00000002797;ENSMUSG00000046971;ENSMUSG00000075296;ENSMUSG00000032350;ENSMUSG00000050211;ENSMUSG00000021751;ENSMUSG00000032122;ENSMUSG00000022479;ENSMUSG00000028937;ENSMUSG00000032487;ENSMUSG00000074183;ENSMUSG00000020592;ENSMUSG00000033685;ENSMUSG00000022562;ENSMUSG00000005087;ENSMUSG00000011179;ENSMUSG00000020766;ENSMUSG00000030510;ENSMUSG00000036356;ENSMUSG00000030978;ENSMUSG00000072949;ENSMUSG00000040703;ENSMUSG00000013629;ENSMUSG00000044626;ENSMUSG00000021696;ENSMUSG00000001270;ENSMUSG00000021591;ENSMUSG00000053398;ENSMUSG00000025283;ENSMUSG00000028124;ENSMUSG00000025747;ENSMUSG00000111709;ENSMUSG00000051650;ENSMUSG00000020250			False	False	False	True
skin	R-MMU-1442490_COLLAGEN_DEGRADATION	0.03431127648388174	6	5	1	0.060313689022918615	4	3	1	-0.009842062065235321	6.0	3.0	3.0	-0.005199782280954548	4.0	3.0	1.0	-0.9792008695795996	0.5013020833333334	0.7034930024913953	ENSMUSG00000027966;ENSMUSG00000032332;ENSMUSG00000026043;ENSMUSG00000001435;ENSMUSG00000050578;ENSMUSG00000022483;ENSMUSG00000026837;ENSMUSG00000048126;ENSMUSG00000021477;ENSMUSG00000030530;ENSMUSG00000026042			False	False	False	False
skin	R-MMU-1474228_DEGRADATION_OF_THE_EXTRACELLULAR_MATRIX	0.1724987669437179	6	4	2	0.2270055307366627	4	4	0	-0.006273109503478776	6.0	3.0	3.0	-0.0022709672949900884	4.0	3.0	1.0	-1.2077083616823514	0.2046004842615012	0.3429334771075433	ENSMUSG00000038599;ENSMUSG00000030607;ENSMUSG00000027966;ENSMUSG00000032332;ENSMUSG00000026043;ENSMUSG00000030713;ENSMUSG00000024598;ENSMUSG00000038677;ENSMUSG00000001435;ENSMUSG00000050578;ENSMUSG00000001131;ENSMUSG00000016763			False	False	False	False
skin	R-MMU-1474244_EXTRACELLULAR_MATRIX_ORGANIZATION	-0.027117516232057604	6	2	4	-0.05801842624202569	4	1	3	2.651049493776712e-05	6.0	3.0	3.0	0.004964719961156426	4.0	3.0	1.0	-0.5118109419684279	1.0	1.0	ENSMUSG00000038599;ENSMUSG00000030607;ENSMUSG00000027966;ENSMUSG00000028364;ENSMUSG00000021614;ENSMUSG00000032332;ENSMUSG00000026043;ENSMUSG00000029661;ENSMUSG00000030713;ENSMUSG00000024598;ENSMUSG00000038677;ENSMUSG00000060572;ENSMUSG00000001435;ENSMUSG00000050578;ENSMUSG00000001131;ENSMUSG00000016763;ENSMUSG00000020592;ENSMUSG00000005087;ENSMUSG00000008999;ENSMUSG00000040690;ENSMUSG00000022098;ENSMUSG00000042436;ENSMUSG00000022371;ENSMUSG00000022483;ENSMUSG00000026725;ENSMUSG00000054555;ENSMUSG00000034205;ENSMUSG00000026837;ENSMUSG00000029718;ENSMUSG00000026193;ENSMUSG00000021835;ENSMUSG00000001507;ENSMUSG00000048126;ENSMUSG00000021477;ENSMUSG00000030530;ENSMUSG00000037411;ENSMUSG00000031375			False	False	False	True
skin	R-MMU-1474290_COLLAGEN_FORMATION	-0.05282058219457745	6	2	4	-0.04687131995221966	4	2	2	-0.00816254673361326	6.0	4.0	2.0	-0.002692360095397396	4.0	3.0	1.0	-0.9380696649045382	0.5794504181600956	0.7529608967150007	ENSMUSG00000027966;ENSMUSG00000032332;ENSMUSG00000026043;ENSMUSG00000029661;ENSMUSG00000001435;ENSMUSG00000050578;ENSMUSG00000040690;ENSMUSG00000022098;ENSMUSG00000022371;ENSMUSG00000022483;ENSMUSG00000034205;ENSMUSG00000026837;ENSMUSG00000029718;ENSMUSG00000048126;ENSMUSG00000021477;ENSMUSG00000026042			False	False	True	True
skin	R-MMU-1483206_GLYCEROPHOSPHOLIPID_BIOSYNTHESIS	-0.08582809381986754	6	0	6	-0.11441316577127858	4	0	4	-0.0022061776929300204	6.0	3.0	3.0	-0.0008074488120508108	4.0	1.0	3.0	1.0583604956790422	0.4107744107744108	0.6249078047043873	ENSMUSG00000050860;ENSMUSG00000021919;ENSMUSG00000002847;ENSMUSG00000060675;ENSMUSG00000025509;ENSMUSG00000023019;ENSMUSG00000033174;ENSMUSG00000026623			False	False	True	False
skin	R-MMU-1483257_PHOSPHOLIPID_METABOLISM	-0.09162170269241542	6	2	4	-0.1451616711896332	4	2	2	-0.0002298527274184614	6.0	4.0	2.0	0.0012673840718806471	4.0	2.0	2.0	0.8881116112380402	0.6386861313868614	0.9862534046253507	ENSMUSG00000050860;ENSMUSG00000021919;ENSMUSG00000002847;ENSMUSG00000060675;ENSMUSG00000025509;ENSMUSG00000023019;ENSMUSG00000074345;ENSMUSG00000033174;ENSMUSG00000026623			False	False	True	False
skin	R-MMU-1500931_CELL_CELL_COMMUNICATION	0.15013789920736312	6	5	1	0.1804307244487972	4	3	1	0.005237384334563541	6.0	3.0	3.0	0.0037612931928314476	4.0	3.0	1.0	-1.5970503717241797	0.007909604519774011	0.03524747111191568	ENSMUSG00000039385;ENSMUSG00000069267;ENSMUSG00000062727;ENSMUSG00000094777;ENSMUSG00000094338;ENSMUSG00000069303;ENSMUSG00000069300;ENSMUSG00000069310;ENSMUSG00000095217;ENSMUSG00000069274;ENSMUSG00000101972;ENSMUSG00000061615;ENSMUSG00000069265;ENSMUSG00000074403;ENSMUSG00000069266;ENSMUSG00000069301;ENSMUSG00000101355;ENSMUSG00000081058;ENSMUSG00000064220;ENSMUSG00000069305;ENSMUSG00000064288;ENSMUSG00000069308;ENSMUSG00000071478;ENSMUSG00000049932;ENSMUSG00000094248;ENSMUSG00000045545;ENSMUSG00000061048;ENSMUSG00000063954			False	False	True	False
skin	R-MMU-156580_PHASE_II_CONJUGATION_OF_COMPOUNDS	-0.2548713580596757	6	1	5	-0.30389006061602863	4	0	4	-0.007036161257508631	6.0	2.0	4.0	-0.00930766657156729	4.0	1.0	3.0	-1.1815066106305003	0.261455525606469	0.38097261329913007	ENSMUSG00000006345;ENSMUSG00000027313;ENSMUSG00000003271;ENSMUSG00000027597;ENSMUSG00000002797;ENSMUSG00000032350;ENSMUSG00000074183;ENSMUSG00000022562;ENSMUSG00000028124;ENSMUSG00000111709	Phase II detoxification	context_sensitive	True	True	True	True
skin	R-MMU-156590_GLUTATHIONE_CONJUGATION	0.2913721746831193	6	4	2	0.363769904437621	4	3	1	-0.009028985912604778	6.0	2.0	4.0	-0.012245413288976385	4.0	0.0	4.0	-1.2968681621169076	0.1546875	0.2443657237553015	ENSMUSG00000006345;ENSMUSG00000027313;ENSMUSG00000002797;ENSMUSG00000032350;ENSMUSG00000074183;ENSMUSG00000022562;ENSMUSG00000028124;ENSMUSG00000111709			False	False	False	False
skin	R-MMU-1566948_ELASTIC_FIBRE_FORMATION	0.0533086149877565	6	3	3	0.10831741905514483	4	3	1	-0.00015615833771890782	6.0	3.0	3.0	0.00431319429683037	4.0	3.0	1.0	0.44824319210493774	1.0	0.9983306902595777	ENSMUSG00000002020;ENSMUSG00000032334;ENSMUSG00000026768;ENSMUSG00000021186;ENSMUSG00000024529;ENSMUSG00000029675;ENSMUSG00000021253;ENSMUSG00000039239;ENSMUSG00000001870;ENSMUSG00000027358;ENSMUSG00000020689;ENSMUSG00000000555;ENSMUSG00000025185;ENSMUSG00000002603;ENSMUSG00000030116;ENSMUSG00000024053;ENSMUSG00000029163;ENSMUSG00000064080;ENSMUSG00000027204;ENSMUSG00000040488;ENSMUSG00000024940;ENSMUSG00000024909;ENSMUSG00000025321;ENSMUSG00000026971;ENSMUSG00000030530;ENSMUSG00000021835;ENSMUSG00000026193;ENSMUSG00000034205;ENSMUSG00000042436;ENSMUSG00000008999;ENSMUSG00000060572;ENSMUSG00000024598			False	False	False	True
skin	R-MMU-157579_TELOMERE_MAINTENANCE	-0.008919572917088251	6	2	4	-0.01040411374728768	4	0	4	-0.019693013910784967	6.0	2.0	4.0	-0.03199079564545116	4.0	1.0	3.0	-2.2014901553557875	0.0	0.0	ENSMUSG00000062727;ENSMUSG00000094777;ENSMUSG00000094338;ENSMUSG00000069303;ENSMUSG00000069300;ENSMUSG00000095217;ENSMUSG00000069274;ENSMUSG00000061615;ENSMUSG00000069266;ENSMUSG00000069301;ENSMUSG00000064220;ENSMUSG00000069305;ENSMUSG00000064288;ENSMUSG00000027715;ENSMUSG00000069308;ENSMUSG00000071478;ENSMUSG00000049932;ENSMUSG00000094248;ENSMUSG00000063954;ENSMUSG00000061991;ENSMUSG00000069309;ENSMUSG00000056394			False	False	True	True
skin	R-MMU-157858_GAP_JUNCTION_TRAFFICKING_AND_REGULATION	0.11041161512884995	6	3	3	0.15314029141549712	4	3	1	-0.025486929895039267	6.0	2.0	4.0	-0.03376487310504536	4.0	1.0	3.0	-1.7017215502022403	0.007518796992481203	0.011632582457711763	ENSMUSG00000046352;ENSMUSG00000040055;ENSMUSG00000062380;ENSMUSG00000050953;ENSMUSG00000001473;ENSMUSG00000058672;ENSMUSG00000043091;ENSMUSG00000045136;ENSMUSG00000046623;ENSMUSG00000042367;ENSMUSG00000033577			False	False	False	False
skin	R-MMU-15869_METABOLISM_OF_NUCLEOTIDES	-0.37224481780245533	6	2	4	-0.46760695133210467	4	1	3	0.0007274726407648114	6.0	3.0	3.0	0.0005264312802433294	4.0	3.0	1.0	-0.6574294146252914	0.9060693641618497	1.0	ENSMUSG00000020407;ENSMUSG00000025574;ENSMUSG00000020649;ENSMUSG00000030978;ENSMUSG00000013629;ENSMUSG00000021591;ENSMUSG00000025747;ENSMUSG00000020250			False	False	False	True
skin	R-MMU-1592389_ACTIVATION_OF_MATRIX_METALLOPROTEINASES	-0.060800803288632056	6	2	4	-0.07040838242663489	4	1	3	-0.007463254267869745	6.0	3.0	3.0	-0.001010857262678454	4.0	2.0	2.0	-0.6772006887077098	0.8524590163934426	1.0	ENSMUSG00000001435;ENSMUSG00000050578;ENSMUSG00000001131			False	False	True	True
skin	R-MMU-162582_SIGNAL_TRANSDUCTION	0.13618440309276977	6	5	1	0.15897719807981103	4	4	0															False	False	False	False
skin	R-MMU-1630316_GLYCOSAMINOGLYCAN_METABOLISM	0.04068209451842982	6	3	3	0.07471194085592758	4	3	1	-0.001113382069752961	6.0	4.0	2.0	0.0023663527813818	4.0	3.0	1.0	-0.7997255999607044	0.7512755102040817	0.9029159229715736	ENSMUSG00000030607;ENSMUSG00000052353;ENSMUSG00000031910;ENSMUSG00000020330;ENSMUSG00000021614			False	False	False	False
skin	R-MMU-163125_POST_TRANSLATIONAL_MODIFICATION_SYNTHESIS_OF_GPI_ANCHORED_PROTEINS	-0.12197473742694494	6	1	5	-0.14117231670544264	4	1	3	-0.008179249442144236	6.0	2.0	4.0	-0.008097826407651859	4.0	1.0	3.0	-0.8009746306874593	0.7360335195530726	0.9062375470648582	ENSMUSG00000020183;ENSMUSG00000057454;ENSMUSG00000043557;ENSMUSG00000026765;ENSMUSG00000030484;ENSMUSG00000034634			False	False	True	True
skin	R-MMU-1632852_MACROAUTOPHAGY	0.15551008944020023	6	4	2	0.19926256124754782	4	3	1	-0.0027139964880575026	6.0	2.0	4.0	-0.008166321535643346	4.0	1.0	3.0	-1.0173027081698156	0.4501557632398754	0.6394902547359003	ENSMUSG00000062380;ENSMUSG00000038295;ENSMUSG00000001473;ENSMUSG00000058672;ENSMUSG00000043091;ENSMUSG00000045136			False	False	False	False
skin	R-MMU-163685_INTEGRATION_OF_ENERGY_METABOLISM	-0.007015110777511935	6	3	3	0.0011871287933280517	4	2	2	0.019471792588825688	6.0	5.0	1.0	0.024540065513640567	4.0	3.0	1.0	1.6666918935803434	0.015151515151515152	0.0910280563272801	ENSMUSG00000002944;ENSMUSG00000028518;ENSMUSG00000022840;ENSMUSG00000022878;ENSMUSG00000030102;ENSMUSG00000002997;ENSMUSG00000032766;ENSMUSG00000051331			False	False	False	False
skin	R-MMU-1638074_KERATAN_SULFATE_KERATIN_METABOLISM	0.14421872592483165	6	4	2	0.1923649806464015	4	3	1	0.009174413465971977	6.0	3.0	3.0	0.019555637263478427	4.0	3.0	1.0	0.9197076947198793	0.5378590078328982	0.9403673798368384	ENSMUSG00000027221;ENSMUSG00000041577;ENSMUSG00000022747;ENSMUSG00000057337;ENSMUSG00000013846;ENSMUSG00000017929;ENSMUSG00000021390;ENSMUSG00000041559			False	False	True	True
skin	R-MMU-1638091_HEPARAN_SULFATE_HEPARIN_HS_GAG_METABOLISM	-0.001093373194743281	6	2	4	-0.0019486627510808309	4	1	3	0.001438460730112688	6.0	4.0	2.0	0.0028737041556195636	4.0	2.0	2.0	-0.6289680586981765	0.8950617283950617	1.0	ENSMUSG00000020592;ENSMUSG00000021477;ENSMUSG00000041936;ENSMUSG00000031119;ENSMUSG00000051022;ENSMUSG00000034220;ENSMUSG00000055653;ENSMUSG00000035273;ENSMUSG00000022261;ENSMUSG00000025743;ENSMUSG00000058571;ENSMUSG00000017009;ENSMUSG00000070407;ENSMUSG00000039628;ENSMUSG00000062184			False	False	False	True
skin	R-MMU-1640170_CELL_CYCLE	-0.29761187380247195	6	3	3	-0.3787196125446171	4	1	3	-0.024451583931399606	6.0	2.0	4.0	-0.034634024778415845	4.0	1.0	3.0	-2.648438129933063	0.0	0.0	ENSMUSG00000062380;ENSMUSG00000069267;ENSMUSG00000062727;ENSMUSG00000094777;ENSMUSG00000094338;ENSMUSG00000069303;ENSMUSG00000069300;ENSMUSG00000069310;ENSMUSG00000095217;ENSMUSG00000069274;ENSMUSG00000101972;ENSMUSG00000061615;ENSMUSG00000069265;ENSMUSG00000074403;ENSMUSG00000069266;ENSMUSG00000069301;ENSMUSG00000101355;ENSMUSG00000081058;ENSMUSG00000045328;ENSMUSG00000046591;ENSMUSG00000028678;ENSMUSG00000027379;ENSMUSG00000041431;ENSMUSG00000032218;ENSMUSG00000006398;ENSMUSG00000042489;ENSMUSG00000003779;ENSMUSG00000022034;ENSMUSG00000064220;ENSMUSG00000023940;ENSMUSG00000015880;ENSMUSG00000026605;ENSMUSG00000047281;ENSMUSG00000020330;ENSMUSG00000026622;ENSMUSG00000069305;ENSMUSG00000019942;ENSMUSG00000020897;ENSMUSG00000064288;ENSMUSG00000017146;ENSMUSG00000030867;ENSMUSG00000027715;ENSMUSG00000029414;ENSMUSG00000047534;ENSMUSG00000005410;ENSMUSG00000028680;ENSMUSG00000028873;ENSMUSG00000027469;ENSMUSG00000018983;ENSMUSG00000069308;ENSMUSG00000024056;ENSMUSG00000071478;ENSMUSG00000035455;ENSMUSG00000001517;ENSMUSG00000040084;ENSMUSG00000034906;ENSMUSG00000024590;ENSMUSG00000005233;ENSMUSG00000049932;ENSMUSG00000032254;ENSMUSG00000094248;ENSMUSG00000026683;ENSMUSG00000001403;ENSMUSG00000017499;ENSMUSG00000027323;ENSMUSG00000001473;ENSMUSG00000063954;ENSMUSG00000038252;ENSMUSG00000058290;ENSMUSG00000026039;ENSMUSG00000028212;ENSMUSG00000058672;ENSMUSG00000007080;ENSMUSG00000061991;ENSMUSG00000027496;ENSMUSG00000028312;ENSMUSG00000041859;ENSMUSG00000024660;ENSMUSG00000002870;ENSMUSG00000029910;ENSMUSG00000029177;ENSMUSG00000069309;ENSMUSG00000043091;ENSMUSG00000070348;ENSMUSG00000056394			False	False	True	True
skin	R-MMU-1650814_COLLAGEN_BIOSYNTHESIS_AND_MODIFYING_ENZYMES	0.019539580311461035	6	4	2	0.0380843739968633	4	2	2	-0.008456412763647406	6.0	4.0	2.0	-0.004241645185814248	4.0	3.0	1.0	-1.045155584643527	0.4106699751861042	0.5942593068286585	ENSMUSG00000027966;ENSMUSG00000032332;ENSMUSG00000026043;ENSMUSG00000029661;ENSMUSG00000001435;ENSMUSG00000040690;ENSMUSG00000022098;ENSMUSG00000022371;ENSMUSG00000022483;ENSMUSG00000026837;ENSMUSG00000029718;ENSMUSG00000048126;ENSMUSG00000026042			False	False	False	False
skin	R-MMU-1660662_GLYCOSPHINGOLIPID_METABOLISM	-0.00029236686434510234	6	4	2	0.008968100546916644	4	3	1	0.003925406457463467	6.0	4.0	2.0	0.00826277965509452	4.0	2.0	2.0	0.580521438992654	0.9544235924932976	1.0	ENSMUSG00000079434			False	False	False	False
skin	R-MMU-166166_MYD88_INDEPENDENT_TLR4_CASCADE	-0.002368305902215755	6	2	4	-0.003152551185482723	4	1	3	0.011215957998665737	6.0	5.0	1.0	0.012802334331410464	4.0	4.0	0.0	0.5033265016971383	0.9883040935672515	1.0	ENSMUSG00000039005;ENSMUSG00000030107;ENSMUSG00000055994;ENSMUSG00000074151			False	False	False	False
skin	R-MMU-166658_COMPLEMENT_CASCADE	0.06467646995259606	6	4	2	0.09861224590742945	4	3	1	0.0015295314204337035	6.0	3.0	3.0	0.009486845069505331	4.0	3.0	1.0	1.3746655486145196	0.09142857142857143	0.25041579669740927	ENSMUSG00000026874;ENSMUSG00000026938;ENSMUSG00000024164;ENSMUSG00000026399;ENSMUSG00000026365;ENSMUSG00000061780;ENSMUSG00000055172;ENSMUSG00000040552;ENSMUSG00000023224;ENSMUSG00000073418;ENSMUSG00000049130;ENSMUSG00000001128;ENSMUSG00000036905;ENSMUSG00000036887;ENSMUSG00000024371			False	False	True	True
skin	R-MMU-168138_TOLL_LIKE_RECEPTOR_9_TLR9_CASCADE	-0.026532924316675557	6	2	4	-0.03243039595607393	4	1	3	0.010783296767419834	6.0	5.0	1.0	0.013256083779829023	4.0	3.0	1.0	0.5945136225830394	0.9556213017751479	1.0	ENSMUSG00000039005;ENSMUSG00000030107;ENSMUSG00000055994;ENSMUSG00000074151;ENSMUSG00000051439;ENSMUSG00000038058;ENSMUSG00000031530;ENSMUSG00000021846;ENSMUSG00000021250			False	False	False	False
skin	R-MMU-168249_INNATE_IMMUNE_SYSTEM	0.2434467673921363	6	4	2	0.347682810341361	4	3	1	0.005012343951867749	6.0	3.0	3.0	0.008733884431551316	4.0	3.0	1.0	1.324844519008564	0.0	0.26493376417422826	ENSMUSG00000032496;ENSMUSG00000026874;ENSMUSG00000027832;ENSMUSG00000002944;ENSMUSG00000026822;ENSMUSG00000029322;ENSMUSG00000020826;ENSMUSG00000020154;ENSMUSG00000002033;ENSMUSG00000060550;ENSMUSG00000033196;ENSMUSG00000038393;ENSMUSG00000027435;ENSMUSG00000020717;ENSMUSG00000025791;ENSMUSG00000026581;ENSMUSG00000064267;ENSMUSG00000056888;ENSMUSG00000026938;ENSMUSG00000026395;ENSMUSG00000072596;ENSMUSG00000016283;ENSMUSG00000086040;ENSMUSG00000068587;ENSMUSG00000067235;ENSMUSG00000039005;ENSMUSG00000028927;ENSMUSG00000033220;ENSMUSG00000024459;ENSMUSG00000024164;ENSMUSG00000046718;ENSMUSG00000026177;ENSMUSG00000044827;ENSMUSG00000030107;ENSMUSG00000063193;ENSMUSG00000054203;ENSMUSG00000026536;ENSMUSG00000028599;ENSMUSG00000021676;ENSMUSG00000060802;ENSMUSG00000056529;ENSMUSG00000053475;ENSMUSG00000030830;ENSMUSG00000040747;ENSMUSG00000039982;ENSMUSG00000017737;ENSMUSG00000002885;ENSMUSG00000042228;ENSMUSG00000026399;ENSMUSG00000020143;ENSMUSG00000040296;ENSMUSG00000055994;ENSMUSG00000073489;ENSMUSG00000057329;ENSMUSG00000060791;ENSMUSG00000034116;ENSMUSG00000021423;ENSMUSG00000026365;ENSMUSG00000025579;ENSMUSG00000074151;ENSMUSG00000058715;ENSMUSG00000059089;ENSMUSG00000061780;ENSMUSG00000022488;ENSMUSG00000056116;ENSMUSG00000026879;ENSMUSG00000024349;ENSMUSG00000031825;ENSMUSG00000039899;ENSMUSG00000027995;ENSMUSG00000035697;ENSMUSG00000090272;ENSMUSG00000019850;ENSMUSG00000041417;ENSMUSG00000027187;ENSMUSG00000021822;ENSMUSG00000041112;ENSMUSG00000021091;ENSMUSG00000015947;ENSMUSG00000055172;ENSMUSG00000003153;ENSMUSG00000058099;ENSMUSG00000025877;ENSMUSG00000015340;ENSMUSG00000052160;ENSMUSG00000026656;ENSMUSG00000025701;ENSMUSG00000030789;ENSMUSG00000043832;ENSMUSG00000028874;ENSMUSG00000000290;ENSMUSG00000025314;ENSMUSG00000051439;ENSMUSG00000008540			False	False	True	True
skin	R-MMU-168256_IMMUNE_SYSTEM	0.03201919202241702	6	5	1	0.02581638817251447	4	4	0	0.006743367284762394	6.0	5.0	1.0	0.00895318245255044	4.0	4.0	0.0	-0.637909018229514	0.997	1.0	ENSMUSG00000004552;ENSMUSG00000062380;ENSMUSG00000069267;ENSMUSG00000062727;ENSMUSG00000094777;ENSMUSG00000026984;ENSMUSG00000094338;ENSMUSG00000069303;ENSMUSG00000069300;ENSMUSG00000069310;ENSMUSG00000095217;ENSMUSG00000069274;ENSMUSG00000101972;ENSMUSG00000061615;ENSMUSG00000069265;ENSMUSG00000074403;ENSMUSG00000069266;ENSMUSG00000069301;ENSMUSG00000101355;ENSMUSG00000081058;ENSMUSG00000045328;ENSMUSG00000028678;ENSMUSG00000006398;ENSMUSG00000041991;ENSMUSG00000026985;ENSMUSG00000064246;ENSMUSG00000021294;ENSMUSG00000036768;ENSMUSG00000003779;ENSMUSG00000064220;ENSMUSG00000012443;ENSMUSG00000026622;ENSMUSG00000030677;ENSMUSG00000069305;ENSMUSG00000019942;ENSMUSG00000064288;ENSMUSG00000028444;ENSMUSG00000069308;ENSMUSG00000056054;ENSMUSG00000044594;ENSMUSG00000071478;ENSMUSG00000027533;ENSMUSG00000109061;ENSMUSG00000034311;ENSMUSG00000044322;ENSMUSG00000049932;ENSMUSG00000032254;ENSMUSG00000094248;ENSMUSG00000001403;ENSMUSG00000023015;ENSMUSG00000059970			False	False	True	False
skin	R-MMU-168898_TOLL_LIKE_RECEPTOR_CASCADES	0.08600982926039295	6	4	2	0.11133608425104398	4	4	0	0.004121079450024179	6.0	3.0	3.0	0.008179290190447185	4.0	3.0	1.0	0.57358259330368	0.9823008849557522	1.0	ENSMUSG00000002944;ENSMUSG00000039005;ENSMUSG00000044827;ENSMUSG00000030107;ENSMUSG00000055994;ENSMUSG00000021423;ENSMUSG00000074151;ENSMUSG00000027995;ENSMUSG00000000290;ENSMUSG00000051439;ENSMUSG00000036908;ENSMUSG00000038058;ENSMUSG00000038642;ENSMUSG00000040522;ENSMUSG00000031530;ENSMUSG00000021846;ENSMUSG00000026825;ENSMUSG00000021250;ENSMUSG00000016024;ENSMUSG00000044583;ENSMUSG00000024235			False	False	True	True
skin	R-MMU-170834_SIGNALING_BY_TGF_BETA_RECEPTOR_COMPLEX	-0.0930006891365187	6	1	5	-0.1026623341773159	4	1	3	0.0027153050568490635	6.0	4.0	2.0	0.0018466547363953922	4.0	3.0	1.0	-0.43735424994406236	0.9971509971509972	1.0	ENSMUSG00000024232;ENSMUSG00000062175;ENSMUSG00000025880;ENSMUSG00000038400;ENSMUSG00000027660;ENSMUSG00000030530;ENSMUSG00000026971;ENSMUSG00000025321			False	False	False	True
skin	R-MMU-174824_PLASMA_LIPOPROTEIN_ASSEMBLY_REMODELING_AND_CLEARANCE	-0.04828031035229533	6	0	6	-0.0562707896083041	4	0	4	0.003617682763352304	6.0	5.0	1.0	0.00417576489475812	4.0	4.0	0.0	0.8113885304125309	0.7429378531073446	1.0	ENSMUSG00000024924;ENSMUSG00000002289;ENSMUSG00000015568			False	False	False	False
skin	R-MMU-177929_SIGNALING_BY_EGFR	-0.050884269528864094	6	1	5	-0.049334472557576434	4	0	4	-0.010052289444028755	6.0	1.0	5.0	-0.011751727775645978	4.0	0.0	4.0	-1.2424877810016923	0.2172573189522342	0.3047494731496481	ENSMUSG00000029999;ENSMUSG00000029377;ENSMUSG00000051225;ENSMUSG00000035020;ENSMUSG00000029378;ENSMUSG00000024486;ENSMUSG00000027508;ENSMUSG00000019889;ENSMUSG00000030029;ENSMUSG00000027654;ENSMUSG00000032358			False	False	True	True
skin	R-MMU-186797_SIGNALING_BY_PDGF	-0.07289118648989905	6	1	5	-0.07997091306186874	4	1	3	-0.0007852244998465818	6.0	4.0	2.0	0.003395832152273834	4.0	3.0	1.0	0.5157958764904939	1.0	1.0	ENSMUSG00000091345;ENSMUSG00000029304;ENSMUSG00000028626;ENSMUSG00000028019;ENSMUSG00000023885;ENSMUSG00000024620;ENSMUSG00000041417;ENSMUSG00000029231			False	False	True	False
skin	R-MMU-190828_GAP_JUNCTION_TRAFFICKING	-0.4075693501595991	6	2	4	-0.5283236781276561	4	1	3	-0.025486929895039267	6.0	2.0	4.0	-0.03376487310504536	4.0	1.0	3.0	-1.7017215502022403	0.007518796992481203	0.011632582457711763	ENSMUSG00000046352;ENSMUSG00000040055;ENSMUSG00000062380;ENSMUSG00000050953;ENSMUSG00000001473;ENSMUSG00000058672;ENSMUSG00000043091;ENSMUSG00000045136;ENSMUSG00000046623;ENSMUSG00000042367;ENSMUSG00000033577	Gap-junction trafficking	complementary	True	True	True	True
skin	R-MMU-191273_CHOLESTEROL_BIOSYNTHESIS	-0.15741326067284994	6	1	5	-0.18747708594728	4	1	3	-0.007405751174003772	6.0	3.0	3.0	-0.009651740271618053	4.0	2.0	2.0	-1.3471318255220797	0.14471544715447154	0.1982053373783715	ENSMUSG00000022351;ENSMUSG00000026675;ENSMUSG00000034926;ENSMUSG00000059743;ENSMUSG00000031604;ENSMUSG00000001467;ENSMUSG00000021670;ENSMUSG00000033105;ENSMUSG00000023832;ENSMUSG00000021273;ENSMUSG00000006517			False	False	True	True
skin	R-MMU-193648_NRAGE_SIGNALS_DEATH_THROUGH_JNK	0.20905242786372227	6	5	1	0.2286085033345607	4	3	1	0.004227130203650541	6.0	3.0	3.0	0.001434115526838661	4.0	2.0	2.0	0.6359495129960265	0.9310344827586207	1.0	ENSMUSG00000061462			False	False	True	True
skin	R-MMU-193704_P75_NTR_RECEPTOR_MEDIATED_SIGNALLING	-0.032390222092710794	6	3	3	-0.014708755726331336	4	2	2	0.004422195833892165	6.0	4.0	2.0	0.002254051738349844	4.0	3.0	1.0	0.6074156592275495	0.9493670886075949	1.0	ENSMUSG00000061462			False	False	False	False
skin	R-MMU-194138_SIGNALING_BY_VEGF	0.025500428740120484	6	5	1	0.03766124060954944	4	3	1	0.01092727313001137	6.0	6.0	0.0	0.014096281853548144	4.0	4.0	0.0	1.3814181136924777	0.08571428571428572	0.2547543815122243	ENSMUSG00000062960;ENSMUSG00000031871;ENSMUSG00000029648;ENSMUSG00000023951;ENSMUSG00000025810;ENSMUSG00000007655;ENSMUSG00000019699;ENSMUSG00000020357;ENSMUSG00000032715;ENSMUSG00000034116;ENSMUSG00000022488;ENSMUSG00000031380;ENSMUSG00000041417;ENSMUSG00000041112;ENSMUSG00000015340;ENSMUSG00000004791;ENSMUSG00000002602;ENSMUSG00000020689;ENSMUSG00000029636			False	False	True	True
skin	R-MMU-194315_SIGNALING_BY_RHO_GTPASES	-0.2601285887293992	6	1	5	-0.33061353327402304	4	1	3	-0.0034011477629798553	6.0	2.0	4.0	-0.005557803564539308	4.0	1.0	3.0	-1.210949033084358	0.14994720168954592	0.34050876311880046	ENSMUSG00000062380;ENSMUSG00000050953;ENSMUSG00000045328;ENSMUSG00000028678;ENSMUSG00000027379;ENSMUSG00000006398;ENSMUSG00000023940;ENSMUSG00000026605;ENSMUSG00000047281;ENSMUSG00000041498;ENSMUSG00000020897;ENSMUSG00000030867;ENSMUSG00000029414;ENSMUSG00000028873;ENSMUSG00000056054;ENSMUSG00000024056;ENSMUSG00000040084;ENSMUSG00000028068;ENSMUSG00000024590;ENSMUSG00000005233;ENSMUSG00000026683;ENSMUSG00000023015;ENSMUSG00000027699;ENSMUSG00000001473;ENSMUSG00000028919;ENSMUSG00000028698;ENSMUSG00000040624;ENSMUSG00000026039;ENSMUSG00000058672;ENSMUSG00000006445;ENSMUSG00000024660;ENSMUSG00000029910;ENSMUSG00000022021;ENSMUSG00000038943;ENSMUSG00000029177;ENSMUSG00000036777;ENSMUSG00000024812;ENSMUSG00000043091;ENSMUSG00000056071			False	False	True	True
skin	R-MMU-195258_RHO_GTPASE_EFFECTORS	-0.21439796095773525	6	3	3	-0.28773594955528975	4	1	3	-0.009916802962391183	6.0	2.0	4.0	-0.015018991231220366	4.0	1.0	3.0	-1.8340550017075985	0.001199040767386091	0.002442232529868334	ENSMUSG00000062380;ENSMUSG00000045328;ENSMUSG00000028678;ENSMUSG00000027379;ENSMUSG00000006398;ENSMUSG00000023940;ENSMUSG00000026605;ENSMUSG00000047281;ENSMUSG00000041498;ENSMUSG00000020897;ENSMUSG00000030867;ENSMUSG00000029414;ENSMUSG00000028873;ENSMUSG00000056054;ENSMUSG00000024056;ENSMUSG00000040084;ENSMUSG00000028068;ENSMUSG00000005233;ENSMUSG00000026683;ENSMUSG00000001473;ENSMUSG00000026039;ENSMUSG00000058672;ENSMUSG00000024660;ENSMUSG00000029910;ENSMUSG00000022021;ENSMUSG00000038943;ENSMUSG00000029177;ENSMUSG00000043091;ENSMUSG00000056071			False	False	True	True
skin	R-MMU-195721_SIGNALING_BY_WNT	-0.1351016807446038	6	1	5	-0.17871396806905218	4	0	4	-0.0033480860516454654	6.0	3.0	3.0	-0.0063730362967248586	4.0	2.0	2.0	-0.7896852161546336	0.7647058823529411	0.9131322795163432	ENSMUSG00000027985;ENSMUSG00000015957;ENSMUSG00000045005;ENSMUSG00000021994;ENSMUSG00000051920;ENSMUSG00000022996;ENSMUSG00000076431;ENSMUSG00000020140;ENSMUSG00000036856;ENSMUSG00000036158;ENSMUSG00000044674;ENSMUSG00000035305;ENSMUSG00000026167;ENSMUSG00000070643			False	False	True	True
skin	R-MMU-196849_METABOLISM_OF_WATER_SOLUBLE_VITAMINS_AND_COFACTORS	-0.018375854514759437	6	1	5	-0.0209761862957187	4	0	4	0.0018138981099206058	6.0	3.0	3.0	0.0053944650563155375	4.0	3.0	1.0	-0.5040431712944211	0.9702380952380952	1.0	ENSMUSG00000027070			False	False	False	True
skin	R-MMU-196854_METABOLISM_OF_VITAMINS_AND_COFACTORS	0.17147879074584485	6	5	1	0.2157001168640072	4	4	0	0.0013748536647130982	6.0	3.0	3.0	0.0017422455234242752	4.0	3.0	1.0	-0.8079165870991792	0.7396907216494846	0.9059215930726433	ENSMUSG00000027070;ENSMUSG00000028003;ENSMUSG00000032454;ENSMUSG00000028613;ENSMUSG00000020256;ENSMUSG00000029134;ENSMUSG00000046402			False	False	True	False
skin	R-MMU-1971475_GLYCOSAMINOGLYCAN_PROTEIN_LINKAGE_REGION_BIOSYNTHESIS	-0.13401154525225953	6	1	5	-0.14999120523634377	4	1	3	-0.009379426986454276	6.0	2.0	4.0	-0.008011515827882475	4.0	2.0	2.0	-0.8188516800920935	0.6744186046511628	0.8994417450032256	ENSMUSG00000021614;ENSMUSG00000020592;ENSMUSG00000032911;ENSMUSG00000031375;ENSMUSG00000041936;ENSMUSG00000031119;ENSMUSG00000034220;ENSMUSG00000055653;ENSMUSG00000022261;ENSMUSG00000019929;ENSMUSG00000025743;ENSMUSG00000058571;ENSMUSG00000017009			False	False	True	True
skin	R-MMU-198933_IMMUNOREGULATORY_INTERACTIONS_BETWEEN_A_LYMPHOID_AND_A_NON_LYMPHOID_CELL	-0.00039493609064322754	6	4	2	-0.0007736785665204415	4	2	2	0.018190371970113823	6.0	6.0	0.0	0.021773446079876725	4.0	4.0	0.0	1.9423852564153223	0.0	0.01577497704699107	ENSMUSG00000059108;ENSMUSG00000027962;ENSMUSG00000002033;ENSMUSG00000060550;ENSMUSG00000026581;ENSMUSG00000016283;ENSMUSG00000067235;ENSMUSG00000024459;ENSMUSG00000024164;ENSMUSG00000005763;ENSMUSG00000063193;ENSMUSG00000025491;ENSMUSG00000001281;ENSMUSG00000060802;ENSMUSG00000030830;ENSMUSG00000027009;ENSMUSG00000037405;ENSMUSG00000056116;ENSMUSG00000016494;ENSMUSG00000026656;ENSMUSG00000025492;ENSMUSG00000000290			False	False	False	False
skin	R-MMU-199418_NEGATIVE_REGULATION_OF_THE_PI3K_AKT_NETWORK	-0.14011640837605885	6	2	4	-0.18165887893971952	4	1	3	0.006315222609534048	6.0	5.0	1.0	0.007504170285231231	4.0	4.0	0.0	-0.5261589156034371	0.9908735332464146	1.0	ENSMUSG00000029337;ENSMUSG00000062991;ENSMUSG00000028698;ENSMUSG00000029999;ENSMUSG00000029377;ENSMUSG00000035020;ENSMUSG00000029378;ENSMUSG00000024486;ENSMUSG00000054252;ENSMUSG00000003541			False	False	False	True
skin	R-MMU-199991_MEMBRANE_TRAFFICKING	-0.1935512838472134	6	1	5	-0.26189249305114837	4	0	4	-0.00953179678288322	6.0	2.0	4.0	-0.01267970743899372	4.0	1.0	3.0	-1.5722041408500302	0.008	0.04373784002303481	ENSMUSG00000046352;ENSMUSG00000040055;ENSMUSG00000062380;ENSMUSG00000027070;ENSMUSG00000050953;ENSMUSG00000045328;ENSMUSG00000028678;ENSMUSG00000021294;ENSMUSG00000036768;ENSMUSG00000051378;ENSMUSG00000003779;ENSMUSG00000012443;ENSMUSG00000030677;ENSMUSG00000079553;ENSMUSG00000034311;ENSMUSG00000021994;ENSMUSG00000032254;ENSMUSG00000024795;ENSMUSG00000023015;ENSMUSG00000001473;ENSMUSG00000026494;ENSMUSG00000029999;ENSMUSG00000058672;ENSMUSG00000029377;ENSMUSG00000043091;ENSMUSG00000035020;ENSMUSG00000030560;ENSMUSG00000029378;ENSMUSG00000045136;ENSMUSG00000033419;ENSMUSG00000024486;ENSMUSG00000028860;ENSMUSG00000046623;ENSMUSG00000026579			False	False	True	True
skin	R-MMU-201681_TCF_DEPENDENT_SIGNALING_IN_RESPONSE_TO_WNT	-0.06621648489059896	6	2	4	-0.07041739167017874	4	1	3	-0.007820616247974747	6.0	2.0	4.0	-0.011812267344017061	4.0	1.0	3.0	-0.8893683299186047	0.6115107913669064	0.8166069269587355	ENSMUSG00000027985;ENSMUSG00000045005;ENSMUSG00000021994;ENSMUSG00000051920;ENSMUSG00000076431;ENSMUSG00000020140;ENSMUSG00000044674			False	False	True	True
skin	R-MMU-2022090_ASSEMBLY_OF_COLLAGEN_FIBRILS_AND_OTHER_MULTIMERIC_STRUCTURES	0.03398983078513424	6	4	2	0.06883056187167232	4	3	1	-0.009259478533319467	6.0	4.0	2.0	-0.0033868939409438577	4.0	3.0	1.0	-0.8266300127234071	0.7152061855670103	0.897318175597569	ENSMUSG00000027966;ENSMUSG00000026043;ENSMUSG00000001435;ENSMUSG00000050578;ENSMUSG00000022098;ENSMUSG00000022483;ENSMUSG00000034205;ENSMUSG00000026837;ENSMUSG00000029718;ENSMUSG00000048126;ENSMUSG00000021477;ENSMUSG00000026042			False	False	False	False
skin	R-MMU-202403_TCR_SIGNALING	-0.09889618667681506	6	1	5	-0.10146738628784888	4	1	3	0.009084945584218747	6.0	3.0	3.0	0.015239060750046596	4.0	3.0	1.0	1.5998486457874106	0.037142857142857144	0.11399682149798405	ENSMUSG00000002033;ENSMUSG00000026395;ENSMUSG00000005763;ENSMUSG00000022148;ENSMUSG00000036594;ENSMUSG00000026288;ENSMUSG00000060586;ENSMUSG00000041417;ENSMUSG00000073421;ENSMUSG00000025314			False	False	False	False
skin	R-MMU-202733_CELL_SURFACE_INTERACTIONS_AT_THE_VASCULAR_WALL	0.043930623657560695	6	4	2	0.09670129111049507	4	3	1	0.004517467453532631	6.0	4.0	2.0	0.007204918843541874	4.0	3.0	1.0	0.9572890412699806	0.5666666666666667	0.8503268703585872	ENSMUSG00000041329;ENSMUSG00000020717;ENSMUSG00000026581;ENSMUSG00000053062;ENSMUSG00000095079;ENSMUSG00000025161;ENSMUSG00000006386;ENSMUSG00000007655;ENSMUSG00000031465;ENSMUSG00000015355;ENSMUSG00000038147;ENSMUSG00000030830;ENSMUSG00000031451;ENSMUSG00000042228;ENSMUSG00000027009;ENSMUSG00000026888;ENSMUSG00000026580;ENSMUSG00000026582;ENSMUSG00000026288;ENSMUSG00000041417;ENSMUSG00000032902;ENSMUSG00000048163;ENSMUSG00000024610;ENSMUSG00000030789;ENSMUSG00000000290;ENSMUSG00000022309;ENSMUSG00000026576;ENSMUSG00000029373;ENSMUSG00000022102;ENSMUSG00000020689;ENSMUSG00000027111;ENSMUSG00000000555			False	False	True	True
skin	R-MMU-2029480_FCGAMMA_RECEPTOR_FCGR_DEPENDENT_PHAGOCYTOSIS	0.2836183370042355	6	5	1	0.3100113618811007	4	3	1	0.004928954149328638	6.0	4.0	2.0	0.006971749765289306	4.0	3.0	1.0	1.2889930658537363	0.12987012987012986	0.29237254418621517	ENSMUSG00000002033;ENSMUSG00000033196;ENSMUSG00000086040;ENSMUSG00000042228;ENSMUSG00000034116;ENSMUSG00000022488;ENSMUSG00000041417;ENSMUSG00000041112;ENSMUSG00000015947;ENSMUSG00000052160;ENSMUSG00000026656;ENSMUSG00000028874			True	False	True	True
skin	R-MMU-2029482_REGULATION_OF_ACTIN_DYNAMICS_FOR_PHAGOCYTIC_CUP_FORMATION	-0.1711310204517544	6	1	5	-0.18185513025402048	4	1	3	0.003808725396003856	6.0	4.0	2.0	0.005192208992390092	4.0	3.0	1.0	1.0964733096545851	0.32697547683923706	0.574272460855596	ENSMUSG00000002033;ENSMUSG00000033196;ENSMUSG00000086040;ENSMUSG00000034116;ENSMUSG00000022488;ENSMUSG00000041112;ENSMUSG00000015947;ENSMUSG00000026656			False	False	False	False
skin	R-MMU-204998_CELL_DEATH_SIGNALLING_VIA_NRAGE_NRIF_AND_NADE	-0.0009257215185575927	6	3	3	-0.0006517406918136623	4	2	2	0.004975482339615946	6.0	3.0	3.0	0.002044432795218168	4.0	2.0	2.0	0.6079052192190224	0.9571865443425076	1.0	ENSMUSG00000061462			False	False	False	False
skin	R-MMU-211859_BIOLOGICAL_OXIDATIONS	0.08472404003394478	6	4	2	0.1729862253635434	4	2	2	0.0029335208754220315	6.0	4.0	2.0	0.005608641110023765	4.0	2.0	2.0	-0.5315271826745182	0.9940688018979834	1.0	ENSMUSG00000006345;ENSMUSG00000027313;ENSMUSG00000027333;ENSMUSG00000003271;ENSMUSG00000027597;ENSMUSG00000002797;ENSMUSG00000032350;ENSMUSG00000074183;ENSMUSG00000022562;ENSMUSG00000040703;ENSMUSG00000028124;ENSMUSG00000111709			False	False	True	False
skin	R-MMU-211897_CYTOCHROME_P450_ARRANGED_BY_SUBSTRATE_TYPE	0.02929471664360447	6	3	3	0.029516183177527907	4	3	1	0.0091894540780027	6.0	4.0	2.0	0.013785565910944802	4.0	3.0	1.0	1.3036386984043713	0.13414634146341464	0.2816343709353386	ENSMUSG00000061740;ENSMUSG00000032315;ENSMUSG00000028713;ENSMUSG00000063415;ENSMUSG00000019256;ENSMUSG00000029727;ENSMUSG00000026170;ENSMUSG00000030483;ENSMUSG00000024087;ENSMUSG00000029541;ENSMUSG00000052914;ENSMUSG00000039519			False	False	True	True
skin	R-MMU-211945_PHASE_I_FUNCTIONALIZATION_OF_COMPOUNDS	-0.08033384986589577	6	2	4	-0.11917494384934874	4	1	3	0.010057260854863028	6.0	4.0	2.0	0.016566908220733	4.0	2.0	2.0	1.3798359569422032	0.06130268199233716	0.24978835537219646	ENSMUSG00000053279;ENSMUSG00000061740;ENSMUSG00000019326;ENSMUSG00000032315;ENSMUSG00000028713;ENSMUSG00000056973;ENSMUSG00000063415;ENSMUSG00000040147;ENSMUSG00000019256;ENSMUSG00000029727;ENSMUSG00000040170;ENSMUSG00000026170;ENSMUSG00000027761;ENSMUSG00000047250;ENSMUSG00000027605;ENSMUSG00000030483;ENSMUSG00000024087;ENSMUSG00000029541;ENSMUSG00000052914;ENSMUSG00000039519			False	False	False	False
skin	R-MMU-212165_EPIGENETIC_REGULATION_OF_GENE_EXPRESSION	0.010618835209037747	6	4	2	0.019246493418291467	4	3	1	-0.01121017189707117	6.0	2.0	4.0	-0.020140223981706853	4.0	1.0	3.0	-2.255332808599835	0.0	0.0	ENSMUSG00000069267;ENSMUSG00000062727;ENSMUSG00000094777;ENSMUSG00000094338;ENSMUSG00000069303;ENSMUSG00000069300;ENSMUSG00000069310;ENSMUSG00000095217;ENSMUSG00000069274;ENSMUSG00000101972;ENSMUSG00000061615;ENSMUSG00000069265;ENSMUSG00000074403;ENSMUSG00000069266;ENSMUSG00000069301;ENSMUSG00000101355;ENSMUSG00000081058;ENSMUSG00000064220;ENSMUSG00000069305;ENSMUSG00000064288;ENSMUSG00000069308;ENSMUSG00000071478;ENSMUSG00000049932;ENSMUSG00000094248;ENSMUSG00000063954;ENSMUSG00000061991;ENSMUSG00000030680;ENSMUSG00000069309			False	False	False	False
skin	R-MMU-212300_PRC2_METHYLATES_HISTONES_AND_DNA	-0.14364938627325533	6	3	3	-0.193246405014883	4	1	3	-0.018710859267059454	6.0	2.0	4.0	-0.03161813655946633	4.0	1.0	3.0	-2.3108930495306383	0.0	0.0	ENSMUSG00000069267;ENSMUSG00000062727;ENSMUSG00000094777;ENSMUSG00000094338;ENSMUSG00000069303;ENSMUSG00000069300;ENSMUSG00000069310;ENSMUSG00000095217;ENSMUSG00000069274;ENSMUSG00000101972;ENSMUSG00000061615;ENSMUSG00000069265;ENSMUSG00000074403;ENSMUSG00000069266;ENSMUSG00000069301;ENSMUSG00000101355;ENSMUSG00000081058;ENSMUSG00000064220;ENSMUSG00000069305;ENSMUSG00000064288;ENSMUSG00000069308;ENSMUSG00000071478;ENSMUSG00000049932;ENSMUSG00000094248;ENSMUSG00000063954;ENSMUSG00000061991;ENSMUSG00000069309			False	False	True	True
skin	R-MMU-212436_GENERIC_TRANSCRIPTION_PATHWAY	-0.10999464280790357	6	2	4	-0.13998977280402702	4	1	3	-0.0017801206711796278	6.0	2.0	4.0	-0.005441933008752594	4.0	2.0	2.0	-1.7222972490157105	0.0	0.009945037813813251	ENSMUSG00000069267;ENSMUSG00000062727;ENSMUSG00000094777;ENSMUSG00000094338;ENSMUSG00000027985;ENSMUSG00000069303;ENSMUSG00000069300;ENSMUSG00000069310;ENSMUSG00000095217;ENSMUSG00000069274;ENSMUSG00000101972;ENSMUSG00000061615;ENSMUSG00000069265;ENSMUSG00000074403;ENSMUSG00000069266;ENSMUSG00000069301;ENSMUSG00000101355;ENSMUSG00000081058;ENSMUSG00000042808;ENSMUSG00000041431;ENSMUSG00000064220;ENSMUSG00000047281;ENSMUSG00000069305;ENSMUSG00000019942;ENSMUSG00000020897;ENSMUSG00000064288;ENSMUSG00000017146;ENSMUSG00000027715;ENSMUSG00000028680;ENSMUSG00000027469;ENSMUSG00000069308;ENSMUSG00000071478;ENSMUSG00000046179;ENSMUSG00000049932;ENSMUSG00000094248;ENSMUSG00000063954;ENSMUSG00000028212;ENSMUSG00000061991;ENSMUSG00000027496;ENSMUSG00000062175;ENSMUSG00000020185;ENSMUSG00000069309;ENSMUSG00000070803			False	False	True	True
skin	R-MMU-2129379_MOLECULES_ASSOCIATED_WITH_ELASTIC_FIBRES	-0.10564843740309234	6	1	5	-0.10490092087395667	4	1	3	-7.852789011851258e-05	6.0	3.0	3.0	0.0038816643317151752	4.0	3.0	1.0	-0.41933406529181777	1.0	1.0	ENSMUSG00000024598;ENSMUSG00000060572;ENSMUSG00000008999;ENSMUSG00000042436;ENSMUSG00000026193;ENSMUSG00000021835;ENSMUSG00000026971;ENSMUSG00000025321;ENSMUSG00000024909			False	False	True	True
skin	R-MMU-2132295_MHC_CLASS_II_ANTIGEN_PRESENTATION	-0.047082673386053285	6	2	4	-0.02210941475079725	4	2	2	-0.019653493707763797	6.0	2.0	4.0	-0.02322943599318429	4.0	1.0	3.0	-1.836839981673847	0.0013227513227513227	0.002369656625998107	ENSMUSG00000004552;ENSMUSG00000062380;ENSMUSG00000045328;ENSMUSG00000028678;ENSMUSG00000021294;ENSMUSG00000036768;ENSMUSG00000003779;ENSMUSG00000012443;ENSMUSG00000030677;ENSMUSG00000034311;ENSMUSG00000032254;ENSMUSG00000023015;ENSMUSG00000001473;ENSMUSG00000058672;ENSMUSG00000043091;ENSMUSG00000030560;ENSMUSG00000045136			False	False	True	True
skin	R-MMU-2142753_ARACHIDONATE_METABOLISM	0.04752600078298332	6	4	2	0.06963856686146995	4	3	1	0.003640192784412502	6.0	4.0	2.0	0.004668022066997099	4.0	3.0	1.0	-1.1268868910533643	0.31020408163265306	0.46932299163296076	ENSMUSG00000006345;ENSMUSG00000020891;ENSMUSG00000042808;ENSMUSG00000015090			False	False	True	False
skin	R-MMU-216083_INTEGRIN_CELL_SURFACE_INTERACTIONS	-0.0028268966992734215	6	4	2	0.023234361418892874	4	3	1	0.00028437406636196383	6.0	3.0	3.0	0.004827157888229572	4.0	3.0	1.0	0.7165026823971794	0.9345238095238095	1.0	ENSMUSG00000027962;ENSMUSG00000020717;ENSMUSG00000091345;ENSMUSG00000053062;ENSMUSG00000029304;ENSMUSG00000001281;ENSMUSG00000042284;ENSMUSG00000030830;ENSMUSG00000028626;ENSMUSG00000027009;ENSMUSG00000026768;ENSMUSG00000001930;ENSMUSG00000037405;ENSMUSG00000015533;ENSMUSG00000030789;ENSMUSG00000068196;ENSMUSG00000000290;ENSMUSG00000056174;ENSMUSG00000020689;ENSMUSG00000027111;ENSMUSG00000000555;ENSMUSG00000039115;ENSMUSG00000032243			False	False	False	False
skin	R-MMU-2173782_BINDING_AND_UPTAKE_OF_LIGANDS_BY_SCAVENGER_RECEPTORS	0.03839951040966686	6	4	2	0.043834901173843685	4	4	0	0.00017662391089269652	6.0	4.0	2.0	0.0037959005563740003	4.0	3.0	1.0	0.8594846870024512	0.6903225806451613	1.0	ENSMUSG00000002944;ENSMUSG00000095079;ENSMUSG00000025044;ENSMUSG00000068246;ENSMUSG00000057346;ENSMUSG00000008845;ENSMUSG00000069919;ENSMUSG00000052305;ENSMUSG00000068252;ENSMUSG00000037936			False	False	True	True
skin	R-MMU-2173789_TGF_BETA_RECEPTOR_SIGNALING_ACTIVATES_SMADS	-0.0583101470910796	6	2	4	-0.08442024183927097	4	0	4	0.0035936663635718394	6.0	3.0	3.0	0.0028841293693832714	4.0	3.0	1.0	-0.5001327394935715	0.9802130898021308	1.0	ENSMUSG00000024232			False	False	False	True
skin	R-MMU-2187338_VISUAL_PHOTOTRANSDUCTION	-0.3253856787875864	6	2	4	-0.4372795832224149	4	1	3	-0.004286169200105273	6.0	3.0	3.0	-0.007130215881772405	4.0	1.0	3.0	-1.3476795087863533	0.1301859799713877	0.19927223798674992	ENSMUSG00000032327;ENSMUSG00000027070;ENSMUSG00000028003;ENSMUSG00000027068;ENSMUSG00000032454;ENSMUSG00000028613;ENSMUSG00000029134;ENSMUSG00000046402			True	False	True	True
skin	R-MMU-2262752_CELLULAR_RESPONSES_TO_STRESS	-0.06814192609454191	6	1	5	-0.07301535733764619	4	1	3	0.004478955880981048	6.0	4.0	2.0	0.0007417238683688583	4.0	2.0	2.0	-1.480384169747568	0.02197802197802198	0.08981834791480248	ENSMUSG00000062380;ENSMUSG00000062727;ENSMUSG00000094777;ENSMUSG00000094338;ENSMUSG00000069303;ENSMUSG00000069300;ENSMUSG00000095217;ENSMUSG00000069274;ENSMUSG00000061615;ENSMUSG00000058773;ENSMUSG00000069266;ENSMUSG00000069301;ENSMUSG00000042808;ENSMUSG00000064220;ENSMUSG00000069305;ENSMUSG00000064288;ENSMUSG00000027715;ENSMUSG00000069308;ENSMUSG00000071478;ENSMUSG00000109061;ENSMUSG00000024590;ENSMUSG00000049932;ENSMUSG00000094248;ENSMUSG00000001403;ENSMUSG00000059970;ENSMUSG00000001473;ENSMUSG00000063954;ENSMUSG00000028212;ENSMUSG00000058672;ENSMUSG00000061991;ENSMUSG00000021831;ENSMUSG00000069309;ENSMUSG00000028238;ENSMUSG00000043091			False	False	False	True
skin	R-MMU-2299718_CONDENSATION_OF_PROPHASE_CHROMOSOMES	-0.0036955050325568188	6	2	4	-0.0053523968368481695	4	0	4	-0.022371263102489252	6.0	2.0	4.0	-0.035056772316786985	4.0	1.0	3.0	-2.3419896025963727	0.0	0.0	ENSMUSG00000069267;ENSMUSG00000062727;ENSMUSG00000094777;ENSMUSG00000094338;ENSMUSG00000069303;ENSMUSG00000069300;ENSMUSG00000069310;ENSMUSG00000095217;ENSMUSG00000069274;ENSMUSG00000101972;ENSMUSG00000061615;ENSMUSG00000069265;ENSMUSG00000074403;ENSMUSG00000069266;ENSMUSG00000069301;ENSMUSG00000101355;ENSMUSG00000081058;ENSMUSG00000041431;ENSMUSG00000064220;ENSMUSG00000069305;ENSMUSG00000019942;ENSMUSG00000064288;ENSMUSG00000030867;ENSMUSG00000069308;ENSMUSG00000071478;ENSMUSG00000049932;ENSMUSG00000094248;ENSMUSG00000063954;ENSMUSG00000061991;ENSMUSG00000028312;ENSMUSG00000069309			False	False	True	True
skin	R-MMU-2467813_SEPARATION_OF_SISTER_CHROMATIDS	-0.0012060963461165595	6	2	4	-0.00098647056511739	4	2	2	-0.03044798406481314	6.0	2.0	4.0	-0.04156279113848062	4.0	1.0	3.0	-2.262716563985323	0.0	0.0	ENSMUSG00000062380;ENSMUSG00000045328;ENSMUSG00000028678;ENSMUSG00000027379;ENSMUSG00000006398;ENSMUSG00000023940;ENSMUSG00000026605;ENSMUSG00000020897;ENSMUSG00000030867;ENSMUSG00000029414;ENSMUSG00000028873;ENSMUSG00000024056;ENSMUSG00000040084;ENSMUSG00000005233;ENSMUSG00000026683;ENSMUSG00000001403;ENSMUSG00000001473;ENSMUSG00000058290;ENSMUSG00000026039;ENSMUSG00000058672;ENSMUSG00000024660;ENSMUSG00000029910;ENSMUSG00000029177;ENSMUSG00000043091			False	False	True	True
skin	R-MMU-2500257_RESOLUTION_OF_SISTER_CHROMATID_COHESION	8.637372177396363e-05	6	3	3	-0.001554492154611779	4	2	2	-0.03163246042622309	6.0	2.0	4.0	-0.04333858953706879	4.0	1.0	3.0	-2.2882543870512078	0.0	0.0	ENSMUSG00000062380;ENSMUSG00000045328;ENSMUSG00000028678;ENSMUSG00000027379;ENSMUSG00000041431;ENSMUSG00000032218;ENSMUSG00000006398;ENSMUSG00000023940;ENSMUSG00000026605;ENSMUSG00000019942;ENSMUSG00000020897;ENSMUSG00000030867;ENSMUSG00000029414;ENSMUSG00000028873;ENSMUSG00000024056;ENSMUSG00000040084;ENSMUSG00000005233;ENSMUSG00000026683;ENSMUSG00000001473;ENSMUSG00000026039;ENSMUSG00000058672;ENSMUSG00000024660;ENSMUSG00000029910;ENSMUSG00000029177;ENSMUSG00000043091			False	False	False	False
skin	R-MMU-2555396_MITOTIC_METAPHASE_AND_ANAPHASE	0.019391066116757037	6	4	2	0.016161955969800964	4	2	2	-0.03260829286796235	6.0	2.0	4.0	-0.04437308932887054	4.0	1.0	3.0	-2.326450028205259	0.0	0.0	ENSMUSG00000062380;ENSMUSG00000045328;ENSMUSG00000028678;ENSMUSG00000027379;ENSMUSG00000041431;ENSMUSG00000032218;ENSMUSG00000006398;ENSMUSG00000023940;ENSMUSG00000026605;ENSMUSG00000019942;ENSMUSG00000020897;ENSMUSG00000030867;ENSMUSG00000029414;ENSMUSG00000028873;ENSMUSG00000024056;ENSMUSG00000040084;ENSMUSG00000024590;ENSMUSG00000005233;ENSMUSG00000026683;ENSMUSG00000001403;ENSMUSG00000001473;ENSMUSG00000058290;ENSMUSG00000026039;ENSMUSG00000058672;ENSMUSG00000024660;ENSMUSG00000029910;ENSMUSG00000029177;ENSMUSG00000043091			False	False	False	False
skin	R-MMU-2559583_CELLULAR_SENESCENCE	-0.10549048983044916	6	3	3	-0.13949782032016872	4	1	3	-0.008305463527155287	6.0	2.0	4.0	-0.017250502007998117	4.0	1.0	3.0	-2.2092330044856068	0.0	0.0	ENSMUSG00000062727;ENSMUSG00000094777;ENSMUSG00000094338;ENSMUSG00000069303;ENSMUSG00000069300;ENSMUSG00000095217;ENSMUSG00000069274;ENSMUSG00000061615;ENSMUSG00000058773;ENSMUSG00000069266;ENSMUSG00000069301;ENSMUSG00000064220;ENSMUSG00000069305;ENSMUSG00000064288;ENSMUSG00000027715;ENSMUSG00000069308;ENSMUSG00000071478;ENSMUSG00000109061;ENSMUSG00000024590;ENSMUSG00000049932;ENSMUSG00000094248;ENSMUSG00000001403;ENSMUSG00000063954;ENSMUSG00000028212;ENSMUSG00000061991;ENSMUSG00000069309			False	False	True	True
skin	R-MMU-2559586_DNA_DAMAGE_TELOMERE_STRESS_INDUCED_SENESCENCE	-0.29678094066508937	6	3	3	-0.4234292020452351	4	1	3	-0.017298478343990255	6.0	2.0	4.0	-0.029255476945113566	4.0	1.0	3.0	-2.2502781059370522	0.0	0.0	ENSMUSG00000062727;ENSMUSG00000094777;ENSMUSG00000094338;ENSMUSG00000069303;ENSMUSG00000069300;ENSMUSG00000095217;ENSMUSG00000069274;ENSMUSG00000061615;ENSMUSG00000058773;ENSMUSG00000069266;ENSMUSG00000069301;ENSMUSG00000064220;ENSMUSG00000069305;ENSMUSG00000064288;ENSMUSG00000027715;ENSMUSG00000069308;ENSMUSG00000071478;ENSMUSG00000024590;ENSMUSG00000049932;ENSMUSG00000094248;ENSMUSG00000063954;ENSMUSG00000028212;ENSMUSG00000061991;ENSMUSG00000069309			False	False	True	True
skin	R-MMU-2672351_STIMULI_SENSING_CHANNELS	-0.208759672688787	6	2	4	-0.27959681656765023	4	1	3	-0.0011291870182651698	6.0	1.0	5.0	-0.0024036277359610224	4.0	1.0	3.0	0.8260364568339229	0.7465753424657534	1.0	ENSMUSG00000055489;ENSMUSG00000030592;ENSMUSG00000019787;ENSMUSG00000052387			False	False	True	False
skin	R-MMU-2682334_EPH_EPHRIN_SIGNALING	-0.01658934222256025	6	1	5	-0.0160257481350525	4	0	4	-0.008776362473035329	6.0	2.0	4.0	-0.01379202204213087	4.0	1.0	3.0	-0.9805978339767729	0.4970326409495549	0.7056237266852601	ENSMUSG00000032537;ENSMUSG00000005958;ENSMUSG00000006445;ENSMUSG00000029859;ENSMUSG00000026235;ENSMUSG00000061751;ENSMUSG00000031217;ENSMUSG00000029869;ENSMUSG00000028039			False	False	True	True
skin	R-MMU-2980736_PEPTIDE_HORMONE_METABOLISM	0.3060397674559543	6	4	2	0.38353845178860313	4	3	1	0.002506584763786799	6.0	3.0	3.0	0.009601226617077845	4.0	2.0	2.0	0.7570742012862997	0.8119402985074626	1.0	ENSMUSG00000059201;ENSMUSG00000027792;ENSMUSG00000056973;ENSMUSG00000020053;ENSMUSG00000028024;ENSMUSG00000022225;ENSMUSG00000001865			False	False	True	True
skin	R-MMU-2990846_SUMOYLATION	-0.12717240936710522	6	2	4	-0.16266463516176893	4	1	3	-0.004663437202024224	6.0	2.0	4.0	-0.009040091931212716	4.0	2.0	2.0	-1.3075688440711055	0.1475177304964539	0.2328029574588361	ENSMUSG00000069274;ENSMUSG00000069266;ENSMUSG00000069305;ENSMUSG00000020897;ENSMUSG00000064288;ENSMUSG00000017146;ENSMUSG00000020914;ENSMUSG00000028873;ENSMUSG00000024660;ENSMUSG00000022479;ENSMUSG00000004099			False	False	True	True
skin	R-MMU-3000171_NON_INTEGRIN_MEMBRANE_ECM_INTERACTIONS	0.09633704597771581	6	5	1	0.1183084516685939	4	3	1	0.008659743263287847	6.0	5.0	1.0	0.011501689098749455	4.0	4.0	0.0	1.0065635407455225	0.4268774703557312	0.7422891304088617	ENSMUSG00000001508;ENSMUSG00000024302;ENSMUSG00000031972;ENSMUSG00000020354;ENSMUSG00000068614;ENSMUSG00000045103;ENSMUSG00000035783;ENSMUSG00000019846;ENSMUSG00000030255;ENSMUSG00000059430			False	False	True	True
skin	R-MMU-3000178_ECM_PROTEOGLYCANS	-0.00015482553525349827	6	3	3	-0.0024978266797741878	4	2	2	-0.005604942829750474	6.0	4.0	2.0	-0.0019429661320656752	4.0	3.0	1.0	-0.9648150328979006	0.5114285714285715	0.7126222578482068	ENSMUSG00000030607;ENSMUSG00000028364;ENSMUSG00000021614;ENSMUSG00000026043;ENSMUSG00000022483;ENSMUSG00000026725;ENSMUSG00000026837;ENSMUSG00000026193;ENSMUSG00000048126;ENSMUSG00000037411;ENSMUSG00000031375;ENSMUSG00000026042;ENSMUSG00000026971			False	False	True	True
skin	R-MMU-3108232_SUMO_E3_LIGASES_SUMOYLATE_TARGET_PROTEINS	-0.048963410091142655	6	3	3	-0.06085592097067862	4	1	3	-0.004663437202024224	6.0	2.0	4.0	-0.009040091931212716	4.0	2.0	2.0	-1.3075688440711055	0.1475177304964539	0.2328029574588361	ENSMUSG00000069274;ENSMUSG00000069266;ENSMUSG00000069305;ENSMUSG00000020897;ENSMUSG00000064288;ENSMUSG00000017146;ENSMUSG00000020914;ENSMUSG00000028873;ENSMUSG00000024660;ENSMUSG00000022479;ENSMUSG00000004099			False	False	True	True
skin	R-MMU-3214841_PKMTS_METHYLATE_HISTONE_LYSINES	-0.0002939288110504162	6	3	3	0.0004968018003561934	4	2	2	-0.01079083064468179	6.0	2.0	4.0	-0.01973534871815322	4.0	1.0	3.0	-2.1160203096405623	0.0	0.0	ENSMUSG00000069267;ENSMUSG00000069310;ENSMUSG00000069274;ENSMUSG00000101972;ENSMUSG00000069265;ENSMUSG00000074403;ENSMUSG00000069266;ENSMUSG00000101355;ENSMUSG00000081058;ENSMUSG00000069305;ENSMUSG00000064288			False	False	True	True
skin	R-MMU-3214842_HDMS_DEMETHYLATE_HISTONES	0.0016465355201080965	6	3	3	0.002092560877573762	4	2	2	-0.010135101396938432	6.0	2.0	4.0	-0.02007232951812308	4.0	1.0	3.0	-2.1364128817339996	0.0	0.0	ENSMUSG00000069267;ENSMUSG00000069310;ENSMUSG00000069274;ENSMUSG00000101972;ENSMUSG00000069265;ENSMUSG00000074403;ENSMUSG00000069266;ENSMUSG00000101355;ENSMUSG00000081058;ENSMUSG00000069305;ENSMUSG00000064288			False	False	False	False
skin	R-MMU-3214847_HATS_ACETYLATE_HISTONES	-0.0008318223259463046	6	2	4	-0.0006107223577199623	4	2	2	-0.020179828850605288	6.0	2.0	4.0	-0.03305884238146859	4.0	1.0	3.0	-2.312800757876194	0.0	0.0	ENSMUSG00000069267;ENSMUSG00000062727;ENSMUSG00000094338;ENSMUSG00000069303;ENSMUSG00000069300;ENSMUSG00000069310;ENSMUSG00000095217;ENSMUSG00000069274;ENSMUSG00000101972;ENSMUSG00000069265;ENSMUSG00000074403;ENSMUSG00000069266;ENSMUSG00000101355;ENSMUSG00000081058;ENSMUSG00000069305;ENSMUSG00000064288;ENSMUSG00000069308			False	False	True	True
skin	R-MMU-3214858_RMTS_METHYLATE_HISTONE_ARGININES	0.004834650864276093	6	5	1	0.007311542852790402	4	3	1	-0.016636135070909736	6.0	2.0	4.0	-0.029026280404735254	4.0	1.0	3.0	-2.146023768874889	0.0	0.0	ENSMUSG00000069267;ENSMUSG00000094777;ENSMUSG00000069310;ENSMUSG00000069274;ENSMUSG00000101972;ENSMUSG00000061615;ENSMUSG00000069265;ENSMUSG00000074403;ENSMUSG00000069266;ENSMUSG00000069301;ENSMUSG00000101355;ENSMUSG00000081058;ENSMUSG00000064220;ENSMUSG00000069305;ENSMUSG00000064288;ENSMUSG00000071478;ENSMUSG00000094248;ENSMUSG00000063954;ENSMUSG00000061991;ENSMUSG00000069309;ENSMUSG00000070348			False	False	False	False
skin	R-MMU-3247509_CHROMATIN_MODIFYING_ENZYMES	-0.6630485382809012	6	2	4	-0.8364968210299375	4	1	3	-0.016164406245551585	6.0	2.0	4.0	-0.02589020001665987	4.0	1.0	3.0	-2.3656060963188144	0.0	0.0	ENSMUSG00000025328;ENSMUSG00000025329;ENSMUSG00000025330;ENSMUSG00000069267;ENSMUSG00000062727;ENSMUSG00000094777;ENSMUSG00000094338;ENSMUSG00000069303;ENSMUSG00000069300;ENSMUSG00000069310;ENSMUSG00000095217;ENSMUSG00000069274;ENSMUSG00000101972;ENSMUSG00000061615;ENSMUSG00000069265;ENSMUSG00000074403;ENSMUSG00000069266;ENSMUSG00000069301;ENSMUSG00000101355;ENSMUSG00000081058;ENSMUSG00000064220;ENSMUSG00000069305;ENSMUSG00000064288;ENSMUSG00000069308;ENSMUSG00000071478;ENSMUSG00000094248;ENSMUSG00000063954;ENSMUSG00000061991	Chromatin-modifying enzymes	complementary	True	True	True	True
skin	R-MMU-3371497_HSP90_CHAPERONE_CYCLE_FOR_STEROID_HORMONE_RECEPTORS_SHR_IN_THE_PRESENCE_OF_LIGAND	0.002174115962604992	6	4	2	0.001206759165864562	4	3	1	-0.008016024089028134	6.0	3.0	3.0	-0.015493137627318514	4.0	1.0	3.0	-1.0571821436497006	0.4193061840120664	0.5875618660232533	ENSMUSG00000062380;ENSMUSG00000059970;ENSMUSG00000001473;ENSMUSG00000058672;ENSMUSG00000043091;ENSMUSG00000045136			False	False	False	False
skin	R-MMU-3371556_CELLULAR_RESPONSE_TO_HEAT_STRESS	0.14496445578207598	6	4	2	0.18439217043005846	4	3	1	0.006272942740205299	6.0	3.0	3.0	0.0009241521289582375	4.0	1.0	3.0	0.8955512651084797	0.5922077922077922	0.9945621183119772	ENSMUSG00000024617;ENSMUSG00000032060;ENSMUSG00000025092			False	False	True	True
skin	R-MMU-352230_AMINO_ACID_TRANSPORT_ACROSS_THE_PLASMA_MEMBRANE	0.11170509724122814	6	5	1	0.12863391544517555	4	3	1	-0.012959295253684208	6.0	2.0	4.0	-0.01854651475655858	4.0	1.0	3.0	-1.3487142727122094	0.12974683544303797	0.19974154415021264	ENSMUSG00000027737;ENSMUSG00000022180;ENSMUSG00000021565;ENSMUSG00000041313;ENSMUSG00000040010			False	False	False	False
skin	R-MMU-3700989_TRANSCRIPTIONAL_REGULATION_BY_TP53	-0.015411026708937625	6	3	3	-0.011239497709864772	4	2	2	-0.00272249755990335	6.0	2.0	4.0	-0.005815583357271111	4.0	1.0	3.0	-1.1311966683216728	0.2980392156862745	0.464536743197089	ENSMUSG00000042808;ENSMUSG00000041431;ENSMUSG00000047281;ENSMUSG00000019942;ENSMUSG00000020897;ENSMUSG00000017146;ENSMUSG00000027715;ENSMUSG00000028680;ENSMUSG00000027469;ENSMUSG00000046179;ENSMUSG00000028212;ENSMUSG00000027496;ENSMUSG00000020185			False	False	True	True
skin	R-MMU-372790_SIGNALING_BY_GPCR	0.11904027672394829	6	5	1	0.16704593949972293	4	3	1	0.0141818928566425	6.0	5.0	1.0	0.01845489681968553	4.0	3.0	1.0	1.7947343950992867	0.0	0.03764201744336959	ENSMUSG00000026874;ENSMUSG00000049112;ENSMUSG00000061462;ENSMUSG00000035042;ENSMUSG00000023078;ENSMUSG00000110195;ENSMUSG00000073877;ENSMUSG00000026358;ENSMUSG00000029417;ENSMUSG00000050921;ENSMUSG00000049115;ENSMUSG00000038530;ENSMUSG00000045092;ENSMUSG00000029778;ENSMUSG00000021699;ENSMUSG00000022840;ENSMUSG00000020431;ENSMUSG00000028525;ENSMUSG00000030102;ENSMUSG00000021536;ENSMUSG00000043017;ENSMUSG00000042249;ENSMUSG00000024164;ENSMUSG00000002997;ENSMUSG00000044338;ENSMUSG00000036437;ENSMUSG00000032766;ENSMUSG00000059588;ENSMUSG00000043953;ENSMUSG00000044534;ENSMUSG00000039943;ENSMUSG00000030790;ENSMUSG00000019699;ENSMUSG00000094686;ENSMUSG00000033174;ENSMUSG00000056529;ENSMUSG00000034855;ENSMUSG00000020676;ENSMUSG00000073888;ENSMUSG00000020123;ENSMUSG00000032532;ENSMUSG00000021298;ENSMUSG00000002885;ENSMUSG00000034731;ENSMUSG00000037010;ENSMUSG00000018927;ENSMUSG00000047898;ENSMUSG00000026399;ENSMUSG00000018909;ENSMUSG00000079227;ENSMUSG00000071005;ENSMUSG00000026678;ENSMUSG00000052336;ENSMUSG00000019122;ENSMUSG00000079355;ENSMUSG00000024462;ENSMUSG00000034116;ENSMUSG00000040016;ENSMUSG00000041046;ENSMUSG00000059173;ENSMUSG00000094065;ENSMUSG00000039621;ENSMUSG00000045573;ENSMUSG00000068122;ENSMUSG00000021886;ENSMUSG00000031489			False	False	True	True
skin	R-MMU-373076_CLASS_A_1_RHODOPSIN_LIKE_RECEPTORS	-0.025481998095516694	6	3	3	-0.042028002421052646	4	1	3	0.013754945898166426	6.0	5.0	1.0	0.017699040650734337	4.0	3.0	1.0	1.5332336895394365	0.016666666666666666	0.13564334005031778	ENSMUSG00000026874;ENSMUSG00000049112;ENSMUSG00000035042;ENSMUSG00000023078;ENSMUSG00000073877;ENSMUSG00000029417;ENSMUSG00000050921;ENSMUSG00000049115;ENSMUSG00000045092;ENSMUSG00000043017;ENSMUSG00000024164;ENSMUSG00000044338;ENSMUSG00000036437;ENSMUSG00000043953;ENSMUSG00000044534;ENSMUSG00000094686;ENSMUSG00000056529;ENSMUSG00000034855;ENSMUSG00000020676;ENSMUSG00000073888;ENSMUSG00000020123;ENSMUSG00000032532;ENSMUSG00000021298;ENSMUSG00000037010;ENSMUSG00000018927;ENSMUSG00000047898;ENSMUSG00000079227;ENSMUSG00000071005;ENSMUSG00000052336;ENSMUSG00000019122;ENSMUSG00000079355;ENSMUSG00000040016;ENSMUSG00000094065;ENSMUSG00000045573;ENSMUSG00000068122;ENSMUSG00000021886;ENSMUSG00000031489			False	False	False	False
skin	R-MMU-373755_SEMAPHORIN_INTERACTIONS	-0.06698912323067517	6	2	4	-0.0823973720694976	4	1	3	0.007889032620237144	6.0	4.0	2.0	0.011800495893138318	4.0	3.0	1.0	1.3509498765815302	0.10495626822157435	0.24994676945980795	ENSMUSG00000026395;ENSMUSG00000025810;ENSMUSG00000022048;ENSMUSG00000027200;ENSMUSG00000028459;ENSMUSG00000030123;ENSMUSG00000029765;ENSMUSG00000009376;ENSMUSG00000002233			False	False	False	False
skin	R-MMU-375276_PEPTIDE_LIGAND_BINDING_RECEPTORS	0.17937528997962074	6	6	0	0.23886675221059284	4	4	0	0.012547594714247351	6.0	5.0	1.0	0.014876752890258024	4.0	3.0	1.0	1.4600152634544123	0.027586206896551724	0.18302712012914457	ENSMUSG00000026874;ENSMUSG00000049112;ENSMUSG00000035042;ENSMUSG00000023078;ENSMUSG00000073877;ENSMUSG00000029417;ENSMUSG00000049115;ENSMUSG00000024164;ENSMUSG00000044338;ENSMUSG00000036437;ENSMUSG00000043953;ENSMUSG00000044534;ENSMUSG00000094686;ENSMUSG00000034855;ENSMUSG00000020676;ENSMUSG00000073888;ENSMUSG00000020123;ENSMUSG00000032532;ENSMUSG00000037010;ENSMUSG00000018927;ENSMUSG00000047898;ENSMUSG00000079227;ENSMUSG00000071005;ENSMUSG00000052336;ENSMUSG00000019122;ENSMUSG00000079355;ENSMUSG00000094065;ENSMUSG00000045573;ENSMUSG00000068122			False	False	True	True
skin	R-MMU-380108_CHEMOKINE_RECEPTORS_BIND_CHEMOKINES	-0.012222495097908959	6	4	2	-0.017896637394338222	4	2	2	0.0174791445368422	6.0	4.0	2.0	0.018983122729829896	4.0	3.0	1.0	1.583102161315197	0.024793388429752067	0.11133699786566827	ENSMUSG00000035042;ENSMUSG00000023078;ENSMUSG00000073877;ENSMUSG00000029417;ENSMUSG00000043953;ENSMUSG00000044534;ENSMUSG00000094686;ENSMUSG00000034855;ENSMUSG00000020676;ENSMUSG00000073888;ENSMUSG00000047898;ENSMUSG00000079227;ENSMUSG00000071005;ENSMUSG00000052336;ENSMUSG00000079355;ENSMUSG00000094065			False	False	False	False
skin	R-MMU-381426_REGULATION_OF_INSULIN_LIKE_GROWTH_FACTOR_IGF_TRANSPORT_AND_UPTAKE_BY_INSULIN_LIKE_GROWTH_FACTOR_BINDING_PROTEINS_IGFBPS	0.05874394671107349	6	5	1	0.09166493411481097	4	3	1	0.006567462791908643	6.0	3.0	3.0	0.010394311604410964	4.0	3.0	1.0	1.3579960370215787	0.05917159763313609	0.25949878516442243	ENSMUSG00000038239;ENSMUSG00000031283;ENSMUSG00000020303;ENSMUSG00000003617;ENSMUSG00000020427;ENSMUSG00000048583;ENSMUSG00000073530;ENSMUSG00000025509;ENSMUSG00000032554;ENSMUSG00000029304;ENSMUSG00000024164;ENSMUSG00000024304;ENSMUSG00000068246;ENSMUSG00000023046;ENSMUSG00000020053;ENSMUSG00000028195;ENSMUSG00000029309;ENSMUSG00000031451;ENSMUSG00000014599;ENSMUSG00000063011			False	False	True	True
skin	R-MMU-382551_TRANSPORT_OF_SMALL_MOLECULES	0.08248375639509124	6	4	2	0.059545202307283274	4	2	2	0.0028396114082481333	6.0	3.0	3.0	0.002731747662540864	4.0	2.0	2.0	-0.8630864307844931	0.7520833333333333	0.8518391620855897	ENSMUSG00000027737;ENSMUSG00000041771;ENSMUSG00000030523;ENSMUSG00000035183;ENSMUSG00000006574;ENSMUSG00000038094;ENSMUSG00000029188;ENSMUSG00000027015;ENSMUSG00000022180;ENSMUSG00000021565;ENSMUSG00000022229;ENSMUSG00000037434;ENSMUSG00000053897;ENSMUSG00000025993;ENSMUSG00000043029;ENSMUSG00000042268;ENSMUSG00000041313;ENSMUSG00000034112;ENSMUSG00000024600;ENSMUSG00000027562;ENSMUSG00000040010;ENSMUSG00000020102			False	False	True	False
skin	R-MMU-3858494_BETA_CATENIN_INDEPENDENT_WNT_SIGNALING	-0.14450258216053957	6	1	5	-0.1695608543971225	4	1	3	-0.009054605350468264	6.0	2.0	4.0	-0.015342015630492659	4.0	2.0	2.0	-0.9679716014317632	0.5153846153846153	0.7111459182290719	ENSMUSG00000027985;ENSMUSG00000015957;ENSMUSG00000045005;ENSMUSG00000021994;ENSMUSG00000036856;ENSMUSG00000036158;ENSMUSG00000044674;ENSMUSG00000035305			False	False	True	True
skin	R-MMU-388396_GPCR_DOWNSTREAM_SIGNALLING	0.20347143950890498	6	5	1	0.2466820931945443	4	3	1	0.013673996569264652	6.0	5.0	1.0	0.01769099977759439	4.0	3.0	1.0	1.723121869636798	0.0	0.060352701300869234	ENSMUSG00000026874;ENSMUSG00000049112;ENSMUSG00000061462;ENSMUSG00000035042;ENSMUSG00000023078;ENSMUSG00000110195;ENSMUSG00000073877;ENSMUSG00000026358;ENSMUSG00000029417;ENSMUSG00000050921;ENSMUSG00000049115;ENSMUSG00000038530;ENSMUSG00000029778;ENSMUSG00000021699;ENSMUSG00000022840;ENSMUSG00000020431;ENSMUSG00000028525;ENSMUSG00000030102;ENSMUSG00000021536;ENSMUSG00000043017;ENSMUSG00000042249;ENSMUSG00000024164;ENSMUSG00000002997;ENSMUSG00000044338;ENSMUSG00000036437;ENSMUSG00000032766;ENSMUSG00000059588;ENSMUSG00000039943;ENSMUSG00000030790;ENSMUSG00000019699;ENSMUSG00000094686;ENSMUSG00000033174;ENSMUSG00000056529;ENSMUSG00000034855;ENSMUSG00000020676;ENSMUSG00000073888;ENSMUSG00000020123;ENSMUSG00000032532;ENSMUSG00000021298;ENSMUSG00000034731;ENSMUSG00000037010;ENSMUSG00000018927;ENSMUSG00000047898;ENSMUSG00000018909;ENSMUSG00000079227;ENSMUSG00000071005;ENSMUSG00000026678;ENSMUSG00000052336;ENSMUSG00000019122;ENSMUSG00000024462;ENSMUSG00000034116;ENSMUSG00000040016;ENSMUSG00000041046;ENSMUSG00000059173;ENSMUSG00000094065;ENSMUSG00000039621;ENSMUSG00000045573;ENSMUSG00000068122;ENSMUSG00000021886;ENSMUSG00000031489			False	False	True	True
skin	R-MMU-388841_REGULATION_OF_T_CELL_ACTIVATION_BY_CD28_FAMILY	0.011954448661532438	6	4	2	0.017258208605341583	4	4	0	0.0005770735539621328	6.0	2.0	4.0	-0.0033716430885075317	4.0	2.0	2.0	-2.0275679837991887	0.0	9.567211798422264e-05	ENSMUSG00000069267;ENSMUSG00000062727;ENSMUSG00000094777;ENSMUSG00000094338;ENSMUSG00000069303;ENSMUSG00000069300;ENSMUSG00000069310;ENSMUSG00000095217;ENSMUSG00000069274;ENSMUSG00000101972;ENSMUSG00000061615;ENSMUSG00000069265;ENSMUSG00000074403;ENSMUSG00000069266;ENSMUSG00000069301;ENSMUSG00000101355;ENSMUSG00000081058;ENSMUSG00000064220;ENSMUSG00000026622;ENSMUSG00000069305;ENSMUSG00000064288;ENSMUSG00000069308;ENSMUSG00000071478;ENSMUSG00000049932;ENSMUSG00000094248;ENSMUSG00000063954;ENSMUSG00000028698;ENSMUSG00000061991			False	False	True	False
skin	R-MMU-390522_STRIATED_MUSCLE_CONTRACTION	0.29670093458887087	6	5	1	0.2822022617822963	4	3	1	0.035265089700709414	6.0	5.0	1.0	0.03286571449012158	4.0	3.0	1.0	2.4196638764527503	0.0	0.0	ENSMUSG00000055775;ENSMUSG00000052374;ENSMUSG00000026208;ENSMUSG00000031097;ENSMUSG00000061723;ENSMUSG00000026950;ENSMUSG00000017300;ENSMUSG00000020061;ENSMUSG00000031972;ENSMUSG00000038670;ENSMUSG00000006457;ENSMUSG00000061816;ENSMUSG00000005628;ENSMUSG00000028464;ENSMUSG00000028328			False	False	True	True
skin	R-MMU-392499_METABOLISM_OF_PROTEINS	-0.025242293698386487	6	1	5	-0.04785482753621639	4	1	3	0.004313791340267756	6.0	5.0	1.0	0.004974989244332742	4.0	4.0	0.0	-0.9277512221915032	0.6629327902240326	0.7663779436841778	ENSMUSG00000062380;ENSMUSG00000020183;ENSMUSG00000029188;ENSMUSG00000062727;ENSMUSG00000094777;ENSMUSG00000094338;ENSMUSG00000028364;ENSMUSG00000069303;ENSMUSG00000069300;ENSMUSG00000095217;ENSMUSG00000069274;ENSMUSG00000061615;ENSMUSG00000046598;ENSMUSG00000069266;ENSMUSG00000069301;ENSMUSG00000006398;ENSMUSG00000037280;ENSMUSG00000042489;ENSMUSG00000015405;ENSMUSG00000064220;ENSMUSG00000069305;ENSMUSG00000019942;ENSMUSG00000020897;ENSMUSG00000064288;ENSMUSG00000024064;ENSMUSG00000017146;ENSMUSG00000027715;ENSMUSG00000020914;ENSMUSG00000021614;ENSMUSG00000028873;ENSMUSG00000022449;ENSMUSG00000069308;ENSMUSG00000071478;ENSMUSG00000021125;ENSMUSG00000037474;ENSMUSG00000057454;ENSMUSG00000094248;ENSMUSG00000001403;ENSMUSG00000022686;ENSMUSG00000021062;ENSMUSG00000001473;ENSMUSG00000063954;ENSMUSG00000043557;ENSMUSG00000029999;ENSMUSG00000058672;ENSMUSG00000061991;ENSMUSG00000039323;ENSMUSG00000024660;ENSMUSG00000001131;ENSMUSG00000025007;ENSMUSG00000026765;ENSMUSG00000024736;ENSMUSG00000069309;ENSMUSG00000021587;ENSMUSG00000043091;ENSMUSG00000072082;ENSMUSG00000044254;ENSMUSG00000030484;ENSMUSG00000040434;ENSMUSG00000028370;ENSMUSG00000003418;ENSMUSG00000041324;ENSMUSG00000022479;ENSMUSG00000025880;ENSMUSG00000008601;ENSMUSG00000030560;ENSMUSG00000029378;ENSMUSG00000038843;ENSMUSG00000004099			False	False	False	True
skin	R-MMU-3928665_EPH_EPHRIN_MEDIATED_REPULSION_OF_CELLS	-0.18705735805315346	6	2	4	-0.2385515858626721	4	1	3	-0.011283124481136912	6.0	2.0	4.0	-0.018533396008570152	4.0	2.0	2.0	-1.0483369428830485	0.43010752688172044	0.5960290474453291	ENSMUSG00000032537;ENSMUSG00000005958;ENSMUSG00000006445;ENSMUSG00000029859;ENSMUSG00000026235			False	False	True	True
skin	R-MMU-397014_MUSCLE_CONTRACTION	0.3388753469586921	6	5	1	0.35608099444182606	4	3	1	0.029161962374396166	6.0	5.0	1.0	0.029928089705439438	4.0	3.0	1.0	2.770552071827385	0.0	0.0	ENSMUSG00000055775;ENSMUSG00000052374;ENSMUSG00000030730;ENSMUSG00000026208;ENSMUSG00000031097;ENSMUSG00000061723;ENSMUSG00000026950;ENSMUSG00000030592;ENSMUSG00000017300;ENSMUSG00000020061;ENSMUSG00000030672;ENSMUSG00000031972;ENSMUSG00000038670;ENSMUSG00000006457;ENSMUSG00000041329;ENSMUSG00000048096;ENSMUSG00000061816;ENSMUSG00000019787;ENSMUSG00000005628;ENSMUSG00000028464;ENSMUSG00000007097;ENSMUSG00000028328;ENSMUSG00000040907;ENSMUSG00000020788;ENSMUSG00000018830;ENSMUSG00000024617;ENSMUSG00000030249;ENSMUSG00000027931;ENSMUSG00000030102;ENSMUSG00000068614;ENSMUSG00000054640;ENSMUSG00000022836;ENSMUSG00000025006;ENSMUSG00000066705;ENSMUSG00000056973;ENSMUSG00000045103;ENSMUSG00000036570;ENSMUSG00000007877;ENSMUSG00000051331;ENSMUSG00000032186;ENSMUSG00000027861;ENSMUSG00000035783;ENSMUSG00000042284;ENSMUSG00000041695;ENSMUSG00000069806			True	False	True	True
skin	R-MMU-416476_G_ALPHA_Q_SIGNALLING_EVENTS	0.03773199363146374	6	2	4	0.023763510992018844	4	1	3	0.008622326323459537	6.0	4.0	2.0	0.013398883225018384	4.0	3.0	1.0	1.3732390361940157	0.04926108374384237	0.24619808431018286	ENSMUSG00000049112;ENSMUSG00000026358;ENSMUSG00000050921;ENSMUSG00000049115;ENSMUSG00000038530;ENSMUSG00000030102;ENSMUSG00000032766;ENSMUSG00000039943;ENSMUSG00000033174;ENSMUSG00000056529;ENSMUSG00000020123;ENSMUSG00000032532;ENSMUSG00000021298;ENSMUSG00000034731;ENSMUSG00000018927;ENSMUSG00000026678;ENSMUSG00000019122;ENSMUSG00000021886;ENSMUSG00000024697;ENSMUSG00000041417;ENSMUSG00000043004;ENSMUSG00000027765;ENSMUSG00000038668			False	False	True	True
skin	R-MMU-416482_G_ALPHA_12_13_SIGNALLING_EVENTS	0.004879941834097896	6	4	2	0.006567043910610228	4	3	1	0.0037099386175365075	6.0	4.0	2.0	0.0020428579663318656	4.0	3.0	1.0	0.8076839694252642	0.7724358974358975	1.0	ENSMUSG00000061462;ENSMUSG00000032766;ENSMUSG00000034116;ENSMUSG00000039621;ENSMUSG00000043004;ENSMUSG00000002233;ENSMUSG00000028059;ENSMUSG00000031442			False	False	True	True
skin	R-MMU-418346_PLATELET_HOMEOSTASIS	0.04580831055560431	6	5	1	0.043575734743128675	4	4	0	0.023493485276754125	6.0	5.0	1.0	0.029283766826959483	4.0	3.0	1.0	1.960559858874383	0.0	0.01453321500539119	ENSMUSG00000030730;ENSMUSG00000110195;ENSMUSG00000020826;ENSMUSG00000052920;ENSMUSG00000020788;ENSMUSG00000020717;ENSMUSG00000030102;ENSMUSG00000054640;ENSMUSG00000043017;ENSMUSG00000032766			False	False	True	True
skin	R-MMU-418555_G_ALPHA_S_SIGNALLING_EVENTS	-0.028117640790093934	6	2	4	-0.052774873442716655	4	2	2	0.017278346495244446	6.0	3.0	3.0	0.024154600622993384	4.0	3.0	1.0	1.1367310825673644	0.23355263157894737	0.5296958279180131	ENSMUSG00000110195;ENSMUSG00000029778;ENSMUSG00000021699;ENSMUSG00000043017;ENSMUSG00000042249;ENSMUSG00000002997;ENSMUSG00000032766;ENSMUSG00000059588;ENSMUSG00000030790;ENSMUSG00000018909;ENSMUSG00000041046;ENSMUSG00000059173;ENSMUSG00000031489;ENSMUSG00000034353;ENSMUSG00000043004			False	False	False	False
skin	R-MMU-418594_G_ALPHA_I_SIGNALLING_EVENTS	-0.0025343253564841517	6	5	1	0.021251145874705592	4	3	1	0.01920976431575091	6.0	5.0	1.0	0.024482085591525423	4.0	3.0	1.0	2.009665946443246	0.0	0.013843347204502369	ENSMUSG00000026874;ENSMUSG00000035042;ENSMUSG00000023078;ENSMUSG00000073877;ENSMUSG00000026358;ENSMUSG00000029417;ENSMUSG00000038530;ENSMUSG00000021699;ENSMUSG00000022840;ENSMUSG00000020431;ENSMUSG00000028525;ENSMUSG00000021536;ENSMUSG00000024164;ENSMUSG00000002997;ENSMUSG00000044338;ENSMUSG00000036437;ENSMUSG00000032766;ENSMUSG00000039943;ENSMUSG00000094686;ENSMUSG00000034855;ENSMUSG00000020676;ENSMUSG00000073888;ENSMUSG00000037010;ENSMUSG00000018927;ENSMUSG00000047898;ENSMUSG00000079227;ENSMUSG00000071005;ENSMUSG00000026678;ENSMUSG00000052336;ENSMUSG00000019122;ENSMUSG00000024462;ENSMUSG00000040016;ENSMUSG00000059173;ENSMUSG00000094065;ENSMUSG00000045573;ENSMUSG00000068122;ENSMUSG00000024697;ENSMUSG00000018920;ENSMUSG00000043004;ENSMUSG00000038668;ENSMUSG00000045087;ENSMUSG00000057614;ENSMUSG00000061353;ENSMUSG00000045502;ENSMUSG00000040552			False	False	False	False
skin	R-MMU-418990_ADHERENS_JUNCTIONS_INTERACTIONS	-0.10561423477765906	6	2	4	-0.12652794923138758	4	1	3	0.00299491168634163	6.0	2.0	4.0	0.0010156695117860088	4.0	2.0	2.0	-1.7504525680335477	0.0023446658851113715	0.0075627178491789624	ENSMUSG00000039385;ENSMUSG00000069267;ENSMUSG00000062727;ENSMUSG00000094777;ENSMUSG00000094338;ENSMUSG00000069303;ENSMUSG00000069300;ENSMUSG00000069310;ENSMUSG00000095217;ENSMUSG00000069274;ENSMUSG00000101972;ENSMUSG00000061615;ENSMUSG00000069265;ENSMUSG00000074403;ENSMUSG00000069266;ENSMUSG00000069301;ENSMUSG00000101355;ENSMUSG00000081058;ENSMUSG00000064220;ENSMUSG00000069305;ENSMUSG00000064288;ENSMUSG00000069308;ENSMUSG00000071478;ENSMUSG00000049932;ENSMUSG00000094248;ENSMUSG00000061048;ENSMUSG00000063954			False	False	False	True
skin	R-MMU-419037_NCAM1_INTERACTIONS	-0.0017221999818819785	6	2	4	-0.0013495672056512498	4	1	3	-0.00024763535856582125	6.0	4.0	2.0	0.004895580755412247	4.0	3.0	1.0	0.6843030481153384	0.8994413407821229	1.0	ENSMUSG00000040710;ENSMUSG00000091345			False	False	True	False
skin	R-MMU-421270_CELL_CELL_JUNCTION_ORGANIZATION	-0.19682953212206802	6	1	5	-0.25309080665514744	4	1	3	0.0030318449725601723	6.0	2.0	4.0	0.0009613845109718803	4.0	2.0	2.0	-1.7562997260362307	0.00117096018735363	0.006969218939367942	ENSMUSG00000039385;ENSMUSG00000069267;ENSMUSG00000062727;ENSMUSG00000094777;ENSMUSG00000094338;ENSMUSG00000069303;ENSMUSG00000069300;ENSMUSG00000069310;ENSMUSG00000095217;ENSMUSG00000069274;ENSMUSG00000101972;ENSMUSG00000061615;ENSMUSG00000069265;ENSMUSG00000074403;ENSMUSG00000069266;ENSMUSG00000069301;ENSMUSG00000101355;ENSMUSG00000081058;ENSMUSG00000064220;ENSMUSG00000069305;ENSMUSG00000064288;ENSMUSG00000069308;ENSMUSG00000071478;ENSMUSG00000049932;ENSMUSG00000094248;ENSMUSG00000061048;ENSMUSG00000063954	Cell-cell junction organization	aligned	False	True	False	True
skin	R-MMU-422356_REGULATION_OF_INSULIN_SECRETION	-0.022758973644014704	6	3	3	-0.033682638547082665	4	1	3	0.015648674233559222	6.0	5.0	1.0	0.019669933294625335	4.0	4.0	0.0	1.4178528960120356	0.08163265306122448	0.2213764867967355	ENSMUSG00000002944;ENSMUSG00000022840;ENSMUSG00000030102;ENSMUSG00000032766;ENSMUSG00000051331;ENSMUSG00000022469;ENSMUSG00000024697;ENSMUSG00000043004;ENSMUSG00000057614;ENSMUSG00000033717;ENSMUSG00000030287;ENSMUSG00000028645;ENSMUSG00000031278			False	False	False	False
skin	R-MMU-422475_AXON_GUIDANCE	0.09544809959272811	6	5	1	0.11800894970348613	4	4	0	0.0006251662208178327	6.0	2.0	4.0	0.0003582687203829288	4.0	2.0	2.0	-0.630497352578025	0.9691780821917808	1.0	ENSMUSG00000062380;ENSMUSG00000032537;ENSMUSG00000026043;ENSMUSG00000034311;ENSMUSG00000001473;ENSMUSG00000028698;ENSMUSG00000005958;ENSMUSG00000058672;ENSMUSG00000006445;ENSMUSG00000030110;ENSMUSG00000029859;ENSMUSG00000043091;ENSMUSG00000026235;ENSMUSG00000045136;ENSMUSG00000020019;ENSMUSG00000022483;ENSMUSG00000053646;ENSMUSG00000061751;ENSMUSG00000026837;ENSMUSG00000026640;ENSMUSG00000031217;ENSMUSG00000021262;ENSMUSG00000038264;ENSMUSG00000048126;ENSMUSG00000026042;ENSMUSG00000019312;ENSMUSG00000026202;ENSMUSG00000029869;ENSMUSG00000022995;ENSMUSG00000047261;ENSMUSG00000028039			False	False	True	False
skin	R-MMU-425407_SLC_MEDIATED_TRANSMEMBRANE_TRANSPORT	-0.12540605249738612	6	1	5	-0.12058357134708932	4	0	4	0.0007056686950886563	6.0	2.0	4.0	-0.0009700950680953157	4.0	1.0	3.0	-1.3457571941111963	0.08402366863905325	0.19816746196769083	ENSMUSG00000027737;ENSMUSG00000041771;ENSMUSG00000035183;ENSMUSG00000006574;ENSMUSG00000029188;ENSMUSG00000022180;ENSMUSG00000021565;ENSMUSG00000037434;ENSMUSG00000053897;ENSMUSG00000025993;ENSMUSG00000042268;ENSMUSG00000041313;ENSMUSG00000024600;ENSMUSG00000040010;ENSMUSG00000020102			False	False	False	True
skin	R-MMU-428157_SPHINGOLIPID_METABOLISM	-0.19430572590622455	6	2	4	-0.2782457200162181	4	1	3	-0.0017489837777368196	6.0	2.0	4.0	0.0011576221360679526	4.0	1.0	3.0	-0.8302041855592661	0.6928471248246845	0.8967964300385546	ENSMUSG00000043461;ENSMUSG00000022686;ENSMUSG00000021263;ENSMUSG00000075296;ENSMUSG00000030510	Sphingolipid metabolism	complementary	False	True	True	True
skin	R-MMU-4420097_VEGFA_VEGFR2_PATHWAY	0.003247307205342942	6	3	3	0.012987605234782054	4	3	1	0.008887796576976142	6.0	6.0	0.0	0.011472076682619526	4.0	4.0	0.0	1.1520830888162958	0.24281150159744408	0.5047749682729911	ENSMUSG00000062960;ENSMUSG00000031871;ENSMUSG00000023951;ENSMUSG00000007655;ENSMUSG00000019699;ENSMUSG00000032715;ENSMUSG00000034116;ENSMUSG00000022488;ENSMUSG00000041417;ENSMUSG00000041112;ENSMUSG00000015340;ENSMUSG00000002602;ENSMUSG00000020689;ENSMUSG00000029636			False	False	True	True
skin	R-MMU-445355_SMOOTH_MUSCLE_CONTRACTION	0.1861583564587985	6	5	1	0.19352365579804623	4	3	1	0.026221980891075223	6.0	5.0	1.0	0.025544580428514926	4.0	3.0	1.0	1.78762709010288	0.0	0.03716087887454456	ENSMUSG00000030672;ENSMUSG00000048096;ENSMUSG00000028464;ENSMUSG00000018830;ENSMUSG00000022836;ENSMUSG00000025006;ENSMUSG00000035783;ENSMUSG00000042284;ENSMUSG00000059430			False	False	True	True
skin	R-MMU-446203_ASPARAGINE_N_LINKED_GLYCOSYLATION	-0.2577938717961678	6	2	4	-0.31096043366123405	4	1	3	0.0036244841379595924	6.0	3.0	3.0	0.00041670361629139036	4.0	1.0	3.0	-0.7315321374245286	0.8324175824175825	0.9532118951866575	ENSMUSG00000062380;ENSMUSG00000001473;ENSMUSG00000029999;ENSMUSG00000058672;ENSMUSG00000043091;ENSMUSG00000003418;ENSMUSG00000030560;ENSMUSG00000029378;ENSMUSG00000045136;ENSMUSG00000026579			False	False	False	True
skin	R-MMU-446652_INTERLEUKIN_1_FAMILY_SIGNALING	-0.21724567392008684	6	2	4	-0.2655851456320242	4	1	3	-0.002208175529010483	6.0	3.0	3.0	0.0019358372571584613	4.0	2.0	2.0	-0.7381300329778447	0.8046989720998532	0.9603985768772451	ENSMUSG00000026984;ENSMUSG00000026985;ENSMUSG00000026981;ENSMUSG00000039217;ENSMUSG00000026983;ENSMUSG00000044103			False	False	True	True
skin	R-MMU-446728_CELL_JUNCTION_ORGANIZATION	0.011022971815966601	6	4	2	0.01667185241460653	4	3	1	0.005237358053628924	6.0	2.0	4.0	0.0035631957218338253	4.0	2.0	2.0	-1.6257688863523965	0.0068415051311288486	0.027254120986408968	ENSMUSG00000039385;ENSMUSG00000069267;ENSMUSG00000062727;ENSMUSG00000094777;ENSMUSG00000094338;ENSMUSG00000069303;ENSMUSG00000069300;ENSMUSG00000069310;ENSMUSG00000095217;ENSMUSG00000069274;ENSMUSG00000101972;ENSMUSG00000061615;ENSMUSG00000069265;ENSMUSG00000074403;ENSMUSG00000069266;ENSMUSG00000069301;ENSMUSG00000101355;ENSMUSG00000081058;ENSMUSG00000064220;ENSMUSG00000069305;ENSMUSG00000064288;ENSMUSG00000069308;ENSMUSG00000071478;ENSMUSG00000049932;ENSMUSG00000094248;ENSMUSG00000045545;ENSMUSG00000061048;ENSMUSG00000063954			False	False	True	False
skin	R-MMU-449147_SIGNALING_BY_INTERLEUKINS	0.11379177804605267	6	4	2	0.17220530900102343	4	3	1	0.00868174978994158	6.0	5.0	1.0	0.010489517719891482	4.0	4.0	0.0	-0.8865083865226584	0.6552119129438717	0.8166814839837637	ENSMUSG00000069267;ENSMUSG00000026984;ENSMUSG00000069310;ENSMUSG00000101972;ENSMUSG00000069265;ENSMUSG00000074403;ENSMUSG00000101355;ENSMUSG00000081058;ENSMUSG00000026985;ENSMUSG00000028444;ENSMUSG00000109061			False	False	True	False
skin	R-MMU-453274_MITOTIC_G2_G2_M_PHASES	-0.22289652749922464	6	1	5	-0.27806801512825624	4	1	3	-0.019466320758028066	6.0	2.0	4.0	-0.026855555121166844	4.0	1.0	3.0	-1.9771756081590641	0.001336898395721925	0.0002529791581313579	ENSMUSG00000062380;ENSMUSG00000046591;ENSMUSG00000041431;ENSMUSG00000032218;ENSMUSG00000023940;ENSMUSG00000020330;ENSMUSG00000026622;ENSMUSG00000019942;ENSMUSG00000030867;ENSMUSG00000027715;ENSMUSG00000047534;ENSMUSG00000027469;ENSMUSG00000001517;ENSMUSG00000001473;ENSMUSG00000058672;ENSMUSG00000027496;ENSMUSG00000043091			False	False	True	True
skin	R-MMU-453279_MITOTIC_G1_PHASE_AND_G1_S_TRANSITION	-0.11442090593079567	6	2	4	-0.13975832495918594	4	1	3	-0.01835089741721066	6.0	2.0	4.0	-0.02487063270984164	4.0	1.0	3.0	-1.4635987525934027	0.06351550960118169	0.09983034421312406	ENSMUSG00000027715;ENSMUSG00000005410;ENSMUSG00000018983;ENSMUSG00000017499;ENSMUSG00000028212;ENSMUSG00000007080;ENSMUSG00000041859;ENSMUSG00000002870;ENSMUSG00000070348;ENSMUSG00000022673;ENSMUSG00000029730;ENSMUSG00000026355;ENSMUSG00000031016			False	False	True	True
skin	R-MMU-4839726_CHROMATIN_ORGANIZATION	-0.2879150712740431	6	2	4	-0.3824080540655469	4	1	3	-0.01048603056905982	6.0	2.0	4.0	-0.018086828948389904	4.0	1.0	3.0	-2.2870152197827207	0.0	0.0	ENSMUSG00000025328;ENSMUSG00000025329;ENSMUSG00000025330;ENSMUSG00000069267;ENSMUSG00000062727;ENSMUSG00000094777;ENSMUSG00000094338;ENSMUSG00000069303;ENSMUSG00000069300;ENSMUSG00000069310;ENSMUSG00000095217;ENSMUSG00000069274;ENSMUSG00000101972;ENSMUSG00000061615;ENSMUSG00000069265;ENSMUSG00000074403;ENSMUSG00000069266;ENSMUSG00000069301;ENSMUSG00000101355;ENSMUSG00000081058;ENSMUSG00000064220;ENSMUSG00000069305;ENSMUSG00000064288;ENSMUSG00000069308;ENSMUSG00000071478;ENSMUSG00000049932;ENSMUSG00000094248;ENSMUSG00000063954;ENSMUSG00000061991			False	False	True	True
skin	R-MMU-500792_GPCR_LIGAND_BINDING	0.09887904797304625	6	4	2	0.14933466024959463	4	3	1	0.014950363309112516	6.0	5.0	1.0	0.01932929130856333	4.0	3.0	1.0	1.6216273668520509	0.009900990099009901	0.10237638165190123	ENSMUSG00000026874;ENSMUSG00000049112;ENSMUSG00000035042;ENSMUSG00000023078;ENSMUSG00000073877;ENSMUSG00000029417;ENSMUSG00000050921;ENSMUSG00000049115;ENSMUSG00000045092;ENSMUSG00000029778;ENSMUSG00000043017;ENSMUSG00000024164;ENSMUSG00000044338;ENSMUSG00000036437;ENSMUSG00000032766;ENSMUSG00000059588;ENSMUSG00000043953;ENSMUSG00000044534;ENSMUSG00000030790;ENSMUSG00000094686;ENSMUSG00000056529;ENSMUSG00000034855;ENSMUSG00000020676;ENSMUSG00000073888;ENSMUSG00000020123;ENSMUSG00000032532;ENSMUSG00000021298;ENSMUSG00000002885;ENSMUSG00000037010;ENSMUSG00000018927;ENSMUSG00000047898;ENSMUSG00000026399;ENSMUSG00000079227;ENSMUSG00000071005;ENSMUSG00000052336;ENSMUSG00000019122;ENSMUSG00000079355;ENSMUSG00000024462;ENSMUSG00000040016;ENSMUSG00000041046;ENSMUSG00000094065;ENSMUSG00000045573;ENSMUSG00000068122;ENSMUSG00000021886;ENSMUSG00000031489			False	False	True	True
skin	R-MMU-5173105_O_LINKED_GLYCOSYLATION	0.025549602993886183	6	3	3	0.05160420686456668	4	2	2	0.0037220743678066937	6.0	4.0	2.0	0.007300073500972995	4.0	3.0	1.0	0.7153019504130846	0.9295154185022027	1.0	ENSMUSG00000021903;ENSMUSG00000041445;ENSMUSG00000015850;ENSMUSG00000054641;ENSMUSG00000037379;ENSMUSG00000022894;ENSMUSG00000034040;ENSMUSG00000118672;ENSMUSG00000013846;ENSMUSG00000017929;ENSMUSG00000021130			False	False	True	True
skin	R-MMU-5173214_O_GLYCOSYLATION_OF_TSR_DOMAIN_CONTAINING_PROTEINS	-0.020697215933020995	6	4	2	0.004749009067577088	4	3	1	0.0014651434421488186	6.0	3.0	3.0	0.007041801064926138	4.0	3.0	1.0	0.7384364998152954	0.8532110091743119	1.0	ENSMUSG00000015850;ENSMUSG00000037379;ENSMUSG00000022894;ENSMUSG00000023885;ENSMUSG00000070469;ENSMUSG00000032363;ENSMUSG00000032289;ENSMUSG00000001128;ENSMUSG00000059901;ENSMUSG00000024299;ENSMUSG00000066113;ENSMUSG00000031480;ENSMUSG00000022231			False	False	False	False
skin	R-MMU-5357801_PROGRAMMED_CELL_DEATH	-0.04818259600611371	6	3	3	-0.07527079448265547	4	1	3	-0.0061304468574985395	6.0	2.0	4.0	-0.009641652314216776	4.0	1.0	3.0	-0.971860342964396	0.5046480743691899	0.7084485163158899	ENSMUSG00000058773;ENSMUSG00000042489;ENSMUSG00000047281;ENSMUSG00000024590;ENSMUSG00000054717;ENSMUSG00000024812;ENSMUSG00000031112;ENSMUSG00000039217;ENSMUSG00000054889;ENSMUSG00000044393;ENSMUSG00000026413;ENSMUSG00000022221;ENSMUSG00000096210			False	False	True	True
skin	R-MMU-5358351_SIGNALING_BY_HEDGEHOG	-0.2357627724753544	6	1	5	-0.27553191191656695	4	1	3	-0.004514556585484913	6.0	2.0	4.0	-0.007050314487790097	4.0	1.0	3.0	-1.2663019992626967	0.18323863636363635	0.28039887551630843	ENSMUSG00000062380;ENSMUSG00000002633;ENSMUSG00000025407;ENSMUSG00000001473;ENSMUSG00000058672;ENSMUSG00000021318;ENSMUSG00000043091;ENSMUSG00000064325;ENSMUSG00000045136;ENSMUSG00000021466;ENSMUSG00000048402	Hedgehog signaling	complementary	False	True	True	True
skin	R-MMU-5362517_SIGNALING_BY_RETINOIC_ACID	-0.14141825855383217	6	3	3	-0.17633554961098813	4	1	3	0.01138067759210677	6.0	5.0	1.0	0.009918694159001297	4.0	4.0	0.0	0.9969703276778038	0.43956043956043955	0.7554554785002995	ENSMUSG00000019577;ENSMUSG00000053279;ENSMUSG00000033715;ENSMUSG00000038967			False	False	False	False
skin	R-MMU-556833_METABOLISM_OF_LIPIDS	-0.058524966430533475	6	3	3	-0.0016183122278708995	4	1	3	0.000868101924445426	6.0	3.0	3.0	0.0022159449415267724	4.0	2.0	2.0	-0.6447952960995197	0.9763948497854077	1.0	ENSMUSG00000006345;ENSMUSG00000043461;ENSMUSG00000020891;ENSMUSG00000046598;ENSMUSG00000042808;ENSMUSG00000015090;ENSMUSG00000098488;ENSMUSG00000003555;ENSMUSG00000027533;ENSMUSG00000022686;ENSMUSG00000021263;ENSMUSG00000028698;ENSMUSG00000027869;ENSMUSG00000029134;ENSMUSG00000031891;ENSMUSG00000028655;ENSMUSG00000024665;ENSMUSG00000041220;ENSMUSG00000046971;ENSMUSG00000075296;ENSMUSG00000050211;ENSMUSG00000021751;ENSMUSG00000022479;ENSMUSG00000028937;ENSMUSG00000032487			False	False	False	True
skin	R-MMU-5576891_CARDIAC_CONDUCTION	-0.09873104219342554	6	2	4	-0.065972929912613	4	2	2	0.02355761980312332	6.0	5.0	1.0	0.02743235204484358	4.0	3.0	1.0	1.9628810650597934	0.0	0.019831399716217345	ENSMUSG00000030730;ENSMUSG00000030592;ENSMUSG00000041329;ENSMUSG00000019787;ENSMUSG00000007097;ENSMUSG00000040907;ENSMUSG00000020788;ENSMUSG00000024617;ENSMUSG00000030249;ENSMUSG00000027931;ENSMUSG00000030102;ENSMUSG00000054640;ENSMUSG00000066705;ENSMUSG00000056973;ENSMUSG00000036570;ENSMUSG00000051331;ENSMUSG00000027861;ENSMUSG00000041695;ENSMUSG00000069806			False	False	False	False
skin	R-MMU-5578775_ION_HOMEOSTASIS	0.13830090908337755	6	4	2	0.1654122199887027	4	3	1	0.025654760098351662	6.0	5.0	1.0	0.028336436078665893	4.0	3.0	1.0	2.4024600664089477	0.0	0.0	ENSMUSG00000030730;ENSMUSG00000030592;ENSMUSG00000041329;ENSMUSG00000019787;ENSMUSG00000007097;ENSMUSG00000040907;ENSMUSG00000020788;ENSMUSG00000024617;ENSMUSG00000030249;ENSMUSG00000030102;ENSMUSG00000054640;ENSMUSG00000066705;ENSMUSG00000036570;ENSMUSG00000027861			False	False	True	True
skin	R-MMU-5610787_HEDGEHOG_OFF_STATE	0.005598528382137151	6	4	2	0.0320740691689128	4	2	2	-0.008784091441244509	6.0	2.0	4.0	-0.013749809514556757	4.0	2.0	2.0	-1.2306576998605723	0.23860182370820668	0.31961825893053014	ENSMUSG00000062380;ENSMUSG00000025407;ENSMUSG00000001473;ENSMUSG00000058672;ENSMUSG00000021318;ENSMUSG00000043091;ENSMUSG00000045136;ENSMUSG00000021466;ENSMUSG00000048402			False	False	False	False
skin	R-MMU-5617833_CILIUM_ASSEMBLY	0.03014372934090907	6	4	2	0.04509350691540398	4	4	0	-0.01020700030793877	6.0	2.0	4.0	-0.01716959347843347	4.0	2.0	2.0	-1.6316336924825898	0.013719512195121951	0.02585837963892318	ENSMUSG00000062380;ENSMUSG00000026622;ENSMUSG00000019942;ENSMUSG00000030867;ENSMUSG00000079707;ENSMUSG00000001473;ENSMUSG00000058672;ENSMUSG00000043091;ENSMUSG00000045136			False	False	False	False
skin	R-MMU-5633007_REGULATION_OF_TP53_ACTIVITY	-0.0004909663262714822	6	3	3	-0.0066743992931319746	4	1	3	-0.006361869180462332	6.0	3.0	3.0	-0.010458554443353054	4.0	1.0	3.0	-1.2892859595807007	0.1753846153846154	0.2523423296445468	ENSMUSG00000019942;ENSMUSG00000020897;ENSMUSG00000017146;ENSMUSG00000027715;ENSMUSG00000028680;ENSMUSG00000027469;ENSMUSG00000027496			False	False	True	True
skin	R-MMU-5653656_VESICLE_MEDIATED_TRANSPORT	0.1950734380247651	6	5	1	0.23754305972654166	4	4	0	-0.00793585822584591	6.0	2.0	4.0	-0.009947802543967163	4.0	1.0	3.0	-1.404391024144455	0.03711790393013101	0.14526198784451572	ENSMUSG00000046352;ENSMUSG00000040055;ENSMUSG00000062380;ENSMUSG00000027070;ENSMUSG00000050953;ENSMUSG00000045328;ENSMUSG00000028678;ENSMUSG00000021294;ENSMUSG00000036768;ENSMUSG00000051378;ENSMUSG00000003779;ENSMUSG00000012443;ENSMUSG00000030677;ENSMUSG00000079553;ENSMUSG00000034311;ENSMUSG00000021994;ENSMUSG00000032254;ENSMUSG00000024795;ENSMUSG00000023015;ENSMUSG00000001473;ENSMUSG00000026494;ENSMUSG00000029999;ENSMUSG00000058672;ENSMUSG00000029377;ENSMUSG00000043091;ENSMUSG00000056071;ENSMUSG00000035020;ENSMUSG00000030560;ENSMUSG00000029378;ENSMUSG00000031722;ENSMUSG00000045136;ENSMUSG00000033419;ENSMUSG00000024486;ENSMUSG00000028860;ENSMUSG00000018593;ENSMUSG00000046623;ENSMUSG00000026579			False	False	False	False
skin	R-MMU-5663220_RHO_GTPASES_ACTIVATE_FORMINS	0.0005985959953515871	6	3	3	0.0027580851445677852	4	3	1	-0.02138485550085963	6.0	2.0	4.0	-0.030067641732125925	4.0	1.0	3.0	-2.1563431438077205	0.0	0.0	ENSMUSG00000062380;ENSMUSG00000045328;ENSMUSG00000028678;ENSMUSG00000027379;ENSMUSG00000006398;ENSMUSG00000023940;ENSMUSG00000026605;ENSMUSG00000020897;ENSMUSG00000030867;ENSMUSG00000029414;ENSMUSG00000028873;ENSMUSG00000024056;ENSMUSG00000040084;ENSMUSG00000005233;ENSMUSG00000026683;ENSMUSG00000001473;ENSMUSG00000026039;ENSMUSG00000058672;ENSMUSG00000024660;ENSMUSG00000029910;ENSMUSG00000022021;ENSMUSG00000029177;ENSMUSG00000043091			False	False	False	False
skin	R-MMU-5673001_RAF_MAP_KINASE_CASCADE	-0.0016422818305866411	6	3	3	-0.011827619658758753	4	2	2	0.010174107823233414	6.0	5.0	1.0	0.0120031224973751	4.0	3.0	1.0	0.7426659343626608	0.956989247311828	1.0	ENSMUSG00000052374;ENSMUSG00000021061;ENSMUSG00000068227;ENSMUSG00000024617;ENSMUSG00000071713;ENSMUSG00000036585;ENSMUSG00000006386;ENSMUSG00000031304;ENSMUSG00000031453;ENSMUSG00000028864;ENSMUSG00000027347;ENSMUSG00000018909;ENSMUSG00000026786;ENSMUSG00000001930;ENSMUSG00000030589;ENSMUSG00000024620;ENSMUSG00000009376;ENSMUSG00000041417;ENSMUSG00000004952;ENSMUSG00000026482;ENSMUSG00000029231;ENSMUSG00000038894;ENSMUSG00000022309;ENSMUSG00000052572;ENSMUSG00000022055			False	False	False	False
skin	R-MMU-5683057_MAPK_FAMILY_SIGNALING_CASCADES	0.010887286041750802	6	3	3	-0.02323531562424247	4	1	3	0.007553738327607584	6.0	5.0	1.0	0.008492830870184133	4.0	3.0	1.0	-0.5166854715801571	0.9952885747938751	1.0	ENSMUSG00000027368;ENSMUSG00000029337;ENSMUSG00000017724;ENSMUSG00000062991;ENSMUSG00000019942;ENSMUSG00000029999;ENSMUSG00000030110;ENSMUSG00000029377;ENSMUSG00000034765;ENSMUSG00000035020;ENSMUSG00000029378;ENSMUSG00000019960;ENSMUSG00000024486			False	False	True	False
skin	R-MMU-5684996_MAPK1_MAPK3_SIGNALING	0.059740238691073005	6	5	1	0.05584069946596558	4	4	0	0.009121136054446198	6.0	5.0	1.0	0.01085492172558839	4.0	3.0	1.0	0.724574710846537	0.9593023255813954	1.0	ENSMUSG00000052374;ENSMUSG00000021061;ENSMUSG00000068227;ENSMUSG00000024617;ENSMUSG00000071713;ENSMUSG00000036585;ENSMUSG00000006386;ENSMUSG00000031304;ENSMUSG00000031453;ENSMUSG00000028864;ENSMUSG00000027347;ENSMUSG00000018909;ENSMUSG00000021756;ENSMUSG00000027947;ENSMUSG00000026786;ENSMUSG00000001930;ENSMUSG00000030589;ENSMUSG00000024620;ENSMUSG00000009376;ENSMUSG00000041417;ENSMUSG00000004952;ENSMUSG00000026482;ENSMUSG00000029231;ENSMUSG00000038894;ENSMUSG00000022309;ENSMUSG00000052572;ENSMUSG00000022055			False	False	True	True
skin	R-MMU-5688426_DEUBIQUITINATION	-0.10452558455319864	6	1	5	-0.10740248911489896	4	1	3	0.008120244365536525	6.0	4.0	2.0	0.007251511857494855	4.0	3.0	1.0	-1.34985610014172	0.09647979139504563	0.19997518279646276	ENSMUSG00000094777;ENSMUSG00000061615;ENSMUSG00000069301;ENSMUSG00000006398;ENSMUSG00000042489;ENSMUSG00000064220;ENSMUSG00000019942;ENSMUSG00000017146;ENSMUSG00000027715;ENSMUSG00000071478;ENSMUSG00000094248;ENSMUSG00000063954;ENSMUSG00000061991;ENSMUSG00000069309			False	False	False	True
skin	R-MMU-5689880_UB_SPECIFIC_PROCESSING_PROTEASES	-0.001842006166052632	6	2	4	-0.002668136764495614	4	0	4	0.008699618031571708	6.0	4.0	2.0	0.007728830383179321	4.0	3.0	1.0	-1.3748806971988394	0.08254397834912043	0.17394016539045257	ENSMUSG00000094777;ENSMUSG00000061615;ENSMUSG00000069301;ENSMUSG00000006398;ENSMUSG00000042489;ENSMUSG00000064220;ENSMUSG00000027715;ENSMUSG00000071478;ENSMUSG00000094248;ENSMUSG00000063954;ENSMUSG00000061991;ENSMUSG00000069309			False	False	False	True
skin	R-MMU-5693532_DNA_DOUBLE_STRAND_BREAK_REPAIR	0.000998054350705297	6	3	3	0.002828166079037745	4	3	1	-0.027337522815108335	6.0	3.0	3.0	-0.04005358073975268	4.0	1.0	3.0	-2.164244299154962	0.0	0.0	ENSMUSG00000062727;ENSMUSG00000094338;ENSMUSG00000069303;ENSMUSG00000069300;ENSMUSG00000095217;ENSMUSG00000069274;ENSMUSG00000069266;ENSMUSG00000042489;ENSMUSG00000069305;ENSMUSG00000064288;ENSMUSG00000017146;ENSMUSG00000027715;ENSMUSG00000069308;ENSMUSG00000035455;ENSMUSG00000049932;ENSMUSG00000027323;ENSMUSG00000018362;ENSMUSG00000007080;ENSMUSG00000056394;ENSMUSG00000039994;ENSMUSG00000017897;ENSMUSG00000066878			False	False	False	False
skin	R-MMU-5693567_HDR_THROUGH_HOMOLOGOUS_RECOMBINATION_HRR_OR_SINGLE_STRAND_ANNEALING_SSA	-0.011766569298516745	6	4	2	-0.01306013207253522	4	2	2	-0.028185010937779264	6.0	2.0	4.0	-0.04128422315506955	4.0	1.0	3.0	-2.1603202766014196	0.0	0.0	ENSMUSG00000062727;ENSMUSG00000094338;ENSMUSG00000069303;ENSMUSG00000069300;ENSMUSG00000095217;ENSMUSG00000069274;ENSMUSG00000069266;ENSMUSG00000042489;ENSMUSG00000069305;ENSMUSG00000064288;ENSMUSG00000017146;ENSMUSG00000027715;ENSMUSG00000069308;ENSMUSG00000035455;ENSMUSG00000049932;ENSMUSG00000027323;ENSMUSG00000007080;ENSMUSG00000056394;ENSMUSG00000039994			False	False	True	True
skin	R-MMU-5693571_NONHOMOLOGOUS_END_JOINING_NHEJ	-0.0008483682534043939	6	3	3	-0.0011330509461570965	4	1	3	-0.024033250369713533	6.0	3.0	3.0	-0.03781072958688875	4.0	1.0	3.0	-2.0730134729960197	0.0	1.2286658987699826e-05	ENSMUSG00000062727;ENSMUSG00000094338;ENSMUSG00000069303;ENSMUSG00000069300;ENSMUSG00000095217;ENSMUSG00000069274;ENSMUSG00000069266;ENSMUSG00000069305;ENSMUSG00000064288;ENSMUSG00000017146;ENSMUSG00000069308;ENSMUSG00000049932			False	False	True	True
skin	R-MMU-5693606_DNA_DOUBLE_STRAND_BREAK_RESPONSE	-0.007364937395755805	6	3	3	-0.034438368311436734	4	2	2	-0.02337007435815795	6.0	3.0	3.0	-0.036424277520730027	4.0	1.0	3.0	-1.984279722568635	0.0	0.00022423152652552183	ENSMUSG00000062727;ENSMUSG00000094338;ENSMUSG00000069303;ENSMUSG00000069300;ENSMUSG00000095217;ENSMUSG00000069274;ENSMUSG00000069266;ENSMUSG00000069305;ENSMUSG00000064288;ENSMUSG00000017146;ENSMUSG00000069308;ENSMUSG00000049932;ENSMUSG00000018362			False	False	True	True
skin	R-MMU-5693607_PROCESSING_OF_DNA_DOUBLE_STRAND_BREAK_ENDS	-0.0034460011088042176	6	2	4	-0.005803526085024508	4	1	3	-0.027431401403803974	6.0	3.0	3.0	-0.041010995076765235	4.0	1.0	3.0	-2.1099153010442193	0.0	0.0	ENSMUSG00000062727;ENSMUSG00000094338;ENSMUSG00000069303;ENSMUSG00000069300;ENSMUSG00000095217;ENSMUSG00000069274;ENSMUSG00000069266;ENSMUSG00000042489;ENSMUSG00000069305;ENSMUSG00000064288;ENSMUSG00000017146;ENSMUSG00000027715;ENSMUSG00000069308;ENSMUSG00000049932			False	False	True	True
skin	R-MMU-597592_POST_TRANSLATIONAL_PROTEIN_MODIFICATION	0.23860609519519746	6	5	1	0.28523554315516997	4	4	0	0.0032144947524853193	6.0	5.0	1.0	0.003446007488051966	4.0	4.0	0.0	-1.0647764758922815	0.36016511867905054	0.5770835199422887	ENSMUSG00000062380;ENSMUSG00000020183;ENSMUSG00000062727;ENSMUSG00000094777;ENSMUSG00000094338;ENSMUSG00000028364;ENSMUSG00000069303;ENSMUSG00000069300;ENSMUSG00000095217;ENSMUSG00000069274;ENSMUSG00000061615;ENSMUSG00000069266;ENSMUSG00000069301;ENSMUSG00000006398;ENSMUSG00000037280;ENSMUSG00000042489;ENSMUSG00000064220;ENSMUSG00000069305;ENSMUSG00000019942;ENSMUSG00000020897;ENSMUSG00000064288;ENSMUSG00000024064;ENSMUSG00000017146;ENSMUSG00000027715;ENSMUSG00000020914;ENSMUSG00000021614;ENSMUSG00000028873;ENSMUSG00000022449;ENSMUSG00000069308;ENSMUSG00000071478;ENSMUSG00000037474;ENSMUSG00000057454;ENSMUSG00000094248;ENSMUSG00000001403;ENSMUSG00000022686;ENSMUSG00000021062;ENSMUSG00000001473;ENSMUSG00000063954;ENSMUSG00000043557;ENSMUSG00000029999;ENSMUSG00000058672;ENSMUSG00000061991;ENSMUSG00000024660;ENSMUSG00000001131;ENSMUSG00000026765;ENSMUSG00000024736;ENSMUSG00000069309;ENSMUSG00000043091;ENSMUSG00000072082;ENSMUSG00000044254;ENSMUSG00000030484;ENSMUSG00000040434;ENSMUSG00000003418;ENSMUSG00000022479;ENSMUSG00000025880;ENSMUSG00000008601;ENSMUSG00000030560;ENSMUSG00000029378;ENSMUSG00000038843;ENSMUSG00000004099			False	False	True	False
skin	R-MMU-606279_DEPOSITION_OF_NEW_CENPA_CONTAINING_NUCLEOSOMES_AT_THE_CENTROMERE	-0.00538499683500997	6	2	4	-0.007128926206069247	4	1	3	-0.020054219406698853	6.0	2.0	4.0	-0.03309298844769518	4.0	1.0	3.0	-2.2503709997764423	0.0	0.0	ENSMUSG00000062727;ENSMUSG00000094777;ENSMUSG00000094338;ENSMUSG00000069303;ENSMUSG00000069300;ENSMUSG00000095217;ENSMUSG00000069274;ENSMUSG00000061615;ENSMUSG00000069266;ENSMUSG00000069301;ENSMUSG00000064220;ENSMUSG00000069305;ENSMUSG00000064288;ENSMUSG00000047534;ENSMUSG00000069308;ENSMUSG00000071478;ENSMUSG00000049932;ENSMUSG00000094248;ENSMUSG00000063954;ENSMUSG00000061991;ENSMUSG00000029177;ENSMUSG00000069309			False	False	True	True
skin	R-MMU-6783589_INTERLEUKIN_6_FAMILY_SIGNALING	0.0344590082597909	6	4	2	0.013388875489433821	4	2	2	0.007270506170493265	6.0	4.0	2.0	0.008764339747893861	4.0	3.0	1.0	0.7394658855621585	0.8401084010840109	1.0	ENSMUSG00000050377;ENSMUSG00000021756;ENSMUSG00000027947;ENSMUSG00000022146;ENSMUSG00000054263			False	False	True	True
skin	R-MMU-6798695_NEUTROPHIL_DEGRANULATION	-0.19330149347510184	6	0	6	-0.19393658968234972	4	0	4	0.005463326712662471	6.0	3.0	3.0	0.009003034127737987	4.0	3.0	1.0	1.3558521415201525	0.0	0.2493529970653302	ENSMUSG00000032496;ENSMUSG00000027832;ENSMUSG00000002944;ENSMUSG00000026822;ENSMUSG00000029322;ENSMUSG00000020154;ENSMUSG00000060550;ENSMUSG00000027435;ENSMUSG00000020717;ENSMUSG00000025791;ENSMUSG00000026581;ENSMUSG00000064267;ENSMUSG00000056888;ENSMUSG00000026938;ENSMUSG00000026395;ENSMUSG00000072596;ENSMUSG00000016283;ENSMUSG00000068587;ENSMUSG00000067235;ENSMUSG00000028927;ENSMUSG00000024459;ENSMUSG00000024164;ENSMUSG00000046718;ENSMUSG00000026177;ENSMUSG00000054203;ENSMUSG00000026536;ENSMUSG00000028599;ENSMUSG00000021676;ENSMUSG00000060802;ENSMUSG00000056529;ENSMUSG00000053475;ENSMUSG00000030830;ENSMUSG00000040747;ENSMUSG00000017737;ENSMUSG00000002885;ENSMUSG00000026399;ENSMUSG00000020143;ENSMUSG00000073489;ENSMUSG00000060791;ENSMUSG00000025579;ENSMUSG00000058715;ENSMUSG00000059089;ENSMUSG00000061780;ENSMUSG00000022488;ENSMUSG00000056116;ENSMUSG00000026879;ENSMUSG00000024349;ENSMUSG00000031825;ENSMUSG00000039899;ENSMUSG00000027995;ENSMUSG00000035697;ENSMUSG00000090272;ENSMUSG00000027187;ENSMUSG00000021822;ENSMUSG00000021091;ENSMUSG00000003153;ENSMUSG00000058099;ENSMUSG00000025877;ENSMUSG00000015340;ENSMUSG00000026656;ENSMUSG00000025701;ENSMUSG00000030789;ENSMUSG00000043832;ENSMUSG00000028874;ENSMUSG00000000290;ENSMUSG00000025314;ENSMUSG00000051439;ENSMUSG00000008540			False	False	False	False
skin	R-MMU-6803157_ANTIMICROBIAL_PEPTIDES	-0.061401275695974665	6	2	4	-0.06319684052340643	4	2	2	0.0010537121754636766	6.0	4.0	2.0	-0.0004489557250076572	4.0	2.0	2.0	1.125721854545448	0.3023952095808383	0.5356593517968076	ENSMUSG00000032496;ENSMUSG00000026822;ENSMUSG00000026177;ENSMUSG00000044827			False	False	False	False
skin	R-MMU-6805567_KERATINIZATION	-1.220864622405193	6	1	5	-1.483945117925971	4	1	3	-0.06707146418660727	6.0	1.0	5.0	-0.08126118766756411	4.0	0.0	4.0	-2.652310339745056	0.0	0.0	ENSMUSG00000057723;ENSMUSG00000035831;ENSMUSG00000035592;ENSMUSG00000051879;ENSMUSG00000067615;ENSMUSG00000047641;ENSMUSG00000067613;ENSMUSG00000048981;ENSMUSG00000017588;ENSMUSG00000116336;ENSMUSG00000048013;ENSMUSG00000043485;ENSMUSG00000091212;ENSMUSG00000063661;ENSMUSG00000067614;ENSMUSG00000075570;ENSMUSG00000056605;ENSMUSG00000059632;ENSMUSG00000055937;ENSMUSG00000056350;ENSMUSG00000069722;ENSMUSG00000052415;ENSMUSG00000047253;ENSMUSG00000001804;ENSMUSG00000064201;ENSMUSG00000020916;ENSMUSG00000046095;ENSMUSG00000054046;ENSMUSG00000069721;ENSMUSG00000041984;ENSMUSG00000023041;ENSMUSG00000020913;ENSMUSG00000005355;ENSMUSG00000064023;ENSMUSG00000053797	Keratinization	aligned	True	True	True	True
skin	R-MMU-6806667_METABOLISM_OF_FAT_SOLUBLE_VITAMINS	-0.00340843288505272	6	2	4	-0.0032341752925285753	4	1	3	0.00047982215587264593	6.0	3.0	3.0	-0.0011418621399755559	4.0	1.0	3.0	-1.211018460038999	0.237741456166419	0.345517355201416	ENSMUSG00000027070;ENSMUSG00000028003;ENSMUSG00000032454;ENSMUSG00000028613;ENSMUSG00000029134;ENSMUSG00000046402;ENSMUSG00000020592			False	False	False	True
skin	R-MMU-6806834_SIGNALING_BY_MET	-0.04933620386979439	6	2	4	-0.06657790365380777	4	1	3	-0.0032605607629133996	6.0	3.0	3.0	-0.0010431107600540647	4.0	3.0	1.0	-0.9072661613278498	0.6040462427745664	0.7943177595640086	ENSMUSG00000027966;ENSMUSG00000026043;ENSMUSG00000027315;ENSMUSG00000022483;ENSMUSG00000026837;ENSMUSG00000026193;ENSMUSG00000001507;ENSMUSG00000026042;ENSMUSG00000030029			False	False	True	True
skin	R-MMU-6809371_FORMATION_OF_THE_CORNIFIED_ENVELOPE	-0.08405085714513565	6	2	4	-0.1211705109070973	4	1	3	-0.060353814600531214	6.0	1.0	5.0	-0.07319293323836006	4.0	1.0	3.0	-2.532739777805188	0.0	0.0	ENSMUSG00000057723;ENSMUSG00000035831;ENSMUSG00000035592;ENSMUSG00000051879;ENSMUSG00000067615;ENSMUSG00000047641;ENSMUSG00000067613;ENSMUSG00000048981;ENSMUSG00000017588;ENSMUSG00000116336;ENSMUSG00000048013;ENSMUSG00000043485;ENSMUSG00000063661;ENSMUSG00000067614;ENSMUSG00000075570;ENSMUSG00000056605;ENSMUSG00000055937;ENSMUSG00000052415;ENSMUSG00000001804;ENSMUSG00000064201;ENSMUSG00000020916;ENSMUSG00000046095;ENSMUSG00000054046;ENSMUSG00000041984;ENSMUSG00000023041;ENSMUSG00000020913;ENSMUSG00000005355;ENSMUSG00000064023;ENSMUSG00000053797;ENSMUSG00000022902;ENSMUSG00000058354;ENSMUSG00000022986;ENSMUSG00000022218;ENSMUSG00000024331;ENSMUSG00000044322			False	False	True	True
skin	R-MMU-6811434_COPI_DEPENDENT_GOLGI_TO_ER_RETROGRADE_TRAFFIC	-0.2729868426746412	6	2	4	-0.34999926134845166	4	1	3	-0.02881433405787652	6.0	2.0	4.0	-0.03924544719037251	4.0	1.0	3.0	-2.1208655022792646	0.0	0.0	ENSMUSG00000062380;ENSMUSG00000045328;ENSMUSG00000028678;ENSMUSG00000021294;ENSMUSG00000036768;ENSMUSG00000051378;ENSMUSG00000003779;ENSMUSG00000012443;ENSMUSG00000030677;ENSMUSG00000079553;ENSMUSG00000034311;ENSMUSG00000032254;ENSMUSG00000024795;ENSMUSG00000023015;ENSMUSG00000001473;ENSMUSG00000026494;ENSMUSG00000058672;ENSMUSG00000043091			True	False	True	True
skin	R-MMU-6811442_INTRA_GOLGI_AND_RETROGRADE_GOLGI_TO_ER_TRAFFIC	-0.1015957311722691	6	2	4	-0.10246700270543646	4	1	3	-0.024746740333159174	6.0	2.0	4.0	-0.03315493765495428	4.0	1.0	3.0	-2.118164179013745	0.0	0.0	ENSMUSG00000062380;ENSMUSG00000045328;ENSMUSG00000028678;ENSMUSG00000021294;ENSMUSG00000036768;ENSMUSG00000051378;ENSMUSG00000003779;ENSMUSG00000012443;ENSMUSG00000030677;ENSMUSG00000079553;ENSMUSG00000034311;ENSMUSG00000032254;ENSMUSG00000024795;ENSMUSG00000023015;ENSMUSG00000001473;ENSMUSG00000026494;ENSMUSG00000058672;ENSMUSG00000043091			False	False	True	True
skin	R-MMU-6811558_PI5P_PP2A_AND_IER3_REGULATE_PI3K_AKT_SIGNALING	0.04215242039543244	6	3	3	0.06476437657862842	4	3	1	0.005007176588949631	6.0	5.0	1.0	0.006059619141233396	4.0	4.0	0.0	-0.5956771318785274	0.9601063829787234	1.0	ENSMUSG00000029337;ENSMUSG00000062991;ENSMUSG00000028698;ENSMUSG00000029999;ENSMUSG00000029377;ENSMUSG00000035020;ENSMUSG00000029378;ENSMUSG00000024486;ENSMUSG00000054252;ENSMUSG00000003541			False	False	True	False
skin	R-MMU-68875_MITOTIC_PROPHASE	1.2789000945863499e-05	6	4	2	0.004513841860124602	4	2	2	-0.023199978791269723	6.0	2.0	4.0	-0.036382159830219724	4.0	1.0	3.0	-2.3717424190566256	0.0	0.0	ENSMUSG00000069267;ENSMUSG00000062727;ENSMUSG00000094777;ENSMUSG00000094338;ENSMUSG00000069303;ENSMUSG00000069300;ENSMUSG00000069310;ENSMUSG00000095217;ENSMUSG00000069274;ENSMUSG00000101972;ENSMUSG00000061615;ENSMUSG00000069265;ENSMUSG00000074403;ENSMUSG00000069266;ENSMUSG00000069301;ENSMUSG00000101355;ENSMUSG00000081058;ENSMUSG00000041431;ENSMUSG00000032218;ENSMUSG00000064220;ENSMUSG00000069305;ENSMUSG00000019942;ENSMUSG00000064288;ENSMUSG00000030867;ENSMUSG00000069308;ENSMUSG00000071478;ENSMUSG00000024590;ENSMUSG00000049932;ENSMUSG00000094248;ENSMUSG00000063954;ENSMUSG00000061991;ENSMUSG00000028312;ENSMUSG00000069309			False	False	False	False
skin	R-MMU-68877_MITOTIC_PROMETAPHASE	-0.07977413343372762	6	2	4	-0.09376462165917729	4	1	3	-0.02867946721308424	6.0	2.0	4.0	-0.03882123474831148	4.0	1.0	3.0	-2.2762292845830867	0.0	0.0	ENSMUSG00000062380;ENSMUSG00000045328;ENSMUSG00000028678;ENSMUSG00000027379;ENSMUSG00000041431;ENSMUSG00000032218;ENSMUSG00000006398;ENSMUSG00000023940;ENSMUSG00000015880;ENSMUSG00000026605;ENSMUSG00000026622;ENSMUSG00000019942;ENSMUSG00000020897;ENSMUSG00000030867;ENSMUSG00000029414;ENSMUSG00000028873;ENSMUSG00000024056;ENSMUSG00000040084;ENSMUSG00000034906;ENSMUSG00000005233;ENSMUSG00000026683;ENSMUSG00000001473;ENSMUSG00000038252;ENSMUSG00000026039;ENSMUSG00000058672;ENSMUSG00000028312;ENSMUSG00000024660;ENSMUSG00000029910;ENSMUSG00000029177;ENSMUSG00000043091			False	False	True	True
skin	R-MMU-68882_MITOTIC_ANAPHASE	0.007156238458249957	6	4	2	0.005882064504136298	4	2	2	-0.03260829286796235	6.0	2.0	4.0	-0.04437308932887054	4.0	1.0	3.0	-2.326450028205259	0.0	0.0	ENSMUSG00000062380;ENSMUSG00000045328;ENSMUSG00000028678;ENSMUSG00000027379;ENSMUSG00000041431;ENSMUSG00000032218;ENSMUSG00000006398;ENSMUSG00000023940;ENSMUSG00000026605;ENSMUSG00000019942;ENSMUSG00000020897;ENSMUSG00000030867;ENSMUSG00000029414;ENSMUSG00000028873;ENSMUSG00000024056;ENSMUSG00000040084;ENSMUSG00000024590;ENSMUSG00000005233;ENSMUSG00000026683;ENSMUSG00000001403;ENSMUSG00000001473;ENSMUSG00000058290;ENSMUSG00000026039;ENSMUSG00000058672;ENSMUSG00000024660;ENSMUSG00000029910;ENSMUSG00000029177;ENSMUSG00000043091			False	False	False	False
skin	R-MMU-68886_M_PHASE	-0.2715551212136453	6	3	3	-0.335677279531579	4	1	3	-0.025945355612285285	6.0	2.0	4.0	-0.0373510909449465	4.0	1.0	3.0	-2.62419124864682	0.0	0.0	ENSMUSG00000062380;ENSMUSG00000069267;ENSMUSG00000062727;ENSMUSG00000094777;ENSMUSG00000094338;ENSMUSG00000069303;ENSMUSG00000069300;ENSMUSG00000069310;ENSMUSG00000095217;ENSMUSG00000069274;ENSMUSG00000101972;ENSMUSG00000061615;ENSMUSG00000069265;ENSMUSG00000074403;ENSMUSG00000069266;ENSMUSG00000069301;ENSMUSG00000101355;ENSMUSG00000081058;ENSMUSG00000045328;ENSMUSG00000028678;ENSMUSG00000027379;ENSMUSG00000041431;ENSMUSG00000032218;ENSMUSG00000006398;ENSMUSG00000003779;ENSMUSG00000064220;ENSMUSG00000023940;ENSMUSG00000015880;ENSMUSG00000026605;ENSMUSG00000026622;ENSMUSG00000069305;ENSMUSG00000019942;ENSMUSG00000020897;ENSMUSG00000064288;ENSMUSG00000030867;ENSMUSG00000029414;ENSMUSG00000028873;ENSMUSG00000069308;ENSMUSG00000024056;ENSMUSG00000071478;ENSMUSG00000040084;ENSMUSG00000034906;ENSMUSG00000024590;ENSMUSG00000005233;ENSMUSG00000049932;ENSMUSG00000032254;ENSMUSG00000094248;ENSMUSG00000026683;ENSMUSG00000001403;ENSMUSG00000001473;ENSMUSG00000063954;ENSMUSG00000038252;ENSMUSG00000058290;ENSMUSG00000026039;ENSMUSG00000058672;ENSMUSG00000061991;ENSMUSG00000028312;ENSMUSG00000024660;ENSMUSG00000029910;ENSMUSG00000029177;ENSMUSG00000069309;ENSMUSG00000043091			False	False	True	True
skin	R-MMU-69206_G1_S_TRANSITION	-0.01373090572608542	6	1	5	-0.016156454257246815	4	1	3	-0.023405518844718504	6.0	2.0	4.0	-0.03075503946954748	4.0	1.0	3.0	-1.6092750535287959	0.03225806451612903	0.031653654327000846	ENSMUSG00000027715;ENSMUSG00000005410;ENSMUSG00000017499;ENSMUSG00000028212;ENSMUSG00000007080;ENSMUSG00000041859;ENSMUSG00000002870;ENSMUSG00000070348;ENSMUSG00000022673;ENSMUSG00000029730;ENSMUSG00000026355;ENSMUSG00000031016			False	False	True	True
skin	R-MMU-69239_SYNTHESIS_OF_DNA	-0.0025688235346653997	6	1	5	-0.0021426506496092105	4	0	4	-0.03189250931842898	6.0	3.0	3.0	-0.04358772845190949	4.0	1.0	3.0	-1.7135544332571042	0.008361204013377926	0.010470432122812788	ENSMUSG00000027715;ENSMUSG00000005410;ENSMUSG00000001403;ENSMUSG00000017499;ENSMUSG00000028212;ENSMUSG00000007080;ENSMUSG00000041859;ENSMUSG00000002870;ENSMUSG00000056394;ENSMUSG00000022673;ENSMUSG00000029730;ENSMUSG00000026355			False	False	True	True
skin	R-MMU-69242_S_PHASE	0.0032639588691297616	6	4	2	0.0022869229891744405	4	3	1	-0.022352562550464736	6.0	2.0	4.0	-0.02983170112872223	4.0	1.0	3.0	-1.7674251229760027	0.008695652173913044	0.006225722383532134	ENSMUSG00000022034;ENSMUSG00000027715;ENSMUSG00000005410;ENSMUSG00000001403;ENSMUSG00000017499;ENSMUSG00000028212;ENSMUSG00000007080;ENSMUSG00000041859;ENSMUSG00000002870;ENSMUSG00000070348;ENSMUSG00000056394;ENSMUSG00000022673;ENSMUSG00000029730;ENSMUSG00000026355;ENSMUSG00000031016			False	False	False	False
skin	R-MMU-69275_G2_M_TRANSITION	-0.004174300977305821	6	2	4	-0.007017888006765551	4	2	2	-0.019466320758028066	6.0	2.0	4.0	-0.026855555121166844	4.0	1.0	3.0	-1.9771756081590641	0.001336898395721925	0.0002529791581313579	ENSMUSG00000062380;ENSMUSG00000046591;ENSMUSG00000041431;ENSMUSG00000032218;ENSMUSG00000023940;ENSMUSG00000020330;ENSMUSG00000026622;ENSMUSG00000019942;ENSMUSG00000030867;ENSMUSG00000027715;ENSMUSG00000047534;ENSMUSG00000027469;ENSMUSG00000001517;ENSMUSG00000001473;ENSMUSG00000058672;ENSMUSG00000027496;ENSMUSG00000043091			False	False	True	True
skin	R-MMU-69278_CELL_CYCLE_MITOTIC	0.04320117366733128	6	5	1	0.06225020265693122	4	3	1	-0.023551977985011397	6.0	2.0	4.0	-0.03358609778964694	4.0	1.0	3.0	-2.619489424307231	0.0	0.0	ENSMUSG00000062380;ENSMUSG00000069267;ENSMUSG00000062727;ENSMUSG00000094777;ENSMUSG00000094338;ENSMUSG00000069303;ENSMUSG00000069300;ENSMUSG00000069310;ENSMUSG00000095217;ENSMUSG00000069274;ENSMUSG00000101972;ENSMUSG00000061615;ENSMUSG00000069265;ENSMUSG00000074403;ENSMUSG00000069266;ENSMUSG00000069301;ENSMUSG00000101355;ENSMUSG00000081058;ENSMUSG00000045328;ENSMUSG00000046591;ENSMUSG00000028678;ENSMUSG00000027379;ENSMUSG00000041431;ENSMUSG00000032218;ENSMUSG00000006398;ENSMUSG00000003779;ENSMUSG00000022034;ENSMUSG00000064220;ENSMUSG00000023940;ENSMUSG00000015880;ENSMUSG00000026605;ENSMUSG00000020330;ENSMUSG00000026622;ENSMUSG00000069305;ENSMUSG00000019942;ENSMUSG00000020897;ENSMUSG00000064288;ENSMUSG00000030867;ENSMUSG00000027715;ENSMUSG00000029414;ENSMUSG00000047534;ENSMUSG00000005410;ENSMUSG00000028873;ENSMUSG00000027469;ENSMUSG00000018983;ENSMUSG00000069308;ENSMUSG00000024056;ENSMUSG00000071478;ENSMUSG00000001517;ENSMUSG00000040084;ENSMUSG00000034906;ENSMUSG00000024590;ENSMUSG00000005233;ENSMUSG00000049932;ENSMUSG00000032254;ENSMUSG00000094248;ENSMUSG00000026683;ENSMUSG00000001403;ENSMUSG00000017499;ENSMUSG00000001473;ENSMUSG00000063954;ENSMUSG00000038252;ENSMUSG00000058290;ENSMUSG00000026039;ENSMUSG00000028212;ENSMUSG00000058672;ENSMUSG00000007080;ENSMUSG00000061991;ENSMUSG00000027496;ENSMUSG00000028312;ENSMUSG00000041859;ENSMUSG00000024660;ENSMUSG00000002870;ENSMUSG00000029910;ENSMUSG00000029177;ENSMUSG00000069309;ENSMUSG00000043091;ENSMUSG00000070348;ENSMUSG00000056394			False	False	False	False
skin	R-MMU-69306_DNA_REPLICATION	-0.024760695649277065	6	2	4	-0.04202350719336131	4	2	2	-0.03189250931842898	6.0	3.0	3.0	-0.04358772845190949	4.0	1.0	3.0	-1.7135544332571042	0.008361204013377926	0.010470432122812788	ENSMUSG00000027715;ENSMUSG00000005410;ENSMUSG00000001403;ENSMUSG00000017499;ENSMUSG00000028212;ENSMUSG00000007080;ENSMUSG00000041859;ENSMUSG00000002870;ENSMUSG00000056394;ENSMUSG00000022673;ENSMUSG00000029730;ENSMUSG00000026355			False	False	True	True
skin	R-MMU-69473_G2_M_DNA_DAMAGE_CHECKPOINT	-0.002021586434278974	6	3	3	-0.0008743610926810871	4	2	2	-0.029663193577915452	6.0	2.0	4.0	-0.041170430339434336	4.0	1.0	3.0	-2.185337644655741	0.0	0.0	ENSMUSG00000062727;ENSMUSG00000094338;ENSMUSG00000069303;ENSMUSG00000069300;ENSMUSG00000095217;ENSMUSG00000069274;ENSMUSG00000069266;ENSMUSG00000041431;ENSMUSG00000047281;ENSMUSG00000069305;ENSMUSG00000019942;ENSMUSG00000064288;ENSMUSG00000017146;ENSMUSG00000027715;ENSMUSG00000069308;ENSMUSG00000049932			False	False	True	True
skin	R-MMU-69481_G2_M_CHECKPOINTS	-0.001945501567619884	6	2	4	-0.00415245687362427	4	1	3	-0.030835826131471636	6.0	2.0	4.0	-0.04293700604369463	4.0	1.0	3.0	-2.1919780576369634	0.0	0.0	ENSMUSG00000062727;ENSMUSG00000094338;ENSMUSG00000069303;ENSMUSG00000069300;ENSMUSG00000095217;ENSMUSG00000069274;ENSMUSG00000069266;ENSMUSG00000041431;ENSMUSG00000032218;ENSMUSG00000042489;ENSMUSG00000047281;ENSMUSG00000069305;ENSMUSG00000019942;ENSMUSG00000064288;ENSMUSG00000017146;ENSMUSG00000027715;ENSMUSG00000005410;ENSMUSG00000069308;ENSMUSG00000049932;ENSMUSG00000017499;ENSMUSG00000041859;ENSMUSG00000002870			False	False	True	True
skin	R-MMU-69618_MITOTIC_SPINDLE_CHECKPOINT	0.013125110987936206	6	3	3	0.007142167746323498	4	2	2	-0.035839330581429775	6.0	2.0	4.0	-0.04721649702001223	4.0	1.0	3.0	-2.2160856169726815	0.0	0.0	ENSMUSG00000045328;ENSMUSG00000028678;ENSMUSG00000027379;ENSMUSG00000006398;ENSMUSG00000023940;ENSMUSG00000026605;ENSMUSG00000020897;ENSMUSG00000030867;ENSMUSG00000029414;ENSMUSG00000028873;ENSMUSG00000024056;ENSMUSG00000040084;ENSMUSG00000005233;ENSMUSG00000026683;ENSMUSG00000001403;ENSMUSG00000026039;ENSMUSG00000024660;ENSMUSG00000029910;ENSMUSG00000029177			False	False	False	False
skin	R-MMU-69620_CELL_CYCLE_CHECKPOINTS	0.003184917921234163	6	4	2	0.004109555449168165	4	3	1	-0.03154720027780517	6.0	2.0	4.0	-0.04327412375642212	4.0	1.0	3.0	-2.512667277793838	0.0	0.0	ENSMUSG00000062727;ENSMUSG00000094338;ENSMUSG00000069303;ENSMUSG00000069300;ENSMUSG00000095217;ENSMUSG00000069274;ENSMUSG00000069266;ENSMUSG00000045328;ENSMUSG00000028678;ENSMUSG00000027379;ENSMUSG00000041431;ENSMUSG00000032218;ENSMUSG00000006398;ENSMUSG00000042489;ENSMUSG00000023940;ENSMUSG00000026605;ENSMUSG00000047281;ENSMUSG00000069305;ENSMUSG00000019942;ENSMUSG00000020897;ENSMUSG00000064288;ENSMUSG00000017146;ENSMUSG00000030867;ENSMUSG00000027715;ENSMUSG00000029414;ENSMUSG00000005410;ENSMUSG00000028680;ENSMUSG00000028873;ENSMUSG00000069308;ENSMUSG00000024056;ENSMUSG00000040084;ENSMUSG00000005233;ENSMUSG00000049932;ENSMUSG00000026683;ENSMUSG00000001403;ENSMUSG00000017499;ENSMUSG00000026039;ENSMUSG00000028212;ENSMUSG00000041859;ENSMUSG00000024660;ENSMUSG00000002870;ENSMUSG00000029910;ENSMUSG00000029177			False	False	False	False
skin	R-MMU-70326_GLUCOSE_METABOLISM	0.22017594486967926	6	4	2	0.25969206014984714	4	3	1	0.011721877792809622	6.0	5.0	1.0	0.010038166253918306	4.0	3.0	1.0	1.0598182107993432	0.393048128342246	0.6315391074270053	ENSMUSG00000021456;ENSMUSG00000060600;ENSMUSG00000033065			False	False	True	True
skin	R-MMU-71291_METABOLISM_OF_AMINO_ACIDS_AND_DERIVATIVES	0.20902159021889935	6	4	2	0.2657234300972886	4	3	1	-0.016565715951964426	6.0	2.0	4.0	-0.022135966826818496	4.0	0.0	4.0	-1.8015078065746966	0.0	0.003950745943544908	ENSMUSG00000030905;ENSMUSG00000030450;ENSMUSG00000004651;ENSMUSG00000025991;ENSMUSG00000022243;ENSMUSG00000005994;ENSMUSG00000076441;ENSMUSG00000075707;ENSMUSG00000056880;ENSMUSG00000022129;ENSMUSG00000028179;ENSMUSG00000040010;ENSMUSG00000023232;ENSMUSG00000021703;ENSMUSG00000021125;ENSMUSG00000027333;ENSMUSG00000009614;ENSMUSG00000027597;ENSMUSG00000025007;ENSMUSG00000024039			False	False	False	False
skin	R-MMU-71387_METABOLISM_OF_CARBOHYDRATES_AND_CARBOHYDRATE_DERIVATIVES	-0.18387536447368427	6	2	4	-0.22837882490497097	4	1	3	0.008423814014044052	6.0	4.0	2.0	0.010367016859667021	4.0	4.0	0.0	1.0959602926040808	0.20567375886524822	0.5659460812953843	ENSMUSG00000021456;ENSMUSG00000067279;ENSMUSG00000032648;ENSMUSG00000060600;ENSMUSG00000033065;ENSMUSG00000027221;ENSMUSG00000033849;ENSMUSG00000041577;ENSMUSG00000053279;ENSMUSG00000034055;ENSMUSG00000003865;ENSMUSG00000025791			False	False	False	False
skin	R-MMU-73857_RNA_POLYMERASE_II_TRANSCRIPTION	-0.010280158590997642	6	2	4	0.0046223532877459755	4	2	2	-0.001534093859326632	6.0	2.0	4.0	-0.0052243288128023015	4.0	2.0	2.0	-1.7175967619792565	0.0	0.010338761137004705	ENSMUSG00000069267;ENSMUSG00000062727;ENSMUSG00000094777;ENSMUSG00000094338;ENSMUSG00000027985;ENSMUSG00000069303;ENSMUSG00000069300;ENSMUSG00000069310;ENSMUSG00000095217;ENSMUSG00000069274;ENSMUSG00000101972;ENSMUSG00000061615;ENSMUSG00000069265;ENSMUSG00000074403;ENSMUSG00000069266;ENSMUSG00000069301;ENSMUSG00000101355;ENSMUSG00000081058;ENSMUSG00000042808;ENSMUSG00000041431;ENSMUSG00000064220;ENSMUSG00000047281;ENSMUSG00000069305;ENSMUSG00000019942;ENSMUSG00000020897;ENSMUSG00000064288;ENSMUSG00000017146;ENSMUSG00000027715;ENSMUSG00000028680;ENSMUSG00000027469;ENSMUSG00000069308;ENSMUSG00000071478;ENSMUSG00000046179;ENSMUSG00000049932;ENSMUSG00000094248;ENSMUSG00000063954;ENSMUSG00000028212;ENSMUSG00000061991;ENSMUSG00000027496;ENSMUSG00000062175;ENSMUSG00000020185;ENSMUSG00000069309;ENSMUSG00000070803			False	False	True	True
skin	R-MMU-73884_BASE_EXCISION_REPAIR	-0.0030268154470902016	6	2	4	-0.0047132434097072705	4	1	3	-0.019873652619699315	6.0	2.0	4.0	-0.032931279212346995	4.0	1.0	3.0	-2.2059465535131104	0.0	0.0	ENSMUSG00000062727;ENSMUSG00000094777;ENSMUSG00000094338;ENSMUSG00000069303;ENSMUSG00000069300;ENSMUSG00000095217;ENSMUSG00000069274;ENSMUSG00000061615;ENSMUSG00000069266;ENSMUSG00000069301;ENSMUSG00000064220;ENSMUSG00000069305;ENSMUSG00000064288;ENSMUSG00000069308;ENSMUSG00000071478;ENSMUSG00000049932;ENSMUSG00000094248;ENSMUSG00000063954;ENSMUSG00000007080;ENSMUSG00000061991;ENSMUSG00000069309;ENSMUSG00000056394			False	False	True	True
skin	R-MMU-73886_CHROMOSOME_MAINTENANCE	-0.005679120399020468	6	1	5	-0.0061863579407529234	4	0	4	-0.020984556346325345	6.0	2.0	4.0	-0.033091226445480244	4.0	1.0	3.0	-2.2286760613729735	0.0	0.0	ENSMUSG00000062727;ENSMUSG00000094777;ENSMUSG00000094338;ENSMUSG00000069303;ENSMUSG00000069300;ENSMUSG00000095217;ENSMUSG00000069274;ENSMUSG00000061615;ENSMUSG00000069266;ENSMUSG00000069301;ENSMUSG00000064220;ENSMUSG00000069305;ENSMUSG00000064288;ENSMUSG00000027715;ENSMUSG00000047534;ENSMUSG00000069308;ENSMUSG00000071478;ENSMUSG00000049932;ENSMUSG00000094248;ENSMUSG00000063954;ENSMUSG00000061991;ENSMUSG00000029177;ENSMUSG00000069309;ENSMUSG00000056394			False	False	True	True
skin	R-MMU-73887_DEATH_RECEPTOR_SIGNALING	-0.0433458251249336	6	1	5	-0.048729760850279136	4	1	3	0.00497901035921353	6.0	4.0	2.0	0.004357330842192409	4.0	2.0	2.0	0.604173950017908	0.9635761589403974	1.0	ENSMUSG00000061462;ENSMUSG00000043415;ENSMUSG00000034116;ENSMUSG00000039621;ENSMUSG00000019850;ENSMUSG00000028059;ENSMUSG00000031442			False	False	False	False
skin	R-MMU-73894_DNA_REPAIR	-0.25708370219105087	6	3	3	-0.32043091843341975	4	1	3	-0.018105463020675422	6.0	3.0	3.0	-0.02811815760187333	4.0	1.0	3.0	-2.2386359170064947	0.0	0.0	ENSMUSG00000062727;ENSMUSG00000094777;ENSMUSG00000094338;ENSMUSG00000069303;ENSMUSG00000069300;ENSMUSG00000095217;ENSMUSG00000069274;ENSMUSG00000061615;ENSMUSG00000069266;ENSMUSG00000040204;ENSMUSG00000069301;ENSMUSG00000042489;ENSMUSG00000064220;ENSMUSG00000069305;ENSMUSG00000064288;ENSMUSG00000017146;ENSMUSG00000027715;ENSMUSG00000069308;ENSMUSG00000071478;ENSMUSG00000035455;ENSMUSG00000037474;ENSMUSG00000049932;ENSMUSG00000094248;ENSMUSG00000027323;ENSMUSG00000063954;ENSMUSG00000018362;ENSMUSG00000007080;ENSMUSG00000061991;ENSMUSG00000069309;ENSMUSG00000056394;ENSMUSG00000039994;ENSMUSG00000017897	DNA repair	context_sensitive	False	True	True	True
skin	R-MMU-73927_DEPURINATION	0.002419048737143143	6	3	3	0.006381480928915472	4	3	1	-0.01859950807482746	6.0	2.0	4.0	-0.032024837801497924	4.0	1.0	3.0	-2.201873342199291	0.0	0.0	ENSMUSG00000062727;ENSMUSG00000094777;ENSMUSG00000094338;ENSMUSG00000069303;ENSMUSG00000069300;ENSMUSG00000095217;ENSMUSG00000069274;ENSMUSG00000061615;ENSMUSG00000069266;ENSMUSG00000069301;ENSMUSG00000064220;ENSMUSG00000069305;ENSMUSG00000064288;ENSMUSG00000069308;ENSMUSG00000071478;ENSMUSG00000049932;ENSMUSG00000094248;ENSMUSG00000063954;ENSMUSG00000061991;ENSMUSG00000069309			False	False	False	False
skin	R-MMU-73929_BASE_EXCISION_REPAIR_AP_SITE_FORMATION	0.010255154780676942	6	4	2	0.012537558322587385	4	4	0	-0.01859950807482746	6.0	2.0	4.0	-0.032024837801497924	4.0	1.0	3.0	-2.201873342199291	0.0	0.0	ENSMUSG00000062727;ENSMUSG00000094777;ENSMUSG00000094338;ENSMUSG00000069303;ENSMUSG00000069300;ENSMUSG00000095217;ENSMUSG00000069274;ENSMUSG00000061615;ENSMUSG00000069266;ENSMUSG00000069301;ENSMUSG00000064220;ENSMUSG00000069305;ENSMUSG00000064288;ENSMUSG00000069308;ENSMUSG00000071478;ENSMUSG00000049932;ENSMUSG00000094248;ENSMUSG00000063954;ENSMUSG00000061991;ENSMUSG00000069309			False	False	False	False
skin	R-MMU-74160_GENE_EXPRESSION_TRANSCRIPTION	-0.052236354302675814	6	1	5	-0.05806528649820564	4	0	4	-0.001608167912071929	6.0	2.0	4.0	-0.005210315255255641	4.0	2.0	2.0	-1.7085992714455425	0.0	0.010949972878662983	ENSMUSG00000069267;ENSMUSG00000062727;ENSMUSG00000094777;ENSMUSG00000094338;ENSMUSG00000027985;ENSMUSG00000069303;ENSMUSG00000069300;ENSMUSG00000069310;ENSMUSG00000095217;ENSMUSG00000069274;ENSMUSG00000101972;ENSMUSG00000061615;ENSMUSG00000069265;ENSMUSG00000074403;ENSMUSG00000069266;ENSMUSG00000069301;ENSMUSG00000101355;ENSMUSG00000081058;ENSMUSG00000042808;ENSMUSG00000041431;ENSMUSG00000064220;ENSMUSG00000047281;ENSMUSG00000069305;ENSMUSG00000019942;ENSMUSG00000020897;ENSMUSG00000064288;ENSMUSG00000017146;ENSMUSG00000027715;ENSMUSG00000028680;ENSMUSG00000027469;ENSMUSG00000069308;ENSMUSG00000071478;ENSMUSG00000046179;ENSMUSG00000049932;ENSMUSG00000094248;ENSMUSG00000063954;ENSMUSG00000028212;ENSMUSG00000061991;ENSMUSG00000027496;ENSMUSG00000062175;ENSMUSG00000030680;ENSMUSG00000020185;ENSMUSG00000069309;ENSMUSG00000070803			False	False	True	True
skin	R-MMU-74752_SIGNALING_BY_INSULIN_RECEPTOR	-0.06148562146800459	6	1	5	-0.07556082017618619	4	1	3	0.006567733158313112	6.0	4.0	2.0	0.007030758846999084	4.0	4.0	0.0	-0.5596113065094599	0.9546827794561934	1.0	ENSMUSG00000029337			False	False	False	True
skin	R-MMU-75153_APOPTOTIC_EXECUTION_PHASE	0.0014247655666312319	6	3	3	0.006341196404871088	4	3	1	-0.010918989046950045	6.0	2.0	4.0	-0.016347087538393347	4.0	1.0	3.0	-1.2636337807672813	0.22056631892697467	0.2818239926665613	ENSMUSG00000058773;ENSMUSG00000042489;ENSMUSG00000024590;ENSMUSG00000054717;ENSMUSG00000024812;ENSMUSG00000031112;ENSMUSG00000054889;ENSMUSG00000044393;ENSMUSG00000026413;ENSMUSG00000096210;ENSMUSG00000056632;ENSMUSG00000069441			False	False	False	False
skin	R-MMU-76002_PLATELET_ACTIVATION_SIGNALING_AND_AGGREGATION	0.08628576867419824	6	3	3	0.16001944052392367	4	3	1	0.009008840545388799	6.0	4.0	2.0	0.013823257162670166	4.0	3.0	1.0	1.6445272408734715	0.0	0.09701074320054372	ENSMUSG00000052374;ENSMUSG00000002944;ENSMUSG00000048583;ENSMUSG00000020717;ENSMUSG00000009281;ENSMUSG00000030102;ENSMUSG00000032554;ENSMUSG00000023951;ENSMUSG00000033220;ENSMUSG00000054641;ENSMUSG00000062866;ENSMUSG00000032766;ENSMUSG00000028864;ENSMUSG00000027347;ENSMUSG00000020053;ENSMUSG00000033174;ENSMUSG00000034731;ENSMUSG00000031451;ENSMUSG00000042228;ENSMUSG00000018909;ENSMUSG00000026786;ENSMUSG00000025784;ENSMUSG00000034116;ENSMUSG00000001930;ENSMUSG00000026580;ENSMUSG00000058715;ENSMUSG00000061780;ENSMUSG00000022469;ENSMUSG00000024697;ENSMUSG00000031380;ENSMUSG00000041417;ENSMUSG00000021091;ENSMUSG00000043004;ENSMUSG00000045312;ENSMUSG00000027765;ENSMUSG00000049775;ENSMUSG00000057614;ENSMUSG00000020573;ENSMUSG00000020077;ENSMUSG00000021253;ENSMUSG00000033880;ENSMUSG00000039239;ENSMUSG00000023224;ENSMUSG00000020901;ENSMUSG00000039109;ENSMUSG00000029373;ENSMUSG00000020044;ENSMUSG00000020689;ENSMUSG00000037206;ENSMUSG00000033717;ENSMUSG00000030287;ENSMUSG00000029372			False	False	True	True
skin	R-MMU-76005_RESPONSE_TO_ELEVATED_PLATELET_CYTOSOLIC_CA2	0.002389813823631163	6	4	2	0.04049686827963861	4	2	2	0.007823766735800352	6.0	3.0	3.0	0.012684401540151706	4.0	3.0	1.0	1.4992195637903336	0.027932960893854747	0.1567062463021294	ENSMUSG00000052374;ENSMUSG00000002944;ENSMUSG00000048583;ENSMUSG00000020717;ENSMUSG00000009281;ENSMUSG00000032554;ENSMUSG00000023951;ENSMUSG00000054641;ENSMUSG00000062866;ENSMUSG00000028864;ENSMUSG00000020053;ENSMUSG00000031451;ENSMUSG00000025784;ENSMUSG00000001930;ENSMUSG00000026580;ENSMUSG00000061780;ENSMUSG00000031380;ENSMUSG00000021091;ENSMUSG00000045312;ENSMUSG00000049775;ENSMUSG00000020077;ENSMUSG00000021253;ENSMUSG00000033880;ENSMUSG00000039239;ENSMUSG00000023224;ENSMUSG00000039109;ENSMUSG00000029373;ENSMUSG00000020044;ENSMUSG00000020689;ENSMUSG00000037206			False	False	True	True
skin	R-MMU-774815_NUCLEOSOME_ASSEMBLY	0.0012179025179248626	6	3	3	0.005582603690479465	4	3	1	-0.020054219406698853	6.0	2.0	4.0	-0.03309298844769518	4.0	1.0	3.0	-2.2503709997764423	0.0	0.0	ENSMUSG00000062727;ENSMUSG00000094777;ENSMUSG00000094338;ENSMUSG00000069303;ENSMUSG00000069300;ENSMUSG00000095217;ENSMUSG00000069274;ENSMUSG00000061615;ENSMUSG00000069266;ENSMUSG00000069301;ENSMUSG00000064220;ENSMUSG00000069305;ENSMUSG00000064288;ENSMUSG00000047534;ENSMUSG00000069308;ENSMUSG00000071478;ENSMUSG00000049932;ENSMUSG00000094248;ENSMUSG00000063954;ENSMUSG00000061991;ENSMUSG00000029177;ENSMUSG00000069309			False	False	False	False
skin	R-MMU-8848021_SIGNALING_BY_PTK6	0.005569528128226207	6	4	2	0.01536658376777492	4	3	1	-0.009444150266692495	6.0	1.0	5.0	-0.013300237885571407	4.0	1.0	3.0	-1.2618910670842491	0.20382165605095542	0.2797443530616556	ENSMUSG00000029816;ENSMUSG00000062991;ENSMUSG00000029377;ENSMUSG00000070348;ENSMUSG00000024486			False	False	False	False
skin	R-MMU-8856688_GOLGI_TO_ER_RETROGRADE_TRANSPORT	-0.007578664710555291	6	1	5	-0.00885694330563723	4	1	3	-0.02763898091100675	6.0	2.0	4.0	-0.037577170728416875	4.0	1.0	3.0	-2.142992521790357	0.0	0.0	ENSMUSG00000062380;ENSMUSG00000045328;ENSMUSG00000028678;ENSMUSG00000021294;ENSMUSG00000036768;ENSMUSG00000051378;ENSMUSG00000003779;ENSMUSG00000012443;ENSMUSG00000030677;ENSMUSG00000079553;ENSMUSG00000034311;ENSMUSG00000032254;ENSMUSG00000024795;ENSMUSG00000023015;ENSMUSG00000001473;ENSMUSG00000026494;ENSMUSG00000058672;ENSMUSG00000043091			False	False	True	True
skin	R-MMU-8856825_CARGO_RECOGNITION_FOR_CLATHRIN_MEDIATED_ENDOCYTOSIS	-0.032613494850256976	6	2	4	-0.0354262178928097	4	1	3	-0.002409765263452223	6.0	1.0	5.0	-0.0011699765424315828	4.0	1.0	3.0	-0.6994733355556331	0.8512747875354107	0.9879348582810328	ENSMUSG00000027070;ENSMUSG00000021994;ENSMUSG00000029999;ENSMUSG00000029377;ENSMUSG00000035020;ENSMUSG00000029378;ENSMUSG00000033419;ENSMUSG00000024486			False	False	True	True
skin	R-MMU-8856828_CLATHRIN_MEDIATED_ENDOCYTOSIS	0.19187863212884104	6	4	2	0.20156733885872874	4	3	1	0.0009545935875490743	6.0	2.0	4.0	0.0024878939632500324	4.0	1.0	3.0	-0.5858991028814768	0.9571230982019364	1.0	ENSMUSG00000027070;ENSMUSG00000021994;ENSMUSG00000029999;ENSMUSG00000029377;ENSMUSG00000035020;ENSMUSG00000029378;ENSMUSG00000033419;ENSMUSG00000024486			False	False	True	False
skin	R-MMU-8875878_MET_PROMOTES_CELL_MOTILITY	0.11755525561227183	6	5	1	0.14719646691373606	4	3	1	-0.0011506960455448523	6.0	3.0	3.0	0.0020688490438537654	4.0	3.0	1.0	-0.9194095976054071	0.5752608047690015	0.7772287787726522	ENSMUSG00000027966;ENSMUSG00000026043;ENSMUSG00000022483;ENSMUSG00000026837;ENSMUSG00000026193;ENSMUSG00000001507;ENSMUSG00000026042			False	False	False	False
skin	R-MMU-8878171_TRANSCRIPTIONAL_REGULATION_BY_RUNX1	-0.0467606021361864	6	1	5	-0.06540052208496142	4	0	4	-0.0038239082980382733	6.0	2.0	4.0	-0.009135057567791677	4.0	1.0	3.0	-2.2977192167816667	0.0	0.0	ENSMUSG00000069267;ENSMUSG00000062727;ENSMUSG00000094777;ENSMUSG00000094338;ENSMUSG00000069303;ENSMUSG00000069300;ENSMUSG00000069310;ENSMUSG00000095217;ENSMUSG00000069274;ENSMUSG00000101972;ENSMUSG00000061615;ENSMUSG00000069265;ENSMUSG00000074403;ENSMUSG00000069266;ENSMUSG00000069301;ENSMUSG00000101355;ENSMUSG00000081058;ENSMUSG00000064220;ENSMUSG00000069305;ENSMUSG00000064288;ENSMUSG00000069308;ENSMUSG00000071478;ENSMUSG00000049932;ENSMUSG00000094248;ENSMUSG00000063954;ENSMUSG00000061991;ENSMUSG00000069309;ENSMUSG00000070348			False	False	True	True
skin	R-MMU-8936459_RUNX1_REGULATES_GENES_INVOLVED_IN_MEGAKARYOCYTE_DIFFERENTIATION_AND_PLATELET_FUNCTION	-0.11948899778410416	6	3	3	-0.17352115495759562	4	1	3	-0.013848551132915866	6.0	2.0	4.0	-0.024832555393483877	4.0	1.0	3.0	-2.3592681108796456	0.0	0.0	ENSMUSG00000069267;ENSMUSG00000062727;ENSMUSG00000094777;ENSMUSG00000094338;ENSMUSG00000069303;ENSMUSG00000069300;ENSMUSG00000069310;ENSMUSG00000095217;ENSMUSG00000069274;ENSMUSG00000101972;ENSMUSG00000061615;ENSMUSG00000069265;ENSMUSG00000074403;ENSMUSG00000069266;ENSMUSG00000069301;ENSMUSG00000101355;ENSMUSG00000081058;ENSMUSG00000064220;ENSMUSG00000069305;ENSMUSG00000064288;ENSMUSG00000069308;ENSMUSG00000071478;ENSMUSG00000049932;ENSMUSG00000094248;ENSMUSG00000063954;ENSMUSG00000061991;ENSMUSG00000069309			False	False	True	True
skin	R-MMU-8939211_ESR_MEDIATED_SIGNALING	-0.08160258316903421	6	3	3	-0.09992841447433413	4	1	3	-0.0030453151780772125	6.0	2.0	4.0	-0.004973438584434116	4.0	1.0	3.0	-1.7353082933737547	0.0012953367875647669	0.008848327204018343	ENSMUSG00000069267;ENSMUSG00000062727;ENSMUSG00000094338;ENSMUSG00000069303;ENSMUSG00000069300;ENSMUSG00000069310;ENSMUSG00000095217;ENSMUSG00000069274;ENSMUSG00000101972;ENSMUSG00000069265;ENSMUSG00000074403;ENSMUSG00000069266;ENSMUSG00000101355;ENSMUSG00000081058;ENSMUSG00000069305;ENSMUSG00000064288;ENSMUSG00000069308;ENSMUSG00000028698;ENSMUSG00000029999;ENSMUSG00000029377			False	False	True	True
skin	R-MMU-8948216_COLLAGEN_CHAIN_TRIMERIZATION	-0.024098549098883686	6	3	3	0.014828442506977568	4	2	2	-0.01195453922573928	6.0	2.0	4.0	-0.008351960794142632	4.0	2.0	2.0	-1.091758544576472	0.35537190082644626	0.5299624663232418	ENSMUSG00000027966;ENSMUSG00000032332;ENSMUSG00000026043;ENSMUSG00000001435;ENSMUSG00000040690;ENSMUSG00000022371;ENSMUSG00000022483;ENSMUSG00000026837;ENSMUSG00000048126;ENSMUSG00000026042			False	False	True	True
skin	R-MMU-8951664_NEDDYLATION	-0.16926635682349808	6	1	5	-0.1827624758413077	4	1	3	0.020176304874023176	6.0	4.0	2.0	0.019991353348933955	4.0	3.0	1.0	1.4410643852913523	0.09041095890410959	0.19859569318086973	ENSMUSG00000075307;ENSMUSG00000047746;ENSMUSG00000020027;ENSMUSG00000022358;ENSMUSG00000036782;ENSMUSG00000024140;ENSMUSG00000032578			False	False	False	False
skin	R-MMU-8953854_METABOLISM_OF_RNA	-0.15991661216244454	6	1	5	-0.16795911140301029	4	1	3	0.011960403949153502	6.0	3.0	3.0	0.007678438236650396	4.0	2.0	2.0	1.5996863271839956	0.023391812865497075	0.10893221626883258	ENSMUSG00000040694;ENSMUSG00000002500;ENSMUSG00000009585			False	False	False	False
skin	R-MMU-8953897_CELLULAR_RESPONSES_TO_STIMULI	-0.06431345134281392	6	2	4	-0.09659099820740269	4	1	3	0.005437505330092982	6.0	3.0	3.0	0.0027404524728214946	4.0	2.0	2.0	-1.3306888801524648	0.059957173447537475	0.21024392683779755	ENSMUSG00000062380;ENSMUSG00000062727;ENSMUSG00000094777;ENSMUSG00000094338;ENSMUSG00000069303;ENSMUSG00000069300;ENSMUSG00000095217;ENSMUSG00000069274;ENSMUSG00000061615;ENSMUSG00000058773;ENSMUSG00000069266;ENSMUSG00000069301;ENSMUSG00000042808;ENSMUSG00000064220;ENSMUSG00000069305;ENSMUSG00000064288;ENSMUSG00000027715;ENSMUSG00000069308;ENSMUSG00000071478;ENSMUSG00000109061;ENSMUSG00000024590;ENSMUSG00000049932;ENSMUSG00000094248;ENSMUSG00000001403;ENSMUSG00000059970;ENSMUSG00000001473;ENSMUSG00000063954;ENSMUSG00000028212;ENSMUSG00000058672;ENSMUSG00000061991;ENSMUSG00000021831;ENSMUSG00000069309;ENSMUSG00000028238;ENSMUSG00000043091			False	False	False	True
skin	R-MMU-8957275_POST_TRANSLATIONAL_PROTEIN_PHOSPHORYLATION	0.09257564227184119	6	4	2	0.1183172306804891	4	3	1	0.006027310077792028	6.0	3.0	3.0	0.009949036951951772	4.0	3.0	1.0	1.2041146311321462	0.16842105263157894	0.42820370348289555	ENSMUSG00000038239;ENSMUSG00000031283;ENSMUSG00000020303;ENSMUSG00000003617;ENSMUSG00000020427;ENSMUSG00000025509;ENSMUSG00000032554;ENSMUSG00000029304;ENSMUSG00000024164;ENSMUSG00000024304;ENSMUSG00000068246;ENSMUSG00000028195;ENSMUSG00000029309;ENSMUSG00000031451;ENSMUSG00000014599;ENSMUSG00000063011;ENSMUSG00000057346			False	False	True	True
skin	R-MMU-8957322_METABOLISM_OF_STEROIDS	0.22042618261656002	6	5	1	0.2859468586243352	4	3	1	-0.0024548887998436728	6.0	3.0	3.0	-0.0034506481205437995	4.0	2.0	2.0	-0.7402632640075325	0.8317107093184979	0.9684484046976661	ENSMUSG00000003555;ENSMUSG00000027869;ENSMUSG00000031891;ENSMUSG00000021751;ENSMUSG00000022479;ENSMUSG00000022351;ENSMUSG00000024378;ENSMUSG00000026675;ENSMUSG00000034926;ENSMUSG00000059743;ENSMUSG00000021214;ENSMUSG00000031604;ENSMUSG00000001467;ENSMUSG00000021670			False	False	False	False
skin	R-MMU-8978868_FATTY_ACID_METABOLISM	-0.14022416288348175	6	1	5	-0.16303422628229336	4	0	4	0.0023160220177377545	6.0	3.0	3.0	0.0025162077049326794	4.0	2.0	2.0	-0.7316219838994796	0.8699386503067484	0.9583261190467351	ENSMUSG00000006345;ENSMUSG00000020891;ENSMUSG00000042808;ENSMUSG00000015090;ENSMUSG00000024665;ENSMUSG00000041220;ENSMUSG00000021751;ENSMUSG00000028937;ENSMUSG00000032487;ENSMUSG00000072949;ENSMUSG00000021696;ENSMUSG00000032883;ENSMUSG00000032807			False	False	False	True
skin	R-MMU-8980692_RHOA_GTPASE_CYCLE	-0.06486006086395087	6	2	4	-0.08316753180223947	4	0	4	0.00036176020803376413	6.0	3.0	3.0	0.0007694460048657641	4.0	2.0	2.0	0.6572565343289677	0.9601990049751243	1.0	ENSMUSG00000061462;ENSMUSG00000068614;ENSMUSG00000048960;ENSMUSG00000007655;ENSMUSG00000031523;ENSMUSG00000037709;ENSMUSG00000032135;ENSMUSG00000020143;ENSMUSG00000034116;ENSMUSG00000033389;ENSMUSG00000053199;ENSMUSG00000039621;ENSMUSG00000035697;ENSMUSG00000041417;ENSMUSG00000028059;ENSMUSG00000031216;ENSMUSG00000031442;ENSMUSG00000022799			False	False	False	False
skin	R-MMU-9006925_INTRACELLULAR_SIGNALING_BY_SECOND_MESSENGERS	-0.25677680213388293	6	2	4	-0.3038178056793597	4	1	3	0.0126285502064606	6.0	5.0	1.0	0.014189862618676507	4.0	3.0	1.0	1.185841112700948	0.15104166666666666	0.45495564054851556	ENSMUSG00000056900;ENSMUSG00000028278;ENSMUSG00000022840;ENSMUSG00000020431;ENSMUSG00000024810;ENSMUSG00000026069;ENSMUSG00000021536;ENSMUSG00000036585;ENSMUSG00000019768;ENSMUSG00000033220;ENSMUSG00000048960;ENSMUSG00000002997;ENSMUSG00000028864;ENSMUSG00000019699;ENSMUSG00000032715;ENSMUSG00000055254;ENSMUSG00000034116;ENSMUSG00000059173;ENSMUSG00000023034;ENSMUSG00000024620;ENSMUSG00000009376;ENSMUSG00000041417			False	False	False	False
skin	R-MMU-9006931_SIGNALING_BY_NUCLEAR_RECEPTORS	0.06491133490266704	6	5	1	0.08128529388240964	4	3	1	0.0011519229463534547	6.0	3.0	3.0	-0.0005017879111420187	4.0	2.0	2.0	-1.584948834588844	0.007398273736128237	0.039379327134577355	ENSMUSG00000069267;ENSMUSG00000062727;ENSMUSG00000094338;ENSMUSG00000069303;ENSMUSG00000069300;ENSMUSG00000069310;ENSMUSG00000095217;ENSMUSG00000069274;ENSMUSG00000101972;ENSMUSG00000069265;ENSMUSG00000074403;ENSMUSG00000027068;ENSMUSG00000069266;ENSMUSG00000101355;ENSMUSG00000081058;ENSMUSG00000015134;ENSMUSG00000069305;ENSMUSG00000064288;ENSMUSG00000069308;ENSMUSG00000027533;ENSMUSG00000028698;ENSMUSG00000029999			False	False	True	False
skin	R-MMU-9006934_SIGNALING_BY_RECEPTOR_TYROSINE_KINASES	0.06745318827152	6	3	3	0.10913980667836587	4	3	1	0.0017875716208469311	6.0	4.0	2.0	0.003548163096073446	4.0	3.0	1.0	-0.3948093166057295	1.0	0.9985008520798008	ENSMUSG00000027966;ENSMUSG00000029337;ENSMUSG00000062991;ENSMUSG00000026043;ENSMUSG00000027315;ENSMUSG00000028698;ENSMUSG00000029999;ENSMUSG00000051379;ENSMUSG00000029377;ENSMUSG00000051225;ENSMUSG00000004864;ENSMUSG00000028238;ENSMUSG00000035020;ENSMUSG00000029378;ENSMUSG00000021702;ENSMUSG00000019960;ENSMUSG00000024486;ENSMUSG00000001552;ENSMUSG00000037868;ENSMUSG00000022483;ENSMUSG00000025969;ENSMUSG00000025402;ENSMUSG00000054252;ENSMUSG00000026837;ENSMUSG00000027508;ENSMUSG00000033295;ENSMUSG00000026193;ENSMUSG00000001507;ENSMUSG00000048126;ENSMUSG00000030530;ENSMUSG00000019889;ENSMUSG00000028909;ENSMUSG00000026042;ENSMUSG00000020340;ENSMUSG00000030029;ENSMUSG00000019312;ENSMUSG00000020566;ENSMUSG00000027654;ENSMUSG00000032358			False	False	True	False
skin	R-MMU-9006936_SIGNALING_BY_TGFB_FAMILY_MEMBERS	0.07385953283372763	6	4	2	0.10756097456889953	4	3	1	0.006406040276903409	6.0	5.0	1.0	0.006867749980224188	4.0	4.0	0.0	0.4800928444494915	1.0	1.0	ENSMUSG00000031283;ENSMUSG00000002020;ENSMUSG00000050069;ENSMUSG00000032440;ENSMUSG00000029287;ENSMUSG00000018909;ENSMUSG00000026768;ENSMUSG00000021765;ENSMUSG00000032402;ENSMUSG00000000530;ENSMUSG00000021253;ENSMUSG00000039239;ENSMUSG00000001870;ENSMUSG00000027358;ENSMUSG00000020689			False	False	True	True
skin	R-MMU-9009391_EXTRA_NUCLEAR_ESTROGEN_SIGNALING	0.004750428657965	6	4	2	0.005036108182216441	4	4	0	-0.002512889707564423	6.0	3.0	3.0	0.00024770464489530866	4.0	2.0	2.0	-0.4549367608299025	0.9942196531791907	1.0	ENSMUSG00000028698;ENSMUSG00000029999;ENSMUSG00000029377;ENSMUSG00000035020;ENSMUSG00000029378;ENSMUSG00000024486			False	False	False	False
skin	R-MMU-9012999_RHO_GTPASE_CYCLE	-0.22225033753159226	6	2	4	-0.27428562859120154	4	1	3	0.0005220230464468867	6.0	3.0	3.0	0.0004998870907449212	4.0	2.0	2.0	-0.45016636899908863	1.0	1.0	ENSMUSG00000050953;ENSMUSG00000041498;ENSMUSG00000028068;ENSMUSG00000024590;ENSMUSG00000023015;ENSMUSG00000027699;ENSMUSG00000028919;ENSMUSG00000028698;ENSMUSG00000040624;ENSMUSG00000006445;ENSMUSG00000022021;ENSMUSG00000036777;ENSMUSG00000024812;ENSMUSG00000025555;ENSMUSG00000041219;ENSMUSG00000027276;ENSMUSG00000001552;ENSMUSG00000054889;ENSMUSG00000023800;ENSMUSG00000001270;ENSMUSG00000044393;ENSMUSG00000061751;ENSMUSG00000033577;ENSMUSG00000022797;ENSMUSG00000027500;ENSMUSG00000034226;ENSMUSG00000034573;ENSMUSG00000020340;ENSMUSG00000045763;ENSMUSG00000019312;ENSMUSG00000069441;ENSMUSG00000032358;ENSMUSG00000020121;ENSMUSG00000057315;ENSMUSG00000029108;ENSMUSG00000117621			False	False	False	True
skin	R-MMU-9013026_RHOB_GTPASE_CYCLE	0.0010869347617092167	6	4	2	-0.009384068177511938	4	2	2	-0.00433727843075736	6.0	1.0	5.0	-0.003849410287518163	4.0	1.0	3.0	-0.7361943242271699	0.8064066852367688	0.9577783303171902	ENSMUSG00000028068;ENSMUSG00000023015;ENSMUSG00000027699;ENSMUSG00000022021;ENSMUSG00000036777;ENSMUSG00000024812			False	False	False	False
skin	R-MMU-9013106_RHOC_GTPASE_CYCLE	-0.0022692494910589232	6	2	4	-0.0033882300809330817	4	1	3	-0.0039814506004698285	6.0	1.0	5.0	-0.004589016977776115	4.0	1.0	3.0	-0.7400667263813994	0.7835820895522388	0.9632886164329032	ENSMUSG00000028068;ENSMUSG00000023015;ENSMUSG00000022021;ENSMUSG00000036777;ENSMUSG00000024812			False	False	True	True
skin	R-MMU-9013148_CDC42_GTPASE_CYCLE	-0.004994361125510146	6	2	4	-0.005735882959287947	4	0	4	0.000687361113416253	6.0	4.0	2.0	0.0027282890884366123	4.0	2.0	2.0	0.670342204734156	0.9425287356321839	1.0	ENSMUSG00000048960;ENSMUSG00000007655;ENSMUSG00000031523;ENSMUSG00000038608;ENSMUSG00000033389;ENSMUSG00000053199;ENSMUSG00000039621;ENSMUSG00000035697;ENSMUSG00000041417;ENSMUSG00000031216;ENSMUSG00000031442;ENSMUSG00000022799			False	False	False	False
skin	R-MMU-9013149_RAC1_GTPASE_CYCLE	0.010042809324561438	6	3	3	0.04476282395211993	4	2	2	0.0015765626556710395	6.0	4.0	2.0	0.0024736285833336803	4.0	3.0	1.0	0.746215778971736	0.9368932038834952	1.0	ENSMUSG00000034037;ENSMUSG00000048960;ENSMUSG00000007655;ENSMUSG00000037712;ENSMUSG00000031523;ENSMUSG00000038608;ENSMUSG00000037709;ENSMUSG00000001918;ENSMUSG00000055805;ENSMUSG00000032135;ENSMUSG00000021676;ENSMUSG00000020143;ENSMUSG00000034116;ENSMUSG00000033389;ENSMUSG00000053199;ENSMUSG00000039621;ENSMUSG00000022488;ENSMUSG00000035697;ENSMUSG00000041417;ENSMUSG00000015340;ENSMUSG00000031442;ENSMUSG00000022799;ENSMUSG00000049521			False	False	True	True
skin	R-MMU-9013406_RHOQ_GTPASE_CYCLE	0.03442953416894381	6	3	3	0.04303176502904703	4	3	1	0.00565305798552899	6.0	5.0	1.0	0.005364421135259763	4.0	4.0	0.0	0.8637227375887025	0.6594427244582043	1.0	ENSMUSG00000061462;ENSMUSG00000007655;ENSMUSG00000031523;ENSMUSG00000024143;ENSMUSG00000001918			False	False	True	True
skin	R-MMU-9013408_RHOG_GTPASE_CYCLE	-0.01518461503719653	6	1	5	-0.018952056221830153	4	1	3	0.0020407896120118313	6.0	2.0	4.0	0.0006087279629297063	4.0	2.0	2.0	0.7108999504171686	0.8857142857142857	1.0	ENSMUSG00000007655;ENSMUSG00000032135;ENSMUSG00000021676;ENSMUSG00000020143;ENSMUSG00000034116;ENSMUSG00000039621;ENSMUSG00000041417;ENSMUSG00000031442;ENSMUSG00000049521			False	False	False	False
skin	R-MMU-9013423_RAC3_GTPASE_CYCLE	-0.0005041554514449686	6	3	3	-0.0003217673924514169	4	2	2	0.003478007531131822	6.0	5.0	1.0	0.004069283727102463	4.0	4.0	0.0	0.6694401792315885	0.8957055214723927	1.0	ENSMUSG00000007655;ENSMUSG00000037712;ENSMUSG00000038608;ENSMUSG00000001918;ENSMUSG00000032135;ENSMUSG00000039621;ENSMUSG00000022488;ENSMUSG00000041417;ENSMUSG00000015340;ENSMUSG00000049521			False	False	False	False
skin	R-MMU-9018519_ESTROGEN_DEPENDENT_GENE_EXPRESSION	-0.004355065802623604	6	2	4	-0.003529295427300306	4	1	3	-0.007640290416181761	6.0	3.0	3.0	-0.017470363464369913	4.0	1.0	3.0	-2.129224113945668	0.0	0.0	ENSMUSG00000069267;ENSMUSG00000062727;ENSMUSG00000094338;ENSMUSG00000069303;ENSMUSG00000069300;ENSMUSG00000069310;ENSMUSG00000095217;ENSMUSG00000069274;ENSMUSG00000101972;ENSMUSG00000069265;ENSMUSG00000074403;ENSMUSG00000069266;ENSMUSG00000101355;ENSMUSG00000081058;ENSMUSG00000069305;ENSMUSG00000064288;ENSMUSG00000069308			False	False	True	True
skin	R-MMU-913531_INTERFERON_SIGNALING	0.12831890263893111	6	5	1	0.17255283392051782	4	4	0	0.0016851165413192127	6.0	3.0	3.0	-6.419955972105078e-05	4.0	2.0	2.0	-0.6215032638906287	0.9400544959128065	1.0	ENSMUSG00000062380;ENSMUSG00000019942;ENSMUSG00000059970;ENSMUSG00000001473;ENSMUSG00000058672;ENSMUSG00000043091			False	False	True	False
skin	R-MMU-913709_O_LINKED_GLYCOSYLATION_OF_MUCINS	-0.18367991983152132	6	2	4	-0.23962862600649917	4	1	3	0.005650206297758556	6.0	4.0	2.0	0.005374349003619218	4.0	3.0	1.0	-0.6505959192657231	0.8718354430379747	1.0	ENSMUSG00000037280;ENSMUSG00000024064;ENSMUSG00000022686;ENSMUSG00000038843;ENSMUSG00000051650			False	False	False	True
skin	R-MMU-917937_IRON_UPTAKE_AND_TRANSPORT	-0.1141558456792043	6	2	4	-0.1152112854626196	4	1	3	-0.006561531211517935	6.0	2.0	4.0	-0.00687419414721672	4.0	0.0	4.0	-0.7731446900007769	0.7586726998491704	0.9282982502991383	ENSMUSG00000027015;ENSMUSG00000025993			False	False	True	True
skin	R-MMU-936837_ION_TRANSPORT_BY_P_TYPE_ATPASES	0.07483590743276317	6	4	2	0.09132159999310308	4	3	1	0.007363188677430399	6.0	2.0	4.0	0.0026347776244149777	4.0	1.0	3.0	1.1851055503315924	0.2441860465116279	0.4475190113283761	ENSMUSG00000030730;ENSMUSG00000041329;ENSMUSG00000007097;ENSMUSG00000040907;ENSMUSG00000020788;ENSMUSG00000024617;ENSMUSG00000066705;ENSMUSG00000036570			False	False	True	True
skin	R-MMU-948021_TRANSPORT_TO_THE_GOLGI_AND_SUBSEQUENT_MODIFICATION	-0.1532016004826865	6	2	4	-0.18761539422257772	4	1	3	-0.004252137413782238	6.0	2.0	4.0	-0.009320021389960829	4.0	1.0	3.0	-1.055386199715688	0.4177583697234352	0.5869073347200096	ENSMUSG00000062380;ENSMUSG00000001473;ENSMUSG00000029999;ENSMUSG00000058672;ENSMUSG00000043091;ENSMUSG00000003418;ENSMUSG00000030560;ENSMUSG00000029378;ENSMUSG00000045136;ENSMUSG00000026579			False	False	True	True
skin	R-MMU-9612973_AUTOPHAGY	-0.07213781373157001	6	1	5	-0.09393195825518333	4	0	4	-0.0027139964880575026	6.0	2.0	4.0	-0.008166321535643346	4.0	1.0	3.0	-1.0173027081698156	0.4501557632398754	0.6394902547359003	ENSMUSG00000062380;ENSMUSG00000038295;ENSMUSG00000001473;ENSMUSG00000058672;ENSMUSG00000043091;ENSMUSG00000045136			False	False	True	True
skin	R-MMU-9648025_EML4_AND_NUDC_IN_MITOTIC_SPINDLE_FORMATION	0.006113929723692187	6	5	1	0.006954319874048381	4	4	0	-0.02996103203183333	6.0	2.0	4.0	-0.04126227900619975	4.0	1.0	3.0	-2.223104307923645	0.0	0.0	ENSMUSG00000062380;ENSMUSG00000045328;ENSMUSG00000028678;ENSMUSG00000027379;ENSMUSG00000006398;ENSMUSG00000023940;ENSMUSG00000026605;ENSMUSG00000020897;ENSMUSG00000030867;ENSMUSG00000029414;ENSMUSG00000028873;ENSMUSG00000024056;ENSMUSG00000040084;ENSMUSG00000005233;ENSMUSG00000026683;ENSMUSG00000001473;ENSMUSG00000026039;ENSMUSG00000058672;ENSMUSG00000024660;ENSMUSG00000029910;ENSMUSG00000029177;ENSMUSG00000043091			False	False	False	False
skin	R-MMU-9670095_INHIBITION_OF_DNA_RECOMBINATION_AT_TELOMERE	0.003882920374120965	6	3	3	0.00647271162887084	4	3	1	-0.01859950807482746	6.0	2.0	4.0	-0.032024837801497924	4.0	1.0	3.0	-2.201873342199291	0.0	0.0	ENSMUSG00000062727;ENSMUSG00000094777;ENSMUSG00000094338;ENSMUSG00000069303;ENSMUSG00000069300;ENSMUSG00000095217;ENSMUSG00000069274;ENSMUSG00000061615;ENSMUSG00000069266;ENSMUSG00000069301;ENSMUSG00000064220;ENSMUSG00000069305;ENSMUSG00000064288;ENSMUSG00000069308;ENSMUSG00000071478;ENSMUSG00000049932;ENSMUSG00000094248;ENSMUSG00000063954;ENSMUSG00000061991;ENSMUSG00000069309			False	False	False	False
skin	R-MMU-9675108_NERVOUS_SYSTEM_DEVELOPMENT	-0.2525274931607178	6	1	5	-0.30588512959031905	4	1	3	0.0008396155714101664	6.0	3.0	3.0	0.0006211452578810464	4.0	3.0	1.0	-0.6123331907431873	0.9737742303306728	1.0	ENSMUSG00000062380;ENSMUSG00000032537;ENSMUSG00000026043;ENSMUSG00000034311;ENSMUSG00000001473;ENSMUSG00000028698;ENSMUSG00000005958;ENSMUSG00000058672;ENSMUSG00000006445;ENSMUSG00000030110;ENSMUSG00000029859;ENSMUSG00000043091;ENSMUSG00000026235;ENSMUSG00000045136;ENSMUSG00000020019;ENSMUSG00000022483;ENSMUSG00000053646;ENSMUSG00000061751;ENSMUSG00000026837;ENSMUSG00000026640;ENSMUSG00000031217;ENSMUSG00000021262;ENSMUSG00000038264;ENSMUSG00000048126;ENSMUSG00000026042;ENSMUSG00000019312;ENSMUSG00000026202;ENSMUSG00000029869;ENSMUSG00000022995;ENSMUSG00000047261;ENSMUSG00000028039			False	False	False	True
skin	R-MMU-9696273_RND1_GTPASE_CYCLE	0.0013130768837386591	6	4	2	0.0026139109597809683	4	3	1	-0.005871324389784517	6.0	2.0	4.0	-0.007865334778592293	4.0	1.0	3.0	-0.7866115959739757	0.7201834862385321	0.9125254857087832	ENSMUSG00000041498;ENSMUSG00000006445;ENSMUSG00000054889;ENSMUSG00000022797;ENSMUSG00000027500;ENSMUSG00000034573;ENSMUSG00000019312;ENSMUSG00000032358			False	False	False	False
skin	R-MMU-9709957_SENSORY_PERCEPTION	0.11451798292707789	6	4	2	0.15060475206738444	4	3	1	-0.0043923914456702046	6.0	3.0	3.0	-0.007345544052916092	4.0	1.0	3.0	-1.3341453144128588	0.1426553672316384	0.20981287408036808	ENSMUSG00000032327;ENSMUSG00000027070;ENSMUSG00000028003;ENSMUSG00000027068;ENSMUSG00000032454;ENSMUSG00000028613;ENSMUSG00000029134;ENSMUSG00000046402			False	False	False	False
skin	R-MMU-9711123_CELLULAR_RESPONSE_TO_CHEMICAL_STRESS	0.16549490491405297	6	5	1	0.18650149240264507	4	3	1	0.013463934599348073	6.0	5.0	1.0	0.015094019723059056	4.0	3.0	1.0	1.4764187799594781	0.05	0.172988183671766	ENSMUSG00000030785;ENSMUSG00000028518;ENSMUSG00000064358;ENSMUSG00000018339;ENSMUSG00000064354;ENSMUSG00000072941;ENSMUSG00000064351;ENSMUSG00000019699;ENSMUSG00000030562			False	False	True	True
skin	R-MMU-9716542_SIGNALING_BY_RHO_GTPASES_MIRO_GTPASES_AND_RHOBTB3	0.0034961383268918476	6	4	2	0.01601744425927712	4	2	2	-0.0034011477629798553	6.0	2.0	4.0	-0.005557803564539308	4.0	1.0	3.0	-1.210949033084358	0.14994720168954592	0.34050876311880046	ENSMUSG00000062380;ENSMUSG00000050953;ENSMUSG00000045328;ENSMUSG00000028678;ENSMUSG00000027379;ENSMUSG00000006398;ENSMUSG00000023940;ENSMUSG00000026605;ENSMUSG00000047281;ENSMUSG00000041498;ENSMUSG00000020897;ENSMUSG00000030867;ENSMUSG00000029414;ENSMUSG00000028873;ENSMUSG00000056054;ENSMUSG00000024056;ENSMUSG00000040084;ENSMUSG00000028068;ENSMUSG00000024590;ENSMUSG00000005233;ENSMUSG00000026683;ENSMUSG00000023015;ENSMUSG00000027699;ENSMUSG00000001473;ENSMUSG00000028919;ENSMUSG00000028698;ENSMUSG00000040624;ENSMUSG00000026039;ENSMUSG00000058672;ENSMUSG00000006445;ENSMUSG00000024660;ENSMUSG00000029910;ENSMUSG00000022021;ENSMUSG00000038943;ENSMUSG00000029177;ENSMUSG00000036777;ENSMUSG00000024812;ENSMUSG00000043091;ENSMUSG00000056071			False	False	False	False
skin	R-MMU-9730414_MITF_M_REGULATED_MELANOCYTE_DEVELOPMENT	-0.05528851273361246	6	2	4	-0.06785485192188331	4	0	4	-0.0009726491178130703	6.0	2.0	4.0	-0.00493060132673444	4.0	2.0	2.0	-0.8050367653438921	0.7114803625377644	0.9052643900768387	ENSMUSG00000027985;ENSMUSG00000030616			False	False	True	True
skin	R-MMU-9748784_DRUG_ADME	0.1002587667279816	6	5	1	0.1270123328091441	4	4	0	0.012595140803871786	6.0	4.0	2.0	0.017267364720703407	4.0	4.0	0.0	1.111450585784209	0.3020408163265306	0.5489159148948067	ENSMUSG00000016194;ENSMUSG00000033715;ENSMUSG00000061740;ENSMUSG00000040584;ENSMUSG00000027792;ENSMUSG00000030711;ENSMUSG00000056973;ENSMUSG00000030737;ENSMUSG00000025934			False	False	True	True
skin	R-MMU-9749641_ASPIRIN_ADME	-0.09222589467534988	6	3	3	-0.12968189845241884	4	1	3	0.010910517960524497	6.0	4.0	2.0	0.018266049737996483	4.0	2.0	2.0	1.3567290794389746	0.15123456790123457	0.2544600379171784	ENSMUSG00000061740;ENSMUSG00000027792;ENSMUSG00000056973;ENSMUSG00000030737;ENSMUSG00000029727;ENSMUSG00000032902			False	False	False	False
skin	R-MMU-975155_MYD88_DEPENDENT_CASCADE_INITIATED_ON_ENDOSOME	0.0013385513368750223	6	4	2	0.000969484742841574	4	3	1	0.010783296767419834	6.0	5.0	1.0	0.013256083779829023	4.0	3.0	1.0	0.5945136225830394	0.9556213017751479	1.0	ENSMUSG00000039005;ENSMUSG00000030107;ENSMUSG00000055994;ENSMUSG00000074151;ENSMUSG00000051439;ENSMUSG00000038058;ENSMUSG00000031530;ENSMUSG00000021846;ENSMUSG00000021250			False	False	True	True
skin	R-MMU-975634_RETINOID_METABOLISM_AND_TRANSPORT	0.004056364001817297	6	5	1	0.004839464852700693	4	3	1	0.00047982215587264593	6.0	3.0	3.0	-0.0011418621399755559	4.0	1.0	3.0	-1.211018460038999	0.237741456166419	0.345517355201416	ENSMUSG00000027070;ENSMUSG00000028003;ENSMUSG00000032454;ENSMUSG00000028613;ENSMUSG00000029134;ENSMUSG00000046402;ENSMUSG00000020592			False	False	True	False
skin	R-MMU-9759476_REGULATION_OF_HOMOTYPIC_CELL_CELL_ADHESION	0.06431351393725855	6	4	2	0.08262155644490299	4	4	0	0.004610014845715275	6.0	2.0	4.0	0.0016401651631642858	4.0	2.0	2.0	-1.911985407110585	0.0	0.0008515121260462854	ENSMUSG00000069267;ENSMUSG00000062727;ENSMUSG00000094777;ENSMUSG00000094338;ENSMUSG00000069303;ENSMUSG00000069300;ENSMUSG00000069310;ENSMUSG00000095217;ENSMUSG00000069274;ENSMUSG00000101972;ENSMUSG00000061615;ENSMUSG00000069265;ENSMUSG00000074403;ENSMUSG00000069266;ENSMUSG00000069301;ENSMUSG00000101355;ENSMUSG00000081058;ENSMUSG00000064220;ENSMUSG00000069305;ENSMUSG00000064288;ENSMUSG00000069308;ENSMUSG00000071478;ENSMUSG00000049932;ENSMUSG00000094248;ENSMUSG00000063954;ENSMUSG00000061991			False	False	True	False
skin	R-MMU-9764265_REGULATION_OF_CDH1_EXPRESSION_AND_FUNCTION	-0.3363073966678983	6	2	4	-0.44656003849288284	4	1	3	-0.0019523443685318085	6.0	3.0	3.0	-0.007542283831533681	4.0	2.0	2.0	-2.0951339694696363	0.0	0.0	ENSMUSG00000069267;ENSMUSG00000062727;ENSMUSG00000094777;ENSMUSG00000094338;ENSMUSG00000069303;ENSMUSG00000069300;ENSMUSG00000069310;ENSMUSG00000095217;ENSMUSG00000069274;ENSMUSG00000101972;ENSMUSG00000061615;ENSMUSG00000069265;ENSMUSG00000074403;ENSMUSG00000069266;ENSMUSG00000069301;ENSMUSG00000101355;ENSMUSG00000081058;ENSMUSG00000064220;ENSMUSG00000069305;ENSMUSG00000064288;ENSMUSG00000069308;ENSMUSG00000071478;ENSMUSG00000049932;ENSMUSG00000094248;ENSMUSG00000063954;ENSMUSG00000061991			False	False	True	True
skin	R-MMU-9764274_REGULATION_OF_EXPRESSION_AND_FUNCTION_OF_TYPE_I_CLASSICAL_CADHERINS	-0.0069411983597288665	6	2	4	-0.009135843940666532	4	1	3	-0.0019523443685318085	6.0	3.0	3.0	-0.007542283831533681	4.0	2.0	2.0	-2.0951339694696363	0.0	0.0	ENSMUSG00000069267;ENSMUSG00000062727;ENSMUSG00000094777;ENSMUSG00000094338;ENSMUSG00000069303;ENSMUSG00000069300;ENSMUSG00000069310;ENSMUSG00000095217;ENSMUSG00000069274;ENSMUSG00000101972;ENSMUSG00000061615;ENSMUSG00000069265;ENSMUSG00000074403;ENSMUSG00000069266;ENSMUSG00000069301;ENSMUSG00000101355;ENSMUSG00000081058;ENSMUSG00000064220;ENSMUSG00000069305;ENSMUSG00000064288;ENSMUSG00000069308;ENSMUSG00000071478;ENSMUSG00000049932;ENSMUSG00000094248;ENSMUSG00000063954;ENSMUSG00000061991			False	False	True	True
skin	R-MMU-9764560_REGULATION_OF_CDH1_GENE_TRANSCRIPTION	-0.0011421282213171173	6	2	4	-0.0037484583708292116	4	1	3	-0.013804398013004987	6.0	2.0	4.0	-0.02478151901343936	4.0	1.0	3.0	-2.2891408237780997	0.0	0.0	ENSMUSG00000069267;ENSMUSG00000062727;ENSMUSG00000094777;ENSMUSG00000094338;ENSMUSG00000069303;ENSMUSG00000069300;ENSMUSG00000069310;ENSMUSG00000095217;ENSMUSG00000069274;ENSMUSG00000101972;ENSMUSG00000061615;ENSMUSG00000069265;ENSMUSG00000074403;ENSMUSG00000069266;ENSMUSG00000069301;ENSMUSG00000101355;ENSMUSG00000081058;ENSMUSG00000064220;ENSMUSG00000069305;ENSMUSG00000064288;ENSMUSG00000069308;ENSMUSG00000071478;ENSMUSG00000049932;ENSMUSG00000094248;ENSMUSG00000063954;ENSMUSG00000061991;ENSMUSG00000069309			False	False	True	True
skin	R-MMU-9764725_NEGATIVE_REGULATION_OF_CDH1_GENE_TRANSCRIPTION	-0.2449240993497919	6	3	3	-0.34807588867740247	4	1	3	-0.013804398013004987	6.0	2.0	4.0	-0.02478151901343936	4.0	1.0	3.0	-2.2891408237780997	0.0	0.0	ENSMUSG00000069267;ENSMUSG00000062727;ENSMUSG00000094777;ENSMUSG00000094338;ENSMUSG00000069303;ENSMUSG00000069300;ENSMUSG00000069310;ENSMUSG00000095217;ENSMUSG00000069274;ENSMUSG00000101972;ENSMUSG00000061615;ENSMUSG00000069265;ENSMUSG00000074403;ENSMUSG00000069266;ENSMUSG00000069301;ENSMUSG00000101355;ENSMUSG00000081058;ENSMUSG00000064220;ENSMUSG00000069305;ENSMUSG00000064288;ENSMUSG00000069308;ENSMUSG00000071478;ENSMUSG00000049932;ENSMUSG00000094248;ENSMUSG00000063954;ENSMUSG00000061991;ENSMUSG00000069309			False	False	True	True
skin	R-MMU-9769735_INITIATION_OF_COAGULATION_CASCADE	0.017657766284347867	6	5	1	0.027037865760044525	4	3	1	-0.0004558589023794894	6.0	3.0	3.0	0.0030393407474997407	4.0	2.0	2.0	-0.5685103853167336	0.9425287356321839	1.0	ENSMUSG00000020592;ENSMUSG00000026579;ENSMUSG00000041936;ENSMUSG00000031119;ENSMUSG00000034220;ENSMUSG00000055653;ENSMUSG00000028128;ENSMUSG00000031444;ENSMUSG00000022261;ENSMUSG00000025743;ENSMUSG00000022912;ENSMUSG00000058571;ENSMUSG00000017009;ENSMUSG00000001930			False	False	False	False
skin	R-MMU-9769739_REGULATION_OF_CLOTTING_CASCADE	0.06250093339606594	6	5	1	0.07183075656568982	4	4	0	0.0017390890391081489	6.0	2.0	4.0	0.006115128053188921	4.0	2.0	2.0	0.5814686002591395	0.9741935483870968	1.0	ENSMUSG00000055489			False	False	True	True
skin	R-MMU-9769740_COAGULATION_PATHWAY	0.11828699302999296	6	4	2	0.1338586773518076	4	4	0	0.001936051213567253	6.0	3.0	3.0	0.006940007469100369	4.0	2.0	2.0	0.5612716602265461	0.9899665551839465	1.0	ENSMUSG00000055489			False	False	True	True
skin	R-MMU-977606_REGULATION_OF_COMPLEMENT_CASCADE	-0.10601222512192084	6	0	6	-0.10530991464626516	4	0	4	0.0010368940506348494	6.0	3.0	3.0	0.00944190424178831	4.0	3.0	1.0	1.3089246084805246	0.14209115281501342	0.2801983057024554	ENSMUSG00000026874;ENSMUSG00000024164;ENSMUSG00000026399;ENSMUSG00000026365;ENSMUSG00000055172;ENSMUSG00000040552;ENSMUSG00000023224;ENSMUSG00000073418;ENSMUSG00000049130;ENSMUSG00000001128;ENSMUSG00000036905;ENSMUSG00000036887;ENSMUSG00000024371			False	False	False	False
skin	R-MMU-9818564_EPIGENETIC_REGULATION_OF_GENE_EXPRESSION_BY_MLL3_AND_MLL4_COMPLEXES	-0.15977256838219742	6	2	4	-0.22879675825202087	4	1	3	-0.016115544324657217	6.0	2.0	4.0	-0.028336314538161905	4.0	1.0	3.0	-2.380509745711524	0.0	0.0	ENSMUSG00000069267;ENSMUSG00000062727;ENSMUSG00000094777;ENSMUSG00000094338;ENSMUSG00000069303;ENSMUSG00000069300;ENSMUSG00000069310;ENSMUSG00000095217;ENSMUSG00000069274;ENSMUSG00000101972;ENSMUSG00000061615;ENSMUSG00000069265;ENSMUSG00000074403;ENSMUSG00000069266;ENSMUSG00000069301;ENSMUSG00000101355;ENSMUSG00000081058;ENSMUSG00000064220;ENSMUSG00000069305;ENSMUSG00000064288;ENSMUSG00000069308;ENSMUSG00000071478;ENSMUSG00000049932;ENSMUSG00000094248;ENSMUSG00000063954;ENSMUSG00000061991;ENSMUSG00000030680;ENSMUSG00000069309			False	False	True	True
skin	R-MMU-983169_CLASS_I_MHC_MEDIATED_ANTIGEN_PROCESSING_PRESENTATION	0.1868713296072125	6	4	2	0.22090255263304093	4	3	1	0.01676558437360224	6.0	5.0	1.0	0.01911133744269799	4.0	3.0	1.0	1.5819960034064577	0.012	0.10781070027543611	ENSMUSG00000075307;ENSMUSG00000047746;ENSMUSG00000002944;ENSMUSG00000060550;ENSMUSG00000016283;ENSMUSG00000032596;ENSMUSG00000049502;ENSMUSG00000067235;ENSMUSG00000024459;ENSMUSG00000022358;ENSMUSG00000070327;ENSMUSG00000036782;ENSMUSG00000024338;ENSMUSG00000060802			False	False	True	True
skin	R-MMU-983189_KINESINS	-0.006855727374422825	6	1	5	-0.00815979575306858	4	1	3	-0.02881433405787652	6.0	2.0	4.0	-0.03924544719037251	4.0	1.0	3.0	-2.1208655022792646	0.0	0.0	ENSMUSG00000062380;ENSMUSG00000045328;ENSMUSG00000028678;ENSMUSG00000021294;ENSMUSG00000036768;ENSMUSG00000051378;ENSMUSG00000003779;ENSMUSG00000012443;ENSMUSG00000030677;ENSMUSG00000079553;ENSMUSG00000034311;ENSMUSG00000032254;ENSMUSG00000024795;ENSMUSG00000023015;ENSMUSG00000001473;ENSMUSG00000026494;ENSMUSG00000058672;ENSMUSG00000043091			False	False	True	True
skin	R-MMU-983231_FACTORS_INVOLVED_IN_MEGAKARYOCYTE_DEVELOPMENT_AND_PLATELET_PRODUCTION	0.07077514292215135	6	4	2	0.10486833225001997	4	3	1	-0.013798701440441595	6.0	2.0	4.0	-0.020216403760668966	4.0	1.0	3.0	-2.1293239373037958	0.0	0.0	ENSMUSG00000062380;ENSMUSG00000069267;ENSMUSG00000069310;ENSMUSG00000101972;ENSMUSG00000069265;ENSMUSG00000074403;ENSMUSG00000101355;ENSMUSG00000081058;ENSMUSG00000045328;ENSMUSG00000028678;ENSMUSG00000021294;ENSMUSG00000036768;ENSMUSG00000051378;ENSMUSG00000003779;ENSMUSG00000012443;ENSMUSG00000030677;ENSMUSG00000079553;ENSMUSG00000034311;ENSMUSG00000032254;ENSMUSG00000024795;ENSMUSG00000023015;ENSMUSG00000001473;ENSMUSG00000026494;ENSMUSG00000058672			False	False	False	False
skin	R-MMU-9833482_PKR_MEDIATED_SIGNALING	0.00018918246656392866	6	2	4	-7.911761662945374e-06	4	2	2	-0.013818520752323872	6.0	2.0	4.0	-0.02264793590819046	4.0	2.0	2.0	-1.4553133660333304	0.06201550387596899	0.10490773891917686	ENSMUSG00000062380;ENSMUSG00000019942;ENSMUSG00000059970;ENSMUSG00000001473;ENSMUSG00000058672;ENSMUSG00000043091;ENSMUSG00000045136			False	False	False	False
skin	R-MMU-983712_ION_CHANNEL_TRANSPORT	-0.12150493960756686	6	1	5	-0.14654042974405235	4	0	4	0.0020357954176383106	6.0	2.0	4.0	-0.0006994475773393211	4.0	1.0	3.0	1.1164761596799966	0.2577777777777778	0.5476791887907734	ENSMUSG00000030730;ENSMUSG00000055489;ENSMUSG00000030592;ENSMUSG00000041329;ENSMUSG00000019787;ENSMUSG00000007097;ENSMUSG00000040907;ENSMUSG00000020788;ENSMUSG00000024617;ENSMUSG00000052387			False	False	False	False
skin	R-MMU-9841922_MLL4_AND_MLL3_COMPLEXES_REGULATE_EXPRESSION_OF_PPARG_TARGET_GENES_IN_ADIPOGENESIS_AND_HEPATIC_STEATOSIS	-0.0005710409014681889	6	3	3	0.00024061340265251298	4	3	1	-0.01951389829661723	6.0	2.0	4.0	-0.03315673193334617	4.0	1.0	3.0	-2.3367958515781675	0.0	0.0	ENSMUSG00000069267;ENSMUSG00000062727;ENSMUSG00000094777;ENSMUSG00000094338;ENSMUSG00000069303;ENSMUSG00000069300;ENSMUSG00000069310;ENSMUSG00000095217;ENSMUSG00000069274;ENSMUSG00000101972;ENSMUSG00000061615;ENSMUSG00000069265;ENSMUSG00000074403;ENSMUSG00000069266;ENSMUSG00000069301;ENSMUSG00000101355;ENSMUSG00000081058;ENSMUSG00000064220;ENSMUSG00000069305;ENSMUSG00000064288;ENSMUSG00000069308;ENSMUSG00000071478;ENSMUSG00000049932;ENSMUSG00000094248;ENSMUSG00000063954;ENSMUSG00000061991;ENSMUSG00000069309			False	False	True	True
skin	R-MMU-9842860_REGULATION_OF_ENDOGENOUS_RETROELEMENTS	0.14080179072286902	6	4	2	0.19464179835450557	4	4	0	-0.015272027147878836	6.0	2.0	4.0	-0.026359953904766528	4.0	1.0	3.0	-2.2495390925472907	0.0	0.0	ENSMUSG00000069267;ENSMUSG00000062727;ENSMUSG00000094777;ENSMUSG00000094338;ENSMUSG00000069303;ENSMUSG00000069300;ENSMUSG00000069310;ENSMUSG00000095217;ENSMUSG00000069274;ENSMUSG00000101972;ENSMUSG00000061615;ENSMUSG00000069265;ENSMUSG00000074403;ENSMUSG00000069266;ENSMUSG00000069301;ENSMUSG00000101355;ENSMUSG00000081058;ENSMUSG00000064220;ENSMUSG00000069305;ENSMUSG00000064288;ENSMUSG00000069308;ENSMUSG00000071478;ENSMUSG00000049932;ENSMUSG00000094248;ENSMUSG00000063954;ENSMUSG00000061991;ENSMUSG00000069309			False	False	False	False
skin	R-MMU-9843940_REGULATION_OF_ENDOGENOUS_RETROELEMENTS_BY_KRAB_ZFP_PROTEINS	0.0042351543684436485	6	3	3	0.0009973032524255732	4	1	3	-0.015272027147878836	6.0	2.0	4.0	-0.026359953904766528	4.0	1.0	3.0	-2.2495390925472907	0.0	0.0	ENSMUSG00000069267;ENSMUSG00000062727;ENSMUSG00000094777;ENSMUSG00000094338;ENSMUSG00000069303;ENSMUSG00000069300;ENSMUSG00000069310;ENSMUSG00000095217;ENSMUSG00000069274;ENSMUSG00000101972;ENSMUSG00000061615;ENSMUSG00000069265;ENSMUSG00000074403;ENSMUSG00000069266;ENSMUSG00000069301;ENSMUSG00000101355;ENSMUSG00000081058;ENSMUSG00000064220;ENSMUSG00000069305;ENSMUSG00000064288;ENSMUSG00000069308;ENSMUSG00000071478;ENSMUSG00000049932;ENSMUSG00000094248;ENSMUSG00000063954;ENSMUSG00000061991;ENSMUSG00000069309			False	False	False	False
skin	R-MMU-9851695_EPIGENETIC_REGULATION_OF_ADIPOGENESIS_GENES_BY_MLL3_AND_MLL4_COMPLEXES	-0.007060310771959108	6	0	6	-0.008440215443955077	4	0	4	-0.01951389829661723	6.0	2.0	4.0	-0.03315673193334617	4.0	1.0	3.0	-2.3367958515781675	0.0	0.0	ENSMUSG00000069267;ENSMUSG00000062727;ENSMUSG00000094777;ENSMUSG00000094338;ENSMUSG00000069303;ENSMUSG00000069300;ENSMUSG00000069310;ENSMUSG00000095217;ENSMUSG00000069274;ENSMUSG00000101972;ENSMUSG00000061615;ENSMUSG00000069265;ENSMUSG00000074403;ENSMUSG00000069266;ENSMUSG00000069301;ENSMUSG00000101355;ENSMUSG00000081058;ENSMUSG00000064220;ENSMUSG00000069305;ENSMUSG00000064288;ENSMUSG00000069308;ENSMUSG00000071478;ENSMUSG00000049932;ENSMUSG00000094248;ENSMUSG00000063954;ENSMUSG00000061991;ENSMUSG00000069309			False	False	True	True
skin	R-MMU-9855142_CELLULAR_RESPONSES_TO_MECHANICAL_STIMULI	0.0020182200584715217	6	4	2	0.0033073620111826615	4	3	1	0.014418926916072125	6.0	4.0	2.0	0.019870485009179106	4.0	3.0	1.0	1.332515024738566	0.14084507042253522	0.25986274805238163	ENSMUSG00000021699;ENSMUSG00000002997;ENSMUSG00000032766;ENSMUSG00000059588;ENSMUSG00000030790			False	False	True	True
skin	R-MMU-9909648_REGULATION_OF_PD_L1_CD274_EXPRESSION	-0.022455780406902357	6	2	4	-0.031041537896843437	4	1	3	-0.012155752459812047	6.0	2.0	4.0	-0.023145773962222897	4.0	1.0	3.0	-2.25531565282633	0.0	0.0	ENSMUSG00000069267;ENSMUSG00000062727;ENSMUSG00000094777;ENSMUSG00000094338;ENSMUSG00000069303;ENSMUSG00000069300;ENSMUSG00000069310;ENSMUSG00000095217;ENSMUSG00000069274;ENSMUSG00000101972;ENSMUSG00000061615;ENSMUSG00000069265;ENSMUSG00000074403;ENSMUSG00000069266;ENSMUSG00000069301;ENSMUSG00000101355;ENSMUSG00000081058;ENSMUSG00000064220;ENSMUSG00000026622;ENSMUSG00000069305;ENSMUSG00000064288;ENSMUSG00000069308;ENSMUSG00000071478;ENSMUSG00000049932;ENSMUSG00000094248;ENSMUSG00000063954;ENSMUSG00000061991;ENSMUSG00000069309;ENSMUSG00000070348			False	False	True	True
skin	R-MMU-9909649_REGULATION_OF_PD_L1_CD274_TRANSCRIPTION	-0.004533542782835141	6	2	4	-0.0043141854673737975	4	1	3	-0.01951389829661723	6.0	2.0	4.0	-0.03315673193334617	4.0	1.0	3.0	-2.3367958515781675	0.0	0.0	ENSMUSG00000069267;ENSMUSG00000062727;ENSMUSG00000094777;ENSMUSG00000094338;ENSMUSG00000069303;ENSMUSG00000069300;ENSMUSG00000069310;ENSMUSG00000095217;ENSMUSG00000069274;ENSMUSG00000101972;ENSMUSG00000061615;ENSMUSG00000069265;ENSMUSG00000074403;ENSMUSG00000069266;ENSMUSG00000069301;ENSMUSG00000101355;ENSMUSG00000081058;ENSMUSG00000064220;ENSMUSG00000069305;ENSMUSG00000064288;ENSMUSG00000069308;ENSMUSG00000071478;ENSMUSG00000049932;ENSMUSG00000094248;ENSMUSG00000063954;ENSMUSG00000061991;ENSMUSG00000069309			False	False	True	True
skin	R-MMU-9913351_FORMATION_OF_THE_DYSTROPHIN_GLYCOPROTEIN_COMPLEX_DGC	0.09382670831580675	6	5	1	0.09621691087400053	4	3	1	0.027695162353025563	6.0	5.0	1.0	0.02985524232829834	4.0	3.0	1.0	1.9618788514780106	0.0	0.01674079196823542	ENSMUSG00000001508;ENSMUSG00000024302;ENSMUSG00000031972;ENSMUSG00000020354;ENSMUSG00000068614;ENSMUSG00000045103;ENSMUSG00000035783;ENSMUSG00000019846;ENSMUSG00000030255;ENSMUSG00000059430			False	False	True	True
skin	R-MMU-9917777_EPIGENETIC_REGULATION_BY_WDR5_CONTAINING_HISTONE_MODIFYING_COMPLEXES	-0.00012611010647749452	6	3	3	0.0002983469845388084	4	3	1	-0.013424082772413602	6.0	2.0	4.0	-0.024346945107729494	4.0	1.0	3.0	-2.3806613529333953	0.0	0.0	ENSMUSG00000069267;ENSMUSG00000062727;ENSMUSG00000094777;ENSMUSG00000094338;ENSMUSG00000069303;ENSMUSG00000069300;ENSMUSG00000069310;ENSMUSG00000095217;ENSMUSG00000069274;ENSMUSG00000101972;ENSMUSG00000061615;ENSMUSG00000069265;ENSMUSG00000074403;ENSMUSG00000069266;ENSMUSG00000069301;ENSMUSG00000101355;ENSMUSG00000081058;ENSMUSG00000064220;ENSMUSG00000069305;ENSMUSG00000064288;ENSMUSG00000069308;ENSMUSG00000071478;ENSMUSG00000049932;ENSMUSG00000094248;ENSMUSG00000063954;ENSMUSG00000061991;ENSMUSG00000030680;ENSMUSG00000069309			False	False	True	True
skin	R-MMU-9932444_ATP_DEPENDENT_CHROMATIN_REMODELERS	-0.10445112425236576	6	2	4	-0.1602507509675638	4	1	3	-0.007360073202355218	6.0	2.0	4.0	-0.015315189087570373	4.0	1.0	3.0	-2.2524906817112558	0.0	0.0	ENSMUSG00000069267;ENSMUSG00000062727;ENSMUSG00000094777;ENSMUSG00000094338;ENSMUSG00000069303;ENSMUSG00000069300;ENSMUSG00000069310;ENSMUSG00000095217;ENSMUSG00000069274;ENSMUSG00000101972;ENSMUSG00000061615;ENSMUSG00000069265;ENSMUSG00000074403;ENSMUSG00000069266;ENSMUSG00000069301;ENSMUSG00000101355;ENSMUSG00000081058;ENSMUSG00000064220;ENSMUSG00000069305;ENSMUSG00000064288;ENSMUSG00000069308;ENSMUSG00000071478;ENSMUSG00000049932;ENSMUSG00000094248;ENSMUSG00000063954;ENSMUSG00000061991;ENSMUSG00000069309			False	False	True	True
skin	R-MMU-9937848_CHD_CHROMATIN_REMODELERS	-0.04932401256502658	6	2	4	-0.06346396949155503	4	1	3	-0.009502857504510041	6.0	2.0	4.0	-0.01842632984358667	4.0	1.0	3.0	-2.243696305182198	0.0	0.0	ENSMUSG00000069267;ENSMUSG00000062727;ENSMUSG00000094777;ENSMUSG00000094338;ENSMUSG00000069303;ENSMUSG00000069300;ENSMUSG00000069310;ENSMUSG00000095217;ENSMUSG00000069274;ENSMUSG00000101972;ENSMUSG00000061615;ENSMUSG00000069265;ENSMUSG00000074403;ENSMUSG00000069266;ENSMUSG00000069301;ENSMUSG00000101355;ENSMUSG00000081058;ENSMUSG00000064220;ENSMUSG00000069305;ENSMUSG00000064288;ENSMUSG00000069308;ENSMUSG00000071478;ENSMUSG00000049932;ENSMUSG00000094248;ENSMUSG00000063954;ENSMUSG00000061991;ENSMUSG00000069309			False	False	True	True
skin	R-MMU-9937850_NURD_COMPLEX_ASSEMBLY	0.0022519489802830506	6	4	2	0.002824410644752858	4	3	1	-0.010680401372782306	6.0	2.0	4.0	-0.020438946059258025	4.0	1.0	3.0	-2.2403769139970207	0.0	0.0	ENSMUSG00000069267;ENSMUSG00000062727;ENSMUSG00000094777;ENSMUSG00000094338;ENSMUSG00000069303;ENSMUSG00000069300;ENSMUSG00000069310;ENSMUSG00000095217;ENSMUSG00000069274;ENSMUSG00000101972;ENSMUSG00000061615;ENSMUSG00000069265;ENSMUSG00000074403;ENSMUSG00000069266;ENSMUSG00000069301;ENSMUSG00000101355;ENSMUSG00000081058;ENSMUSG00000064220;ENSMUSG00000069305;ENSMUSG00000064288;ENSMUSG00000069308;ENSMUSG00000071478;ENSMUSG00000049932;ENSMUSG00000094248;ENSMUSG00000063954;ENSMUSG00000061991;ENSMUSG00000069309			False	False	False	False
skin	R-MMU-9940951_INTERACTION_OF_NURD_COMPLEXES_WITH_TRANSCRIPTION_FACTORS	-0.005992087230730372	6	2	4	-0.009272854502532428	4	1	3	-0.010680401372782306	6.0	2.0	4.0	-0.020438946059258025	4.0	1.0	3.0	-2.2403769139970207	0.0	0.0	ENSMUSG00000069267;ENSMUSG00000062727;ENSMUSG00000094777;ENSMUSG00000094338;ENSMUSG00000069303;ENSMUSG00000069300;ENSMUSG00000069310;ENSMUSG00000095217;ENSMUSG00000069274;ENSMUSG00000101972;ENSMUSG00000061615;ENSMUSG00000069265;ENSMUSG00000074403;ENSMUSG00000069266;ENSMUSG00000069301;ENSMUSG00000101355;ENSMUSG00000081058;ENSMUSG00000064220;ENSMUSG00000069305;ENSMUSG00000064288;ENSMUSG00000069308;ENSMUSG00000071478;ENSMUSG00000049932;ENSMUSG00000094248;ENSMUSG00000063954;ENSMUSG00000061991;ENSMUSG00000069309			False	False	True	True
skin	R-MMU-9943965_CHD3_CHD4_CHD5_SUBFAMILY	0.0014121966903730225	6	3	3	-0.03515577096873338	4	2	2	-0.010783525239489061	6.0	2.0	4.0	-0.020310150612350555	4.0	1.0	3.0	-2.2342783858776127	0.0	0.0	ENSMUSG00000069267;ENSMUSG00000062727;ENSMUSG00000094777;ENSMUSG00000094338;ENSMUSG00000069303;ENSMUSG00000069300;ENSMUSG00000069310;ENSMUSG00000095217;ENSMUSG00000069274;ENSMUSG00000101972;ENSMUSG00000061615;ENSMUSG00000069265;ENSMUSG00000074403;ENSMUSG00000069266;ENSMUSG00000069301;ENSMUSG00000101355;ENSMUSG00000081058;ENSMUSG00000064220;ENSMUSG00000069305;ENSMUSG00000064288;ENSMUSG00000069308;ENSMUSG00000071478;ENSMUSG00000049932;ENSMUSG00000094248;ENSMUSG00000063954;ENSMUSG00000061991;ENSMUSG00000069309			False	False	False	False
skin	R-MMU-9958863_SLC_MEDIATED_TRANSPORT_OF_AMINO_ACIDS	-0.1880948586401799	6	2	4	-0.2623837549899668	4	1	3	-0.009721121183099679	6.0	2.0	4.0	-0.015213680072360833	4.0	1.0	3.0	-1.3150397412342705	0.14705882352941177	0.22732665677690686	ENSMUSG00000027737;ENSMUSG00000022180;ENSMUSG00000021565;ENSMUSG00000041313;ENSMUSG00000040010			False	False	True	True
liver	R-MMU-109581_APOPTOSIS	0.06182367086994904	10	8	2	0.06609420578142486	9	8	1	0.0016864632722750107	10.0	5.0	5.0	0.0021757091273778995	9.0	5.0	4.0	-1.1070873320471997	0.3401197604790419	0.7595922336725662	ENSMUSG00000026728;ENSMUSG00000039304;ENSMUSG00000051439;ENSMUSG00000054717;ENSMUSG00000042489;ENSMUSG00000040093;ENSMUSG00000024521;ENSMUSG00000026879;ENSMUSG00000021948			False	False	True	False
liver	R-MMU-109582_HEMOSTASIS	-0.006249169000808674	10	5	5	-0.003860268995607516	9	5	4	-0.0022689395704014606	10.0	5.0	5.0	-0.0022337468702858486	9.0	4.0	5.0	-1.151204764493925	0.17395727365208546	0.7124278769574751	ENSMUSG00000024610;ENSMUSG00000027009;ENSMUSG00000049775;ENSMUSG00000015355;ENSMUSG00000030830;ENSMUSG00000030789;ENSMUSG00000033220;ENSMUSG00000021457;ENSMUSG00000029661;ENSMUSG00000020143;ENSMUSG00000023015;ENSMUSG00000000290;ENSMUSG00000026581;ENSMUSG00000005087;ENSMUSG00000038608;ENSMUSG00000022102;ENSMUSG00000058715;ENSMUSG00000039196;ENSMUSG00000095079;ENSMUSG00000020901;ENSMUSG00000067149;ENSMUSG00000002699;ENSMUSG00000020788;ENSMUSG00000032254;ENSMUSG00000105906;ENSMUSG00000045328;ENSMUSG00000034330;ENSMUSG00000034311;ENSMUSG00000031093;ENSMUSG00000031645;ENSMUSG00000024795;ENSMUSG00000025743;ENSMUSG00000038811;ENSMUSG00000072235;ENSMUSG00000061947;ENSMUSG00000037902;ENSMUSG00000024965;ENSMUSG00000027611;ENSMUSG00000024697;ENSMUSG00000034116;ENSMUSG00000012443;ENSMUSG00000020120;ENSMUSG00000023004;ENSMUSG00000018593;ENSMUSG00000028874;ENSMUSG00000037419;ENSMUSG00000056220;ENSMUSG00000057729;ENSMUSG00000081058;ENSMUSG00000026249;ENSMUSG00000051378;ENSMUSG00000054640;ENSMUSG00000045312;ENSMUSG00000048163;ENSMUSG00000069310;ENSMUSG00000031196;ENSMUSG00000038147;ENSMUSG00000015143;ENSMUSG00000025268;ENSMUSG00000052085;ENSMUSG00000026786;ENSMUSG00000021922;ENSMUSG00000026288;ENSMUSG00000060147;ENSMUSG00000030677;ENSMUSG00000069267;ENSMUSG00000061780;ENSMUSG00000064210;ENSMUSG00000021948;ENSMUSG00000007655;ENSMUSG00000019312;ENSMUSG00000020077;ENSMUSG00000026547;ENSMUSG00000028678;ENSMUSG00000025161;ENSMUSG00000014602;ENSMUSG00000022037;ENSMUSG00000041642;ENSMUSG00000019843;ENSMUSG00000029372;ENSMUSG00000031328;ENSMUSG00000041550;ENSMUSG00000027646;ENSMUSG00000032231;ENSMUSG00000003779;ENSMUSG00000037411;ENSMUSG00000032946;ENSMUSG00000043004;ENSMUSG00000040152;ENSMUSG00000042644;ENSMUSG00000022347;ENSMUSG00000061540;ENSMUSG00000054641;ENSMUSG00000041936;ENSMUSG00000079553;ENSMUSG00000055653;ENSMUSG00000029373;ENSMUSG00000028128;ENSMUSG00000001473;ENSMUSG00000040010;ENSMUSG00000032554;ENSMUSG00000006386;ENSMUSG00000074364;ENSMUSG00000026582;ENSMUSG00000018909;ENSMUSG00000026295;ENSMUSG00000031538;ENSMUSG00000000489;ENSMUSG00000048376			False	False	True	True
liver	R-MMU-110330_RECOGNITION_AND_ASSOCIATION_OF_DNA_GLYCOSYLASE_WITH_SITE_CONTAINING_AN_AFFECTED_PURINE	0.0011174154502300191	10	7	3	0.001194903851313778	9	7	2	0.002341807662149249	10.0	7.0	3.0	0.002079673512009197	9.0	6.0	3.0	-0.8846880299686755	0.6586826347305389	0.8654276200250317	ENSMUSG00000075031;ENSMUSG00000062727;ENSMUSG00000061615;ENSMUSG00000069300;ENSMUSG00000071478;ENSMUSG00000058385;ENSMUSG00000094248;ENSMUSG00000018102;ENSMUSG00000069305;ENSMUSG00000094338;ENSMUSG00000095217;ENSMUSG00000069307;ENSMUSG00000094777;ENSMUSG00000064288			False	False	True	False
liver	R-MMU-110331_CLEAVAGE_OF_THE_DAMAGED_PURINE	0.0008602769443684623	10	8	2	0.0009349523519437941	9	8	1	0.002341807662149249	10.0	7.0	3.0	0.002079673512009197	9.0	6.0	3.0	-0.8846880299686755	0.6586826347305389	0.8654276200250317	ENSMUSG00000075031;ENSMUSG00000062727;ENSMUSG00000061615;ENSMUSG00000069300;ENSMUSG00000071478;ENSMUSG00000058385;ENSMUSG00000094248;ENSMUSG00000018102;ENSMUSG00000069305;ENSMUSG00000094338;ENSMUSG00000095217;ENSMUSG00000069307;ENSMUSG00000094777;ENSMUSG00000064288			False	False	True	False
liver	R-MMU-112314_NEUROTRANSMITTER_RECEPTORS_AND_POSTSYNAPTIC_SIGNAL_TRANSMISSION	0.003000321424052145	10	6	4	0.0034313247930473573	9	6	3	0.004663819627782607	10.0	6.0	4.0	0.0043825535064446475	9.0	6.0	3.0	-0.9540834577385292	0.5387453874538746	0.8576449176608663	ENSMUSG00000027577;ENSMUSG00000031659;ENSMUSG00000038811			False	False	True	False
liver	R-MMU-112315_TRANSMISSION_ACROSS_CHEMICAL_SYNAPSES	-0.009935146321906476	10	5	5	-0.010324277198943703	9	4	5	0.0028222453915255226	10.0	6.0	4.0	0.0028813178504104374	9.0	6.0	3.0	-0.9493042626363746	0.5572429906542056	0.8643230273055363	ENSMUSG00000027577;ENSMUSG00000026458;ENSMUSG00000031659			False	False	False	True
liver	R-MMU-112316_NEURONAL_SYSTEM	-0.08533516847690455	10	2	8	-0.08829630703783048	9	1	8	0.003677246352068489	10.0	8.0	2.0	0.0036632572180135183	9.0	7.0	2.0	-0.7242827528339486	0.8916761687571265	0.9682758245640263	ENSMUSG00000027577;ENSMUSG00000026458;ENSMUSG00000031659;ENSMUSG00000040724;ENSMUSG00000038811;ENSMUSG00000028051;ENSMUSG00000024044;ENSMUSG00000025813			False	False	False	True
liver	R-MMU-114604_GPVI_MEDIATED_ACTIVATION_CASCADE	0.014435310268683615	10	6	4	0.016227450971817776	9	6	3	-0.011929411764304083	10.0	2.0	8.0	-0.01228436095652585	9.0	1.0	8.0	-1.7852282282301797	0.0	0.026562823891735025	ENSMUSG00000033220;ENSMUSG00000021457;ENSMUSG00000029661;ENSMUSG00000058715;ENSMUSG00000020901;ENSMUSG00000002699;ENSMUSG00000034330;ENSMUSG00000034116			False	False	False	False
liver	R-MMU-114608_PLATELET_DEGRANULATION	-0.008731220317042543	10	5	5	-0.010191421886661013	9	5	4	-0.0003169138977934027	10.0	5.0	5.0	-0.0003863480143718672	9.0	5.0	4.0	-0.7128387331901099	0.9107929515418502	0.9702302910760285	ENSMUSG00000049775;ENSMUSG00000039196;ENSMUSG00000024965;ENSMUSG00000020120;ENSMUSG00000018593;ENSMUSG00000037419;ENSMUSG00000045312;ENSMUSG00000031196;ENSMUSG00000015143;ENSMUSG00000025268;ENSMUSG00000021922;ENSMUSG00000061780;ENSMUSG00000020077;ENSMUSG00000026547;ENSMUSG00000022037;ENSMUSG00000029372;ENSMUSG00000031328;ENSMUSG00000037411;ENSMUSG00000040152;ENSMUSG00000022347;ENSMUSG00000061540;ENSMUSG00000054641;ENSMUSG00000029373;ENSMUSG00000032554;ENSMUSG00000026295;ENSMUSG00000000489;ENSMUSG00000029108;ENSMUSG00000079015;ENSMUSG00000022912;ENSMUSG00000023951;ENSMUSG00000033831;ENSMUSG00000002603;ENSMUSG00000033860;ENSMUSG00000020717;ENSMUSG00000030342;ENSMUSG00000032849;ENSMUSG00000026193;ENSMUSG00000022868;ENSMUSG00000031451;ENSMUSG00000028001;ENSMUSG00000022892;ENSMUSG00000033880;ENSMUSG00000001131			False	False	True	True
liver	R-MMU-1169410_ANTIMICROBIAL_MECHANISM_OF_IFN_STIMULATED_GENES	-0.04075209514057942	10	3	7	-0.04445438361916232	9	2	7	-0.0022725831320096557	10.0	5.0	5.0	-0.003907494493638808	9.0	5.0	4.0	-1.0120550961068056	0.4725274725274725	0.8978033953971067	ENSMUSG00000090877;ENSMUSG00000091971;ENSMUSG00000028270;ENSMUSG00000032596;ENSMUSG00000105504;ENSMUSG00000019942;ENSMUSG00000072235;ENSMUSG00000023004;ENSMUSG00000093661;ENSMUSG00000041827;ENSMUSG00000025889;ENSMUSG00000023341;ENSMUSG00000027078;ENSMUSG00000035692			False	False	True	True
liver	R-MMU-1227986_SIGNALING_BY_ERBB2	0.0015758597923093754	10	5	5	0.001899165734417825	9	5	4	-0.0038357567944415664	10.0	4.0	6.0	-0.004051478034941862	9.0	3.0	6.0	-1.1747013700970332	0.26171875	0.689572451458135	ENSMUSG00000020122;ENSMUSG00000021270;ENSMUSG00000008348;ENSMUSG00000021948;ENSMUSG00000019312;ENSMUSG00000062209;ENSMUSG00000019843;ENSMUSG00000027646;ENSMUSG00000018166			False	False	False	False
liver	R-MMU-1236975_ANTIGEN_PROCESSING_CROSS_PRESENTATION	9.600091498952889e-05	10	6	4	8.820543430053476e-05	9	6	3	-0.01189353286777183	10.0	2.0	8.0	-0.01252841761976084	9.0	1.0	8.0	-1.4686219170507746	0.0323785803237858	0.26956347208649617	ENSMUSG00000015340;ENSMUSG00000034783;ENSMUSG00000015947;ENSMUSG00000015950;ENSMUSG00000024338;ENSMUSG00000060550;ENSMUSG00000026480;ENSMUSG00000071715;ENSMUSG00000006519;ENSMUSG00000031897;ENSMUSG00000026712			False	False	False	False
liver	R-MMU-1257604_PIP3_ACTIVATES_AKT_SIGNALING	0.1056429128768187	10	8	2	0.11195946511710014	9	7	2	0.0013033116933813752	10.0	6.0	4.0	0.0014497280921992586	9.0	5.0	4.0	-0.9005527173914663	0.6493506493506493	0.8922731290916609	ENSMUSG00000022901;ENSMUSG00000020122;ENSMUSG00000033220;ENSMUSG00000020901;ENSMUSG00000048756;ENSMUSG00000039936;ENSMUSG00000055254;ENSMUSG00000034116;ENSMUSG00000008348;ENSMUSG00000024620;ENSMUSG00000019768;ENSMUSG00000054252;ENSMUSG00000019966;ENSMUSG00000062209;ENSMUSG00000019843;ENSMUSG00000027646;ENSMUSG00000023034;ENSMUSG00000018474;ENSMUSG00000028278;ENSMUSG00000018166;ENSMUSG00000031565;ENSMUSG00000000489;ENSMUSG00000089715;ENSMUSG00000005672			False	False	True	False
liver	R-MMU-1266695_INTERLEUKIN_7_SIGNALING	0.0002385441721422547	10	7	3	0.00021833454121097086	9	6	3	-0.0048348279863171025	10.0	4.0	6.0	-0.004320014206667309	9.0	3.0	6.0	-1.0529590387873191	0.41875	0.8270883005825874	ENSMUSG00000031304;ENSMUSG00000003882;ENSMUSG00000081058;ENSMUSG00000069310;ENSMUSG00000069267			False	False	False	False
liver	R-MMU-1266738_DEVELOPMENTAL_BIOLOGY	-0.05748679222020101	10	4	6	-0.051967504054191566	9	3	6	-0.0007382314685117329	10.0	6.0	4.0	-0.00040784609163508023	9.0	6.0	3.0	-1.1463163724977774	0.2102454642475987	0.7103872561065471	ENSMUSG00000026043;ENSMUSG00000026395;ENSMUSG00000030579;ENSMUSG00000028459;ENSMUSG00000020122;ENSMUSG00000026042;ENSMUSG00000022102;ENSMUSG00000027954;ENSMUSG00000053646;ENSMUSG00000040710;ENSMUSG00000034311;ENSMUSG00000048756;ENSMUSG00000039936;ENSMUSG00000021262;ENSMUSG00000048126;ENSMUSG00000072235;ENSMUSG00000020176;ENSMUSG00000020241;ENSMUSG00000023004;ENSMUSG00000021270;ENSMUSG00000008348;ENSMUSG00000031740;ENSMUSG00000045382;ENSMUSG00000026837;ENSMUSG00000022103;ENSMUSG00000053158;ENSMUSG00000028064;ENSMUSG00000052397;ENSMUSG00000027200;ENSMUSG00000042453;ENSMUSG00000030774;ENSMUSG00000026259;ENSMUSG00000039115;ENSMUSG00000025810;ENSMUSG00000019312;ENSMUSG00000031207;ENSMUSG00000054855;ENSMUSG00000034593;ENSMUSG00000040990;ENSMUSG00000014599;ENSMUSG00000018604;ENSMUSG00000019966;ENSMUSG00000021451;ENSMUSG00000019843;ENSMUSG00000022218;ENSMUSG00000039252			False	False	True	True
liver	R-MMU-1280215_CYTOKINE_SIGNALING_IN_IMMUNE_SYSTEM	-0.004452059220345239	10	6	4	-0.0007879276522354477	9	5	4	-0.004536063176664345	10.0	5.0	5.0	-0.004913533881743319	9.0	4.0	5.0	-1.340259077479581	0.035637149028077755	0.4253105020826079	ENSMUSG00000023274;ENSMUSG00000090877;ENSMUSG00000091971;ENSMUSG00000027398;ENSMUSG00000031304;ENSMUSG00000071713;ENSMUSG00000024621;ENSMUSG00000046688;ENSMUSG00000028270;ENSMUSG00000032089;ENSMUSG00000032596;ENSMUSG00000054263;ENSMUSG00000021457;ENSMUSG00000028028;ENSMUSG00000028037;ENSMUSG00000105504;ENSMUSG00000003283;ENSMUSG00000022372;ENSMUSG00000048756;ENSMUSG00000026981;ENSMUSG00000039936;ENSMUSG00000070427;ENSMUSG00000019942;ENSMUSG00000072235;ENSMUSG00000021250;ENSMUSG00000020176;ENSMUSG00000034116;ENSMUSG00000023004;ENSMUSG00000003882;ENSMUSG00000002983;ENSMUSG00000081058;ENSMUSG00000008348;ENSMUSG00000019960;ENSMUSG00000025225;ENSMUSG00000069310;ENSMUSG00000093661;ENSMUSG00000028599;ENSMUSG00000040033;ENSMUSG00000017057;ENSMUSG00000026288;ENSMUSG00000074151;ENSMUSG00000026072;ENSMUSG00000069267;ENSMUSG00000021948;ENSMUSG00000041827;ENSMUSG00000025889;ENSMUSG00000055737;ENSMUSG00000014599;ENSMUSG00000023341;ENSMUSG00000027078;ENSMUSG00000035692;ENSMUSG00000034457;ENSMUSG00000019843			False	False	True	True
liver	R-MMU-1280218_ADAPTIVE_IMMUNE_SYSTEM	-0.02731709639167395	10	4	6	-0.03020494627910862	9	3	6	-0.009012537251206423	10.0	3.0	7.0	-0.009097751979691199	9.0	2.0	7.0	-1.6921059641068306	0.0	0.055719324190407135	ENSMUSG00000024610;ENSMUSG00000070348;ENSMUSG00000073421;ENSMUSG00000060586;ENSMUSG00000036594;ENSMUSG00000037649;ENSMUSG00000023274;ENSMUSG00000079547;ENSMUSG00000001281;ENSMUSG00000026395;ENSMUSG00000027009;ENSMUSG00000055541;ENSMUSG00000038642;ENSMUSG00000061132;ENSMUSG00000015340;ENSMUSG00000038179;ENSMUSG00000034783;ENSMUSG00000046245;ENSMUSG00000030830;ENSMUSG00000040592;ENSMUSG00000022901;ENSMUSG00000027322;ENSMUSG00000015947;ENSMUSG00000032596;ENSMUSG00000015950;ENSMUSG00000021457;ENSMUSG00000024338;ENSMUSG00000023015;ENSMUSG00000000290;ENSMUSG00000026581;ENSMUSG00000060550;ENSMUSG00000048498;ENSMUSG00000020901;ENSMUSG00000034641;ENSMUSG00000031838;ENSMUSG00000051682;ENSMUSG00000026480;ENSMUSG00000002699;ENSMUSG00000030468;ENSMUSG00000003379;ENSMUSG00000032254;ENSMUSG00000105906;ENSMUSG00000045328;ENSMUSG00000034330;ENSMUSG00000034311;ENSMUSG00000039936;ENSMUSG00000071715;ENSMUSG00000025492;ENSMUSG00000006398;ENSMUSG00000006519;ENSMUSG00000072235;ENSMUSG00000030474;ENSMUSG00000001403;ENSMUSG00000076498;ENSMUSG00000074491;ENSMUSG00000026117;ENSMUSG00000016496;ENSMUSG00000034116;ENSMUSG00000012443;ENSMUSG00000070327;ENSMUSG00000037321;ENSMUSG00000023004;ENSMUSG00000025491;ENSMUSG00000081058;ENSMUSG00000008348;ENSMUSG00000022148;ENSMUSG00000075031;ENSMUSG00000063193;ENSMUSG00000031897;ENSMUSG00000026712;ENSMUSG00000069310;ENSMUSG00000005763			False	False	True	True
liver	R-MMU-141424_AMPLIFICATION_OF_SIGNAL_FROM_THE_KINETOCHORES	0.00013910784024595622	10	6	4	0.00012554451331561276	9	6	3	-0.005531338154009963	10.0	4.0	6.0	-0.006509401391133204	9.0	4.0	5.0	-1.4215465351968146	0.04628501827040195	0.3222098286506472	ENSMUSG00000026605;ENSMUSG00000029414;ENSMUSG00000027379;ENSMUSG00000045328;ENSMUSG00000029177;ENSMUSG00000026683;ENSMUSG00000006398;ENSMUSG00000024056;ENSMUSG00000020897;ENSMUSG00000024660;ENSMUSG00000050621;ENSMUSG00000040084;ENSMUSG00000029910;ENSMUSG00000028678;ENSMUSG00000026039			False	False	False	False
liver	R-MMU-141444_AMPLIFICATION_OF_SIGNAL_FROM_UNATTACHED_KINETOCHORES_VIA_A_MAD2_INHIBITORY_SIGNAL	0.000823433321836993	10	9	1	0.0007992054494485108	9	8	1	-0.005531338154009963	10.0	4.0	6.0	-0.006509401391133204	9.0	4.0	5.0	-1.4215465351968146	0.04628501827040195	0.3222098286506472	ENSMUSG00000026605;ENSMUSG00000029414;ENSMUSG00000027379;ENSMUSG00000045328;ENSMUSG00000029177;ENSMUSG00000026683;ENSMUSG00000006398;ENSMUSG00000024056;ENSMUSG00000020897;ENSMUSG00000024660;ENSMUSG00000050621;ENSMUSG00000040084;ENSMUSG00000029910;ENSMUSG00000028678;ENSMUSG00000026039			False	False	False	False
liver	R-MMU-1428517_AEROBIC_RESPIRATION_AND_RESPIRATORY_ELECTRON_TRANSPORT	-0.002710266694119097	10	5	5	-0.002391934383756669	9	4	5	0.001278009374795447	10.0	5.0	5.0	0.001696018216586881	9.0	5.0	4.0	-0.578347609342082	0.9744835965978129	0.998467373920002	ENSMUSG00000116207;ENSMUSG00000064354;ENSMUSG00000025981;ENSMUSG00000008348;ENSMUSG00000032294;ENSMUSG00000033685;ENSMUSG00000032418			False	False	False	True
liver	R-MMU-1430728_METABOLISM	0.053712023794957806	10	7	3	0.05059499442825999	9	7	2															False	False	False	False
liver	R-MMU-1442490_COLLAGEN_DEGRADATION	-0.03772853850723641	10	4	6	-0.03232312588211453	9	3	6	-0.0037549731551503136	10.0	5.0	5.0	-0.004254739925826281	9.0	4.0	5.0	-1.1482305917220295	0.2934131736526946	0.7098481548229536	ENSMUSG00000026043;ENSMUSG00000028339;ENSMUSG00000026042;ENSMUSG00000031790;ENSMUSG00000048126;ENSMUSG00000020241;ENSMUSG00000031740;ENSMUSG00000026837			False	False	True	True
liver	R-MMU-1474228_DEGRADATION_OF_THE_EXTRACELLULAR_MATRIX	0.02033504506063367	10	7	3	0.017068325834566522	9	6	3	-0.00489134662646183	10.0	2.0	8.0	-0.005265067396938815	9.0	1.0	8.0	-1.1581367213672484	0.2451539338654504	0.7015455700417561	ENSMUSG00000026043;ENSMUSG00000038642;ENSMUSG00000028339;ENSMUSG00000006205;ENSMUSG00000005087;ENSMUSG00000026042;ENSMUSG00000025473;ENSMUSG00000031790;ENSMUSG00000048126;ENSMUSG00000020241;ENSMUSG00000022894;ENSMUSG00000031740;ENSMUSG00000026837			False	False	False	False
liver	R-MMU-1474244_EXTRACELLULAR_MATRIX_ORGANIZATION	-0.1103106972647077	10	3	7	-0.11097995648459584	9	2	7	-0.0052343222469615255	10.0	2.0	8.0	-0.005571553706712602	9.0	1.0	8.0	-1.36661896802322	0.03167898627243928	0.4092240941506751	ENSMUSG00000026043;ENSMUSG00000001281;ENSMUSG00000027009;ENSMUSG00000070436;ENSMUSG00000038642;ENSMUSG00000028339;ENSMUSG00000030830;ENSMUSG00000030789;ENSMUSG00000006205;ENSMUSG00000029661;ENSMUSG00000045672;ENSMUSG00000000290;ENSMUSG00000005087;ENSMUSG00000026042;ENSMUSG00000029718;ENSMUSG00000026768;ENSMUSG00000022371;ENSMUSG00000024053;ENSMUSG00000025473;ENSMUSG00000025743;ENSMUSG00000021613;ENSMUSG00000031790;ENSMUSG00000048126;ENSMUSG00000025185;ENSMUSG00000020672;ENSMUSG00000028364;ENSMUSG00000026674;ENSMUSG00000020241;ENSMUSG00000001870;ENSMUSG00000011256;ENSMUSG00000022894;ENSMUSG00000031740;ENSMUSG00000034205;ENSMUSG00000026837;ENSMUSG00000036545;ENSMUSG00000031375;ENSMUSG00000021186;ENSMUSG00000021806;ENSMUSG00000021614;ENSMUSG00000037405;ENSMUSG00000027204;ENSMUSG00000033327;ENSMUSG00000039115;ENSMUSG00000032334;ENSMUSG00000040488;ENSMUSG00000040690;ENSMUSG00000024940	Extracellular matrix organization	context_sensitive	False	True	True	True
liver	R-MMU-1474290_COLLAGEN_FORMATION	-0.07869108526633112	10	1	9	-0.07643621458163775	9	1	8	-0.010404057756460633	10.0	2.0	8.0	-0.011743372489143835	9.0	2.0	7.0	-1.3792255917228977	0.06769596199524941	0.3771470080492409	ENSMUSG00000026043;ENSMUSG00000070436;ENSMUSG00000038642;ENSMUSG00000028339;ENSMUSG00000029661;ENSMUSG00000045672;ENSMUSG00000026042;ENSMUSG00000029718;ENSMUSG00000022371;ENSMUSG00000048126;ENSMUSG00000025185;ENSMUSG00000020241;ENSMUSG00000034205;ENSMUSG00000026837;ENSMUSG00000036545			False	False	True	True
liver	R-MMU-1483206_GLYCEROPHOSPHOLIPID_BIOSYNTHESIS	0.09144514946428464	10	7	3	0.1102346608835967	9	6	3	0.010146291544205068	10.0	7.0	3.0	0.011129276830036948	9.0	7.0	2.0	1.7355494501723716	0.012903225806451613	0.060292876943473545	ENSMUSG00000029314;ENSMUSG00000050860;ENSMUSG00000027999;ENSMUSG00000019232;ENSMUSG00000025509;ENSMUSG00000023019;ENSMUSG00000060002;ENSMUSG00000033174;ENSMUSG00000028655;ENSMUSG00000020553			False	False	True	True
liver	R-MMU-1483257_PHOSPHOLIPID_METABOLISM	0.04821539840331542	10	8	2	0.053711588892572694	9	7	2	0.007747107718863699	10.0	8.0	2.0	0.008918940225915713	9.0	7.0	2.0	1.3953242955701342	0.029850746268656716	0.3321983849584187	ENSMUSG00000029314;ENSMUSG00000050860;ENSMUSG00000027999;ENSMUSG00000019232;ENSMUSG00000025509;ENSMUSG00000023019;ENSMUSG00000060002;ENSMUSG00000033174;ENSMUSG00000028655;ENSMUSG00000020553			False	False	True	True
liver	R-MMU-1500931_CELL_CELL_COMMUNICATION	-0.071858405417455	10	4	6	-0.07128079173368018	9	3	6	-0.002405161924987645	10.0	7.0	3.0	-0.0019642878376173434	9.0	6.0	3.0	-1.0269440200173559	0.43921139101861995	0.8920452135039478	ENSMUSG00000030579;ENSMUSG00000038642;ENSMUSG00000037902;ENSMUSG00000072115;ENSMUSG00000002289;ENSMUSG00000081058;ENSMUSG00000008348;ENSMUSG00000011256;ENSMUSG00000022148;ENSMUSG00000075031;ENSMUSG00000041112;ENSMUSG00000069310;ENSMUSG00000030536;ENSMUSG00000015143;ENSMUSG00000062727;ENSMUSG00000061615;ENSMUSG00000069300;ENSMUSG00000069267;ENSMUSG00000006219;ENSMUSG00000071478;ENSMUSG00000019843;ENSMUSG00000058385;ENSMUSG00000031328;ENSMUSG00000031871;ENSMUSG00000027646;ENSMUSG00000094248;ENSMUSG00000018102;ENSMUSG00000026872;ENSMUSG00000069305;ENSMUSG00000094338;ENSMUSG00000040511;ENSMUSG00000027947;ENSMUSG00000093769;ENSMUSG00000069265;ENSMUSG00000095217;ENSMUSG00000037712;ENSMUSG00000069307;ENSMUSG00000094777;ENSMUSG00000064288;ENSMUSG00000101645			False	False	True	True
liver	R-MMU-156580_PHASE_II_CONJUGATION_OF_COMPOUNDS	-0.0036902586889964923	10	7	3	-0.012366138411054294	9	6	3	0.003976361096489728	10.0	6.0	4.0	0.0036097999008549864	9.0	6.0	3.0	-1.0906122754153023	0.34174311926605505	0.7629181968796781	ENSMUSG00000061906;ENSMUSG00000057425;ENSMUSG00000032310;ENSMUSG00000035836;ENSMUSG00000004038;ENSMUSG00000089943;ENSMUSG00000068762;ENSMUSG00000060803			False	False	False	True
liver	R-MMU-156588_GLUCURONIDATION	-0.06371080171663243	10	2	8	-0.06195416884387731	9	2	7	-0.0045257366764137	10.0	3.0	7.0	-0.0055996649137682935	9.0	2.0	7.0	-1.6060959274424893	0.008674101610904586	0.13780883848105263	ENSMUSG00000061906;ENSMUSG00000057425;ENSMUSG00000035836;ENSMUSG00000089943			False	False	True	True
liver	R-MMU-156590_GLUTATHIONE_CONJUGATION	0.029082913687851448	10	6	4	0.022503834227242336	9	5	4	0.007759530127768635	10.0	7.0	3.0	0.007757889472845935	9.0	7.0	2.0	1.1360817206163722	0.2826086956521739	0.7019103290345908	ENSMUSG00000057933;ENSMUSG00000026688;ENSMUSG00000074183;ENSMUSG00000032350;ENSMUSG00000033318;ENSMUSG00000111709;ENSMUSG00000040471;ENSMUSG00000027313	Glutathione conjugation	context_sensitive	False	True	True	True
liver	R-MMU-1566948_ELASTIC_FIBRE_FORMATION	-0.01757891295520122	10	4	6	-0.020112829235937865	9	4	5	-0.0005269582778711701	10.0	6.0	4.0	-0.0005926924983291939	9.0	6.0	3.0	-1.0636313806485902	0.3894230769230769	0.8152055662790361	ENSMUSG00000026768;ENSMUSG00000024053;ENSMUSG00000025185;ENSMUSG00000001870;ENSMUSG00000034205;ENSMUSG00000021186;ENSMUSG00000027204;ENSMUSG00000032334;ENSMUSG00000040488;ENSMUSG00000024940			False	False	True	True
liver	R-MMU-157579_TELOMERE_MAINTENANCE	0.015147520568646797	10	7	3	0.017541365232358875	9	6	3	0.0014488544625233773	10.0	6.0	4.0	0.0011229205412425563	9.0	6.0	3.0	-1.0113955125852938	0.4821002386634845	0.8940824853760506	ENSMUSG00000027715;ENSMUSG00000021611;ENSMUSG00000075031;ENSMUSG00000056394;ENSMUSG00000062727;ENSMUSG00000061615;ENSMUSG00000069300;ENSMUSG00000071478;ENSMUSG00000058385;ENSMUSG00000094248;ENSMUSG00000018102;ENSMUSG00000069305;ENSMUSG00000094338;ENSMUSG00000095217;ENSMUSG00000069307;ENSMUSG00000094777;ENSMUSG00000041064;ENSMUSG00000064288			False	False	True	False
liver	R-MMU-157858_GAP_JUNCTION_TRAFFICKING_AND_REGULATION	0.017091814583902003	10	4	6	0.016862090121795875	9	4	5	0.008212649061956052	10.0	8.0	2.0	0.00793574725440531	9.0	7.0	2.0	1.1528004272971872	0.2660098522167488	0.7171047585655275	ENSMUSG00000030137;ENSMUSG00000058672;ENSMUSG00000036752;ENSMUSG00000062825;ENSMUSG00000026202;ENSMUSG00000043091;ENSMUSG00000050953			False	False	True	True
liver	R-MMU-15869_METABOLISM_OF_NUCLEOTIDES	-0.028206694474856398	10	3	7	-0.03202118856994629	9	3	6	0.005578579758622179	10.0	7.0	3.0	0.006142645702560978	9.0	7.0	2.0	0.9282769100922459	0.558282208588957	0.953242624328559	ENSMUSG00000022615;ENSMUSG00000028755;ENSMUSG00000021591;ENSMUSG00000021236;ENSMUSG00000045211;ENSMUSG00000032420			False	False	False	False
liver	R-MMU-162582_SIGNAL_TRANSDUCTION	-0.030183704145309596	10	4	6	-0.02770787656357153	9	3	6															False	False	False	False
liver	R-MMU-1630316_GLYCOSAMINOGLYCAN_METABOLISM	-0.03930497797692755	10	2	8	-0.03574910784208882	9	2	7	-0.0030308240720729684	10.0	3.0	7.0	-0.0027153382415461597	9.0	3.0	6.0	-1.1097146309322492	0.34265734265734266	0.7693302141016909	ENSMUSG00000005087;ENSMUSG00000020330;ENSMUSG00000041559;ENSMUSG00000025743;ENSMUSG00000039497;ENSMUSG00000035273;ENSMUSG00000017929;ENSMUSG00000031375;ENSMUSG00000022822;ENSMUSG00000024899;ENSMUSG00000070407;ENSMUSG00000021614;ENSMUSG00000056124;ENSMUSG00000021390;ENSMUSG00000035459;ENSMUSG00000036446;ENSMUSG00000021665;ENSMUSG00000010051;ENSMUSG00000041936;ENSMUSG00000055653;ENSMUSG00000041577;ENSMUSG00000025232			False	False	True	True
liver	R-MMU-163125_POST_TRANSLATIONAL_MODIFICATION_SYNTHESIS_OF_GPI_ANCHORED_PROTEINS	-0.06514546287258131	10	3	7	-0.07081453937641309	9	2	7	-0.0063375263059816415	10.0	3.0	7.0	-0.0070757563753530185	9.0	3.0	6.0	-1.4465257918795853	0.030562347188264057	0.2947373901538268	ENSMUSG00000032725;ENSMUSG00000000682;ENSMUSG00000022587;ENSMUSG00000059089;ENSMUSG00000063011			False	False	True	True
liver	R-MMU-1632852_MACROAUTOPHAGY	-0.0012178593336144164	10	4	6	-0.001387208502904907	9	4	5	0.00023210307443430957	10.0	5.0	5.0	-0.0005343962166043921	9.0	5.0	4.0	-0.5815072317304433	0.9586877278250304	1.0	ENSMUSG00000047767;ENSMUSG00000026728;ENSMUSG00000072235;ENSMUSG00000023004;ENSMUSG00000008348			False	False	False	True
liver	R-MMU-163685_INTEGRATION_OF_ENERGY_METABOLISM	0.0018140464739176848	10	7	3	0.0017962105913371098	9	6	3	0.0022281272126236963	10.0	4.0	6.0	0.002782854755525347	9.0	3.0	6.0	-0.5289435935186061	0.979746835443038	0.9964681766963445	ENSMUSG00000038811;ENSMUSG00000024697;ENSMUSG00000032883;ENSMUSG00000069662;ENSMUSG00000003352;ENSMUSG00000043004;ENSMUSG00000042644			False	False	True	False
liver	R-MMU-1638074_KERATAN_SULFATE_KERATIN_METABOLISM	-0.00018670302547039706	10	4	6	-1.1167096818959684e-05	9	4	5	0.0001057614134850858	10.0	4.0	6.0	0.0010709197992229862	9.0	4.0	5.0	-0.8050743948725215	0.7602040816326531	0.9350801490384133	ENSMUSG00000041559;ENSMUSG00000017929;ENSMUSG00000056124;ENSMUSG00000021390;ENSMUSG00000036446;ENSMUSG00000021665;ENSMUSG00000041577;ENSMUSG00000025232			False	False	False	True
liver	R-MMU-1640170_CELL_CYCLE	-0.12611435471694016	10	3	7	-0.14154732931511874	9	3	6	-0.0006764646223791721	10.0	6.0	4.0	-0.0015461515660556394	9.0	5.0	4.0	-1.35874410702602	0.022058823529411766	0.3949808106809433	ENSMUSG00000070348;ENSMUSG00000005410;ENSMUSG00000026605;ENSMUSG00000017499;ENSMUSG00000027715;ENSMUSG00000029414;ENSMUSG00000032254;ENSMUSG00000020330;ENSMUSG00000027379;ENSMUSG00000045328;ENSMUSG00000042029;ENSMUSG00000029177;ENSMUSG00000026683;ENSMUSG00000023908;ENSMUSG00000007080;ENSMUSG00000019942;ENSMUSG00000006398;ENSMUSG00000072235;ENSMUSG00000031016;ENSMUSG00000022034;ENSMUSG00000001517;ENSMUSG00000027323;ENSMUSG00000024056;ENSMUSG00000001403;ENSMUSG00000042489;ENSMUSG00000015880;ENSMUSG00000026355;ENSMUSG00000027469;ENSMUSG00000041431;ENSMUSG00000026669;ENSMUSG00000002068;ENSMUSG00000020897;ENSMUSG00000023004;ENSMUSG00000032218;ENSMUSG00000030091;ENSMUSG00000021611;ENSMUSG00000018983;ENSMUSG00000021270;ENSMUSG00000081058;ENSMUSG00000024660;ENSMUSG00000008348;ENSMUSG00000022673;ENSMUSG00000035455;ENSMUSG00000075031;ENSMUSG00000069310;ENSMUSG00000050621;ENSMUSG00000002870;ENSMUSG00000040084;ENSMUSG00000029910;ENSMUSG00000031821;ENSMUSG00000056394;ENSMUSG00000062727;ENSMUSG00000044783;ENSMUSG00000061615;ENSMUSG00000041859;ENSMUSG00000069300;ENSMUSG00000069267;ENSMUSG00000038252;ENSMUSG00000058290;ENSMUSG00000034906;ENSMUSG00000028678;ENSMUSG00000027330;ENSMUSG00000026039;ENSMUSG00000071478;ENSMUSG00000058385;ENSMUSG00000047534;ENSMUSG00000024791;ENSMUSG00000028312			False	False	True	True
liver	R-MMU-1650814_COLLAGEN_BIOSYNTHESIS_AND_MODIFYING_ENZYMES	0.008499942989378052	10	5	5	0.008094634689256024	9	5	4	-0.010542180142540006	10.0	3.0	7.0	-0.01180508330629084	9.0	3.0	6.0	-1.3853310818283457	0.07503075030750307	0.37348356974345304	ENSMUSG00000026043;ENSMUSG00000070436;ENSMUSG00000028339;ENSMUSG00000029661;ENSMUSG00000045672;ENSMUSG00000026042;ENSMUSG00000029718;ENSMUSG00000022371;ENSMUSG00000048126;ENSMUSG00000020241;ENSMUSG00000026837;ENSMUSG00000036545			False	False	False	False
liver	R-MMU-166016_TOLL_LIKE_RECEPTOR_4_TLR4_CASCADE	0.1945450405277786	10	9	1	0.19735534816578573	9	8	1	-0.0028094185589445397	10.0	6.0	4.0	-0.0036291793006475465	9.0	5.0	4.0	-1.3211441925902545	0.10332541567695962	0.4506622778904063	ENSMUSG00000046688;ENSMUSG00000021423;ENSMUSG00000000290;ENSMUSG00000028028;ENSMUSG00000021624;ENSMUSG00000034330;ENSMUSG00000025498;ENSMUSG00000051439;ENSMUSG00000021250;ENSMUSG00000008348;ENSMUSG00000019960;ENSMUSG00000025225			True	False	False	False
liver	R-MMU-166058_MYD88_MAL_TIRAP_CASCADE_INITIATED_ON_PLASMA_MEMBRANE	0.0029051562207118215	10	9	1	0.0030096078286480556	9	8	1	-2.4931388630543282e-06	10.0	6.0	4.0	-0.0008303061862109468	9.0	6.0	3.0	-0.9754278305967009	0.5181932245922208	0.8688973215313941	ENSMUSG00000046688;ENSMUSG00000028028;ENSMUSG00000021250;ENSMUSG00000008348;ENSMUSG00000019960;ENSMUSG00000025225;ENSMUSG00000074151			False	False	False	False
liver	R-MMU-166166_MYD88_INDEPENDENT_TLR4_CASCADE	0.0003264769885365129	10	5	5	-0.00021664186144091147	9	4	5	-0.00189611751905825	10.0	6.0	4.0	-0.00315331943299248	9.0	5.0	4.0	-1.0933788942038252	0.35049019607843135	0.759608509912696	ENSMUSG00000046688;ENSMUSG00000028028;ENSMUSG00000025498;ENSMUSG00000051439;ENSMUSG00000021250;ENSMUSG00000008348;ENSMUSG00000019960;ENSMUSG00000025225;ENSMUSG00000074151			False	False	False	False
liver	R-MMU-166520_SIGNALING_BY_NTRKS	-0.0009624288911306599	10	3	7	-0.0009242343445631672	9	3	6	0.0001895198912638167	10.0	6.0	4.0	0.0011701758407929334	9.0	5.0	4.0	-0.8825729943728333	0.6662576687116565	0.8658700326956562	ENSMUSG00000025402;ENSMUSG00000055254;ENSMUSG00000019960;ENSMUSG00000027859;ENSMUSG00000019843;ENSMUSG00000027646;ENSMUSG00000037868;ENSMUSG00000032577			False	False	False	True
liver	R-MMU-166658_COMPLEMENT_CASCADE	-0.14197568629130491	10	2	8	-0.15720329786335463	9	1	8	-0.012780387761709047	10.0	1.0	9.0	-0.013492242353828007	9.0	0.0	9.0	-1.562199089598108	0.010856453558504222	0.15751288553344628	ENSMUSG00000022181;ENSMUSG00000022149;ENSMUSG00000036887;ENSMUSG00000036896;ENSMUSG00000001128;ENSMUSG00000036905;ENSMUSG00000024371;ENSMUSG00000105906;ENSMUSG00000076614;ENSMUSG00000026938;ENSMUSG00000040552;ENSMUSG00000029656;ENSMUSG00000021999;ENSMUSG00000035031;ENSMUSG00000076612;ENSMUSG00000073418;ENSMUSG00000061780;ENSMUSG00000036655;ENSMUSG00000026874;ENSMUSG00000022037			False	False	True	True
liver	R-MMU-166663_INITIAL_TRIGGERING_OF_COMPLEMENT	-0.03870027355075317	10	3	7	-0.03640236196115432	9	3	6	-0.017556813258868324	10.0	1.0	9.0	-0.017701705651341042	9.0	0.0	9.0	-1.5400868578303726	0.02012578616352201	0.19203937865432139	ENSMUSG00000036887;ENSMUSG00000036896;ENSMUSG00000001128;ENSMUSG00000036905;ENSMUSG00000024371;ENSMUSG00000105906;ENSMUSG00000076614;ENSMUSG00000026938;ENSMUSG00000076612;ENSMUSG00000073418;ENSMUSG00000061780;ENSMUSG00000036655			False	False	True	True
liver	R-MMU-168138_TOLL_LIKE_RECEPTOR_9_TLR9_CASCADE	0.0034320713248511326	10	6	4	0.0032212129842261266	9	6	3	-0.00322375499957295	10.0	5.0	5.0	-0.004565908695800604	9.0	4.0	5.0	-1.2439668317545747	0.16377171215880892	0.58096279191937	ENSMUSG00000046688;ENSMUSG00000029771;ENSMUSG00000028028;ENSMUSG00000025498;ENSMUSG00000051439;ENSMUSG00000021250;ENSMUSG00000008348;ENSMUSG00000019960;ENSMUSG00000025225			False	False	False	False
liver	R-MMU-168142_TOLL_LIKE_RECEPTOR_10_TLR10_CASCADE	-0.0013272310338723167	10	2	8	-0.0013505249498845847	9	2	7	-2.4931388630543282e-06	10.0	6.0	4.0	-0.0008303061862109468	9.0	6.0	3.0	-0.9754278305967009	0.5181932245922208	0.8688973215313941	ENSMUSG00000046688;ENSMUSG00000028028;ENSMUSG00000021250;ENSMUSG00000008348;ENSMUSG00000019960;ENSMUSG00000025225;ENSMUSG00000074151			False	False	True	True
liver	R-MMU-168164_TOLL_LIKE_RECEPTOR_3_TLR3_CASCADE	-0.002172628923797733	10	4	6	-0.00239310264365092	9	3	6	-0.0015488632201667491	10.0	6.0	4.0	-0.0025389854395355535	9.0	5.0	4.0	-1.0625938653391436	0.4027603513174404	0.8129467535240334	ENSMUSG00000046688;ENSMUSG00000028028;ENSMUSG00000025498;ENSMUSG00000021250;ENSMUSG00000008348;ENSMUSG00000019960;ENSMUSG00000025225;ENSMUSG00000074151			False	False	True	True
liver	R-MMU-168176_TOLL_LIKE_RECEPTOR_5_TLR5_CASCADE	-0.003341918969097202	10	3	7	-0.003775199074076256	9	3	6	-2.4931388630543282e-06	10.0	6.0	4.0	-0.0008303061862109468	9.0	6.0	3.0	-0.9754278305967009	0.5181932245922208	0.8688973215313941	ENSMUSG00000046688;ENSMUSG00000028028;ENSMUSG00000021250;ENSMUSG00000008348;ENSMUSG00000019960;ENSMUSG00000025225;ENSMUSG00000074151			False	False	True	True
liver	R-MMU-168181_TOLL_LIKE_RECEPTOR_7_8_TLR7_8_CASCADE	-0.00034439580716937485	10	7	3	-0.0003751877176167658	9	6	3	-0.0036220674262230934	10.0	5.0	5.0	-0.00503035046231767	9.0	4.0	5.0	-1.3272828468534819	0.10246913580246914	0.4521254975251244	ENSMUSG00000046688;ENSMUSG00000029771;ENSMUSG00000028028;ENSMUSG00000044583;ENSMUSG00000025498;ENSMUSG00000051439;ENSMUSG00000021250;ENSMUSG00000008348;ENSMUSG00000019960;ENSMUSG00000025225			False	False	True	True
liver	R-MMU-168188_TOLL_LIKE_RECEPTOR_TLR6_TLR2_CASCADE	0.0016209061852318907	10	8	2	0.001701461561871413	9	7	2	-2.4931388630543282e-06	10.0	6.0	4.0	-0.0008303061862109468	9.0	6.0	3.0	-0.9754278305967009	0.5181932245922208	0.8688973215313941	ENSMUSG00000046688;ENSMUSG00000028028;ENSMUSG00000021250;ENSMUSG00000008348;ENSMUSG00000019960;ENSMUSG00000025225;ENSMUSG00000074151			False	False	False	False
liver	R-MMU-168249_INNATE_IMMUNE_SYSTEM	0.008171063323000511	10	3	7	0.0061268797610058556	9	3	6	-0.008547036168801514	10.0	2.0	8.0	-0.00925595689568349	9.0	1.0	8.0	-1.7815050381995432	0.0	0.023611399014875575	ENSMUSG00000027533;ENSMUSG00000029380;ENSMUSG00000032725;ENSMUSG00000023274;ENSMUSG00000022181;ENSMUSG00000090877;ENSMUSG00000026536;ENSMUSG00000069516;ENSMUSG00000020917;ENSMUSG00000026395;ENSMUSG00000022149;ENSMUSG00000091971;ENSMUSG00000055541;ENSMUSG00000059089;ENSMUSG00000030579;ENSMUSG00000038642;ENSMUSG00000025877;ENSMUSG00000029322;ENSMUSG00000027398;ENSMUSG00000015340;ENSMUSG00000030830;ENSMUSG00000009292;ENSMUSG00000039899;ENSMUSG00000018774;ENSMUSG00000046688;ENSMUSG00000030789;ENSMUSG00000045551;ENSMUSG00000040747;ENSMUSG00000056071;ENSMUSG00000036887;ENSMUSG00000054203;ENSMUSG00000036896;ENSMUSG00000052160;ENSMUSG00000015947;ENSMUSG00000090272;ENSMUSG00000023349;ENSMUSG00000033220;ENSMUSG00000017002;ENSMUSG00000058099;ENSMUSG00000040522;ENSMUSG00000001128;ENSMUSG00000015950;ENSMUSG00000002885;ENSMUSG00000056054;ENSMUSG00000053063;ENSMUSG00000021457;ENSMUSG00000020143;ENSMUSG00000021423;ENSMUSG00000029771;ENSMUSG00000000290;ENSMUSG00000026581;ENSMUSG00000046718;ENSMUSG00000028028;ENSMUSG00000022488;ENSMUSG00000005087;ENSMUSG00000060550;ENSMUSG00000026177;ENSMUSG00000036905;ENSMUSG00000058715;ENSMUSG00000073489;ENSMUSG00000060803;ENSMUSG00000043832;ENSMUSG00000039196;ENSMUSG00000048498;ENSMUSG00000021624;ENSMUSG00000024371;ENSMUSG00000026480;ENSMUSG00000002699;ENSMUSG00000030468;ENSMUSG00000017390;ENSMUSG00000031441;ENSMUSG00000044583;ENSMUSG00000098112;ENSMUSG00000003283;ENSMUSG00000105906;ENSMUSG00000034330;ENSMUSG00000025473;ENSMUSG00000047963;ENSMUSG00000027995;ENSMUSG00000076614;ENSMUSG00000056888;ENSMUSG00000071715;ENSMUSG00000073940;ENSMUSG00000025498;ENSMUSG00000006519;ENSMUSG00000026938;ENSMUSG00000051439;ENSMUSG00000040552;ENSMUSG00000030474;ENSMUSG00000037902;ENSMUSG00000021250;ENSMUSG00000020340;ENSMUSG00000044827;ENSMUSG00000034116;ENSMUSG00000029656;ENSMUSG00000021069;ENSMUSG00000032561;ENSMUSG00000028976;ENSMUSG00000029082;ENSMUSG00000002983;ENSMUSG00000035273;ENSMUSG00000072596;ENSMUSG00000028874;ENSMUSG00000000594;ENSMUSG00000057729;ENSMUSG00000021270;ENSMUSG00000008348;ENSMUSG00000036908;ENSMUSG00000019960;ENSMUSG00000063193;ENSMUSG00000025225;ENSMUSG00000041112;ENSMUSG00000031825;ENSMUSG00000021999;ENSMUSG00000027907;ENSMUSG00000035031			False	False	False	False
liver	R-MMU-168256_IMMUNE_SYSTEM	-0.20061652107533617	10	3	7	-0.20525264854931535	9	2	7	-0.009010106900107163	10.0	2.0	8.0	-0.009482770787649331	9.0	1.0	8.0	-1.7747478527831066	0.0	0.022258662612981664	ENSMUSG00000027533;ENSMUSG00000024610;ENSMUSG00000029380;ENSMUSG00000070348;ENSMUSG00000073421;ENSMUSG00000060586;ENSMUSG00000036594;ENSMUSG00000032725;ENSMUSG00000037649;ENSMUSG00000023274;ENSMUSG00000079547;ENSMUSG00000022181;ENSMUSG00000090877;ENSMUSG00000026536;ENSMUSG00000069516;ENSMUSG00000020917;ENSMUSG00000001281;ENSMUSG00000026395;ENSMUSG00000022149;ENSMUSG00000027009;ENSMUSG00000091971;ENSMUSG00000055541;ENSMUSG00000059089;ENSMUSG00000030579;ENSMUSG00000038642;ENSMUSG00000025877;ENSMUSG00000029322;ENSMUSG00000027398;ENSMUSG00000061132;ENSMUSG00000031304;ENSMUSG00000015340;ENSMUSG00000038179;ENSMUSG00000071713;ENSMUSG00000034783;ENSMUSG00000046245;ENSMUSG00000024621;ENSMUSG00000030830;ENSMUSG00000009292;ENSMUSG00000039899;ENSMUSG00000018774;ENSMUSG00000046688;ENSMUSG00000030789;ENSMUSG00000045551;ENSMUSG00000040592;ENSMUSG00000022901;ENSMUSG00000040747;ENSMUSG00000056071;ENSMUSG00000036887;ENSMUSG00000054203;ENSMUSG00000028270;ENSMUSG00000027322;ENSMUSG00000036896;ENSMUSG00000052160;ENSMUSG00000015947;ENSMUSG00000090272;ENSMUSG00000023349;ENSMUSG00000033220;ENSMUSG00000017002;ENSMUSG00000058099;ENSMUSG00000032089;ENSMUSG00000040522;ENSMUSG00000032596;ENSMUSG00000001128;ENSMUSG00000015950;ENSMUSG00000054263;ENSMUSG00000002885;ENSMUSG00000056054;ENSMUSG00000053063;ENSMUSG00000021457;ENSMUSG00000020143;ENSMUSG00000021423;ENSMUSG00000024338;ENSMUSG00000029771;ENSMUSG00000023015;ENSMUSG00000000290;ENSMUSG00000026581;ENSMUSG00000046718;ENSMUSG00000028028;ENSMUSG00000028037;ENSMUSG00000022488;ENSMUSG00000005087;ENSMUSG00000060550;ENSMUSG00000105504;ENSMUSG00000026177;ENSMUSG00000036905;ENSMUSG00000058715;ENSMUSG00000073489;ENSMUSG00000060803;ENSMUSG00000043832;ENSMUSG00000039196;ENSMUSG00000048498;ENSMUSG00000021624;ENSMUSG00000024371;ENSMUSG00000020901;ENSMUSG00000034641;ENSMUSG00000031838;ENSMUSG00000051682;ENSMUSG00000026480;ENSMUSG00000002699;ENSMUSG00000030468;ENSMUSG00000017390;ENSMUSG00000031441;ENSMUSG00000003379;ENSMUSG00000032254;ENSMUSG00000044583;ENSMUSG00000098112;ENSMUSG00000003283;ENSMUSG00000105906;ENSMUSG00000045328;ENSMUSG00000022372;ENSMUSG00000034330;ENSMUSG00000034311;ENSMUSG00000048756;ENSMUSG00000026981;ENSMUSG00000039936;ENSMUSG00000025473;ENSMUSG00000047963;ENSMUSG00000027995;ENSMUSG00000076614;ENSMUSG00000056888;ENSMUSG00000071715;ENSMUSG00000025492;ENSMUSG00000073940;ENSMUSG00000070427;ENSMUSG00000019942;ENSMUSG00000006398;ENSMUSG00000025498;ENSMUSG00000006519;ENSMUSG00000072235;ENSMUSG00000026938;ENSMUSG00000051439;ENSMUSG00000040552;ENSMUSG00000030474;ENSMUSG00000037902;ENSMUSG00000021250;ENSMUSG00000020176;ENSMUSG00000001403;ENSMUSG00000076498;ENSMUSG00000074491;ENSMUSG00000026117;ENSMUSG00000020340;ENSMUSG00000016496;ENSMUSG00000044827;ENSMUSG00000034116;ENSMUSG00000029656;ENSMUSG00000021069;ENSMUSG00000032561;ENSMUSG00000012443;ENSMUSG00000028976;ENSMUSG00000070327;ENSMUSG00000037321;ENSMUSG00000029082;ENSMUSG00000023004;ENSMUSG00000003882;ENSMUSG00000002983;ENSMUSG00000035273;ENSMUSG00000072596;ENSMUSG00000025491;ENSMUSG00000028874;ENSMUSG00000000594;ENSMUSG00000057729;ENSMUSG00000021270;ENSMUSG00000081058;ENSMUSG00000008348;ENSMUSG00000022148;ENSMUSG00000036908;ENSMUSG00000075031;ENSMUSG00000019960;ENSMUSG00000063193;ENSMUSG00000025225;ENSMUSG00000031897;ENSMUSG00000041112;ENSMUSG00000026712;ENSMUSG00000031825;ENSMUSG00000021999;ENSMUSG00000027907;ENSMUSG00000035031;ENSMUSG00000069310;ENSMUSG00000005763;ENSMUSG00000030536;ENSMUSG00000093661;ENSMUSG00000028599;ENSMUSG00000040033;ENSMUSG00000076612;ENSMUSG00000033059;ENSMUSG00000056529;ENSMUSG00000052305;ENSMUSG00000017057;ENSMUSG00000026288;ENSMUSG00000062727;ENSMUSG00000032294;ENSMUSG00000037405;ENSMUSG00000060147;ENSMUSG00000061615;ENSMUSG00000030677;ENSMUSG00000074151;ENSMUSG00000030774;ENSMUSG00000026072;ENSMUSG00000073418;ENSMUSG00000036782;ENSMUSG00000069300;ENSMUSG00000069267;ENSMUSG00000061780;ENSMUSG00000064210;ENSMUSG00000022534;ENSMUSG00000036655;ENSMUSG00000026879;ENSMUSG00000021948;ENSMUSG00000041827;ENSMUSG00000030148;ENSMUSG00000030560			False	False	True	True
liver	R-MMU-168898_TOLL_LIKE_RECEPTOR_CASCADES	-0.09064088252706633	10	3	7	-0.10033775279991496	9	2	7	-0.00486369874287485	10.0	4.0	6.0	-0.005808507257898005	9.0	4.0	5.0	-1.5639579783083268	0.007042253521126761	0.16282027237341282	ENSMUSG00000038642;ENSMUSG00000046688;ENSMUSG00000056071;ENSMUSG00000040522;ENSMUSG00000056054;ENSMUSG00000021423;ENSMUSG00000029771;ENSMUSG00000000290;ENSMUSG00000028028;ENSMUSG00000021624;ENSMUSG00000044583;ENSMUSG00000034330;ENSMUSG00000027995;ENSMUSG00000025498;ENSMUSG00000051439;ENSMUSG00000021250;ENSMUSG00000044827;ENSMUSG00000008348;ENSMUSG00000036908;ENSMUSG00000019960;ENSMUSG00000025225			False	False	True	True
liver	R-MMU-170834_SIGNALING_BY_TGF_BETA_RECEPTOR_COMPLEX	-0.02678574324981889	10	4	6	-0.030205455071227336	9	4	5	0.002627757178913653	10.0	5.0	5.0	0.0036999209530377396	9.0	5.0	4.0	-0.8455869320018038	0.7260920897284534	0.9108535336706667	ENSMUSG00000026768;ENSMUSG00000001870;ENSMUSG00000008348;ENSMUSG00000027204;ENSMUSG00000038400;ENSMUSG00000040488;ENSMUSG00000024940;ENSMUSG00000034342;ENSMUSG00000032440;ENSMUSG00000047407;ENSMUSG00000002020;ENSMUSG00000032402			False	False	False	True
liver	R-MMU-174824_PLASMA_LIPOPROTEIN_ASSEMBLY_REMODELING_AND_CLEARANCE	0.03888011079885203	10	9	1	0.035649754855867334	9	8	1	-0.0022370790939574337	10.0	3.0	7.0	-0.002011667419431614	9.0	2.0	7.0	0.921737046863054	0.6094674556213018	0.9470544204309738	ENSMUSG00000032080;ENSMUSG00000024924;ENSMUSG00000028553;ENSMUSG00000002992;ENSMUSG00000032079;ENSMUSG00000020609			False	False	False	True
liver	R-MMU-181438_TOLL_LIKE_RECEPTOR_2_TLR2_CASCADE	0.0017485734810387468	10	7	3	0.0017736293448049566	9	7	2	-2.4931388630543282e-06	10.0	6.0	4.0	-0.0008303061862109468	9.0	6.0	3.0	-0.9754278305967009	0.5181932245922208	0.8688973215313941	ENSMUSG00000046688;ENSMUSG00000028028;ENSMUSG00000021250;ENSMUSG00000008348;ENSMUSG00000019960;ENSMUSG00000025225;ENSMUSG00000074151			False	False	False	False
liver	R-MMU-1852241_ORGANELLE_BIOGENESIS_AND_MAINTENANCE	0.005742486871587862	10	8	2	0.006093975885097624	9	8	1	0.004648760129219089	10.0	7.0	3.0	0.003976239543315477	9.0	7.0	2.0	1.0472945262513949	0.3502824858757062	0.8460502074760241	ENSMUSG00000030137;ENSMUSG00000058672;ENSMUSG00000030541;ENSMUSG00000036752;ENSMUSG00000079707;ENSMUSG00000064356;ENSMUSG00000116780;ENSMUSG00000020776;ENSMUSG00000026202;ENSMUSG00000043091			False	False	True	True
liver	R-MMU-186797_SIGNALING_BY_PDGF	-0.01616518310430596	10	3	7	-0.01772001595557805	9	2	7	-0.00406994428296783	10.0	3.0	7.0	-0.004262917685344995	9.0	2.0	7.0	-1.1855817921503142	0.22926829268292684	0.6780647683081444	ENSMUSG00000026043;ENSMUSG00000026042;ENSMUSG00000048126;ENSMUSG00000020241;ENSMUSG00000026837;ENSMUSG00000024620;ENSMUSG00000019312;ENSMUSG00000091345;ENSMUSG00000027646;ENSMUSG00000040152;ENSMUSG00000001119;ENSMUSG00000029304;ENSMUSG00000031538;ENSMUSG00000000489;ENSMUSG00000031502;ENSMUSG00000004043			False	False	True	True
liver	R-MMU-187037_SIGNALING_BY_NTRK1_TRKA	-0.0016982709276084946	10	2	8	-0.0017009218612316608	9	2	7	0.0014916006433106216	10.0	6.0	4.0	0.0023001407031515756	9.0	5.0	4.0	-0.5996953060260242	0.9372647427854455	1.0	ENSMUSG00000025402;ENSMUSG00000019960;ENSMUSG00000027859;ENSMUSG00000037868;ENSMUSG00000032577			False	False	False	True
liver	R-MMU-189445_METABOLISM_OF_PORPHYRINS	-0.0032622309706651365	10	7	3	-0.013997222480633212	9	6	3	-0.0007408440253516835	10.0	3.0	7.0	-0.000818857546703229	9.0	2.0	7.0	-0.9577443926969875	0.5466155810983397	0.8667760975165696	ENSMUSG00000089943;ENSMUSG00000025270;ENSMUSG00000054422			False	False	True	True
liver	R-MMU-190828_GAP_JUNCTION_TRAFFICKING	0.00015058177578420904	10	5	5	0.00013158860610943857	9	5	4	0.008895760232882532	10.0	8.0	2.0	0.00839940299908351	9.0	7.0	2.0	1.2537521502747948	0.19138755980861244	0.5162769675786429	ENSMUSG00000030137;ENSMUSG00000058672;ENSMUSG00000036752;ENSMUSG00000062825;ENSMUSG00000026202;ENSMUSG00000043091;ENSMUSG00000050953			False	False	True	True
liver	R-MMU-191273_CHOLESTEROL_BIOSYNTHESIS	-0.09930969310347389	10	4	6	-0.14127228011497095	9	3	6	-0.019501940024033458	10.0	5.0	5.0	-0.022836647426121723	9.0	4.0	5.0	-1.9188261571563425	0.0	0.019676165845729645	ENSMUSG00000022351;ENSMUSG00000021670;ENSMUSG00000031604;ENSMUSG00000006517;ENSMUSG00000059743;ENSMUSG00000020538;ENSMUSG00000058258;ENSMUSG00000024799;ENSMUSG00000031349;ENSMUSG00000027952;ENSMUSG00000032018;ENSMUSG00000033105;ENSMUSG00000058454;ENSMUSG00000001467			False	False	True	True
liver	R-MMU-192105_SYNTHESIS_OF_BILE_ACIDS_AND_BILE_SALTS	-0.00031216321040570166	10	4	6	-0.00035119353248384843	9	4	5	0.0045254674416495225	10.0	5.0	5.0	0.0035209841612113793	9.0	4.0	5.0	0.8676501209980488	0.6538461538461539	0.9472892721356022	ENSMUSG00000023963;ENSMUSG00000050445;ENSMUSG00000038641;ENSMUSG00000071551;ENSMUSG00000021259;ENSMUSG00000027359			False	False	False	False
liver	R-MMU-193368_SYNTHESIS_OF_BILE_ACIDS_AND_BILE_SALTS_VIA_7ALPHA_HYDROXYCHOLESTEROL	-0.0008166313872489947	10	3	7	-0.0008536144557845972	9	3	6	0.0009162089529851092	10.0	5.0	5.0	-0.00046021402777333503	9.0	4.0	5.0	-0.6647556887454804	0.8934531450577664	0.9797404892056097	ENSMUSG00000039519;ENSMUSG00000028240;ENSMUSG00000033715;ENSMUSG00000027048			False	False	False	True
liver	R-MMU-193648_NRAGE_SIGNALS_DEATH_THROUGH_JNK	-1.2698821134334372e-05	10	5	5	3.3502382311057004e-05	9	4	5	0.0003197253278134788	10.0	6.0	4.0	0.0012569044657024628	9.0	6.0	3.0	-1.2027609831400294	0.22276621787025705	0.6436304101142745	ENSMUSG00000024013;ENSMUSG00000023800;ENSMUSG00000034116;ENSMUSG00000028059;ENSMUSG00000017631;ENSMUSG00000026259;ENSMUSG00000037946;ENSMUSG00000029032;ENSMUSG00000045094;ENSMUSG00000039621			False	False	False	True
liver	R-MMU-193704_P75_NTR_RECEPTOR_MEDIATED_SIGNALLING	-0.007564963575967606	10	5	5	-0.009293196626736493	9	5	4	0.0007857171439942119	10.0	7.0	3.0	0.0015152499094288003	9.0	7.0	2.0	-1.3268460970318916	0.097708082026538	0.4460522285207745	ENSMUSG00000024013;ENSMUSG00000023800;ENSMUSG00000034116;ENSMUSG00000000120;ENSMUSG00000008348;ENSMUSG00000028059;ENSMUSG00000017631;ENSMUSG00000026259;ENSMUSG00000037946;ENSMUSG00000029032;ENSMUSG00000027859;ENSMUSG00000045094;ENSMUSG00000039621			False	False	False	True
liver	R-MMU-194068_BILE_ACID_AND_BILE_SALT_METABOLISM	0.0034999188333486595	10	8	2	0.0036711074880699385	9	8	1	0.00509072363656996	10.0	6.0	4.0	0.004654699182654027	9.0	5.0	4.0	1.1005995627574339	0.3023255813953488	0.7452925524517666	ENSMUSG00000030237;ENSMUSG00000023963;ENSMUSG00000050445;ENSMUSG00000053862;ENSMUSG00000038641;ENSMUSG00000071551;ENSMUSG00000021259			False	False	True	True
liver	R-MMU-194138_SIGNALING_BY_VEGF	-0.10317610424228454	10	1	9	-0.10566583267661245	9	1	8	-0.004667790833387062	10.0	3.0	7.0	-0.0045342905591136285	9.0	2.0	7.0	-1.2773775663056712	0.12226066897347174	0.5065188772220759	ENSMUSG00000015340;ENSMUSG00000004951;ENSMUSG00000015950;ENSMUSG00000022488;ENSMUSG00000026480;ENSMUSG00000071715;ENSMUSG00000006519;ENSMUSG00000020340;ENSMUSG00000034116;ENSMUSG00000002602;ENSMUSG00000021270;ENSMUSG00000041112;ENSMUSG00000030774;ENSMUSG00000025810;ENSMUSG00000021948;ENSMUSG00000007655;ENSMUSG00000019843;ENSMUSG00000031871;ENSMUSG00000027646			False	False	True	True
liver	R-MMU-194315_SIGNALING_BY_RHO_GTPASES	0.0399437893172124	10	9	1	0.0341607655349979	9	8	1	-0.00013984878554456574	10.0	7.0	3.0	0.00022458743764030965	9.0	6.0	3.0	-1.2980363845134275	0.025826446280991736	0.46439850597139826	ENSMUSG00000024013;ENSMUSG00000015340;ENSMUSG00000026605;ENSMUSG00000056071;ENSMUSG00000033220;ENSMUSG00000015950;ENSMUSG00000056054;ENSMUSG00000020143;ENSMUSG00000023015;ENSMUSG00000022488;ENSMUSG00000026728;ENSMUSG00000038608;ENSMUSG00000029414;ENSMUSG00000048865;ENSMUSG00000026480;ENSMUSG00000022014;ENSMUSG00000036452;ENSMUSG00000027379;ENSMUSG00000045328;ENSMUSG00000038943;ENSMUSG00000031093;ENSMUSG00000028068;ENSMUSG00000023800;ENSMUSG00000055805;ENSMUSG00000029177;ENSMUSG00000047963;ENSMUSG00000026683;ENSMUSG00000071715;ENSMUSG00000021262;ENSMUSG00000006398;ENSMUSG00000006519;ENSMUSG00000072235;ENSMUSG00000024056;ENSMUSG00000026117;ENSMUSG00000020340;ENSMUSG00000034116;ENSMUSG00000020897;ENSMUSG00000023004;ENSMUSG00000045763;ENSMUSG00000021270;ENSMUSG00000024660;ENSMUSG00000033450;ENSMUSG00000030047;ENSMUSG00000030220;ENSMUSG00000028059;ENSMUSG00000030536;ENSMUSG00000050621;ENSMUSG00000001918;ENSMUSG00000015143;ENSMUSG00000040084;ENSMUSG00000001270;ENSMUSG00000052085;ENSMUSG00000029910;ENSMUSG00000017631;ENSMUSG00000030774;ENSMUSG00000026259;ENSMUSG00000021948;ENSMUSG00000022021;ENSMUSG00000007655;ENSMUSG00000019312;ENSMUSG00000037946;ENSMUSG00000054855;ENSMUSG00000017144;ENSMUSG00000034255;ENSMUSG00000035697;ENSMUSG00000029032;ENSMUSG00000028678;ENSMUSG00000052560;ENSMUSG00000026039;ENSMUSG00000036777			False	False	False	False
liver	R-MMU-195258_RHO_GTPASE_EFFECTORS	-0.10463634811710402	10	4	6	-0.13309425049254947	9	4	5	-0.00046220116120413503	10.0	6.0	4.0	-0.0006208531142725142	9.0	6.0	3.0	-1.4451192478025616	0.014755959137343927	0.289323964357279	ENSMUSG00000015340;ENSMUSG00000026605;ENSMUSG00000056071;ENSMUSG00000033220;ENSMUSG00000015950;ENSMUSG00000056054;ENSMUSG00000022488;ENSMUSG00000029414;ENSMUSG00000026480;ENSMUSG00000027379;ENSMUSG00000045328;ENSMUSG00000038943;ENSMUSG00000028068;ENSMUSG00000055805;ENSMUSG00000029177;ENSMUSG00000026683;ENSMUSG00000071715;ENSMUSG00000021262;ENSMUSG00000006398;ENSMUSG00000006519;ENSMUSG00000072235;ENSMUSG00000024056;ENSMUSG00000020340;ENSMUSG00000020897;ENSMUSG00000023004;ENSMUSG00000024660;ENSMUSG00000030536;ENSMUSG00000050621;ENSMUSG00000040084;ENSMUSG00000029910;ENSMUSG00000030774;ENSMUSG00000021948;ENSMUSG00000022021			False	False	True	True
liver	R-MMU-195721_SIGNALING_BY_WNT	-0.016199183176354846	10	4	6	-0.019622367550447193	9	4	5	0.00031748754083663864	10.0	5.0	5.0	-0.00019859008646437004	9.0	4.0	5.0	-1.1374485279941045	0.31143552311435524	0.7300196773004418	ENSMUSG00000020140;ENSMUSG00000033220;ENSMUSG00000038811;ENSMUSG00000021611;ENSMUSG00000008348;ENSMUSG00000034177;ENSMUSG00000036904;ENSMUSG00000007655;ENSMUSG00000076431;ENSMUSG00000043004			False	False	False	True
liver	R-MMU-196071_METABOLISM_OF_STEROID_HORMONES	0.15126132716027968	10	7	3	0.16196856023099862	9	7	2	-0.012897587292906331	10.0	2.0	8.0	-0.014914324896648555	9.0	2.0	7.0	-1.4355244152313662	0.044359949302915085	0.3078226834531927	ENSMUSG00000038092;ENSMUSG00000060807;ENSMUSG00000021594;ENSMUSG00000024378;ENSMUSG00000024365;ENSMUSG00000063730			False	False	False	False
liver	R-MMU-196849_METABOLISM_OF_WATER_SOLUBLE_VITAMINS_AND_COFACTORS	0.05237605792276443	10	8	2	0.05414081375280704	9	8	1	0.00022206203154758185	10.0	3.0	7.0	-5.794669833789376e-05	9.0	3.0	6.0	-1.1795158092384002	0.23515151515151514	0.6857537320553697	ENSMUSG00000032725;ENSMUSG00000025153;ENSMUSG00000042010;ENSMUSG00000020532;ENSMUSG00000027070			False	False	True	False
liver	R-MMU-196854_METABOLISM_OF_VITAMINS_AND_COFACTORS	-0.007435574699746672	10	3	7	-0.009815384057919596	9	3	6	0.0004533984940393532	10.0	5.0	5.0	0.0001959644476825321	9.0	4.0	5.0	-0.6909480809222311	0.9323562570462233	0.9674608541393851	ENSMUSG00000032725;ENSMUSG00000025153;ENSMUSG00000042010;ENSMUSG00000020532;ENSMUSG00000046402;ENSMUSG00000027070			False	False	False	True
liver	R-MMU-198933_IMMUNOREGULATORY_INTERACTIONS_BETWEEN_A_LYMPHOID_AND_A_NON_LYMPHOID_CELL	-0.07568945013437356	10	2	8	-0.0836087733120024	9	1	8	-0.013035988779647244	10.0	2.0	8.0	-0.013273087307939647	9.0	1.0	8.0	-1.8040395145025099	0.0	0.03902439559403047	ENSMUSG00000001281;ENSMUSG00000027009;ENSMUSG00000055541;ENSMUSG00000038179;ENSMUSG00000046245;ENSMUSG00000030830;ENSMUSG00000027322;ENSMUSG00000000290;ENSMUSG00000026581;ENSMUSG00000060550;ENSMUSG00000048498;ENSMUSG00000034641;ENSMUSG00000051682;ENSMUSG00000030468;ENSMUSG00000105906;ENSMUSG00000025492;ENSMUSG00000030474;ENSMUSG00000076498;ENSMUSG00000074491;ENSMUSG00000025491;ENSMUSG00000063193;ENSMUSG00000005763			False	False	True	True
liver	R-MMU-199418_NEGATIVE_REGULATION_OF_THE_PI3K_AKT_NETWORK	-0.030868752236910844	10	3	7	-0.03007398048148824	9	2	7	-0.0012099289110530898	10.0	4.0	6.0	-0.0007091332148163501	9.0	4.0	5.0	-1.1004193280413477	0.3433734939759036	0.7475180976674664	ENSMUSG00000022901;ENSMUSG00000020122;ENSMUSG00000033220;ENSMUSG00000020901;ENSMUSG00000039936;ENSMUSG00000055254;ENSMUSG00000034116;ENSMUSG00000024620;ENSMUSG00000019768;ENSMUSG00000054252;ENSMUSG00000019966;ENSMUSG00000062209;ENSMUSG00000019843;ENSMUSG00000027646			False	False	True	True
liver	R-MMU-199977_ER_TO_GOLGI_ANTEROGRADE_TRANSPORT	0.0001587478050264319	10	6	4	0.00024873936619338995	9	6	3	0.003031747331643109	10.0	8.0	2.0	0.002383323354093204	9.0	7.0	2.0	0.8261497203965901	0.7231638418079096	0.9979746477249505	ENSMUSG00000030137;ENSMUSG00000058672;ENSMUSG00000036752;ENSMUSG00000026202;ENSMUSG00000043091;ENSMUSG00000067889			False	False	True	True
liver	R-MMU-199991_MEMBRANE_TRAFFICKING	-0.05570717869657884	10	3	7	-0.05700732263111934	9	2	7	0.003041279738365734	10.0	7.0	3.0	0.0032811750575842324	9.0	7.0	2.0	-0.9307470512296244	0.6050955414012739	0.8689033043621486	ENSMUSG00000023274;ENSMUSG00000027070;ENSMUSG00000020122;ENSMUSG00000023015;ENSMUSG00000032254;ENSMUSG00000045328;ENSMUSG00000018008;ENSMUSG00000034311;ENSMUSG00000024795;ENSMUSG00000032193;ENSMUSG00000072235;ENSMUSG00000012443;ENSMUSG00000023004;ENSMUSG00000003882;ENSMUSG00000022150;ENSMUSG00000056220;ENSMUSG00000008348;ENSMUSG00000051378;ENSMUSG00000068747;ENSMUSG00000042249;ENSMUSG00000052688;ENSMUSG00000031196;ENSMUSG00000030677;ENSMUSG00000030560;ENSMUSG00000040990;ENSMUSG00000029512;ENSMUSG00000028678;ENSMUSG00000014602;ENSMUSG00000041642;ENSMUSG00000039959;ENSMUSG00000010830;ENSMUSG00000024663;ENSMUSG00000027646;ENSMUSG00000034342;ENSMUSG00000003779;ENSMUSG00000026399;ENSMUSG00000036943;ENSMUSG00000079553;ENSMUSG00000031367;ENSMUSG00000001473;ENSMUSG00000032554;ENSMUSG00000018909;ENSMUSG00000000915;ENSMUSG00000056515			False	False	False	True
liver	R-MMU-201681_TCF_DEPENDENT_SIGNALING_IN_RESPONSE_TO_WNT	-0.016867857148009147	10	4	6	-0.011089235376094827	9	4	5	0.0010474073738771469	10.0	4.0	6.0	0.0003580032560497642	9.0	4.0	5.0	-1.1365278339042433	0.29936305732484075	0.7209814057946258	ENSMUSG00000020140;ENSMUSG00000021611;ENSMUSG00000008348;ENSMUSG00000034177;ENSMUSG00000036904;ENSMUSG00000007655;ENSMUSG00000076431			False	False	False	True
liver	R-MMU-2022090_ASSEMBLY_OF_COLLAGEN_FIBRILS_AND_OTHER_MULTIMERIC_STRUCTURES	0.0025990426062532323	10	6	4	0.003149299859328989	9	5	4	-0.011396263493177303	10.0	3.0	7.0	-0.013108836343844686	9.0	3.0	6.0	-1.4203207512775078	0.061968408262454436	0.31018755596066727	ENSMUSG00000026043;ENSMUSG00000038642;ENSMUSG00000028339;ENSMUSG00000045672;ENSMUSG00000026042;ENSMUSG00000029718;ENSMUSG00000048126;ENSMUSG00000025185;ENSMUSG00000020241;ENSMUSG00000034205;ENSMUSG00000026837			False	False	False	False
liver	R-MMU-202403_TCR_SIGNALING	-0.09655078716473306	10	1	9	-0.09810628018303674	9	1	8	-0.023004991115686407	10.0	2.0	8.0	-0.02328881462210659	9.0	1.0	8.0	-1.8176460475936616	0.0012674271229404308	0.05115803119889708	ENSMUSG00000073421;ENSMUSG00000060586;ENSMUSG00000036594;ENSMUSG00000023274;ENSMUSG00000026395;ENSMUSG00000002699;ENSMUSG00000034330;ENSMUSG00000076498;ENSMUSG00000026117;ENSMUSG00000008348;ENSMUSG00000022148;ENSMUSG00000005763;ENSMUSG00000026288;ENSMUSG00000030774	T-cell receptor signaling	complementary	False	True	True	True
liver	R-MMU-202733_CELL_SURFACE_INTERACTIONS_AT_THE_VASCULAR_WALL	-0.1484330415392139	10	3	7	-0.15215798171499959	9	2	7	-0.0049990878279030995	10.0	1.0	9.0	-0.004449557589837529	9.0	1.0	8.0	-1.3081260623465882	0.09695603156708005	0.4731074452860707	ENSMUSG00000024610;ENSMUSG00000027009;ENSMUSG00000015355;ENSMUSG00000030830;ENSMUSG00000030789;ENSMUSG00000000290;ENSMUSG00000026581;ENSMUSG00000005087;ENSMUSG00000022102;ENSMUSG00000095079;ENSMUSG00000067149;ENSMUSG00000105906;ENSMUSG00000037902;ENSMUSG00000027611			False	False	True	True
liver	R-MMU-2029480_FCGAMMA_RECEPTOR_FCGR_DEPENDENT_PHAGOCYTOSIS	0.008637922342971314	10	7	3	0.00931140811568241	9	7	2	-0.007819840438253931	10.0	3.0	7.0	-0.006468918745132993	9.0	2.0	7.0	-1.3994676625958147	0.060196560196560195	0.3388454382699597	ENSMUSG00000052160;ENSMUSG00000015947;ENSMUSG00000021457;ENSMUSG00000022488;ENSMUSG00000003283;ENSMUSG00000105906;ENSMUSG00000034330;ENSMUSG00000076614;ENSMUSG00000020340;ENSMUSG00000034116;ENSMUSG00000028874;ENSMUSG00000021270;ENSMUSG00000041112;ENSMUSG00000076612;ENSMUSG00000030774;ENSMUSG00000021948;ENSMUSG00000034593			False	False	False	False
liver	R-MMU-2029482_REGULATION_OF_ACTIN_DYNAMICS_FOR_PHAGOCYTIC_CUP_FORMATION	-0.000668098696319259	10	3	7	-0.0005102191118891237	9	2	7	-0.00859441725119921	10.0	3.0	7.0	-0.0063278057694765655	9.0	3.0	6.0	-1.3843883198216218	0.08040201005025126	0.36830014686767354	ENSMUSG00000015947;ENSMUSG00000021457;ENSMUSG00000022488;ENSMUSG00000105906;ENSMUSG00000076614;ENSMUSG00000020340;ENSMUSG00000034116;ENSMUSG00000021270;ENSMUSG00000041112;ENSMUSG00000076612;ENSMUSG00000030774;ENSMUSG00000034593			False	False	True	True
liver	R-MMU-204998_CELL_DEATH_SIGNALLING_VIA_NRAGE_NRIF_AND_NADE	-0.01829036815943156	10	1	9	-0.019964101018416017	9	0	9	-0.00033506909977070056	10.0	6.0	4.0	0.00042506237647019197	9.0	6.0	3.0	-1.3442467764338977	0.0893719806763285	0.4269903668575528	ENSMUSG00000024013;ENSMUSG00000023800;ENSMUSG00000034116;ENSMUSG00000000120;ENSMUSG00000008348;ENSMUSG00000028059;ENSMUSG00000017631;ENSMUSG00000026259;ENSMUSG00000037946;ENSMUSG00000029032;ENSMUSG00000027859;ENSMUSG00000045094;ENSMUSG00000039621			False	False	True	True
liver	R-MMU-211859_BIOLOGICAL_OXIDATIONS	0.09189007144443095	10	7	3	0.08915388731920898	9	7	2	0.006679717883545386	10.0	5.0	5.0	0.006484674492701419	9.0	5.0	4.0	1.923167317954763	0.0	0.016994094250934073	ENSMUSG00000028715;ENSMUSG00000029272;ENSMUSG00000066072;ENSMUSG00000030483;ENSMUSG00000091867;ENSMUSG00000026691;ENSMUSG00000028712;ENSMUSG00000063415;ENSMUSG00000023963;ENSMUSG00000063929;ENSMUSG00000037798;ENSMUSG00000040170;ENSMUSG00000057933;ENSMUSG00000050445;ENSMUSG00000026688;ENSMUSG00000056035;ENSMUSG00000061292;ENSMUSG00000074183;ENSMUSG00000032350;ENSMUSG00000040181;ENSMUSG00000053279;ENSMUSG00000038776;ENSMUSG00000029630;ENSMUSG00000090175;ENSMUSG00000033318;ENSMUSG00000072664;ENSMUSG00000029727;ENSMUSG00000040147;ENSMUSG00000027333;ENSMUSG00000029201;ENSMUSG00000035811;ENSMUSG00000048087;ENSMUSG00000111709;ENSMUSG00000021259;ENSMUSG00000027597;ENSMUSG00000025479			False	False	True	True
liver	R-MMU-211897_CYTOCHROME_P450_ARRANGED_BY_SUBSTRATE_TYPE	0.2391881175291052	10	5	5	0.2600684414344555	9	5	4	0.009047670761907758	10.0	5.0	5.0	0.008751808054874629	9.0	5.0	4.0	2.069453188237665	0.0	0.0056044353380740024	ENSMUSG00000028715;ENSMUSG00000066072;ENSMUSG00000030483;ENSMUSG00000091867;ENSMUSG00000028712;ENSMUSG00000063415;ENSMUSG00000023963;ENSMUSG00000063929;ENSMUSG00000050445;ENSMUSG00000056035;ENSMUSG00000061292	Cytochrome P450	context_sensitive	True	True	True	True
liver	R-MMU-211935_FATTY_ACIDS	0.0004409445524141529	10	7	3	0.00041677437860831805	9	7	2	0.023627275418081264	10.0	6.0	4.0	0.0257328607536872	9.0	6.0	3.0	2.3908525374547054	0.0	0.0010847294202723876	ENSMUSG00000028715;ENSMUSG00000066072;ENSMUSG00000030483;ENSMUSG00000091867;ENSMUSG00000028712;ENSMUSG00000063929			False	False	True	True
liver	R-MMU-211945_PHASE_I_FUNCTIONALIZATION_OF_COMPOUNDS	0.0022575331925136334	10	4	6	0.014556357515491343	9	4	5	0.007612308094072357	10.0	5.0	5.0	0.007524974430015295	9.0	5.0	4.0	2.0934831712570503	0.0	0.006779558876702423	ENSMUSG00000028715;ENSMUSG00000066072;ENSMUSG00000030483;ENSMUSG00000091867;ENSMUSG00000026691;ENSMUSG00000028712;ENSMUSG00000063415;ENSMUSG00000023963;ENSMUSG00000063929;ENSMUSG00000040170;ENSMUSG00000050445;ENSMUSG00000056035;ENSMUSG00000061292;ENSMUSG00000040181;ENSMUSG00000053279;ENSMUSG00000038776			False	False	True	True
liver	R-MMU-211958_MISCELLANEOUS_SUBSTRATES	-0.0015215324842354839	10	2	8	-0.001572190317483871	9	2	7	0.008314856091248043	10.0	6.0	4.0	0.008682013768557763	9.0	6.0	3.0	1.995543450986262	0.006289308176100629	0.010169338315053634	ENSMUSG00000028715;ENSMUSG00000066072;ENSMUSG00000028712;ENSMUSG00000063929;ENSMUSG00000056035;ENSMUSG00000061292			False	False	False	False
liver	R-MMU-211976_ENDOGENOUS_STEROLS	0.000834883281605417	10	6	4	0.0008718885395562832	9	6	3	0.002290300604857834	10.0	5.0	5.0	0.000622574978151761	9.0	4.0	5.0	-0.7152583786679388	0.8375165125495376	0.9748774992331707	ENSMUSG00000039519;ENSMUSG00000028240;ENSMUSG00000024365;ENSMUSG00000001467;ENSMUSG00000019256;ENSMUSG00000079057;ENSMUSG00000026170			False	False	True	False
liver	R-MMU-211981_XENOBIOTICS	0.0017184126873712186	10	8	2	0.0020465826098304543	9	7	2	0.004484763558255542	10.0	6.0	4.0	0.004081066817608435	9.0	6.0	3.0	1.2656995940206908	0.14207650273224043	0.5138191990763942	ENSMUSG00000030483;ENSMUSG00000091867;ENSMUSG00000056035;ENSMUSG00000061292			False	False	True	True
liver	R-MMU-212165_EPIGENETIC_REGULATION_OF_GENE_EXPRESSION	0.00948074519032625	10	8	2	0.008719642917822817	9	7	2	-0.0003201328006195728	10.0	5.0	5.0	-0.00014594398584238943	9.0	5.0	4.0	-0.9344449112761426	0.5956964892412231	0.864585124455882	ENSMUSG00000070605;ENSMUSG00000066000;ENSMUSG00000081058;ENSMUSG00000075031;ENSMUSG00000069310;ENSMUSG00000062727;ENSMUSG00000061615;ENSMUSG00000069300;ENSMUSG00000069267;ENSMUSG00000071478;ENSMUSG00000058385;ENSMUSG00000004099;ENSMUSG00000094248;ENSMUSG00000018102;ENSMUSG00000034160;ENSMUSG00000069305;ENSMUSG00000094338;ENSMUSG00000093769;ENSMUSG00000030680;ENSMUSG00000069265;ENSMUSG00000095217;ENSMUSG00000069307;ENSMUSG00000094777;ENSMUSG00000064288			False	False	False	False
liver	R-MMU-212300_PRC2_METHYLATES_HISTONES_AND_DNA	0.0003634132509155714	10	8	2	0.0004005976872077778	9	8	1	0.0014804992241427618	10.0	6.0	4.0	0.0011353669605954847	9.0	5.0	4.0	-1.0094942268489822	0.46882494004796166	0.8938609894879378	ENSMUSG00000081058;ENSMUSG00000075031;ENSMUSG00000069310;ENSMUSG00000062727;ENSMUSG00000061615;ENSMUSG00000069300;ENSMUSG00000069267;ENSMUSG00000071478;ENSMUSG00000058385;ENSMUSG00000004099;ENSMUSG00000094248;ENSMUSG00000018102;ENSMUSG00000069305;ENSMUSG00000094338;ENSMUSG00000093769;ENSMUSG00000069265;ENSMUSG00000095217;ENSMUSG00000069307;ENSMUSG00000094777;ENSMUSG00000064288			False	False	True	False
liver	R-MMU-212436_GENERIC_TRANSCRIPTION_PATHWAY	0.03537053863846577	10	7	3	0.04071347917501488	9	6	3	0.0031802185530836837	10.0	7.0	3.0	0.0030076391638657247	9.0	6.0	3.0	-0.7063714922463363	0.9654811715481172	0.9660603906936341	ENSMUSG00000070348;ENSMUSG00000070605;ENSMUSG00000021701;ENSMUSG00000027715;ENSMUSG00000014030;ENSMUSG00000022360;ENSMUSG00000048756;ENSMUSG00000064354;ENSMUSG00000019942;ENSMUSG00000066000;ENSMUSG00000027469;ENSMUSG00000041431;ENSMUSG00000002068;ENSMUSG00000020897;ENSMUSG00000031400;ENSMUSG00000020423;ENSMUSG00000081058;ENSMUSG00000008348;ENSMUSG00000075031;ENSMUSG00000069310;ENSMUSG00000019768;ENSMUSG00000058883;ENSMUSG00000062727;ENSMUSG00000061615;ENSMUSG00000032698;ENSMUSG00000037583;ENSMUSG00000069300;ENSMUSG00000069267;ENSMUSG00000032010;ENSMUSG00000036390;ENSMUSG00000071478;ENSMUSG00000028150;ENSMUSG00000058385;ENSMUSG00000027646;ENSMUSG00000023034;ENSMUSG00000018474;ENSMUSG00000047407;ENSMUSG00000094248;ENSMUSG00000018102;ENSMUSG00000040274;ENSMUSG00000028278;ENSMUSG00000069305;ENSMUSG00000020623;ENSMUSG00000094338;ENSMUSG00000000184;ENSMUSG00000032402;ENSMUSG00000020889;ENSMUSG00000039910;ENSMUSG00000093769;ENSMUSG00000026103;ENSMUSG00000040209;ENSMUSG00000027496;ENSMUSG00000089715;ENSMUSG00000069265;ENSMUSG00000032009;ENSMUSG00000034218;ENSMUSG00000020326;ENSMUSG00000095217;ENSMUSG00000002603;ENSMUSG00000024298;ENSMUSG00000038146;ENSMUSG00000028518;ENSMUSG00000069307;ENSMUSG00000094777;ENSMUSG00000078502;ENSMUSG00000033943;ENSMUSG00000064288			False	False	True	False
liver	R-MMU-2129379_MOLECULES_ASSOCIATED_WITH_ELASTIC_FIBRES	-0.02984217472029651	10	1	9	-0.02887734256487972	9	1	8	-0.0012144846761109052	10.0	5.0	5.0	-0.0005782804523905244	9.0	5.0	4.0	-0.874713951580352	0.6650366748166259	0.8734115481033266	ENSMUSG00000026768;ENSMUSG00000024053;ENSMUSG00000001870;ENSMUSG00000021186;ENSMUSG00000027204;ENSMUSG00000040488;ENSMUSG00000024940;ENSMUSG00000029163;ENSMUSG00000002020			False	False	True	True
liver	R-MMU-2132295_MHC_CLASS_II_ANTIGEN_PRESENTATION	-0.16017220024177137	10	2	8	-0.16683685804641263	9	1	8	-0.01308532687813752	10.0	5.0	5.0	-0.013692082930154295	9.0	4.0	5.0	-1.6227117702072062	0.004689331770222743	0.12141834007302336	ENSMUSG00000024610;ENSMUSG00000073421;ENSMUSG00000060586;ENSMUSG00000036594;ENSMUSG00000037649;ENSMUSG00000079547;ENSMUSG00000038642;ENSMUSG00000023015;ENSMUSG00000031838;ENSMUSG00000032254;ENSMUSG00000045328;ENSMUSG00000034311;ENSMUSG00000072235;ENSMUSG00000012443;ENSMUSG00000023004	MHC class II antigen presentation	complementary	True	True	True	True
liver	R-MMU-2142753_ARACHIDONATE_METABOLISM	-0.06838882930292098	10	3	7	-0.0739300087492773	9	2	7	0.006379368626271538	10.0	6.0	4.0	0.006386775609999367	9.0	5.0	4.0	1.8729511599587165	0.0	0.025382668434373874	ENSMUSG00000028715;ENSMUSG00000066072;ENSMUSG00000028712;ENSMUSG00000063929;ENSMUSG00000050445			False	False	False	False
liver	R-MMU-216083_INTEGRIN_CELL_SURFACE_INTERACTIONS	-0.03414068042259143	10	1	9	-0.03404812245367302	9	1	8	-0.005127635172532942	10.0	2.0	8.0	-0.005268789515705877	9.0	2.0	7.0	-1.2050836803988019	0.20677570093457945	0.6426489651226215	ENSMUSG00000026043;ENSMUSG00000001281;ENSMUSG00000027009;ENSMUSG00000030830;ENSMUSG00000030789;ENSMUSG00000000290;ENSMUSG00000005087;ENSMUSG00000026042;ENSMUSG00000026768;ENSMUSG00000048126;ENSMUSG00000028364;ENSMUSG00000020241			False	False	True	True
liver	R-MMU-2162123_SYNTHESIS_OF_PROSTAGLANDINS_PG_AND_THROMBOXANES_TX	9.385567352286681e-06	10	5	5	0.00011461344708455134	9	4	5	0.007324907688877273	10.0	6.0	4.0	0.006244733932871015	9.0	5.0	4.0	0.703779211694305	0.8390243902439024	1.0	ENSMUSG00000050445;ENSMUSG00000051483;ENSMUSG00000071551			False	False	True	True
liver	R-MMU-2172127_DAP12_INTERACTIONS	-0.0004697368784836203	10	3	7	-0.00031241971093418135	9	3	6	-0.015338652587078633	10.0	3.0	7.0	-0.015770309557618968	9.0	2.0	7.0	-1.527609714869729	0.020860495436766623	0.19931061630549324	ENSMUSG00000030579;ENSMUSG00000021457;ENSMUSG00000048498;ENSMUSG00000002699;ENSMUSG00000030468;ENSMUSG00000034330;ENSMUSG00000037902;ENSMUSG00000063193			False	False	True	True
liver	R-MMU-2173782_BINDING_AND_UPTAKE_OF_LIGANDS_BY_SCAVENGER_RECEPTORS	-0.0869364382487017	10	1	9	-0.08461973797739344	9	1	8	-0.007324801549084883	10.0	2.0	8.0	-0.007803382003137636	9.0	1.0	8.0	-1.1943105167253156	0.22	0.6537253966940744	ENSMUSG00000015854;ENSMUSG00000056071;ENSMUSG00000057346;ENSMUSG00000095079;ENSMUSG00000067149;ENSMUSG00000105906;ENSMUSG00000025044;ENSMUSG00000073940;ENSMUSG00000018593;ENSMUSG00000068246;ENSMUSG00000050014;ENSMUSG00000052305;ENSMUSG00000030895;ENSMUSG00000036655;ENSMUSG00000042286;ENSMUSG00000035459;ENSMUSG00000010601			False	False	True	True
liver	R-MMU-2173789_TGF_BETA_RECEPTOR_SIGNALING_ACTIVATES_SMADS	0.005686452916800558	10	5	5	0.015763219076868343	9	5	4	9.665491258326002e-05	10.0	5.0	5.0	0.0010424553090489644	9.0	5.0	4.0	-0.9600176416070263	0.5240963855421686	0.8701059433900673	ENSMUSG00000026768;ENSMUSG00000001870;ENSMUSG00000008348;ENSMUSG00000027204;ENSMUSG00000038400;ENSMUSG00000040488;ENSMUSG00000024940;ENSMUSG00000034342;ENSMUSG00000032440;ENSMUSG00000002020;ENSMUSG00000032402			False	False	True	False
liver	R-MMU-2187338_VISUAL_PHOTOTRANSDUCTION	-0.024854487425135387	10	2	8	-0.03244781089565309	9	2	7	-0.001262104982418777	10.0	4.0	6.0	-0.0018833338530359007	9.0	3.0	6.0	0.8026243850835206	0.8125	1.0	ENSMUSG00000032080			False	False	True	False
liver	R-MMU-2262752_CELLULAR_RESPONSES_TO_STRESS	0.006416521540217474	10	5	5	0.0048151836161146565	9	5	4	0.0007358938121691201	10.0	8.0	2.0	0.000993375301541823	9.0	7.0	2.0	-0.7666855144506263	0.9016913319238901	0.9528658121746457	ENSMUSG00000090877;ENSMUSG00000091971;ENSMUSG00000015340;ENSMUSG00000015950;ENSMUSG00000027715;ENSMUSG00000029657;ENSMUSG00000060803;ENSMUSG00000026480;ENSMUSG00000054422;ENSMUSG00000025757;ENSMUSG00000048756;ENSMUSG00000071715;ENSMUSG00000073940;ENSMUSG00000064354;ENSMUSG00000006519;ENSMUSG00000072235;ENSMUSG00000021250;ENSMUSG00000001403;ENSMUSG00000002068;ENSMUSG00000023004;ENSMUSG00000030091;ENSMUSG00000061175;ENSMUSG00000021270;ENSMUSG00000008348;ENSMUSG00000075031			False	False	True	False
liver	R-MMU-2299718_CONDENSATION_OF_PROPHASE_CHROMOSOMES	0.002321288830689814	10	6	4	0.0021517567692849785	9	5	4	0.000925729011494697	10.0	6.0	4.0	5.3988301220824704e-05	9.0	5.0	4.0	-1.127375504516937	0.2780373831775701	0.7342787345156382	ENSMUSG00000042029;ENSMUSG00000019942;ENSMUSG00000041431;ENSMUSG00000081058;ENSMUSG00000075031;ENSMUSG00000069310;ENSMUSG00000062727;ENSMUSG00000061615;ENSMUSG00000069300;ENSMUSG00000069267;ENSMUSG00000071478;ENSMUSG00000058385;ENSMUSG00000028312;ENSMUSG00000094248;ENSMUSG00000018102;ENSMUSG00000069305;ENSMUSG00000094338;ENSMUSG00000093769;ENSMUSG00000030867;ENSMUSG00000069265;ENSMUSG00000095217;ENSMUSG00000069307;ENSMUSG00000094777;ENSMUSG00000034349;ENSMUSG00000064288			False	False	True	False
liver	R-MMU-2454202_FC_EPSILON_RECEPTOR_FCERI_SIGNALING	-0.0015263963848523667	10	4	6	-0.0019683750085661223	9	4	5	-0.005242924341386568	10.0	4.0	6.0	-0.005121136333200735	9.0	3.0	6.0	-1.3055175341704928	0.13205128205128205	0.460864281617043	ENSMUSG00000021457;ENSMUSG00000058715;ENSMUSG00000002699;ENSMUSG00000105906;ENSMUSG00000034330;ENSMUSG00000021250;ENSMUSG00000034116;ENSMUSG00000008348;ENSMUSG00000030774;ENSMUSG00000027544			False	False	True	True
liver	R-MMU-2467813_SEPARATION_OF_SISTER_CHROMATIDS	-0.0002036849829017623	10	5	5	-0.00013856634753634973	9	4	5	0.001926317553835738	10.0	6.0	4.0	0.0011716760570545906	9.0	6.0	3.0	-1.1459544762119702	0.283175355450237	0.7057669591768913	ENSMUSG00000026605;ENSMUSG00000029414;ENSMUSG00000027379;ENSMUSG00000045328;ENSMUSG00000029177;ENSMUSG00000026683;ENSMUSG00000006398;ENSMUSG00000072235;ENSMUSG00000024056;ENSMUSG00000001403;ENSMUSG00000020897;ENSMUSG00000023004;ENSMUSG00000024660;ENSMUSG00000008348;ENSMUSG00000050621;ENSMUSG00000040084;ENSMUSG00000029910;ENSMUSG00000058290;ENSMUSG00000028678;ENSMUSG00000026039			False	False	False	True
liver	R-MMU-2500257_RESOLUTION_OF_SISTER_CHROMATID_COHESION	6.660184596900137e-05	10	7	3	0.00011836056721423436	9	6	3	0.0017072622210838272	10.0	7.0	3.0	0.0007116360085442364	9.0	6.0	3.0	-1.2217942823381103	0.20211515863689777	0.6171943680938616	ENSMUSG00000026605;ENSMUSG00000029414;ENSMUSG00000027379;ENSMUSG00000045328;ENSMUSG00000029177;ENSMUSG00000026683;ENSMUSG00000019942;ENSMUSG00000006398;ENSMUSG00000072235;ENSMUSG00000024056;ENSMUSG00000041431;ENSMUSG00000020897;ENSMUSG00000023004;ENSMUSG00000032218;ENSMUSG00000024660;ENSMUSG00000050621;ENSMUSG00000040084;ENSMUSG00000029910			False	False	True	False
liver	R-MMU-2555396_MITOTIC_METAPHASE_AND_ANAPHASE	-0.0014707423879157778	10	4	6	-0.0011310465017053619	9	4	5	0.002125513650942401	10.0	7.0	3.0	0.0013713948253494643	9.0	6.0	3.0	-1.221572266780171	0.18830409356725147	0.604265984325605	ENSMUSG00000026605;ENSMUSG00000029414;ENSMUSG00000027379;ENSMUSG00000045328;ENSMUSG00000029177;ENSMUSG00000026683;ENSMUSG00000019942;ENSMUSG00000006398;ENSMUSG00000072235;ENSMUSG00000024056;ENSMUSG00000001403;ENSMUSG00000041431;ENSMUSG00000020897;ENSMUSG00000023004;ENSMUSG00000032218;ENSMUSG00000024660;ENSMUSG00000008348;ENSMUSG00000050621;ENSMUSG00000040084;ENSMUSG00000029910			False	False	False	True
liver	R-MMU-2559583_CELLULAR_SENESCENCE	-0.007436491473279944	10	4	6	0.0003412739714878932	9	4	5	0.006662795319972908	10.0	8.0	2.0	0.006935805063843594	9.0	7.0	2.0	0.6724026832105333	0.9606299212598425	0.993219402110443	ENSMUSG00000023067;ENSMUSG00000042745;ENSMUSG00000052684			False	False	False	False
liver	R-MMU-2559586_DNA_DAMAGE_TELOMERE_STRESS_INDUCED_SENESCENCE	0.05609987607450453	10	7	3	0.05146934431558706	9	7	2	0.0058764180072407276	10.0	7.0	3.0	0.005356406456103296	9.0	6.0	3.0	-0.506435110115494	0.9929660023446659	0.9941217725049487	ENSMUSG00000027715;ENSMUSG00000002068;ENSMUSG00000075031;ENSMUSG00000062727;ENSMUSG00000061615;ENSMUSG00000069300;ENSMUSG00000071478;ENSMUSG00000058385;ENSMUSG00000094248;ENSMUSG00000018102;ENSMUSG00000069305;ENSMUSG00000094338;ENSMUSG00000034218;ENSMUSG00000095217;ENSMUSG00000069307;ENSMUSG00000094777;ENSMUSG00000064288;ENSMUSG00000024590;ENSMUSG00000028212;ENSMUSG00000078249			False	False	True	False
liver	R-MMU-2565942_REGULATION_OF_PLK1_ACTIVITY_AT_G2_M_TRANSITION	0.001849055703283731	10	8	2	0.0017633041584104948	9	7	2	0.002101679711909634	10.0	7.0	3.0	0.001122771645610544	9.0	7.0	2.0	-1.0205441220648022	0.46296296296296297	0.8893115893027054	ENSMUSG00000019942;ENSMUSG00000072235;ENSMUSG00000041431;ENSMUSG00000032218;ENSMUSG00000021270;ENSMUSG00000008348			False	False	True	False
liver	R-MMU-2672351_STIMULI_SENSING_CHANNELS	0.002954941329228845	10	7	3	0.0029297573279791402	9	6	3	0.0001540749245089776	10.0	4.0	6.0	8.62850309144477e-06	9.0	4.0	5.0	-0.9361941474485164	0.5856079404466501	0.87333928394172	ENSMUSG00000009292;ENSMUSG00000036083;ENSMUSG00000031431;ENSMUSG00000008348;ENSMUSG00000064210			False	False	True	False
liver	R-MMU-2682334_EPH_EPHRIN_SIGNALING	0.00047547107656769683	10	6	4	0.0005818143695461181	9	6	3	0.0011743565931376333	10.0	5.0	5.0	0.001959576114609914	9.0	4.0	5.0	-0.8447398459498576	0.71125	0.9084296418749758	ENSMUSG00000027954;ENSMUSG00000031740;ENSMUSG00000030774;ENSMUSG00000026259;ENSMUSG00000019843;ENSMUSG00000027646			False	False	True	False
liver	R-MMU-2980736_PEPTIDE_HORMONE_METABOLISM	0.0286531807197699	10	7	3	0.025844729133077646	9	7	2	0.0058137284229572315	10.0	5.0	5.0	0.006313856718123629	9.0	5.0	4.0	1.1119004862224011	0.33163265306122447	0.7433433771242619	ENSMUSG00000037035;ENSMUSG00000047492;ENSMUSG00000027792;ENSMUSG00000025405			False	False	True	True
liver	R-MMU-2990846_SUMOYLATION	-0.057373893337255046	10	4	6	-0.06372610841970136	9	3	6	0.0031225644943936705	10.0	8.0	2.0	0.002896872471487582	9.0	7.0	2.0	-0.9779330424988366	0.5153751537515375	0.8968902351033892	ENSMUSG00000020914;ENSMUSG00000020897;ENSMUSG00000030091;ENSMUSG00000024660;ENSMUSG00000025225;ENSMUSG00000019768;ENSMUSG00000004099;ENSMUSG00000028873;ENSMUSG00000024561;ENSMUSG00000042349;ENSMUSG00000069305			False	False	False	True
liver	R-MMU-2995410_NUCLEAR_ENVELOPE_NE_REASSEMBLY	7.132351794553955e-05	10	7	3	6.393737656647252e-05	9	6	3	0.009200853250380255	10.0	8.0	2.0	0.008494959438655306	9.0	7.0	2.0	-0.7374662928364378	0.8294871794871795	0.960263217426143	ENSMUSG00000019942;ENSMUSG00000072235;ENSMUSG00000041431;ENSMUSG00000023004;ENSMUSG00000032218			False	False	True	False
liver	R-MMU-3000171_NON_INTEGRIN_MEMBRANE_ECM_INTERACTIONS	0.00771472393095021	10	4	6	0.01583793875925684	9	4	5	-0.0018652566750609334	10.0	5.0	5.0	-0.001895850532585121	9.0	4.0	5.0	-0.9813426711032052	0.5153664302600472	0.9031531717659493	ENSMUSG00000026043;ENSMUSG00000026042;ENSMUSG00000025743;ENSMUSG00000020672;ENSMUSG00000026674;ENSMUSG00000026837			False	False	False	False
liver	R-MMU-3000178_ECM_PROTEOGLYCANS	-0.09556772244035347	10	2	8	-0.09081365408716524	9	2	7	-0.00927174554708975	10.0	1.0	9.0	-0.009523364005332133	9.0	1.0	8.0	-1.4661348557939222	0.0428921568627451	0.2673419694910105	ENSMUSG00000026043;ENSMUSG00000030789;ENSMUSG00000026042;ENSMUSG00000026768;ENSMUSG00000021613;ENSMUSG00000048126;ENSMUSG00000028364;ENSMUSG00000020241;ENSMUSG00000026837;ENSMUSG00000031375;ENSMUSG00000021614;ENSMUSG00000033327;ENSMUSG00000039115;ENSMUSG00000091345;ENSMUSG00000037411;ENSMUSG00000001119;ENSMUSG00000041936			False	False	True	True
liver	R-MMU-3108232_SUMO_E3_LIGASES_SUMOYLATE_TARGET_PROTEINS	0.0023793643092995284	10	7	3	0.00224795033096773	9	6	3	0.0031225644943936705	10.0	8.0	2.0	0.002896872471487582	9.0	7.0	2.0	-0.9779330424988366	0.5153751537515375	0.8968902351033892	ENSMUSG00000020914;ENSMUSG00000020897;ENSMUSG00000030091;ENSMUSG00000024660;ENSMUSG00000025225;ENSMUSG00000019768;ENSMUSG00000004099;ENSMUSG00000028873;ENSMUSG00000024561;ENSMUSG00000042349;ENSMUSG00000069305			False	False	True	False
liver	R-MMU-3214841_PKMTS_METHYLATE_HISTONE_LYSINES	0.00014917988658670871	10	7	3	0.00022421175570480864	9	6	3	0.00012986679392001932	10.0	5.0	5.0	0.0007068843786873826	9.0	5.0	4.0	-0.7914704130912754	0.7629255989911727	0.9483167222201313	ENSMUSG00000037111;ENSMUSG00000081058;ENSMUSG00000025225;ENSMUSG00000069310;ENSMUSG00000069267			False	False	True	False
liver	R-MMU-3214847_HATS_ACETYLATE_HISTONES	-0.0005624934779754938	10	2	8	-0.0006471097378034586	9	2	7	-0.0005838493130462863	10.0	6.0	4.0	-0.0009485940772037497	9.0	5.0	4.0	-1.1020943890601824	0.3252720677146312	0.7480345666598708	ENSMUSG00000081058;ENSMUSG00000075031;ENSMUSG00000069310;ENSMUSG00000062727;ENSMUSG00000069300;ENSMUSG00000069267;ENSMUSG00000058385;ENSMUSG00000018102;ENSMUSG00000034160;ENSMUSG00000069305;ENSMUSG00000094338;ENSMUSG00000093769;ENSMUSG00000069265;ENSMUSG00000095217;ENSMUSG00000069307;ENSMUSG00000064288			False	False	True	True
liver	R-MMU-3214858_RMTS_METHYLATE_HISTONE_ARGININES	-0.00034509195463745655	10	5	5	-0.00046470758988685645	9	4	5	-0.0010077563744407768	10.0	6.0	4.0	-0.0017702922295282056	9.0	5.0	4.0	-0.88837525389699	0.64875	0.8812298810107452	ENSMUSG00000070348;ENSMUSG00000081058;ENSMUSG00000069310;ENSMUSG00000061615;ENSMUSG00000069267;ENSMUSG00000071478;ENSMUSG00000094248;ENSMUSG00000069305;ENSMUSG00000093769;ENSMUSG00000069265;ENSMUSG00000094777;ENSMUSG00000064288			False	False	True	True
liver	R-MMU-3247509_CHROMATIN_MODIFYING_ENZYMES	0.05272837927689139	10	8	2	0.06487705755633434	9	7	2	-0.002026033765883755	10.0	6.0	4.0	-0.0017620286774162107	9.0	6.0	3.0	-0.9218778774560675	0.6242840778923253	0.8800496263831721	ENSMUSG00000070348;ENSMUSG00000037111;ENSMUSG00000081058;ENSMUSG00000075031;ENSMUSG00000025225;ENSMUSG00000069310;ENSMUSG00000062727;ENSMUSG00000061615;ENSMUSG00000069300;ENSMUSG00000069267;ENSMUSG00000071478;ENSMUSG00000058385;ENSMUSG00000018474;ENSMUSG00000094248;ENSMUSG00000018102;ENSMUSG00000034160;ENSMUSG00000069305;ENSMUSG00000094338;ENSMUSG00000093769;ENSMUSG00000069265;ENSMUSG00000095217;ENSMUSG00000069307;ENSMUSG00000094777;ENSMUSG00000064288			False	False	False	False
liver	R-MMU-3371497_HSP90_CHAPERONE_CYCLE_FOR_STEROID_HORMONE_RECEPTORS_SHR_IN_THE_PRESENCE_OF_LIGAND	0.0005028728588149992	10	6	4	0.0006052942264055546	9	6	3	0.002453601973092916	10.0	7.0	3.0	0.0021054136472077314	9.0	7.0	2.0	-0.7674018247717955	0.8081683168316832	0.9556591728536963	ENSMUSG00000090877;ENSMUSG00000091971;ENSMUSG00000072235;ENSMUSG00000023004;ENSMUSG00000021270			False	False	True	False
liver	R-MMU-3371556_CELLULAR_RESPONSE_TO_HEAT_STRESS	0.022023941618187954	10	8	2	0.02095995891438874	9	7	2	-0.011879749598457192	10.0	4.0	6.0	-0.01081792294190294	9.0	4.0	5.0	-1.5054728932101966	0.02781289506953224	0.22336383468072296	ENSMUSG00000090877;ENSMUSG00000091971;ENSMUSG00000029657;ENSMUSG00000025757;ENSMUSG00000030091;ENSMUSG00000021270			False	False	False	False
liver	R-MMU-352230_AMINO_ACID_TRANSPORT_ACROSS_THE_PLASMA_MEMBRANE	0.022670550292413817	10	7	3	0.026781963393687307	9	6	3	-0.0016968940926477157	10.0	4.0	6.0	-0.0019494574594568106	9.0	4.0	5.0	-1.1032005691929114	0.36466165413533835	0.7556248483717307	ENSMUSG00000010064;ENSMUSG00000020142;ENSMUSG00000001918;ENSMUSG00000027075;ENSMUSG00000023169;ENSMUSG00000024131;ENSMUSG00000038178;ENSMUSG00000040010;ENSMUSG00000019838;ENSMUSG00000022180			False	False	False	False
liver	R-MMU-3700989_TRANSCRIPTIONAL_REGULATION_BY_TP53	0.06918089634744493	10	9	1	0.07253295864663194	9	8	1	0.006494237578147756	10.0	7.0	3.0	0.0054318422060637035	9.0	6.0	3.0	-0.7647230661424471	0.8290697674418605	0.9480481801450192	ENSMUSG00000021701;ENSMUSG00000027715;ENSMUSG00000064354;ENSMUSG00000019942;ENSMUSG00000027469;ENSMUSG00000041431;ENSMUSG00000002068;ENSMUSG00000020897;ENSMUSG00000031400;ENSMUSG00000020423;ENSMUSG00000008348			False	False	True	False
liver	R-MMU-372790_SIGNALING_BY_GPCR	-0.09542829264206207	10	2	8	-0.09740041722133881	9	1	8	-0.0019593175813529895	10.0	3.0	7.0	-0.0019762141716951737	9.0	3.0	6.0	-1.2587032951023922	0.07826982492276004	0.5429269037019488	ENSMUSG00000029417;ENSMUSG00000029380;ENSMUSG00000024013;ENSMUSG00000079227;ENSMUSG00000034855;ENSMUSG00000004730;ENSMUSG00000031659;ENSMUSG00000045551;ENSMUSG00000020122;ENSMUSG00000002885;ENSMUSG00000034837;ENSMUSG00000020901;ENSMUSG00000018927;ENSMUSG00000053646;ENSMUSG00000018920;ENSMUSG00000035042;ENSMUSG00000026360;ENSMUSG00000036362;ENSMUSG00000023800;ENSMUSG00000038811;ENSMUSG00000040552;ENSMUSG00000044337;ENSMUSG00000024697;ENSMUSG00000034116;ENSMUSG00000056220;ENSMUSG00000026358;ENSMUSG00000024659;ENSMUSG00000021886;ENSMUSG00000094686;ENSMUSG00000045382;ENSMUSG00000026475;ENSMUSG00000027762;ENSMUSG00000042249;ENSMUSG00000028059;ENSMUSG00000056529;ENSMUSG00000058427;ENSMUSG00000017631;ENSMUSG00000030774;ENSMUSG00000026259;ENSMUSG00000021948;ENSMUSG00000037946;ENSMUSG00000019122;ENSMUSG00000045087;ENSMUSG00000026874;ENSMUSG00000029032;ENSMUSG00000045094;ENSMUSG00000039621;ENSMUSG00000029372;ENSMUSG00000052270;ENSMUSG00000052336;ENSMUSG00000045092;ENSMUSG00000042190;ENSMUSG00000027646;ENSMUSG00000031779;ENSMUSG00000043004;ENSMUSG00000042644;ENSMUSG00000026399;ENSMUSG00000035373;ENSMUSG00000024211;ENSMUSG00000039809;ENSMUSG00000050541;ENSMUSG00000059588;ENSMUSG00000045502;ENSMUSG00000029373;ENSMUSG00000026678;ENSMUSG00000018909;ENSMUSG00000032875;ENSMUSG00000048376;ENSMUSG00000061718			True	False	True	True
liver	R-MMU-373076_CLASS_A_1_RHODOPSIN_LIKE_RECEPTORS	-0.017118480554479246	10	5	5	-0.017951339838310276	9	4	5	-0.0025839355061887557	10.0	4.0	6.0	-0.0027677109311544873	9.0	3.0	6.0	-1.1686283738078829	0.21208791208791208	0.6843778854398174	ENSMUSG00000029417;ENSMUSG00000029380;ENSMUSG00000079227;ENSMUSG00000034855;ENSMUSG00000045551;ENSMUSG00000018927;ENSMUSG00000018920;ENSMUSG00000035042;ENSMUSG00000036362;ENSMUSG00000040552;ENSMUSG00000044337;ENSMUSG00000024659;ENSMUSG00000021886;ENSMUSG00000094686;ENSMUSG00000045382;ENSMUSG00000027762;ENSMUSG00000056529;ENSMUSG00000058427;ENSMUSG00000019122;ENSMUSG00000045087;ENSMUSG00000026874;ENSMUSG00000029372;ENSMUSG00000052270;ENSMUSG00000052336;ENSMUSG00000045092;ENSMUSG00000042190;ENSMUSG00000031779			False	False	True	True
liver	R-MMU-373755_SEMAPHORIN_INTERACTIONS	-0.03760356029445765	10	1	9	-0.03697672954754554	9	1	8	-0.007223754677044052	10.0	2.0	8.0	-0.007278664181385494	9.0	2.0	7.0	-1.4875194015471134	0.03676470588235294	0.23966272720307488	ENSMUSG00000026395;ENSMUSG00000030579;ENSMUSG00000028459;ENSMUSG00000053646;ENSMUSG00000021270;ENSMUSG00000053158;ENSMUSG00000028064;ENSMUSG00000027200;ENSMUSG00000030774;ENSMUSG00000025810;ENSMUSG00000054855;ENSMUSG00000021451;ENSMUSG00000019843			False	False	True	True
liver	R-MMU-373760_L1CAM_INTERACTIONS	5.302206821442956e-06	10	5	5	-0.0005078160647486612	9	5	4	0.0034377256830716457	10.0	7.0	3.0	0.003519938199314306	9.0	7.0	2.0	-0.6397248739181204	0.9406674907292955	0.9874466569884821	ENSMUSG00000020122;ENSMUSG00000034311;ENSMUSG00000072235;ENSMUSG00000023004;ENSMUSG00000052397;ENSMUSG00000030774;ENSMUSG00000039115;ENSMUSG00000025810;ENSMUSG00000031207			False	False	True	False
liver	R-MMU-375276_PEPTIDE_LIGAND_BINDING_RECEPTORS	-0.09604925050095746	10	1	9	-0.10671559306984692	9	0	9	-0.006528350060342324	10.0	3.0	7.0	-0.006628404491034737	9.0	2.0	7.0	-1.362965746045288	0.05414746543778802	0.39709908166924957	ENSMUSG00000029417;ENSMUSG00000029380;ENSMUSG00000079227;ENSMUSG00000034855;ENSMUSG00000045551;ENSMUSG00000018927;ENSMUSG00000018920;ENSMUSG00000035042;ENSMUSG00000040552;ENSMUSG00000044337;ENSMUSG00000024659;ENSMUSG00000094686;ENSMUSG00000045382			False	False	True	True
liver	R-MMU-380108_CHEMOKINE_RECEPTORS_BIND_CHEMOKINES	-0.08504468216367392	10	3	7	-0.1016450350839763	9	2	7	-0.014103864309648667	10.0	2.0	8.0	-0.013996153579858263	9.0	2.0	7.0	-1.4574718539134934	0.041212121212121214	0.28299860407803346	ENSMUSG00000029417;ENSMUSG00000029380;ENSMUSG00000079227;ENSMUSG00000034855;ENSMUSG00000018920;ENSMUSG00000035042;ENSMUSG00000044337;ENSMUSG00000094686;ENSMUSG00000045382			False	False	True	True
liver	R-MMU-380320_RECRUITMENT_OF_NUMA_TO_MITOTIC_CENTROSOMES	0.0012998825587950617	10	8	2	0.0017643279449098572	9	8	1	0.006114820173184854	10.0	7.0	3.0	0.005095100208542611	9.0	7.0	2.0	0.8411238447603767	0.7085427135678392	0.9870796673496445	ENSMUSG00000030137;ENSMUSG00000058672;ENSMUSG00000036752			False	False	True	True
liver	R-MMU-381426_REGULATION_OF_INSULIN_LIKE_GROWTH_FACTOR_IGF_TRANSPORT_AND_UPTAKE_BY_INSULIN_LIKE_GROWTH_FACTOR_BINDING_PROTEINS_IGFBPS	0.06370417715162909	10	6	4	0.067645598422445	9	6	3	-0.001212794303429715	10.0	4.0	6.0	-0.0011266019343573125	9.0	4.0	5.0	-0.7936278478354726	0.8204833141542003	0.9489775435063718	ENSMUSG00000044254;ENSMUSG00000057346;ENSMUSG00000063011;ENSMUSG00000023046;ENSMUSG00000061947;ENSMUSG00000028364;ENSMUSG00000001870;ENSMUSG00000068246;ENSMUSG00000050014;ENSMUSG00000021614;ENSMUSG00000022816;ENSMUSG00000027204;ENSMUSG00000073418;ENSMUSG00000036256;ENSMUSG00000025647;ENSMUSG00000068220;ENSMUSG00000014599;ENSMUSG00000024736;ENSMUSG00000010601;ENSMUSG00000042988;ENSMUSG00000055653;ENSMUSG00000046841;ENSMUSG00000029304;ENSMUSG00000032554;ENSMUSG00000026295;ENSMUSG00000079015;ENSMUSG00000026185;ENSMUSG00000033860;ENSMUSG00000039323;ENSMUSG00000028195;ENSMUSG00000026193;ENSMUSG00000021556;ENSMUSG00000030605;ENSMUSG00000022868;ENSMUSG00000031451;ENSMUSG00000039405;ENSMUSG00000017493;ENSMUSG00000028001;ENSMUSG00000022892;ENSMUSG00000025746;ENSMUSG00000001131			False	False	False	False
liver	R-MMU-382551_TRANSPORT_OF_SMALL_MOLECULES	0.0001419590589781805	10	5	5	0.00018931826658949745	9	4	5	0.0030835776361446215	10.0	7.0	3.0	0.0033676882469967067	9.0	7.0	2.0	0.9078059845310951	0.85	0.9370163914667953	ENSMUSG00000032080;ENSMUSG00000030827;ENSMUSG00000024411;ENSMUSG00000030237;ENSMUSG00000031808;ENSMUSG00000026822;ENSMUSG00000055782;ENSMUSG00000060961;ENSMUSG00000018900;ENSMUSG00000019935;ENSMUSG00000020102;ENSMUSG00000017868;ENSMUSG00000009092;ENSMUSG00000026576			False	False	True	True
liver	R-MMU-382556_ABC_FAMILY_PROTEIN_MEDIATED_TRANSPORT	0.03808119644146653	10	8	2	0.04294519075506863	9	7	2	0.0021822744598265415	10.0	4.0	6.0	0.0036959021532938538	9.0	4.0	5.0	-0.5550986009347956	0.968944099378882	0.9996398830650856	ENSMUSG00000041797;ENSMUSG00000026944;ENSMUSG00000008348;ENSMUSG00000024030;ENSMUSG00000022822;ENSMUSG00000023088			False	False	True	False
liver	R-MMU-383280_NUCLEAR_RECEPTOR_TRANSCRIPTION_PATHWAY	0.0013425500666402023	10	4	6	0.0015570817669018121	9	3	6	0.0030811329507082013	10.0	7.0	3.0	0.0035342171400162287	9.0	6.0	3.0	0.7478673999656507	0.7979274611398963	1.0	ENSMUSG00000046532;ENSMUSG00000022383;ENSMUSG00000047638;ENSMUSG00000022479;ENSMUSG00000032238;ENSMUSG00000005893;ENSMUSG00000029478;ENSMUSG00000021775;ENSMUSG00000005677;ENSMUSG00000031618;ENSMUSG00000028341;ENSMUSG00000017491;ENSMUSG00000020889;ENSMUSG00000023034;ENSMUSG00000028150;ENSMUSG00000037583;ENSMUSG00000019768			False	False	True	True
liver	R-MMU-388396_GPCR_DOWNSTREAM_SIGNALLING	-0.06906636013337897	10	3	7	-0.07324071220819886	9	2	7	-0.0011831609702795843	10.0	4.0	6.0	-0.0011082638953099136	9.0	4.0	5.0	-1.2015867418438675	0.12708333333333333	0.6411737537750027	ENSMUSG00000029417;ENSMUSG00000029380;ENSMUSG00000024013;ENSMUSG00000079227;ENSMUSG00000034855;ENSMUSG00000031659;ENSMUSG00000045551;ENSMUSG00000020122;ENSMUSG00000034837;ENSMUSG00000020901;ENSMUSG00000018927;ENSMUSG00000053646;ENSMUSG00000018920;ENSMUSG00000035042;ENSMUSG00000026360;ENSMUSG00000036362;ENSMUSG00000023800;ENSMUSG00000038811;ENSMUSG00000040552;ENSMUSG00000044337;ENSMUSG00000024697;ENSMUSG00000034116;ENSMUSG00000056220;ENSMUSG00000026358;ENSMUSG00000024659;ENSMUSG00000021886;ENSMUSG00000094686;ENSMUSG00000045382;ENSMUSG00000026475;ENSMUSG00000027762;ENSMUSG00000042249;ENSMUSG00000028059;ENSMUSG00000056529;ENSMUSG00000058427;ENSMUSG00000017631;ENSMUSG00000030774;ENSMUSG00000026259;ENSMUSG00000021948;ENSMUSG00000037946;ENSMUSG00000019122;ENSMUSG00000045087;ENSMUSG00000026874;ENSMUSG00000029032;ENSMUSG00000045094;ENSMUSG00000039621;ENSMUSG00000029372;ENSMUSG00000052270;ENSMUSG00000052336;ENSMUSG00000027646;ENSMUSG00000043004;ENSMUSG00000042644;ENSMUSG00000024211;ENSMUSG00000039809;ENSMUSG00000050541;ENSMUSG00000059588;ENSMUSG00000045502;ENSMUSG00000029373;ENSMUSG00000026678;ENSMUSG00000018909;ENSMUSG00000032875;ENSMUSG00000048376;ENSMUSG00000061718			False	False	True	True
liver	R-MMU-388841_REGULATION_OF_T_CELL_ACTIVATION_BY_CD28_FAMILY	0.007428635325955406	10	6	4	0.008573092141008652	9	6	3	-0.009345367904606133	10.0	3.0	7.0	-0.009382416356037215	9.0	2.0	7.0	-1.4095096994031255	0.03546910755148741	0.31714401858616964	ENSMUSG00000070348;ENSMUSG00000073421;ENSMUSG00000060586;ENSMUSG00000036594;ENSMUSG00000023274;ENSMUSG00000022901;ENSMUSG00000020901;ENSMUSG00000039936;ENSMUSG00000076498;ENSMUSG00000016496;ENSMUSG00000034116;ENSMUSG00000081058;ENSMUSG00000008348;ENSMUSG00000075031;ENSMUSG00000069310;ENSMUSG00000005763;ENSMUSG00000062727;ENSMUSG00000061615;ENSMUSG00000030774;ENSMUSG00000069300;ENSMUSG00000069267			False	False	False	False
liver	R-MMU-389948_CO_INHIBITION_BY_PD_1	-0.0031043415272827045	10	1	9	-0.003259758930578666	9	1	8	-0.009609707867895062	10.0	3.0	7.0	-0.009539773192563668	9.0	2.0	7.0	-1.3140252678984348	0.08070175438596491	0.4675702629137177	ENSMUSG00000070348;ENSMUSG00000073421;ENSMUSG00000060586;ENSMUSG00000036594;ENSMUSG00000023274;ENSMUSG00000076498;ENSMUSG00000016496;ENSMUSG00000081058;ENSMUSG00000008348;ENSMUSG00000075031;ENSMUSG00000069310;ENSMUSG00000005763;ENSMUSG00000062727;ENSMUSG00000061615;ENSMUSG00000069300;ENSMUSG00000069267			False	False	True	True
liver	R-MMU-392499_METABOLISM_OF_PROTEINS	-0.05110449755399271	10	4	6	-0.04471731606528283	9	3	6	0.0028163267627610107	10.0	7.0	3.0	0.0031151776453716804	9.0	7.0	2.0	0.736363421539116	1.0	0.9929492587682296	ENSMUSG00000021228;ENSMUSG00000021226;ENSMUSG00000072949;ENSMUSG00000037035;ENSMUSG00000030643;ENSMUSG00000030137;ENSMUSG00000037379;ENSMUSG00000058672;ENSMUSG00000037440;ENSMUSG00000020429;ENSMUSG00000033453;ENSMUSG00000015357;ENSMUSG00000032786;ENSMUSG00000056131;ENSMUSG00000027875;ENSMUSG00000025509;ENSMUSG00000020604;ENSMUSG00000020027;ENSMUSG00000047492;ENSMUSG00000030541;ENSMUSG00000064220;ENSMUSG00000032898;ENSMUSG00000036752;ENSMUSG00000052934;ENSMUSG00000061436;ENSMUSG00000052133;ENSMUSG00000020642;ENSMUSG00000022346;ENSMUSG00000034634;ENSMUSG00000048490;ENSMUSG00000064367;ENSMUSG00000032578;ENSMUSG00000062825;ENSMUSG00000046532;ENSMUSG00000025880;ENSMUSG00000064356;ENSMUSG00000032079;ENSMUSG00000020609;ENSMUSG00000029309;ENSMUSG00000024164;ENSMUSG00000027792;ENSMUSG00000064345			False	False	False	False
liver	R-MMU-397014_MUSCLE_CONTRACTION	-0.017507313148260373	10	5	5	-0.01481035124938986	9	4	5	0.001641123770236675	10.0	5.0	5.0	0.002843116269990247	9.0	5.0	4.0	-0.51190569435445	0.9872685185185185	0.9965249253978891	ENSMUSG00000026728;ENSMUSG00000020788;ENSMUSG00000054640;ENSMUSG00000023243;ENSMUSG00000030774;ENSMUSG00000030409;ENSMUSG00000027820;ENSMUSG00000005220;ENSMUSG00000031799;ENSMUSG00000042644;ENSMUSG00000035165;ENSMUSG00000026950;ENSMUSG00000007097;ENSMUSG00000067818;ENSMUSG00000028469;ENSMUSG00000117098;ENSMUSG00000042284;ENSMUSG00000030249;ENSMUSG00000034868			False	False	False	True
liver	R-MMU-416476_G_ALPHA_Q_SIGNALLING_EVENTS	0.02630746112365997	10	6	4	0.03821476084904017	9	6	3	0.0023542574917108498	10.0	6.0	4.0	0.0022218043413470656	9.0	5.0	4.0	-0.8967002375126696	0.6527777777777778	0.8721747271384234	ENSMUSG00000020122;ENSMUSG00000018927;ENSMUSG00000026360;ENSMUSG00000038811;ENSMUSG00000024697;ENSMUSG00000026358;ENSMUSG00000024659;ENSMUSG00000021886;ENSMUSG00000026475;ENSMUSG00000056529;ENSMUSG00000021948;ENSMUSG00000019122;ENSMUSG00000052270;ENSMUSG00000043004;ENSMUSG00000042644;ENSMUSG00000050541;ENSMUSG00000026678;ENSMUSG00000048376			False	False	True	False
liver	R-MMU-416482_G_ALPHA_12_13_SIGNALLING_EVENTS	-0.0006700916623451649	10	4	6	-0.0007447385344840456	9	4	5	-0.0006562603909674562	10.0	6.0	4.0	-0.0005668008376207473	9.0	5.0	4.0	-1.2083515327338523	0.21592279855247287	0.6378713547270507	ENSMUSG00000024013;ENSMUSG00000053646;ENSMUSG00000023800;ENSMUSG00000038811;ENSMUSG00000034116;ENSMUSG00000028059;ENSMUSG00000017631;ENSMUSG00000026259;ENSMUSG00000037946;ENSMUSG00000029032;ENSMUSG00000045094;ENSMUSG00000039621;ENSMUSG00000043004;ENSMUSG00000050541			False	False	True	True
liver	R-MMU-418346_PLATELET_HOMEOSTASIS	-0.0036113437464637605	10	2	8	-0.003643856815383014	9	2	7	-0.0008148169130686046	10.0	6.0	4.0	-0.0013354815008901249	9.0	6.0	3.0	-1.0258541789894533	0.4506172839506173	0.883582822509797	ENSMUSG00000020788;ENSMUSG00000038811;ENSMUSG00000028874;ENSMUSG00000056220;ENSMUSG00000054640			False	False	True	True
liver	R-MMU-418555_G_ALPHA_S_SIGNALLING_EVENTS	0.06400041154578384	10	6	4	0.07553907043975983	9	5	4	0.001145201843174791	10.0	4.0	6.0	0.0008338202724197668	9.0	4.0	5.0	-0.7638748165737281	0.7985166872682324	0.9419571623469342	ENSMUSG00000038811;ENSMUSG00000042249;ENSMUSG00000043004;ENSMUSG00000059588;ENSMUSG00000018909;ENSMUSG00000002997;ENSMUSG00000110195;ENSMUSG00000026193;ENSMUSG00000032528			False	False	True	False
liver	R-MMU-418594_G_ALPHA_I_SIGNALLING_EVENTS	-0.07655910665681029	10	4	6	-0.08351677720333418	9	3	6	-0.005050464086271249	10.0	2.0	8.0	-0.005306637964851967	9.0	2.0	7.0	-1.333334218500499	0.06885245901639345	0.4394621617493261	ENSMUSG00000029417;ENSMUSG00000029380;ENSMUSG00000079227;ENSMUSG00000034855;ENSMUSG00000031659;ENSMUSG00000045551;ENSMUSG00000034837;ENSMUSG00000018927;ENSMUSG00000018920;ENSMUSG00000035042;ENSMUSG00000036362;ENSMUSG00000038811;ENSMUSG00000040552;ENSMUSG00000044337;ENSMUSG00000024697;ENSMUSG00000056220;ENSMUSG00000026358;ENSMUSG00000024659;ENSMUSG00000094686;ENSMUSG00000045382;ENSMUSG00000026475;ENSMUSG00000027762			False	False	True	True
liver	R-MMU-418990_ADHERENS_JUNCTIONS_INTERACTIONS	-0.026027250431793186	10	2	8	-0.01792709519670142	9	2	7	-0.0008285901835419343	10.0	6.0	4.0	-0.00039362150417740727	9.0	6.0	3.0	-0.9044161895775115	0.6360582306830908	0.8924796215642242	ENSMUSG00000038642;ENSMUSG00000072115;ENSMUSG00000002289;ENSMUSG00000081058;ENSMUSG00000008348;ENSMUSG00000011256;ENSMUSG00000075031;ENSMUSG00000041112;ENSMUSG00000069310;ENSMUSG00000062727;ENSMUSG00000061615;ENSMUSG00000069300;ENSMUSG00000069267;ENSMUSG00000071478;ENSMUSG00000019843;ENSMUSG00000058385;ENSMUSG00000031871;ENSMUSG00000027646;ENSMUSG00000094248;ENSMUSG00000018102;ENSMUSG00000026872;ENSMUSG00000069305;ENSMUSG00000094338;ENSMUSG00000040511;ENSMUSG00000027947;ENSMUSG00000093769;ENSMUSG00000069265;ENSMUSG00000095217;ENSMUSG00000069307;ENSMUSG00000094777;ENSMUSG00000064288;ENSMUSG00000101645			False	False	True	True
liver	R-MMU-421270_CELL_CELL_JUNCTION_ORGANIZATION	0.012203875893456728	10	5	5	0.010200745331354042	9	5	4	-0.0008187337575971745	10.0	6.0	4.0	-0.0003852525452906424	9.0	6.0	3.0	-0.9017862472754874	0.6502242152466368	0.8939431246017651	ENSMUSG00000038642;ENSMUSG00000072115;ENSMUSG00000002289;ENSMUSG00000081058;ENSMUSG00000008348;ENSMUSG00000011256;ENSMUSG00000075031;ENSMUSG00000041112;ENSMUSG00000069310;ENSMUSG00000062727;ENSMUSG00000061615;ENSMUSG00000069300;ENSMUSG00000069267;ENSMUSG00000071478;ENSMUSG00000019843;ENSMUSG00000058385;ENSMUSG00000031871;ENSMUSG00000027646;ENSMUSG00000094248;ENSMUSG00000018102;ENSMUSG00000026872;ENSMUSG00000069305;ENSMUSG00000094338;ENSMUSG00000040511;ENSMUSG00000027947;ENSMUSG00000093769;ENSMUSG00000069265;ENSMUSG00000095217;ENSMUSG00000069307;ENSMUSG00000094777;ENSMUSG00000064288;ENSMUSG00000101645			False	False	False	False
liver	R-MMU-422356_REGULATION_OF_INSULIN_SECRETION	-0.10064666829843345	10	1	9	-0.1000390969188943	9	0	9	0.0022280843954225055	10.0	5.0	5.0	0.0029432795519300655	9.0	4.0	5.0	-0.6409661403524869	0.9145408163265306	0.9900748739792508	ENSMUSG00000038811;ENSMUSG00000024697;ENSMUSG00000032883;ENSMUSG00000069662;ENSMUSG00000003352;ENSMUSG00000043004;ENSMUSG00000042644	Regulation of insulin secretion	aligned	True	True	False	True
liver	R-MMU-422475_AXON_GUIDANCE	-0.07341905536889533	10	3	7	-0.07145373197073025	9	2	7	-0.002845525404326552	10.0	4.0	6.0	-0.0025860256689169917	9.0	4.0	5.0	-1.3000971592277264	0.07221006564551423	0.46464849951045933	ENSMUSG00000026043;ENSMUSG00000026395;ENSMUSG00000030579;ENSMUSG00000028459;ENSMUSG00000020122;ENSMUSG00000026042;ENSMUSG00000022102;ENSMUSG00000027954;ENSMUSG00000053646;ENSMUSG00000040710;ENSMUSG00000034311;ENSMUSG00000039936;ENSMUSG00000021262;ENSMUSG00000048126;ENSMUSG00000072235;ENSMUSG00000020176;ENSMUSG00000020241;ENSMUSG00000023004;ENSMUSG00000021270;ENSMUSG00000008348;ENSMUSG00000031740;ENSMUSG00000045382;ENSMUSG00000026837;ENSMUSG00000022103;ENSMUSG00000053158;ENSMUSG00000028064;ENSMUSG00000052397;ENSMUSG00000027200;ENSMUSG00000042453;ENSMUSG00000030774;ENSMUSG00000026259;ENSMUSG00000039115;ENSMUSG00000025810;ENSMUSG00000019312;ENSMUSG00000031207;ENSMUSG00000054855			False	False	True	True
liver	R-MMU-425407_SLC_MEDIATED_TRANSMEMBRANE_TRANSPORT	0.058563167400773476	10	7	3	0.05866175451937794	9	7	2	0.005214844916130758	10.0	8.0	2.0	0.005441969619696564	9.0	7.0	2.0	0.8753169812725806	0.7066666666666667	0.9503238772209625	ENSMUSG00000030827;ENSMUSG00000030237;ENSMUSG00000031808;ENSMUSG00000060961;ENSMUSG00000018900;ENSMUSG00000019935;ENSMUSG00000020102;ENSMUSG00000028542;ENSMUSG00000026435;ENSMUSG00000032902;ENSMUSG00000025792			False	False	True	True
liver	R-MMU-428157_SPHINGOLIPID_METABOLISM	0.012604129066892353	10	4	6	0.017782507841520603	9	4	5	0.003536518244694445	10.0	5.0	5.0	0.0039019357906578452	9.0	5.0	4.0	0.6656098054770814	0.9101123595505618	0.9823419941453211	ENSMUSG00000020604;ENSMUSG00000049721;ENSMUSG00000010025;ENSMUSG00000031906;ENSMUSG00000040451;ENSMUSG00000056091;ENSMUSG00000061878;ENSMUSG00000022620;ENSMUSG00000050931;ENSMUSG00000038007;ENSMUSG00000021759;ENSMUSG00000028517;ENSMUSG00000035891;ENSMUSG00000028381;ENSMUSG00000040447;ENSMUSG00000052151;ENSMUSG00000025232;ENSMUSG00000024885;ENSMUSG00000027035;ENSMUSG00000021665;ENSMUSG00000056124;ENSMUSG00000023088;ENSMUSG00000017929;ENSMUSG00000000594			False	False	True	True
liver	R-MMU-437239_RECYCLING_PATHWAY_OF_L1	-0.0006029614688608253	10	3	7	-0.0007094804296919224	9	2	7	0.0052564126385092605	10.0	7.0	3.0	0.005083816650314991	9.0	7.0	2.0	0.9018357510045528	0.5476190476190477	0.9298512245095936	ENSMUSG00000030137;ENSMUSG00000058672;ENSMUSG00000036752;ENSMUSG00000062825;ENSMUSG00000026202;ENSMUSG00000043091			False	False	False	False
liver	R-MMU-4420097_VEGFA_VEGFR2_PATHWAY	-0.037284857690681794	10	2	8	-0.039547618641762844	9	1	8	-0.006000279704966559	10.0	4.0	6.0	-0.005996856935598769	9.0	3.0	6.0	-1.2728745871889435	0.12925969447708577	0.5084270802829244	ENSMUSG00000015340;ENSMUSG00000004951;ENSMUSG00000015950;ENSMUSG00000022488;ENSMUSG00000026480;ENSMUSG00000071715;ENSMUSG00000006519;ENSMUSG00000020340;ENSMUSG00000034116;ENSMUSG00000002602;ENSMUSG00000021270;ENSMUSG00000041112;ENSMUSG00000030774;ENSMUSG00000021948;ENSMUSG00000007655;ENSMUSG00000019843;ENSMUSG00000031871;ENSMUSG00000027646			False	False	True	True
liver	R-MMU-445355_SMOOTH_MUSCLE_CONTRACTION	0.002283997219834391	10	6	4	0.001540208154313352	9	5	4	0.004918085638188761	10.0	6.0	4.0	0.006407661271356824	9.0	5.0	4.0	0.8130274117631814	0.6480446927374302	1.0	ENSMUSG00000032366;ENSMUSG00000035783;ENSMUSG00000028464;ENSMUSG00000022091;ENSMUSG00000025006;ENSMUSG00000059430;ENSMUSG00000021823;ENSMUSG00000018830;ENSMUSG00000022836;ENSMUSG00000034868;ENSMUSG00000042284;ENSMUSG00000117098;ENSMUSG00000067818;ENSMUSG00000031799;ENSMUSG00000030774			False	False	True	True
liver	R-MMU-446203_ASPARAGINE_N_LINKED_GLYCOSYLATION	0.010404645220504228	10	5	5	0.011280936409025857	9	5	4	0.0013402431336349135	10.0	8.0	2.0	0.0010106337716295998	9.0	7.0	2.0	0.6548364702422924	0.9328859060402684	0.9589185899703033	ENSMUSG00000030137;ENSMUSG00000058672;ENSMUSG00000056131			False	False	True	True
liver	R-MMU-446652_INTERLEUKIN_1_FAMILY_SIGNALING	-0.004355449369451892	10	5	5	-0.008030953528491524	9	5	4	-0.005701651360254111	10.0	4.0	6.0	-0.00661580419681334	9.0	4.0	5.0	-1.3421195905590675	0.1084788029925187	0.4268347204955212	ENSMUSG00000027398;ENSMUSG00000046688;ENSMUSG00000028028;ENSMUSG00000026981;ENSMUSG00000070427;ENSMUSG00000008348;ENSMUSG00000025225;ENSMUSG00000074151;ENSMUSG00000026072			False	False	True	True
liver	R-MMU-446728_CELL_JUNCTION_ORGANIZATION	0.02507290965485217	10	7	3	0.02723385532814263	9	7	2	-0.001036274139119672	10.0	6.0	4.0	-0.00044147423851808947	9.0	6.0	3.0	-0.9294873203511034	0.6220994475138122	0.8675478167023667	ENSMUSG00000038642;ENSMUSG00000072115;ENSMUSG00000002289;ENSMUSG00000081058;ENSMUSG00000008348;ENSMUSG00000011256;ENSMUSG00000075031;ENSMUSG00000041112;ENSMUSG00000069310;ENSMUSG00000015143;ENSMUSG00000062727;ENSMUSG00000061615;ENSMUSG00000069300;ENSMUSG00000069267;ENSMUSG00000006219;ENSMUSG00000071478;ENSMUSG00000019843;ENSMUSG00000058385;ENSMUSG00000031328;ENSMUSG00000031871;ENSMUSG00000027646;ENSMUSG00000094248;ENSMUSG00000018102;ENSMUSG00000026872;ENSMUSG00000069305;ENSMUSG00000094338;ENSMUSG00000040511;ENSMUSG00000027947;ENSMUSG00000093769;ENSMUSG00000069265;ENSMUSG00000095217;ENSMUSG00000037712;ENSMUSG00000069307;ENSMUSG00000094777;ENSMUSG00000064288;ENSMUSG00000101645			False	False	False	False
liver	R-MMU-449147_SIGNALING_BY_INTERLEUKINS	-0.10098096536751018	10	2	8	-0.10595802432368856	9	1	8	-0.0062632233466496335	10.0	4.0	6.0	-0.006413560421050102	9.0	3.0	6.0	-1.4124020002906263	0.02348993288590604	0.32388374422488553	ENSMUSG00000023274;ENSMUSG00000027398;ENSMUSG00000031304;ENSMUSG00000071713;ENSMUSG00000024621;ENSMUSG00000046688;ENSMUSG00000032089;ENSMUSG00000054263;ENSMUSG00000021457;ENSMUSG00000028028;ENSMUSG00000003283;ENSMUSG00000026981;ENSMUSG00000039936;ENSMUSG00000070427;ENSMUSG00000021250;ENSMUSG00000034116;ENSMUSG00000003882;ENSMUSG00000081058;ENSMUSG00000008348;ENSMUSG00000019960;ENSMUSG00000025225;ENSMUSG00000069310;ENSMUSG00000040033;ENSMUSG00000017057;ENSMUSG00000026288;ENSMUSG00000074151;ENSMUSG00000026072;ENSMUSG00000069267			False	False	True	True
liver	R-MMU-453274_MITOTIC_G2_G2_M_PHASES	0.0006061987164884912	10	6	4	0.0003021570542332443	9	5	4	0.005260540043099454	10.0	8.0	2.0	0.004024350175141007	9.0	7.0	2.0	-0.9193507938283023	0.6021003500583431	0.8771353645942767	ENSMUSG00000027715;ENSMUSG00000020330;ENSMUSG00000023908;ENSMUSG00000019942;ENSMUSG00000072235;ENSMUSG00000031016;ENSMUSG00000001517;ENSMUSG00000027469;ENSMUSG00000041431;ENSMUSG00000023004;ENSMUSG00000032218;ENSMUSG00000021270;ENSMUSG00000008348			False	False	True	False
liver	R-MMU-453279_MITOTIC_G1_PHASE_AND_G1_S_TRANSITION	0.0017074410888222422	10	8	2	0.002310612966416248	9	8	1	-0.004883483350220573	10.0	4.0	6.0	-0.006480924534177767	9.0	3.0	6.0	-1.323745207370771	0.09987515605493133	0.44991774708856325	ENSMUSG00000070348;ENSMUSG00000005410;ENSMUSG00000017499;ENSMUSG00000027715;ENSMUSG00000007080;ENSMUSG00000031016;ENSMUSG00000026355;ENSMUSG00000026669;ENSMUSG00000002068;ENSMUSG00000018983;ENSMUSG00000008348;ENSMUSG00000022673;ENSMUSG00000002870;ENSMUSG00000041859			False	False	False	False
liver	R-MMU-4839726_CHROMATIN_ORGANIZATION	0.0024644938747945266	10	6	4	-0.0017665181814452548	9	6	3	0.00021118149831785352	10.0	6.0	4.0	0.0006318327564393814	9.0	6.0	3.0	-0.7621653663652295	0.859392575928009	0.9405430867052473	ENSMUSG00000070348;ENSMUSG00000037111;ENSMUSG00000081058;ENSMUSG00000075031;ENSMUSG00000025225;ENSMUSG00000069310;ENSMUSG00000062727;ENSMUSG00000061615;ENSMUSG00000069300;ENSMUSG00000069267;ENSMUSG00000071478;ENSMUSG00000058385;ENSMUSG00000018474;ENSMUSG00000094248;ENSMUSG00000018102;ENSMUSG00000034160;ENSMUSG00000069305;ENSMUSG00000094338			False	False	True	False
liver	R-MMU-500792_GPCR_LIGAND_BINDING	-0.05582423795046463	10	2	8	-0.06438096925713001	9	1	8	-0.004155206989887465	10.0	3.0	7.0	-0.004572662744402535	9.0	2.0	7.0	-1.2776449695746772	0.0867178924259056	0.5121705969643428	ENSMUSG00000029417;ENSMUSG00000029380;ENSMUSG00000079227;ENSMUSG00000034855;ENSMUSG00000004730;ENSMUSG00000045551;ENSMUSG00000002885;ENSMUSG00000018927;ENSMUSG00000018920;ENSMUSG00000035042;ENSMUSG00000036362;ENSMUSG00000038811;ENSMUSG00000040552;ENSMUSG00000044337;ENSMUSG00000024659;ENSMUSG00000021886;ENSMUSG00000094686;ENSMUSG00000045382;ENSMUSG00000027762;ENSMUSG00000056529;ENSMUSG00000058427;ENSMUSG00000019122;ENSMUSG00000045087;ENSMUSG00000026874;ENSMUSG00000029372;ENSMUSG00000052270;ENSMUSG00000052336;ENSMUSG00000045092;ENSMUSG00000042190;ENSMUSG00000031779;ENSMUSG00000043004;ENSMUSG00000026399;ENSMUSG00000035373;ENSMUSG00000024211;ENSMUSG00000039809;ENSMUSG00000050541;ENSMUSG00000059588;ENSMUSG00000045502;ENSMUSG00000029373			False	False	True	True
liver	R-MMU-5173105_O_LINKED_GLYCOSYLATION	-0.001854963726311483	10	5	5	0.0023342383199713695	9	4	5	0.002506131198319256	10.0	6.0	4.0	0.003237117524323465	9.0	5.0	4.0	-0.7638892472573813	0.8264563106796117	0.9455261337373958	ENSMUSG00000001128;ENSMUSG00000030022;ENSMUSG00000036040;ENSMUSG00000024299;ENSMUSG00000109564;ENSMUSG00000017929;ENSMUSG00000022894;ENSMUSG00000036545;ENSMUSG00000022885;ENSMUSG00000038843;ENSMUSG00000056124			False	False	False	True
liver	R-MMU-5173214_O_GLYCOSYLATION_OF_TSR_DOMAIN_CONTAINING_PROTEINS	-0.0787582981101547	10	0	10	-0.07645395928906076	9	0	9	0.003241677150253491	10.0	6.0	4.0	0.003919897141980104	9.0	5.0	4.0	-0.827760869016117	0.7210191082802547	0.9216299887764585	ENSMUSG00000001128;ENSMUSG00000030022;ENSMUSG00000036040;ENSMUSG00000024299;ENSMUSG00000022894;ENSMUSG00000036545			False	False	False	True
liver	R-MMU-5357801_PROGRAMMED_CELL_DEATH	-0.06612963632865762	10	2	8	-0.06717634248157728	9	1	8	0.0008906167002554546	10.0	6.0	4.0	0.001093810805540676	9.0	6.0	3.0	-1.1729085006517463	0.24154025670945156	0.6891433814414535	ENSMUSG00000027398;ENSMUSG00000026728;ENSMUSG00000039304;ENSMUSG00000051439;ENSMUSG00000054717;ENSMUSG00000042489;ENSMUSG00000021270;ENSMUSG00000008348;ENSMUSG00000040093;ENSMUSG00000024521;ENSMUSG00000026879;ENSMUSG00000021948			False	False	False	True
liver	R-MMU-5358351_SIGNALING_BY_HEDGEHOG	0.001789407502149043	10	3	7	-0.0032953099050195772	9	3	6	0.002729774321387628	10.0	7.0	3.0	0.0028801893091830893	9.0	7.0	2.0	-0.46106033986633166	0.9928656361474435	0.9961700573504298	ENSMUSG00000031659;ENSMUSG00000072235;ENSMUSG00000023004;ENSMUSG00000008348;ENSMUSG00000021466;ENSMUSG00000029122;ENSMUSG00000006538;ENSMUSG00000042988;ENSMUSG00000001473;ENSMUSG00000018909			False	False	True	False
liver	R-MMU-5362517_SIGNALING_BY_RETINOIC_ACID	0.002528983438638962	10	6	4	0.0026623075371676294	9	5	4	0.0043523341367886995	10.0	6.0	4.0	0.0028710419173340407	9.0	5.0	4.0	-0.7496010408444118	0.8247549019607843	0.9491382963019205	ENSMUSG00000027533			False	False	True	False
liver	R-MMU-5365859_RA_BIOSYNTHESIS_PATHWAY	-4.761488676792863e-05	10	4	6	-9.224259403817466e-05	9	3	6	0.007132765344568984	10.0	7.0	3.0	0.006362611723877729	9.0	6.0	3.0	1.0360460234475888	0.3627450980392157	0.7987107660366942	ENSMUSG00000063415;ENSMUSG00000053279;ENSMUSG00000071551;ENSMUSG00000024987			False	False	False	False
liver	R-MMU-5423646_AFLATOXIN_ACTIVATION_AND_DETOXIFICATION	-0.00013437201948774568	10	5	5	-0.00011731447480119891	9	4	5	0.0031550199736088873	10.0	6.0	4.0	0.0029809428739658566	9.0	6.0	3.0	1.2078805524850507	0.22777777777777777	0.5971693727509083	ENSMUSG00000091867;ENSMUSG00000026688;ENSMUSG00000056035;ENSMUSG00000061292;ENSMUSG00000029630			False	False	False	False
liver	R-MMU-556833_METABOLISM_OF_LIPIDS	0.06072834659138433	10	6	4	0.06322210600100904	9	6	3	0.0018627740724150466	10.0	5.0	5.0	0.0017141854362542803	9.0	5.0	4.0	1.485225822734572	0.0	0.2376332237125295	ENSMUSG00000028715;ENSMUSG00000066072;ENSMUSG00000030278;ENSMUSG00000021228;ENSMUSG00000028712;ENSMUSG00000021226;ENSMUSG00000022853;ENSMUSG00000072949;ENSMUSG00000026853;ENSMUSG00000029314;ENSMUSG00000030237;ENSMUSG00000023963;ENSMUSG00000050860;ENSMUSG00000052392;ENSMUSG00000078937;ENSMUSG00000027999;ENSMUSG00000063929;ENSMUSG00000050445;ENSMUSG00000056035;ENSMUSG00000027875;ENSMUSG00000061292;ENSMUSG00000018900;ENSMUSG00000025059;ENSMUSG00000019232;ENSMUSG00000021884;ENSMUSG00000025509;ENSMUSG00000020604;ENSMUSG00000023019;ENSMUSG00000060002;ENSMUSG00000033174;ENSMUSG00000035948;ENSMUSG00000023057;ENSMUSG00000028655;ENSMUSG00000003623;ENSMUSG00000020553;ENSMUSG00000049721;ENSMUSG00000034528;ENSMUSG00000051483;ENSMUSG00000053862;ENSMUSG00000029630			False	False	True	True
liver	R-MMU-5576891_CARDIAC_CONDUCTION	-0.11440058379170677	10	1	9	-0.11496002405956836	9	1	8	-0.0006443680631841814	10.0	5.0	5.0	8.107397009897587e-05	9.0	5.0	4.0	-0.811654054309023	0.7440993788819876	0.9324152623457032	ENSMUSG00000020788;ENSMUSG00000054640;ENSMUSG00000023243;ENSMUSG00000030409;ENSMUSG00000027820;ENSMUSG00000005220;ENSMUSG00000042644;ENSMUSG00000035165;ENSMUSG00000007097			True	False	True	True
liver	R-MMU-5610787_HEDGEHOG_OFF_STATE	0.00026154519390065033	10	6	4	0.00013301849131818285	9	5	4	0.0035728932023260246	10.0	7.0	3.0	0.0034602129197879214	9.0	7.0	2.0	-0.6618667538149557	0.9130434782608695	0.9784964227790132	ENSMUSG00000031659;ENSMUSG00000072235;ENSMUSG00000023004;ENSMUSG00000008348			False	False	True	False
liver	R-MMU-5617833_CILIUM_ASSEMBLY	2.3572861476551588e-05	10	4	6	6.187167867764989e-05	9	3	6	0.005721125409268996	10.0	7.0	3.0	0.004998131411544067	9.0	7.0	2.0	1.014357813528909	0.45226130653266333	0.8099641710585425	ENSMUSG00000030137;ENSMUSG00000058672;ENSMUSG00000036752;ENSMUSG00000079707;ENSMUSG00000116780;ENSMUSG00000020776;ENSMUSG00000026202;ENSMUSG00000043091			False	False	True	True
liver	R-MMU-5620912_ANCHORING_OF_THE_BASAL_BODY_TO_THE_PLASMA_MEMBRANE	0.00010675520625867856	10	6	4	0.00014056421380593913	9	5	4	0.003934738139793898	10.0	7.0	3.0	0.003557409456652933	9.0	7.0	2.0	-0.6317444808529745	0.9097839898348158	0.9891022816635064	ENSMUSG00000019942;ENSMUSG00000072235;ENSMUSG00000021270			False	False	True	False
liver	R-MMU-5621481_C_TYPE_LECTIN_RECEPTORS_CLRS	0.03151412104260815	10	8	2	0.027786837212474665	9	7	2	-0.009316375620289339	10.0	3.0	7.0	-0.010562661098363516	9.0	3.0	6.0	-1.5134490444089097	0.022813688212927757	0.21242060710952299	ENSMUSG00000027398;ENSMUSG00000023349;ENSMUSG00000021457;ENSMUSG00000058715;ENSMUSG00000034330;ENSMUSG00000002983;ENSMUSG00000008348;ENSMUSG00000025225;ENSMUSG00000030774;ENSMUSG00000021948;ENSMUSG00000027544;ENSMUSG00000019843;ENSMUSG00000030142;ENSMUSG00000027646			False	False	False	False
liver	R-MMU-5633007_REGULATION_OF_TP53_ACTIVITY	-4.7607010047513934e-05	10	3	7	0.00020887638158741844	9	3	6	0.004448760445390489	10.0	6.0	4.0	0.004332594279027564	9.0	6.0	3.0	-0.694645690530567	0.8818998716302953	0.9709477513970622	ENSMUSG00000027715;ENSMUSG00000019942;ENSMUSG00000027469;ENSMUSG00000020897;ENSMUSG00000008348			False	False	False	True
liver	R-MMU-5653656_VESICLE_MEDIATED_TRANSPORT	-0.006453415369027482	10	5	5	0.0005193215476414616	9	5	4	8.766035812197149e-05	10.0	5.0	5.0	0.00013048682028966632	9.0	4.0	5.0	-1.1041073539741892	0.2878306878306878	0.7581983475969084	ENSMUSG00000023274;ENSMUSG00000015854;ENSMUSG00000056071;ENSMUSG00000027070;ENSMUSG00000020122;ENSMUSG00000023015;ENSMUSG00000057346;ENSMUSG00000095079;ENSMUSG00000067149;ENSMUSG00000032254;ENSMUSG00000105906;ENSMUSG00000045328;ENSMUSG00000018008;ENSMUSG00000034311;ENSMUSG00000024795;ENSMUSG00000025044;ENSMUSG00000032193;ENSMUSG00000073940;ENSMUSG00000072235;ENSMUSG00000012443;ENSMUSG00000023004;ENSMUSG00000018593;ENSMUSG00000003882;ENSMUSG00000022150;ENSMUSG00000056220;ENSMUSG00000068246;ENSMUSG00000008348;ENSMUSG00000051378;ENSMUSG00000068747;ENSMUSG00000050014;ENSMUSG00000042249;ENSMUSG00000052688;ENSMUSG00000031196;ENSMUSG00000052305;ENSMUSG00000030677;ENSMUSG00000030895;ENSMUSG00000036655;ENSMUSG00000030560;ENSMUSG00000040990;ENSMUSG00000029512;ENSMUSG00000042286;ENSMUSG00000028678;ENSMUSG00000014602;ENSMUSG00000041642;ENSMUSG00000039959;ENSMUSG00000035459;ENSMUSG00000010830;ENSMUSG00000024663;ENSMUSG00000027646;ENSMUSG00000034342;ENSMUSG00000010601;ENSMUSG00000003779;ENSMUSG00000026399;ENSMUSG00000036943;ENSMUSG00000069919;ENSMUSG00000079553;ENSMUSG00000031367;ENSMUSG00000001473;ENSMUSG00000040249;ENSMUSG00000032554;ENSMUSG00000018909;ENSMUSG00000000915;ENSMUSG00000056515			False	False	False	True
liver	R-MMU-5663220_RHO_GTPASES_ACTIVATE_FORMINS	7.447971548678019e-05	10	5	5	0.00012917853427102562	9	4	5	0.0029243050559722233	10.0	6.0	4.0	0.002424827940451488	9.0	6.0	3.0	-1.1701803387480114	0.245260663507109	0.6856113140930576	ENSMUSG00000026605;ENSMUSG00000029414;ENSMUSG00000027379;ENSMUSG00000045328;ENSMUSG00000055805;ENSMUSG00000029177;ENSMUSG00000026683;ENSMUSG00000021262;ENSMUSG00000006398;ENSMUSG00000072235;ENSMUSG00000024056;ENSMUSG00000020897;ENSMUSG00000023004;ENSMUSG00000024660;ENSMUSG00000050621;ENSMUSG00000040084;ENSMUSG00000029910;ENSMUSG00000022021;ENSMUSG00000028678;ENSMUSG00000026039			False	False	True	False
liver	R-MMU-5673001_RAF_MAP_KINASE_CASCADE	-0.04524199022386314	10	4	6	-0.045436356563022536	9	3	6	0.0003527427716069065	10.0	4.0	6.0	0.0007776082087031341	9.0	4.0	5.0	-0.8167994151971832	0.7756696428571429	0.9278431978057627	ENSMUSG00000031304;ENSMUSG00000071713;ENSMUSG00000020122;ENSMUSG00000052142;ENSMUSG00000004952;ENSMUSG00000008348;ENSMUSG00000019960;ENSMUSG00000022103;ENSMUSG00000030536;ENSMUSG00000031453;ENSMUSG00000024620;ENSMUSG00000026786;ENSMUSG00000013698;ENSMUSG00000054252;ENSMUSG00000027368;ENSMUSG00000019966;ENSMUSG00000062209;ENSMUSG00000071042;ENSMUSG00000019843;ENSMUSG00000026482;ENSMUSG00000027646;ENSMUSG00000027351;ENSMUSG00000018166;ENSMUSG00000031565;ENSMUSG00000006386;ENSMUSG00000018909;ENSMUSG00000000489			False	False	False	True
liver	R-MMU-5683057_MAPK_FAMILY_SIGNALING_CASCADES	-0.06495908295570926	10	1	9	-0.06410747817830129	9	1	8	-0.0006085443482364312	10.0	2.0	8.0	-0.00039518056940416924	9.0	2.0	7.0	-0.9441704067303148	0.5931642778390298	0.8674717257835401	ENSMUSG00000031304;ENSMUSG00000071713;ENSMUSG00000004951;ENSMUSG00000020122;ENSMUSG00000048756;ENSMUSG00000019942;ENSMUSG00000052142;ENSMUSG00000004952;ENSMUSG00000008348;ENSMUSG00000019960;ENSMUSG00000022103;ENSMUSG00000030536;ENSMUSG00000031453;ENSMUSG00000024620;ENSMUSG00000026786;ENSMUSG00000013698;ENSMUSG00000054252;ENSMUSG00000030774;ENSMUSG00000027368;ENSMUSG00000019966;ENSMUSG00000062209;ENSMUSG00000071042;ENSMUSG00000019843;ENSMUSG00000026482;ENSMUSG00000027646;ENSMUSG00000005483;ENSMUSG00000027351;ENSMUSG00000018166;ENSMUSG00000031565;ENSMUSG00000006386;ENSMUSG00000018909;ENSMUSG00000027947;ENSMUSG00000000489			False	False	True	True
liver	R-MMU-5684996_MAPK1_MAPK3_SIGNALING	-0.057138157204483044	10	3	7	-0.05718373049175364	9	2	7	0.0001676349997105536	10.0	4.0	6.0	0.0005288843734273418	9.0	4.0	5.0	-0.8507070329564932	0.7211646136618141	0.9090847175439603	ENSMUSG00000031304;ENSMUSG00000071713;ENSMUSG00000020122;ENSMUSG00000019942;ENSMUSG00000052142;ENSMUSG00000004952;ENSMUSG00000008348;ENSMUSG00000019960;ENSMUSG00000022103;ENSMUSG00000030536;ENSMUSG00000031453;ENSMUSG00000024620;ENSMUSG00000026786;ENSMUSG00000013698;ENSMUSG00000054252;ENSMUSG00000027368;ENSMUSG00000019966;ENSMUSG00000062209;ENSMUSG00000071042;ENSMUSG00000019843;ENSMUSG00000026482;ENSMUSG00000027646;ENSMUSG00000027351;ENSMUSG00000018166;ENSMUSG00000031565;ENSMUSG00000006386;ENSMUSG00000018909;ENSMUSG00000027947;ENSMUSG00000000489			False	False	False	True
liver	R-MMU-5688426_DEUBIQUITINATION	0.0026280497000393402	10	5	5	0.004015253005334716	9	5	4	0.002232104145956507	10.0	5.0	5.0	0.0017931871357980697	9.0	4.0	5.0	-0.8398423992762634	0.7205542725173211	0.9091164237223089	ENSMUSG00000027715;ENSMUSG00000019942;ENSMUSG00000006398;ENSMUSG00000042489;ENSMUSG00000008348;ENSMUSG00000019768;ENSMUSG00000061615;ENSMUSG00000032010;ENSMUSG00000071478;ENSMUSG00000032691;ENSMUSG00000019850;ENSMUSG00000040296;ENSMUSG00000094248;ENSMUSG00000034160;ENSMUSG00000026896;ENSMUSG00000032402;ENSMUSG00000038695;ENSMUSG00000018909			False	False	True	False
liver	R-MMU-5689880_UB_SPECIFIC_PROCESSING_PROTEASES	-0.0005330794596258278	10	5	5	-0.0004772975105895443	9	4	5	0.003982548794134058	10.0	6.0	4.0	0.0036480717105488885	9.0	5.0	4.0	-0.6917867426975245	0.8884892086330936	0.9701163704057039	ENSMUSG00000027715;ENSMUSG00000006398;ENSMUSG00000042489;ENSMUSG00000008348;ENSMUSG00000061615;ENSMUSG00000032010;ENSMUSG00000071478;ENSMUSG00000040296;ENSMUSG00000094248;ENSMUSG00000026896;ENSMUSG00000032402;ENSMUSG00000018909			False	False	False	True
liver	R-MMU-5693532_DNA_DOUBLE_STRAND_BREAK_REPAIR	-0.0009145669905061427	10	5	5	-0.0001063534915676718	9	5	4	0.001001611571947253	10.0	6.0	4.0	0.001254639970028883	9.0	5.0	4.0	-1.0356923606267243	0.43452380952380953	0.870326996182269	ENSMUSG00000027715;ENSMUSG00000007080;ENSMUSG00000027323;ENSMUSG00000042489;ENSMUSG00000008348;ENSMUSG00000035455;ENSMUSG00000075031;ENSMUSG00000034206;ENSMUSG00000066878;ENSMUSG00000056394;ENSMUSG00000062727;ENSMUSG00000069300;ENSMUSG00000058385;ENSMUSG00000030346;ENSMUSG00000018102;ENSMUSG00000069305;ENSMUSG00000094338			False	False	False	True
liver	R-MMU-5693538_HOMOLOGY_DIRECTED_REPAIR	-0.1245371725252512	10	2	8	-0.13849459090107277	9	2	7	0.0007593004992212549	10.0	5.0	5.0	0.0008639968070350804	9.0	4.0	5.0	-1.0057066938043377	0.45641646489104115	0.8995758560612791	ENSMUSG00000027715;ENSMUSG00000007080;ENSMUSG00000027323;ENSMUSG00000042489;ENSMUSG00000008348;ENSMUSG00000035455;ENSMUSG00000075031;ENSMUSG00000034206;ENSMUSG00000056394;ENSMUSG00000062727;ENSMUSG00000069300;ENSMUSG00000058385;ENSMUSG00000030346;ENSMUSG00000018102;ENSMUSG00000069305;ENSMUSG00000094338			True	False	False	True
liver	R-MMU-5693565_RECRUITMENT_AND_ATM_MEDIATED_PHOSPHORYLATION_OF_REPAIR_AND_SIGNALING_PROTEINS_AT_DNA_DOUBLE_STRAND_BREAKS	0.002312880668336453	10	7	3	0.0024825637238129897	9	7	2	-0.0005741603506533198	10.0	5.0	5.0	-0.00038795457583964	9.0	5.0	4.0	-1.1030173771455036	0.32469135802469135	0.7505339306177353	ENSMUSG00000008348;ENSMUSG00000075031;ENSMUSG00000062727;ENSMUSG00000069300;ENSMUSG00000058385;ENSMUSG00000018102;ENSMUSG00000069305;ENSMUSG00000094338;ENSMUSG00000034218;ENSMUSG00000095217;ENSMUSG00000069307;ENSMUSG00000064288			False	False	False	False
liver	R-MMU-5693567_HDR_THROUGH_HOMOLOGOUS_RECOMBINATION_HRR_OR_SINGLE_STRAND_ANNEALING_SSA	-0.00023327022656515457	10	4	6	1.8117804081045216e-05	9	4	5	0.0009969747414145746	10.0	5.0	5.0	0.0011203240418059628	9.0	4.0	5.0	-0.9744803485732211	0.5107913669064749	0.8664555534213368	ENSMUSG00000027715;ENSMUSG00000007080;ENSMUSG00000027323;ENSMUSG00000042489;ENSMUSG00000008348;ENSMUSG00000035455;ENSMUSG00000075031;ENSMUSG00000056394;ENSMUSG00000062727;ENSMUSG00000069300;ENSMUSG00000058385;ENSMUSG00000030346;ENSMUSG00000018102;ENSMUSG00000069305;ENSMUSG00000094338			False	False	False	True
liver	R-MMU-5693571_NONHOMOLOGOUS_END_JOINING_NHEJ	-6.434002892616749e-05	10	3	7	-4.418768257669403e-05	9	3	6	0.00042765840611129756	10.0	6.0	4.0	0.0004471719615872844	9.0	6.0	3.0	-1.0764347646831256	0.3705080545229244	0.791649451196669	ENSMUSG00000075031;ENSMUSG00000062727;ENSMUSG00000069300;ENSMUSG00000058385;ENSMUSG00000018102;ENSMUSG00000069305;ENSMUSG00000094338;ENSMUSG00000034218;ENSMUSG00000095217;ENSMUSG00000069307;ENSMUSG00000064288			False	False	False	True
liver	R-MMU-5693606_DNA_DOUBLE_STRAND_BREAK_RESPONSE	0.00152799675948964	10	5	5	0.0013831554597768486	9	4	5	-0.0001552669417600655	10.0	6.0	4.0	0.0001836134603384594	9.0	5.0	4.0	-1.1101984003815337	0.33007334963325186	0.7739397685158209	ENSMUSG00000008348;ENSMUSG00000075031;ENSMUSG00000066878;ENSMUSG00000062727;ENSMUSG00000069300;ENSMUSG00000058385;ENSMUSG00000018102;ENSMUSG00000069305;ENSMUSG00000094338;ENSMUSG00000034218;ENSMUSG00000095217;ENSMUSG00000069307;ENSMUSG00000064288			False	False	False	False
liver	R-MMU-5693607_PROCESSING_OF_DNA_DOUBLE_STRAND_BREAK_ENDS	0.00047478532434106223	10	6	4	0.00046159624974403734	9	5	4	-0.0006859888726242561	10.0	5.0	5.0	-0.0008124058455163674	9.0	5.0	4.0	-1.1570441884517115	0.2775061124694376	0.6987811425875923	ENSMUSG00000027715;ENSMUSG00000042489;ENSMUSG00000008348;ENSMUSG00000075031;ENSMUSG00000062727;ENSMUSG00000069300;ENSMUSG00000058385;ENSMUSG00000018102;ENSMUSG00000069305;ENSMUSG00000094338;ENSMUSG00000034218;ENSMUSG00000095217;ENSMUSG00000069307;ENSMUSG00000064288			False	False	False	False
liver	R-MMU-597592_POST_TRANSLATIONAL_PROTEIN_MODIFICATION	-0.04942571281813386	10	3	7	-0.05405644254924932	9	2	7	0.0015208169614391244	10.0	7.0	3.0	0.0015804726082105282	9.0	7.0	2.0	-0.7831207892519336	0.9180161943319838	0.9529058239117761	ENSMUSG00000044254;ENSMUSG00000020914;ENSMUSG00000032725;ENSMUSG00000000682;ENSMUSG00000022587;ENSMUSG00000059089;ENSMUSG00000006517;ENSMUSG00000001128;ENSMUSG00000024338;ENSMUSG00000027715;ENSMUSG00000030022;ENSMUSG00000057346;ENSMUSG00000063011;ENSMUSG00000040710;ENSMUSG00000035186;ENSMUSG00000019942;ENSMUSG00000006398;ENSMUSG00000072235;ENSMUSG00000061947;ENSMUSG00000001403;ENSMUSG00000042489;ENSMUSG00000028364;ENSMUSG00000037474;ENSMUSG00000036040;ENSMUSG00000024299;ENSMUSG00000020897;ENSMUSG00000029082;ENSMUSG00000023004;ENSMUSG00000030091;ENSMUSG00000001870;ENSMUSG00000109564;ENSMUSG00000068246;ENSMUSG00000024660;ENSMUSG00000008348;ENSMUSG00000017929;ENSMUSG00000022894;ENSMUSG00000075031;ENSMUSG00000025225;ENSMUSG00000031897;ENSMUSG00000050014;ENSMUSG00000052688;ENSMUSG00000031196;ENSMUSG00000036545;ENSMUSG00000019768;ENSMUSG00000062727;ENSMUSG00000021614;ENSMUSG00000061615;ENSMUSG00000022816;ENSMUSG00000027204;ENSMUSG00000022885;ENSMUSG00000073418;ENSMUSG00000036782;ENSMUSG00000069300;ENSMUSG00000032010;ENSMUSG00000036256;ENSMUSG00000030560;ENSMUSG00000025647;ENSMUSG00000068220;ENSMUSG00000038843;ENSMUSG00000056124;ENSMUSG00000014599;ENSMUSG00000071478;ENSMUSG00000058385;ENSMUSG00000047496;ENSMUSG00000004099;ENSMUSG00000032691;ENSMUSG00000010830;ENSMUSG00000024736;ENSMUSG00000010601;ENSMUSG00000028873;ENSMUSG00000040152;ENSMUSG00000019850;ENSMUSG00000040296;ENSMUSG00000026399;ENSMUSG00000053113;ENSMUSG00000024561;ENSMUSG00000036943;ENSMUSG00000042988;ENSMUSG00000094248;ENSMUSG00000042349;ENSMUSG00000054641;ENSMUSG00000032068;ENSMUSG00000018102;ENSMUSG00000055653;ENSMUSG00000034160;ENSMUSG00000026896;ENSMUSG00000069305;ENSMUSG00000094338;ENSMUSG00000046841;ENSMUSG00000024140;ENSMUSG00000001473;ENSMUSG00000032402;ENSMUSG00000029304;ENSMUSG00000032554;ENSMUSG00000038695;ENSMUSG00000018909;ENSMUSG00000026295;ENSMUSG00000056515;ENSMUSG00000042428			False	False	False	True
liver	R-MMU-606279_DEPOSITION_OF_NEW_CENPA_CONTAINING_NUCLEOSOMES_AT_THE_CENTROMERE	-0.00038032933418617385	10	5	5	-0.0004794674005243201	9	4	5	0.0010878547339194717	10.0	6.0	4.0	0.000854989241676269	9.0	5.0	4.0	-0.8995577854023981	0.6486161251504212	0.8820717334033227	ENSMUSG00000029177;ENSMUSG00000075031;ENSMUSG00000062727;ENSMUSG00000044783;ENSMUSG00000061615;ENSMUSG00000069300;ENSMUSG00000071478;ENSMUSG00000058385;ENSMUSG00000047534;ENSMUSG00000094248;ENSMUSG00000018102;ENSMUSG00000069305;ENSMUSG00000094338;ENSMUSG00000095217;ENSMUSG00000069307;ENSMUSG00000094777;ENSMUSG00000064288			False	False	False	True
liver	R-MMU-611105_RESPIRATORY_ELECTRON_TRANSPORT	-0.0055024091020520055	10	2	8	-0.0069825062609572535	9	2	7	0.0017741193359082142	10.0	5.0	5.0	0.0013550432045690008	9.0	5.0	4.0	0.7449078407128679	0.7766497461928934	1.0	ENSMUSG00000091780;ENSMUSG00000064367;ENSMUSG00000064345;ENSMUSG00000025190			False	False	False	False
liver	R-MMU-6794362_PROTEIN_PROTEIN_INTERACTIONS_AT_SYNAPSES	-0.023085813591993427	10	2	8	-0.019393438567823384	9	2	7	0.008049580737825157	10.0	10.0	0.0	0.008153838393814934	9.0	9.0	0.0	0.6849627492723195	0.8601694915254238	0.9976085205178791	ENSMUSG00000036957;ENSMUSG00000036528;ENSMUSG00000016487;ENSMUSG00000059714;ENSMUSG00000022623			False	False	False	False
liver	R-MMU-6798695_NEUTROPHIL_DEGRANULATION	-0.16011518463891586	10	2	8	-0.17207028928133505	9	1	8	-0.009069630248854179	10.0	1.0	9.0	-0.010029215435168411	9.0	0.0	9.0	-1.800944298504157	0.0	0.030989961207024196	ENSMUSG00000027533;ENSMUSG00000029380;ENSMUSG00000032725;ENSMUSG00000090877;ENSMUSG00000026536;ENSMUSG00000069516;ENSMUSG00000020917;ENSMUSG00000026395;ENSMUSG00000091971;ENSMUSG00000055541;ENSMUSG00000059089;ENSMUSG00000030579;ENSMUSG00000038642;ENSMUSG00000025877;ENSMUSG00000029322;ENSMUSG00000015340;ENSMUSG00000030830;ENSMUSG00000009292;ENSMUSG00000039899;ENSMUSG00000018774;ENSMUSG00000030789;ENSMUSG00000045551;ENSMUSG00000040747;ENSMUSG00000056071;ENSMUSG00000054203;ENSMUSG00000090272;ENSMUSG00000023349;ENSMUSG00000017002;ENSMUSG00000058099;ENSMUSG00000001128;ENSMUSG00000002885;ENSMUSG00000056054;ENSMUSG00000053063;ENSMUSG00000020143;ENSMUSG00000000290;ENSMUSG00000026581;ENSMUSG00000046718;ENSMUSG00000022488;ENSMUSG00000005087;ENSMUSG00000060550;ENSMUSG00000026177;ENSMUSG00000058715;ENSMUSG00000073489;ENSMUSG00000060803;ENSMUSG00000043832;ENSMUSG00000039196;ENSMUSG00000017390;ENSMUSG00000031441;ENSMUSG00000098112;ENSMUSG00000025473;ENSMUSG00000047963;ENSMUSG00000027995;ENSMUSG00000056888;ENSMUSG00000073940;ENSMUSG00000006519;ENSMUSG00000026938;ENSMUSG00000051439;ENSMUSG00000040552;ENSMUSG00000030474;ENSMUSG00000037902;ENSMUSG00000021069;ENSMUSG00000032561;ENSMUSG00000028976;ENSMUSG00000029082;ENSMUSG00000035273;ENSMUSG00000072596;ENSMUSG00000028874;ENSMUSG00000000594;ENSMUSG00000057729;ENSMUSG00000021270			False	False	True	True
liver	R-MMU-6803157_ANTIMICROBIAL_PEPTIDES	-0.019194302191020685	10	5	5	-0.03941969891594891	9	5	4	-0.0017889783217521292	10.0	5.0	5.0	-0.0021995266719842606	9.0	5.0	4.0	-1.2083765344985538	0.20454545454545456	0.6448160635729115	ENSMUSG00000023274;ENSMUSG00000069516;ENSMUSG00000056071;ENSMUSG00000056054;ENSMUSG00000026177;ENSMUSG00000027995;ENSMUSG00000044827;ENSMUSG00000057729			False	False	True	True
liver	R-MMU-6805567_KERATINIZATION	-0.0075155810811191855	10	5	5	-0.008691812530873167	9	4	5	0.004365494306734713	10.0	8.0	2.0	0.005613942823079681	9.0	7.0	2.0	0.9805092315821844	0.48058252427184467	0.8592296699323335	ENSMUSG00000006777;ENSMUSG00000054889;ENSMUSG00000026413;ENSMUSG00000024331;ENSMUSG00000039457;ENSMUSG00000001552;ENSMUSG00000044393;ENSMUSG00000049382;ENSMUSG00000035775;ENSMUSG00000020911;ENSMUSG00000023043;ENSMUSG00000052415;ENSMUSG00000022218			False	False	False	False
liver	R-MMU-6806667_METABOLISM_OF_FAT_SOLUBLE_VITAMINS	0.08736502206632571	10	7	3	0.08850141475649947	9	7	2	3.758935431771304e-05	10.0	5.0	5.0	-0.0002912655900477364	9.0	4.0	5.0	0.9214702498248091	0.5432098765432098	0.9234941267001047	ENSMUSG00000032080;ENSMUSG00000073988;ENSMUSG00000002992;ENSMUSG00000020609;ENSMUSG00000071551;ENSMUSG00000020592			False	False	True	True
liver	R-MMU-6806834_SIGNALING_BY_MET	0.016860727688493286	10	7	3	0.022643450921606294	9	7	2	-0.007246710542189736	10.0	1.0	9.0	-0.007501576070496139	9.0	1.0	8.0	-1.1639468655345304	0.2664188351920694	0.6874451535712193	ENSMUSG00000026043;ENSMUSG00000045672;ENSMUSG00000026042;ENSMUSG00000008348;ENSMUSG00000026837;ENSMUSG00000040990;ENSMUSG00000029102;ENSMUSG00000027646;ENSMUSG00000034342			False	False	False	False
liver	R-MMU-6807878_COPI_MEDIATED_ANTEROGRADE_TRANSPORT	0.0001452526012779527	10	8	2	0.0001977781155522226	9	7	2	0.006895768225946966	10.0	7.0	3.0	0.006365283964795144	9.0	7.0	2.0	1.045763802571312	0.38461538461538464	0.8218508559387897	ENSMUSG00000030137;ENSMUSG00000058672;ENSMUSG00000036752;ENSMUSG00000026202;ENSMUSG00000043091;ENSMUSG00000067889			False	False	True	True
liver	R-MMU-6809371_FORMATION_OF_THE_CORNIFIED_ENVELOPE	0.014200406933640507	10	5	5	0.01637650675166406	9	4	5	0.004365494306734713	10.0	8.0	2.0	0.005613942823079681	9.0	7.0	2.0	0.9805092315821844	0.48058252427184467	0.8592296699323335	ENSMUSG00000006777;ENSMUSG00000054889;ENSMUSG00000026413;ENSMUSG00000024331;ENSMUSG00000039457;ENSMUSG00000001552;ENSMUSG00000044393;ENSMUSG00000049382;ENSMUSG00000035775;ENSMUSG00000020911;ENSMUSG00000023043;ENSMUSG00000052415;ENSMUSG00000022218			False	False	True	True
liver	R-MMU-6811434_COPI_DEPENDENT_GOLGI_TO_ER_RETROGRADE_TRAFFIC	-0.16612296882159155	10	3	7	-0.1883568815081176	9	3	6	0.0030510305510599673	10.0	6.0	4.0	0.0023164333179994966	9.0	6.0	3.0	-0.9594198622835928	0.5485854858548586	0.8671368701473141	ENSMUSG00000023015;ENSMUSG00000032254;ENSMUSG00000045328;ENSMUSG00000034311;ENSMUSG00000024795;ENSMUSG00000072235;ENSMUSG00000012443;ENSMUSG00000023004;ENSMUSG00000051378;ENSMUSG00000030677;ENSMUSG00000028678;ENSMUSG00000014602;ENSMUSG00000041642;ENSMUSG00000010830;ENSMUSG00000003779			True	False	False	True
liver	R-MMU-6811436_COPI_INDEPENDENT_GOLGI_TO_ER_RETROGRADE_TRAFFIC	0.0003427472451861948	10	6	4	0.00036066370216190956	9	5	4	0.009248947546090057	10.0	7.0	3.0	0.008515582865614664	9.0	7.0	2.0	1.1393135513112125	0.30049261083743845	0.722712766793655	ENSMUSG00000030137;ENSMUSG00000058672;ENSMUSG00000036752;ENSMUSG00000042632;ENSMUSG00000026202;ENSMUSG00000043091			False	False	True	True
liver	R-MMU-6811442_INTRA_GOLGI_AND_RETROGRADE_GOLGI_TO_ER_TRAFFIC	0.0006199560030009639	10	7	3	0.00054845784888996	9	6	3	0.004819044431490073	10.0	7.0	3.0	0.004610007766163707	9.0	7.0	2.0	-0.8171546206426425	0.7755102040816326	0.9310360123794255	ENSMUSG00000023015;ENSMUSG00000032254;ENSMUSG00000045328;ENSMUSG00000018008;ENSMUSG00000034311;ENSMUSG00000024795;ENSMUSG00000072235;ENSMUSG00000012443;ENSMUSG00000023004;ENSMUSG00000056220;ENSMUSG00000051378;ENSMUSG00000030677;ENSMUSG00000028678;ENSMUSG00000014602;ENSMUSG00000041642;ENSMUSG00000010830;ENSMUSG00000003779			False	False	True	False
liver	R-MMU-6811558_PI5P_PP2A_AND_IER3_REGULATE_PI3K_AKT_SIGNALING	4.938143538403854e-06	10	5	5	0.00011860691570404662	9	4	5	-0.0014824644525506876	10.0	3.0	7.0	-0.0010127228532045304	9.0	3.0	6.0	-1.109042804321547	0.3157894736842105	0.7653638113872846	ENSMUSG00000022901;ENSMUSG00000020122;ENSMUSG00000033220;ENSMUSG00000020901;ENSMUSG00000039936;ENSMUSG00000055254;ENSMUSG00000034116;ENSMUSG00000024620;ENSMUSG00000019768;ENSMUSG00000054252;ENSMUSG00000019966;ENSMUSG00000062209;ENSMUSG00000019843;ENSMUSG00000027646			False	False	False	False
liver	R-MMU-68875_MITOTIC_PROPHASE	0.0009139671144379566	10	5	5	0.0009358302174972006	9	5	4	2.312212117472068e-05	10.0	6.0	4.0	-0.00033325264149816007	9.0	5.0	4.0	-1.1052031577832104	0.31206496519721577	0.7602931494156899	ENSMUSG00000042029;ENSMUSG00000019942;ENSMUSG00000041431;ENSMUSG00000032218;ENSMUSG00000030091;ENSMUSG00000081058;ENSMUSG00000075031;ENSMUSG00000069310;ENSMUSG00000062727;ENSMUSG00000061615;ENSMUSG00000069300;ENSMUSG00000069267;ENSMUSG00000071478;ENSMUSG00000058385;ENSMUSG00000028312;ENSMUSG00000094248;ENSMUSG00000018102;ENSMUSG00000069305;ENSMUSG00000094338;ENSMUSG00000093769;ENSMUSG00000030867;ENSMUSG00000069265;ENSMUSG00000095217;ENSMUSG00000069307;ENSMUSG00000094777;ENSMUSG00000034349;ENSMUSG00000064288;ENSMUSG00000024590			False	False	True	False
liver	R-MMU-68877_MITOTIC_PROMETAPHASE	0.0010687221592802678	10	8	2	0.0011087052326817792	9	7	2	0.001882780972955475	10.0	6.0	4.0	0.000872248058245652	9.0	6.0	3.0	-1.1794804095282552	0.23183391003460208	0.6790809792578654	ENSMUSG00000026605;ENSMUSG00000029414;ENSMUSG00000027379;ENSMUSG00000045328;ENSMUSG00000029177;ENSMUSG00000026683;ENSMUSG00000019942;ENSMUSG00000006398;ENSMUSG00000072235;ENSMUSG00000024056;ENSMUSG00000015880;ENSMUSG00000041431;ENSMUSG00000020897;ENSMUSG00000023004;ENSMUSG00000032218;ENSMUSG00000021270;ENSMUSG00000024660;ENSMUSG00000050621;ENSMUSG00000040084;ENSMUSG00000029910;ENSMUSG00000038252;ENSMUSG00000034906;ENSMUSG00000028678;ENSMUSG00000026039;ENSMUSG00000024791;ENSMUSG00000028312			False	False	True	False
liver	R-MMU-68882_MITOTIC_ANAPHASE	-0.00033941821371639476	10	4	6	-0.00022111896074308399	9	4	5	0.002125513650942401	10.0	7.0	3.0	0.0013713948253494643	9.0	6.0	3.0	-1.221572266780171	0.18830409356725147	0.604265984325605	ENSMUSG00000026605;ENSMUSG00000029414;ENSMUSG00000027379;ENSMUSG00000045328;ENSMUSG00000029177;ENSMUSG00000026683;ENSMUSG00000019942;ENSMUSG00000006398;ENSMUSG00000072235;ENSMUSG00000024056;ENSMUSG00000001403;ENSMUSG00000041431;ENSMUSG00000020897;ENSMUSG00000023004;ENSMUSG00000032218;ENSMUSG00000024660;ENSMUSG00000008348;ENSMUSG00000050621;ENSMUSG00000040084;ENSMUSG00000029910			False	False	False	True
liver	R-MMU-68886_M_PHASE	-0.038558616638968916	10	4	6	-0.05467463058562684	9	3	6	0.0005112397853031164	10.0	6.0	4.0	-0.00010177118600611841	9.0	6.0	3.0	-1.170409410273843	0.2023681377825619	0.6913428983189711	ENSMUSG00000026605;ENSMUSG00000029414;ENSMUSG00000032254;ENSMUSG00000027379;ENSMUSG00000045328;ENSMUSG00000042029;ENSMUSG00000029177;ENSMUSG00000026683;ENSMUSG00000019942;ENSMUSG00000006398;ENSMUSG00000072235;ENSMUSG00000024056;ENSMUSG00000001403;ENSMUSG00000015880;ENSMUSG00000041431;ENSMUSG00000020897;ENSMUSG00000023004;ENSMUSG00000032218;ENSMUSG00000030091;ENSMUSG00000021270;ENSMUSG00000081058;ENSMUSG00000024660;ENSMUSG00000008348;ENSMUSG00000075031;ENSMUSG00000069310;ENSMUSG00000050621;ENSMUSG00000040084;ENSMUSG00000029910;ENSMUSG00000062727;ENSMUSG00000061615;ENSMUSG00000069300;ENSMUSG00000069267;ENSMUSG00000038252;ENSMUSG00000058290;ENSMUSG00000034906;ENSMUSG00000028678;ENSMUSG00000026039;ENSMUSG00000071478;ENSMUSG00000058385;ENSMUSG00000024791;ENSMUSG00000028312			False	False	False	True
liver	R-MMU-69206_G1_S_TRANSITION	-5.316244470012475e-05	10	6	4	7.59706757300201e-05	9	5	4	-0.005267995458747711	10.0	4.0	6.0	-0.006972674560133603	9.0	3.0	6.0	-1.4096435652287442	0.061068702290076333	0.32422203046492426	ENSMUSG00000070348;ENSMUSG00000005410;ENSMUSG00000017499;ENSMUSG00000027715;ENSMUSG00000007080;ENSMUSG00000031016;ENSMUSG00000026355;ENSMUSG00000026669;ENSMUSG00000002068;ENSMUSG00000008348;ENSMUSG00000022673;ENSMUSG00000002870;ENSMUSG00000041859			False	False	True	True
liver	R-MMU-69239_SYNTHESIS_OF_DNA	0.0005987877059424531	10	4	6	0.0009630935985074873	9	4	5	-0.008158888740553616	10.0	4.0	6.0	-0.009600643870858268	9.0	3.0	6.0	-1.7156325951551337	0.0025157232704402514	0.042697279885233336	ENSMUSG00000005410;ENSMUSG00000017499;ENSMUSG00000027715;ENSMUSG00000007080;ENSMUSG00000001403;ENSMUSG00000026355;ENSMUSG00000002068;ENSMUSG00000008348;ENSMUSG00000022673;ENSMUSG00000002870;ENSMUSG00000031821;ENSMUSG00000056394;ENSMUSG00000041859			False	False	False	False
liver	R-MMU-69242_S_PHASE	1.934151564300132e-05	10	7	3	9.791179706365223e-05	9	6	3	-0.004297128612164291	10.0	5.0	5.0	-0.006182799896301907	9.0	4.0	5.0	-1.4208556494873965	0.05105853051058531	0.31597462827511097	ENSMUSG00000070348;ENSMUSG00000005410;ENSMUSG00000017499;ENSMUSG00000027715;ENSMUSG00000007080;ENSMUSG00000031016;ENSMUSG00000022034;ENSMUSG00000001403;ENSMUSG00000026355;ENSMUSG00000002068;ENSMUSG00000008348;ENSMUSG00000022673;ENSMUSG00000002870;ENSMUSG00000031821;ENSMUSG00000056394;ENSMUSG00000041859			False	False	False	False
liver	R-MMU-69275_G2_M_TRANSITION	0.05749164954465598	10	7	3	0.05547958742792463	9	6	3	0.005260540043099454	10.0	8.0	2.0	0.004024350175141007	9.0	7.0	2.0	-0.9193507938283023	0.6021003500583431	0.8771353645942767	ENSMUSG00000027715;ENSMUSG00000020330;ENSMUSG00000023908;ENSMUSG00000019942;ENSMUSG00000072235;ENSMUSG00000031016;ENSMUSG00000001517;ENSMUSG00000027469;ENSMUSG00000041431;ENSMUSG00000023004;ENSMUSG00000032218;ENSMUSG00000021270;ENSMUSG00000008348			False	False	True	False
liver	R-MMU-69278_CELL_CYCLE_MITOTIC	-0.12823600647695838	10	3	7	-0.14773046473630297	9	3	6	-0.0012299469389189799	10.0	6.0	4.0	-0.0021667800643206886	9.0	5.0	4.0	-1.3649488976183255	0.02938090241343127	0.4067260241970775	ENSMUSG00000070348;ENSMUSG00000005410;ENSMUSG00000026605;ENSMUSG00000017499;ENSMUSG00000027715;ENSMUSG00000029414;ENSMUSG00000032254;ENSMUSG00000020330;ENSMUSG00000027379;ENSMUSG00000045328;ENSMUSG00000042029;ENSMUSG00000029177;ENSMUSG00000026683;ENSMUSG00000023908;ENSMUSG00000007080;ENSMUSG00000019942;ENSMUSG00000006398;ENSMUSG00000072235;ENSMUSG00000031016;ENSMUSG00000022034;ENSMUSG00000001517;ENSMUSG00000024056;ENSMUSG00000001403;ENSMUSG00000015880;ENSMUSG00000026355;ENSMUSG00000027469;ENSMUSG00000041431;ENSMUSG00000026669;ENSMUSG00000002068;ENSMUSG00000020897;ENSMUSG00000023004;ENSMUSG00000032218;ENSMUSG00000030091;ENSMUSG00000018983;ENSMUSG00000021270;ENSMUSG00000081058;ENSMUSG00000024660;ENSMUSG00000008348;ENSMUSG00000022673;ENSMUSG00000075031;ENSMUSG00000069310;ENSMUSG00000050621;ENSMUSG00000002870;ENSMUSG00000040084;ENSMUSG00000029910;ENSMUSG00000031821;ENSMUSG00000056394;ENSMUSG00000062727;ENSMUSG00000044783;ENSMUSG00000061615;ENSMUSG00000041859;ENSMUSG00000069300;ENSMUSG00000069267;ENSMUSG00000038252;ENSMUSG00000058290;ENSMUSG00000034906;ENSMUSG00000028678;ENSMUSG00000027330;ENSMUSG00000026039;ENSMUSG00000071478;ENSMUSG00000058385;ENSMUSG00000047534;ENSMUSG00000024791;ENSMUSG00000028312			False	False	True	True
liver	R-MMU-69306_DNA_REPLICATION	0.029400972109833563	10	5	5	0.034773113224682795	9	4	5	-0.009459302527684125	10.0	3.0	7.0	-0.010466629012954963	9.0	2.0	7.0	-1.7456605795861717	0.0	0.03148186535316744	ENSMUSG00000005410;ENSMUSG00000017499;ENSMUSG00000027715;ENSMUSG00000007080;ENSMUSG00000001403;ENSMUSG00000026355;ENSMUSG00000026669;ENSMUSG00000002068;ENSMUSG00000008348;ENSMUSG00000022673;ENSMUSG00000002870;ENSMUSG00000031821;ENSMUSG00000056394;ENSMUSG00000041859			False	False	False	False
liver	R-MMU-69473_G2_M_DNA_DAMAGE_CHECKPOINT	0.0004909294712272583	10	6	4	0.0005066692437419271	9	6	3	-0.0019187039767370156	10.0	4.0	6.0	-0.002629791399663748	9.0	4.0	5.0	-1.1841677132195323	0.2396088019559902	0.6761346706957573	ENSMUSG00000027715;ENSMUSG00000019942;ENSMUSG00000031016;ENSMUSG00000041431;ENSMUSG00000075031;ENSMUSG00000062727;ENSMUSG00000069300;ENSMUSG00000058385;ENSMUSG00000018102;ENSMUSG00000069305;ENSMUSG00000094338;ENSMUSG00000034218;ENSMUSG00000095217;ENSMUSG00000069307;ENSMUSG00000064288			False	False	False	False
liver	R-MMU-69481_G2_M_CHECKPOINTS	0.003251575053738806	10	6	4	0.0038364066173817426	9	6	3	-0.00622359326017671	10.0	3.0	7.0	-0.006880999287488163	9.0	2.0	7.0	-1.5306257259750917	0.009489916963226572	0.2016806999187289	ENSMUSG00000005410;ENSMUSG00000017499;ENSMUSG00000027715;ENSMUSG00000023908;ENSMUSG00000019942;ENSMUSG00000031016;ENSMUSG00000042489;ENSMUSG00000026355;ENSMUSG00000041431;ENSMUSG00000026669;ENSMUSG00000032218;ENSMUSG00000008348;ENSMUSG00000022673;ENSMUSG00000075031;ENSMUSG00000002870;ENSMUSG00000062727;ENSMUSG00000041859;ENSMUSG00000069300			False	False	False	False
liver	R-MMU-69618_MITOTIC_SPINDLE_CHECKPOINT	0.0008045822478067475	10	5	5	0.0003148301322191376	9	4	5	-0.005975007116280862	10.0	3.0	7.0	-0.006984928073303353	9.0	3.0	6.0	-1.455947928892724	0.03753026634382567	0.27895436942195806	ENSMUSG00000026605;ENSMUSG00000029414;ENSMUSG00000027379;ENSMUSG00000045328;ENSMUSG00000029177;ENSMUSG00000026683;ENSMUSG00000006398;ENSMUSG00000024056;ENSMUSG00000001403;ENSMUSG00000020897;ENSMUSG00000024660;ENSMUSG00000050621;ENSMUSG00000040084;ENSMUSG00000029910;ENSMUSG00000028678;ENSMUSG00000026039			False	False	False	False
liver	R-MMU-69620_CELL_CYCLE_CHECKPOINTS	0.0016722472303523114	10	6	4	0.0013872139318729384	9	5	4	-0.001740499101714915	10.0	5.0	5.0	-0.0027393214772140737	9.0	4.0	5.0	-1.481583414280731	0.006795016987542469	0.24588422422387668	ENSMUSG00000005410;ENSMUSG00000026605;ENSMUSG00000017499;ENSMUSG00000027715;ENSMUSG00000029414;ENSMUSG00000027379;ENSMUSG00000045328;ENSMUSG00000029177;ENSMUSG00000026683;ENSMUSG00000023908;ENSMUSG00000019942;ENSMUSG00000006398;ENSMUSG00000031016;ENSMUSG00000024056;ENSMUSG00000001403;ENSMUSG00000042489;ENSMUSG00000026355;ENSMUSG00000041431;ENSMUSG00000026669;ENSMUSG00000002068;ENSMUSG00000020897;ENSMUSG00000032218;ENSMUSG00000024660;ENSMUSG00000008348;ENSMUSG00000022673;ENSMUSG00000075031;ENSMUSG00000050621;ENSMUSG00000002870;ENSMUSG00000040084;ENSMUSG00000029910;ENSMUSG00000062727;ENSMUSG00000041859;ENSMUSG00000069300			False	False	False	False
liver	R-MMU-70326_GLUCOSE_METABOLISM	-0.005865563525517989	10	1	9	-0.006127932509041152	9	0	9	-0.005321826557698267	10.0	4.0	6.0	-0.005494791664228681	9.0	3.0	6.0	-1.0198719579495432	0.4616368286445013	0.8858209863747487	ENSMUSG00000025877;ENSMUSG00000026773;ENSMUSG00000017390;ENSMUSG00000030091;ENSMUSG00000021196;ENSMUSG00000032294;ENSMUSG00000052102;ENSMUSG00000026409;ENSMUSG00000000628;ENSMUSG00000025271;ENSMUSG00000032114;ENSMUSG00000040618;ENSMUSG00000024036			False	False	True	True
liver	R-MMU-71291_METABOLISM_OF_AMINO_ACIDS_AND_DERIVATIVES	0.07143874425352328	10	6	4	0.07619175525523751	9	6	3	0.00398114769988297	10.0	7.0	3.0	0.0039411221197481194	9.0	6.0	3.0	1.6504995117773815	0.0	0.09612371478106081	ENSMUSG00000026853;ENSMUSG00000003849;ENSMUSG00000037798;ENSMUSG00000023232;ENSMUSG00000029596;ENSMUSG00000033022;ENSMUSG00000029695;ENSMUSG00000024827;ENSMUSG00000074768;ENSMUSG00000028011;ENSMUSG00000040181;ENSMUSG00000069324;ENSMUSG00000028179;ENSMUSG00000020182;ENSMUSG00000019558;ENSMUSG00000025792;ENSMUSG00000027333;ENSMUSG00000029597;ENSMUSG00000025533;ENSMUSG00000025815;ENSMUSG00000048087;ENSMUSG00000027597;ENSMUSG00000027360;ENSMUSG00000029752;ENSMUSG00000025190;ENSMUSG00000020017			False	False	True	True
liver	R-MMU-71387_METABOLISM_OF_CARBOHYDRATES_AND_CARBOHYDRATE_DERIVATIVES	0.056850983740722685	10	7	3	0.05714952584948022	9	7	2	-0.001627003707482666	10.0	5.0	5.0	-0.001770461811254657	9.0	4.0	5.0	-1.077581435805526	0.3543046357615894	0.7992872051179967	ENSMUSG00000025877;ENSMUSG00000026773;ENSMUSG00000005087;ENSMUSG00000017390;ENSMUSG00000020330;ENSMUSG00000041559;ENSMUSG00000025743;ENSMUSG00000039497;ENSMUSG00000021069;ENSMUSG00000031400;ENSMUSG00000030091;ENSMUSG00000035273;ENSMUSG00000017929;ENSMUSG00000021196;ENSMUSG00000029162;ENSMUSG00000031375;ENSMUSG00000022822;ENSMUSG00000024899;ENSMUSG00000070407;ENSMUSG00000028961;ENSMUSG00000032294;ENSMUSG00000021614;ENSMUSG00000028671;ENSMUSG00000001891;ENSMUSG00000056124;ENSMUSG00000021390;ENSMUSG00000052102;ENSMUSG00000035459;ENSMUSG00000036446;ENSMUSG00000021665;ENSMUSG00000010051;ENSMUSG00000026409;ENSMUSG00000041936;ENSMUSG00000055653;ENSMUSG00000000628;ENSMUSG00000025271;ENSMUSG00000034371;ENSMUSG00000041577;ENSMUSG00000025232;ENSMUSG00000032114;ENSMUSG00000022707			False	False	False	False
liver	R-MMU-72766_TRANSLATION	0.002790617909002694	10	7	3	0.0038946397727014064	9	6	3	-0.0011342107766800446	10.0	4.0	6.0	-0.0010576673001528253	9.0	3.0	6.0	-0.5943844480193533	0.951397326852977	1.0	ENSMUSG00000064354;ENSMUSG00000008348;ENSMUSG00000079641;ENSMUSG00000050621			False	False	False	False
liver	R-MMU-73857_RNA_POLYMERASE_II_TRANSCRIPTION	-0.05826729320051478	10	1	9	-0.05878534482596878	9	0	9	0.003213562196633302	10.0	7.0	3.0	0.003035244607748608	9.0	6.0	3.0	-0.7084432421863716	0.9654811715481172	0.9675323689692027	ENSMUSG00000070348;ENSMUSG00000070605;ENSMUSG00000021701;ENSMUSG00000027715;ENSMUSG00000008496;ENSMUSG00000014030;ENSMUSG00000022360;ENSMUSG00000048756;ENSMUSG00000064354;ENSMUSG00000019942;ENSMUSG00000066000;ENSMUSG00000027469;ENSMUSG00000041431;ENSMUSG00000002068;ENSMUSG00000020897;ENSMUSG00000031400;ENSMUSG00000020423;ENSMUSG00000081058;ENSMUSG00000008348;ENSMUSG00000075031;ENSMUSG00000069310;ENSMUSG00000019768;ENSMUSG00000058883;ENSMUSG00000062727;ENSMUSG00000061615;ENSMUSG00000032698;ENSMUSG00000037583;ENSMUSG00000069300;ENSMUSG00000069267;ENSMUSG00000032010;ENSMUSG00000036390;ENSMUSG00000071478;ENSMUSG00000028150;ENSMUSG00000058385;ENSMUSG00000027646;ENSMUSG00000023034;ENSMUSG00000018474;ENSMUSG00000047407;ENSMUSG00000094248;ENSMUSG00000018102;ENSMUSG00000040274;ENSMUSG00000028278;ENSMUSG00000069305;ENSMUSG00000020623;ENSMUSG00000094338;ENSMUSG00000000184;ENSMUSG00000032402;ENSMUSG00000020889;ENSMUSG00000039910;ENSMUSG00000093769;ENSMUSG00000026103;ENSMUSG00000040209;ENSMUSG00000027496;ENSMUSG00000089715;ENSMUSG00000069265;ENSMUSG00000032009;ENSMUSG00000034218;ENSMUSG00000020326;ENSMUSG00000095217;ENSMUSG00000002603;ENSMUSG00000024298;ENSMUSG00000038146;ENSMUSG00000028518;ENSMUSG00000069307;ENSMUSG00000094777;ENSMUSG00000078502;ENSMUSG00000033943;ENSMUSG00000064288			False	False	False	True
liver	R-MMU-73884_BASE_EXCISION_REPAIR	0.000312455900979534	10	5	5	0.0006076813560883711	9	5	4	0.0018040548529792602	10.0	6.0	4.0	0.0018452803616034786	9.0	6.0	3.0	-0.9382696717884003	0.5813397129186603	0.8726673226698198	ENSMUSG00000007080;ENSMUSG00000075031;ENSMUSG00000056394;ENSMUSG00000062727;ENSMUSG00000061615;ENSMUSG00000069300;ENSMUSG00000071478;ENSMUSG00000058385;ENSMUSG00000094248;ENSMUSG00000018102;ENSMUSG00000069305;ENSMUSG00000094338;ENSMUSG00000095217;ENSMUSG00000069307;ENSMUSG00000094777;ENSMUSG00000064288			False	False	True	False
liver	R-MMU-73886_CHROMOSOME_MAINTENANCE	0.0005096296051343892	10	6	4	0.0005192418785091096	9	6	3	0.0006985223358650372	10.0	5.0	5.0	0.0003813244372288928	9.0	5.0	4.0	-1.0127593019787169	0.4721233689205219	0.9016287675635006	ENSMUSG00000027715;ENSMUSG00000029177;ENSMUSG00000021611;ENSMUSG00000075031;ENSMUSG00000056394;ENSMUSG00000062727;ENSMUSG00000044783;ENSMUSG00000061615;ENSMUSG00000069300;ENSMUSG00000071478;ENSMUSG00000058385;ENSMUSG00000047534;ENSMUSG00000094248;ENSMUSG00000018102;ENSMUSG00000069305;ENSMUSG00000094338;ENSMUSG00000095217;ENSMUSG00000069307;ENSMUSG00000094777;ENSMUSG00000041064;ENSMUSG00000064288			False	False	True	False
liver	R-MMU-73887_DEATH_RECEPTOR_SIGNALING	-0.023357066953705485	10	3	7	-0.018294259075545778	9	3	6	-0.0006332139982771094	10.0	6.0	4.0	-0.00017192112809822664	9.0	5.0	4.0	-1.2912415199916218	0.10607866507747318	0.4808531488874204	ENSMUSG00000024013;ENSMUSG00000039304;ENSMUSG00000023800;ENSMUSG00000034116;ENSMUSG00000026875;ENSMUSG00000000120;ENSMUSG00000008348;ENSMUSG00000028059;ENSMUSG00000017631;ENSMUSG00000026259;ENSMUSG00000032010;ENSMUSG00000037946;ENSMUSG00000029512;ENSMUSG00000029032;ENSMUSG00000027859;ENSMUSG00000045094;ENSMUSG00000039621;ENSMUSG00000019850;ENSMUSG00000042349			False	False	True	True
liver	R-MMU-73894_DNA_REPAIR	-0.007343435432318734	10	5	5	-0.017019742358661043	9	4	5	0.0003658404273546662	10.0	6.0	4.0	0.00036571378713764417	9.0	6.0	3.0	-1.1182285280448543	0.2917620137299771	0.759435489625998	ENSMUSG00000040204;ENSMUSG00000032596;ENSMUSG00000027715;ENSMUSG00000007080;ENSMUSG00000027323;ENSMUSG00000042489;ENSMUSG00000037474;ENSMUSG00000008348;ENSMUSG00000035455;ENSMUSG00000075031;ENSMUSG00000034206;ENSMUSG00000066878;ENSMUSG00000056394;ENSMUSG00000062727;ENSMUSG00000061615;ENSMUSG00000069300;ENSMUSG00000027078;ENSMUSG00000071478;ENSMUSG00000035692;ENSMUSG00000058385;ENSMUSG00000030346;ENSMUSG00000094248;ENSMUSG00000018102;ENSMUSG00000069305;ENSMUSG00000094338			False	False	False	True
liver	R-MMU-73927_DEPURINATION	-0.00039591855122462556	10	5	5	-0.0004112430200643987	9	4	5	0.002341807662149249	10.0	7.0	3.0	0.002079673512009197	9.0	6.0	3.0	-0.8846880299686755	0.6586826347305389	0.8654276200250317	ENSMUSG00000075031;ENSMUSG00000062727;ENSMUSG00000061615;ENSMUSG00000069300;ENSMUSG00000071478;ENSMUSG00000058385;ENSMUSG00000094248;ENSMUSG00000018102;ENSMUSG00000069305;ENSMUSG00000094338;ENSMUSG00000095217;ENSMUSG00000069307;ENSMUSG00000094777;ENSMUSG00000064288			False	False	False	True
liver	R-MMU-73929_BASE_EXCISION_REPAIR_AP_SITE_FORMATION	-0.0019596993868825708	10	2	8	-0.0021025680488377775	9	1	8	0.0026455784015163063	10.0	6.0	4.0	0.0028027604836386305	9.0	6.0	3.0	-0.838765349239212	0.715311004784689	0.9072013358408357	ENSMUSG00000075031;ENSMUSG00000062727;ENSMUSG00000061615;ENSMUSG00000069300;ENSMUSG00000071478;ENSMUSG00000058385;ENSMUSG00000094248;ENSMUSG00000018102;ENSMUSG00000069305;ENSMUSG00000094338;ENSMUSG00000095217;ENSMUSG00000069307;ENSMUSG00000094777;ENSMUSG00000064288			False	False	False	True
liver	R-MMU-74160_GENE_EXPRESSION_TRANSCRIPTION	0.04149168339729574	10	6	4	0.045359747928212193	9	6	3	0.0032219478452604824	10.0	8.0	2.0	0.003149407247357473	9.0	7.0	2.0	-0.7033840451575222	0.9749478079331941	0.9660640977973443	ENSMUSG00000070348;ENSMUSG00000070605;ENSMUSG00000021701;ENSMUSG00000027715;ENSMUSG00000008496;ENSMUSG00000014030;ENSMUSG00000022360;ENSMUSG00000048756;ENSMUSG00000064354;ENSMUSG00000019942;ENSMUSG00000066000;ENSMUSG00000027469;ENSMUSG00000041431;ENSMUSG00000002068;ENSMUSG00000020897;ENSMUSG00000031400;ENSMUSG00000020423;ENSMUSG00000081058;ENSMUSG00000008348;ENSMUSG00000075031;ENSMUSG00000069310;ENSMUSG00000019768;ENSMUSG00000058883;ENSMUSG00000062727;ENSMUSG00000061615;ENSMUSG00000032698;ENSMUSG00000037583;ENSMUSG00000069300;ENSMUSG00000069267;ENSMUSG00000032010;ENSMUSG00000036390;ENSMUSG00000071478;ENSMUSG00000028150;ENSMUSG00000058385;ENSMUSG00000004099;ENSMUSG00000027646;ENSMUSG00000023034;ENSMUSG00000018474;ENSMUSG00000047407;ENSMUSG00000094248;ENSMUSG00000018102;ENSMUSG00000034160;ENSMUSG00000040274;ENSMUSG00000028278;ENSMUSG00000069305;ENSMUSG00000020623;ENSMUSG00000094338;ENSMUSG00000000184;ENSMUSG00000032402;ENSMUSG00000020889;ENSMUSG00000039910;ENSMUSG00000093769;ENSMUSG00000026103;ENSMUSG00000040209;ENSMUSG00000027496;ENSMUSG00000089715;ENSMUSG00000030680;ENSMUSG00000069265;ENSMUSG00000032009;ENSMUSG00000034218;ENSMUSG00000020326;ENSMUSG00000095217;ENSMUSG00000002603;ENSMUSG00000024298;ENSMUSG00000038146;ENSMUSG00000028518;ENSMUSG00000069307;ENSMUSG00000094777;ENSMUSG00000078502;ENSMUSG00000033943;ENSMUSG00000064288			False	False	True	False
liver	R-MMU-75105_FATTY_ACYL_COA_BIOSYNTHESIS	-0.05867737133218254	10	4	6	-0.06672368023284832	9	3	6	-0.008672490011365492	10.0	5.0	5.0	-0.010848194438628155	9.0	4.0	5.0	-1.800395671890849	0.0	0.024988730624076652	ENSMUSG00000041220;ENSMUSG00000037071;ENSMUSG00000025153;ENSMUSG00000020917;ENSMUSG00000020532			False	False	True	True
liver	R-MMU-75153_APOPTOTIC_EXECUTION_PHASE	0.000958964751692358	10	7	3	0.0009985396092745775	9	6	3	0.0037616674660518484	10.0	7.0	3.0	0.00475312712122077	9.0	7.0	2.0	-0.8993103921862882	0.6514215080346106	0.8785855235705692	ENSMUSG00000026728;ENSMUSG00000054717;ENSMUSG00000042489;ENSMUSG00000026879;ENSMUSG00000021948			False	False	True	False
liver	R-MMU-76002_PLATELET_ACTIVATION_SIGNALING_AND_AGGREGATION	-0.07928378805591926	10	1	9	-0.07500491688752936	9	1	8	-0.0015237674947190401	10.0	4.0	6.0	-0.0015370962786576512	9.0	3.0	6.0	-0.9345302938005414	0.6203904555314533	0.8686448510129471	ENSMUSG00000049775;ENSMUSG00000033220;ENSMUSG00000021457;ENSMUSG00000029661;ENSMUSG00000058715;ENSMUSG00000039196;ENSMUSG00000020901;ENSMUSG00000002699;ENSMUSG00000034330;ENSMUSG00000038811;ENSMUSG00000024965;ENSMUSG00000024697;ENSMUSG00000034116;ENSMUSG00000020120;ENSMUSG00000018593;ENSMUSG00000037419;ENSMUSG00000056220;ENSMUSG00000045312;ENSMUSG00000031196;ENSMUSG00000015143;ENSMUSG00000025268;ENSMUSG00000026786;ENSMUSG00000021922;ENSMUSG00000061780;ENSMUSG00000021948;ENSMUSG00000020077;ENSMUSG00000026547;ENSMUSG00000022037;ENSMUSG00000019843;ENSMUSG00000029372;ENSMUSG00000031328;ENSMUSG00000027646;ENSMUSG00000037411;ENSMUSG00000032946;ENSMUSG00000043004;ENSMUSG00000040152;ENSMUSG00000042644;ENSMUSG00000022347;ENSMUSG00000061540;ENSMUSG00000054641;ENSMUSG00000029373;ENSMUSG00000032554;ENSMUSG00000018909;ENSMUSG00000026295;ENSMUSG00000000489;ENSMUSG00000048376			False	False	True	True
liver	R-MMU-76005_RESPONSE_TO_ELEVATED_PLATELET_CYTOSOLIC_CA2	-0.10801536864502656	10	2	8	-0.11948577415584966	9	1	8	-0.0003169138977934027	10.0	5.0	5.0	-0.0003863480143718672	9.0	5.0	4.0	-0.7128387331901099	0.9107929515418502	0.9702302910760285	ENSMUSG00000049775;ENSMUSG00000039196;ENSMUSG00000024965;ENSMUSG00000020120;ENSMUSG00000018593;ENSMUSG00000037419;ENSMUSG00000045312;ENSMUSG00000031196;ENSMUSG00000015143;ENSMUSG00000025268;ENSMUSG00000021922;ENSMUSG00000061780;ENSMUSG00000020077;ENSMUSG00000026547;ENSMUSG00000022037;ENSMUSG00000029372;ENSMUSG00000031328;ENSMUSG00000037411;ENSMUSG00000040152;ENSMUSG00000022347;ENSMUSG00000061540;ENSMUSG00000054641;ENSMUSG00000029373;ENSMUSG00000032554;ENSMUSG00000026295;ENSMUSG00000000489;ENSMUSG00000029108;ENSMUSG00000079015;ENSMUSG00000022912;ENSMUSG00000023951;ENSMUSG00000033831;ENSMUSG00000002603;ENSMUSG00000033860;ENSMUSG00000020717;ENSMUSG00000030342;ENSMUSG00000032849;ENSMUSG00000026193;ENSMUSG00000022868;ENSMUSG00000031451;ENSMUSG00000028001;ENSMUSG00000022892;ENSMUSG00000033880;ENSMUSG00000001131			False	False	True	True
liver	R-MMU-774815_NUCLEOSOME_ASSEMBLY	0.0005979160939858331	10	7	3	0.0007204804721138886	9	6	3	0.0010878547339194717	10.0	6.0	4.0	0.000854989241676269	9.0	5.0	4.0	-0.8995577854023981	0.6486161251504212	0.8820717334033227	ENSMUSG00000029177;ENSMUSG00000075031;ENSMUSG00000062727;ENSMUSG00000044783;ENSMUSG00000061615;ENSMUSG00000069300;ENSMUSG00000071478;ENSMUSG00000058385;ENSMUSG00000047534;ENSMUSG00000094248;ENSMUSG00000018102;ENSMUSG00000069305;ENSMUSG00000094338;ENSMUSG00000095217;ENSMUSG00000069307;ENSMUSG00000094777;ENSMUSG00000064288			False	False	True	False
liver	R-MMU-8848021_SIGNALING_BY_PTK6	-0.008928905885006878	10	1	9	-0.00926333030069653	9	0	9	-0.007402962196898083	10.0	4.0	6.0	-0.007913093438394301	9.0	3.0	6.0	-1.2248211588778775	0.20126582278481012	0.61328573475707	ENSMUSG00000070348;ENSMUSG00000020122;ENSMUSG00000002068;ENSMUSG00000008348;ENSMUSG00000041112;ENSMUSG00000062209;ENSMUSG00000034342;ENSMUSG00000053113;ENSMUSG00000018166			False	False	True	True
liver	R-MMU-8852135_PROTEIN_UBIQUITINATION	0.001490582061928005	10	5	5	0.0020457842624596882	9	5	4	-0.000796984300564503	10.0	6.0	4.0	-0.0009149862791259897	9.0	5.0	4.0	-0.9734899972274639	0.5178351783517835	0.8642221169317025	ENSMUSG00000001403;ENSMUSG00000008348;ENSMUSG00000075031;ENSMUSG00000062727;ENSMUSG00000069300;ENSMUSG00000058385;ENSMUSG00000047496;ENSMUSG00000018102;ENSMUSG00000094338			False	False	False	False
liver	R-MMU-8852276_THE_ROLE_OF_GTSE1_IN_G2_M_PROGRESSION_AFTER_G2_CHECKPOINT	-0.00037801415626479296	10	2	8	-0.0004162058459005636	9	1	8	0.010830297216499541	10.0	8.0	2.0	0.009374809790080835	9.0	7.0	2.0	1.0527539567132498	0.375	0.8596279779840104	ENSMUSG00000023067;ENSMUSG00000030137;ENSMUSG00000058672			False	False	False	False
liver	R-MMU-8854518_AURKA_ACTIVATION_BY_TPX2	-0.0003422344564207557	10	2	8	-0.0003714061470362894	9	1	8	0.0027634659968472338	10.0	7.0	3.0	0.001795871555922783	9.0	7.0	2.0	-0.9785441799265772	0.5202020202020202	0.9055813161668707	ENSMUSG00000020330;ENSMUSG00000019942;ENSMUSG00000072235;ENSMUSG00000027469;ENSMUSG00000021270			False	False	False	True
liver	R-MMU-8856688_GOLGI_TO_ER_RETROGRADE_TRANSPORT	0.0005826240370395216	10	6	4	0.0005943081284566112	9	6	3	0.0035320216967226386	10.0	6.0	4.0	0.0028906140515643102	9.0	6.0	3.0	-0.9354381249783194	0.5860409145607701	0.8707381875212807	ENSMUSG00000023015;ENSMUSG00000032254;ENSMUSG00000045328;ENSMUSG00000034311;ENSMUSG00000024795;ENSMUSG00000072235;ENSMUSG00000012443;ENSMUSG00000023004;ENSMUSG00000056220;ENSMUSG00000051378;ENSMUSG00000030677;ENSMUSG00000028678;ENSMUSG00000014602;ENSMUSG00000041642;ENSMUSG00000010830;ENSMUSG00000003779			False	False	True	False
liver	R-MMU-8856825_CARGO_RECOGNITION_FOR_CLATHRIN_MEDIATED_ENDOCYTOSIS	0.0025002261763635543	10	8	2	0.002555292365218764	9	7	2	-0.0010506596495474703	10.0	4.0	6.0	-0.0012019788261633945	9.0	4.0	5.0	-1.2416809232500807	0.17535545023696683	0.5823315372499107	ENSMUSG00000023274;ENSMUSG00000027070;ENSMUSG00000020122;ENSMUSG00000032193;ENSMUSG00000003882;ENSMUSG00000022150;ENSMUSG00000008348;ENSMUSG00000042249			False	False	False	False
liver	R-MMU-8856828_CLATHRIN_MEDIATED_ENDOCYTOSIS	0.07239716798938982	10	9	1	0.07495509926334318	9	8	1	-0.0006007973423095191	10.0	5.0	5.0	-0.00037345018929445944	9.0	5.0	4.0	-1.055292849127931	0.3988165680473373	0.8252130048395326	ENSMUSG00000023274;ENSMUSG00000027070;ENSMUSG00000020122;ENSMUSG00000032193;ENSMUSG00000003882;ENSMUSG00000022150;ENSMUSG00000008348;ENSMUSG00000042249			False	False	False	False
liver	R-MMU-8866654_E3_UBIQUITIN_LIGASES_UBIQUITINATE_TARGET_PROTEINS	0.0011769976403856845	10	7	3	0.001291947918100496	9	7	2	-0.00023902363094230536	10.0	5.0	5.0	-0.00023061859574118434	9.0	5.0	4.0	-0.916278648303813	0.58375	0.8753666310876591	ENSMUSG00000008348;ENSMUSG00000075031;ENSMUSG00000062727;ENSMUSG00000069300;ENSMUSG00000058385;ENSMUSG00000047496;ENSMUSG00000018102;ENSMUSG00000094338;ENSMUSG00000095217;ENSMUSG00000069307			False	False	False	False
liver	R-MMU-8878171_TRANSCRIPTIONAL_REGULATION_BY_RUNX1	0.00489791981892536	10	7	3	0.00478609437340913	9	6	3	-0.0015994095907813006	10.0	6.0	4.0	-0.0018026488391543688	9.0	6.0	3.0	-1.0665336012847526	0.3878020713463751	0.811406281404392	ENSMUSG00000070348;ENSMUSG00000014030;ENSMUSG00000081058;ENSMUSG00000008348;ENSMUSG00000075031;ENSMUSG00000069310;ENSMUSG00000019768;ENSMUSG00000062727;ENSMUSG00000061615;ENSMUSG00000032698;ENSMUSG00000069300;ENSMUSG00000069267;ENSMUSG00000071478;ENSMUSG00000058385;ENSMUSG00000094248;ENSMUSG00000018102;ENSMUSG00000040274;ENSMUSG00000069305;ENSMUSG00000094338;ENSMUSG00000000184;ENSMUSG00000093769;ENSMUSG00000089715;ENSMUSG00000069265;ENSMUSG00000095217;ENSMUSG00000069307;ENSMUSG00000094777;ENSMUSG00000064288			False	False	False	False
liver	R-MMU-8936459_RUNX1_REGULATES_GENES_INVOLVED_IN_MEGAKARYOCYTE_DIFFERENTIATION_AND_PLATELET_FUNCTION	0.0003716364229484289	10	6	4	0.0005325826668210056	9	5	4	0.0017953125669925407	10.0	8.0	2.0	0.0017980079631580899	9.0	7.0	2.0	-0.9157208269643397	0.6248520710059171	0.8724347272540695	ENSMUSG00000081058;ENSMUSG00000075031;ENSMUSG00000069310;ENSMUSG00000062727;ENSMUSG00000061615;ENSMUSG00000069300;ENSMUSG00000069267;ENSMUSG00000071478;ENSMUSG00000058385;ENSMUSG00000094248;ENSMUSG00000018102;ENSMUSG00000069305;ENSMUSG00000094338;ENSMUSG00000093769;ENSMUSG00000069265;ENSMUSG00000095217;ENSMUSG00000069307;ENSMUSG00000094777;ENSMUSG00000064288			False	False	True	False
liver	R-MMU-8939211_ESR_MEDIATED_SIGNALING	0.0017404295686801892	10	6	4	0.0022354583204647607	9	5	4	-0.001794307774103772	10.0	5.0	5.0	-0.0021606326359511854	9.0	5.0	4.0	-1.0564420642935235	0.3741339491916859	0.8272402912326695	ENSMUSG00000004951;ENSMUSG00000020122;ENSMUSG00000048756;ENSMUSG00000038811;ENSMUSG00000021270;ENSMUSG00000081058;ENSMUSG00000031740;ENSMUSG00000075031;ENSMUSG00000069310;ENSMUSG00000019768;ENSMUSG00000062727;ENSMUSG00000069300;ENSMUSG00000069267;ENSMUSG00000007655;ENSMUSG00000062209;ENSMUSG00000058385;ENSMUSG00000000058;ENSMUSG00000027646;ENSMUSG00000043004;ENSMUSG00000018102;ENSMUSG00000069305;ENSMUSG00000094338;ENSMUSG00000093769;ENSMUSG00000069265;ENSMUSG00000032280;ENSMUSG00000095217;ENSMUSG00000017737			False	False	False	False
liver	R-MMU-8948216_COLLAGEN_CHAIN_TRIMERIZATION	0.0025903305834415365	10	8	2	0.0030902244143001197	9	7	2	-0.011242092568513981	10.0	3.0	7.0	-0.012746718908697578	9.0	3.0	6.0	-1.3063670592316607	0.12307692307692308	0.4650374991024177	ENSMUSG00000026043;ENSMUSG00000028339;ENSMUSG00000045672;ENSMUSG00000026042;ENSMUSG00000022371;ENSMUSG00000048126;ENSMUSG00000020241;ENSMUSG00000026837			False	False	False	False
liver	R-MMU-8951664_NEDDYLATION	0.09991272605463926	10	7	3	0.10611786689139811	9	7	2	0.007743738457859613	10.0	7.0	3.0	0.009913472266154327	9.0	6.0	3.0	0.6435154808812268	0.9077669902912622	0.9528648131660492	ENSMUSG00000020027;ENSMUSG00000032898;ENSMUSG00000052934;ENSMUSG00000032578			False	False	True	True
liver	R-MMU-8953854_METABOLISM_OF_RNA	0.0341932581172555	10	8	2	0.03333809460118334	9	7	2	-0.005804151724359991	10.0	4.0	6.0	-0.005403550174393788	9.0	4.0	5.0	-1.3613373873202557	0.07907542579075426	0.3945071252068794	ENSMUSG00000090877;ENSMUSG00000091971;ENSMUSG00000004951;ENSMUSG00000040613;ENSMUSG00000009585;ENSMUSG00000030091;ENSMUSG00000008348;ENSMUSG00000079641;ENSMUSG00000050621;ENSMUSG00000102976;ENSMUSG00000079470;ENSMUSG00000021948			False	False	False	False
liver	R-MMU-8953897_CELLULAR_RESPONSES_TO_STIMULI	0.09000185098808848	10	8	2	0.08938422252644755	9	7	2	0.0014484352291812246	10.0	7.0	3.0	0.0016842717787641137	9.0	6.0	3.0	-0.7302128698988355	0.9423480083857443	0.964983781380344	ENSMUSG00000090877;ENSMUSG00000091971;ENSMUSG00000015340;ENSMUSG00000015950;ENSMUSG00000027715;ENSMUSG00000029657;ENSMUSG00000060803;ENSMUSG00000026480;ENSMUSG00000054422;ENSMUSG00000025757;ENSMUSG00000048756;ENSMUSG00000071715;ENSMUSG00000038811;ENSMUSG00000073940;ENSMUSG00000064354;ENSMUSG00000006519;ENSMUSG00000072235;ENSMUSG00000021250;ENSMUSG00000001403;ENSMUSG00000002068;ENSMUSG00000023004;ENSMUSG00000030091;ENSMUSG00000061175;ENSMUSG00000021270;ENSMUSG00000008348;ENSMUSG00000075031;ENSMUSG00000019768;ENSMUSG00000052305;ENSMUSG00000062727;ENSMUSG00000061615;ENSMUSG00000069300;ENSMUSG00000032060;ENSMUSG00000023088;ENSMUSG00000020715;ENSMUSG00000071478;ENSMUSG00000058385;ENSMUSG00000001750;ENSMUSG00000032231;ENSMUSG00000043004;ENSMUSG00000005483;ENSMUSG00000032577;ENSMUSG00000032633;ENSMUSG00000094248;ENSMUSG00000042349;ENSMUSG00000069919;ENSMUSG00000018102;ENSMUSG00000040274;ENSMUSG00000028278;ENSMUSG00000069305;ENSMUSG00000020623;ENSMUSG00000059588;ENSMUSG00000094338;ENSMUSG00000024140;ENSMUSG00000001473			False	False	True	False
liver	R-MMU-8957275_POST_TRANSLATIONAL_PROTEIN_PHOSPHORYLATION	-0.05616555272299937	10	1	9	-0.0589529752689411	9	0	9	-0.001270777363971226	10.0	4.0	6.0	-0.001281249510984153	9.0	4.0	5.0	-0.7770562267271403	0.8406466512702079	0.953526287242731	ENSMUSG00000044254;ENSMUSG00000057346;ENSMUSG00000063011;ENSMUSG00000061947;ENSMUSG00000028364;ENSMUSG00000001870;ENSMUSG00000068246;ENSMUSG00000050014;ENSMUSG00000021614;ENSMUSG00000022816;ENSMUSG00000027204;ENSMUSG00000073418;ENSMUSG00000036256;ENSMUSG00000025647;ENSMUSG00000068220;ENSMUSG00000014599;ENSMUSG00000024736;ENSMUSG00000010601;ENSMUSG00000042988;ENSMUSG00000055653;ENSMUSG00000046841;ENSMUSG00000029304;ENSMUSG00000032554;ENSMUSG00000026295;ENSMUSG00000079015;ENSMUSG00000026185;ENSMUSG00000033860;ENSMUSG00000028195;ENSMUSG00000026193;ENSMUSG00000021556;ENSMUSG00000030605;ENSMUSG00000022868;ENSMUSG00000031451;ENSMUSG00000039405;ENSMUSG00000017493;ENSMUSG00000028001;ENSMUSG00000022892;ENSMUSG00000025746;ENSMUSG00000001131			False	False	True	True
liver	R-MMU-8957322_METABOLISM_OF_STEROIDS	0.02859244367157408	10	8	2	0.030106227399632576	9	8	1	-0.007489736671471664	10.0	4.0	6.0	-0.00928052837730927	9.0	4.0	5.0	-1.524389833919356	0.010180995475113122	0.19714662691949553	ENSMUSG00000022351;ENSMUSG00000038092;ENSMUSG00000039519;ENSMUSG00000021670;ENSMUSG00000031604;ENSMUSG00000006517;ENSMUSG00000060807;ENSMUSG00000021594;ENSMUSG00000059743;ENSMUSG00000020538;ENSMUSG00000058258;ENSMUSG00000024799;ENSMUSG00000028240;ENSMUSG00000031349;ENSMUSG00000024378;ENSMUSG00000027952;ENSMUSG00000032018;ENSMUSG00000023073;ENSMUSG00000033105;ENSMUSG00000058454;ENSMUSG00000024365			False	False	False	False
liver	R-MMU-8963899_PLASMA_LIPOPROTEIN_REMODELING	-0.03981540345559603	10	1	9	-0.03616841928928658	9	1	8	-3.17274250952293e-05	10.0	5.0	5.0	0.00039334681931844765	9.0	4.0	5.0	1.394344651381157	0.08968609865470852	0.3143163014271636	ENSMUSG00000032080;ENSMUSG00000028553;ENSMUSG00000002992;ENSMUSG00000032079;ENSMUSG00000020609			False	False	True	False
liver	R-MMU-8964043_PLASMA_LIPOPROTEIN_CLEARANCE	-0.03615418525436308	10	4	6	-0.03544298894135581	9	3	6	-0.0036148917515167966	10.0	4.0	6.0	-0.003463682616375693	9.0	3.0	6.0	-1.224988301163997	0.2111801242236025	0.6272182960858443	ENSMUSG00000044254;ENSMUSG00000032193;ENSMUSG00000026600;ENSMUSG00000062181;ENSMUSG00000008348			False	False	True	True
liver	R-MMU-8978868_FATTY_ACID_METABOLISM	-0.058406785596556876	10	2	8	-0.061127277579507644	9	1	8	0.0051752253538893764	10.0	6.0	4.0	0.005866626865194891	9.0	5.0	4.0	1.7662353445466443	0.0	0.05315174159334699	ENSMUSG00000028715;ENSMUSG00000066072;ENSMUSG00000021228;ENSMUSG00000028712;ENSMUSG00000021226;ENSMUSG00000022853;ENSMUSG00000072949;ENSMUSG00000026853;ENSMUSG00000052392;ENSMUSG00000078937;ENSMUSG00000063929;ENSMUSG00000050445;ENSMUSG00000018900;ENSMUSG00000021884;ENSMUSG00000003623;ENSMUSG00000020553			False	False	False	False
liver	R-MMU-8980692_RHOA_GTPASE_CYCLE	-0.05356321315036339	10	4	6	-0.06800030786019214	9	3	6	0.00039426175826736234	10.0	5.0	5.0	0.0013619605686887469	9.0	5.0	4.0	-1.0258830981467695	0.4417808219178082	0.8893496656535723	ENSMUSG00000020143;ENSMUSG00000023015;ENSMUSG00000048865;ENSMUSG00000036452;ENSMUSG00000028068;ENSMUSG00000047963;ENSMUSG00000034116;ENSMUSG00000033450;ENSMUSG00000030220;ENSMUSG00000028059;ENSMUSG00000030536;ENSMUSG00000017631;ENSMUSG00000026259;ENSMUSG00000022021;ENSMUSG00000007655;ENSMUSG00000035697;ENSMUSG00000036777;ENSMUSG00000039621;ENSMUSG00000039585;ENSMUSG00000020272;ENSMUSG00000041219;ENSMUSG00000063506;ENSMUSG00000032875;ENSMUSG00000029108;ENSMUSG00000025154;ENSMUSG00000032135;ENSMUSG00000026880;ENSMUSG00000039031;ENSMUSG00000048960			False	False	False	True
liver	R-MMU-9006925_INTRACELLULAR_SIGNALING_BY_SECOND_MESSENGERS	-0.09579283824702345	10	3	7	-0.09959388196759218	9	2	7	0.0012596524591365341	10.0	5.0	5.0	0.0015619938402532223	9.0	5.0	4.0	-0.8847149587869224	0.657010428736964	0.8806297723989743	ENSMUSG00000031659;ENSMUSG00000022901;ENSMUSG00000020122;ENSMUSG00000033220;ENSMUSG00000020901;ENSMUSG00000048756;ENSMUSG00000039936;ENSMUSG00000055254;ENSMUSG00000034116;ENSMUSG00000008348;ENSMUSG00000024620;ENSMUSG00000019768;ENSMUSG00000054252;ENSMUSG00000021948;ENSMUSG00000019966;ENSMUSG00000062209;ENSMUSG00000019843;ENSMUSG00000027646;ENSMUSG00000023034;ENSMUSG00000018474;ENSMUSG00000028278;ENSMUSG00000018166;ENSMUSG00000031565;ENSMUSG00000000489;ENSMUSG00000089715;ENSMUSG00000005672;ENSMUSG00000048960;ENSMUSG00000002997;ENSMUSG00000024810			False	False	False	True
liver	R-MMU-9006927_SIGNALING_BY_NON_RECEPTOR_TYROSINE_KINASES	-0.00037045095578283876	10	3	7	-0.0004595966882507732	9	3	6	-0.007402962196898083	10.0	4.0	6.0	-0.007913093438394301	9.0	3.0	6.0	-1.2248211588778775	0.20126582278481012	0.61328573475707	ENSMUSG00000070348;ENSMUSG00000020122;ENSMUSG00000002068;ENSMUSG00000008348;ENSMUSG00000041112;ENSMUSG00000062209;ENSMUSG00000034342;ENSMUSG00000053113;ENSMUSG00000018166			False	False	True	True
liver	R-MMU-9006931_SIGNALING_BY_NUCLEAR_RECEPTORS	0.006645859394559042	10	6	4	0.009904537872261372	9	5	4	0.0001576432909499011	10.0	6.0	4.0	-0.0005365166973481322	9.0	5.0	4.0	-0.7873427104208842	0.8283499446290143	0.9506281864287728	ENSMUSG00000027533;ENSMUSG00000004951;ENSMUSG00000020122;ENSMUSG00000048756;ENSMUSG00000038811;ENSMUSG00000066441;ENSMUSG00000021270;ENSMUSG00000081058;ENSMUSG00000031740;ENSMUSG00000075031;ENSMUSG00000069310;ENSMUSG00000019768;ENSMUSG00000033715;ENSMUSG00000062727;ENSMUSG00000069300;ENSMUSG00000069267;ENSMUSG00000007655;ENSMUSG00000062209;ENSMUSG00000058385;ENSMUSG00000000058;ENSMUSG00000027646;ENSMUSG00000043004;ENSMUSG00000018102;ENSMUSG00000069305;ENSMUSG00000094338;ENSMUSG00000006494;ENSMUSG00000021210;ENSMUSG00000015243;ENSMUSG00000093769;ENSMUSG00000069265;ENSMUSG00000066026;ENSMUSG00000032280;ENSMUSG00000095217;ENSMUSG00000017737			False	False	True	False
liver	R-MMU-9006934_SIGNALING_BY_RECEPTOR_TYROSINE_KINASES	-0.035822030930538616	10	4	6	-0.03466629336197413	9	3	6	-0.0030682193310028988	10.0	3.0	7.0	-0.0029339315431224826	9.0	3.0	6.0	-1.2882928863948473	0.06779661016949153	0.4839406168583817	ENSMUSG00000026043;ENSMUSG00000015340;ENSMUSG00000004951;ENSMUSG00000020122;ENSMUSG00000015950;ENSMUSG00000045672;ENSMUSG00000022488;ENSMUSG00000026042;ENSMUSG00000026480;ENSMUSG00000025402;ENSMUSG00000071715;ENSMUSG00000048126;ENSMUSG00000055254;ENSMUSG00000006519;ENSMUSG00000020176;ENSMUSG00000020340;ENSMUSG00000034116;ENSMUSG00000002602;ENSMUSG00000020241;ENSMUSG00000021270;ENSMUSG00000008348;ENSMUSG00000019960;ENSMUSG00000026837;ENSMUSG00000041112;ENSMUSG00000053158;ENSMUSG00000024620;ENSMUSG00000027654;ENSMUSG00000019768;ENSMUSG00000054252;ENSMUSG00000030774;ENSMUSG00000047414;ENSMUSG00000025810;ENSMUSG00000021948;ENSMUSG00000007655;ENSMUSG00000019312;ENSMUSG00000040990;ENSMUSG00000029102;ENSMUSG00000019966;ENSMUSG00000062209;ENSMUSG00000027859;ENSMUSG00000033295;ENSMUSG00000019843;ENSMUSG00000001750;ENSMUSG00000091345;ENSMUSG00000031871;ENSMUSG00000027646;ENSMUSG00000034342;ENSMUSG00000037868;ENSMUSG00000040152;ENSMUSG00000001119;ENSMUSG00000032577;ENSMUSG00000027351;ENSMUSG00000020422;ENSMUSG00000018166;ENSMUSG00000062960;ENSMUSG00000031565;ENSMUSG00000029304			False	False	True	True
liver	R-MMU-9006936_SIGNALING_BY_TGFB_FAMILY_MEMBERS	0.05701877778783522	10	6	4	0.061485916325107914	9	6	3	0.005663795621860179	10.0	8.0	2.0	0.006837631738796021	9.0	7.0	2.0	0.6268402210646291	0.959349593495935	0.9494309475025396	ENSMUSG00000037035;ENSMUSG00000027796			False	False	True	True
liver	R-MMU-9009391_EXTRA_NUCLEAR_ESTROGEN_SIGNALING	0.022631337441769223	10	7	3	0.02199715694588115	9	6	3	-0.0050153216815908	10.0	3.0	7.0	-0.00588848916000482	9.0	3.0	6.0	-1.2577218552354161	0.16035353535353536	0.5393820055821037	ENSMUSG00000004951;ENSMUSG00000020122;ENSMUSG00000048756;ENSMUSG00000038811;ENSMUSG00000021270;ENSMUSG00000031740;ENSMUSG00000019768;ENSMUSG00000007655;ENSMUSG00000000058;ENSMUSG00000027646;ENSMUSG00000043004			False	False	False	False
liver	R-MMU-9012999_RHO_GTPASE_CYCLE	-0.13056156285534398	10	1	9	-0.13414125268318644	9	0	9	-0.0011674836208379045	10.0	5.0	5.0	-0.000606541600865854	9.0	5.0	4.0	-1.2747026425403676	0.0628997867803838	0.5089355286577592	ENSMUSG00000024013;ENSMUSG00000015340;ENSMUSG00000033220;ENSMUSG00000015950;ENSMUSG00000020143;ENSMUSG00000023015;ENSMUSG00000022488;ENSMUSG00000026728;ENSMUSG00000038608;ENSMUSG00000048865;ENSMUSG00000026480;ENSMUSG00000022014;ENSMUSG00000036452;ENSMUSG00000031093;ENSMUSG00000028068;ENSMUSG00000023800;ENSMUSG00000055805;ENSMUSG00000047963;ENSMUSG00000071715;ENSMUSG00000006519;ENSMUSG00000026117;ENSMUSG00000020340;ENSMUSG00000034116;ENSMUSG00000023004;ENSMUSG00000045763;ENSMUSG00000021270;ENSMUSG00000033450;ENSMUSG00000030047;ENSMUSG00000030220;ENSMUSG00000028059;ENSMUSG00000030536;ENSMUSG00000001918;ENSMUSG00000015143;ENSMUSG00000001270;ENSMUSG00000052085;ENSMUSG00000017631;ENSMUSG00000030774;ENSMUSG00000026259;ENSMUSG00000022021;ENSMUSG00000007655;ENSMUSG00000019312;ENSMUSG00000037946;ENSMUSG00000054855;ENSMUSG00000017144;ENSMUSG00000034255;ENSMUSG00000035697;ENSMUSG00000029032;ENSMUSG00000052560;ENSMUSG00000036777	Rho-family GTPase cycle	complementary	True	True	True	True
liver	R-MMU-9013026_RHOB_GTPASE_CYCLE	0.003486238150969657	10	7	3	0.003953850946447766	9	6	3	0.0033777016062177907	10.0	7.0	3.0	0.0038793059187855424	9.0	6.0	3.0	-0.7652943822249321	0.833134684147795	0.9510096373728699	ENSMUSG00000023015;ENSMUSG00000036452;ENSMUSG00000028068;ENSMUSG00000028059;ENSMUSG00000017631;ENSMUSG00000022021;ENSMUSG00000007655;ENSMUSG00000036777;ENSMUSG00000039621;ENSMUSG00000039585;ENSMUSG00000020272;ENSMUSG00000032875;ENSMUSG00000029108;ENSMUSG00000032135;ENSMUSG00000026880;ENSMUSG00000066406;ENSMUSG00000031523;ENSMUSG00000004044;ENSMUSG00000016128;ENSMUSG00000041444;ENSMUSG00000041417			False	False	True	False
liver	R-MMU-9013106_RHOC_GTPASE_CYCLE	-0.0014495137175785265	10	3	7	-0.0018983553488438655	9	2	7	0.0025390773241139803	10.0	6.0	4.0	0.0027798897617623353	9.0	6.0	3.0	-0.8596371967961903	0.6996381182147166	0.8971912983826213	ENSMUSG00000023015;ENSMUSG00000036452;ENSMUSG00000028068;ENSMUSG00000030536;ENSMUSG00000017631;ENSMUSG00000022021;ENSMUSG00000007655;ENSMUSG00000036777;ENSMUSG00000039621;ENSMUSG00000020272;ENSMUSG00000032875;ENSMUSG00000032135;ENSMUSG00000026880;ENSMUSG00000039031;ENSMUSG00000066406;ENSMUSG00000031523;ENSMUSG00000004044;ENSMUSG00000016128;ENSMUSG00000041444;ENSMUSG00000041417			False	False	False	True
liver	R-MMU-9013148_CDC42_GTPASE_CYCLE	0.0009376063318176524	10	9	1	0.0010765536350883969	9	8	1	-0.0024068734550595884	10.0	4.0	6.0	-0.0016410579557485743	9.0	4.0	5.0	-1.2673970764216167	0.1407766990291262	0.5199364558386447	ENSMUSG00000024013;ENSMUSG00000023015;ENSMUSG00000038608;ENSMUSG00000048865;ENSMUSG00000036452;ENSMUSG00000031093;ENSMUSG00000033450;ENSMUSG00000030220;ENSMUSG00000052085;ENSMUSG00000017631;ENSMUSG00000026259;ENSMUSG00000007655;ENSMUSG00000037946;ENSMUSG00000034255;ENSMUSG00000035697;ENSMUSG00000029032;ENSMUSG00000039621			False	False	False	False
liver	R-MMU-9013149_RAC1_GTPASE_CYCLE	0.040577626609209015	10	7	3	0.05867630223774546	9	6	3	-0.002902071874058002	10.0	5.0	5.0	-0.0024069071547546776	9.0	4.0	5.0	-1.4973791567716854	0.01245753114382786	0.23471395527127117	ENSMUSG00000015340;ENSMUSG00000015950;ENSMUSG00000020143;ENSMUSG00000023015;ENSMUSG00000022488;ENSMUSG00000038608;ENSMUSG00000048865;ENSMUSG00000026480;ENSMUSG00000036452;ENSMUSG00000031093;ENSMUSG00000028068;ENSMUSG00000023800;ENSMUSG00000055805;ENSMUSG00000071715;ENSMUSG00000006519;ENSMUSG00000020340;ENSMUSG00000034116;ENSMUSG00000033450;ENSMUSG00000030047;ENSMUSG00000030220;ENSMUSG00000030536;ENSMUSG00000001918;ENSMUSG00000052085;ENSMUSG00000017631;ENSMUSG00000030774;ENSMUSG00000026259;ENSMUSG00000022021;ENSMUSG00000007655;ENSMUSG00000034255;ENSMUSG00000035697			False	False	False	False
liver	R-MMU-9013404_RAC2_GTPASE_CYCLE	0.0007928579483376965	10	6	4	0.0009637332291450596	9	5	4	-0.008018657705875034	10.0	3.0	7.0	-0.007760784157936629	9.0	2.0	7.0	-1.5805354560794873	0.009626955475330927	0.151690941066922	ENSMUSG00000015340;ENSMUSG00000033220;ENSMUSG00000015950;ENSMUSG00000020143;ENSMUSG00000023015;ENSMUSG00000022488;ENSMUSG00000038608;ENSMUSG00000026480;ENSMUSG00000036452;ENSMUSG00000047963;ENSMUSG00000071715;ENSMUSG00000006519;ENSMUSG00000034116;ENSMUSG00000030536;ENSMUSG00000017631;ENSMUSG00000030774;ENSMUSG00000022021;ENSMUSG00000007655			False	False	False	False
liver	R-MMU-9013406_RHOQ_GTPASE_CYCLE	0.00011239349934468972	10	5	5	0.00010005870123219496	9	5	4	0.001780763756442151	10.0	6.0	4.0	0.0016231872803828442	9.0	6.0	3.0	-1.1086622744616212	0.337037037037037	0.760545782113343	ENSMUSG00000036452;ENSMUSG00000028068;ENSMUSG00000030536;ENSMUSG00000001918;ENSMUSG00000030774;ENSMUSG00000022021;ENSMUSG00000007655;ENSMUSG00000052560;ENSMUSG00000039621			False	False	True	False
liver	R-MMU-9013408_RHOG_GTPASE_CYCLE	-0.0001515736836739594	10	4	6	-4.781889442609247e-05	9	4	5	0.0009262919603974906	10.0	4.0	6.0	0.001826812517120231	9.0	4.0	5.0	-0.887701800007168	0.6679012345679012	0.8787758742498086	ENSMUSG00000020143;ENSMUSG00000047963;ENSMUSG00000034116;ENSMUSG00000030220;ENSMUSG00000022021;ENSMUSG00000007655;ENSMUSG00000029032;ENSMUSG00000039621			False	False	False	True
liver	R-MMU-9013423_RAC3_GTPASE_CYCLE	0.00016279452239469783	10	6	4	0.00036195627512109277	9	6	3	-0.0038587450791697357	10.0	4.0	6.0	-0.0035912969002177423	9.0	3.0	6.0	-1.4344770729725596	0.03214285714285714	0.3024545763448307	ENSMUSG00000015340;ENSMUSG00000015950;ENSMUSG00000023015;ENSMUSG00000022488;ENSMUSG00000038608;ENSMUSG00000026480;ENSMUSG00000036452;ENSMUSG00000047963;ENSMUSG00000071715;ENSMUSG00000006519;ENSMUSG00000030220;ENSMUSG00000001918;ENSMUSG00000017631;ENSMUSG00000030774;ENSMUSG00000022021;ENSMUSG00000007655			False	False	False	False
liver	R-MMU-9018519_ESTROGEN_DEPENDENT_GENE_EXPRESSION	0.00010999219893316977	10	6	4	-8.195732578854155e-05	9	5	4	-0.0010698673963886504	10.0	6.0	4.0	-0.0010903725558581512	9.0	5.0	4.0	-1.0239415368963398	0.45422535211267606	0.8843214824939565	ENSMUSG00000021270;ENSMUSG00000081058;ENSMUSG00000075031;ENSMUSG00000069310;ENSMUSG00000019768;ENSMUSG00000062727;ENSMUSG00000069300;ENSMUSG00000069267;ENSMUSG00000062209;ENSMUSG00000058385;ENSMUSG00000018102;ENSMUSG00000069305;ENSMUSG00000094338;ENSMUSG00000093769;ENSMUSG00000069265;ENSMUSG00000032280;ENSMUSG00000095217;ENSMUSG00000069307;ENSMUSG00000064288			False	False	False	False
liver	R-MMU-9018677_BIOSYNTHESIS_OF_DHA_DERIVED_SPMS	-0.001627396770062983	10	3	7	-0.001818001834392732	9	3	6	-0.0013754758209643294	10.0	3.0	7.0	-0.002429075482217597	9.0	3.0	6.0	-1.0049481533652567	0.4957780458383595	0.8960721465681636	ENSMUSG00000032310;ENSMUSG00000038656;ENSMUSG00000075552			False	False	True	True
liver	R-MMU-9018678_BIOSYNTHESIS_OF_SPECIALIZED_PRORESOLVING_MEDIATORS_SPMS	-0.0006932061888336651	10	4	6	-0.00019890224235486576	9	4	5	-0.001408939462266126	10.0	3.0	7.0	-0.002410107010418019	9.0	3.0	6.0	-0.9413659520560103	0.568019093078759	0.8697898302519406	ENSMUSG00000032310;ENSMUSG00000038656;ENSMUSG00000075552			False	False	True	True
liver	R-MMU-9020702_INTERLEUKIN_1_SIGNALING	-0.0011912630378943904	10	5	5	-0.0011820138412583173	9	4	5	-0.005889394705315838	10.0	4.0	6.0	-0.006943302277520979	9.0	4.0	5.0	-1.3449647029861604	0.09375	0.43217803908970365	ENSMUSG00000027398;ENSMUSG00000046688;ENSMUSG00000028028;ENSMUSG00000026981;ENSMUSG00000008348;ENSMUSG00000025225;ENSMUSG00000074151;ENSMUSG00000026072			False	False	True	True
liver	R-MMU-9033241_PEROXISOMAL_PROTEIN_IMPORT	0.12637981747934743	10	6	4	0.14570529508287283	9	5	4	0.01650589592256496	10.0	8.0	2.0	0.019478130751418476	9.0	7.0	2.0	2.0236235342455866	0.0	0.008522874016425904	ENSMUSG00000021228;ENSMUSG00000021226;ENSMUSG00000022853;ENSMUSG00000072949;ENSMUSG00000026853;ENSMUSG00000052392;ENSMUSG00000021884;ENSMUSG00000003623			False	False	True	True
liver	R-MMU-9035034_RHOF_GTPASE_CYCLE	9.160560026244614e-05	10	6	4	6.948907486832643e-05	9	6	3	0.004813718403929921	10.0	8.0	2.0	0.006372254199369967	9.0	8.0	1.0	-0.5590322896991025	0.9558080808080808	1.0	ENSMUSG00000045763;ENSMUSG00000015143;ENSMUSG00000022021;ENSMUSG00000007655			False	False	True	False
liver	R-MMU-913531_INTERFERON_SIGNALING	-0.04039787598617463	10	4	6	-0.044985720489929486	9	4	5	-0.0024994333023340173	10.0	5.0	5.0	-0.0036486175205552723	9.0	5.0	4.0	-1.0771363002072927	0.3747016706443914	0.7952497547699054	ENSMUSG00000090877;ENSMUSG00000091971;ENSMUSG00000028270;ENSMUSG00000032596;ENSMUSG00000028037;ENSMUSG00000105504;ENSMUSG00000019942;ENSMUSG00000072235;ENSMUSG00000023004;ENSMUSG00000008348;ENSMUSG00000093661;ENSMUSG00000040033;ENSMUSG00000021948;ENSMUSG00000041827;ENSMUSG00000025889;ENSMUSG00000023341;ENSMUSG00000027078;ENSMUSG00000035692;ENSMUSG00000040296;ENSMUSG00000020009;ENSMUSG00000053113			False	False	True	True
liver	R-MMU-913709_O_LINKED_GLYCOSYLATION_OF_MUCINS	-0.06986455282520224	10	4	6	-0.07819833682429879	9	4	5	0.0013469481485593987	10.0	6.0	4.0	0.0022139108020847054	9.0	5.0	4.0	-0.9547895583956747	0.5510718789407314	0.8602823321411376	ENSMUSG00000109564;ENSMUSG00000017929;ENSMUSG00000022885;ENSMUSG00000038843;ENSMUSG00000056124			False	False	False	True
liver	R-MMU-936837_ION_TRANSPORT_BY_P_TYPE_ATPASES	-0.026458697549651335	10	3	7	-0.030993720041940634	9	3	6	0.0036065770117394884	10.0	7.0	3.0	0.003943983563182181	9.0	7.0	2.0	-0.8092530101241885	0.7271589486858573	0.9323765402320702	ENSMUSG00000031441;ENSMUSG00000020788;ENSMUSG00000005553;ENSMUSG00000037685;ENSMUSG00000025324;ENSMUSG00000039529;ENSMUSG00000007097;ENSMUSG00000036622			False	False	False	True
liver	R-MMU-937061_TRIF_TICAM1_MEDIATED_TLR4_SIGNALING	-0.0011053076898713261	10	5	5	-0.001302544023745918	9	5	4	-0.00189611751905825	10.0	6.0	4.0	-0.00315331943299248	9.0	5.0	4.0	-1.0933788942038252	0.35049019607843135	0.759608509912696	ENSMUSG00000046688;ENSMUSG00000028028;ENSMUSG00000025498;ENSMUSG00000051439;ENSMUSG00000021250;ENSMUSG00000008348;ENSMUSG00000019960;ENSMUSG00000025225;ENSMUSG00000074151			False	False	True	True
liver	R-MMU-948021_TRANSPORT_TO_THE_GOLGI_AND_SUBSEQUENT_MODIFICATION	0.0006465868570581213	10	6	4	0.0008455768761756904	9	6	3	0.0014076708949131809	10.0	8.0	2.0	0.00102471930010951	9.0	7.0	2.0	0.6580741028402443	0.9316770186335404	0.9724418464505243	ENSMUSG00000030137;ENSMUSG00000058672			False	False	True	True
liver	R-MMU-9609507_PROTEIN_LOCALIZATION	-0.037359190941129675	10	5	5	-0.055115570834059414	9	4	5	0.014762412707827643	10.0	8.0	2.0	0.017600597020816983	9.0	7.0	2.0	2.077514607848327	0.0	0.006508376521634326	ENSMUSG00000021228;ENSMUSG00000021226;ENSMUSG00000022853;ENSMUSG00000072949;ENSMUSG00000026853;ENSMUSG00000052392;ENSMUSG00000055782;ENSMUSG00000021884;ENSMUSG00000003623			False	False	False	False
liver	R-MMU-9612973_AUTOPHAGY	0.00023127874133279424	10	8	2	0.0003874280706078666	9	7	2	0.00023210307443430957	10.0	5.0	5.0	-0.0005343962166043921	9.0	5.0	4.0	-0.5815072317304433	0.9586877278250304	1.0	ENSMUSG00000047767;ENSMUSG00000026728;ENSMUSG00000072235;ENSMUSG00000023004;ENSMUSG00000008348			False	False	True	False
liver	R-MMU-9646399_AGGREPHAGY	-0.0016254070520382705	10	4	6	-0.0017414832300689774	9	3	6	0.004214820221488875	10.0	7.0	3.0	0.003356398991045635	9.0	7.0	2.0	0.900477737219046	0.5660377358490566	0.9108369634463404	ENSMUSG00000030137;ENSMUSG00000058672;ENSMUSG00000036752			False	False	False	False
liver	R-MMU-9648025_EML4_AND_NUDC_IN_MITOTIC_SPINDLE_FORMATION	0.0008724697550784608	10	8	2	0.0009816882720474962	9	7	2	0.0026209973742258004	10.0	6.0	4.0	0.0018439956664652128	9.0	6.0	3.0	-1.1273782965296255	0.30969267139479906	0.7403977239699351	ENSMUSG00000026605;ENSMUSG00000029414;ENSMUSG00000027379;ENSMUSG00000045328;ENSMUSG00000029177;ENSMUSG00000026683;ENSMUSG00000006398;ENSMUSG00000072235;ENSMUSG00000024056;ENSMUSG00000020897;ENSMUSG00000023004;ENSMUSG00000024660;ENSMUSG00000050621;ENSMUSG00000040084;ENSMUSG00000029910			False	False	True	False
liver	R-MMU-9663891_SELECTIVE_AUTOPHAGY	0.001548314228077053	10	9	1	0.0016930897431808526	9	8	1	0.0023942607958250183	10.0	7.0	3.0	0.0018256807562987921	9.0	7.0	2.0	0.7677825270422638	0.7604166666666666	1.0	ENSMUSG00000030137;ENSMUSG00000058672;ENSMUSG00000036752			False	False	True	True
liver	R-MMU-9670095_INHIBITION_OF_DNA_RECOMBINATION_AT_TELOMERE	-0.00035021135162462494	10	5	5	-0.00027184908213318107	9	5	4	0.002341807662149249	10.0	7.0	3.0	0.002079673512009197	9.0	6.0	3.0	-0.8846880299686755	0.6586826347305389	0.8654276200250317	ENSMUSG00000075031;ENSMUSG00000062727;ENSMUSG00000061615;ENSMUSG00000069300;ENSMUSG00000071478;ENSMUSG00000058385;ENSMUSG00000094248;ENSMUSG00000018102;ENSMUSG00000069305;ENSMUSG00000094338;ENSMUSG00000095217;ENSMUSG00000069307;ENSMUSG00000094777;ENSMUSG00000064288			False	False	False	True
liver	R-MMU-9675108_NERVOUS_SYSTEM_DEVELOPMENT	0.005279734392141508	10	5	5	0.014295622605024962	9	5	4	-0.002845525404326552	10.0	4.0	6.0	-0.0025860256689169917	9.0	4.0	5.0	-1.3000971592277264	0.07221006564551423	0.46464849951045933	ENSMUSG00000026043;ENSMUSG00000026395;ENSMUSG00000030579;ENSMUSG00000028459;ENSMUSG00000020122;ENSMUSG00000026042;ENSMUSG00000022102;ENSMUSG00000027954;ENSMUSG00000053646;ENSMUSG00000040710;ENSMUSG00000034311;ENSMUSG00000039936;ENSMUSG00000021262;ENSMUSG00000048126;ENSMUSG00000072235;ENSMUSG00000020176;ENSMUSG00000020241;ENSMUSG00000023004;ENSMUSG00000021270;ENSMUSG00000008348;ENSMUSG00000031740;ENSMUSG00000045382;ENSMUSG00000026837;ENSMUSG00000022103;ENSMUSG00000053158;ENSMUSG00000028064;ENSMUSG00000052397;ENSMUSG00000027200;ENSMUSG00000042453;ENSMUSG00000030774;ENSMUSG00000026259;ENSMUSG00000039115;ENSMUSG00000025810;ENSMUSG00000019312;ENSMUSG00000031207;ENSMUSG00000054855			False	False	False	False
liver	R-MMU-9696273_RND1_GTPASE_CYCLE	-0.006873532252951722	10	2	8	-0.007312075003808791	9	1	8	0.002747465534113591	10.0	6.0	4.0	0.003178958235199738	9.0	5.0	4.0	-0.5449452396453454	0.9758883248730964	0.9990941299707159	ENSMUSG00000022014;ENSMUSG00000007655;ENSMUSG00000019312;ENSMUSG00000054855			False	False	False	True
liver	R-MMU-9709957_SENSORY_PERCEPTION	0.03891539939080688	10	8	2	0.042732449455393895	9	8	1	-0.0017325594798340504	10.0	4.0	6.0	-0.0019814005333361594	9.0	3.0	6.0	0.7900508507485917	0.8208955223880597	1.0	ENSMUSG00000032080			False	False	False	True
liver	R-MMU-9711123_CELLULAR_RESPONSE_TO_CHEMICAL_STRESS	-0.020629324150398677	10	1	9	-0.021070323661818637	9	1	8	-0.0021349436920035853	10.0	4.0	6.0	-0.002296145832037958	9.0	3.0	6.0	-1.3630731536707186	0.08202653799758745	0.4045188213577948	ENSMUSG00000015340;ENSMUSG00000015950;ENSMUSG00000060803;ENSMUSG00000026480;ENSMUSG00000054422;ENSMUSG00000071715;ENSMUSG00000073940;ENSMUSG00000064354;ENSMUSG00000006519			False	False	True	True
liver	R-MMU-9716542_SIGNALING_BY_RHO_GTPASES_MIRO_GTPASES_AND_RHOBTB3	-0.07683769403266227	10	3	7	-0.07749349045957185	9	2	7	-0.00018389470403403982	10.0	7.0	3.0	0.00016887475496368454	9.0	6.0	3.0	-1.3098196598530791	0.020703933747412008	0.4744680361014869	ENSMUSG00000024013;ENSMUSG00000015340;ENSMUSG00000026605;ENSMUSG00000056071;ENSMUSG00000033220;ENSMUSG00000015950;ENSMUSG00000056054;ENSMUSG00000020143;ENSMUSG00000023015;ENSMUSG00000022488;ENSMUSG00000026728;ENSMUSG00000038608;ENSMUSG00000029414;ENSMUSG00000048865;ENSMUSG00000026480;ENSMUSG00000022014;ENSMUSG00000036452;ENSMUSG00000027379;ENSMUSG00000045328;ENSMUSG00000038943;ENSMUSG00000031093;ENSMUSG00000028068;ENSMUSG00000023800;ENSMUSG00000055805;ENSMUSG00000029177;ENSMUSG00000047963;ENSMUSG00000026683;ENSMUSG00000071715;ENSMUSG00000021262;ENSMUSG00000006398;ENSMUSG00000006519;ENSMUSG00000072235;ENSMUSG00000024056;ENSMUSG00000026117;ENSMUSG00000020340;ENSMUSG00000034116;ENSMUSG00000002068;ENSMUSG00000020897;ENSMUSG00000023004;ENSMUSG00000045763;ENSMUSG00000021270;ENSMUSG00000024660;ENSMUSG00000033450;ENSMUSG00000030047;ENSMUSG00000030220;ENSMUSG00000028059;ENSMUSG00000030536;ENSMUSG00000050621;ENSMUSG00000001918;ENSMUSG00000015143;ENSMUSG00000040084;ENSMUSG00000001270;ENSMUSG00000052085;ENSMUSG00000029910;ENSMUSG00000017631;ENSMUSG00000030774;ENSMUSG00000026259;ENSMUSG00000021948;ENSMUSG00000022021;ENSMUSG00000007655;ENSMUSG00000019312;ENSMUSG00000037946;ENSMUSG00000054855;ENSMUSG00000017144;ENSMUSG00000034255;ENSMUSG00000035697;ENSMUSG00000029032;ENSMUSG00000028678;ENSMUSG00000052560;ENSMUSG00000026039;ENSMUSG00000036777			False	False	True	True
liver	R-MMU-9748784_DRUG_ADME	-0.0620317482482724	10	3	7	-0.06819506551395346	9	2	7	0.0011072570218325696	10.0	5.0	5.0	0.0007871211495829157	9.0	5.0	4.0	-0.9948829835112106	0.48511576626240355	0.8974820779163324	ENSMUSG00000061906;ENSMUSG00000057425;ENSMUSG00000067144;ENSMUSG00000038656;ENSMUSG00000035836;ENSMUSG00000089943;ENSMUSG00000060807;ENSMUSG00000075552;ENSMUSG00000068762;ENSMUSG00000060803			False	False	False	True
liver	R-MMU-9749641_ASPIRIN_ADME	0.05441347444480833	10	4	6	0.06629638324555424	9	4	5	-0.004511990219959244	10.0	2.0	8.0	-0.005412865087632279	9.0	2.0	7.0	-1.5881162094645271	0.002328288707799767	0.14776800550142966	ENSMUSG00000061906;ENSMUSG00000057425;ENSMUSG00000067144;ENSMUSG00000038656;ENSMUSG00000035836;ENSMUSG00000089943;ENSMUSG00000075552			False	False	False	False
liver	R-MMU-975138_TRAF6_MEDIATED_INDUCTION_OF_NFKB_AND_MAP_KINASES_UPON_TLR7_8_OR_9_ACTIVATION	-0.0010221946609907469	10	3	7	-0.001234717073323052	9	3	6	-0.00047637762675605303	10.0	7.0	3.0	-0.001530351846509283	9.0	6.0	3.0	-1.072071148158014	0.38224414303329224	0.7995082055314814	ENSMUSG00000046688;ENSMUSG00000028028;ENSMUSG00000051439;ENSMUSG00000021250;ENSMUSG00000008348;ENSMUSG00000019960;ENSMUSG00000025225;ENSMUSG00000074151			False	False	True	True
liver	R-MMU-975155_MYD88_DEPENDENT_CASCADE_INITIATED_ON_ENDOSOME	-0.0010456084165303046	10	2	8	-0.0013703358069648884	9	1	8	-0.0019309361154289898	10.0	5.0	5.0	-0.003122214785956414	9.0	4.0	5.0	-1.150098615812895	0.2702702702702703	0.7099845789342814	ENSMUSG00000046688;ENSMUSG00000028028;ENSMUSG00000025498;ENSMUSG00000051439;ENSMUSG00000021250;ENSMUSG00000008348;ENSMUSG00000019960;ENSMUSG00000025225;ENSMUSG00000074151			False	False	True	True
liver	R-MMU-9753281_PARACETAMOL_ADME	-0.00038007983178088263	10	5	5	-0.000576537825444367	9	5	4	0.00595385320064272	10.0	5.0	5.0	0.0059195093160183555	9.0	5.0	4.0	1.4125383068558557	0.09289617486338798	0.324695673134868	ENSMUSG00000029272			False	False	False	False
liver	R-MMU-9754706_ATORVASTATIN_ADME	0.00047270271478941925	10	7	3	0.0005689944110887727	9	6	3	-0.0035843507522726665	10.0	3.0	7.0	-0.004193328516276271	9.0	3.0	6.0	-0.9906612264589205	0.49261083743842365	0.9040255635293816	ENSMUSG00000038656;ENSMUSG00000089943;ENSMUSG00000075552			False	False	False	False
liver	R-MMU-975634_RETINOID_METABOLISM_AND_TRANSPORT	-0.042636540453782165	10	4	6	-0.04959766153727119	9	4	5	-0.00015351463239581808	10.0	5.0	5.0	-0.000528830517388023	9.0	4.0	5.0	0.9381991472887425	0.524390243902439	0.950524285886465	ENSMUSG00000032080			False	False	True	False
liver	R-MMU-9757110_PREDNISONE_ADME	-0.09560604956362143	10	3	7	-0.09994341779555818	9	2	7	-0.006868525140000664	10.0	1.0	9.0	-0.007986646251216305	9.0	1.0	8.0	-1.5803884514020359	0.008284023668639054	0.1429415577616242	ENSMUSG00000061906;ENSMUSG00000057425;ENSMUSG00000038656;ENSMUSG00000035836;ENSMUSG00000089943;ENSMUSG00000060807;ENSMUSG00000075552			False	False	True	True
liver	R-MMU-975871_MYD88_CASCADE_INITIATED_ON_PLASMA_MEMBRANE	0.0007593014019286805	10	7	3	0.0009222443281747244	9	6	3	-2.4931388630543282e-06	10.0	6.0	4.0	-0.0008303061862109468	9.0	6.0	3.0	-0.9754278305967009	0.5181932245922208	0.8688973215313941	ENSMUSG00000046688;ENSMUSG00000028028;ENSMUSG00000021250;ENSMUSG00000008348;ENSMUSG00000019960;ENSMUSG00000025225;ENSMUSG00000074151			False	False	False	False
liver	R-MMU-9759476_REGULATION_OF_HOMOTYPIC_CELL_CELL_ADHESION	-0.004269055876934456	10	2	8	-0.0045481292920964865	9	1	8	-0.0009490821337400215	10.0	6.0	4.0	-0.0004878942627055482	9.0	6.0	3.0	-0.9469323805772665	0.5766174801362088	0.8654531734871691	ENSMUSG00000038642;ENSMUSG00000002289;ENSMUSG00000081058;ENSMUSG00000008348;ENSMUSG00000011256;ENSMUSG00000075031;ENSMUSG00000069310;ENSMUSG00000062727;ENSMUSG00000061615;ENSMUSG00000069300;ENSMUSG00000069267;ENSMUSG00000071478;ENSMUSG00000019843;ENSMUSG00000058385;ENSMUSG00000027646;ENSMUSG00000094248;ENSMUSG00000018102;ENSMUSG00000026872;ENSMUSG00000069305;ENSMUSG00000094338;ENSMUSG00000093769;ENSMUSG00000069265;ENSMUSG00000095217;ENSMUSG00000069307;ENSMUSG00000094777;ENSMUSG00000064288;ENSMUSG00000101645			False	False	True	True
liver	R-MMU-9764265_REGULATION_OF_CDH1_EXPRESSION_AND_FUNCTION	0.0010481591132538402	10	7	3	0.0012901281161550606	9	6	3	0.00011212019902846204	10.0	6.0	4.0	0.00033236794272811326	9.0	6.0	3.0	-0.8968481682973706	0.6506849315068494	0.8757489166147996	ENSMUSG00000038642;ENSMUSG00000081058;ENSMUSG00000008348;ENSMUSG00000075031;ENSMUSG00000069310;ENSMUSG00000062727;ENSMUSG00000061615;ENSMUSG00000069300;ENSMUSG00000069267;ENSMUSG00000071478;ENSMUSG00000019843;ENSMUSG00000058385;ENSMUSG00000027646;ENSMUSG00000094248;ENSMUSG00000018102;ENSMUSG00000069305;ENSMUSG00000094338;ENSMUSG00000093769;ENSMUSG00000069265;ENSMUSG00000095217;ENSMUSG00000069307;ENSMUSG00000094777;ENSMUSG00000064288;ENSMUSG00000101645			False	False	True	False
liver	R-MMU-9764274_REGULATION_OF_EXPRESSION_AND_FUNCTION_OF_TYPE_I_CLASSICAL_CADHERINS	0.06913054031020424	10	5	5	0.06162267150869254	9	5	4	0.00011212019902846204	10.0	6.0	4.0	0.00033236794272811326	9.0	6.0	3.0	-0.8968481682973706	0.6506849315068494	0.8757489166147996	ENSMUSG00000038642;ENSMUSG00000081058;ENSMUSG00000008348;ENSMUSG00000075031;ENSMUSG00000069310;ENSMUSG00000062727;ENSMUSG00000061615;ENSMUSG00000069300;ENSMUSG00000069267;ENSMUSG00000071478;ENSMUSG00000019843;ENSMUSG00000058385;ENSMUSG00000027646;ENSMUSG00000094248;ENSMUSG00000018102;ENSMUSG00000069305;ENSMUSG00000094338;ENSMUSG00000093769;ENSMUSG00000069265;ENSMUSG00000095217;ENSMUSG00000069307;ENSMUSG00000094777;ENSMUSG00000064288;ENSMUSG00000101645			False	False	True	False
liver	R-MMU-9764560_REGULATION_OF_CDH1_GENE_TRANSCRIPTION	0.0007845758206560434	10	8	2	0.0008198821350940163	9	8	1	0.00209914690690875	10.0	7.0	3.0	0.001634589503814596	9.0	6.0	3.0	-0.9862450217856626	0.5191846522781774	0.9000572710748943	ENSMUSG00000081058;ENSMUSG00000075031;ENSMUSG00000069310;ENSMUSG00000062727;ENSMUSG00000061615;ENSMUSG00000069300;ENSMUSG00000069267;ENSMUSG00000071478;ENSMUSG00000058385;ENSMUSG00000094248;ENSMUSG00000018102;ENSMUSG00000069305;ENSMUSG00000094338;ENSMUSG00000093769;ENSMUSG00000069265;ENSMUSG00000095217;ENSMUSG00000069307;ENSMUSG00000094777;ENSMUSG00000064288			False	False	True	False
liver	R-MMU-9764725_NEGATIVE_REGULATION_OF_CDH1_GENE_TRANSCRIPTION	0.0004646226907210728	10	7	3	0.00047578064963717086	9	7	2	0.00209914690690875	10.0	7.0	3.0	0.001634589503814596	9.0	6.0	3.0	-0.9862450217856626	0.5191846522781774	0.9000572710748943	ENSMUSG00000081058;ENSMUSG00000075031;ENSMUSG00000069310;ENSMUSG00000062727;ENSMUSG00000061615;ENSMUSG00000069300;ENSMUSG00000069267;ENSMUSG00000071478;ENSMUSG00000058385;ENSMUSG00000094248;ENSMUSG00000018102;ENSMUSG00000069305;ENSMUSG00000094338;ENSMUSG00000093769;ENSMUSG00000069265;ENSMUSG00000095217;ENSMUSG00000069307;ENSMUSG00000094777;ENSMUSG00000064288			False	False	True	False
liver	R-MMU-9769739_REGULATION_OF_CLOTTING_CASCADE	0.030130941965413556	10	8	2	0.021942638427179077	9	7	2	-0.003876856626840021	10.0	2.0	8.0	-0.004398792798085027	9.0	2.0	7.0	-1.0523926552162177	0.407496977025393	0.8230420520908839	ENSMUSG00000031645;ENSMUSG00000025743;ENSMUSG00000061947;ENSMUSG00000027611;ENSMUSG00000057729;ENSMUSG00000026249;ENSMUSG00000031196;ENSMUSG00000064210;ENSMUSG00000041550;ENSMUSG00000037411;ENSMUSG00000041936;ENSMUSG00000055653;ENSMUSG00000029373;ENSMUSG00000028128;ENSMUSG00000048376;ENSMUSG00000022912;ENSMUSG00000017009			False	False	False	False
liver	R-MMU-9769740_COAGULATION_PATHWAY	0.022818774040930283	10	5	5	0.03573050747934052	9	5	4	-0.0026175360213259585	10.0	2.0	8.0	-0.0028897693063358477	9.0	1.0	8.0	-0.9615549171765139	0.5372596153846154	0.8755632150208127	ENSMUSG00000031645;ENSMUSG00000025743;ENSMUSG00000061947;ENSMUSG00000027611;ENSMUSG00000057729;ENSMUSG00000026249;ENSMUSG00000031196;ENSMUSG00000064210;ENSMUSG00000041550;ENSMUSG00000037411;ENSMUSG00000041936;ENSMUSG00000055653;ENSMUSG00000029373;ENSMUSG00000028128;ENSMUSG00000048376;ENSMUSG00000022912;ENSMUSG00000033831;ENSMUSG00000017009;ENSMUSG00000033860			False	False	False	False
liver	R-MMU-977606_REGULATION_OF_COMPLEMENT_CASCADE	-0.033930796479587425	10	4	6	-0.035403925030229405	9	3	6	-0.014013674411801662	10.0	1.0	9.0	-0.014522687759774179	9.0	0.0	9.0	-1.5902744143808707	0.007462686567164179	0.15431735784722253	ENSMUSG00000022181;ENSMUSG00000022149;ENSMUSG00000036887;ENSMUSG00000036896;ENSMUSG00000001128;ENSMUSG00000036905;ENSMUSG00000024371;ENSMUSG00000105906;ENSMUSG00000076614;ENSMUSG00000040552;ENSMUSG00000029656;ENSMUSG00000021999;ENSMUSG00000035031;ENSMUSG00000076612;ENSMUSG00000073418;ENSMUSG00000026874;ENSMUSG00000022037			False	False	True	True
liver	R-MMU-9818564_EPIGENETIC_REGULATION_OF_GENE_EXPRESSION_BY_MLL3_AND_MLL4_COMPLEXES	0.0046490491690317545	10	7	3	0.004848363599453271	9	7	2	0.0017347948916707017	10.0	6.0	4.0	0.0016673303728098703	9.0	6.0	3.0	-0.9606943472753141	0.5630952380952381	0.8731324620716929	ENSMUSG00000081058;ENSMUSG00000075031;ENSMUSG00000069310;ENSMUSG00000062727;ENSMUSG00000061615;ENSMUSG00000069300;ENSMUSG00000069267;ENSMUSG00000071478;ENSMUSG00000058385;ENSMUSG00000094248;ENSMUSG00000018102;ENSMUSG00000069305;ENSMUSG00000094338;ENSMUSG00000093769;ENSMUSG00000030680;ENSMUSG00000069265;ENSMUSG00000095217;ENSMUSG00000069307;ENSMUSG00000094777;ENSMUSG00000064288			False	False	True	False
liver	R-MMU-983168_ANTIGEN_PROCESSING_UBIQUITINATION_PROTEASOME_DEGRADATION	-0.00338819151764504	10	2	8	-0.003958436350293431	9	2	7	0.002057582079587243	10.0	7.0	3.0	0.0025544187187984957	9.0	6.0	3.0	-0.9000221681150551	0.6553808948004837	0.8892493542578227	ENSMUSG00000032596;ENSMUSG00000006398;ENSMUSG00000001403;ENSMUSG00000070327;ENSMUSG00000008348;ENSMUSG00000036782;ENSMUSG00000029798;ENSMUSG00000027078			False	False	False	True
liver	R-MMU-983169_CLASS_I_MHC_MEDIATED_ANTIGEN_PROCESSING_PRESENTATION	-0.10468793796515481	10	2	8	-0.11335425473376991	9	1	8	-0.004494288562014409	10.0	2.0	8.0	-0.0045928853071728415	9.0	1.0	8.0	-1.307321706424943	0.09331797235023041	0.468542370127901	ENSMUSG00000015340;ENSMUSG00000034783;ENSMUSG00000015947;ENSMUSG00000032596;ENSMUSG00000015950;ENSMUSG00000024338;ENSMUSG00000060550;ENSMUSG00000026480;ENSMUSG00000071715;ENSMUSG00000006398;ENSMUSG00000006519;ENSMUSG00000001403;ENSMUSG00000070327;ENSMUSG00000037321;ENSMUSG00000008348;ENSMUSG00000031897;ENSMUSG00000026712			False	False	True	True
liver	R-MMU-983189_KINESINS	-0.04436804140089338	10	4	6	-0.0620799279586646	9	3	6	0.003295676078719051	10.0	6.0	4.0	0.0025345947343432453	9.0	6.0	3.0	-0.9553200827538	0.5769230769230769	0.8635149082590202	ENSMUSG00000023015;ENSMUSG00000032254;ENSMUSG00000045328;ENSMUSG00000034311;ENSMUSG00000024795;ENSMUSG00000072235;ENSMUSG00000012443;ENSMUSG00000023004;ENSMUSG00000051378;ENSMUSG00000030677;ENSMUSG00000028678;ENSMUSG00000014602;ENSMUSG00000041642			False	False	False	True
liver	R-MMU-983231_FACTORS_INVOLVED_IN_MEGAKARYOCYTE_DEVELOPMENT_AND_PLATELET_PRODUCTION	-0.008182384882721615	10	5	5	-0.0018971664093732138	9	5	4	0.0008386617058802629	10.0	6.0	4.0	0.0007873011866261584	9.0	6.0	3.0	-0.9721997648395956	0.5405405405405406	0.8628158259832279	ENSMUSG00000020143;ENSMUSG00000023015;ENSMUSG00000038608;ENSMUSG00000032254;ENSMUSG00000045328;ENSMUSG00000034311;ENSMUSG00000031093;ENSMUSG00000024795;ENSMUSG00000072235;ENSMUSG00000012443;ENSMUSG00000023004;ENSMUSG00000081058;ENSMUSG00000051378;ENSMUSG00000069310;ENSMUSG00000052085;ENSMUSG00000030677;ENSMUSG00000069267;ENSMUSG00000028678;ENSMUSG00000014602;ENSMUSG00000041642			False	False	False	True
liver	R-MMU-9833482_PKR_MEDIATED_SIGNALING	0.010348034997000672	10	6	4	0.012351622640582757	9	6	3	0.0013660486020434007	10.0	7.0	3.0	-9.088119535622679e-05	9.0	7.0	2.0	-0.7687878256578677	0.8042131350681536	0.9574981195515213	ENSMUSG00000090877;ENSMUSG00000091971;ENSMUSG00000019942;ENSMUSG00000072235;ENSMUSG00000023004			False	False	True	False
liver	R-MMU-983712_ION_CHANNEL_TRANSPORT	-0.052900453513326375	10	2	8	-0.05054508803068008	9	1	8	0.0018512918510632148	10.0	6.0	4.0	0.002110371732788919	9.0	5.0	4.0	-0.8748256227078876	0.6830732292917167	0.8769405331544184	ENSMUSG00000009292;ENSMUSG00000031441;ENSMUSG00000020788;ENSMUSG00000036083;ENSMUSG00000031431;ENSMUSG00000008348;ENSMUSG00000064210;ENSMUSG00000005553;ENSMUSG00000037685;ENSMUSG00000025324;ENSMUSG00000001750;ENSMUSG00000039529;ENSMUSG00000007097;ENSMUSG00000012519;ENSMUSG00000036622;ENSMUSG00000026880			False	False	False	True
liver	R-MMU-9837999_MITOCHONDRIAL_PROTEIN_DEGRADATION	0.10012357824430533	10	6	4	0.11803452730848739	9	5	4	0.015434073895853518	10.0	7.0	3.0	0.018186939035644247	9.0	6.0	3.0	2.107295812960303	0.005128205128205128	0.007593105941906714	ENSMUSG00000021228;ENSMUSG00000021226;ENSMUSG00000072949;ENSMUSG00000015357;ENSMUSG00000032786;ENSMUSG00000027875;ENSMUSG00000030541			False	False	True	True
liver	R-MMU-9841922_MLL4_AND_MLL3_COMPLEXES_REGULATE_EXPRESSION_OF_PPARG_TARGET_GENES_IN_ADIPOGENESIS_AND_HEPATIC_STEATOSIS	0.0010259908064119852	10	6	4	0.0011746479433942692	9	6	3	0.0017255805054971457	10.0	6.0	4.0	0.0015429120500676302	9.0	6.0	3.0	-0.9657712720338814	0.5430622009569378	0.8692077787523836	ENSMUSG00000081058;ENSMUSG00000075031;ENSMUSG00000069310;ENSMUSG00000062727;ENSMUSG00000061615;ENSMUSG00000069300;ENSMUSG00000069267;ENSMUSG00000071478;ENSMUSG00000058385;ENSMUSG00000094248;ENSMUSG00000018102;ENSMUSG00000069305;ENSMUSG00000094338;ENSMUSG00000093769;ENSMUSG00000069265;ENSMUSG00000095217;ENSMUSG00000069307;ENSMUSG00000094777;ENSMUSG00000064288			False	False	True	False
liver	R-MMU-9842860_REGULATION_OF_ENDOGENOUS_RETROELEMENTS	0.001229479456765259	10	5	5	0.0014994039077815048	9	4	5	3.421687328468981e-05	10.0	5.0	5.0	-0.0006778453907755209	9.0	4.0	5.0	-1.0006179147444614	0.47846332945285214	0.886524558365596	ENSMUSG00000070605;ENSMUSG00000066000;ENSMUSG00000081058;ENSMUSG00000075031;ENSMUSG00000069310;ENSMUSG00000062727;ENSMUSG00000061615;ENSMUSG00000069300;ENSMUSG00000069267;ENSMUSG00000071478;ENSMUSG00000058385;ENSMUSG00000094248;ENSMUSG00000018102;ENSMUSG00000069305;ENSMUSG00000094338;ENSMUSG00000093769;ENSMUSG00000069265;ENSMUSG00000095217;ENSMUSG00000069307;ENSMUSG00000094777;ENSMUSG00000064288			False	False	True	False
liver	R-MMU-9843940_REGULATION_OF_ENDOGENOUS_RETROELEMENTS_BY_KRAB_ZFP_PROTEINS	-0.001104986037631687	10	4	6	-0.0014707805648288583	9	4	5	3.421687328468981e-05	10.0	5.0	5.0	-0.0006778453907755209	9.0	4.0	5.0	-1.0006179147444614	0.47846332945285214	0.886524558365596	ENSMUSG00000070605;ENSMUSG00000066000;ENSMUSG00000081058;ENSMUSG00000075031;ENSMUSG00000069310;ENSMUSG00000062727;ENSMUSG00000061615;ENSMUSG00000069300;ENSMUSG00000069267;ENSMUSG00000071478;ENSMUSG00000058385;ENSMUSG00000094248;ENSMUSG00000018102;ENSMUSG00000069305;ENSMUSG00000094338;ENSMUSG00000093769;ENSMUSG00000069265;ENSMUSG00000095217;ENSMUSG00000069307;ENSMUSG00000094777;ENSMUSG00000064288			False	False	False	True
liver	R-MMU-9851695_EPIGENETIC_REGULATION_OF_ADIPOGENESIS_GENES_BY_MLL3_AND_MLL4_COMPLEXES	0.0007757964467962401	10	6	4	0.000888744325673071	9	5	4	0.0017255805054971457	10.0	6.0	4.0	0.0015429120500676302	9.0	6.0	3.0	-0.9657712720338814	0.5430622009569378	0.8692077787523836	ENSMUSG00000081058;ENSMUSG00000075031;ENSMUSG00000069310;ENSMUSG00000062727;ENSMUSG00000061615;ENSMUSG00000069300;ENSMUSG00000069267;ENSMUSG00000071478;ENSMUSG00000058385;ENSMUSG00000094248;ENSMUSG00000018102;ENSMUSG00000069305;ENSMUSG00000094338;ENSMUSG00000093769;ENSMUSG00000069265;ENSMUSG00000095217;ENSMUSG00000069307;ENSMUSG00000094777;ENSMUSG00000064288			False	False	True	False
liver	R-MMU-9855142_CELLULAR_RESPONSES_TO_MECHANICAL_STIMULI	-0.00018380782212559915	10	4	6	-0.0002806137130972266	9	3	6	0.0037506486512594696	10.0	5.0	5.0	0.003385112209898846	9.0	5.0	4.0	-0.6905586501771861	0.8598726114649682	0.9610161499989912	ENSMUSG00000038811;ENSMUSG00000032231;ENSMUSG00000043004;ENSMUSG00000042349;ENSMUSG00000059588;ENSMUSG00000002997;ENSMUSG00000026193;ENSMUSG00000027087			False	False	False	True
liver	R-MMU-9860931_RESPONSE_OF_ENDOTHELIAL_CELLS_TO_SHEAR_STRESS	0.00026359035667727866	10	6	4	0.0003582958873662884	9	6	3	0.0037506486512594696	10.0	5.0	5.0	0.003385112209898846	9.0	5.0	4.0	-0.6905586501771861	0.8598726114649682	0.9610161499989912	ENSMUSG00000038811;ENSMUSG00000032231;ENSMUSG00000043004;ENSMUSG00000042349;ENSMUSG00000059588;ENSMUSG00000002997;ENSMUSG00000026193;ENSMUSG00000027087			False	False	True	False
liver	R-MMU-9909648_REGULATION_OF_PD_L1_CD274_EXPRESSION	0.00023734318006558814	10	4	6	-8.914506500648936e-05	9	3	6	-0.0003488764860643784	10.0	6.0	4.0	-0.0007056054419159433	9.0	5.0	4.0	-0.9827318509381329	0.5254437869822485	0.904511042622245	ENSMUSG00000070348;ENSMUSG00000016496;ENSMUSG00000081058;ENSMUSG00000008348;ENSMUSG00000075031;ENSMUSG00000069310;ENSMUSG00000062727;ENSMUSG00000061615;ENSMUSG00000069300;ENSMUSG00000069267;ENSMUSG00000071478;ENSMUSG00000058385;ENSMUSG00000094248;ENSMUSG00000018102;ENSMUSG00000069305;ENSMUSG00000094338;ENSMUSG00000093769;ENSMUSG00000069265;ENSMUSG00000095217;ENSMUSG00000028518;ENSMUSG00000069307;ENSMUSG00000094777;ENSMUSG00000064288			False	False	False	False
liver	R-MMU-9909649_REGULATION_OF_PD_L1_CD274_TRANSCRIPTION	-0.0008250503489336542	10	2	8	-0.0008266504333416264	9	2	7	0.00209914690690875	10.0	7.0	3.0	0.001634589503814596	9.0	6.0	3.0	-0.9862450217856626	0.5191846522781774	0.9000572710748943	ENSMUSG00000081058;ENSMUSG00000075031;ENSMUSG00000069310;ENSMUSG00000062727;ENSMUSG00000061615;ENSMUSG00000069300;ENSMUSG00000069267;ENSMUSG00000071478;ENSMUSG00000058385;ENSMUSG00000094248;ENSMUSG00000018102;ENSMUSG00000069305;ENSMUSG00000094338;ENSMUSG00000093769;ENSMUSG00000069265;ENSMUSG00000095217;ENSMUSG00000069307;ENSMUSG00000094777;ENSMUSG00000064288			False	False	False	True
liver	R-MMU-9917777_EPIGENETIC_REGULATION_BY_WDR5_CONTAINING_HISTONE_MODIFYING_COMPLEXES	0.00018333538851191946	10	6	4	0.00036464682419313805	9	6	3	0.0008793687850957244	10.0	7.0	3.0	0.0010512548774736677	9.0	6.0	3.0	-0.9566580188162169	0.5749704840613932	0.8648745354179425	ENSMUSG00000081058;ENSMUSG00000075031;ENSMUSG00000069310;ENSMUSG00000062727;ENSMUSG00000061615;ENSMUSG00000069300;ENSMUSG00000069267;ENSMUSG00000071478;ENSMUSG00000058385;ENSMUSG00000094248;ENSMUSG00000018102;ENSMUSG00000034160;ENSMUSG00000069305;ENSMUSG00000094338;ENSMUSG00000093769;ENSMUSG00000030680;ENSMUSG00000069265;ENSMUSG00000095217;ENSMUSG00000069307;ENSMUSG00000094777;ENSMUSG00000064288			False	False	True	False
liver	R-MMU-9932444_ATP_DEPENDENT_CHROMATIN_REMODELERS	-0.001170226038327991	10	6	4	-0.001147577220893535	9	5	4	0.002677390974627404	10.0	6.0	4.0	0.002887904122590521	9.0	6.0	3.0	-0.7692611409592739	0.8186046511627907	0.9606465244051908	ENSMUSG00000081058;ENSMUSG00000075031;ENSMUSG00000069310;ENSMUSG00000062727;ENSMUSG00000061615;ENSMUSG00000069300;ENSMUSG00000069267;ENSMUSG00000071478;ENSMUSG00000058385;ENSMUSG00000018474;ENSMUSG00000094248;ENSMUSG00000018102;ENSMUSG00000069305;ENSMUSG00000094338;ENSMUSG00000093769;ENSMUSG00000069265;ENSMUSG00000095217;ENSMUSG00000069307;ENSMUSG00000094777;ENSMUSG00000064288			False	False	False	True
liver	R-MMU-9937848_CHD_CHROMATIN_REMODELERS	0.02165032834387827	10	6	4	0.027389608874150446	9	6	3	0.0026368039293505536	10.0	6.0	4.0	0.0026441541032361147	9.0	6.0	3.0	-0.8439028955036362	0.7263157894736842	0.9060382467812358	ENSMUSG00000081058;ENSMUSG00000075031;ENSMUSG00000069310;ENSMUSG00000062727;ENSMUSG00000061615;ENSMUSG00000069300;ENSMUSG00000069267;ENSMUSG00000071478;ENSMUSG00000058385;ENSMUSG00000018474;ENSMUSG00000094248;ENSMUSG00000018102;ENSMUSG00000069305;ENSMUSG00000094338;ENSMUSG00000093769;ENSMUSG00000069265;ENSMUSG00000095217;ENSMUSG00000069307;ENSMUSG00000094777;ENSMUSG00000064288			False	False	True	False
liver	R-MMU-9937850_NURD_COMPLEX_ASSEMBLY	0.00043755305296697795	10	5	5	0.0003643335043336792	9	4	5	0.0014109764980249754	10.0	7.0	3.0	0.0012746304262936335	9.0	6.0	3.0	-1.0042749120047536	0.46926713947990545	0.8869544783826715	ENSMUSG00000081058;ENSMUSG00000075031;ENSMUSG00000069310;ENSMUSG00000062727;ENSMUSG00000061615;ENSMUSG00000069300;ENSMUSG00000069267;ENSMUSG00000071478;ENSMUSG00000058385;ENSMUSG00000018474;ENSMUSG00000094248;ENSMUSG00000018102;ENSMUSG00000069305;ENSMUSG00000094338;ENSMUSG00000093769;ENSMUSG00000069265;ENSMUSG00000095217;ENSMUSG00000069307;ENSMUSG00000094777;ENSMUSG00000064288			False	False	True	False
liver	R-MMU-9940951_INTERACTION_OF_NURD_COMPLEXES_WITH_TRANSCRIPTION_FACTORS	-0.0007317977927965332	10	6	4	-0.0007939102190860952	9	5	4	0.0014109764980249754	10.0	7.0	3.0	0.0012746304262936335	9.0	6.0	3.0	-1.0042749120047536	0.46926713947990545	0.8869544783826715	ENSMUSG00000081058;ENSMUSG00000075031;ENSMUSG00000069310;ENSMUSG00000062727;ENSMUSG00000061615;ENSMUSG00000069300;ENSMUSG00000069267;ENSMUSG00000071478;ENSMUSG00000058385;ENSMUSG00000018474;ENSMUSG00000094248;ENSMUSG00000018102;ENSMUSG00000069305;ENSMUSG00000094338;ENSMUSG00000093769;ENSMUSG00000069265;ENSMUSG00000095217;ENSMUSG00000069307;ENSMUSG00000094777;ENSMUSG00000064288			False	False	False	True
liver	R-MMU-9943965_CHD3_CHD4_CHD5_SUBFAMILY	-2.7069463586493603e-05	10	4	6	3.5797686888022965e-05	9	4	5	0.002576819404168193	10.0	7.0	3.0	0.002576781221014466	9.0	6.0	3.0	-0.8495563715028447	0.7067137809187279	0.9073452174176342	ENSMUSG00000081058;ENSMUSG00000075031;ENSMUSG00000069310;ENSMUSG00000062727;ENSMUSG00000061615;ENSMUSG00000069300;ENSMUSG00000069267;ENSMUSG00000071478;ENSMUSG00000058385;ENSMUSG00000018474;ENSMUSG00000094248;ENSMUSG00000018102;ENSMUSG00000069305;ENSMUSG00000094338;ENSMUSG00000093769;ENSMUSG00000069265;ENSMUSG00000095217;ENSMUSG00000069307;ENSMUSG00000094777;ENSMUSG00000064288			False	False	False	True
liver	R-MMU-9955298_SLC_MEDIATED_TRANSPORT_OF_ORGANIC_ANIONS	0.0003351325974451119	10	3	7	-0.0017838126430504081	9	3	6	0.004491447623986296	10.0	5.0	5.0	0.004559624754324448	9.0	5.0	4.0	0.7408273692313685	0.7908163265306123	1.0	ENSMUSG00000030237;ENSMUSG00000020102;ENSMUSG00000032902;ENSMUSG00000025792			False	False	True	True
liver	R-MMU-9958863_SLC_MEDIATED_TRANSPORT_OF_AMINO_ACIDS	0.04914586489899615	10	7	3	0.04330859287983699	9	6	3	-0.001969542554721168	10.0	3.0	7.0	-0.0022000034064574205	9.0	3.0	6.0	-1.1371597677217045	0.3009950248756219	0.7247892270250054	ENSMUSG00000010064;ENSMUSG00000020142;ENSMUSG00000001918;ENSMUSG00000027075;ENSMUSG00000023169;ENSMUSG00000024131;ENSMUSG00000038178;ENSMUSG00000040010;ENSMUSG00000005089;ENSMUSG00000019838;ENSMUSG00000022180			False	False	False	False
liver	R-MMU-9975921_ASSEMBLY_OF_THE_9_0_PRIMARY_CILIUM	0.03769865094898499	10	7	3	0.03970707830310502	9	7	2	0.005721125409268996	10.0	7.0	3.0	0.004998131411544067	9.0	7.0	2.0	1.014357813528909	0.45226130653266333	0.8099641710585425	ENSMUSG00000030137;ENSMUSG00000058672;ENSMUSG00000036752;ENSMUSG00000079707;ENSMUSG00000116780;ENSMUSG00000020776;ENSMUSG00000026202;ENSMUSG00000043091			False	False	True	True
soleus	R-MMU-109581_APOPTOSIS	0.26371895361111125	3	3	0	0.26371895361111125	3	3	0	0.004909775471645364	3.0	2.0	1.0	0.004909775471645364	3.0	2.0	1.0	1.1192284415441816	0.2900552486187845	0.40787722184008696	ENSMUSG00000054889;ENSMUSG00000058773;ENSMUSG00000021948;ENSMUSG00000026413;ENSMUSG00000042489;ENSMUSG00000069441			False	False	True	True
soleus	R-MMU-109582_HEMOSTASIS	0.2295372588888882	3	3	0	0.2295372588888882	3	3	0	0.007640463620715229	3.0	1.0	2.0	0.007640463620715229	3.0	1.0	2.0	0.9992769075157739	0.46153846153846156	0.5705000840718844	ENSMUSG00000025161;ENSMUSG00000041329;ENSMUSG00000101355;ENSMUSG00000099517;ENSMUSG00000021922;ENSMUSG00000029368;ENSMUSG00000020609;ENSMUSG00000028874;ENSMUSG00000021948;ENSMUSG00000069310;ENSMUSG00000001473;ENSMUSG00000043091;ENSMUSG00000069267;ENSMUSG00000054640;ENSMUSG00000000555;ENSMUSG00000030730;ENSMUSG00000046223;ENSMUSG00000031444;ENSMUSG00000039239;ENSMUSG00000036768;ENSMUSG00000026579;ENSMUSG00000028613;ENSMUSG00000038147;ENSMUSG00000024965;ENSMUSG00000043004;ENSMUSG00000021091;ENSMUSG00000021823;ENSMUSG00000029361;ENSMUSG00000024789;ENSMUSG00000021822;ENSMUSG00000030786;ENSMUSG00000023015;ENSMUSG00000022180;ENSMUSG00000002699;ENSMUSG00000034311;ENSMUSG00000039109;ENSMUSG00000033220;ENSMUSG00000045328;ENSMUSG00000034116;ENSMUSG00000058715;ENSMUSG00000022102;ENSMUSG00000052889;ENSMUSG00000020143;ENSMUSG00000028978;ENSMUSG00000032083;ENSMUSG00000030677;ENSMUSG00000022868;ENSMUSG00000051457;ENSMUSG00000074403;ENSMUSG00000028678;ENSMUSG00000000489;ENSMUSG00000079553;ENSMUSG00000004266			True	False	True	True
soleus	R-MMU-110330_RECOGNITION_AND_ASSOCIATION_OF_DNA_GLYCOSYLASE_WITH_SITE_CONTAINING_AN_AFFECTED_PURINE	-1.8769955185185653e-05	3	1	2	-1.8769955185185653e-05	3	1	2	0.018802453859495194	3.0	3.0	0.0	0.018802453859495194	3.0	3.0	0.0	2.0925903461211757	0.0	0.0011453738072565443	ENSMUSG00000094777;ENSMUSG00000062727;ENSMUSG00000069301;ENSMUSG00000069274;ENSMUSG00000063021;ENSMUSG00000061615;ENSMUSG00000071516;ENSMUSG00000075031;ENSMUSG00000094338;ENSMUSG00000069302;ENSMUSG00000071478;ENSMUSG00000069305;ENSMUSG00000069272;ENSMUSG00000095217;ENSMUSG00000069309;ENSMUSG00000058385;ENSMUSG00000069308;ENSMUSG00000069306			False	False	False	False
soleus	R-MMU-110331_CLEAVAGE_OF_THE_DAMAGED_PURINE	5.2578113518518835e-05	3	2	1	5.2578113518518835e-05	3	2	1	0.018802453859495194	3.0	3.0	0.0	0.018802453859495194	3.0	3.0	0.0	2.0925903461211757	0.0	0.0011453738072565443	ENSMUSG00000094777;ENSMUSG00000062727;ENSMUSG00000069301;ENSMUSG00000069274;ENSMUSG00000063021;ENSMUSG00000061615;ENSMUSG00000071516;ENSMUSG00000075031;ENSMUSG00000094338;ENSMUSG00000069302;ENSMUSG00000071478;ENSMUSG00000069305;ENSMUSG00000069272;ENSMUSG00000095217;ENSMUSG00000069309;ENSMUSG00000058385;ENSMUSG00000069308;ENSMUSG00000069306			False	False	True	True
soleus	R-MMU-111885_OPIOID_SIGNALLING	-0.0006627930861481482	3	0	3	-0.0006627930861481482	3	0	3	-0.006574957748604018	3.0	1.0	2.0	-0.006574957748604018	3.0	1.0	2.0	-0.8822727134320324	0.6127450980392157	1.0	ENSMUSG00000032177;ENSMUSG00000031659;ENSMUSG00000031842;ENSMUSG00000032766;ENSMUSG00000021536			False	False	True	True
soleus	R-MMU-112314_NEUROTRANSMITTER_RECEPTORS_AND_POSTSYNAPTIC_SIGNAL_TRANSMISSION	-0.008996377080555546	3	1	2	-0.008996377080555546	3	1	2	-0.007045515665740926	3.0	1.0	2.0	-0.007045515665740926	3.0	1.0	2.0	-0.9743837585064388	0.502262443438914	0.9296938481298	ENSMUSG00000031659;ENSMUSG00000041695;ENSMUSG00000027107;ENSMUSG00000026251;ENSMUSG00000051359;ENSMUSG00000030098;ENSMUSG00000032766;ENSMUSG00000021536			False	False	True	True
soleus	R-MMU-112315_TRANSMISSION_ACROSS_CHEMICAL_SYNAPSES	0.04163876491666674	3	1	2	0.04163876491666674	3	1	2	-0.004026166682134589	3.0	1.0	2.0	-0.004026166682134589	3.0	1.0	2.0	-1.0167352843399093	0.4584527220630373	0.968442047732044	ENSMUSG00000057880;ENSMUSG00000031659;ENSMUSG00000041695;ENSMUSG00000027107;ENSMUSG00000026251;ENSMUSG00000029455;ENSMUSG00000051359;ENSMUSG00000030098;ENSMUSG00000023169;ENSMUSG00000032766;ENSMUSG00000021536			False	False	False	False
soleus	R-MMU-112316_NEURONAL_SYSTEM	-0.022203954444444562	3	2	1	-0.022203954444444562	3	2	1	-0.00034495423452230643	3.0	2.0	1.0	-0.00034495423452230643	3.0	2.0	1.0	-1.214140179910584	0.1746031746031746	0.6413658881811748	ENSMUSG00000057880;ENSMUSG00000025813;ENSMUSG00000031659;ENSMUSG00000041695;ENSMUSG00000050556;ENSMUSG00000027107;ENSMUSG00000026251;ENSMUSG00000029455;ENSMUSG00000051359;ENSMUSG00000030098;ENSMUSG00000045246;ENSMUSG00000013236;ENSMUSG00000036528;ENSMUSG00000028631;ENSMUSG00000023169;ENSMUSG00000058743;ENSMUSG00000038319;ENSMUSG00000032766;ENSMUSG00000045534;ENSMUSG00000021536;ENSMUSG00000051726;ENSMUSG00000030247			False	False	True	True
soleus	R-MMU-114608_PLATELET_DEGRANULATION	0.1818508744074074	3	2	1	0.1818508744074074	3	2	1	0.004941100470145367	3.0	1.0	2.0	0.004941100470145367	3.0	1.0	2.0	-0.515123390261372	1.0	1.0	ENSMUSG00000002944;ENSMUSG00000025784;ENSMUSG00000037206;ENSMUSG00000026193;ENSMUSG00000023951;ENSMUSG00000001930;ENSMUSG00000061780;ENSMUSG00000018593			False	False	True	False
soleus	R-MMU-1169410_ANTIMICROBIAL_MECHANISM_OF_IFN_STIMULATED_GENES	0.0027002066638518534	3	2	1	0.0027002066638518534	3	2	1	0.003080782500620955	3.0	1.0	2.0	0.003080782500620955	3.0	1.0	2.0	-0.7760281969951442	0.7781155015197568	1.0	ENSMUSG00000020623;ENSMUSG00000105504;ENSMUSG00000018411;ENSMUSG00000028270			False	False	True	False
soleus	R-MMU-1257604_PIP3_ACTIVATES_AKT_SIGNALING	-0.12223984303240737	3	0	3	-0.12223984303240737	3	0	3	0.007861569583954212	3.0	2.0	1.0	0.007861569583954212	3.0	2.0	1.0	0.7093236805451936	0.9316770186335404	0.9752140123503242	ENSMUSG00000024486;ENSMUSG00000023067;ENSMUSG00000005320;ENSMUSG00000023034;ENSMUSG00000025017			True	False	False	False
soleus	R-MMU-1266738_DEVELOPMENTAL_BIOLOGY	-0.03216710592592594	3	1	2	-0.03216710592592594	3	1	2	0.007703231098333106	3.0	3.0	0.0	0.007703231098333106	3.0	3.0	0.0	1.1794966413146897	0.1164021164021164	0.35483649179446364	ENSMUSG00000026459;ENSMUSG00000022995;ENSMUSG00000023067;ENSMUSG00000022144;ENSMUSG00000054889;ENSMUSG00000009471;ENSMUSG00000035923;ENSMUSG00000001473;ENSMUSG00000048895;ENSMUSG00000030616;ENSMUSG00000043091;ENSMUSG00000030774;ENSMUSG00000054855;ENSMUSG00000061527;ENSMUSG00000022231;ENSMUSG00000000555;ENSMUSG00000027200;ENSMUSG00000045545;ENSMUSG00000026413;ENSMUSG00000067594;ENSMUSG00000000435;ENSMUSG00000054146;ENSMUSG00000034311;ENSMUSG00000069441;ENSMUSG00000032402;ENSMUSG00000026442;ENSMUSG00000004098;ENSMUSG00000054065;ENSMUSG00000022102;ENSMUSG00000029580;ENSMUSG00000035557;ENSMUSG00000034593			False	False	False	False
soleus	R-MMU-1280215_CYTOKINE_SIGNALING_IN_IMMUNE_SYSTEM	-0.07893582536481485	3	0	3	-0.07893582536481485	3	0	3	0.011352567917594363	3.0	2.0	1.0	0.011352567917594363	3.0	2.0	1.0	1.2374834365661285	0.05829596412556054	0.30075077751560897	ENSMUSG00000034457;ENSMUSG00000024222;ENSMUSG00000101355;ENSMUSG00000099517;ENSMUSG00000023905;ENSMUSG00000021948;ENSMUSG00000069310;ENSMUSG00000028444;ENSMUSG00000001473;ENSMUSG00000043091;ENSMUSG00000024617;ENSMUSG00000069267;ENSMUSG00000003283;ENSMUSG00000024789;ENSMUSG00000053113;ENSMUSG00000066800;ENSMUSG00000022372;ENSMUSG00000052684;ENSMUSG00000021250;ENSMUSG00000034116;ENSMUSG00000090877;ENSMUSG00000091971;ENSMUSG00000041827;ENSMUSG00000019942;ENSMUSG00000020027;ENSMUSG00000034394;ENSMUSG00000074403;ENSMUSG00000018932;ENSMUSG00000042351;ENSMUSG00000004266;ENSMUSG00000039936	Cytokine signaling	context_sensitive	False	True	False	False
soleus	R-MMU-1280218_ADAPTIVE_IMMUNE_SYSTEM	0.008464525185185146	3	2	1	0.008464525185185146	3	2	1	0.006469405824386837	3.0	2.0	1.0	0.006469405824386837	3.0	2.0	1.0	1.2689811137236824	0.007462686567164179	0.2610651168430205	ENSMUSG00000031519;ENSMUSG00000101355;ENSMUSG00000006542;ENSMUSG00000099517;ENSMUSG00000027322;ENSMUSG00000094777;ENSMUSG00000062727;ENSMUSG00000069609;ENSMUSG00000069310;ENSMUSG00000001473;ENSMUSG00000069301;ENSMUSG00000069607;ENSMUSG00000043091;ENSMUSG00000030774;ENSMUSG00000069274;ENSMUSG00000063021;ENSMUSG00000069267;ENSMUSG00000061615;ENSMUSG00000015947;ENSMUSG00000061132;ENSMUSG00000025017;ENSMUSG00000047798;ENSMUSG00000036768;ENSMUSG00000022148;ENSMUSG00000071516;ENSMUSG00000075031;ENSMUSG00000079685;ENSMUSG00000030560;ENSMUSG00000079547;ENSMUSG00000053113;ENSMUSG00000026712;ENSMUSG00000023015;ENSMUSG00000027508;ENSMUSG00000071715;ENSMUSG00000002699;ENSMUSG00000034311;ENSMUSG00000094338;ENSMUSG00000045328;ENSMUSG00000069302;ENSMUSG00000034116;ENSMUSG00000030149;ENSMUSG00000071478;ENSMUSG00000027544;ENSMUSG00000052889;ENSMUSG00000026480;ENSMUSG00000071068;ENSMUSG00000030677;ENSMUSG00000074403;ENSMUSG00000069305;ENSMUSG00000069272;ENSMUSG00000028678;ENSMUSG00000042351;ENSMUSG00000004266;ENSMUSG00000033060;ENSMUSG00000001403;ENSMUSG00000095217;ENSMUSG00000039936;ENSMUSG00000040511;ENSMUSG00000030830;ENSMUSG00000015340;ENSMUSG00000001281;ENSMUSG00000031838;ENSMUSG00000075307;ENSMUSG00000015950;ENSMUSG00000069309;ENSMUSG00000004552;ENSMUSG00000062380;ENSMUSG00000012443;ENSMUSG00000030468;ENSMUSG00000038642;ENSMUSG00000026581;ENSMUSG00000017677;ENSMUSG00000058385;ENSMUSG00000032254;ENSMUSG00000020941;ENSMUSG00000042607;ENSMUSG00000031264;ENSMUSG00000000290;ENSMUSG00000051682;ENSMUSG00000020573;ENSMUSG00000026117;ENSMUSG00000026656;ENSMUSG00000024610;ENSMUSG00000036526;ENSMUSG00000042265;ENSMUSG00000026622;ENSMUSG00000086564;ENSMUSG00000034641;ENSMUSG00000069308;ENSMUSG00000023947			False	False	True	True
soleus	R-MMU-1296071_POTASSIUM_CHANNELS	-0.046708392870370395	3	2	1	-0.046708392870370395	3	2	1	0.007740767759366511	3.0	2.0	1.0	0.007740767759366511	3.0	2.0	1.0	-0.9935918327997302	0.46577380952380953	0.9457166447612307	ENSMUSG00000041695;ENSMUSG00000050556;ENSMUSG00000045246;ENSMUSG00000028631;ENSMUSG00000058743;ENSMUSG00000038319;ENSMUSG00000032766;ENSMUSG00000045534;ENSMUSG00000051726;ENSMUSG00000030247			False	False	False	True
soleus	R-MMU-1296072_VOLTAGE_GATED_POTASSIUM_CHANNELS	0.0058214293203703625	3	1	2	0.0058214293203703625	3	1	2	0.011173045130345423	3.0	2.0	1.0	0.011173045130345423	3.0	2.0	1.0	-0.9035191140060312	0.5682967959527825	1.0	ENSMUSG00000050556;ENSMUSG00000045246;ENSMUSG00000028631;ENSMUSG00000038319;ENSMUSG00000045534;ENSMUSG00000051726			False	False	True	False
soleus	R-MMU-141424_AMPLIFICATION_OF_SIGNAL_FROM_THE_KINETOCHORES	0.0002221527660740733	3	1	2	0.0002221527660740733	3	1	2	-0.004600675977991779	3.0	1.0	2.0	-0.004600675977991779	3.0	1.0	2.0	1.3270423414696964	0.13186813186813187	0.2173169630243923	ENSMUSG00000020897;ENSMUSG00000029414;ENSMUSG00000026683;ENSMUSG00000028873;ENSMUSG00000030867;ENSMUSG00000045328;ENSMUSG00000040084;ENSMUSG00000027379;ENSMUSG00000005233;ENSMUSG00000028678;ENSMUSG00000023940;ENSMUSG00000068101			False	False	False	True
soleus	R-MMU-141444_AMPLIFICATION_OF_SIGNAL_FROM_UNATTACHED_KINETOCHORES_VIA_A_MAD2_INHIBITORY_SIGNAL	-0.0004962845837962968	3	1	2	-0.0004962845837962968	3	1	2	-0.004600675977991779	3.0	1.0	2.0	-0.004600675977991779	3.0	1.0	2.0	1.3270423414696964	0.13186813186813187	0.2173169630243923	ENSMUSG00000020897;ENSMUSG00000029414;ENSMUSG00000026683;ENSMUSG00000028873;ENSMUSG00000030867;ENSMUSG00000045328;ENSMUSG00000040084;ENSMUSG00000027379;ENSMUSG00000005233;ENSMUSG00000028678;ENSMUSG00000023940;ENSMUSG00000068101			False	False	True	False
soleus	R-MMU-1428517_AEROBIC_RESPIRATION_AND_RESPIRATORY_ELECTRON_TRANSPORT	-0.0928252815648148	3	2	1	-0.0928252815648148	3	2	1	-0.023551666512416303	3.0	0.0	3.0	-0.023551666512416303	3.0	0.0	3.0	-2.091775530014784	0.0	0.0031594378728136687	ENSMUSG00000030541;ENSMUSG00000030246;ENSMUSG00000116207;ENSMUSG00000048371;ENSMUSG00000064354;ENSMUSG00000006494;ENSMUSG00000074218;ENSMUSG00000030785;ENSMUSG00000019082;ENSMUSG00000044894;ENSMUSG00000064368;ENSMUSG00000064358;ENSMUSG00000025190;ENSMUSG00000025981;ENSMUSG00000024892;ENSMUSG00000064351;ENSMUSG00000064360;ENSMUSG00000062683;ENSMUSG00000033685			False	False	True	True
soleus	R-MMU-1430728_METABOLISM	0.18089965277777775	3	2	1	0.18089965277777775	3	2	1	-0.008416755835187459	3.0	1.0	2.0	-0.008416755835187459	3.0	1.0	2.0	-1.6400558666390548	0.0	0.1982547265190577	ENSMUSG00000030541;ENSMUSG00000003849;ENSMUSG00000028179;ENSMUSG00000028773;ENSMUSG00000046598;ENSMUSG00000022383;ENSMUSG00000109372;ENSMUSG00000024526;ENSMUSG00000030246;ENSMUSG00000038776;ENSMUSG00000116207;ENSMUSG00000034853;ENSMUSG00000048371;ENSMUSG00000015709;ENSMUSG00000022040;ENSMUSG00000015568;ENSMUSG00000064354;ENSMUSG00000036880;ENSMUSG00000041559;ENSMUSG00000021622;ENSMUSG00000028527;ENSMUSG00000022562;ENSMUSG00000030747;ENSMUSG00000027605;ENSMUSG00000035686;ENSMUSG00000026922;ENSMUSG00000029822;ENSMUSG00000033174;ENSMUSG00000017969;ENSMUSG00000063415;ENSMUSG00000033610;ENSMUSG00000027562;ENSMUSG00000057933;ENSMUSG00000019932;ENSMUSG00000026489;ENSMUSG00000038007;ENSMUSG00000117789;ENSMUSG00000040170;ENSMUSG00000033715;ENSMUSG00000025068;ENSMUSG00000032788;ENSMUSG00000006494;ENSMUSG00000074218;ENSMUSG00000027452;ENSMUSG00000002944;ENSMUSG00000076435;ENSMUSG00000027513;ENSMUSG00000030785;ENSMUSG00000050556;ENSMUSG00000025425;ENSMUSG00000008540;ENSMUSG00000020901;ENSMUSG00000025479;ENSMUSG00000041577;ENSMUSG00000005667;ENSMUSG00000024978;ENSMUSG00000049537;ENSMUSG00000029455;ENSMUSG00000026385;ENSMUSG00000032737;ENSMUSG00000019082;ENSMUSG00000111709;ENSMUSG00000044894;ENSMUSG00000040181;ENSMUSG00000034570;ENSMUSG00000020532;ENSMUSG00000011752;ENSMUSG00000067279;ENSMUSG00000054958;ENSMUSG00000074183;ENSMUSG00000064368;ENSMUSG00000029314;ENSMUSG00000031375;ENSMUSG00000066595;ENSMUSG00000072949;ENSMUSG00000040918;ENSMUSG00000064358;ENSMUSG00000041757;ENSMUSG00000062515;ENSMUSG00000032766;ENSMUSG00000052974;ENSMUSG00000022215;ENSMUSG00000021477;ENSMUSG00000024066;ENSMUSG00000022367;ENSMUSG00000027533;ENSMUSG00000048142;ENSMUSG00000025190;ENSMUSG00000000805;ENSMUSG00000032271;ENSMUSG00000018796;ENSMUSG00000001348;ENSMUSG00000024210;ENSMUSG00000021273;ENSMUSG00000042010;ENSMUSG00000025981;ENSMUSG00000030214;ENSMUSG00000022579;ENSMUSG00000032315;ENSMUSG00000022878;ENSMUSG00000017009;ENSMUSG00000019102;ENSMUSG00000031119;ENSMUSG00000032883;ENSMUSG00000020534;ENSMUSG00000022707;ENSMUSG00000075232;ENSMUSG00000028517;ENSMUSG00000015085;ENSMUSG00000025950;ENSMUSG00000023832;ENSMUSG00000018042;ENSMUSG00000021390;ENSMUSG00000063558;ENSMUSG00000029009;ENSMUSG00000021759;ENSMUSG00000024892;ENSMUSG00000028713;ENSMUSG00000064351;ENSMUSG00000028961;ENSMUSG00000064360;ENSMUSG00000026173;ENSMUSG00000028698;ENSMUSG00000062683;ENSMUSG00000038855;ENSMUSG00000070385;ENSMUSG00000058258;ENSMUSG00000030278;ENSMUSG00000033685;ENSMUSG00000029482;ENSMUSG00000001270;ENSMUSG00000026003;ENSMUSG00000040562;ENSMUSG00000024990;ENSMUSG00000022469;ENSMUSG00000075289			False	False	False	False
soleus	R-MMU-1433557_SIGNALING_BY_SCF_KIT	-0.002138654182	3	0	3	-0.002138654182	3	0	3	0.007099467176805618	3.0	2.0	1.0	0.007099467176805618	3.0	2.0	1.0	0.6324758492164642	0.9322916666666666	0.9664109988403276	ENSMUSG00000024789;ENSMUSG00000034116;ENSMUSG00000042351;ENSMUSG00000004266;ENSMUSG00000022225;ENSMUSG00000005672			False	False	False	False
soleus	R-MMU-1442490_COLLAGEN_DEGRADATION	0.20723795886851845	3	2	1	0.20723795886851845	3	2	1	-0.023251136323835266	3.0	0.0	3.0	-0.023251136323835266	3.0	0.0	3.0	-1.5745856759090426	0.017118402282453638	0.21877892100822036	ENSMUSG00000024330;ENSMUSG00000056174;ENSMUSG00000027966;ENSMUSG00000031274;ENSMUSG00000032332;ENSMUSG00000004415;ENSMUSG00000022483;ENSMUSG00000028111;ENSMUSG00000031740;ENSMUSG00000028339;ENSMUSG00000021477;ENSMUSG00000068196;ENSMUSG00000001119;ENSMUSG00000020241;ENSMUSG00000031790			False	False	False	False
soleus	R-MMU-1474228_DEGRADATION_OF_THE_EXTRACELLULAR_MATRIX	0.16769317537037023	3	3	0	0.16769317537037023	3	3	0	-0.01150469778971148	3.0	0.0	3.0	-0.01150469778971148	3.0	0.0	3.0	-1.446697121245608	0.037889039242219216	0.36893207389112753	ENSMUSG00000024330;ENSMUSG00000056174;ENSMUSG00000027966;ENSMUSG00000024598;ENSMUSG00000031274;ENSMUSG00000032332;ENSMUSG00000004415;ENSMUSG00000022483;ENSMUSG00000026193;ENSMUSG00000028111;ENSMUSG00000029304;ENSMUSG00000031740;ENSMUSG00000028339;ENSMUSG00000021477;ENSMUSG00000068196	Extracellular matrix degradation	complementary	True	True	False	False
soleus	R-MMU-1474244_EXTRACELLULAR_MATRIX_ORGANIZATION	-0.04304353851851861	3	1	2	-0.04304353851851861	3	1	2	-0.007834325690961754	3.0	1.0	2.0	-0.007834325690961754	3.0	1.0	2.0	-1.4830853586391297	0.0036231884057971015	0.3495825081625007	ENSMUSG00000024330;ENSMUSG00000031849;ENSMUSG00000002020;ENSMUSG00000056174;ENSMUSG00000027966;ENSMUSG00000042436;ENSMUSG00000079022;ENSMUSG00000024598;ENSMUSG00000031274;ENSMUSG00000032332;ENSMUSG00000004415;ENSMUSG00000029661;ENSMUSG00000032243;ENSMUSG00000040690;ENSMUSG00000022483;ENSMUSG00000070436;ENSMUSG00000039115;ENSMUSG00000026193;ENSMUSG00000028111;ENSMUSG00000029304;ENSMUSG00000030255;ENSMUSG00000053062;ENSMUSG00000040488;ENSMUSG00000031740;ENSMUSG00000028197;ENSMUSG00000031375;ENSMUSG00000001930;ENSMUSG00000028339;ENSMUSG00000021477;ENSMUSG00000068196;ENSMUSG00000068614;ENSMUSG00000021186;ENSMUSG00000024940;ENSMUSG00000039952;ENSMUSG00000021253;ENSMUSG00000037405;ENSMUSG00000001119;ENSMUSG00000033327;ENSMUSG00000020241;ENSMUSG00000029718;ENSMUSG00000017009;ENSMUSG00000015354;ENSMUSG00000037225;ENSMUSG00000031790;ENSMUSG00000011256;ENSMUSG00000022371;ENSMUSG00000064080;ENSMUSG00000034205			False	False	True	True
soleus	R-MMU-1474290_COLLAGEN_FORMATION	-0.07610768248148149	3	1	2	-0.07610768248148149	3	1	2	-0.01806925838419066	3.0	0.0	3.0	-0.01806925838419066	3.0	0.0	3.0	-1.682151009434583	0.002805049088359046	0.17524348734539816	ENSMUSG00000024330;ENSMUSG00000056174;ENSMUSG00000027966;ENSMUSG00000079022;ENSMUSG00000031274;ENSMUSG00000032332;ENSMUSG00000004415;ENSMUSG00000029661;ENSMUSG00000040690;ENSMUSG00000022483;ENSMUSG00000070436;ENSMUSG00000028197;ENSMUSG00000028339;ENSMUSG00000021477;ENSMUSG00000068196;ENSMUSG00000001119;ENSMUSG00000020241;ENSMUSG00000029718;ENSMUSG00000015354;ENSMUSG00000022371;ENSMUSG00000034205			False	False	True	True
soleus	R-MMU-1483206_GLYCEROPHOSPHOLIPID_BIOSYNTHESIS	0.0047150836494444445	3	2	1	0.0047150836494444445	3	2	1	-0.013898439271546709	3.0	1.0	2.0	-0.013898439271546709	3.0	1.0	2.0	-1.2537667639677814	0.18035426731078905	0.5922291067877965	ENSMUSG00000030747;ENSMUSG00000026922;ENSMUSG00000033174;ENSMUSG00000024978;ENSMUSG00000029314;ENSMUSG00000030214			False	False	False	False
soleus	R-MMU-1483249_INOSITOL_PHOSPHATE_METABOLISM	0.01494987451740741	3	2	1	0.01494987451740741	3	2	1	0.006946664715317542	3.0	2.0	1.0	0.006946664715317542	3.0	2.0	1.0	-0.5797099533764706	0.9546875	1.0	ENSMUSG00000032737;ENSMUSG00000034570;ENSMUSG00000024210;ENSMUSG00000026173;ENSMUSG00000038855			False	False	True	False
soleus	R-MMU-1483257_PHOSPHOLIPID_METABOLISM	0.017175903619537032	3	3	0	0.017175903619537032	3	3	0	-0.009189024849952756	3.0	0.0	3.0	-0.009189024849952756	3.0	0.0	3.0	-1.2940476202510995	0.14545454545454545	0.5180019909319272	ENSMUSG00000030747;ENSMUSG00000026922;ENSMUSG00000033174;ENSMUSG00000020901;ENSMUSG00000024978;ENSMUSG00000032737;ENSMUSG00000034570;ENSMUSG00000029314;ENSMUSG00000041757			False	False	False	False
soleus	R-MMU-1500931_CELL_CELL_COMMUNICATION	0.030538651111111054	3	2	1	0.030538651111111054	3	2	1	0.012508302393994886	3.0	3.0	0.0	0.012508302393994886	3.0	3.0	0.0	1.970378075452108	0.0	0.0038648246615367327	ENSMUSG00000068699;ENSMUSG00000101355;ENSMUSG00000099517;ENSMUSG00000094777;ENSMUSG00000062727;ENSMUSG00000069310;ENSMUSG00000069301;ENSMUSG00000069274;ENSMUSG00000063021;ENSMUSG00000069267;ENSMUSG00000061527;ENSMUSG00000041688;ENSMUSG00000035783;ENSMUSG00000061615;ENSMUSG00000045545;ENSMUSG00000022148;ENSMUSG00000071516;ENSMUSG00000021823;ENSMUSG00000075031;ENSMUSG00000020758;ENSMUSG00000024789;ENSMUSG00000094338;ENSMUSG00000069302;ENSMUSG00000029580;ENSMUSG00000071478;ENSMUSG00000032076;ENSMUSG00000059430;ENSMUSG00000074403;ENSMUSG00000069305;ENSMUSG00000069272			False	False	True	True
soleus	R-MMU-156580_PHASE_II_CONJUGATION_OF_COMPOUNDS	-0.03745375526296296	3	1	2	-0.03745375526296296	3	1	2	-0.012207787283457066	3.0	1.0	2.0	-0.012207787283457066	3.0	1.0	2.0	-1.3186875785979841	0.14308426073131955	0.4877294453992968	ENSMUSG00000022562;ENSMUSG00000057933;ENSMUSG00000025068;ENSMUSG00000008540;ENSMUSG00000111709;ENSMUSG00000074183;ENSMUSG00000032271			False	False	True	True
soleus	R-MMU-1566948_ELASTIC_FIBRE_FORMATION	-0.02977111981481484	3	1	2	-0.02977111981481484	3	1	2	-0.010461192291169883	3.0	0.0	3.0	-0.010461192291169883	3.0	0.0	3.0	-1.5134031594210047	0.0423861852433281	0.2953679481346678	ENSMUSG00000002020;ENSMUSG00000042436;ENSMUSG00000024598;ENSMUSG00000026193;ENSMUSG00000040488;ENSMUSG00000021186;ENSMUSG00000024940;ENSMUSG00000021253;ENSMUSG00000064080;ENSMUSG00000034205;ENSMUSG00000029163			False	False	True	True
soleus	R-MMU-157579_TELOMERE_MAINTENANCE	0.00042653744685185164	3	2	1	0.00042653744685185164	3	2	1	0.018377158024332624	3.0	3.0	0.0	0.018377158024332624	3.0	3.0	0.0	2.126424135195136	0.0	0.0006703692851835961	ENSMUSG00000094777;ENSMUSG00000062727;ENSMUSG00000069301;ENSMUSG00000069274;ENSMUSG00000063021;ENSMUSG00000061615;ENSMUSG00000071516;ENSMUSG00000075031;ENSMUSG00000027715;ENSMUSG00000094338;ENSMUSG00000069302;ENSMUSG00000071478;ENSMUSG00000056394;ENSMUSG00000069305;ENSMUSG00000069272;ENSMUSG00000095217			False	False	True	True
soleus	R-MMU-15869_METABOLISM_OF_NUCLEOTIDES	-0.022559415379629688	3	2	1	-0.022559415379629688	3	2	1	-0.0002353388869396252	3.0	1.0	2.0	-0.0002353388869396252	3.0	1.0	2.0	-0.7527008882876487	0.819078947368421	1.0	ENSMUSG00000028527;ENSMUSG00000054958;ENSMUSG00000024066;ENSMUSG00000015085;ENSMUSG00000070385			False	False	True	True
soleus	R-MMU-162582_SIGNAL_TRANSDUCTION	0.0930968688888892	3	2	1	0.0930968688888892	3	2	1															False	False	False	False
soleus	R-MMU-1630316_GLYCOSAMINOGLYCAN_METABOLISM	-0.11738103454074077	3	0	3	-0.11738103454074077	3	0	3	-0.0028613862801477826	3.0	1.0	2.0	-0.0028613862801477826	3.0	1.0	2.0	-1.13504143931495	0.2983257229832572	0.7593934601441426	ENSMUSG00000041559;ENSMUSG00000019932;ENSMUSG00000117789;ENSMUSG00000041577;ENSMUSG00000031375;ENSMUSG00000021477;ENSMUSG00000022367;ENSMUSG00000017009;ENSMUSG00000031119;ENSMUSG00000021390;ENSMUSG00000052353;ENSMUSG00000055653;ENSMUSG00000019929;ENSMUSG00000036446;ENSMUSG00000030657;ENSMUSG00000041936;ENSMUSG00000025743;ENSMUSG00000021614;ENSMUSG00000038181;ENSMUSG00000051650	Glycosaminoglycan metabolism	complementary	False	True	True	True
soleus	R-MMU-163125_POST_TRANSLATIONAL_MODIFICATION_SYNTHESIS_OF_GPI_ANCHORED_PROTEINS	0.16310867615740746	3	2	1	0.16310867615740746	3	2	1	-0.0031858624789452747	3.0	1.0	2.0	-0.0031858624789452747	3.0	1.0	2.0	1.1946809104367553	0.21095890410958903	0.33735342130322404	ENSMUSG00000043557;ENSMUSG00000027338;ENSMUSG00000029082;ENSMUSG00000046223;ENSMUSG00000034842;ENSMUSG00000032068;ENSMUSG00000059089;ENSMUSG00000079685			False	False	False	True
soleus	R-MMU-1632852_MACROAUTOPHAGY	-0.019226934259259403	3	1	2	-0.019226934259259403	3	1	2	0.007598245285100734	3.0	2.0	1.0	0.007598245285100734	3.0	2.0	1.0	1.0797665902147553	0.3324175824175824	0.4542107337813693	ENSMUSG00000006542;ENSMUSG00000001473;ENSMUSG00000043091			False	False	False	False
soleus	R-MMU-163685_INTEGRATION_OF_ENERGY_METABOLISM	-0.00015932720777777723	3	2	1	-0.00015932720777777723	3	2	1	-0.0036725893987751743	3.0	1.0	2.0	-0.0036725893987751743	3.0	1.0	2.0	-1.1662128535018461	0.27768860353130015	0.716256717450985	ENSMUSG00000002944;ENSMUSG00000050556;ENSMUSG00000032766;ENSMUSG00000022878;ENSMUSG00000032883;ENSMUSG00000022469;ENSMUSG00000057614			False	False	True	True
soleus	R-MMU-1640170_CELL_CYCLE	0.33848072999999995	3	2	1	0.33848072999999995	3	2	1	0.01268134022750401	3.0	2.0	1.0	0.01268134022750401	3.0	2.0	1.0	2.2597593192817462	0.0	0.00010893500884233438	ENSMUSG00000030091;ENSMUSG00000023067;ENSMUSG00000101355;ENSMUSG00000099517;ENSMUSG00000094777;ENSMUSG00000062727;ENSMUSG00000069310;ENSMUSG00000001473;ENSMUSG00000069301;ENSMUSG00000043091;ENSMUSG00000069274;ENSMUSG00000063021;ENSMUSG00000069267;ENSMUSG00000037664;ENSMUSG00000061615;ENSMUSG00000020897;ENSMUSG00000005410;ENSMUSG00000029414;ENSMUSG00000026669;ENSMUSG00000071516;ENSMUSG00000075031;ENSMUSG00000026683;ENSMUSG00000028873;ENSMUSG00000024789;ENSMUSG00000042489;ENSMUSG00000015880;ENSMUSG00000047534;ENSMUSG00000027715;ENSMUSG00000017146;ENSMUSG00000094338;ENSMUSG00000030867;ENSMUSG00000045328;ENSMUSG00000069302;ENSMUSG00000040084;ENSMUSG00000071478;ENSMUSG00000052889;ENSMUSG00000056394;ENSMUSG00000027469;ENSMUSG00000024791;ENSMUSG00000022034;ENSMUSG00000020330;ENSMUSG00000027379;ENSMUSG00000019942;ENSMUSG00000028680;ENSMUSG00000074403;ENSMUSG00000069305;ENSMUSG00000058290;ENSMUSG00000022385;ENSMUSG00000041431;ENSMUSG00000069272;ENSMUSG00000005233;ENSMUSG00000028678;ENSMUSG00000031821;ENSMUSG00000001403;ENSMUSG00000095217;ENSMUSG00000023940;ENSMUSG00000028312;ENSMUSG00000068101;ENSMUSG00000034906;ENSMUSG00000024590;ENSMUSG00000069309;ENSMUSG00000062380			False	False	True	True
soleus	R-MMU-1650814_COLLAGEN_BIOSYNTHESIS_AND_MODIFYING_ENZYMES	-0.01492101252222211	3	1	2	-0.01492101252222211	3	1	2	-0.022727249616266248	3.0	0.0	3.0	-0.022727249616266248	3.0	0.0	3.0	-1.7095934541826485	0.0	0.1554443433424325	ENSMUSG00000024330;ENSMUSG00000056174;ENSMUSG00000027966;ENSMUSG00000079022;ENSMUSG00000031274;ENSMUSG00000032332;ENSMUSG00000004415;ENSMUSG00000029661;ENSMUSG00000040690;ENSMUSG00000022483;ENSMUSG00000070436;ENSMUSG00000028197;ENSMUSG00000028339;ENSMUSG00000068196;ENSMUSG00000001119;ENSMUSG00000020241;ENSMUSG00000029718;ENSMUSG00000015354			False	False	True	True
soleus	R-MMU-166016_TOLL_LIKE_RECEPTOR_4_TLR4_CASCADE	-0.007958914824907409	3	0	3	-0.007958914824907409	3	0	3	0.0037251711048007716	3.0	1.0	2.0	0.0037251711048007716	3.0	1.0	2.0	0.6578434767416893	0.9214501510574018	0.9651357129136363	ENSMUSG00000021624;ENSMUSG00000030786;ENSMUSG00000052684;ENSMUSG00000021250;ENSMUSG00000018932;ENSMUSG00000022221;ENSMUSG00000021423;ENSMUSG00000000290;ENSMUSG00000109061;ENSMUSG00000025498			False	False	False	False
soleus	R-MMU-1660499_SYNTHESIS_OF_PIPS_AT_THE_PLASMA_MEMBRANE	-0.0013608562523148146	3	1	2	-0.0013608562523148146	3	1	2	-0.00552004225014166	3.0	2.0	1.0	-0.00552004225014166	3.0	2.0	1.0	-0.9807564031118983	0.4751203852327448	0.946867328236755	ENSMUSG00000020901;ENSMUSG00000032737;ENSMUSG00000034570;ENSMUSG00000041757			False	False	True	True
soleus	R-MMU-166166_MYD88_INDEPENDENT_TLR4_CASCADE	-0.003863272516851852	3	1	2	-0.003863272516851852	3	1	2	-0.0008641310172804728	3.0	2.0	1.0	-0.0008641310172804728	3.0	2.0	1.0	-0.6999466257189244	0.8614649681528662	1.0	ENSMUSG00000020623;ENSMUSG00000019960;ENSMUSG00000025225;ENSMUSG00000031530;ENSMUSG00000074151;ENSMUSG00000068240			False	False	True	True
soleus	R-MMU-166520_SIGNALING_BY_NTRKS	0.0068118746512962946	3	3	0	0.0068118746512962946	3	3	0	-0.00526427075454453	3.0	1.0	2.0	-0.00526427075454453	3.0	1.0	2.0	-1.1806649001112721	0.25	0.6996259225558589	ENSMUSG00000030513;ENSMUSG00000020312;ENSMUSG00000038894;ENSMUSG00000019960			False	False	False	False
soleus	R-MMU-166658_COMPLEMENT_CASCADE	-0.011634636859259223	3	1	2	-0.011634636859259223	3	1	2	0.004729079809623812	3.0	2.0	1.0	0.004729079809623812	3.0	2.0	1.0	-0.5870480580873829	0.9742033383915023	1.0	ENSMUSG00000076612;ENSMUSG00000027249;ENSMUSG00000061780			False	False	False	True
soleus	R-MMU-166663_INITIAL_TRIGGERING_OF_COMPLEMENT	0.09458341375925912	3	1	2	0.09458341375925916	3	1	2	0.004769770830900782	3.0	2.0	1.0	0.004769770830900782	3.0	2.0	1.0	-0.5946759016794221	0.9509803921568627	1.0	ENSMUSG00000076612;ENSMUSG00000061780;ENSMUSG00000073418			False	False	True	False
soleus	R-MMU-168138_TOLL_LIKE_RECEPTOR_9_TLR9_CASCADE	-0.007128895543703703	3	0	3	-0.007128895543703704	3	0	3	0.0005208519406736714	3.0	2.0	1.0	0.0005208519406736714	3.0	2.0	1.0	-0.5577360245314211	0.9709677419354839	1.0	ENSMUSG00000020623;ENSMUSG00000019960;ENSMUSG00000025225;ENSMUSG00000031530;ENSMUSG00000074151;ENSMUSG00000068240			False	False	False	True
soleus	R-MMU-168164_TOLL_LIKE_RECEPTOR_3_TLR3_CASCADE	0.004947657602148148	3	1	2	0.004947657602148148	3	1	2	-0.004396702436331594	3.0	2.0	1.0	-0.004396702436331594	3.0	2.0	1.0	-0.7822612464444111	0.7424749163879598	1.0	ENSMUSG00000020623;ENSMUSG00000019960;ENSMUSG00000025225;ENSMUSG00000031530;ENSMUSG00000074151;ENSMUSG00000068240			False	False	False	False
soleus	R-MMU-168181_TOLL_LIKE_RECEPTOR_7_8_TLR7_8_CASCADE	-0.003071748698259259	3	0	3	-0.003071748698259259	3	0	3	0.0009266036257708221	3.0	2.0	1.0	0.0009266036257708221	3.0	2.0	1.0	-0.639870017619537	0.9048387096774193	1.0	ENSMUSG00000020623;ENSMUSG00000019960;ENSMUSG00000025225;ENSMUSG00000031530;ENSMUSG00000074151;ENSMUSG00000068240			False	False	False	True
soleus	R-MMU-168249_INNATE_IMMUNE_SYSTEM	-0.035760776814814786	3	2	1	-0.035760776814814786	3	2	1	0.009535041069227332	3.0	1.0	2.0	0.009535041069227332	3.0	1.0	2.0	1.4218071805477728	0.0	0.15230338225021745	ENSMUSG00000026822;ENSMUSG00000018774;ENSMUSG00000019987;ENSMUSG00000028238;ENSMUSG00000054889;ENSMUSG00000029082;ENSMUSG00000044827;ENSMUSG00000020609;ENSMUSG00000028874;ENSMUSG00000021948;ENSMUSG00000064147;ENSMUSG00000030774;ENSMUSG00000021624;ENSMUSG00000029322;ENSMUSG00000015947;ENSMUSG00000045322;ENSMUSG00000025877;ENSMUSG00000046223;ENSMUSG00000022534;ENSMUSG00000028413;ENSMUSG00000027832;ENSMUSG00000026413;ENSMUSG00000059089;ENSMUSG00000072596;ENSMUSG00000027359;ENSMUSG00000021091;ENSMUSG00000098112;ENSMUSG00000021823;ENSMUSG00000029361;ENSMUSG00000003283;ENSMUSG00000021822;ENSMUSG00000030560;ENSMUSG00000003153;ENSMUSG00000054203;ENSMUSG00000030786;ENSMUSG00000026938;ENSMUSG00000052270;ENSMUSG00000073489;ENSMUSG00000071715;ENSMUSG00000002699;ENSMUSG00000069441;ENSMUSG00000033220;ENSMUSG00000026442;ENSMUSG00000030263;ENSMUSG00000052684;ENSMUSG00000043832;ENSMUSG00000037685;ENSMUSG00000021250;ENSMUSG00000025473;ENSMUSG00000022443;ENSMUSG00000001128;ENSMUSG00000052160;ENSMUSG00000034116;ENSMUSG00000058715;ENSMUSG00000005686;ENSMUSG00000030165;ENSMUSG00000090877;ENSMUSG00000029580;ENSMUSG00000030149;ENSMUSG00000027544;ENSMUSG00000034593;ENSMUSG00000020143;ENSMUSG00000091971;ENSMUSG00000028978;ENSMUSG00000026480;ENSMUSG00000026536;ENSMUSG00000030793;ENSMUSG00000022868;ENSMUSG00000040552;ENSMUSG00000028979;ENSMUSG00000046834;ENSMUSG00000027435;ENSMUSG00000010651;ENSMUSG00000018932;ENSMUSG00000058099;ENSMUSG00000031827;ENSMUSG00000032496;ENSMUSG00000061808;ENSMUSG00000042351;ENSMUSG00000013974;ENSMUSG00000004266;ENSMUSG00000060131;ENSMUSG00000019850;ENSMUSG00000027820;ENSMUSG00000022221;ENSMUSG00000032691;ENSMUSG00000030830;ENSMUSG00000015340;ENSMUSG00000052212;ENSMUSG00000033765;ENSMUSG00000015950;ENSMUSG00000116876;ENSMUSG00000044583;ENSMUSG00000021423;ENSMUSG00000038393;ENSMUSG00000025372;ENSMUSG00000045551;ENSMUSG00000030468;ENSMUSG00000035697;ENSMUSG00000038642;ENSMUSG00000069516;ENSMUSG00000026581;ENSMUSG00000029771;ENSMUSG00000025196;ENSMUSG00000039982;ENSMUSG00000060791;ENSMUSG00000020941;ENSMUSG00000079015;ENSMUSG00000049130;ENSMUSG00000031264;ENSMUSG00000000290			False	False	False	False
soleus	R-MMU-168256_IMMUNE_SYSTEM	0.43541418666666676	3	2	1	0.43541418666666676	3	2	1													Immune-system signaling	context_sensitive	True	True	False	False
soleus	R-MMU-168643_NUCLEOTIDE_BINDING_DOMAIN_LEUCINE_RICH_REPEAT_CONTAINING_RECEPTOR_NLR_SIGNALING_PATHWAYS	0.0048383092305555545	3	3	0	0.0048383092305555545	3	3	0	0.00045490547413183646	3.0	2.0	1.0	0.00045490547413183646	3.0	2.0	1.0	0.7274561781357325	0.8516483516483516	0.9595974246291931	ENSMUSG00000022534;ENSMUSG00000030793;ENSMUSG00000019850;ENSMUSG00000032691;ENSMUSG00000038393			False	False	True	True
soleus	R-MMU-168898_TOLL_LIKE_RECEPTOR_CASCADES	0.03040234375651855	3	1	2	0.03040234375651857	3	1	2	0.0034249819623289983	3.0	1.0	2.0	0.0034249819623289983	3.0	1.0	2.0	0.705675693548091	0.9451612903225807	0.9741026128252356	ENSMUSG00000044827;ENSMUSG00000020609;ENSMUSG00000021624;ENSMUSG00000045322;ENSMUSG00000030786;ENSMUSG00000052684;ENSMUSG00000021250;ENSMUSG00000018932;ENSMUSG00000022221;ENSMUSG00000044583;ENSMUSG00000021423;ENSMUSG00000038642;ENSMUSG00000029771;ENSMUSG00000000290;ENSMUSG00000109061;ENSMUSG00000025498			False	False	True	True
soleus	R-MMU-170834_SIGNALING_BY_TGF_BETA_RECEPTOR_COMPLEX	-0.0020753475216296305	3	1	2	-0.0020753475216296305	3	1	2	-0.00396643018843416	3.0	1.0	2.0	-0.00396643018843416	3.0	1.0	2.0	-0.9614131439246962	0.4913657770800628	0.9427153564211349	ENSMUSG00000002020;ENSMUSG00000040488;ENSMUSG00000024940;ENSMUSG00000021253;ENSMUSG00000038400;ENSMUSG00000029287;ENSMUSG00000032440;ENSMUSG00000068240;ENSMUSG00000027660			False	False	True	True
soleus	R-MMU-174824_PLASMA_LIPOPROTEIN_ASSEMBLY_REMODELING_AND_CLEARANCE	0.006684074934814858	3	1	2	0.006684074934814858	3	1	2	0.005453434221391805	3.0	2.0	1.0	0.005453434221391805	3.0	2.0	1.0	0.7989358351701996	0.7791044776119403	0.8883607841530937	ENSMUSG00000032193;ENSMUSG00000029368;ENSMUSG00000020609;ENSMUSG00000042759			False	False	True	True
soleus	R-MMU-1852241_ORGANELLE_BIOGENESIS_AND_MAINTENANCE	0.0037344696701481477	3	3	0	0.0037344696701481477	3	3	0	-0.0018179737324662177	3.0	1.0	2.0	-0.0018179737324662177	3.0	1.0	2.0	-1.0151941369452957	0.4643423137876387	0.9591870226043584	ENSMUSG00000030541;ENSMUSG00000027605;ENSMUSG00000050164;ENSMUSG00000032855			False	False	False	False
soleus	R-MMU-186797_SIGNALING_BY_PDGF	0.04863130166296296	3	1	2	0.04863130166296296	3	1	2	-0.003530499300842168	3.0	1.0	2.0	-0.003530499300842168	3.0	1.0	2.0	-0.9517943589527422	0.5059701492537313	0.9466865302384223	ENSMUSG00000022483;ENSMUSG00000028047;ENSMUSG00000029304;ENSMUSG00000023885;ENSMUSG00000021702;ENSMUSG00000001119;ENSMUSG00000020241;ENSMUSG00000040152;ENSMUSG00000026043;ENSMUSG00000091345;ENSMUSG00000004043;ENSMUSG00000031538;ENSMUSG00000026042			False	False	False	False
soleus	R-MMU-190236_SIGNALING_BY_FGFR	-0.031369092420740735	3	1	2	-0.031369092420740735	3	1	2	-0.0019616052578234435	3.0	1.0	2.0	-0.0019616052578234435	3.0	1.0	2.0	-0.8652447775928701	0.6430868167202572	1.0	ENSMUSG00000027208;ENSMUSG00000021732;ENSMUSG00000008090;ENSMUSG00000037225;ENSMUSG00000031565;ENSMUSG00000029287;ENSMUSG00000068240;ENSMUSG00000048373			False	False	True	True
soleus	R-MMU-190828_GAP_JUNCTION_TRAFFICKING	-0.001696728805092593	3	1	2	-0.001696728805092593	3	1	2	0.008292700225293319	3.0	1.0	2.0	0.008292700225293319	3.0	1.0	2.0	0.6737606291321717	0.9117647058823529	0.9828669639251084	ENSMUSG00000001473;ENSMUSG00000043091;ENSMUSG00000046352;ENSMUSG00000029580			False	False	False	False
soleus	R-MMU-193648_NRAGE_SIGNALS_DEATH_THROUGH_JNK	0.0006796207936981485	3	2	1	0.0006796207936981485	3	2	1	-0.019866648330572917	3.0	0.0	3.0	-0.019866648330572917	3.0	0.0	3.0	-1.3371954512706303	0.1260096930533118	0.49431380168840355	ENSMUSG00000037946;ENSMUSG00000017631;ENSMUSG00000028059;ENSMUSG00000031442;ENSMUSG00000022788;ENSMUSG00000021215;ENSMUSG00000052921;ENSMUSG00000040964			False	False	False	False
soleus	R-MMU-193704_P75_NTR_RECEPTOR_MEDIATED_SIGNALLING	-0.0019380456677777775	3	1	2	-0.0019380456677777775	3	1	2	-0.01433758706634731	3.0	0.0	3.0	-0.01433758706634731	3.0	0.0	3.0	-1.2254851438736383	0.18445121951219512	0.6349206349206349	ENSMUSG00000037946;ENSMUSG00000017631;ENSMUSG00000028059;ENSMUSG00000031442;ENSMUSG00000022788;ENSMUSG00000021215;ENSMUSG00000052921;ENSMUSG00000040964			False	False	True	True
soleus	R-MMU-194138_SIGNALING_BY_VEGF	-0.09950242181111112	3	0	3	-0.09950242181111112	3	0	3	0.003503423982311446	3.0	1.0	2.0	0.003503423982311446	3.0	1.0	2.0	-0.8077131409884197	0.755192878338279	1.0	ENSMUSG00000020340;ENSMUSG00000020312;ENSMUSG00000032715;ENSMUSG00000023951;ENSMUSG00000062960			False	False	False	True
soleus	R-MMU-194315_SIGNALING_BY_RHO_GTPASES	0.17731494666666678	3	1	2	0.17731494666666678	3	1	2	-0.0020610716691065504	3.0	1.0	2.0	-0.0020610716691065504	3.0	1.0	2.0	-0.6936422621941384	0.9809296781883194	1.0	ENSMUSG00000020340;ENSMUSG00000037946;ENSMUSG00000019944;ENSMUSG00000026039;ENSMUSG00000022797;ENSMUSG00000017631;ENSMUSG00000030739;ENSMUSG00000026880;ENSMUSG00000045664;ENSMUSG00000037709;ENSMUSG00000028059;ENSMUSG00000027500;ENSMUSG00000031442;ENSMUSG00000026991;ENSMUSG00000020315;ENSMUSG00000022788;ENSMUSG00000066357;ENSMUSG00000021215;ENSMUSG00000047963;ENSMUSG00000052921;ENSMUSG00000027940;ENSMUSG00000068614;ENSMUSG00000075415;ENSMUSG00000039960;ENSMUSG00000032812;ENSMUSG00000040964;ENSMUSG00000058672;ENSMUSG00000057738;ENSMUSG00000046841;ENSMUSG00000028698;ENSMUSG00000001270;ENSMUSG00000030257;ENSMUSG00000056071;ENSMUSG00000073676;ENSMUSG00000026605;ENSMUSG00000034868;ENSMUSG00000057315;ENSMUSG00000066406;ENSMUSG00000025558;ENSMUSG00000072235;ENSMUSG00000117098;ENSMUSG00000029177;ENSMUSG00000032198;ENSMUSG00000052085;ENSMUSG00000040945;ENSMUSG00000098188;ENSMUSG00000061462;ENSMUSG00000033450;ENSMUSG00000031523;ENSMUSG00000007655;ENSMUSG00000034037			False	False	False	False
soleus	R-MMU-195258_RHO_GTPASE_EFFECTORS	0.054215366883333345	3	2	1	0.054215366883333345	3	2	1	0.006258209993081719	3.0	1.0	2.0	0.006258209993081719	3.0	1.0	2.0	1.3702600402701717	0.04411764705882353	0.1823065885353329	ENSMUSG00000021948;ENSMUSG00000001473;ENSMUSG00000043091;ENSMUSG00000030774;ENSMUSG00000028068;ENSMUSG00000020897;ENSMUSG00000029414;ENSMUSG00000026683;ENSMUSG00000028873;ENSMUSG00000071715;ENSMUSG00000033220;ENSMUSG00000038943;ENSMUSG00000030867;ENSMUSG00000045328;ENSMUSG00000022443;ENSMUSG00000018830;ENSMUSG00000040084;ENSMUSG00000029580;ENSMUSG00000052889;ENSMUSG00000026480;ENSMUSG00000027379;ENSMUSG00000005233;ENSMUSG00000028678;ENSMUSG00000023940;ENSMUSG00000068101;ENSMUSG00000015340;ENSMUSG00000022021;ENSMUSG00000015950;ENSMUSG00000020900;ENSMUSG00000062380;ENSMUSG00000025372;ENSMUSG00000042292			False	False	True	True
soleus	R-MMU-195721_SIGNALING_BY_WNT	-0.11190390553703705	3	0	3	-0.11190390553703705	3	0	3	0.004179133628181046	3.0	2.0	1.0	0.004179133628181046	3.0	2.0	1.0	-0.7419918924267148	0.8276877761413843	1.0	ENSMUSG00000000567;ENSMUSG00000028031			False	False	False	True
soleus	R-MMU-196849_METABOLISM_OF_WATER_SOLUBLE_VITAMINS_AND_COFACTORS	-0.0015100545058518513	3	2	1	-0.0015100545058518513	3	2	1	-0.019705211056198046	3.0	0.0	3.0	-0.019705211056198046	3.0	0.0	3.0	-1.5677600046783826	0.01875	0.2161506853272094	ENSMUSG00000109372;ENSMUSG00000033610;ENSMUSG00000025068;ENSMUSG00000032788;ENSMUSG00000005667;ENSMUSG00000020532;ENSMUSG00000040918;ENSMUSG00000032271;ENSMUSG00000001348;ENSMUSG00000042010;ENSMUSG00000020534;ENSMUSG00000018042;ENSMUSG00000063558;ENSMUSG00000029009;ENSMUSG00000024892			False	False	True	True
soleus	R-MMU-196854_METABOLISM_OF_VITAMINS_AND_COFACTORS	-0.12679809906574077	3	1	2	-0.12679809906574077	3	1	2	-0.010032408589410116	3.0	0.0	3.0	-0.010032408589410116	3.0	0.0	3.0	-1.4268955909102277	0.034383954154727794	0.3713392646513666	ENSMUSG00000109372;ENSMUSG00000015568;ENSMUSG00000033610;ENSMUSG00000026489;ENSMUSG00000033715;ENSMUSG00000025068;ENSMUSG00000032788;ENSMUSG00000005667;ENSMUSG00000020532;ENSMUSG00000040918;ENSMUSG00000032271;ENSMUSG00000001348;ENSMUSG00000042010;ENSMUSG00000022579;ENSMUSG00000017009;ENSMUSG00000031119;ENSMUSG00000020534;ENSMUSG00000025950;ENSMUSG00000018042;ENSMUSG00000063558;ENSMUSG00000029009;ENSMUSG00000024892			False	False	True	True
soleus	R-MMU-1971475_GLYCOSAMINOGLYCAN_PROTEIN_LINKAGE_REGION_BIOSYNTHESIS	-0.0019333117703703706	3	0	3	-0.0019333117703703706	3	0	3	-0.004398581140426812	3.0	2.0	1.0	-0.004398581140426812	3.0	2.0	1.0	-1.2606386343298355	0.20358306188925082	0.5858830767561543	ENSMUSG00000031375;ENSMUSG00000017009;ENSMUSG00000031119;ENSMUSG00000055653;ENSMUSG00000019929;ENSMUSG00000030657;ENSMUSG00000041936;ENSMUSG00000025743;ENSMUSG00000021614			False	False	True	True
soleus	R-MMU-198933_IMMUNOREGULATORY_INTERACTIONS_BETWEEN_A_LYMPHOID_AND_A_NON_LYMPHOID_CELL	0.06452535137962961	3	1	2	0.06452535137962961	3	1	2	0.0015991106616545236	3.0	2.0	1.0	0.0015991106616545236	3.0	2.0	1.0	0.7848312974593672	0.8617363344051447	0.9055827139463719	ENSMUSG00000027322;ENSMUSG00000069609;ENSMUSG00000069607;ENSMUSG00000047798;ENSMUSG00000079685;ENSMUSG00000030149;ENSMUSG00000071068;ENSMUSG00000040511;ENSMUSG00000030830;ENSMUSG00000001281;ENSMUSG00000030468;ENSMUSG00000026581;ENSMUSG00000000290;ENSMUSG00000051682;ENSMUSG00000026656;ENSMUSG00000042265;ENSMUSG00000034641			False	False	True	True
soleus	R-MMU-199418_NEGATIVE_REGULATION_OF_THE_PI3K_AKT_NETWORK	-0.0014203105972962966	3	1	2	-0.0014203105972962968	3	1	2	0.007058701497128826	3.0	2.0	1.0	0.007058701497128826	3.0	2.0	1.0	-0.7728151668957729	0.8069908814589666	1.0	ENSMUSG00000027208;ENSMUSG00000020901;ENSMUSG00000032715;ENSMUSG00000038894;ENSMUSG00000026012;ENSMUSG00000021732			False	False	False	True
soleus	R-MMU-199977_ER_TO_GOLGI_ANTEROGRADE_TRANSPORT	0.0020644240457259257	3	1	2	0.0020644240457259257	3	1	2	0.01644369116999377	3.0	2.0	1.0	0.01644369116999377	3.0	2.0	1.0	1.1007163486206732	0.31266846361185985	0.4268581014976995	ENSMUSG00000025650;ENSMUSG00000001473;ENSMUSG00000043091;ENSMUSG00000026579;ENSMUSG00000030560;ENSMUSG00000056271;ENSMUSG00000026532;ENSMUSG00000029378;ENSMUSG00000062380;ENSMUSG00000079015			False	False	True	True
soleus	R-MMU-199991_MEMBRANE_TRAFFICKING	0.12953740833333316	3	2	1	0.12953740833333316	3	2	1	0.007421129725691214	3.0	3.0	0.0	0.007421129725691214	3.0	3.0	0.0	1.0676907857357347	0.3050847457627119	0.4737017072507142	ENSMUSG00000024486;ENSMUSG00000032193;ENSMUSG00000025650;ENSMUSG00000020609;ENSMUSG00000001473;ENSMUSG00000043091;ENSMUSG00000036768;ENSMUSG00000026579;ENSMUSG00000030560;ENSMUSG00000023015;ENSMUSG00000034311;ENSMUSG00000045328;ENSMUSG00000046352;ENSMUSG00000029580;ENSMUSG00000070000;ENSMUSG00000045730;ENSMUSG00000030677;ENSMUSG00000056271;ENSMUSG00000028678;ENSMUSG00000079553;ENSMUSG00000023805;ENSMUSG00000026532;ENSMUSG00000042249;ENSMUSG00000029378;ENSMUSG00000051378;ENSMUSG00000018008;ENSMUSG00000062380;ENSMUSG00000012443;ENSMUSG00000020122			False	False	True	True
soleus	R-MMU-201681_TCF_DEPENDENT_SIGNALING_IN_RESPONSE_TO_WNT	-0.03048926368518501	3	2	1	-0.03048926368518501	3	2	1	-0.007932984826089035	3.0	0.0	3.0	-0.007932984826089035	3.0	0.0	3.0	-1.1561649289336293	0.2890625	0.7338837670228129	ENSMUSG00000000567;ENSMUSG00000028031			False	False	True	True
soleus	R-MMU-2022090_ASSEMBLY_OF_COLLAGEN_FIBRILS_AND_OTHER_MULTIMERIC_STRUCTURES	0.0012555827003703699	3	1	2	0.0012555827003703699	3	1	2	-0.015615566017693774	3.0	0.0	3.0	-0.015615566017693774	3.0	0.0	3.0	-1.4704018865317023	0.03560830860534125	0.34331449643216316	ENSMUSG00000024330;ENSMUSG00000056174;ENSMUSG00000027966;ENSMUSG00000031274;ENSMUSG00000022483;ENSMUSG00000028197;ENSMUSG00000028339;ENSMUSG00000021477;ENSMUSG00000068196;ENSMUSG00000001119;ENSMUSG00000020241;ENSMUSG00000029718			False	False	False	False
soleus	R-MMU-202403_TCR_SIGNALING	0.0003110751799999996	3	2	1	0.0003110751799999996	3	2	1	0.02194242708765474	3.0	2.0	1.0	0.02194242708765474	3.0	2.0	1.0	1.2976054317411965	0.13432835820895522	0.24217462854638067	ENSMUSG00000030774;ENSMUSG00000022148;ENSMUSG00000027508;ENSMUSG00000002699;ENSMUSG00000042351;ENSMUSG00000026117;ENSMUSG00000036526;ENSMUSG00000086564;ENSMUSG00000060586;ENSMUSG00000073421;ENSMUSG00000025314;ENSMUSG00000036594;ENSMUSG00000026395			False	False	True	True
soleus	R-MMU-202424_DOWNSTREAM_TCR_SIGNALING	-0.00022645120025925947	3	2	1	-0.00022645120025925947	3	2	1	0.014800176051381052	3.0	2.0	1.0	0.014800176051381052	3.0	2.0	1.0	-0.7779211428624684	0.7748447204968945	1.0	ENSMUSG00000005763;ENSMUSG00000068240;ENSMUSG00000076498;ENSMUSG00000041417;ENSMUSG00000076490;ENSMUSG00000000409;ENSMUSG00000023274;ENSMUSG00000076928;ENSMUSG00000032093;ENSMUSG00000008348;ENSMUSG00000021025;ENSMUSG00000026288;ENSMUSG00000036594;ENSMUSG00000073421;ENSMUSG00000060586;ENSMUSG00000036526			False	False	False	True
soleus	R-MMU-202433_GENERATION_OF_SECOND_MESSENGER_MOLECULES	-0.0053452168907407414	3	0	3	-0.0053452168907407414	3	0	3	0.025370376035765335	3.0	2.0	1.0	0.025370376035765335	3.0	2.0	1.0	1.2699405308837153	0.14864864864864866	0.2621320318037646	ENSMUSG00000030774;ENSMUSG00000022148;ENSMUSG00000002699;ENSMUSG00000042351;ENSMUSG00000026117;ENSMUSG00000086564;ENSMUSG00000060586;ENSMUSG00000073421;ENSMUSG00000036594			False	False	False	False
soleus	R-MMU-202733_CELL_SURFACE_INTERACTIONS_AT_THE_VASCULAR_WALL	0.06382681844814819	3	1	2	0.06382681844814819	3	1	2	0.009954586140433904	3.0	2.0	1.0	0.009954586140433904	3.0	2.0	1.0	0.7627179959104297	0.8900343642611683	0.9282304740407988	ENSMUSG00000025161;ENSMUSG00000041329;ENSMUSG00000020609;ENSMUSG00000000555;ENSMUSG00000038147;ENSMUSG00000030786;ENSMUSG00000022180;ENSMUSG00000022102;ENSMUSG00000051457;ENSMUSG00000004266;ENSMUSG00000030830;ENSMUSG00000052212;ENSMUSG00000027611;ENSMUSG00000026581;ENSMUSG00000026580;ENSMUSG00000004709;ENSMUSG00000000290;ENSMUSG00000027111;ENSMUSG00000015355;ENSMUSG00000024610;ENSMUSG00000042265			False	False	True	True
soleus	R-MMU-2029480_FCGAMMA_RECEPTOR_FCGR_DEPENDENT_PHAGOCYTOSIS	0.011850317077777778	3	3	0	0.011850317077777778	3	3	0	0.00674671726342406	3.0	2.0	1.0	0.00674671726342406	3.0	2.0	1.0	-0.9922160866379419	0.4774774774774775	0.9250259648348821	ENSMUSG00000020340;ENSMUSG00000033196;ENSMUSG00000076612;ENSMUSG00000003363			False	False	True	False
soleus	R-MMU-2029482_REGULATION_OF_ACTIN_DYNAMICS_FOR_PHAGOCYTIC_CUP_FORMATION	-0.003375392873333332	3	0	3	-0.003375392873333332	3	0	3	0.0027675620530841446	3.0	1.0	2.0	0.0027675620530841446	3.0	1.0	2.0	-1.2245567138282198	0.2110939907550077	0.6238928230758749	ENSMUSG00000020340;ENSMUSG00000033196;ENSMUSG00000076612			False	False	False	True
soleus	R-MMU-204998_CELL_DEATH_SIGNALLING_VIA_NRAGE_NRIF_AND_NADE	-0.006073880683703702	3	0	3	-0.006073880683703702	3	0	3	-0.015962992838545197	3.0	0.0	3.0	-0.015962992838545197	3.0	0.0	3.0	-1.2095774575142257	0.20754716981132076	0.6413922168301148	ENSMUSG00000037946;ENSMUSG00000017631;ENSMUSG00000028059;ENSMUSG00000031442;ENSMUSG00000022788;ENSMUSG00000021215;ENSMUSG00000052921;ENSMUSG00000040964			False	False	True	True
soleus	R-MMU-211859_BIOLOGICAL_OXIDATIONS	-0.17447066966666672	3	1	2	-0.17447066966666672	3	1	2	-0.01895884355407268	3.0	2.0	1.0	-0.01895884355407268	3.0	2.0	1.0	-1.7313384303591262	0.0014084507042253522	0.15607623091699524	ENSMUSG00000038776;ENSMUSG00000015709;ENSMUSG00000022562;ENSMUSG00000027605;ENSMUSG00000017969;ENSMUSG00000063415;ENSMUSG00000057933;ENSMUSG00000040170;ENSMUSG00000025068;ENSMUSG00000027452;ENSMUSG00000008540;ENSMUSG00000025479;ENSMUSG00000029455;ENSMUSG00000111709;ENSMUSG00000040181;ENSMUSG00000074183;ENSMUSG00000052974;ENSMUSG00000032271;ENSMUSG00000032315;ENSMUSG00000019102;ENSMUSG00000018042			False	False	True	True
soleus	R-MMU-211945_PHASE_I_FUNCTIONALIZATION_OF_COMPOUNDS	-0.0271748641203704	3	2	1	-0.0271748641203704	3	2	1	-0.025205048373856065	3.0	2.0	1.0	-0.025205048373856065	3.0	2.0	1.0	-1.7463086648491009	0.0029985007496251873	0.17124153270650086	ENSMUSG00000038776;ENSMUSG00000015709;ENSMUSG00000027605;ENSMUSG00000017969;ENSMUSG00000063415;ENSMUSG00000040170;ENSMUSG00000027452;ENSMUSG00000025479;ENSMUSG00000029455;ENSMUSG00000040181;ENSMUSG00000052974;ENSMUSG00000032315;ENSMUSG00000019102;ENSMUSG00000018042;ENSMUSG00000028713			False	False	True	True
soleus	R-MMU-212165_EPIGENETIC_REGULATION_OF_GENE_EXPRESSION	0.00043800400915555503	3	1	2	0.00043800400915555503	3	1	2	0.016772322642121303	3.0	3.0	0.0	0.016772322642121303	3.0	3.0	0.0	2.2449050055754793	0.0	8.714800707386749e-05	ENSMUSG00000101355;ENSMUSG00000099517;ENSMUSG00000094777;ENSMUSG00000062727;ENSMUSG00000069310;ENSMUSG00000069301;ENSMUSG00000069274;ENSMUSG00000063021;ENSMUSG00000069267;ENSMUSG00000061615;ENSMUSG00000071516;ENSMUSG00000075031;ENSMUSG00000094338;ENSMUSG00000069302;ENSMUSG00000071478;ENSMUSG00000074403;ENSMUSG00000069305;ENSMUSG00000069272;ENSMUSG00000095217;ENSMUSG00000067916;ENSMUSG00000069309			False	False	True	True
soleus	R-MMU-212300_PRC2_METHYLATES_HISTONES_AND_DNA	-0.015317976211481482	3	0	3	-0.015317976211481482	3	0	3	0.021089236179014148	3.0	3.0	0.0	0.021089236179014148	3.0	3.0	0.0	2.3066923430220916	0.0	0.00015845092195248636	ENSMUSG00000101355;ENSMUSG00000099517;ENSMUSG00000094777;ENSMUSG00000062727;ENSMUSG00000069310;ENSMUSG00000069301;ENSMUSG00000069274;ENSMUSG00000063021;ENSMUSG00000069267;ENSMUSG00000061615;ENSMUSG00000071516;ENSMUSG00000075031;ENSMUSG00000094338;ENSMUSG00000069302;ENSMUSG00000071478;ENSMUSG00000074403;ENSMUSG00000069305;ENSMUSG00000069272;ENSMUSG00000095217			False	False	False	False
soleus	R-MMU-212436_GENERIC_TRANSCRIPTION_PATHWAY	-0.06595550722222214	3	1	2	-0.06595550722222214	3	1	2	0.005012888553861228	3.0	2.0	1.0	0.005012888553861228	3.0	2.0	1.0	1.1607992515042393	0.13089005235602094	0.3653062356223237	ENSMUSG00000046179;ENSMUSG00000022346;ENSMUSG00000023067;ENSMUSG00000101355;ENSMUSG00000020423;ENSMUSG00000006542;ENSMUSG00000099517;ENSMUSG00000022510;ENSMUSG00000094777;ENSMUSG00000062727;ENSMUSG00000069310;ENSMUSG00000028341;ENSMUSG00000069301;ENSMUSG00000048895;ENSMUSG00000069274;ENSMUSG00000063021;ENSMUSG00000069267;ENSMUSG00000030353;ENSMUSG00000061615;ENSMUSG00000020897;ENSMUSG00000023034;ENSMUSG00000038332;ENSMUSG00000071516;ENSMUSG00000075031;ENSMUSG00000027715;ENSMUSG00000017146;ENSMUSG00000094338;ENSMUSG00000032402;ENSMUSG00000039910;ENSMUSG00000069302;ENSMUSG00000071478;ENSMUSG00000027469;ENSMUSG00000019942;ENSMUSG00000028680;ENSMUSG00000055116;ENSMUSG00000070691;ENSMUSG00000074403;ENSMUSG00000062175;ENSMUSG00000069305;ENSMUSG00000041431;ENSMUSG00000069272			False	False	False	False
soleus	R-MMU-2129379_MOLECULES_ASSOCIATED_WITH_ELASTIC_FIBRES	-0.12238201649185186	3	0	3	-0.12238201649185186	3	0	3	-0.017120369680056546	3.0	0.0	3.0	-0.017120369680056546	3.0	0.0	3.0	-1.639142623932075	0.0109204368174727	0.17756040845212823	ENSMUSG00000002020;ENSMUSG00000042436;ENSMUSG00000024598;ENSMUSG00000026193;ENSMUSG00000040488;ENSMUSG00000021186;ENSMUSG00000024940;ENSMUSG00000021253			False	False	True	True
soleus	R-MMU-2132295_MHC_CLASS_II_ANTIGEN_PRESENTATION	0.0007884720675925926	3	1	2	0.0007884720675925926	3	1	2	0.013329407672600985	3.0	1.0	2.0	0.013329407672600989	3.0	1.0	2.0	1.1153349840577795	0.2977346278317152	0.40873625706630995	ENSMUSG00000001473;ENSMUSG00000043091;ENSMUSG00000036768;ENSMUSG00000030560;ENSMUSG00000079547;ENSMUSG00000023015;ENSMUSG00000034311;ENSMUSG00000045328;ENSMUSG00000030677;ENSMUSG00000028678;ENSMUSG00000031838;ENSMUSG00000004552;ENSMUSG00000062380;ENSMUSG00000012443;ENSMUSG00000038642;ENSMUSG00000032254			False	False	True	True
soleus	R-MMU-216083_INTEGRIN_CELL_SURFACE_INTERACTIONS	-0.04639589542037037	3	2	1	-0.04639589542037037	3	2	1	-0.008507028974120858	3.0	1.0	2.0	-0.008507028974120858	3.0	1.0	2.0	-1.3254473402384965	0.10703812316715543	0.48227465083698023	ENSMUSG00000031849;ENSMUSG00000056174;ENSMUSG00000031274;ENSMUSG00000032243;ENSMUSG00000040690;ENSMUSG00000022483;ENSMUSG00000039115;ENSMUSG00000026193;ENSMUSG00000029304;ENSMUSG00000053062;ENSMUSG00000001930;ENSMUSG00000068196;ENSMUSG00000037405;ENSMUSG00000001119;ENSMUSG00000020241			False	False	True	True
soleus	R-MMU-2173789_TGF_BETA_RECEPTOR_SIGNALING_ACTIVATES_SMADS	-0.0006526806318518531	3	1	2	-0.0006526806318518531	3	1	2	-0.006113373101567658	3.0	0.0	3.0	-0.006113373101567658	3.0	0.0	3.0	-1.1782724580954027	0.2637729549248748	0.6933541286295126	ENSMUSG00000002020;ENSMUSG00000040488;ENSMUSG00000024940;ENSMUSG00000021253;ENSMUSG00000038400;ENSMUSG00000029287;ENSMUSG00000032440;ENSMUSG00000068240			False	False	True	True
soleus	R-MMU-2187338_VISUAL_PHOTOTRANSDUCTION	0.0020570375871851853	3	1	2	0.0020570375871851853	3	1	2	-0.004456517866328366	3.0	1.0	2.0	-0.004456517866328366	3.0	1.0	2.0	-1.0098349062199592	0.4448	0.9489883390933	ENSMUSG00000015568;ENSMUSG00000033715;ENSMUSG00000027068;ENSMUSG00000066026			False	False	False	False
soleus	R-MMU-2262752_CELLULAR_RESPONSES_TO_STRESS	0.04498393407407445	3	1	2	0.04498393407407445	3	1	2	0.008433185392992879	3.0	2.0	1.0	0.008433185392992879	3.0	2.0	1.0	1.4445017577712382	0.010416666666666666	0.1399232187995305	ENSMUSG00000030091;ENSMUSG00000028238;ENSMUSG00000023067;ENSMUSG00000024222;ENSMUSG00000058773;ENSMUSG00000078249;ENSMUSG00000029368;ENSMUSG00000094777;ENSMUSG00000020609;ENSMUSG00000027692;ENSMUSG00000062727;ENSMUSG00000001473;ENSMUSG00000069301;ENSMUSG00000043091;ENSMUSG00000069274;ENSMUSG00000024617;ENSMUSG00000063021;ENSMUSG00000061615;ENSMUSG00000038332;ENSMUSG00000005483;ENSMUSG00000071516;ENSMUSG00000075031;ENSMUSG00000071715;ENSMUSG00000027715;ENSMUSG00000094338;ENSMUSG00000039910;ENSMUSG00000052684;ENSMUSG00000069302;ENSMUSG00000021250;ENSMUSG00000041548;ENSMUSG00000090877;ENSMUSG00000071478;ENSMUSG00000091971;ENSMUSG00000032802;ENSMUSG00000046711;ENSMUSG00000026480;ENSMUSG00000032083			False	False	True	True
soleus	R-MMU-2299718_CONDENSATION_OF_PROPHASE_CHROMOSOMES	0.012724272025000002	3	3	0	0.012724272025000002	3	3	0	0.022217236169648203	3.0	3.0	0.0	0.022217236169648203	3.0	3.0	0.0	2.3676672263053433	0.0	0.0	ENSMUSG00000101355;ENSMUSG00000099517;ENSMUSG00000094777;ENSMUSG00000062727;ENSMUSG00000069310;ENSMUSG00000069301;ENSMUSG00000069274;ENSMUSG00000063021;ENSMUSG00000069267;ENSMUSG00000061615;ENSMUSG00000071516;ENSMUSG00000075031;ENSMUSG00000094338;ENSMUSG00000030867;ENSMUSG00000069302;ENSMUSG00000071478;ENSMUSG00000019942;ENSMUSG00000074403;ENSMUSG00000069305;ENSMUSG00000041431;ENSMUSG00000069272;ENSMUSG00000095217;ENSMUSG00000028312			False	False	True	True
soleus	R-MMU-2404192_SIGNALING_BY_TYPE_1_INSULIN_LIKE_GROWTH_FACTOR_1_RECEPTOR_IGF1R	-0.005196899436796296	3	1	2	-0.005196899436796296	3	1	2	-0.005430865841958611	3.0	1.0	2.0	-0.005430865841958611	3.0	1.0	2.0	-1.24938397807737	0.1971608832807571	0.5917406709881898	ENSMUSG00000027208;ENSMUSG00000032715;ENSMUSG00000038894;ENSMUSG00000042254;ENSMUSG00000021732			False	False	True	True
soleus	R-MMU-2428928_IRS_RELATED_EVENTS_TRIGGERED_BY_IGF1R	-0.0014762492782592611	3	1	2	-0.0014762492782592611	3	1	2	-0.0030314578408034143	3.0	1.0	2.0	-0.0030314578408034143	3.0	1.0	2.0	-1.093084871189137	0.34565916398713825	0.823484174220313	ENSMUSG00000027208;ENSMUSG00000032715;ENSMUSG00000038894;ENSMUSG00000021732			False	False	True	True
soleus	R-MMU-2454202_FC_EPSILON_RECEPTOR_FCERI_SIGNALING	-0.0037514677894259253	3	1	2	-0.0037514677894259253	3	1	2	0.02011508146271938	3.0	3.0	0.0	0.02011508146271938	3.0	3.0	0.0	1.7320687872074494	0.011940298507462687	0.027112713311869888	ENSMUSG00000030774;ENSMUSG00000002699;ENSMUSG00000052684;ENSMUSG00000021250;ENSMUSG00000034116;ENSMUSG00000058715;ENSMUSG00000027544;ENSMUSG00000042351;ENSMUSG00000031264;ENSMUSG00000109061;ENSMUSG00000036526			False	False	False	False
soleus	R-MMU-2467813_SEPARATION_OF_SISTER_CHROMATIDS	-0.004107119272777778	3	0	3	-0.004107119272777778	3	0	3	0.0036572178148706843	3.0	1.0	2.0	0.0036572178148706843	3.0	1.0	2.0	1.485249247408191	0.046296296296296294	0.11567303768194803	ENSMUSG00000001473;ENSMUSG00000043091;ENSMUSG00000020897;ENSMUSG00000029414;ENSMUSG00000026683;ENSMUSG00000028873;ENSMUSG00000030867;ENSMUSG00000045328;ENSMUSG00000040084;ENSMUSG00000024791;ENSMUSG00000027379;ENSMUSG00000058290;ENSMUSG00000005233;ENSMUSG00000028678;ENSMUSG00000001403;ENSMUSG00000023940;ENSMUSG00000068101			False	False	False	False
soleus	R-MMU-2500257_RESOLUTION_OF_SISTER_CHROMATID_COHESION	0.0009254561632592597	3	2	1	0.0009254561632592597	3	2	1	0.0047254331059618515	3.0	1.0	2.0	0.0047254331059618515	3.0	1.0	2.0	1.4838506747717664	0.031446540880503145	0.11518236597594293	ENSMUSG00000001473;ENSMUSG00000043091;ENSMUSG00000020897;ENSMUSG00000029414;ENSMUSG00000026683;ENSMUSG00000028873;ENSMUSG00000030867;ENSMUSG00000045328;ENSMUSG00000040084;ENSMUSG00000024791;ENSMUSG00000027379;ENSMUSG00000019942;ENSMUSG00000041431;ENSMUSG00000005233;ENSMUSG00000028678;ENSMUSG00000023940;ENSMUSG00000068101;ENSMUSG00000062380;ENSMUSG00000032218			False	False	True	True
soleus	R-MMU-2555396_MITOTIC_METAPHASE_AND_ANAPHASE	-0.0021644918231481496	3	1	2	-0.0021644918231481496	3	1	2	0.004179665360387649	3.0	1.0	2.0	0.004179665360387649	3.0	1.0	2.0	1.5197484096509688	0.035256410256410256	0.09780433300214042	ENSMUSG00000001473;ENSMUSG00000043091;ENSMUSG00000020897;ENSMUSG00000029414;ENSMUSG00000026683;ENSMUSG00000028873;ENSMUSG00000030867;ENSMUSG00000045328;ENSMUSG00000040084;ENSMUSG00000024791;ENSMUSG00000027379;ENSMUSG00000019942;ENSMUSG00000058290;ENSMUSG00000041431;ENSMUSG00000005233;ENSMUSG00000028678;ENSMUSG00000001403;ENSMUSG00000023940;ENSMUSG00000068101;ENSMUSG00000024590;ENSMUSG00000062380;ENSMUSG00000032218			False	False	False	False
soleus	R-MMU-2559583_CELLULAR_SENESCENCE	0.024951468888888956	3	1	2	0.024951468888888956	3	1	2	0.015900967186634144	3.0	2.0	1.0	0.015900967186634144	3.0	2.0	1.0	2.0133326730949856	0.0	0.002821935467153805	ENSMUSG00000023067;ENSMUSG00000058773;ENSMUSG00000078249;ENSMUSG00000094777;ENSMUSG00000027692;ENSMUSG00000062727;ENSMUSG00000069301;ENSMUSG00000069274;ENSMUSG00000063021;ENSMUSG00000061615;ENSMUSG00000071516;ENSMUSG00000075031;ENSMUSG00000027715;ENSMUSG00000094338;ENSMUSG00000052684;ENSMUSG00000069302;ENSMUSG00000021250;ENSMUSG00000071478;ENSMUSG00000046711;ENSMUSG00000018932;ENSMUSG00000069305;ENSMUSG00000069272;ENSMUSG00000001403;ENSMUSG00000095217;ENSMUSG00000024590;ENSMUSG00000069309			False	False	True	True
soleus	R-MMU-2559586_DNA_DAMAGE_TELOMERE_STRESS_INDUCED_SENESCENCE	0.011492439271111113	3	2	1	0.011492439271111113	3	2	1	0.02556682921126821	3.0	3.0	0.0	0.02556682921126821	3.0	3.0	0.0	2.3160100911734367	0.0	0.0	ENSMUSG00000023067;ENSMUSG00000058773;ENSMUSG00000078249;ENSMUSG00000094777;ENSMUSG00000062727;ENSMUSG00000069301;ENSMUSG00000069274;ENSMUSG00000063021;ENSMUSG00000061615;ENSMUSG00000071516;ENSMUSG00000075031;ENSMUSG00000027715;ENSMUSG00000094338;ENSMUSG00000069302;ENSMUSG00000071478;ENSMUSG00000046711;ENSMUSG00000069305;ENSMUSG00000069272;ENSMUSG00000095217;ENSMUSG00000024590;ENSMUSG00000069309			False	False	True	True
soleus	R-MMU-2980736_PEPTIDE_HORMONE_METABOLISM	-0.04472769508333332	3	2	1	-0.04472769508333332	3	2	1	0.015476890674529118	3.0	2.0	1.0	0.015476890674529118	3.0	2.0	1.0	-0.47444657560164744	0.9917898193760263	0.9951428908435278	ENSMUSG00000041324			False	False	False	True
soleus	R-MMU-2990846_SUMOYLATION	-0.004336104851055556	3	0	3	-0.004336104851055556	3	0	3	0.008909593321055887	3.0	2.0	1.0	0.008909593321055887	3.0	2.0	1.0	0.9860010647181615	0.47293447293447294	0.5868780608080533	ENSMUSG00000030091;ENSMUSG00000069274;ENSMUSG00000020897;ENSMUSG00000020914;ENSMUSG00000028873;ENSMUSG00000017146;ENSMUSG00000048490;ENSMUSG00000069305			False	False	False	False
soleus	R-MMU-3000171_NON_INTEGRIN_MEMBRANE_ECM_INTERACTIONS	0.09401046231481484	3	2	1	0.09401046231481484	3	2	1	-0.002650779699913397	3.0	1.0	2.0	-0.002650779699913397	3.0	1.0	2.0	-1.0315540117539812	0.4264705882352941	0.950665281875473	ENSMUSG00000024330;ENSMUSG00000027966;ENSMUSG00000031274;ENSMUSG00000022483;ENSMUSG00000026193;ENSMUSG00000030255;ENSMUSG00000068614;ENSMUSG00000039952;ENSMUSG00000017009;ENSMUSG00000037225			False	False	False	False
soleus	R-MMU-3000178_ECM_PROTEOGLYCANS	0.0001065485314814818	3	1	2	0.0001065485314814818	3	1	2	-0.0019694139206252737	3.0	1.0	2.0	-0.0019694139206252737	3.0	1.0	2.0	-0.8994940812077151	0.6138763197586727	1.0	ENSMUSG00000022483;ENSMUSG00000039115;ENSMUSG00000026193;ENSMUSG00000031375;ENSMUSG00000001119;ENSMUSG00000033327;ENSMUSG00000020241;ENSMUSG00000026043;ENSMUSG00000019929;ENSMUSG00000091345;ENSMUSG00000041936;ENSMUSG00000021614;ENSMUSG00000026042			False	False	False	False
soleus	R-MMU-3108232_SUMO_E3_LIGASES_SUMOYLATE_TARGET_PROTEINS	0.0015598528265	3	3	0	0.0015598528265	3	3	0	0.008909593321055887	3.0	2.0	1.0	0.008909593321055887	3.0	2.0	1.0	0.9860010647181615	0.47293447293447294	0.5868780608080533	ENSMUSG00000030091;ENSMUSG00000069274;ENSMUSG00000020897;ENSMUSG00000020914;ENSMUSG00000028873;ENSMUSG00000017146;ENSMUSG00000048490;ENSMUSG00000069305			False	False	True	True
soleus	R-MMU-3214841_PKMTS_METHYLATE_HISTONE_LYSINES	0.0005345258124518517	3	2	1	0.0005345258124518517	3	2	1	0.01917945470787406	3.0	2.0	1.0	0.01917945470787406	3.0	2.0	1.0	1.849448934070779	0.0027624309392265192	0.011510114141831557	ENSMUSG00000101355;ENSMUSG00000099517;ENSMUSG00000069310;ENSMUSG00000069274;ENSMUSG00000069267;ENSMUSG00000061589;ENSMUSG00000074403;ENSMUSG00000069305			False	False	True	True
soleus	R-MMU-3214847_HATS_ACETYLATE_HISTONES	-0.00023830208212037034	3	1	2	-0.00023830208212037034	3	1	2	0.025005478708480088	3.0	3.0	0.0	0.025005478708480088	3.0	3.0	0.0	2.0083038145946257	0.0	0.002877910931276555	ENSMUSG00000101355;ENSMUSG00000099517;ENSMUSG00000062727;ENSMUSG00000069310;ENSMUSG00000069274;ENSMUSG00000069267;ENSMUSG00000075031;ENSMUSG00000094338;ENSMUSG00000074403;ENSMUSG00000069305;ENSMUSG00000095217			False	False	False	False
soleus	R-MMU-3214858_RMTS_METHYLATE_HISTONE_ARGININES	0.0004920505254444445	3	2	1	0.0004920505254444445	3	2	1	0.014959918566160043	3.0	2.0	1.0	0.014959918566160043	3.0	2.0	1.0	2.0863566265286364	0.0	0.0011305687404177406	ENSMUSG00000101355;ENSMUSG00000099517;ENSMUSG00000094777;ENSMUSG00000069310;ENSMUSG00000069301;ENSMUSG00000069274;ENSMUSG00000063021;ENSMUSG00000069267;ENSMUSG00000061615;ENSMUSG00000071516;ENSMUSG00000069302;ENSMUSG00000071478;ENSMUSG00000074403;ENSMUSG00000069305;ENSMUSG00000069272			False	False	True	True
soleus	R-MMU-3247509_CHROMATIN_MODIFYING_ENZYMES	0.013514966792740743	3	2	1	0.013514966792740744	3	2	1	0.013594668224523319	3.0	3.0	0.0	0.013594668224523319	3.0	3.0	0.0	1.9538537891127084	0.0	0.003998555618683332	ENSMUSG00000101355;ENSMUSG00000099517;ENSMUSG00000094777;ENSMUSG00000062727;ENSMUSG00000069310;ENSMUSG00000069301;ENSMUSG00000031609;ENSMUSG00000069274;ENSMUSG00000063021;ENSMUSG00000069267;ENSMUSG00000061615;ENSMUSG00000019947;ENSMUSG00000071516;ENSMUSG00000075031;ENSMUSG00000061589;ENSMUSG00000094338;ENSMUSG00000069302;ENSMUSG00000071478;ENSMUSG00000074403;ENSMUSG00000069305;ENSMUSG00000069272;ENSMUSG00000095217			False	False	True	True
soleus	R-MMU-3371556_CELLULAR_RESPONSE_TO_HEAT_STRESS	0.001419285237037038	3	2	1	0.001419285237037038	3	2	1	0.01535659283536428	3.0	2.0	1.0	0.01535659283536428	3.0	2.0	1.0	1.2143843804484165	0.2230971128608924	0.3197251512415807	ENSMUSG00000030091;ENSMUSG00000024617;ENSMUSG00000005483;ENSMUSG00000041548;ENSMUSG00000090877;ENSMUSG00000091971			False	False	True	True
soleus	R-MMU-352230_AMINO_ACID_TRANSPORT_ACROSS_THE_PLASMA_MEMBRANE	-0.0002109155169629635	3	1	2	-0.0002109155169629635	3	1	2	0.01158877375358735	3.0	2.0	1.0	0.01158877375358735	3.0	2.0	1.0	1.2187848928645988	0.20155038759689922	0.3192399936440363	ENSMUSG00000021565;ENSMUSG00000022464;ENSMUSG00000022462;ENSMUSG00000027075;ENSMUSG00000022180;ENSMUSG00000019838			False	False	False	False
soleus	R-MMU-3700989_TRANSCRIPTIONAL_REGULATION_BY_TP53	0.01959823683064815	3	3	0	0.01959823683064815	3	3	0	0.009591719471471851	3.0	2.0	1.0	0.009591719471471851	3.0	2.0	1.0	1.1388312252892856	0.20178041543026706	0.3840781952046851	ENSMUSG00000046179;ENSMUSG00000023067;ENSMUSG00000020423;ENSMUSG00000006542;ENSMUSG00000022510;ENSMUSG00000048895;ENSMUSG00000020897;ENSMUSG00000038332			False	False	True	True
soleus	R-MMU-372790_SIGNALING_BY_GPCR	0.34730751083333344	3	1	2	0.34730751083333344	3	1	2	-0.0019001190082763204	3.0	1.0	2.0	-0.0019001190082763204	3.0	1.0	2.0	-1.0977146664313535	0.28502415458937197	0.851392244429802	ENSMUSG00000037946;ENSMUSG00000027765;ENSMUSG00000032177;ENSMUSG00000060183;ENSMUSG00000033174;ENSMUSG00000017631;ENSMUSG00000031659;ENSMUSG00000027249;ENSMUSG00000020901;ENSMUSG00000048376;ENSMUSG00000050164;ENSMUSG00000039321;ENSMUSG00000026193;ENSMUSG00000044337;ENSMUSG00000069094;ENSMUSG00000028059;ENSMUSG00000031442;ENSMUSG00000031842;ENSMUSG00000019990;ENSMUSG00000031778;ENSMUSG00000022788;ENSMUSG00000044288;ENSMUSG00000038668;ENSMUSG00000021215;ENSMUSG00000020793;ENSMUSG00000035735;ENSMUSG00000032766;ENSMUSG00000049241;ENSMUSG00000021536;ENSMUSG00000052921;ENSMUSG00000073878;ENSMUSG00000044338;ENSMUSG00000003476;ENSMUSG00000038530;ENSMUSG00000061353;ENSMUSG00000031489			False	False	False	False
soleus	R-MMU-373076_CLASS_A_1_RHODOPSIN_LIKE_RECEPTORS	-0.14255604937037028	3	1	2	-0.14255604937037028	3	1	2	0.0007109309134472238	3.0	2.0	1.0	0.0007109309134472238	3.0	2.0	1.0	-0.8696584674860739	0.7071524966261808	1.0	ENSMUSG00000027765;ENSMUSG00000060183;ENSMUSG00000027249;ENSMUSG00000048376;ENSMUSG00000050164;ENSMUSG00000039321;ENSMUSG00000044337;ENSMUSG00000031778;ENSMUSG00000044288;ENSMUSG00000038668;ENSMUSG00000020793;ENSMUSG00000049241;ENSMUSG00000073878;ENSMUSG00000044338;ENSMUSG00000061353;ENSMUSG00000031489			False	False	False	True
soleus	R-MMU-373755_SEMAPHORIN_INTERACTIONS	-0.001179137317148148	3	2	1	-0.001179137317148148	3	2	1	0.01792190757884135	3.0	2.0	1.0	0.01792190757884135	3.0	2.0	1.0	1.5051828276277552	0.03723404255319149	0.10512228353285268	ENSMUSG00000048895;ENSMUSG00000030774;ENSMUSG00000054855;ENSMUSG00000022231;ENSMUSG00000027200			False	False	False	False
soleus	R-MMU-373760_L1CAM_INTERACTIONS	-0.009872939474999998	3	1	2	-0.009872939474999998	3	1	2	0.006748711552837627	3.0	1.0	2.0	0.006748711552837627	3.0	1.0	2.0	0.8356711796617236	0.7142857142857143	0.8381386140997403	ENSMUSG00000001473;ENSMUSG00000043091;ENSMUSG00000030774;ENSMUSG00000000555;ENSMUSG00000034311;ENSMUSG00000026442;ENSMUSG00000029580			False	False	False	False
soleus	R-MMU-375165_NCAM_SIGNALING_FOR_NEURITE_OUT_GROWTH	-0.0005976389461296293	3	2	1	-0.0005976389461296293	3	2	1	0.0011414138972819325	3.0	1.0	2.0	0.0011414138972819325	3.0	1.0	2.0	-0.8130556422950636	0.7204968944099379	1.0	ENSMUSG00000022483;ENSMUSG00000020315;ENSMUSG00000025789;ENSMUSG00000001119;ENSMUSG00000020241;ENSMUSG00000057738			False	False	False	True
soleus	R-MMU-375276_PEPTIDE_LIGAND_BINDING_RECEPTORS	0.04738841500000002	3	1	2	0.04738841500000002	3	1	2	0.0009125729050912246	3.0	2.0	1.0	0.0009125729050912246	3.0	2.0	1.0	-0.7647505873311419	0.8658367911479945	1.0	ENSMUSG00000060183;ENSMUSG00000027249;ENSMUSG00000048376;ENSMUSG00000050164;ENSMUSG00000039321;ENSMUSG00000044337;ENSMUSG00000031778;ENSMUSG00000020793;ENSMUSG00000073878;ENSMUSG00000044338;ENSMUSG00000061353			False	False	True	False
soleus	R-MMU-380320_RECRUITMENT_OF_NUMA_TO_MITOTIC_CENTROSOMES	-0.0008801719469444446	3	0	3	-0.0008801719469444446	3	0	3	0.015425597469425156	3.0	2.0	1.0	0.015425597469425156	3.0	2.0	1.0	1.1056528273902753	0.3241206030150754	0.4216160480159866	ENSMUSG00000001473;ENSMUSG00000043091;ENSMUSG00000030867;ENSMUSG00000019942;ENSMUSG00000062380;ENSMUSG00000026622;ENSMUSG00000062591;ENSMUSG00000001525;ENSMUSG00000045136			False	False	False	False
soleus	R-MMU-381426_REGULATION_OF_INSULIN_LIKE_GROWTH_FACTOR_IGF_TRANSPORT_AND_UPTAKE_BY_INSULIN_LIKE_GROWTH_FACTOR_BINDING_PROTEINS_IGFBPS	0.047880866735185164	3	1	2	0.047880866735185164	3	1	2	0.003531733088484123	3.0	3.0	0.0	0.003531733088484123	3.0	3.0	0.0	-0.7183027949504677	0.9186046511627907	1.0	ENSMUSG00000039474;ENSMUSG00000050014;ENSMUSG00000024736;ENSMUSG00000026193;ENSMUSG00000029304;ENSMUSG00000038239;ENSMUSG00000003617;ENSMUSG00000020583;ENSMUSG00000029309;ENSMUSG00000022816;ENSMUSG00000023046;ENSMUSG00000025854;ENSMUSG00000039405;ENSMUSG00000029070;ENSMUSG00000073418;ENSMUSG00000046841;ENSMUSG00000068220			False	False	True	False
soleus	R-MMU-382551_TRANSPORT_OF_SMALL_MOLECULES	0.16811013537037045	3	2	1	0.16811013537037045	3	2	1	-0.0029820714560337322	3.0	1.0	2.0	-0.0029820714560337322	3.0	1.0	2.0	-1.3039546641363053	0.045949214026602174	0.50289936625002	ENSMUSG00000038583;ENSMUSG00000006576;ENSMUSG00000066705;ENSMUSG00000015568;ENSMUSG00000038178;ENSMUSG00000057378;ENSMUSG00000029467;ENSMUSG00000025993;ENSMUSG00000099041;ENSMUSG00000033161;ENSMUSG00000027562;ENSMUSG00000018893;ENSMUSG00000022797;ENSMUSG00000027861;ENSMUSG00000028427;ENSMUSG00000026062;ENSMUSG00000030513;ENSMUSG00000031808;ENSMUSG00000060961;ENSMUSG00000026880;ENSMUSG00000027546;ENSMUSG00000018800;ENSMUSG00000023942;ENSMUSG00000027698;ENSMUSG00000020169;ENSMUSG00000019082;ENSMUSG00000030000;ENSMUSG00000032902;ENSMUSG00000025790;ENSMUSG00000003617;ENSMUSG00000048065;ENSMUSG00000015133;ENSMUSG00000020142;ENSMUSG00000066595;ENSMUSG00000020620;ENSMUSG00000023169;ENSMUSG00000013275;ENSMUSG00000033965;ENSMUSG00000032766;ENSMUSG00000026944			False	False	False	False
soleus	R-MMU-382556_ABC_FAMILY_PROTEIN_MEDIATED_TRANSPORT	0.005653113494444463	3	2	1	0.005653113494444463	3	2	1	-0.009868702829173256	3.0	1.0	2.0	-0.009868702829173256	3.0	1.0	2.0	-0.8437643037298322	0.6605657237936772	1.0	ENSMUSG00000018800;ENSMUSG00000020620;ENSMUSG00000026944;ENSMUSG00000040584;ENSMUSG00000068240;ENSMUSG00000030249;ENSMUSG00000041797			False	False	False	False
soleus	R-MMU-388396_GPCR_DOWNSTREAM_SIGNALLING	-0.0021353329074075647	3	2	1	-0.0021353329074075647	3	2	1	-0.0028332204975446925	3.0	1.0	2.0	-0.0028332204975446925	3.0	1.0	2.0	-1.1431364803331854	0.21323529411764705	0.7614479305915965	ENSMUSG00000037946;ENSMUSG00000027765;ENSMUSG00000032177;ENSMUSG00000060183;ENSMUSG00000033174;ENSMUSG00000017631;ENSMUSG00000031659;ENSMUSG00000027249;ENSMUSG00000020901;ENSMUSG00000048376;ENSMUSG00000050164;ENSMUSG00000039321;ENSMUSG00000026193;ENSMUSG00000044337;ENSMUSG00000069094;ENSMUSG00000028059;ENSMUSG00000031442;ENSMUSG00000031842;ENSMUSG00000019990;ENSMUSG00000031778;ENSMUSG00000022788;ENSMUSG00000044288;ENSMUSG00000038668;ENSMUSG00000021215;ENSMUSG00000020793;ENSMUSG00000035735;ENSMUSG00000032766;ENSMUSG00000049241;ENSMUSG00000021536;ENSMUSG00000052921;ENSMUSG00000073878;ENSMUSG00000044338;ENSMUSG00000003476;ENSMUSG00000038530;ENSMUSG00000061353;ENSMUSG00000031489			False	False	True	True
soleus	R-MMU-388841_REGULATION_OF_T_CELL_ACTIVATION_BY_CD28_FAMILY	0.005101689725111114	3	3	0	0.005101689725111114	3	3	0	0.015020987350507714	3.0	2.0	1.0	0.015020987350507714	3.0	2.0	1.0	1.7177380104798068	0.0	0.028986767891338694	ENSMUSG00000101355;ENSMUSG00000006542;ENSMUSG00000099517;ENSMUSG00000094777;ENSMUSG00000062727;ENSMUSG00000069310;ENSMUSG00000069301;ENSMUSG00000030774;ENSMUSG00000069274;ENSMUSG00000063021;ENSMUSG00000069267;ENSMUSG00000061615;ENSMUSG00000071516;ENSMUSG00000075031;ENSMUSG00000094338;ENSMUSG00000069302;ENSMUSG00000034116;ENSMUSG00000071478;ENSMUSG00000074403;ENSMUSG00000069305;ENSMUSG00000069272;ENSMUSG00000042351;ENSMUSG00000004266;ENSMUSG00000095217;ENSMUSG00000039936			False	False	True	True
soleus	R-MMU-389356_CO_STIMULATION_BY_CD28	-0.00018994419090740734	3	1	2	-0.00018994419090740726	3	1	2	0.0080556910618429	3.0	1.0	2.0	0.0080556910618429	3.0	1.0	2.0	-0.9009689178269923	0.5758564437194127	1.0	ENSMUSG00000020901;ENSMUSG00000032715;ENSMUSG00000026012			False	False	False	True
soleus	R-MMU-389948_CO_INHIBITION_BY_PD_1	-0.08016788916111112	3	1	2	-0.08016788916111112	3	1	2	0.017067674338733307	3.0	2.0	1.0	0.017067674338733307	3.0	2.0	1.0	1.9423081904229509	0.0	0.004524992674989274	ENSMUSG00000101355;ENSMUSG00000006542;ENSMUSG00000099517;ENSMUSG00000094777;ENSMUSG00000062727;ENSMUSG00000069310;ENSMUSG00000069301;ENSMUSG00000069274;ENSMUSG00000063021;ENSMUSG00000069267;ENSMUSG00000061615;ENSMUSG00000071516;ENSMUSG00000075031;ENSMUSG00000094338;ENSMUSG00000069302;ENSMUSG00000071478;ENSMUSG00000074403;ENSMUSG00000069305;ENSMUSG00000069272;ENSMUSG00000004266;ENSMUSG00000095217			False	False	False	False
soleus	R-MMU-390522_STRIATED_MUSCLE_CONTRACTION	0.09018795722222224	3	1	2	0.09018795722222224	3	1	2	0.000884092855357029	3.0	2.0	1.0	0.000884092855357029	3.0	2.0	1.0	1.0614476686804852	0.3620689655172414	0.47640910533714237	ENSMUSG00000006457;ENSMUSG00000038670;ENSMUSG00000061816;ENSMUSG00000028328;ENSMUSG00000032366	Striated-muscle contraction	context_sensitive	True	True	True	True
soleus	R-MMU-392499_METABOLISM_OF_PROTEINS	0.11339856129629548	3	2	1	0.11339856129629548	3	2	1	0.0039830326742543816	3.0	3.0	0.0	0.0039830326742543816	3.0	3.0	0.0	1.0325968298604735	0.3333333333333333	0.517792381902198	ENSMUSG00000057604;ENSMUSG00000043557;ENSMUSG00000028195;ENSMUSG00000031519;ENSMUSG00000022346;ENSMUSG00000030091;ENSMUSG00000027338;ENSMUSG00000028370;ENSMUSG00000037474;ENSMUSG00000025650;ENSMUSG00000032267;ENSMUSG00000006403;ENSMUSG00000029082;ENSMUSG00000029368;ENSMUSG00000094777;ENSMUSG00000020609;ENSMUSG00000062727;ENSMUSG00000001473;ENSMUSG00000039221;ENSMUSG00000002204;ENSMUSG00000069301;ENSMUSG00000064147;ENSMUSG00000043091;ENSMUSG00000069274;ENSMUSG00000063021;ENSMUSG00000022231;ENSMUSG00000061615;ENSMUSG00000028364;ENSMUSG00000037280;ENSMUSG00000020897;ENSMUSG00000020914;ENSMUSG00000046223;ENSMUSG00000031444;ENSMUSG00000034842;ENSMUSG00000028413;ENSMUSG00000032068;ENSMUSG00000059089;ENSMUSG00000026579;ENSMUSG00000043004;ENSMUSG00000038156;ENSMUSG00000071516;ENSMUSG00000075031;ENSMUSG00000028873;ENSMUSG00000079685;ENSMUSG00000030560;ENSMUSG00000042489;ENSMUSG00000031490;ENSMUSG00000038843;ENSMUSG00000053113;ENSMUSG00000022686;ENSMUSG00000027715;ENSMUSG00000017146;ENSMUSG00000094338;ENSMUSG00000051527;ENSMUSG00000032402;ENSMUSG00000036545;ENSMUSG00000027875;ENSMUSG00000069302;ENSMUSG00000001128;ENSMUSG00000071478;ENSMUSG00000022894;ENSMUSG00000078193;ENSMUSG00000021556;ENSMUSG00000032083;ENSMUSG00000019942;ENSMUSG00000027792;ENSMUSG00000045730;ENSMUSG00000021130;ENSMUSG00000063011;ENSMUSG00000020027;ENSMUSG00000022868;ENSMUSG00000048490;ENSMUSG00000002985;ENSMUSG00000069305;ENSMUSG00000069272;ENSMUSG00000056271;ENSMUSG00000057346;ENSMUSG00000066113;ENSMUSG00000033060;ENSMUSG00000026532;ENSMUSG00000001403;ENSMUSG00000095217;ENSMUSG00000019850;ENSMUSG00000029378;ENSMUSG00000020303;ENSMUSG00000027820;ENSMUSG00000022893;ENSMUSG00000032691;ENSMUSG00000049538;ENSMUSG00000060036;ENSMUSG00000075307;ENSMUSG00000017493;ENSMUSG00000034164			False	False	True	True
soleus	R-MMU-397014_MUSCLE_CONTRACTION	0.01903734814814702	3	2	1	0.01903734814814702	3	2	1	0.003397081349188221	3.0	3.0	0.0	0.003397081349188221	3.0	3.0	0.0	-1.0933942506420915	0.3120665742024965	0.8504671255669852	ENSMUSG00000038583;ENSMUSG00000020908;ENSMUSG00000066705;ENSMUSG00000013936;ENSMUSG00000057378;ENSMUSG00000029467;ENSMUSG00000033161;ENSMUSG00000027861;ENSMUSG00000059741;ENSMUSG00000091898;ENSMUSG00000041695;ENSMUSG00000026418;ENSMUSG00000064179;ENSMUSG00000030409;ENSMUSG00000078815;ENSMUSG00000026241;ENSMUSG00000058743;ENSMUSG00000038319;ENSMUSG00000007877;ENSMUSG00000045534;ENSMUSG00000027940;ENSMUSG00000068614			False	False	True	False
soleus	R-MMU-416476_G_ALPHA_Q_SIGNALLING_EVENTS	0.009082290703074074	3	3	0	0.009082290703074074	3	3	0	0.00028730612942339553	3.0	2.0	1.0	0.00028730612942339553	3.0	2.0	1.0	-0.8934157105587919	0.6349431818181818	1.0	ENSMUSG00000027765;ENSMUSG00000033174;ENSMUSG00000027249;ENSMUSG00000048376;ENSMUSG00000050164;ENSMUSG00000039321;ENSMUSG00000038668;ENSMUSG00000035735;ENSMUSG00000032766;ENSMUSG00000038530			False	False	True	False
soleus	R-MMU-416482_G_ALPHA_12_13_SIGNALLING_EVENTS	-0.0020773991222407403	3	1	2	-0.0020773991222407403	3	1	2	-0.018481197353861206	3.0	0.0	3.0	-0.018481197353861206	3.0	0.0	3.0	-1.2855718281905484	0.15895061728395063	0.5279262713578	ENSMUSG00000037946;ENSMUSG00000017631;ENSMUSG00000028059;ENSMUSG00000031442;ENSMUSG00000022788;ENSMUSG00000021215;ENSMUSG00000032766;ENSMUSG00000052921;ENSMUSG00000040964			False	False	True	True
soleus	R-MMU-418555_G_ALPHA_S_SIGNALLING_EVENTS	0.006894000859666665	3	2	1	0.006894000859666665	3	2	1	-0.0003612522658589708	3.0	2.0	1.0	-0.0003612522658589708	3.0	2.0	1.0	-1.0056155532550028	0.45481049562682213	0.948831850503825	ENSMUSG00000032177;ENSMUSG00000026193;ENSMUSG00000069094;ENSMUSG00000031842;ENSMUSG00000019990;ENSMUSG00000032766;ENSMUSG00000003476;ENSMUSG00000031489;ENSMUSG00000020963;ENSMUSG00000025584;ENSMUSG00000023868			False	False	False	False
soleus	R-MMU-418594_G_ALPHA_I_SIGNALLING_EVENTS	-0.1740394551737037	3	0	3	-0.1740394551737037	3	0	3	-0.0005400271398643316	3.0	2.0	1.0	-0.0005400271398643316	3.0	2.0	1.0	-0.8834525600457568	0.6717032967032966	1.0	ENSMUSG00000032177;ENSMUSG00000060183;ENSMUSG00000031659;ENSMUSG00000050164;ENSMUSG00000044337;ENSMUSG00000031842;ENSMUSG00000031778;ENSMUSG00000044288;ENSMUSG00000038668;ENSMUSG00000020793;ENSMUSG00000032766;ENSMUSG00000049241;ENSMUSG00000021536;ENSMUSG00000073878;ENSMUSG00000044338;ENSMUSG00000038530;ENSMUSG00000061353			True	False	True	True
soleus	R-MMU-418990_ADHERENS_JUNCTIONS_INTERACTIONS	0.009675973192407414	3	2	1	0.009675973192407414	3	2	1	0.01183998069043761	3.0	3.0	0.0	0.01183998069043761	3.0	3.0	0.0	1.9550845123903204	0.0	0.004043667528227452	ENSMUSG00000101355;ENSMUSG00000099517;ENSMUSG00000094777;ENSMUSG00000062727;ENSMUSG00000069310;ENSMUSG00000069301;ENSMUSG00000069274;ENSMUSG00000063021;ENSMUSG00000069267;ENSMUSG00000041688;ENSMUSG00000035783;ENSMUSG00000061615;ENSMUSG00000071516;ENSMUSG00000021823;ENSMUSG00000075031;ENSMUSG00000024789;ENSMUSG00000094338;ENSMUSG00000069302;ENSMUSG00000029580;ENSMUSG00000071478;ENSMUSG00000032076;ENSMUSG00000059430;ENSMUSG00000074403;ENSMUSG00000069305;ENSMUSG00000069272;ENSMUSG00000095217;ENSMUSG00000040511			False	False	True	True
soleus	R-MMU-419037_NCAM1_INTERACTIONS	-0.0004763092933259259	3	1	2	-0.0004763092933259259	3	1	2	3.956976022437275e-05	3.0	1.0	2.0	3.956976022437275e-05	3.0	1.0	2.0	-0.698546208597613	0.8446909667194928	1.0	ENSMUSG00000022483;ENSMUSG00000025789;ENSMUSG00000001119;ENSMUSG00000020241			False	False	False	True
soleus	R-MMU-421270_CELL_CELL_JUNCTION_ORGANIZATION	0.11693088359259256	3	1	2	0.11693088359259256	3	1	2	0.01183998069043761	3.0	3.0	0.0	0.01183998069043761	3.0	3.0	0.0	1.9550845123903204	0.0	0.004043667528227452	ENSMUSG00000101355;ENSMUSG00000099517;ENSMUSG00000094777;ENSMUSG00000062727;ENSMUSG00000069310;ENSMUSG00000069301;ENSMUSG00000069274;ENSMUSG00000063021;ENSMUSG00000069267;ENSMUSG00000041688;ENSMUSG00000035783;ENSMUSG00000061615;ENSMUSG00000071516;ENSMUSG00000021823;ENSMUSG00000075031;ENSMUSG00000024789;ENSMUSG00000094338;ENSMUSG00000069302;ENSMUSG00000029580;ENSMUSG00000071478;ENSMUSG00000032076;ENSMUSG00000059430;ENSMUSG00000074403;ENSMUSG00000069305;ENSMUSG00000069272;ENSMUSG00000095217;ENSMUSG00000040511			False	False	True	True
soleus	R-MMU-422356_REGULATION_OF_INSULIN_SECRETION	0.0014757025984555557	3	3	0	0.0014757025984555557	3	3	0	-0.007214528631206844	3.0	2.0	1.0	-0.007214528631206844	3.0	2.0	1.0	-1.0875379670893854	0.3587662337662338	0.8280377077890947	ENSMUSG00000002944;ENSMUSG00000050556;ENSMUSG00000032766;ENSMUSG00000032883;ENSMUSG00000022469;ENSMUSG00000057614			False	False	False	False
soleus	R-MMU-422475_AXON_GUIDANCE	-0.04310890449074073	3	1	2	-0.04310890449074073	3	1	2	0.004163201686922645	3.0	1.0	2.0	0.004163201686922645	3.0	1.0	2.0	-0.6973694345660538	0.9676165803108808	1.0	ENSMUSG00000042453;ENSMUSG00000041351;ENSMUSG00000022483;ENSMUSG00000039115;ENSMUSG00000038894;ENSMUSG00000027560;ENSMUSG00000031740;ENSMUSG00000020176;ENSMUSG00000020315;ENSMUSG00000025789;ENSMUSG00000024501;ENSMUSG00000026825;ENSMUSG00000061353;ENSMUSG00000030110;ENSMUSG00000039952;ENSMUSG00000001119;ENSMUSG00000040990;ENSMUSG00000020241;ENSMUSG00000058672;ENSMUSG00000022048;ENSMUSG00000057738;ENSMUSG00000031543;ENSMUSG00000031217;ENSMUSG00000025810;ENSMUSG00000028698			False	False	False	True
soleus	R-MMU-425407_SLC_MEDIATED_TRANSMEMBRANE_TRANSPORT	-0.12833571190740733	3	2	1	-0.12833571190740733	3	2	1	-0.0007446256229479512	3.0	1.0	2.0	-0.0007446256229479512	3.0	1.0	2.0	-1.0780253677462464	0.32722143864598024	0.845024256458894	ENSMUSG00000006576;ENSMUSG00000038178;ENSMUSG00000025993;ENSMUSG00000026062;ENSMUSG00000031808;ENSMUSG00000060961;ENSMUSG00000023942;ENSMUSG00000019082;ENSMUSG00000032902;ENSMUSG00000025790;ENSMUSG00000003617;ENSMUSG00000020142;ENSMUSG00000023169;ENSMUSG00000013275;ENSMUSG00000033965;ENSMUSG00000016319;ENSMUSG00000032754;ENSMUSG00000089774;ENSMUSG00000027219;ENSMUSG00000010064			False	False	True	True
soleus	R-MMU-428157_SPHINGOLIPID_METABOLISM	0.01151108499061111	3	3	0	0.01151108499061111	3	3	0	0.013942078643698787	3.0	3.0	0.0	0.013942078643698787	3.0	3.0	0.0	0.9464693895345817	0.5313351498637602	0.6500622525293424	ENSMUSG00000040447;ENSMUSG00000036395;ENSMUSG00000022686;ENSMUSG00000087408;ENSMUSG00000032854;ENSMUSG00000033579			False	False	True	True
soleus	R-MMU-437239_RECYCLING_PATHWAY_OF_L1	0.0008770738557629626	3	2	1	0.0008770738557629626	3	2	1	0.008324472761384144	3.0	1.0	2.0	0.008324472761384144	3.0	1.0	2.0	0.9472755319432562	0.5057471264367817	0.6523962058126204	ENSMUSG00000001473;ENSMUSG00000043091;ENSMUSG00000034311;ENSMUSG00000029580			False	False	True	True
soleus	R-MMU-4420097_VEGFA_VEGFR2_PATHWAY	0.001618443155185185	3	2	1	0.001618443155185185	3	2	1	0.00396062523170249	3.0	1.0	2.0	0.00396062523170249	3.0	1.0	2.0	-0.8870971069521	0.6307922272047832	1.0	ENSMUSG00000020340;ENSMUSG00000020312;ENSMUSG00000032715;ENSMUSG00000023951;ENSMUSG00000062960			False	False	True	False
soleus	R-MMU-445355_SMOOTH_MUSCLE_CONTRACTION	0.021982437292148146	3	3	0	0.02198243729214815	3	3	0	0.0178457631926503	3.0	3.0	0.0	0.0178457631926503	3.0	3.0	0.0	1.4634910172756288	0.042328042328042326	0.12719507950098827	ENSMUSG00000030672;ENSMUSG00000030774;ENSMUSG00000035783;ENSMUSG00000032366;ENSMUSG00000039824;ENSMUSG00000021823;ENSMUSG00000018830;ENSMUSG00000048096;ENSMUSG00000059430;ENSMUSG00000022091			False	False	True	True
soleus	R-MMU-446203_ASPARAGINE_N_LINKED_GLYCOSYLATION	0.011773288208981483	3	3	0	0.011773288208981483	3	3	0	0.011190570301206279	3.0	1.0	2.0	0.011190570301206279	3.0	1.0	2.0	0.8460185488543948	0.7048192771084337	0.8226673395448715	ENSMUSG00000025650;ENSMUSG00000001473;ENSMUSG00000043091;ENSMUSG00000028413;ENSMUSG00000026579;ENSMUSG00000030560;ENSMUSG00000056271;ENSMUSG00000026532;ENSMUSG00000029378;ENSMUSG00000056091;ENSMUSG00000062380			False	False	True	True
soleus	R-MMU-446728_CELL_JUNCTION_ORGANIZATION	-0.028016297407407187	3	1	2	-0.028016297407407187	3	1	2	0.01234534490561647	3.0	3.0	0.0	0.01234534490561647	3.0	3.0	0.0	2.0079400580061617	0.0	0.0028125038646566332	ENSMUSG00000068699;ENSMUSG00000101355;ENSMUSG00000099517;ENSMUSG00000094777;ENSMUSG00000062727;ENSMUSG00000069310;ENSMUSG00000069301;ENSMUSG00000069274;ENSMUSG00000063021;ENSMUSG00000069267;ENSMUSG00000061527;ENSMUSG00000041688;ENSMUSG00000035783;ENSMUSG00000061615;ENSMUSG00000045545;ENSMUSG00000071516;ENSMUSG00000021823;ENSMUSG00000075031;ENSMUSG00000020758;ENSMUSG00000024789;ENSMUSG00000094338;ENSMUSG00000069302;ENSMUSG00000029580;ENSMUSG00000071478;ENSMUSG00000032076;ENSMUSG00000059430;ENSMUSG00000074403;ENSMUSG00000069305;ENSMUSG00000069272			False	False	False	False
soleus	R-MMU-449147_SIGNALING_BY_INTERLEUKINS	0.03205123638888885	3	1	2	0.03205123638888885	3	1	2	0.007375938946280434	3.0	2.0	1.0	0.0073759389462804345	3.0	2.0	1.0	0.9941891072686183	0.4626865671641791	0.5775761066353616	ENSMUSG00000101355;ENSMUSG00000099517;ENSMUSG00000069310;ENSMUSG00000028444;ENSMUSG00000069267;ENSMUSG00000003283;ENSMUSG00000024789;ENSMUSG00000053113;ENSMUSG00000052684;ENSMUSG00000021250;ENSMUSG00000034116;ENSMUSG00000034394;ENSMUSG00000074403;ENSMUSG00000018932;ENSMUSG00000004266;ENSMUSG00000039936			False	False	True	True
soleus	R-MMU-451927_INTERLEUKIN_2_FAMILY_SIGNALING	-0.001029195429259259	3	1	2	-0.001029195429259259	3	1	2	0.008853787216876567	3.0	2.0	1.0	0.008853787216876567	3.0	2.0	1.0	0.6520408819642557	0.920844327176781	0.9642055502652701	ENSMUSG00000024789;ENSMUSG00000004266;ENSMUSG00000039936;ENSMUSG00000059456;ENSMUSG00000030745			False	False	False	False
soleus	R-MMU-453274_MITOTIC_G2_G2_M_PHASES	0.002803132531111112	3	2	1	0.002803132531111112	3	2	1	0.013027856314945047	3.0	2.0	1.0	0.013027856314945047	3.0	2.0	1.0	1.5398006969032414	0.02824858757062147	0.088053440913596	ENSMUSG00000023067;ENSMUSG00000001473;ENSMUSG00000043091;ENSMUSG00000047534;ENSMUSG00000027715;ENSMUSG00000030867;ENSMUSG00000027469;ENSMUSG00000020330;ENSMUSG00000019942;ENSMUSG00000022385;ENSMUSG00000041431;ENSMUSG00000023940;ENSMUSG00000062380;ENSMUSG00000032218			False	False	True	True
soleus	R-MMU-453279_MITOTIC_G1_PHASE_AND_G1_S_TRANSITION	0.0029585530354444447	3	2	1	0.0029585530354444447	3	2	1	0.0076841062102060665	3.0	1.0	2.0	0.0076841062102060665	3.0	1.0	2.0	1.1958661321376631	0.232	0.3384013339198968	ENSMUSG00000023067;ENSMUSG00000037664;ENSMUSG00000005410;ENSMUSG00000026669;ENSMUSG00000024789;ENSMUSG00000027715			False	False	True	True
soleus	R-MMU-4839726_CHROMATIN_ORGANIZATION	-0.008104673333333423	3	1	2	-0.008104673333333423	3	1	2	0.012738873553283079	3.0	2.0	1.0	0.012738873553283079	3.0	2.0	1.0	1.967233314995351	0.0	0.004005099899564974	ENSMUSG00000101355;ENSMUSG00000099517;ENSMUSG00000094777;ENSMUSG00000062727;ENSMUSG00000069310;ENSMUSG00000069301;ENSMUSG00000031609;ENSMUSG00000069274;ENSMUSG00000063021;ENSMUSG00000069267;ENSMUSG00000061615;ENSMUSG00000019947;ENSMUSG00000071516;ENSMUSG00000075031;ENSMUSG00000061589;ENSMUSG00000094338;ENSMUSG00000069302;ENSMUSG00000071478;ENSMUSG00000074403;ENSMUSG00000069305;ENSMUSG00000069272;ENSMUSG00000078154;ENSMUSG00000095217			False	False	False	False
soleus	R-MMU-500792_GPCR_LIGAND_BINDING	-0.01870350542592586	3	1	2	-0.01870350542592586	3	1	2	0.0025403136872946077	3.0	2.0	1.0	0.0025403136872946077	3.0	2.0	1.0	-0.7923792055530149	0.8717277486910995	1.0	ENSMUSG00000027765;ENSMUSG00000060183;ENSMUSG00000027249;ENSMUSG00000048376;ENSMUSG00000050164;ENSMUSG00000039321;ENSMUSG00000044337;ENSMUSG00000031778;ENSMUSG00000044288;ENSMUSG00000038668;ENSMUSG00000020793;ENSMUSG00000032766;ENSMUSG00000049241;ENSMUSG00000073878;ENSMUSG00000044338;ENSMUSG00000003476;ENSMUSG00000061353;ENSMUSG00000031489			False	False	False	True
soleus	R-MMU-512988_INTERLEUKIN_3_INTERLEUKIN_5_AND_GM_CSF_SIGNALING	-0.00241540382537037	3	1	2	-0.00241540382537037	3	1	2	0.009606173134542756	3.0	2.0	1.0	0.009606173134542756	3.0	2.0	1.0	0.9002023324690277	0.6050420168067226	0.7302902243648971	ENSMUSG00000003283;ENSMUSG00000024789;ENSMUSG00000034116;ENSMUSG00000004266;ENSMUSG00000039936			False	False	False	False
soleus	R-MMU-5173105_O_LINKED_GLYCOSYLATION	-0.04265915357407408	3	1	2	-0.04265915357407408	3	1	2	0.006944875467134753	3.0	2.0	1.0	0.006944875467134753	3.0	2.0	1.0	0.8205475431815282	0.7652733118971061	0.8560742397103946	ENSMUSG00000006403;ENSMUSG00000022231;ENSMUSG00000037280;ENSMUSG00000038156;ENSMUSG00000038843;ENSMUSG00000022686;ENSMUSG00000036545;ENSMUSG00000001128;ENSMUSG00000022894;ENSMUSG00000021130;ENSMUSG00000066113;ENSMUSG00000022893;ENSMUSG00000049538;ENSMUSG00000034164			False	False	False	False
soleus	R-MMU-5173214_O_GLYCOSYLATION_OF_TSR_DOMAIN_CONTAINING_PROTEINS	-0.09327516782777774	3	0	3	-0.09327516782777774	3	0	3	0.006855822911570275	3.0	1.0	2.0	0.006855822911570275	3.0	1.0	2.0	0.7649891824926172	0.8353293413173652	0.9300168632497121	ENSMUSG00000006403;ENSMUSG00000022231;ENSMUSG00000038156;ENSMUSG00000036545;ENSMUSG00000001128;ENSMUSG00000022894;ENSMUSG00000066113;ENSMUSG00000022893;ENSMUSG00000049538			False	False	False	False
soleus	R-MMU-5358351_SIGNALING_BY_HEDGEHOG	-0.002240381499537037	3	0	3	-0.002240381499537037	3	0	3	0.0049308281750884515	3.0	2.0	1.0	0.0049308281750884515	3.0	2.0	1.0	0.6609169745415442	0.910761154855643	0.9728194893197997	ENSMUSG00000001473;ENSMUSG00000043091			False	False	False	False
soleus	R-MMU-556833_METABOLISM_OF_LIPIDS	-0.147234460037037	3	2	1	-0.147234460037037	3	2	1	-0.00927851988972883	3.0	0.0	3.0	-0.00927851988972883	3.0	0.0	3.0	-1.5177230302596645	0.0049079754601227	0.30524382435210456	ENSMUSG00000028773;ENSMUSG00000046598;ENSMUSG00000022383;ENSMUSG00000024526;ENSMUSG00000034853;ENSMUSG00000022040;ENSMUSG00000036880;ENSMUSG00000030747;ENSMUSG00000035686;ENSMUSG00000026922;ENSMUSG00000029822;ENSMUSG00000033174;ENSMUSG00000017969;ENSMUSG00000038007;ENSMUSG00000033715;ENSMUSG00000076435;ENSMUSG00000025425;ENSMUSG00000020901;ENSMUSG00000025479;ENSMUSG00000024978;ENSMUSG00000049537;ENSMUSG00000026385;ENSMUSG00000032737;ENSMUSG00000034570;ENSMUSG00000020532;ENSMUSG00000029314;ENSMUSG00000072949;ENSMUSG00000041757;ENSMUSG00000062515;ENSMUSG00000022215;ENSMUSG00000027533;ENSMUSG00000018796;ENSMUSG00000021273;ENSMUSG00000042010;ENSMUSG00000030214;ENSMUSG00000032315;ENSMUSG00000032883;ENSMUSG00000028517;ENSMUSG00000023832;ENSMUSG00000021759;ENSMUSG00000028713;ENSMUSG00000028698;ENSMUSG00000058258;ENSMUSG00000030278;ENSMUSG00000029482;ENSMUSG00000026003			False	False	True	True
soleus	R-MMU-5576891_CARDIAC_CONDUCTION	-0.06708452140740744	3	2	1	-0.06708452140740744	3	2	1	-0.0037615929412077864	3.0	2.0	1.0	-0.0037615929412077864	3.0	2.0	1.0	-1.4423253079275058	0.051094890510948905	0.34668649145248426	ENSMUSG00000038583;ENSMUSG00000066705;ENSMUSG00000057378;ENSMUSG00000029467;ENSMUSG00000033161;ENSMUSG00000027861;ENSMUSG00000041695;ENSMUSG00000030409;ENSMUSG00000078815;ENSMUSG00000026241;ENSMUSG00000058743;ENSMUSG00000038319;ENSMUSG00000045534			False	False	True	True
soleus	R-MMU-5578775_ION_HOMEOSTASIS	0.01592747023872222	3	3	0	0.01592747023872222	3	3	0	-0.006133401832624878	3.0	0.0	3.0	-0.006133401832624878	3.0	0.0	3.0	-1.4583939373526498	0.05909797822706065	0.3555315438277222	ENSMUSG00000038583;ENSMUSG00000066705;ENSMUSG00000057378;ENSMUSG00000029467;ENSMUSG00000033161;ENSMUSG00000027861			False	False	False	False
soleus	R-MMU-5610787_HEDGEHOG_OFF_STATE	0.0014832448263888897	3	2	1	0.0014832448263888897	3	2	1	0.0032194233076059675	3.0	1.0	2.0	0.0032194233076059675	3.0	1.0	2.0	0.7284183606371897	0.8155844155844156	0.9636039478938568	ENSMUSG00000001473;ENSMUSG00000043091			False	False	True	True
soleus	R-MMU-5617833_CILIUM_ASSEMBLY	-0.029545031111111175	3	1	2	-0.029545031111111175	3	1	2	0.0079877656278131	3.0	1.0	2.0	0.0079877656278131	3.0	1.0	2.0	0.5924764338593915	0.9544235924932976	0.9708458032920692	ENSMUSG00000001473;ENSMUSG00000043091;ENSMUSG00000030867;ENSMUSG00000019942;ENSMUSG00000062380;ENSMUSG00000079707;ENSMUSG00000026622;ENSMUSG00000062591;ENSMUSG00000001525;ENSMUSG00000045136			False	False	False	False
soleus	R-MMU-5621481_C_TYPE_LECTIN_RECEPTORS_CLRS	-0.004485125434259257	3	1	2	-0.004485125434259257	3	1	2	0.01808595075313104	3.0	2.0	1.0	0.018085950753131044	3.0	2.0	1.0	1.273913853119635	0.16853932584269662	0.2594851191156943	ENSMUSG00000021948;ENSMUSG00000030774;ENSMUSG00000058715;ENSMUSG00000027544;ENSMUSG00000030793;ENSMUSG00000020941;ENSMUSG00000036526;ENSMUSG00000031494;ENSMUSG00000030142;ENSMUSG00000023349			False	False	False	False
soleus	R-MMU-5626467_RHO_GTPASES_ACTIVATE_IQGAPS	-0.0022565382433333337	3	0	3	-0.0022565382433333333	3	0	3	0.014148286800464094	3.0	1.0	2.0	0.014148286800464094	3.0	1.0	2.0	1.2144866322908092	0.23036649214659685	0.3222297561556251	ENSMUSG00000001473;ENSMUSG00000043091;ENSMUSG00000028068;ENSMUSG00000029580			False	False	False	False
soleus	R-MMU-5628897_TP53_REGULATES_METABOLIC_GENES	0.01074996187374074	3	3	0	0.01074996187374074	3	3	0	-0.0013778800348702158	3.0	2.0	1.0	-0.0013778800348702158	3.0	2.0	1.0	-1.3092258575861266	0.17706576728499157	0.5016333439900319	ENSMUSG00000064354;ENSMUSG00000032009;ENSMUSG00000074218;ENSMUSG00000030785			False	False	False	False
soleus	R-MMU-5633007_REGULATION_OF_TP53_ACTIVITY	-0.002082050858148148	3	2	1	-0.002082050858148148	3	2	1	0.004761658532637253	3.0	2.0	1.0	0.004761658532637253	3.0	2.0	1.0	1.0525186206274038	0.32620320855614976	0.4867356756377232	ENSMUSG00000006542;ENSMUSG00000022510;ENSMUSG00000048895;ENSMUSG00000020897;ENSMUSG00000027715;ENSMUSG00000017146;ENSMUSG00000027469;ENSMUSG00000019942;ENSMUSG00000028680			False	False	False	False
soleus	R-MMU-5653656_VESICLE_MEDIATED_TRANSPORT	0.09813424870370364	3	3	0	0.09813424870370364	3	3	0	0.008396787271498105	3.0	3.0	0.0	0.008396787271498105	3.0	3.0	0.0	1.027602322359303	0.4207920792079208	0.5247082223377858	ENSMUSG00000024486;ENSMUSG00000032193;ENSMUSG00000025650;ENSMUSG00000029368;ENSMUSG00000020609;ENSMUSG00000001473;ENSMUSG00000043091;ENSMUSG00000025044;ENSMUSG00000036768;ENSMUSG00000026579;ENSMUSG00000030560;ENSMUSG00000023015;ENSMUSG00000034311;ENSMUSG00000045328;ENSMUSG00000046352;ENSMUSG00000029580;ENSMUSG00000070000;ENSMUSG00000032083;ENSMUSG00000045730;ENSMUSG00000030677;ENSMUSG00000002985;ENSMUSG00000008845;ENSMUSG00000056271;ENSMUSG00000028678;ENSMUSG00000079553;ENSMUSG00000057346;ENSMUSG00000023805;ENSMUSG00000026532;ENSMUSG00000042249;ENSMUSG00000029378;ENSMUSG00000051378;ENSMUSG00000018008;ENSMUSG00000062380;ENSMUSG00000012443;ENSMUSG00000020122			True	False	True	True
soleus	R-MMU-5654736_SIGNALING_BY_FGFR1	-0.001944944064703705	3	1	2	-0.001944944064703705	3	1	2	-0.0029117292927660354	3.0	2.0	1.0	-0.0029117292927660354	3.0	2.0	1.0	-1.0469502010103078	0.3895253682487725	0.9296744673187746	ENSMUSG00000021732;ENSMUSG00000008090;ENSMUSG00000037225;ENSMUSG00000031565;ENSMUSG00000029287;ENSMUSG00000068240			False	False	True	True
soleus	R-MMU-5663220_RHO_GTPASES_ACTIVATE_FORMINS	-0.0019392707002962957	3	0	3	-0.0019392707002962957	3	0	3	0.005172120786738242	3.0	1.0	2.0	0.005172120786738242	3.0	1.0	2.0	1.4223027356118432	0.04375	0.15371720065915584	ENSMUSG00000001473;ENSMUSG00000043091;ENSMUSG00000020897;ENSMUSG00000029414;ENSMUSG00000026683;ENSMUSG00000028873;ENSMUSG00000030867;ENSMUSG00000045328;ENSMUSG00000040084;ENSMUSG00000029580;ENSMUSG00000027379;ENSMUSG00000005233;ENSMUSG00000028678;ENSMUSG00000023940;ENSMUSG00000068101;ENSMUSG00000022021;ENSMUSG00000062380;ENSMUSG00000042292			False	False	False	False
soleus	R-MMU-5668541_TNFR2_NON_CANONICAL_NF_KB_PATHWAY	0.0773125400572222	3	1	2	0.07731254005722221	3	1	2	0.015256084814948197	3.0	2.0	1.0	0.015256084814948197	3.0	2.0	1.0	1.4259745712579779	0.09653465346534654	0.15219848499774055	ENSMUSG00000034457;ENSMUSG00000023905			False	False	True	True
soleus	R-MMU-5673001_RAF_MAP_KINASE_CASCADE	0.09471221081481478	3	2	1	0.09471221081481478	3	2	1	0.007681899495146138	3.0	2.0	1.0	0.007681899495146138	3.0	2.0	1.0	0.975367731103778	0.5017543859649123	0.6016782406458919	ENSMUSG00000039384;ENSMUSG00000024486;ENSMUSG00000022144;ENSMUSG00000027368;ENSMUSG00000024617;ENSMUSG00000005320;ENSMUSG00000034765;ENSMUSG00000021823;ENSMUSG00000018334;ENSMUSG00000024789			False	False	True	True
soleus	R-MMU-5683057_MAPK_FAMILY_SIGNALING_CASCADES	0.00963205479074074	3	1	2	0.00963205479074074	3	1	2	0.0074861643243252785	3.0	3.0	0.0	0.0074861643243252785	3.0	3.0	0.0	1.132881414386066	0.21455938697318008	0.3908961608721845	ENSMUSG00000039384;ENSMUSG00000024486;ENSMUSG00000004951;ENSMUSG00000022144;ENSMUSG00000027368;ENSMUSG00000030774;ENSMUSG00000024617;ENSMUSG00000005320;ENSMUSG00000005483;ENSMUSG00000034765;ENSMUSG00000021823;ENSMUSG00000018334;ENSMUSG00000024789			False	False	True	True
soleus	R-MMU-5684996_MAPK1_MAPK3_SIGNALING	0.08615074557407403	3	2	1	0.08615074557407403	3	2	1	0.00764413731176757	3.0	2.0	1.0	0.00764413731176757	3.0	2.0	1.0	0.945449278045948	0.5559701492537313	0.6483196563892868	ENSMUSG00000039384;ENSMUSG00000024486;ENSMUSG00000022144;ENSMUSG00000027368;ENSMUSG00000024617;ENSMUSG00000005320;ENSMUSG00000034765;ENSMUSG00000021823;ENSMUSG00000018334;ENSMUSG00000024789			False	False	True	True
soleus	R-MMU-5688426_DEUBIQUITINATION	-0.02405576535925925	3	1	2	-0.02405576535925925	3	1	2	0.0040370273569737	3.0	2.0	1.0	0.0040370273569737	3.0	2.0	1.0	1.3994640681716821	0.05787781350482315	0.16305948387395547	ENSMUSG00000022346;ENSMUSG00000032267;ENSMUSG00000094777;ENSMUSG00000069301;ENSMUSG00000063021;ENSMUSG00000061615;ENSMUSG00000071516;ENSMUSG00000042489;ENSMUSG00000027715;ENSMUSG00000017146;ENSMUSG00000051527;ENSMUSG00000032402;ENSMUSG00000069302;ENSMUSG00000071478;ENSMUSG00000019942;ENSMUSG00000045730;ENSMUSG00000069272;ENSMUSG00000019850;ENSMUSG00000032691			False	False	False	False
soleus	R-MMU-5689603_UCH_PROTEINASES	-0.0006068606945925915	3	1	2	-0.0006068606945925915	3	1	2	-0.008957394217364162	3.0	1.0	2.0	-0.008957394217364162	3.0	1.0	2.0	1.181152535964764	0.24031007751937986	0.3550105481815453	ENSMUSG00000094777;ENSMUSG00000069301;ENSMUSG00000063021;ENSMUSG00000061615;ENSMUSG00000071516;ENSMUSG00000069302;ENSMUSG00000071478;ENSMUSG00000069272			False	False	True	False
soleus	R-MMU-5689880_UB_SPECIFIC_PROCESSING_PROTEASES	-0.0027830263749444445	3	0	3	-0.0027830263749444445	3	0	3	0.011508023913293914	3.0	3.0	0.0	0.011508023913293914	3.0	3.0	0.0	1.7678059810256903	0.003134796238244514	0.0208869485806548	ENSMUSG00000022346;ENSMUSG00000032267;ENSMUSG00000094777;ENSMUSG00000069301;ENSMUSG00000063021;ENSMUSG00000061615;ENSMUSG00000071516;ENSMUSG00000042489;ENSMUSG00000027715;ENSMUSG00000051527;ENSMUSG00000032402;ENSMUSG00000069302;ENSMUSG00000071478;ENSMUSG00000045730;ENSMUSG00000069272			False	False	False	False
soleus	R-MMU-5693532_DNA_DOUBLE_STRAND_BREAK_REPAIR	0.01400439430888889	3	3	0	0.01400439430888889	3	3	0	0.01499497846758352	3.0	3.0	0.0	0.01499497846758352	3.0	3.0	0.0	1.6933053391699122	0.01904761904761905	0.034304624602713295	ENSMUSG00000010461;ENSMUSG00000062727;ENSMUSG00000069274;ENSMUSG00000075031;ENSMUSG00000042489;ENSMUSG00000027715;ENSMUSG00000017146;ENSMUSG00000094338;ENSMUSG00000056394;ENSMUSG00000069305;ENSMUSG00000095217			False	False	True	True
soleus	R-MMU-5693538_HOMOLOGY_DIRECTED_REPAIR	-0.00318508177074074	3	1	2	-0.00318508177074074	3	1	2	0.011651474717592864	3.0	3.0	0.0	0.011651474717592864	3.0	3.0	0.0	1.5846854125787824	0.030120481927710843	0.06826195951347594	ENSMUSG00000062727;ENSMUSG00000069274;ENSMUSG00000075031;ENSMUSG00000042489;ENSMUSG00000027715;ENSMUSG00000017146;ENSMUSG00000094338;ENSMUSG00000056394;ENSMUSG00000069305;ENSMUSG00000095217			False	False	False	False
soleus	R-MMU-5693565_RECRUITMENT_AND_ATM_MEDIATED_PHOSPHORYLATION_OF_REPAIR_AND_SIGNALING_PROTEINS_AT_DNA_DOUBLE_STRAND_BREAKS	-0.002452909552407407	3	1	2	-0.002452909552407407	3	1	2	0.01912633748452555	3.0	3.0	0.0	0.01912633748452555	3.0	3.0	0.0	1.6852303317251098	0.02046783625730994	0.03610789069209793	ENSMUSG00000010461;ENSMUSG00000062727;ENSMUSG00000069274;ENSMUSG00000075031;ENSMUSG00000017146;ENSMUSG00000094338;ENSMUSG00000069305;ENSMUSG00000095217;ENSMUSG00000058385;ENSMUSG00000069308;ENSMUSG00000069306			False	False	False	False
soleus	R-MMU-5693567_HDR_THROUGH_HOMOLOGOUS_RECOMBINATION_HRR_OR_SINGLE_STRAND_ANNEALING_SSA	-0.007642908405407407	3	0	3	-0.007642908405407407	3	0	3	0.014999665789506228	3.0	3.0	0.0	0.014999665789506228	3.0	3.0	0.0	1.8283951549500639	0.0058997050147492625	0.01284286420035942	ENSMUSG00000062727;ENSMUSG00000069274;ENSMUSG00000075031;ENSMUSG00000042489;ENSMUSG00000027715;ENSMUSG00000017146;ENSMUSG00000094338;ENSMUSG00000056394;ENSMUSG00000069305;ENSMUSG00000095217;ENSMUSG00000058385;ENSMUSG00000069308;ENSMUSG00000069306			False	False	False	False
soleus	R-MMU-5693606_DNA_DOUBLE_STRAND_BREAK_RESPONSE	0.021965924896296302	3	3	0	0.021965924896296302	3	3	0	0.017132780431492644	3.0	3.0	0.0	0.017132780431492644	3.0	3.0	0.0	1.7181724491933494	0.020710059171597635	0.029303517378587947	ENSMUSG00000010461;ENSMUSG00000062727;ENSMUSG00000069274;ENSMUSG00000075031;ENSMUSG00000017146;ENSMUSG00000094338;ENSMUSG00000069305;ENSMUSG00000095217;ENSMUSG00000058385;ENSMUSG00000069308;ENSMUSG00000069306			False	False	True	True
soleus	R-MMU-5693607_PROCESSING_OF_DNA_DOUBLE_STRAND_BREAK_ENDS	0.004040690920370369	3	2	1	0.004040690920370369	3	2	1	0.014265246525562145	3.0	3.0	0.0	0.014265246525562145	3.0	3.0	0.0	1.8087623691245451	0.008875739644970414	0.0155093910894171	ENSMUSG00000062727;ENSMUSG00000069274;ENSMUSG00000075031;ENSMUSG00000042489;ENSMUSG00000027715;ENSMUSG00000017146;ENSMUSG00000094338;ENSMUSG00000069305;ENSMUSG00000095217;ENSMUSG00000058385;ENSMUSG00000069308;ENSMUSG00000069306			False	False	True	True
soleus	R-MMU-597592_POST_TRANSLATIONAL_PROTEIN_MODIFICATION	-0.0227367202574074	3	2	1	-0.0227367202574074	3	2	1	0.004438002522278157	3.0	3.0	0.0	0.004438002522278157	3.0	3.0	0.0	1.1965182483647296	0.043478260869565216	0.340160635741169	ENSMUSG00000043557;ENSMUSG00000028195;ENSMUSG00000031519;ENSMUSG00000022346;ENSMUSG00000030091;ENSMUSG00000027338;ENSMUSG00000037474;ENSMUSG00000025650;ENSMUSG00000032267;ENSMUSG00000006403;ENSMUSG00000029082;ENSMUSG00000029368;ENSMUSG00000094777;ENSMUSG00000020609;ENSMUSG00000062727;ENSMUSG00000001473;ENSMUSG00000069301;ENSMUSG00000064147;ENSMUSG00000043091;ENSMUSG00000069274;ENSMUSG00000063021;ENSMUSG00000022231;ENSMUSG00000061615;ENSMUSG00000028364;ENSMUSG00000037280;ENSMUSG00000020897;ENSMUSG00000020914;ENSMUSG00000046223;ENSMUSG00000031444;ENSMUSG00000034842;ENSMUSG00000028413;ENSMUSG00000032068;ENSMUSG00000059089;ENSMUSG00000026579;ENSMUSG00000038156;ENSMUSG00000071516;ENSMUSG00000075031;ENSMUSG00000028873;ENSMUSG00000079685;ENSMUSG00000030560;ENSMUSG00000042489;ENSMUSG00000038843;ENSMUSG00000053113;ENSMUSG00000022686;ENSMUSG00000027715;ENSMUSG00000017146;ENSMUSG00000094338;ENSMUSG00000051527;ENSMUSG00000032402;ENSMUSG00000036545;ENSMUSG00000069302;ENSMUSG00000001128;ENSMUSG00000071478;ENSMUSG00000022894;ENSMUSG00000021556;ENSMUSG00000032083;ENSMUSG00000019942;ENSMUSG00000045730;ENSMUSG00000021130;ENSMUSG00000063011;ENSMUSG00000020027;ENSMUSG00000022868;ENSMUSG00000048490;ENSMUSG00000002985;ENSMUSG00000069305;ENSMUSG00000069272;ENSMUSG00000056271;ENSMUSG00000057346;ENSMUSG00000066113;ENSMUSG00000033060;ENSMUSG00000026532;ENSMUSG00000001403;ENSMUSG00000095217;ENSMUSG00000019850;ENSMUSG00000029378;ENSMUSG00000020303;ENSMUSG00000022893;ENSMUSG00000032691;ENSMUSG00000049538;ENSMUSG00000075307;ENSMUSG00000017493;ENSMUSG00000034164			False	False	False	False
soleus	R-MMU-606279_DEPOSITION_OF_NEW_CENPA_CONTAINING_NUCLEOSOMES_AT_THE_CENTROMERE	0.000990319449111112	3	1	2	0.000990319449111112	3	1	2	0.016779340507496226	3.0	3.0	0.0	0.016779340507496226	3.0	3.0	0.0	2.1153402205545877	0.0	0.0010582258001826767	ENSMUSG00000094777;ENSMUSG00000062727;ENSMUSG00000069301;ENSMUSG00000069274;ENSMUSG00000063021;ENSMUSG00000061615;ENSMUSG00000071516;ENSMUSG00000075031;ENSMUSG00000047534;ENSMUSG00000094338;ENSMUSG00000069302;ENSMUSG00000071478;ENSMUSG00000069305;ENSMUSG00000069272;ENSMUSG00000095217;ENSMUSG00000068101;ENSMUSG00000069309			False	False	True	True
soleus	R-MMU-6798695_NEUTROPHIL_DEGRANULATION	0.1966453010574074	3	1	2	0.1966453010574074	3	1	2	0.010626080554865693	3.0	1.0	2.0	0.010626080554865693	3.0	1.0	2.0	1.395591126432975	0.011976047904191617	0.16459047820203482	ENSMUSG00000026822;ENSMUSG00000018774;ENSMUSG00000019987;ENSMUSG00000054889;ENSMUSG00000029082;ENSMUSG00000028874;ENSMUSG00000021948;ENSMUSG00000064147;ENSMUSG00000029322;ENSMUSG00000025877;ENSMUSG00000046223;ENSMUSG00000028413;ENSMUSG00000027832;ENSMUSG00000026413;ENSMUSG00000059089;ENSMUSG00000072596;ENSMUSG00000027359;ENSMUSG00000021091;ENSMUSG00000098112;ENSMUSG00000021823;ENSMUSG00000021822;ENSMUSG00000030560;ENSMUSG00000003153;ENSMUSG00000054203;ENSMUSG00000030786;ENSMUSG00000026938;ENSMUSG00000052270;ENSMUSG00000073489;ENSMUSG00000069441;ENSMUSG00000026442;ENSMUSG00000030263;ENSMUSG00000043832;ENSMUSG00000037685;ENSMUSG00000025473;ENSMUSG00000001128;ENSMUSG00000058715;ENSMUSG00000005686;ENSMUSG00000090877;ENSMUSG00000020143;ENSMUSG00000091971;ENSMUSG00000026536;ENSMUSG00000030793;ENSMUSG00000022868;ENSMUSG00000040552;ENSMUSG00000046834;ENSMUSG00000027435;ENSMUSG00000010651;ENSMUSG00000058099;ENSMUSG00000031827;ENSMUSG00000032496;ENSMUSG00000061808;ENSMUSG00000013974;ENSMUSG00000004266;ENSMUSG00000060131			False	False	True	True
soleus	R-MMU-6803157_ANTIMICROBIAL_PEPTIDES	0.10331772220296294	3	1	2	0.10331772220296294	3	1	2	0.013084083836319075	3.0	3.0	0.0	0.013084083836319075	3.0	3.0	0.0	1.4184661608722196	0.09210526315789473	0.15297380175032876	ENSMUSG00000026822;ENSMUSG00000044827			False	False	True	True
soleus	R-MMU-6805567_KERATINIZATION	0.2595322945481482	3	3	0	0.2595322945481482	3	3	0	0.009378652912804236	3.0	2.0	1.0	0.009378652912804236	3.0	2.0	1.0	1.4169938147950059	0.08465608465608465	0.1511260113974437	ENSMUSG00000054889;ENSMUSG00000061527;ENSMUSG00000045545;ENSMUSG00000026413;ENSMUSG00000067594;ENSMUSG00000054146;ENSMUSG00000069441;ENSMUSG00000054065;ENSMUSG00000035557;ENSMUSG00000046834;ENSMUSG00000059898			False	False	True	True
soleus	R-MMU-6806667_METABOLISM_OF_FAT_SOLUBLE_VITAMINS	-0.0022120778590740743	3	1	2	-0.0022120778590740743	3	1	2	2.238113810871384e-05	3.0	1.0	2.0	2.238113810871384e-05	3.0	1.0	2.0	-0.6729863985846117	0.900163666121113	1.0	ENSMUSG00000015568;ENSMUSG00000033715			False	False	False	True
soleus	R-MMU-6806834_SIGNALING_BY_MET	0.0001437249989814822	3	1	2	0.0001437249989814822	3	1	2	-0.01808677018254609	3.0	0.0	3.0	-0.01808677018254609	3.0	0.0	3.0	-1.4149025317713437	0.08	0.35715689908895853	ENSMUSG00000024330;ENSMUSG00000027966;ENSMUSG00000022483;ENSMUSG00000026193;ENSMUSG00000028197			False	False	False	False
soleus	R-MMU-6807878_COPI_MEDIATED_ANTEROGRADE_TRANSPORT	0.0016084746368333332	3	3	0	0.0016084746368333332	3	3	0	0.011418936137912996	3.0	1.0	2.0	0.011418936137912996	3.0	1.0	2.0	0.663013877586141	0.8925619834710744	0.9763155661870244	ENSMUSG00000001473;ENSMUSG00000043091			False	False	True	True
soleus	R-MMU-6809371_FORMATION_OF_THE_CORNIFIED_ENVELOPE	0.4029332148148146	3	3	0	0.4029332148148146	3	3	0	0.009378652912804236	3.0	2.0	1.0	0.009378652912804236	3.0	2.0	1.0	1.4169938147950059	0.08465608465608465	0.1511260113974437	ENSMUSG00000054889;ENSMUSG00000061527;ENSMUSG00000045545;ENSMUSG00000026413;ENSMUSG00000067594;ENSMUSG00000054146;ENSMUSG00000069441;ENSMUSG00000054065;ENSMUSG00000035557;ENSMUSG00000046834;ENSMUSG00000059898			True	False	True	True
soleus	R-MMU-6811434_COPI_DEPENDENT_GOLGI_TO_ER_RETROGRADE_TRAFFIC	-0.0024141514068703705	3	0	3	-0.0024141514068703705	3	0	3	0.009712393299511951	3.0	2.0	1.0	0.009712393299511951	3.0	2.0	1.0	1.284302728413627	0.14121037463976946	0.2536165456771497	ENSMUSG00000001473;ENSMUSG00000043091;ENSMUSG00000036768;ENSMUSG00000023015;ENSMUSG00000034311;ENSMUSG00000045328;ENSMUSG00000030677;ENSMUSG00000028678;ENSMUSG00000079553;ENSMUSG00000051378;ENSMUSG00000062380;ENSMUSG00000012443;ENSMUSG00000032254;ENSMUSG00000041642			False	False	False	False
soleus	R-MMU-6811442_INTRA_GOLGI_AND_RETROGRADE_GOLGI_TO_ER_TRAFFIC	0.002302862155092593	3	2	1	0.002302862155092593	3	2	1	0.005492376574773164	3.0	1.0	2.0	0.005492376574773164	3.0	1.0	2.0	1.014620858402816	0.41543026706231456	0.5439233926506598	ENSMUSG00000001473;ENSMUSG00000043091;ENSMUSG00000036768;ENSMUSG00000023015;ENSMUSG00000034311;ENSMUSG00000045328;ENSMUSG00000030677;ENSMUSG00000028678;ENSMUSG00000079553;ENSMUSG00000051378;ENSMUSG00000018008;ENSMUSG00000062380;ENSMUSG00000012443;ENSMUSG00000032254			False	False	True	True
soleus	R-MMU-6811558_PI5P_PP2A_AND_IER3_REGULATE_PI3K_AKT_SIGNALING	-0.002350152660648148	3	1	2	-0.002350152660648148	3	1	2	0.008511288981600397	3.0	2.0	1.0	0.008511288981600397	3.0	2.0	1.0	-0.6444236277368027	0.9515151515151515	1.0	ENSMUSG00000027208;ENSMUSG00000020901;ENSMUSG00000038894;ENSMUSG00000026012;ENSMUSG00000021732			False	False	False	True
soleus	R-MMU-68875_MITOTIC_PROPHASE	-0.011415506247777778	3	0	3	-0.011415506247777778	3	0	3	0.023518361171803198	3.0	3.0	0.0	0.023518361171803198	3.0	3.0	0.0	2.2807038892303275	0.0	0.00014524667845644583	ENSMUSG00000030091;ENSMUSG00000101355;ENSMUSG00000099517;ENSMUSG00000094777;ENSMUSG00000062727;ENSMUSG00000069310;ENSMUSG00000069301;ENSMUSG00000069274;ENSMUSG00000063021;ENSMUSG00000069267;ENSMUSG00000061615;ENSMUSG00000071516;ENSMUSG00000075031;ENSMUSG00000094338;ENSMUSG00000030867;ENSMUSG00000069302;ENSMUSG00000071478;ENSMUSG00000052889;ENSMUSG00000019942;ENSMUSG00000074403;ENSMUSG00000069305;ENSMUSG00000041431;ENSMUSG00000069272;ENSMUSG00000095217;ENSMUSG00000028312;ENSMUSG00000024590;ENSMUSG00000069309			False	False	False	False
soleus	R-MMU-68877_MITOTIC_PROMETAPHASE	0.0019497758170370363	3	2	1	0.0019497758170370363	3	2	1	0.0063419525599084136	3.0	1.0	2.0	0.0063419525599084136	3.0	1.0	2.0	1.4727659719239867	0.04573170731707317	0.12177896512298296	ENSMUSG00000001473;ENSMUSG00000043091;ENSMUSG00000020897;ENSMUSG00000029414;ENSMUSG00000026683;ENSMUSG00000028873;ENSMUSG00000015880;ENSMUSG00000030867;ENSMUSG00000045328;ENSMUSG00000040084;ENSMUSG00000024791;ENSMUSG00000027379;ENSMUSG00000019942;ENSMUSG00000041431;ENSMUSG00000005233;ENSMUSG00000028678;ENSMUSG00000023940;ENSMUSG00000028312;ENSMUSG00000068101;ENSMUSG00000034906;ENSMUSG00000062380			False	False	True	True
soleus	R-MMU-68882_MITOTIC_ANAPHASE	-0.006545377325222222	3	1	2	-0.006545377325222222	3	1	2	0.004179665360387649	3.0	1.0	2.0	0.004179665360387649	3.0	1.0	2.0	1.5197484096509688	0.035256410256410256	0.09780433300214042	ENSMUSG00000001473;ENSMUSG00000043091;ENSMUSG00000020897;ENSMUSG00000029414;ENSMUSG00000026683;ENSMUSG00000028873;ENSMUSG00000030867;ENSMUSG00000045328;ENSMUSG00000040084;ENSMUSG00000024791;ENSMUSG00000027379;ENSMUSG00000019942;ENSMUSG00000058290;ENSMUSG00000041431;ENSMUSG00000005233;ENSMUSG00000028678;ENSMUSG00000001403;ENSMUSG00000023940;ENSMUSG00000068101;ENSMUSG00000024590;ENSMUSG00000062380;ENSMUSG00000032218			False	False	False	False
soleus	R-MMU-68886_M_PHASE	-0.029145614831296296	3	0	3	-0.029145614831296296	3	0	3	0.013828111441195659	3.0	2.0	1.0	0.013828111441195659	3.0	2.0	1.0	2.227730370443679	0.0	0.00015845092195248636	ENSMUSG00000030091;ENSMUSG00000101355;ENSMUSG00000099517;ENSMUSG00000094777;ENSMUSG00000062727;ENSMUSG00000069310;ENSMUSG00000001473;ENSMUSG00000069301;ENSMUSG00000043091;ENSMUSG00000069274;ENSMUSG00000063021;ENSMUSG00000069267;ENSMUSG00000061615;ENSMUSG00000020897;ENSMUSG00000029414;ENSMUSG00000071516;ENSMUSG00000075031;ENSMUSG00000026683;ENSMUSG00000028873;ENSMUSG00000015880;ENSMUSG00000094338;ENSMUSG00000030867;ENSMUSG00000045328;ENSMUSG00000069302;ENSMUSG00000040084;ENSMUSG00000071478;ENSMUSG00000052889;ENSMUSG00000024791;ENSMUSG00000027379;ENSMUSG00000019942;ENSMUSG00000074403;ENSMUSG00000069305;ENSMUSG00000058290;ENSMUSG00000041431;ENSMUSG00000069272;ENSMUSG00000005233;ENSMUSG00000028678;ENSMUSG00000001403;ENSMUSG00000095217;ENSMUSG00000023940;ENSMUSG00000028312;ENSMUSG00000068101;ENSMUSG00000034906;ENSMUSG00000024590;ENSMUSG00000069309;ENSMUSG00000062380			False	False	False	False
soleus	R-MMU-69231_CYCLIN_D_ASSOCIATED_EVENTS_IN_G1	0.00902309549398148	3	2	1	0.00902309549398148	3	2	1	0.006984753670628637	3.0	3.0	0.0	0.006984753670628637	3.0	3.0	0.0	0.8957921838631364	0.5757575757575758	0.7306289717628311	ENSMUSG00000023067;ENSMUSG00000037664;ENSMUSG00000024789			False	False	True	True
soleus	R-MMU-69236_G1_PHASE	0.0006809789948148148	3	1	2	0.0006809789948148148	3	1	2	0.006984753670628637	3.0	3.0	0.0	0.006984753670628637	3.0	3.0	0.0	0.8957921838631364	0.5757575757575758	0.7306289717628311	ENSMUSG00000023067;ENSMUSG00000037664;ENSMUSG00000024789			False	False	True	True
soleus	R-MMU-69242_S_PHASE	0.0023180108518148146	3	2	1	0.0023180108518148146	3	2	1	0.006283294670260296	3.0	2.0	1.0	0.006283294670260296	3.0	2.0	1.0	1.2913741801012266	0.14775725593667546	0.24727647364959396	ENSMUSG00000023067;ENSMUSG00000005410;ENSMUSG00000027715;ENSMUSG00000056394;ENSMUSG00000024791;ENSMUSG00000022034;ENSMUSG00000031821;ENSMUSG00000001403			False	False	True	True
soleus	R-MMU-69275_G2_M_TRANSITION	-0.0037394003062962973	3	1	2	-0.0037394003062962977	3	1	2	0.013027856314945047	3.0	2.0	1.0	0.013027856314945047	3.0	2.0	1.0	1.5398006969032414	0.02824858757062147	0.088053440913596	ENSMUSG00000023067;ENSMUSG00000001473;ENSMUSG00000043091;ENSMUSG00000047534;ENSMUSG00000027715;ENSMUSG00000030867;ENSMUSG00000027469;ENSMUSG00000020330;ENSMUSG00000019942;ENSMUSG00000022385;ENSMUSG00000041431;ENSMUSG00000023940;ENSMUSG00000062380;ENSMUSG00000032218			False	False	False	False
soleus	R-MMU-69278_CELL_CYCLE_MITOTIC	0.0009288354444444794	3	1	2	0.0009288354444444794	3	1	2	0.012740152939321158	3.0	2.0	1.0	0.012740152939321158	3.0	2.0	1.0	2.225875741676968	0.0	0.00015156175143281304	ENSMUSG00000030091;ENSMUSG00000023067;ENSMUSG00000101355;ENSMUSG00000099517;ENSMUSG00000094777;ENSMUSG00000062727;ENSMUSG00000069310;ENSMUSG00000001473;ENSMUSG00000069301;ENSMUSG00000043091;ENSMUSG00000069274;ENSMUSG00000063021;ENSMUSG00000069267;ENSMUSG00000037664;ENSMUSG00000061615;ENSMUSG00000020897;ENSMUSG00000005410;ENSMUSG00000029414;ENSMUSG00000026669;ENSMUSG00000071516;ENSMUSG00000075031;ENSMUSG00000026683;ENSMUSG00000028873;ENSMUSG00000024789;ENSMUSG00000015880;ENSMUSG00000047534;ENSMUSG00000027715;ENSMUSG00000094338;ENSMUSG00000030867;ENSMUSG00000045328;ENSMUSG00000069302;ENSMUSG00000040084;ENSMUSG00000071478;ENSMUSG00000052889;ENSMUSG00000056394;ENSMUSG00000027469;ENSMUSG00000024791;ENSMUSG00000022034;ENSMUSG00000020330;ENSMUSG00000027379;ENSMUSG00000019942;ENSMUSG00000074403;ENSMUSG00000069305;ENSMUSG00000058290;ENSMUSG00000022385;ENSMUSG00000041431;ENSMUSG00000069272;ENSMUSG00000005233;ENSMUSG00000028678;ENSMUSG00000031821;ENSMUSG00000001403;ENSMUSG00000095217;ENSMUSG00000023940;ENSMUSG00000028312;ENSMUSG00000068101;ENSMUSG00000034906;ENSMUSG00000024590;ENSMUSG00000069309;ENSMUSG00000062380			False	False	True	True
soleus	R-MMU-69473_G2_M_DNA_DAMAGE_CHECKPOINT	0.0016686524218888891	3	2	1	0.0016686524218888891	3	2	1	0.015212098201058613	3.0	2.0	1.0	0.015212098201058613	3.0	2.0	1.0	1.776784057889574	0.0084985835694051	0.019753548270076634	ENSMUSG00000062727;ENSMUSG00000069274;ENSMUSG00000075031;ENSMUSG00000027715;ENSMUSG00000017146;ENSMUSG00000094338;ENSMUSG00000019942;ENSMUSG00000069305;ENSMUSG00000041431;ENSMUSG00000095217;ENSMUSG00000058385;ENSMUSG00000069308;ENSMUSG00000069306			False	False	True	True
soleus	R-MMU-69481_G2_M_CHECKPOINTS	0.006733845432481481	3	3	0	0.006733845432481481	3	3	0	0.012909790720904804	3.0	1.0	2.0	0.012909790720904804	3.0	1.0	2.0	1.8395264428325868	0.009345794392523364	0.012168443950684461	ENSMUSG00000062727;ENSMUSG00000069274;ENSMUSG00000005410;ENSMUSG00000026669;ENSMUSG00000075031;ENSMUSG00000042489;ENSMUSG00000027715;ENSMUSG00000017146;ENSMUSG00000094338;ENSMUSG00000019942;ENSMUSG00000069305;ENSMUSG00000022385;ENSMUSG00000041431;ENSMUSG00000095217;ENSMUSG00000032218;ENSMUSG00000058385;ENSMUSG00000069308;ENSMUSG00000069306			False	False	True	True
soleus	R-MMU-69618_MITOTIC_SPINDLE_CHECKPOINT	-0.0021758487657777778	3	0	3	-0.0021758487657777778	3	0	3	-0.0032005299162155554	3.0	1.0	2.0	-0.0032005299162155554	3.0	1.0	2.0	1.3937644504804871	0.08516483516483517	0.16272419630122562	ENSMUSG00000020897;ENSMUSG00000029414;ENSMUSG00000026683;ENSMUSG00000028873;ENSMUSG00000030867;ENSMUSG00000045328;ENSMUSG00000040084;ENSMUSG00000027379;ENSMUSG00000005233;ENSMUSG00000028678;ENSMUSG00000001403;ENSMUSG00000023940;ENSMUSG00000068101			False	False	True	False
soleus	R-MMU-69620_CELL_CYCLE_CHECKPOINTS	0.009466078277962961	3	2	1	0.009466078277962961	3	2	1	0.008872916048625576	3.0	2.0	1.0	0.008872916048625576	3.0	2.0	1.0	1.9849683164552956	0.0	0.0035246527305430857	ENSMUSG00000023067;ENSMUSG00000062727;ENSMUSG00000069274;ENSMUSG00000020897;ENSMUSG00000005410;ENSMUSG00000029414;ENSMUSG00000026669;ENSMUSG00000075031;ENSMUSG00000026683;ENSMUSG00000028873;ENSMUSG00000042489;ENSMUSG00000027715;ENSMUSG00000017146;ENSMUSG00000094338;ENSMUSG00000030867;ENSMUSG00000045328;ENSMUSG00000040084;ENSMUSG00000027379;ENSMUSG00000019942;ENSMUSG00000028680;ENSMUSG00000069305;ENSMUSG00000022385;ENSMUSG00000041431;ENSMUSG00000005233;ENSMUSG00000028678;ENSMUSG00000001403;ENSMUSG00000095217;ENSMUSG00000023940;ENSMUSG00000068101			False	False	True	True
soleus	R-MMU-71291_METABOLISM_OF_AMINO_ACIDS_AND_DERIVATIVES	0.020827927555555587	3	1	2	0.020827927555555587	3	1	2	0.0020146102130508686	3.0	1.0	2.0	0.0020146102130508686	3.0	1.0	2.0	-0.8329594690956356	0.7414050822122571	1.0	ENSMUSG00000003849;ENSMUSG00000028179;ENSMUSG00000021622			False	False	True	False
soleus	R-MMU-71387_METABOLISM_OF_CARBOHYDRATES_AND_CARBOHYDRATE_DERIVATIVES	-0.0074903212870370455	3	2	1	-0.0074903212870370455	3	2	1	0.00670191256875625	3.0	2.0	1.0	0.00670191256875625	3.0	2.0	1.0	1.0355709254858674	0.3462897526501767	0.5151899684850134	ENSMUSG00000030091;ENSMUSG00000021456;ENSMUSG00000032122;ENSMUSG00000060600;ENSMUSG00000053279;ENSMUSG00000028307;ENSMUSG00000026773;ENSMUSG00000025877;ENSMUSG00000028413;ENSMUSG00000062184;ENSMUSG00000036395;ENSMUSG00000025648			False	False	False	False
soleus	R-MMU-73857_RNA_POLYMERASE_II_TRANSCRIPTION	-0.030318088148148254	3	1	2	-0.030318088148148254	3	1	2	0.005064769153277397	3.0	2.0	1.0	0.005064769153277397	3.0	2.0	1.0	1.1787568641804154	0.1076923076923077	0.3529630455252687	ENSMUSG00000046179;ENSMUSG00000022346;ENSMUSG00000023067;ENSMUSG00000101355;ENSMUSG00000020423;ENSMUSG00000006542;ENSMUSG00000099517;ENSMUSG00000022510;ENSMUSG00000094777;ENSMUSG00000062727;ENSMUSG00000069310;ENSMUSG00000028341;ENSMUSG00000069301;ENSMUSG00000048895;ENSMUSG00000001542;ENSMUSG00000069274;ENSMUSG00000063021;ENSMUSG00000069267;ENSMUSG00000030353;ENSMUSG00000061615;ENSMUSG00000020897;ENSMUSG00000023034;ENSMUSG00000038332;ENSMUSG00000071516;ENSMUSG00000075031;ENSMUSG00000027715;ENSMUSG00000017146;ENSMUSG00000094338;ENSMUSG00000032402;ENSMUSG00000039910;ENSMUSG00000069302;ENSMUSG00000071478;ENSMUSG00000027469;ENSMUSG00000019942;ENSMUSG00000028680;ENSMUSG00000055116;ENSMUSG00000070691;ENSMUSG00000074403;ENSMUSG00000062175;ENSMUSG00000069305;ENSMUSG00000041431;ENSMUSG00000069272			False	False	False	False
soleus	R-MMU-73884_BASE_EXCISION_REPAIR	0.0033960399390370374	3	2	1	0.0033960399390370374	3	2	1	0.01913817427280362	3.0	3.0	0.0	0.01913817427280362	3.0	3.0	0.0	2.12775063458209	0.0	0.000557747245272752	ENSMUSG00000094777;ENSMUSG00000062727;ENSMUSG00000069301;ENSMUSG00000069274;ENSMUSG00000063021;ENSMUSG00000061615;ENSMUSG00000071516;ENSMUSG00000075031;ENSMUSG00000094338;ENSMUSG00000069302;ENSMUSG00000071478;ENSMUSG00000056394;ENSMUSG00000069305;ENSMUSG00000069272;ENSMUSG00000095217;ENSMUSG00000069309			False	False	True	True
soleus	R-MMU-73886_CHROMOSOME_MAINTENANCE	-0.004308108535703704	3	2	1	-0.004308108535703703	3	2	1	0.01663024607668472	3.0	3.0	0.0	0.01663024607668472	3.0	3.0	0.0	2.1501338034071042	0.0	0.0004357400353693375	ENSMUSG00000094777;ENSMUSG00000062727;ENSMUSG00000069301;ENSMUSG00000069274;ENSMUSG00000063021;ENSMUSG00000061615;ENSMUSG00000071516;ENSMUSG00000075031;ENSMUSG00000047534;ENSMUSG00000027715;ENSMUSG00000094338;ENSMUSG00000069302;ENSMUSG00000071478;ENSMUSG00000056394;ENSMUSG00000069305;ENSMUSG00000069272;ENSMUSG00000095217;ENSMUSG00000068101;ENSMUSG00000069309			False	False	False	False
soleus	R-MMU-73887_DEATH_RECEPTOR_SIGNALING	-0.022531180574074106	3	1	2	-0.022531180574074106	3	1	2	-0.015385760605680485	3.0	0.0	3.0	-0.015385760605680485	3.0	0.0	3.0	-1.366573528037075	0.0804093567251462	0.45641893187467536	ENSMUSG00000037946;ENSMUSG00000017631;ENSMUSG00000039304;ENSMUSG00000032010;ENSMUSG00000028059;ENSMUSG00000031442;ENSMUSG00000024778;ENSMUSG00000022788;ENSMUSG00000021215;ENSMUSG00000052921;ENSMUSG00000029512;ENSMUSG00000040964			False	False	True	True
soleus	R-MMU-73894_DNA_REPAIR	0.14011846759259247	3	3	0	0.14011846759259247	3	3	0	0.014952829200424326	3.0	3.0	0.0	0.014952829200424326	3.0	3.0	0.0	2.097216298085653	0.0	0.0013823476984130708	ENSMUSG00000010461;ENSMUSG00000037474;ENSMUSG00000094777;ENSMUSG00000062727;ENSMUSG00000069301;ENSMUSG00000069274;ENSMUSG00000063021;ENSMUSG00000061615;ENSMUSG00000040204;ENSMUSG00000071516;ENSMUSG00000075031;ENSMUSG00000042489;ENSMUSG00000027715;ENSMUSG00000017146;ENSMUSG00000094338;ENSMUSG00000069302;ENSMUSG00000071478;ENSMUSG00000056394;ENSMUSG00000069305;ENSMUSG00000069272;ENSMUSG00000095217	DNA repair	complementary	True	True	True	True
soleus	R-MMU-73927_DEPURINATION	0.0030610188825555564	3	3	0	0.0030610188825555555	3	3	0	0.018802453859495194	3.0	3.0	0.0	0.018802453859495194	3.0	3.0	0.0	2.0925903461211757	0.0	0.0011453738072565443	ENSMUSG00000094777;ENSMUSG00000062727;ENSMUSG00000069301;ENSMUSG00000069274;ENSMUSG00000063021;ENSMUSG00000061615;ENSMUSG00000071516;ENSMUSG00000075031;ENSMUSG00000094338;ENSMUSG00000069302;ENSMUSG00000071478;ENSMUSG00000069305;ENSMUSG00000069272;ENSMUSG00000095217;ENSMUSG00000069309;ENSMUSG00000058385;ENSMUSG00000069308;ENSMUSG00000069306			False	False	True	True
soleus	R-MMU-73929_BASE_EXCISION_REPAIR_AP_SITE_FORMATION	0.0007712551390185186	3	2	1	0.0007712551390185186	3	2	1	0.018802453859495194	3.0	3.0	0.0	0.018802453859495194	3.0	3.0	0.0	2.0925903461211757	0.0	0.0011453738072565443	ENSMUSG00000094777;ENSMUSG00000062727;ENSMUSG00000069301;ENSMUSG00000069274;ENSMUSG00000063021;ENSMUSG00000061615;ENSMUSG00000071516;ENSMUSG00000075031;ENSMUSG00000094338;ENSMUSG00000069302;ENSMUSG00000071478;ENSMUSG00000069305;ENSMUSG00000069272;ENSMUSG00000095217;ENSMUSG00000069309;ENSMUSG00000058385;ENSMUSG00000069308;ENSMUSG00000069306			False	False	True	True
soleus	R-MMU-74160_GENE_EXPRESSION_TRANSCRIPTION	0.10618394185185176	3	1	2	0.10618394185185176	3	1	2	0.004905290896960217	3.0	2.0	1.0	0.004905290896960217	3.0	2.0	1.0	1.1667725806497118	0.10052910052910052	0.36124169356467684	ENSMUSG00000046179;ENSMUSG00000022346;ENSMUSG00000023067;ENSMUSG00000101355;ENSMUSG00000020423;ENSMUSG00000006542;ENSMUSG00000099517;ENSMUSG00000022510;ENSMUSG00000094777;ENSMUSG00000062727;ENSMUSG00000069310;ENSMUSG00000028341;ENSMUSG00000069301;ENSMUSG00000048895;ENSMUSG00000001542;ENSMUSG00000069274;ENSMUSG00000063021;ENSMUSG00000069267;ENSMUSG00000030353;ENSMUSG00000061615;ENSMUSG00000020897;ENSMUSG00000023034;ENSMUSG00000038332;ENSMUSG00000071516;ENSMUSG00000075031;ENSMUSG00000027715;ENSMUSG00000017146;ENSMUSG00000094338;ENSMUSG00000032402;ENSMUSG00000039910;ENSMUSG00000069302;ENSMUSG00000071478;ENSMUSG00000027469;ENSMUSG00000019942;ENSMUSG00000028680;ENSMUSG00000055116;ENSMUSG00000070691;ENSMUSG00000074403;ENSMUSG00000062175;ENSMUSG00000069305;ENSMUSG00000041431;ENSMUSG00000069272			False	False	True	True
soleus	R-MMU-76002_PLATELET_ACTIVATION_SIGNALING_AND_AGGREGATION	0.06238720100000004	3	1	2	0.06238720100000004	3	1	2	0.0025121713503530457	3.0	1.0	2.0	0.0025121713503530457	3.0	1.0	2.0	-0.8771524951756202	0.7210191082802547	1.0	ENSMUSG00000027765;ENSMUSG00000033174;ENSMUSG00000029661;ENSMUSG00000002944;ENSMUSG00000025784;ENSMUSG00000037206;ENSMUSG00000027249;ENSMUSG00000020901;ENSMUSG00000048376;ENSMUSG00000026193;ENSMUSG00000023951;ENSMUSG00000001930;ENSMUSG00000035735;ENSMUSG00000061780;ENSMUSG00000018593;ENSMUSG00000032766			False	False	True	False
soleus	R-MMU-76005_RESPONSE_TO_ELEVATED_PLATELET_CYTOSOLIC_CA2	-0.07818972670370368	3	2	1	-0.07818972670370368	3	2	1	0.005198265748426384	3.0	2.0	1.0	0.005198265748426384	3.0	2.0	1.0	-0.49345678562406364	1.0	0.9995358806969118	ENSMUSG00000002944;ENSMUSG00000025784;ENSMUSG00000037206;ENSMUSG00000026193;ENSMUSG00000023951;ENSMUSG00000001930;ENSMUSG00000061780;ENSMUSG00000018593			False	False	False	True
soleus	R-MMU-774815_NUCLEOSOME_ASSEMBLY	-0.006107948987037035	3	1	2	-0.006107948987037035	3	1	2	0.016779340507496226	3.0	3.0	0.0	0.016779340507496226	3.0	3.0	0.0	2.1153402205545877	0.0	0.0010582258001826767	ENSMUSG00000094777;ENSMUSG00000062727;ENSMUSG00000069301;ENSMUSG00000069274;ENSMUSG00000063021;ENSMUSG00000061615;ENSMUSG00000071516;ENSMUSG00000075031;ENSMUSG00000047534;ENSMUSG00000094338;ENSMUSG00000069302;ENSMUSG00000071478;ENSMUSG00000069305;ENSMUSG00000069272;ENSMUSG00000095217;ENSMUSG00000068101;ENSMUSG00000069309			False	False	False	False
soleus	R-MMU-8852276_THE_ROLE_OF_GTSE1_IN_G2_M_PROGRESSION_AFTER_G2_CHECKPOINT	0.003467025212037037	3	2	1	0.003467025212037037	3	2	1	0.01916555271645228	3.0	2.0	1.0	0.01916555271645228	3.0	2.0	1.0	1.5045916272267765	0.05181347150259067	0.10416876598631915	ENSMUSG00000023067;ENSMUSG00000001473;ENSMUSG00000043091;ENSMUSG00000030867;ENSMUSG00000019942;ENSMUSG00000022385;ENSMUSG00000041431;ENSMUSG00000062380;ENSMUSG00000032218			False	False	True	True
soleus	R-MMU-8856688_GOLGI_TO_ER_RETROGRADE_TRANSPORT	-0.0011967479902777777	3	1	2	-0.0011967479902777777	3	1	2	0.008236712495195938	3.0	1.0	2.0	0.008236712495195938	3.0	1.0	2.0	1.1547725572573193	0.24107142857142858	0.37146999400434305	ENSMUSG00000001473;ENSMUSG00000043091;ENSMUSG00000036768;ENSMUSG00000023015;ENSMUSG00000034311;ENSMUSG00000045328;ENSMUSG00000030677;ENSMUSG00000028678;ENSMUSG00000079553;ENSMUSG00000051378;ENSMUSG00000062380;ENSMUSG00000012443;ENSMUSG00000032254;ENSMUSG00000041642			False	False	False	False
soleus	R-MMU-8856825_CARGO_RECOGNITION_FOR_CLATHRIN_MEDIATED_ENDOCYTOSIS	-0.003313995420740739	3	1	2	-0.003313995420740739	3	1	2	0.015807530255713628	3.0	3.0	0.0	0.015807530255713628	3.0	3.0	0.0	1.2830615207615232	0.13764044943820225	0.2526193041088974	ENSMUSG00000024486;ENSMUSG00000032193;ENSMUSG00000020609			False	False	False	False
soleus	R-MMU-8856828_CLATHRIN_MEDIATED_ENDOCYTOSIS	0.06923150832037038	3	3	0	0.06923150832037038	3	3	0	0.009654486514085311	3.0	3.0	0.0	0.009654486514085311	3.0	3.0	0.0	1.1689148784141126	0.22865853658536586	0.3661026976238006	ENSMUSG00000024486;ENSMUSG00000032193;ENSMUSG00000020609;ENSMUSG00000029580;ENSMUSG00000070000;ENSMUSG00000045730;ENSMUSG00000023805;ENSMUSG00000042249;ENSMUSG00000029378			False	False	True	True
soleus	R-MMU-8875878_MET_PROMOTES_CELL_MOTILITY	-0.0019078910530518519	3	0	3	-0.0019078910530518519	3	0	3	-0.025029683099989597	3.0	0.0	3.0	-0.025029683099989597	3.0	0.0	3.0	-1.6306479985682052	0.0180623973727422	0.17237893034071378	ENSMUSG00000024330;ENSMUSG00000027966;ENSMUSG00000022483;ENSMUSG00000026193;ENSMUSG00000028197			False	False	True	True
soleus	R-MMU-8878171_TRANSCRIPTIONAL_REGULATION_BY_RUNX1	0.0017569162460370387	3	2	1	0.0017569162460370387	3	2	1	0.0064539873157651384	3.0	2.0	1.0	0.0064539873157651384	3.0	2.0	1.0	1.5954489872721462	0.01098901098901099	0.06432007077646276	ENSMUSG00000101355;ENSMUSG00000099517;ENSMUSG00000094777;ENSMUSG00000062727;ENSMUSG00000069310;ENSMUSG00000069301;ENSMUSG00000069274;ENSMUSG00000063021;ENSMUSG00000069267;ENSMUSG00000061615;ENSMUSG00000071516;ENSMUSG00000075031;ENSMUSG00000094338;ENSMUSG00000069302;ENSMUSG00000071478;ENSMUSG00000074403;ENSMUSG00000069305;ENSMUSG00000069272;ENSMUSG00000095217			False	False	True	True
soleus	R-MMU-8936459_RUNX1_REGULATES_GENES_INVOLVED_IN_MEGAKARYOCYTE_DIFFERENTIATION_AND_PLATELET_FUNCTION	-0.007045357316111111	3	0	3	-0.007045357316111111	3	0	3	0.01954473181204656	3.0	3.0	0.0	0.01954473181204656	3.0	3.0	0.0	2.3204288108011233	0.0	0.0	ENSMUSG00000101355;ENSMUSG00000099517;ENSMUSG00000094777;ENSMUSG00000062727;ENSMUSG00000069310;ENSMUSG00000069301;ENSMUSG00000069274;ENSMUSG00000063021;ENSMUSG00000069267;ENSMUSG00000061615;ENSMUSG00000071516;ENSMUSG00000075031;ENSMUSG00000094338;ENSMUSG00000069302;ENSMUSG00000071478;ENSMUSG00000074403;ENSMUSG00000069305;ENSMUSG00000069272;ENSMUSG00000095217			False	False	False	False
soleus	R-MMU-8939211_ESR_MEDIATED_SIGNALING	-0.017127220667407402	3	1	2	-0.017127220667407402	3	1	2	0.021376003991009005	3.0	3.0	0.0	0.021376003991009005	3.0	3.0	0.0	1.9567222501016175	0.0	0.004212153675236929	ENSMUSG00000024486;ENSMUSG00000004951;ENSMUSG00000024222;ENSMUSG00000101355;ENSMUSG00000099517;ENSMUSG00000062727;ENSMUSG00000069310;ENSMUSG00000069274;ENSMUSG00000069267;ENSMUSG00000043004;ENSMUSG00000075031;ENSMUSG00000094338;ENSMUSG00000005533;ENSMUSG00000028978;ENSMUSG00000048490;ENSMUSG00000074403;ENSMUSG00000069305;ENSMUSG00000095217;ENSMUSG00000029378			False	False	False	False
soleus	R-MMU-8948216_COLLAGEN_CHAIN_TRIMERIZATION	-0.004277879481111112	3	1	2	-0.004277879481111112	3	1	2	-0.027211540851319837	3.0	0.0	3.0	-0.027211540851319837	3.0	0.0	3.0	-1.6606748741154085	0.0029411764705882353	0.18685818276355126	ENSMUSG00000024330;ENSMUSG00000056174;ENSMUSG00000027966;ENSMUSG00000079022;ENSMUSG00000032332;ENSMUSG00000004415;ENSMUSG00000040690;ENSMUSG00000022483;ENSMUSG00000028197;ENSMUSG00000028339;ENSMUSG00000068196;ENSMUSG00000001119;ENSMUSG00000020241			False	False	True	True
soleus	R-MMU-8951664_NEDDYLATION	-0.09729831721814815	3	1	2	-0.09729831721814815	3	1	2	0.00034919558674932166	3.0	1.0	2.0	0.00034919558674932166	3.0	1.0	2.0	-0.7479554622255992	0.8270106221547799	1.0	ENSMUSG00000022358;ENSMUSG00000046997;ENSMUSG00000054978;ENSMUSG00000073700			False	False	False	True
soleus	R-MMU-8953854_METABOLISM_OF_RNA	-0.003735098333333372	3	2	1	-0.003735098333333372	3	2	1	0.016445910271224273	3.0	3.0	0.0	0.016445910271224273	3.0	3.0	0.0	1.6161137742459	0.015384615384615385	0.05629024794940231	ENSMUSG00000004951;ENSMUSG00000030091;ENSMUSG00000021948;ENSMUSG00000039221;ENSMUSG00000090877;ENSMUSG00000091971;ENSMUSG00000078193			False	False	False	False
soleus	R-MMU-8953897_CELLULAR_RESPONSES_TO_STIMULI	0.05177199388888898	3	2	1	0.05177199388888898	3	2	1	0.010631467510511139	3.0	2.0	1.0	0.010631467510511139	3.0	2.0	1.0	1.6177040949161978	0.0	0.05672090288979147	ENSMUSG00000031762;ENSMUSG00000030091;ENSMUSG00000028238;ENSMUSG00000023067;ENSMUSG00000024222;ENSMUSG00000058773;ENSMUSG00000078249;ENSMUSG00000029368;ENSMUSG00000094777;ENSMUSG00000020609;ENSMUSG00000027692;ENSMUSG00000062727;ENSMUSG00000001473;ENSMUSG00000069301;ENSMUSG00000043091;ENSMUSG00000069274;ENSMUSG00000024617;ENSMUSG00000063021;ENSMUSG00000000555;ENSMUSG00000061615;ENSMUSG00000021699;ENSMUSG00000038332;ENSMUSG00000005483;ENSMUSG00000043004;ENSMUSG00000071516;ENSMUSG00000021823;ENSMUSG00000075031;ENSMUSG00000071715;ENSMUSG00000027715;ENSMUSG00000094338;ENSMUSG00000039910;ENSMUSG00000052684;ENSMUSG00000069302;ENSMUSG00000021250;ENSMUSG00000041548;ENSMUSG00000090877;ENSMUSG00000071478;ENSMUSG00000091971;ENSMUSG00000028978;ENSMUSG00000032802;ENSMUSG00000046711;ENSMUSG00000026480;ENSMUSG00000032083			False	False	True	True
soleus	R-MMU-8978868_FATTY_ACID_METABOLISM	-0.19826229757407407	3	2	1	-0.19826229757407407	3	2	1	-0.010993913352515858	3.0	0.0	3.0	-0.010993913352515858	3.0	0.0	3.0	-1.3434076796924959	0.0776978417266187	0.5085852458463923	ENSMUSG00000034853;ENSMUSG00000022040;ENSMUSG00000036880;ENSMUSG00000035686;ENSMUSG00000017969;ENSMUSG00000033715;ENSMUSG00000076435;ENSMUSG00000049537;ENSMUSG00000026385;ENSMUSG00000020532;ENSMUSG00000072949;ENSMUSG00000018796;ENSMUSG00000042010;ENSMUSG00000032315;ENSMUSG00000032883	Fatty-acid metabolism	context_sensitive	True	True	True	True
soleus	R-MMU-8980692_RHOA_GTPASE_CYCLE	0.0001933736277777761	3	2	1	0.0001933736277777761	3	2	1	-0.006915474139702875	3.0	0.0	3.0	-0.006915474139702875	3.0	0.0	3.0	-0.9501670586856275	0.556998556998557	0.9404911794372615	ENSMUSG00000022797;ENSMUSG00000017631;ENSMUSG00000026880;ENSMUSG00000037709;ENSMUSG00000028059;ENSMUSG00000031442;ENSMUSG00000021215;ENSMUSG00000047963;ENSMUSG00000052921;ENSMUSG00000068614;ENSMUSG00000032812;ENSMUSG00000040964;ENSMUSG00000057315;ENSMUSG00000066406;ENSMUSG00000098188;ENSMUSG00000061462;ENSMUSG00000033450;ENSMUSG00000031523;ENSMUSG00000007655;ENSMUSG00000048960;ENSMUSG00000024451			False	False	False	False
soleus	R-MMU-9006925_INTRACELLULAR_SIGNALING_BY_SECOND_MESSENGERS	-0.02134909670925926	3	0	3	-0.02134909670925926	3	0	3	0.006542278314800897	3.0	2.0	1.0	0.006542278314800897	3.0	2.0	1.0	0.7368089433290267	0.935064935064935	0.9582606429719068	ENSMUSG00000024486;ENSMUSG00000023067;ENSMUSG00000021948;ENSMUSG00000005320;ENSMUSG00000023034;ENSMUSG00000025017			False	False	False	False
soleus	R-MMU-9006931_SIGNALING_BY_NUCLEAR_RECEPTORS	0.008160058092592534	3	1	2	0.008160058092592534	3	1	2	0.009982029671136572	3.0	3.0	0.0	0.009982029671136572	3.0	3.0	0.0	1.3376486517099373	0.05078125	0.20966785231301063	ENSMUSG00000024486;ENSMUSG00000004951;ENSMUSG00000024222;ENSMUSG00000101355;ENSMUSG00000099517;ENSMUSG00000062727;ENSMUSG00000053279;ENSMUSG00000069310;ENSMUSG00000069274;ENSMUSG00000069267;ENSMUSG00000043004;ENSMUSG00000075031;ENSMUSG00000094338;ENSMUSG00000005533;ENSMUSG00000028978;ENSMUSG00000048490;ENSMUSG00000074403;ENSMUSG00000069305;ENSMUSG00000095217;ENSMUSG00000029378			False	False	True	True
soleus	R-MMU-9006934_SIGNALING_BY_RECEPTOR_TYROSINE_KINASES	-0.058751094851851926	3	1	2	-0.058751094851851926	3	1	2	0.0009088240864347138	3.0	2.0	1.0	0.0009088240864347138	3.0	2.0	1.0	-0.8886842382816367	0.6866585067319462	1.0	ENSMUSG00000020340;ENSMUSG00000024330;ENSMUSG00000027966;ENSMUSG00000027208;ENSMUSG00000030513;ENSMUSG00000020312;ENSMUSG00000022483;ENSMUSG00000032715;ENSMUSG00000038894;ENSMUSG00000026193;ENSMUSG00000042254;ENSMUSG00000028047;ENSMUSG00000021732;ENSMUSG00000029304;ENSMUSG00000023951;ENSMUSG00000062960;ENSMUSG00000020176;ENSMUSG00000028197;ENSMUSG00000019960;ENSMUSG00000008090;ENSMUSG00000023885;ENSMUSG00000021702;ENSMUSG00000002602;ENSMUSG00000001119;ENSMUSG00000040990;ENSMUSG00000020241;ENSMUSG00000037225;ENSMUSG00000041112			False	False	False	True
soleus	R-MMU-9006936_SIGNALING_BY_TGFB_FAMILY_MEMBERS	-0.040819064092592505	3	1	2	-0.040819064092592505	3	1	2	-0.0003660546729344072	3.0	1.0	2.0	-0.0003660546729344072	3.0	1.0	2.0	-1.0177597031055348	0.4235474006116208	0.9800953527781173	ENSMUSG00000002020;ENSMUSG00000041324;ENSMUSG00000040488;ENSMUSG00000022816;ENSMUSG00000024940;ENSMUSG00000021253;ENSMUSG00000037225;ENSMUSG00000038400;ENSMUSG00000029287;ENSMUSG00000032440;ENSMUSG00000031283;ENSMUSG00000068240;ENSMUSG00000026834;ENSMUSG00000027660;ENSMUSG00000027358			False	False	True	True
soleus	R-MMU-9009391_EXTRA_NUCLEAR_ESTROGEN_SIGNALING	6.37825719259262e-05	3	3	0	6.37825719259262e-05	3	3	0	0.013841252513670493	3.0	3.0	0.0	0.013841252513670493	3.0	3.0	0.0	1.2056487802843132	0.216	0.33010522154898075	ENSMUSG00000024486;ENSMUSG00000004951;ENSMUSG00000043004;ENSMUSG00000005533;ENSMUSG00000028978			False	False	True	True
soleus	R-MMU-9012999_RHO_GTPASE_CYCLE	0.06499429855555557	3	1	2	0.06499429855555557	3	1	2	-0.004806039929439676	3.0	1.0	2.0	-0.004806039929439676	3.0	1.0	2.0	-0.975321095242033	0.5012254901960784	0.938439932767162	ENSMUSG00000020340;ENSMUSG00000037946;ENSMUSG00000019944;ENSMUSG00000022797;ENSMUSG00000017631;ENSMUSG00000026880;ENSMUSG00000045664;ENSMUSG00000037709;ENSMUSG00000028059;ENSMUSG00000027500;ENSMUSG00000031442;ENSMUSG00000026991;ENSMUSG00000020315;ENSMUSG00000022788;ENSMUSG00000066357;ENSMUSG00000021215;ENSMUSG00000047963;ENSMUSG00000052921;ENSMUSG00000027940;ENSMUSG00000068614;ENSMUSG00000075415;ENSMUSG00000039960;ENSMUSG00000032812;ENSMUSG00000040964;ENSMUSG00000057738;ENSMUSG00000046841;ENSMUSG00000028698;ENSMUSG00000001270;ENSMUSG00000030257;ENSMUSG00000073676;ENSMUSG00000057315;ENSMUSG00000066406;ENSMUSG00000025558;ENSMUSG00000032198;ENSMUSG00000052085;ENSMUSG00000098188;ENSMUSG00000061462;ENSMUSG00000033450;ENSMUSG00000031523;ENSMUSG00000007655;ENSMUSG00000034037;ENSMUSG00000048960;ENSMUSG00000024451;ENSMUSG00000049521;ENSMUSG00000001918			False	False	False	False
soleus	R-MMU-9013026_RHOB_GTPASE_CYCLE	-0.0030352945933333334	3	0	3	-0.0030352945933333334	3	0	3	-0.010519198451979147	3.0	1.0	2.0	-0.010519198451979147	3.0	1.0	2.0	-0.9598460846359406	0.5254777070063694	0.9355321215535045	ENSMUSG00000022797;ENSMUSG00000017631;ENSMUSG00000026880;ENSMUSG00000028059;ENSMUSG00000031442;ENSMUSG00000021215;ENSMUSG00000068614;ENSMUSG00000040964			False	False	True	True
soleus	R-MMU-9013106_RHOC_GTPASE_CYCLE	-0.0009125564133148143	3	1	2	-0.0009125564133148143	3	1	2	-0.004997131756212016	3.0	1.0	2.0	-0.004997131756212016	3.0	1.0	2.0	-0.8793107730780116	0.6253968253968254	1.0	ENSMUSG00000022797;ENSMUSG00000017631;ENSMUSG00000026880;ENSMUSG00000031442			False	False	True	True
soleus	R-MMU-9013148_CDC42_GTPASE_CYCLE	0.0028335481790185183	3	2	1	0.0028335481790185183	3	2	1	-0.006030689936793866	3.0	1.0	2.0	-0.006030689936793866	3.0	1.0	2.0	-1.0135094209995907	0.4444444444444444	0.9508283143405982	ENSMUSG00000037946;ENSMUSG00000017631;ENSMUSG00000031442;ENSMUSG00000022788;ENSMUSG00000052921;ENSMUSG00000032812;ENSMUSG00000030257;ENSMUSG00000057315;ENSMUSG00000025558;ENSMUSG00000032198;ENSMUSG00000052085;ENSMUSG00000033450;ENSMUSG00000031523;ENSMUSG00000007655;ENSMUSG00000048960;ENSMUSG00000024451			False	False	False	False
soleus	R-MMU-9013149_RAC1_GTPASE_CYCLE	-0.038934864913888895	3	2	1	-0.038934864913888895	3	2	1	0.0012728945593706853	3.0	1.0	2.0	0.0012728945593706853	3.0	1.0	2.0	-0.6411901863170875	0.972972972972973	1.0	ENSMUSG00000020340;ENSMUSG00000022797;ENSMUSG00000017631;ENSMUSG00000037709;ENSMUSG00000031442;ENSMUSG00000052921;ENSMUSG00000032812;ENSMUSG00000028698;ENSMUSG00000030257;ENSMUSG00000057315;ENSMUSG00000025558;ENSMUSG00000032198;ENSMUSG00000052085;ENSMUSG00000033450;ENSMUSG00000031523;ENSMUSG00000007655;ENSMUSG00000034037;ENSMUSG00000048960;ENSMUSG00000024451;ENSMUSG00000049521;ENSMUSG00000001918;ENSMUSG00000021676			False	False	False	True
soleus	R-MMU-9013404_RAC2_GTPASE_CYCLE	0.0001184721375000005	3	1	2	0.0001184721375000005	3	1	2	0.010910812971049658	3.0	2.0	1.0	0.010910812971049658	3.0	2.0	1.0	1.0211758690695987	0.3884057971014493	0.5339377520193632	ENSMUSG00000030774;ENSMUSG00000032135;ENSMUSG00000023015;ENSMUSG00000071715;ENSMUSG00000033220;ENSMUSG00000034116;ENSMUSG00000020143;ENSMUSG00000026480;ENSMUSG00000015340;ENSMUSG00000022021;ENSMUSG00000015950			False	False	True	True
soleus	R-MMU-9013406_RHOQ_GTPASE_CYCLE	0.0014008128307592595	3	2	1	0.0014008128307592595	3	2	1	-0.0048674257923988955	3.0	1.0	2.0	-0.0048674257923988955	3.0	1.0	2.0	-0.91426290051508	0.5868852459016394	1.0	ENSMUSG00000022797;ENSMUSG00000026880;ENSMUSG00000045664;ENSMUSG00000075415;ENSMUSG00000061462;ENSMUSG00000031523;ENSMUSG00000007655;ENSMUSG00000049521;ENSMUSG00000001918			False	False	False	False
soleus	R-MMU-9013423_RAC3_GTPASE_CYCLE	-0.0016838022549999995	3	1	2	-0.0016838022549999995	3	1	2	0.009495647842211897	3.0	2.0	1.0	0.009495647842211897	3.0	2.0	1.0	0.7047476621272324	0.9080118694362018	0.96992062483443	ENSMUSG00000030774;ENSMUSG00000032135;ENSMUSG00000023015;ENSMUSG00000071715;ENSMUSG00000026480;ENSMUSG00000015340;ENSMUSG00000022021;ENSMUSG00000015950;ENSMUSG00000025372			False	False	False	False
soleus	R-MMU-9018519_ESTROGEN_DEPENDENT_GENE_EXPRESSION	0.00189690376	3	3	0	0.00189690376	3	3	0	0.023382409515581768	3.0	3.0	0.0	0.023382409515581768	3.0	3.0	0.0	2.08947094818871	0.0	0.001161973427651567	ENSMUSG00000101355;ENSMUSG00000099517;ENSMUSG00000062727;ENSMUSG00000069310;ENSMUSG00000069274;ENSMUSG00000069267;ENSMUSG00000075031;ENSMUSG00000094338;ENSMUSG00000048490;ENSMUSG00000074403;ENSMUSG00000069305;ENSMUSG00000095217;ENSMUSG00000058385;ENSMUSG00000036523;ENSMUSG00000069308;ENSMUSG00000069306;ENSMUSG00000005198;ENSMUSG00000101972;ENSMUSG00000064288;ENSMUSG00000093769;ENSMUSG00000019768;ENSMUSG00000016559;ENSMUSG00000018102			False	False	True	True
soleus	R-MMU-913531_INTERFERON_SIGNALING	-0.11743010003703692	3	1	2	-0.11743010003703692	3	1	2	0.012500011339632223	3.0	3.0	0.0	0.012500011339632223	3.0	3.0	0.0	1.067561214910974	0.34579439252336447	0.4709224361059134	ENSMUSG00000024222;ENSMUSG00000021948;ENSMUSG00000001473;ENSMUSG00000043091;ENSMUSG00000024617;ENSMUSG00000024789;ENSMUSG00000053113;ENSMUSG00000066800;ENSMUSG00000090877;ENSMUSG00000091971;ENSMUSG00000041827;ENSMUSG00000019942			False	False	False	False
soleus	R-MMU-917937_IRON_UPTAKE_AND_TRANSPORT	0.0010344282344814815	3	1	2	0.0010344282344814815	3	1	2	0.0012309434973917048	3.0	1.0	2.0	0.0012309434973917048	3.0	1.0	2.0	1.166371855806905	0.254957507082153	0.3591153139616829	ENSMUSG00000026822;ENSMUSG00000028238			False	False	True	True
soleus	R-MMU-937061_TRIF_TICAM1_MEDIATED_TLR4_SIGNALING	0.00566428116111111	3	3	0	0.005664281161111111	3	3	0	-0.0008641310172804728	3.0	2.0	1.0	-0.0008641310172804728	3.0	2.0	1.0	-0.6999466257189244	0.8614649681528662	1.0	ENSMUSG00000020623;ENSMUSG00000019960;ENSMUSG00000025225;ENSMUSG00000031530;ENSMUSG00000074151;ENSMUSG00000068240			False	False	False	False
soleus	R-MMU-948021_TRANSPORT_TO_THE_GOLGI_AND_SUBSEQUENT_MODIFICATION	-0.0008232848509444444	3	1	2	-0.0008232848509444444	3	1	2	0.016960207610599912	3.0	2.0	1.0	0.016960207610599912	3.0	2.0	1.0	1.0668803640056799	0.32951289398280803	0.4691658828193801	ENSMUSG00000025650;ENSMUSG00000001473;ENSMUSG00000043091;ENSMUSG00000028413;ENSMUSG00000026579;ENSMUSG00000030560;ENSMUSG00000056271;ENSMUSG00000026532;ENSMUSG00000029378;ENSMUSG00000062380			False	False	False	False
soleus	R-MMU-9609507_PROTEIN_LOCALIZATION	-0.015358355337037046	3	2	1	-0.015358355337037046	3	2	1	-0.011250894270121511	3.0	2.0	1.0	-0.011250894270121511	3.0	2.0	1.0	-0.9969386828679454	0.4666666666666667	0.961386648717597	ENSMUSG00000022040;ENSMUSG00000072949;ENSMUSG00000027187;ENSMUSG00000025950;ENSMUSG00000021226;ENSMUSG00000068240			False	False	True	True
soleus	R-MMU-9648025_EML4_AND_NUDC_IN_MITOTIC_SPINDLE_FORMATION	0.0006293910575555549	3	2	1	0.0006293910575555549	3	2	1	0.0040503160487166305	3.0	1.0	2.0	0.0040503160487166305	3.0	1.0	2.0	1.3534446004304894	0.09009009009009009	0.19566021865416036	ENSMUSG00000001473;ENSMUSG00000043091;ENSMUSG00000020897;ENSMUSG00000029414;ENSMUSG00000026683;ENSMUSG00000028873;ENSMUSG00000030867;ENSMUSG00000045328;ENSMUSG00000040084;ENSMUSG00000027379;ENSMUSG00000005233;ENSMUSG00000028678;ENSMUSG00000023940;ENSMUSG00000068101;ENSMUSG00000062380			False	False	True	True
soleus	R-MMU-9663891_SELECTIVE_AUTOPHAGY	0.0009874305766666683	3	3	0	0.0009874305766666683	3	3	0	0.006562118696481721	3.0	1.0	2.0	0.006562118696481721	3.0	1.0	2.0	0.873962078603077	0.6317204301075269	0.7715866676302544	ENSMUSG00000001473;ENSMUSG00000043091			False	False	True	True
soleus	R-MMU-9670095_INHIBITION_OF_DNA_RECOMBINATION_AT_TELOMERE	0.0006262898357407406	3	2	1	0.0006262898357407406	3	2	1	0.01819098519241394	3.0	3.0	0.0	0.01819098519241394	3.0	3.0	0.0	2.0680334114592096	0.0	0.0013760211643242238	ENSMUSG00000094777;ENSMUSG00000062727;ENSMUSG00000069301;ENSMUSG00000069274;ENSMUSG00000063021;ENSMUSG00000061615;ENSMUSG00000071516;ENSMUSG00000075031;ENSMUSG00000094338;ENSMUSG00000069302;ENSMUSG00000071478;ENSMUSG00000069305;ENSMUSG00000069272;ENSMUSG00000095217;ENSMUSG00000069309;ENSMUSG00000058385;ENSMUSG00000069308;ENSMUSG00000069306			False	False	True	True
soleus	R-MMU-9675108_NERVOUS_SYSTEM_DEVELOPMENT	-0.06944030440740741	3	1	2	-0.06944030440740741	3	1	2	0.004163201686922645	3.0	1.0	2.0	0.004163201686922645	3.0	1.0	2.0	-0.6973694345660538	0.9676165803108808	1.0	ENSMUSG00000042453;ENSMUSG00000041351;ENSMUSG00000022483;ENSMUSG00000039115;ENSMUSG00000038894;ENSMUSG00000027560;ENSMUSG00000031740;ENSMUSG00000020176;ENSMUSG00000020315;ENSMUSG00000025789;ENSMUSG00000024501;ENSMUSG00000026825;ENSMUSG00000061353;ENSMUSG00000030110;ENSMUSG00000039952;ENSMUSG00000001119;ENSMUSG00000040990;ENSMUSG00000020241;ENSMUSG00000058672;ENSMUSG00000022048;ENSMUSG00000057738;ENSMUSG00000031543;ENSMUSG00000031217;ENSMUSG00000025810;ENSMUSG00000028698			False	False	False	True
soleus	R-MMU-9709957_SENSORY_PERCEPTION	0.16232117815555555	3	3	0	0.16232117815555555	3	3	0	-0.0032423149312401853	3.0	1.0	2.0	-0.0032423149312401853	3.0	1.0	2.0	-0.9926184996645091	0.48580441640378547	0.9361081844739235	ENSMUSG00000015568;ENSMUSG00000033715;ENSMUSG00000027068;ENSMUSG00000066026			False	False	False	False
soleus	R-MMU-9711123_CELLULAR_RESPONSE_TO_CHEMICAL_STRESS	0.008702910431111112	3	3	0	0.008702910431111112	3	3	0	-0.007068540827459058	3.0	1.0	2.0	-0.007068540827459058	3.0	1.0	2.0	-1.338570536427305	0.12235649546827794	0.50693690256049	ENSMUSG00000022383;ENSMUSG00000064354;ENSMUSG00000021760;ENSMUSG00000074218;ENSMUSG00000030785;ENSMUSG00000064358;ENSMUSG00000072941;ENSMUSG00000018143;ENSMUSG00000027187			False	False	False	False
soleus	R-MMU-9716542_SIGNALING_BY_RHO_GTPASES_MIRO_GTPASES_AND_RHOBTB3	0.06933076436481479	3	1	2	0.06933076436481479	3	1	2	-0.0024861730882757144	3.0	1.0	2.0	-0.0024861730882757144	3.0	1.0	2.0	-0.7166749830316096	0.965435041716329	1.0	ENSMUSG00000020340;ENSMUSG00000037946;ENSMUSG00000019944;ENSMUSG00000026039;ENSMUSG00000022797;ENSMUSG00000017631;ENSMUSG00000030739;ENSMUSG00000026880;ENSMUSG00000045664;ENSMUSG00000037709;ENSMUSG00000028059;ENSMUSG00000027500;ENSMUSG00000031442;ENSMUSG00000026991;ENSMUSG00000024197;ENSMUSG00000020315;ENSMUSG00000022788;ENSMUSG00000066357;ENSMUSG00000021215;ENSMUSG00000047963;ENSMUSG00000052921;ENSMUSG00000027940;ENSMUSG00000068614;ENSMUSG00000075415;ENSMUSG00000039960;ENSMUSG00000032812;ENSMUSG00000040964;ENSMUSG00000058672;ENSMUSG00000057738;ENSMUSG00000046841;ENSMUSG00000028698;ENSMUSG00000001270;ENSMUSG00000030257;ENSMUSG00000056071;ENSMUSG00000073676;ENSMUSG00000026605;ENSMUSG00000034868;ENSMUSG00000057315;ENSMUSG00000066406;ENSMUSG00000025558;ENSMUSG00000072235;ENSMUSG00000117098;ENSMUSG00000029177;ENSMUSG00000032198;ENSMUSG00000052085;ENSMUSG00000040945;ENSMUSG00000098188;ENSMUSG00000061462;ENSMUSG00000033450;ENSMUSG00000031523;ENSMUSG00000007655;ENSMUSG00000034037			False	False	False	False
soleus	R-MMU-9748784_DRUG_ADME	0.04445680136851852	3	2	1	0.04445680136851852	3	2	1	-3.212384690716904e-05	3.0	2.0	1.0	-3.212384690716904e-05	3.0	2.0	1.0	-0.9946074299647155	0.5007776049766719	0.9555506370792994	ENSMUSG00000057933;ENSMUSG00000033715;ENSMUSG00000025479;ENSMUSG00000023942;ENSMUSG00000111709;ENSMUSG00000032902;ENSMUSG00000074183;ENSMUSG00000024066;ENSMUSG00000027219;ENSMUSG00000040584			False	False	False	False
soleus	R-MMU-975138_TRAF6_MEDIATED_INDUCTION_OF_NFKB_AND_MAP_KINASES_UPON_TLR7_8_OR_9_ACTIVATION	0.0006415430176296288	3	1	2	0.0006415430176296288	3	1	2	-0.004434834258033769	3.0	2.0	1.0	-0.004434834258033769	3.0	2.0	1.0	-0.8507603453405196	0.654281098546042	1.0	ENSMUSG00000020623;ENSMUSG00000019960;ENSMUSG00000025225;ENSMUSG00000031530;ENSMUSG00000074151;ENSMUSG00000068240			False	False	False	False
soleus	R-MMU-975155_MYD88_DEPENDENT_CASCADE_INITIATED_ON_ENDOSOME	4.1147165740740344e-05	3	1	2	4.114716574074006e-05	3	1	2	-0.0028456165753967255	3.0	2.0	1.0	-0.0028456165753967255	3.0	2.0	1.0	-0.7880084110619259	0.7520259319286872	1.0	ENSMUSG00000020623;ENSMUSG00000019960;ENSMUSG00000025225;ENSMUSG00000031530;ENSMUSG00000074151;ENSMUSG00000068240			False	False	False	False
soleus	R-MMU-9759476_REGULATION_OF_HOMOTYPIC_CELL_CELL_ADHESION	-0.011303644156481482	3	0	3	-0.011303644156481482	3	0	3	0.012573971006519566	3.0	3.0	0.0	0.012573971006519568	3.0	3.0	0.0	2.0211564041086754	0.0	0.002592094569376572	ENSMUSG00000101355;ENSMUSG00000099517;ENSMUSG00000094777;ENSMUSG00000062727;ENSMUSG00000069310;ENSMUSG00000069301;ENSMUSG00000069274;ENSMUSG00000063021;ENSMUSG00000069267;ENSMUSG00000041688;ENSMUSG00000035783;ENSMUSG00000061615;ENSMUSG00000071516;ENSMUSG00000021823;ENSMUSG00000075031;ENSMUSG00000094338;ENSMUSG00000069302;ENSMUSG00000029580;ENSMUSG00000071478;ENSMUSG00000059430;ENSMUSG00000074403;ENSMUSG00000069305;ENSMUSG00000069272;ENSMUSG00000095217			False	False	False	False
soleus	R-MMU-9764265_REGULATION_OF_CDH1_EXPRESSION_AND_FUNCTION	-0.0007090809947407397	3	1	2	-0.0007090809947407397	3	1	2	0.01266903672482162	3.0	3.0	0.0	0.01266903672482162	3.0	3.0	0.0	2.0946815643276864	0.0	0.0012931639759348082	ENSMUSG00000101355;ENSMUSG00000099517;ENSMUSG00000094777;ENSMUSG00000062727;ENSMUSG00000069310;ENSMUSG00000069301;ENSMUSG00000069274;ENSMUSG00000063021;ENSMUSG00000069267;ENSMUSG00000035783;ENSMUSG00000061615;ENSMUSG00000071516;ENSMUSG00000021823;ENSMUSG00000075031;ENSMUSG00000094338;ENSMUSG00000069302;ENSMUSG00000029580;ENSMUSG00000071478;ENSMUSG00000059430;ENSMUSG00000074403;ENSMUSG00000069305;ENSMUSG00000069272;ENSMUSG00000095217			False	False	False	False
soleus	R-MMU-9764274_REGULATION_OF_EXPRESSION_AND_FUNCTION_OF_TYPE_I_CLASSICAL_CADHERINS	0.00404599346537037	3	2	1	0.00404599346537037	3	2	1	0.01266903672482162	3.0	3.0	0.0	0.01266903672482162	3.0	3.0	0.0	2.0946815643276864	0.0	0.0012931639759348082	ENSMUSG00000101355;ENSMUSG00000099517;ENSMUSG00000094777;ENSMUSG00000062727;ENSMUSG00000069310;ENSMUSG00000069301;ENSMUSG00000069274;ENSMUSG00000063021;ENSMUSG00000069267;ENSMUSG00000035783;ENSMUSG00000061615;ENSMUSG00000071516;ENSMUSG00000021823;ENSMUSG00000075031;ENSMUSG00000094338;ENSMUSG00000069302;ENSMUSG00000029580;ENSMUSG00000071478;ENSMUSG00000059430;ENSMUSG00000074403;ENSMUSG00000069305;ENSMUSG00000069272;ENSMUSG00000095217			False	False	True	True
soleus	R-MMU-9764560_REGULATION_OF_CDH1_GENE_TRANSCRIPTION	0.002588507898388889	3	2	1	0.002588507898388889	3	2	1	0.022737668295051628	3.0	3.0	0.0	0.022737668295051628	3.0	3.0	0.0	2.3286919434051336	0.0	0.0	ENSMUSG00000101355;ENSMUSG00000099517;ENSMUSG00000094777;ENSMUSG00000062727;ENSMUSG00000069310;ENSMUSG00000069301;ENSMUSG00000069274;ENSMUSG00000063021;ENSMUSG00000069267;ENSMUSG00000061615;ENSMUSG00000071516;ENSMUSG00000075031;ENSMUSG00000094338;ENSMUSG00000069302;ENSMUSG00000071478;ENSMUSG00000074403;ENSMUSG00000069305;ENSMUSG00000069272;ENSMUSG00000095217			False	False	True	True
soleus	R-MMU-9764725_NEGATIVE_REGULATION_OF_CDH1_GENE_TRANSCRIPTION	0.0012479400894444452	3	1	2	0.0012479400894444452	3	1	2	0.022737668295051628	3.0	3.0	0.0	0.022737668295051628	3.0	3.0	0.0	2.3286919434051336	0.0	0.0	ENSMUSG00000101355;ENSMUSG00000099517;ENSMUSG00000094777;ENSMUSG00000062727;ENSMUSG00000069310;ENSMUSG00000069301;ENSMUSG00000069274;ENSMUSG00000063021;ENSMUSG00000069267;ENSMUSG00000061615;ENSMUSG00000071516;ENSMUSG00000075031;ENSMUSG00000094338;ENSMUSG00000069302;ENSMUSG00000071478;ENSMUSG00000074403;ENSMUSG00000069305;ENSMUSG00000069272;ENSMUSG00000095217			False	False	True	True
soleus	R-MMU-9769735_INITIATION_OF_COAGULATION_CASCADE	0.0013933983134259253	3	3	0	0.0013933983134259253	3	3	0	-0.005568751926147117	3.0	1.0	2.0	-0.005568751926147117	3.0	1.0	2.0	-0.6838961622497614	0.8672268907563025	1.0	ENSMUSG00000027249;ENSMUSG00000001930;ENSMUSG00000017009;ENSMUSG00000031119;ENSMUSG00000055653;ENSMUSG00000041936;ENSMUSG00000025743;ENSMUSG00000028128;ENSMUSG00000034220			False	False	False	False
soleus	R-MMU-9769740_COAGULATION_PATHWAY	-0.048231056842592594	3	0	3	-0.048231056842592594	3	0	3	-0.0023775706860133367	3.0	1.0	2.0	-0.0023775706860133367	3.0	1.0	2.0	-0.6986032106002742	0.8940298507462686	1.0	ENSMUSG00000027249;ENSMUSG00000048376;ENSMUSG00000001930;ENSMUSG00000074743;ENSMUSG00000017009;ENSMUSG00000031119;ENSMUSG00000023224;ENSMUSG00000055653;ENSMUSG00000026249;ENSMUSG00000055489			False	False	True	True
soleus	R-MMU-977606_REGULATION_OF_COMPLEMENT_CASCADE	-0.01607525741481482	3	1	2	-0.01607525741481482	3	1	2	0.006308814072052108	3.0	2.0	1.0	0.006308814072052108	3.0	2.0	1.0	-0.7275727235295387	0.8469860896445132	1.0	ENSMUSG00000076612;ENSMUSG00000027249			False	False	False	True
soleus	R-MMU-9818564_EPIGENETIC_REGULATION_OF_GENE_EXPRESSION_BY_MLL3_AND_MLL4_COMPLEXES	0.2683527891111111	3	2	1	0.2683527891111111	3	2	1	0.019288859721519818	3.0	3.0	0.0	0.019288859721519818	3.0	3.0	0.0	2.230459293360755	0.0	0.00016599620395022383	ENSMUSG00000101355;ENSMUSG00000099517;ENSMUSG00000094777;ENSMUSG00000062727;ENSMUSG00000069310;ENSMUSG00000069301;ENSMUSG00000069274;ENSMUSG00000063021;ENSMUSG00000069267;ENSMUSG00000061615;ENSMUSG00000071516;ENSMUSG00000075031;ENSMUSG00000094338;ENSMUSG00000069302;ENSMUSG00000071478;ENSMUSG00000074403;ENSMUSG00000069305;ENSMUSG00000069272;ENSMUSG00000095217			False	False	True	True
soleus	R-MMU-983168_ANTIGEN_PROCESSING_UBIQUITINATION_PROTEASOME_DEGRADATION	0.006775795077037035	3	2	1	0.006775795077037035	3	2	1	-0.00973203565044381	3.0	1.0	2.0	-0.00973203565044381	3.0	1.0	2.0	-1.1403481224593113	0.29142011834319526	0.7560936939917833	ENSMUSG00000022358;ENSMUSG00000038068;ENSMUSG00000046997;ENSMUSG00000054978;ENSMUSG00000073700;ENSMUSG00000049502;ENSMUSG00000036782;ENSMUSG00000029798;ENSMUSG00000032596;ENSMUSG00000029228			False	False	False	False
soleus	R-MMU-983169_CLASS_I_MHC_MEDIATED_ANTIGEN_PROCESSING_PRESENTATION	-0.02993036353703704	3	1	2	-0.02993036353703704	3	1	2	-0.005529966036975452	3.0	2.0	1.0	-0.005529966036975452	3.0	2.0	1.0	-1.1220483622353972	0.2867540029112082	0.7868330592936694	ENSMUSG00000022358;ENSMUSG00000002944;ENSMUSG00000038068;ENSMUSG00000046997;ENSMUSG00000054978;ENSMUSG00000073700;ENSMUSG00000049502;ENSMUSG00000060550;ENSMUSG00000036782;ENSMUSG00000029798;ENSMUSG00000020695;ENSMUSG00000032596;ENSMUSG00000024308;ENSMUSG00000078153;ENSMUSG00000029228;ENSMUSG00000024339			False	False	True	True
soleus	R-MMU-983189_KINESINS	0.115286135	3	3	0	0.115286135	3	3	0	0.009487860643043656	3.0	2.0	1.0	0.009487860643043656	3.0	2.0	1.0	1.2760262896315178	0.1457142857142857	0.2587673324329051	ENSMUSG00000001473;ENSMUSG00000043091;ENSMUSG00000036768;ENSMUSG00000023015;ENSMUSG00000034311;ENSMUSG00000045328;ENSMUSG00000030677;ENSMUSG00000028678;ENSMUSG00000079553;ENSMUSG00000051378;ENSMUSG00000062380;ENSMUSG00000012443;ENSMUSG00000032254;ENSMUSG00000041642			False	False	True	True
soleus	R-MMU-983231_FACTORS_INVOLVED_IN_MEGAKARYOCYTE_DEVELOPMENT_AND_PLATELET_PRODUCTION	-0.011215051236481482	3	0	3	-0.011215051236481482	3	0	3	0.013109055114841742	3.0	2.0	1.0	0.013109055114841742	3.0	2.0	1.0	1.5731653050802668	0.009404388714733543	0.07299234430322038	ENSMUSG00000101355;ENSMUSG00000099517;ENSMUSG00000069310;ENSMUSG00000001473;ENSMUSG00000043091;ENSMUSG00000069267;ENSMUSG00000036768;ENSMUSG00000024789;ENSMUSG00000023015;ENSMUSG00000034311;ENSMUSG00000045328;ENSMUSG00000020143;ENSMUSG00000030677;ENSMUSG00000074403;ENSMUSG00000028678;ENSMUSG00000079553;ENSMUSG00000051378;ENSMUSG00000062380;ENSMUSG00000012443			False	False	False	False
soleus	R-MMU-9833482_PKR_MEDIATED_SIGNALING	0.0004514627301851852	3	2	1	0.0004514627301851852	3	2	1	0.008774756912860655	3.0	2.0	1.0	0.008774756912860655	3.0	2.0	1.0	0.6060364096719035	0.9505494505494505	0.9750101859403199	ENSMUSG00000001473;ENSMUSG00000043091;ENSMUSG00000090877;ENSMUSG00000091971;ENSMUSG00000019942			False	False	True	True
soleus	R-MMU-983705_SIGNALING_BY_THE_B_CELL_RECEPTOR_BCR	0.04363636223703707	3	1	2	0.04363636223703707	3	1	2	0.013175728810786413	3.0	2.0	1.0	0.013175728810786413	3.0	2.0	1.0	1.1220297777131736	0.2710843373493976	0.40634457993364154	ENSMUSG00000061132;ENSMUSG00000025017;ENSMUSG00000034116;ENSMUSG00000027544;ENSMUSG00000052889;ENSMUSG00000004266;ENSMUSG00000039936;ENSMUSG00000031264;ENSMUSG00000036526;ENSMUSG00000023947			False	False	True	True
soleus	R-MMU-983712_ION_CHANNEL_TRANSPORT	0.011317071796296227	3	2	1	0.011317071796296227	3	2	1	-0.006973620453728152	3.0	0.0	3.0	-0.006973620453728152	3.0	0.0	3.0	-1.331330211660809	0.11	0.495553043323744	ENSMUSG00000038583;ENSMUSG00000066705;ENSMUSG00000057378;ENSMUSG00000029467;ENSMUSG00000033161;ENSMUSG00000027861;ENSMUSG00000026880;ENSMUSG00000027546;ENSMUSG00000020169			False	False	False	False
soleus	R-MMU-9841922_MLL4_AND_MLL3_COMPLEXES_REGULATE_EXPRESSION_OF_PPARG_TARGET_GENES_IN_ADIPOGENESIS_AND_HEPATIC_STEATOSIS	-0.0026364319905555545	3	1	2	-0.0026364319905555545	3	1	2	0.02157486198835541	3.0	3.0	0.0	0.02157486198835541	3.0	3.0	0.0	2.3158766184365334	0.0	0.0	ENSMUSG00000101355;ENSMUSG00000099517;ENSMUSG00000094777;ENSMUSG00000062727;ENSMUSG00000069310;ENSMUSG00000069301;ENSMUSG00000069274;ENSMUSG00000063021;ENSMUSG00000069267;ENSMUSG00000061615;ENSMUSG00000071516;ENSMUSG00000075031;ENSMUSG00000094338;ENSMUSG00000069302;ENSMUSG00000071478;ENSMUSG00000074403;ENSMUSG00000069305;ENSMUSG00000069272;ENSMUSG00000095217			False	False	False	False
soleus	R-MMU-9842860_REGULATION_OF_ENDOGENOUS_RETROELEMENTS	0.004294344213592593	3	2	1	0.004294344213592593	3	2	1	0.023204109377012255	3.0	3.0	0.0	0.023204109377012255	3.0	3.0	0.0	2.3276956385856034	0.0	0.0	ENSMUSG00000101355;ENSMUSG00000099517;ENSMUSG00000094777;ENSMUSG00000062727;ENSMUSG00000069310;ENSMUSG00000069301;ENSMUSG00000069274;ENSMUSG00000063021;ENSMUSG00000069267;ENSMUSG00000061615;ENSMUSG00000071516;ENSMUSG00000075031;ENSMUSG00000094338;ENSMUSG00000069302;ENSMUSG00000071478;ENSMUSG00000074403;ENSMUSG00000069305;ENSMUSG00000069272;ENSMUSG00000095217;ENSMUSG00000067916;ENSMUSG00000069309			False	False	True	True
soleus	R-MMU-9843940_REGULATION_OF_ENDOGENOUS_RETROELEMENTS_BY_KRAB_ZFP_PROTEINS	-0.0003261942109259255	3	1	2	-0.0003261942109259255	3	1	2	0.023204109377012255	3.0	3.0	0.0	0.023204109377012255	3.0	3.0	0.0	2.3276956385856034	0.0	0.0	ENSMUSG00000101355;ENSMUSG00000099517;ENSMUSG00000094777;ENSMUSG00000062727;ENSMUSG00000069310;ENSMUSG00000069301;ENSMUSG00000069274;ENSMUSG00000063021;ENSMUSG00000069267;ENSMUSG00000061615;ENSMUSG00000071516;ENSMUSG00000075031;ENSMUSG00000094338;ENSMUSG00000069302;ENSMUSG00000071478;ENSMUSG00000074403;ENSMUSG00000069305;ENSMUSG00000069272;ENSMUSG00000095217;ENSMUSG00000067916;ENSMUSG00000069309			False	False	False	False
soleus	R-MMU-9851695_EPIGENETIC_REGULATION_OF_ADIPOGENESIS_GENES_BY_MLL3_AND_MLL4_COMPLEXES	-0.0015967849803888892	3	1	2	-0.0015967849803888892	3	1	2	0.02157486198835541	3.0	3.0	0.0	0.02157486198835541	3.0	3.0	0.0	2.3158766184365334	0.0	0.0	ENSMUSG00000101355;ENSMUSG00000099517;ENSMUSG00000094777;ENSMUSG00000062727;ENSMUSG00000069310;ENSMUSG00000069301;ENSMUSG00000069274;ENSMUSG00000063021;ENSMUSG00000069267;ENSMUSG00000061615;ENSMUSG00000071516;ENSMUSG00000075031;ENSMUSG00000094338;ENSMUSG00000069302;ENSMUSG00000071478;ENSMUSG00000074403;ENSMUSG00000069305;ENSMUSG00000069272;ENSMUSG00000095217			False	False	False	False
soleus	R-MMU-9855142_CELLULAR_RESPONSES_TO_MECHANICAL_STIMULI	-0.0008692311173703705	3	2	1	-0.0008692311173703705	3	2	1	0.01504188831986312	3.0	3.0	0.0	0.01504188831986312	3.0	3.0	0.0	1.1522073488383213	0.2885572139303483	0.3669562605107458	ENSMUSG00000000555;ENSMUSG00000021699;ENSMUSG00000043004;ENSMUSG00000021823;ENSMUSG00000028978			False	False	False	False
soleus	R-MMU-9860931_RESPONSE_OF_ENDOTHELIAL_CELLS_TO_SHEAR_STRESS	-0.0018689373909999993	3	0	3	-0.0018689373909999993	3	0	3	0.01504188831986312	3.0	3.0	0.0	0.01504188831986312	3.0	3.0	0.0	1.1522073488383213	0.2885572139303483	0.3669562605107458	ENSMUSG00000000555;ENSMUSG00000021699;ENSMUSG00000043004;ENSMUSG00000021823;ENSMUSG00000028978			False	False	False	False
soleus	R-MMU-9909648_REGULATION_OF_PD_L1_CD274_EXPRESSION	-0.0011446501894444444	3	2	1	-0.0011446501894444444	3	2	1	0.016302692835635818	3.0	3.0	0.0	0.016302692835635818	3.0	3.0	0.0	2.019560547840291	0.0	0.0026580142157529587	ENSMUSG00000101355;ENSMUSG00000006542;ENSMUSG00000099517;ENSMUSG00000094777;ENSMUSG00000062727;ENSMUSG00000069310;ENSMUSG00000069301;ENSMUSG00000069274;ENSMUSG00000063021;ENSMUSG00000069267;ENSMUSG00000061615;ENSMUSG00000071516;ENSMUSG00000075031;ENSMUSG00000094338;ENSMUSG00000069302;ENSMUSG00000071478;ENSMUSG00000074403;ENSMUSG00000069305;ENSMUSG00000069272;ENSMUSG00000095217			False	False	False	False
soleus	R-MMU-9909649_REGULATION_OF_PD_L1_CD274_TRANSCRIPTION	-0.0016229938081851862	3	0	3	-0.0016229938081851862	3	0	3	0.022737668295051628	3.0	3.0	0.0	0.022737668295051628	3.0	3.0	0.0	2.3286919434051336	0.0	0.0	ENSMUSG00000101355;ENSMUSG00000099517;ENSMUSG00000094777;ENSMUSG00000062727;ENSMUSG00000069310;ENSMUSG00000069301;ENSMUSG00000069274;ENSMUSG00000063021;ENSMUSG00000069267;ENSMUSG00000061615;ENSMUSG00000071516;ENSMUSG00000075031;ENSMUSG00000094338;ENSMUSG00000069302;ENSMUSG00000071478;ENSMUSG00000074403;ENSMUSG00000069305;ENSMUSG00000069272;ENSMUSG00000095217			False	False	False	False
soleus	R-MMU-9913351_FORMATION_OF_THE_DYSTROPHIN_GLYCOPROTEIN_COMPLEX_DGC	-0.006036974203148149	3	0	3	-0.006036974203148149	3	0	3	0.007958724351289526	3.0	3.0	0.0	0.007958724351289526	3.0	3.0	0.0	0.9210472037279206	0.5646437994722955	0.6944116287635609	ENSMUSG00000060429;ENSMUSG00000035783;ENSMUSG00000029580;ENSMUSG00000059430;ENSMUSG00000024302			False	False	False	False
soleus	R-MMU-9917777_EPIGENETIC_REGULATION_BY_WDR5_CONTAINING_HISTONE_MODIFYING_COMPLEXES	-0.0029996447751111117	3	2	1	-0.0029996447751111117	3	2	1	0.018253515336106505	3.0	3.0	0.0	0.018253515336106505	3.0	3.0	0.0	2.2646160247464135	0.0	0.00012449715296266784	ENSMUSG00000101355;ENSMUSG00000099517;ENSMUSG00000094777;ENSMUSG00000062727;ENSMUSG00000069310;ENSMUSG00000069301;ENSMUSG00000069274;ENSMUSG00000063021;ENSMUSG00000069267;ENSMUSG00000061615;ENSMUSG00000071516;ENSMUSG00000075031;ENSMUSG00000094338;ENSMUSG00000069302;ENSMUSG00000071478;ENSMUSG00000074403;ENSMUSG00000069305;ENSMUSG00000069272;ENSMUSG00000095217			False	False	False	False
soleus	R-MMU-9932444_ATP_DEPENDENT_CHROMATIN_REMODELERS	0.08318113449999996	3	3	0	0.08318113449999996	3	3	0	0.018470481964260665	3.0	3.0	0.0	0.018470481964260665	3.0	3.0	0.0	2.2718135109074633	0.0	0.00013407385703671922	ENSMUSG00000101355;ENSMUSG00000099517;ENSMUSG00000094777;ENSMUSG00000062727;ENSMUSG00000069310;ENSMUSG00000069301;ENSMUSG00000069274;ENSMUSG00000063021;ENSMUSG00000069267;ENSMUSG00000061615;ENSMUSG00000071516;ENSMUSG00000075031;ENSMUSG00000094338;ENSMUSG00000069302;ENSMUSG00000071478;ENSMUSG00000074403;ENSMUSG00000069305;ENSMUSG00000069272;ENSMUSG00000078154;ENSMUSG00000095217			False	False	True	True
soleus	R-MMU-9937848_CHD_CHROMATIN_REMODELERS	6.458355766666675e-05	3	1	2	6.458355766666675e-05	3	1	2	0.019594964637726336	3.0	3.0	0.0	0.019594964637726336	3.0	3.0	0.0	2.262327092146554	0.0	0.00011619734276515667	ENSMUSG00000101355;ENSMUSG00000099517;ENSMUSG00000094777;ENSMUSG00000062727;ENSMUSG00000069310;ENSMUSG00000069301;ENSMUSG00000069274;ENSMUSG00000063021;ENSMUSG00000069267;ENSMUSG00000061615;ENSMUSG00000071516;ENSMUSG00000075031;ENSMUSG00000094338;ENSMUSG00000069302;ENSMUSG00000071478;ENSMUSG00000074403;ENSMUSG00000069305;ENSMUSG00000069272;ENSMUSG00000078154;ENSMUSG00000095217			False	False	True	True
soleus	R-MMU-9940951_INTERACTION_OF_NURD_COMPLEXES_WITH_TRANSCRIPTION_FACTORS	0.0007610693237037029	3	1	2	0.0007610693237037029	3	1	2	0.021001270545831573	3.0	3.0	0.0	0.021001270545831573	3.0	3.0	0.0	2.258112116336695	0.0	9.68311189709639e-05	ENSMUSG00000101355;ENSMUSG00000099517;ENSMUSG00000094777;ENSMUSG00000062727;ENSMUSG00000069310;ENSMUSG00000069301;ENSMUSG00000069274;ENSMUSG00000063021;ENSMUSG00000069267;ENSMUSG00000061615;ENSMUSG00000071516;ENSMUSG00000075031;ENSMUSG00000094338;ENSMUSG00000069302;ENSMUSG00000071478;ENSMUSG00000074403;ENSMUSG00000069305;ENSMUSG00000069272;ENSMUSG00000078154;ENSMUSG00000095217			False	False	True	True
soleus	R-MMU-9943965_CHD3_CHD4_CHD5_SUBFAMILY	0.003527531682037037	3	3	0	0.0035275316820370366	3	3	0	0.0197396301837001	3.0	3.0	0.0	0.0197396301837001	3.0	3.0	0.0	2.2524928854967996	0.0	9.173474428828157e-05	ENSMUSG00000101355;ENSMUSG00000099517;ENSMUSG00000094777;ENSMUSG00000062727;ENSMUSG00000069310;ENSMUSG00000069301;ENSMUSG00000069274;ENSMUSG00000063021;ENSMUSG00000069267;ENSMUSG00000061615;ENSMUSG00000071516;ENSMUSG00000075031;ENSMUSG00000094338;ENSMUSG00000069302;ENSMUSG00000071478;ENSMUSG00000074403;ENSMUSG00000069305;ENSMUSG00000069272;ENSMUSG00000078154;ENSMUSG00000095217			False	False	True	True
soleus	R-MMU-9955298_SLC_MEDIATED_TRANSPORT_OF_ORGANIC_ANIONS	0.018166869975925936	3	2	1	0.018166869975925936	3	2	1	0.00934137578844199	3.0	3.0	0.0	0.00934137578844199	3.0	3.0	0.0	0.6585578657946236	0.8992628992628993	0.9694907687952852	ENSMUSG00000025161			False	False	True	True
soleus	R-MMU-9958825_ACTIVATION_OF_STAT3_BY_CADHERIN_ENGAGEMENT	0.0038443663780740756	3	3	0	0.0038443663780740756	3	3	0	0.005637381880129365	3.0	2.0	1.0	0.005637381880129365	3.0	2.0	1.0	0.9189255992589284	0.5710382513661202	0.694650684292281	ENSMUSG00000035783;ENSMUSG00000021823;ENSMUSG00000024789;ENSMUSG00000029580;ENSMUSG00000059430			False	False	True	True
soleus	R-MMU-9975921_ASSEMBLY_OF_THE_9_0_PRIMARY_CILIUM	0.0025883622832592597	3	2	1	0.0025883622832592597	3	2	1	0.0079877656278131	3.0	1.0	2.0	0.0079877656278131	3.0	1.0	2.0	0.5924764338593915	0.9544235924932976	0.9708458032920692	ENSMUSG00000001473;ENSMUSG00000043091;ENSMUSG00000030867;ENSMUSG00000019942;ENSMUSG00000062380;ENSMUSG00000079707;ENSMUSG00000026622;ENSMUSG00000062591;ENSMUSG00000001525;ENSMUSG00000045136			False	False	True	True
