tissue	term	effect_seed2020	effect_seed2021	effect_seed2022	short_label	evidence_role	curated_pathway	family_representative	primary_absolute_percentile	all_three_seeds_available	all_three_direction_concordant	seed_effect_median	seed_effect_minimum	seed_effect_maximum
liver	R-MMU-109581_APOPTOSIS	0.06182367086994904	-0.07303055606668574	-0.02709195111072025			False	False	0.8208092485549133	True	False	-0.02709195111072025	-0.07303055606668574	0.06182367086994904
liver	R-MMU-109582_HEMOSTASIS	-0.006249169000808674	-0.040331338582774025	-0.022954335829695173			False	False	0.4913294797687861	True	True	-0.022954335829695173	-0.040331338582774025	-0.006249169000808674
liver	R-MMU-110330_RECOGNITION_AND_ASSOCIATION_OF_DNA_GLYCOSYLASE_WITH_SITE_CONTAINING_AN_AFFECTED_PURINE	0.0011174154502300191	-0.0006835863429788854	-0.0019321725051598296			False	False	0.2947976878612717	True	False	-0.0006835863429788854	-0.0019321725051598296	0.0011174154502300191
liver	R-MMU-110331_CLEAVAGE_OF_THE_DAMAGED_PURINE	0.0008602769443684623	-0.0017569316918699036	0.002391211601704719			False	False	0.2543352601156069	True	False	0.0008602769443684623	-0.0017569316918699036	0.002391211601704719
liver	R-MMU-111465_APOPTOTIC_CLEAVAGE_OF_CELLULAR_PROTEINS			-0.000997292413017195			False	False		False	True	-0.000997292413017195	-0.000997292413017195	-0.000997292413017195
liver	R-MMU-111885_OPIOID_SIGNALLING		0.0001786780278566986				False	False		False	True	0.0001786780278566986	0.0001786780278566986	0.0001786780278566986
liver	R-MMU-112314_NEUROTRANSMITTER_RECEPTORS_AND_POSTSYNAPTIC_SIGNAL_TRANSMISSION	0.003000321424052145	0.05695741571323698	-0.01535916035772611			False	False	0.430635838150289	True	False	0.003000321424052145	-0.01535916035772611	0.05695741571323698
liver	R-MMU-112315_TRANSMISSION_ACROSS_CHEMICAL_SYNAPSES	-0.009935146321906476	0.016787495158460876	-0.007321941459649999			False	False	0.546242774566474	True	False	-0.007321941459649999	-0.009935146321906476	0.016787495158460876
liver	R-MMU-112316_NEURONAL_SYSTEM	-0.08533516847690455	-0.060279963154755256	-0.09431980552159977			False	False	0.8901734104046243	True	True	-0.08533516847690455	-0.09431980552159977	-0.060279963154755256
liver	R-MMU-114604_GPVI_MEDIATED_ACTIVATION_CASCADE	0.014435310268683615		0.003318386079074906			False	False	0.5635838150289018	False	True	0.008876848173879261	0.003318386079074906	0.014435310268683615
liver	R-MMU-114608_PLATELET_DEGRANULATION	-0.008731220317042543	0.040177425310534254	0.11675442301934957			False	False	0.5375722543352601	True	False	0.040177425310534254	-0.008731220317042543	0.11675442301934957
liver	R-MMU-1169410_ANTIMICROBIAL_MECHANISM_OF_IFN_STIMULATED_GENES	-0.04075209514057942	0.06279778198467825	-0.0006215636081055017			False	False	0.7341040462427746	True	False	-0.0006215636081055017	-0.04075209514057942	0.06279778198467825
liver	R-MMU-1227986_SIGNALING_BY_ERBB2	0.0015758597923093754	-0.0004182597285345615				False	False	0.34104046242774566	False	False	0.000578800031887407	-0.0004182597285345615	0.0015758597923093754
liver	R-MMU-1236975_ANTIGEN_PROCESSING_CROSS_PRESENTATION	9.600091498952889e-05	0.014520562120132335	-0.07572631443937285			False	False	0.046242774566473986	True	False	9.600091498952889e-05	-0.07572631443937285	0.014520562120132335
liver	R-MMU-1257604_PIP3_ACTIVATES_AKT_SIGNALING	0.1056429128768187	0.08040685856674207	0.059036189631962235			False	False	0.9508670520231214	True	True	0.08040685856674207	0.059036189631962235	0.1056429128768187
liver	R-MMU-1266695_INTERLEUKIN_7_SIGNALING	0.0002385441721422547		-0.0018532163111494207			False	False	0.10404624277456648	False	False	-0.000807336069503583	-0.0018532163111494207	0.0002385441721422547
liver	R-MMU-1266738_DEVELOPMENTAL_BIOLOGY	-0.05748679222020101	-0.08065282451994218	-0.06372358498570367			False	False	0.8005780346820809	True	True	-0.06372358498570367	-0.08065282451994218	-0.05748679222020101
liver	R-MMU-1280215_CYTOKINE_SIGNALING_IN_IMMUNE_SYSTEM	-0.004452059220345239	-0.07022369938638243	0.04045346639286396			False	False	0.4682080924855491	True	False	-0.004452059220345239	-0.07022369938638243	0.04045346639286396
liver	R-MMU-1280218_ADAPTIVE_IMMUNE_SYSTEM	-0.02731709639167395	-0.18106736828519487	-0.08190389189595228			False	False	0.6416184971098265	True	True	-0.08190389189595228	-0.18106736828519487	-0.02731709639167395
liver	R-MMU-141424_AMPLIFICATION_OF_SIGNAL_FROM_THE_KINETOCHORES	0.00013910784024595622	-0.0012201255116057008	0.0008852062217360012			False	False	0.06069364161849711	True	False	0.00013910784024595622	-0.0012201255116057008	0.0008852062217360012
liver	R-MMU-141444_AMPLIFICATION_OF_SIGNAL_FROM_UNATTACHED_KINETOCHORES_VIA_A_MAD2_INHIBITORY_SIGNAL	0.000823433321836993	0.002277131965103159	0.001630232282858892			False	False	0.24566473988439305	True	True	0.001630232282858892	0.000823433321836993	0.002277131965103159
liver	R-MMU-1428517_AEROBIC_RESPIRATION_AND_RESPIRATORY_ELECTRON_TRANSPORT	-0.002710266694119097	-0.0581125774511239	-0.0007807253831160057			False	False	0.4190751445086705	True	True	-0.002710266694119097	-0.0581125774511239	-0.0007807253831160057
liver	R-MMU-1430728_METABOLISM	0.053712023794957806	0.11911259095595153	0.04737593828624043			False	False	0.7716763005780347	True	True	0.053712023794957806	0.04737593828624043	0.11911259095595153
liver	R-MMU-1433557_SIGNALING_BY_SCF_KIT		-0.002175399490865769	0.01512170756585115			False	False		False	False	0.0064731540374926904	-0.002175399490865769	0.01512170756585115
liver	R-MMU-1442490_COLLAGEN_DEGRADATION	-0.03772853850723641	0.055266093569876364	0.1250199157702752			False	False	0.7023121387283237	True	False	0.055266093569876364	-0.03772853850723641	0.1250199157702752
liver	R-MMU-1474228_DEGRADATION_OF_THE_EXTRACELLULAR_MATRIX	0.02033504506063367	0.08155291839597383	0.022771241070036478			False	False	0.5982658959537572	True	True	0.022771241070036478	0.02033504506063367	0.08155291839597383
liver	R-MMU-1474244_EXTRACELLULAR_MATRIX_ORGANIZATION	-0.1103106972647077	-0.12334346358224853	-0.09096116704736298	Extracellular matrix organization	context_sensitive	True	False	0.9566473988439307	True	True	-0.1103106972647077	-0.12334346358224853	-0.09096116704736298
liver	R-MMU-1474290_COLLAGEN_FORMATION	-0.07869108526633112	-0.017854412453756713	-0.041689852695057			False	False	0.8786127167630058	True	True	-0.041689852695057	-0.07869108526633112	-0.017854412453756713
liver	R-MMU-1483206_GLYCEROPHOSPHOLIPID_BIOSYNTHESIS	0.09144514946428464	0.1633362614993067	0.0881176386759341			False	False	0.9046242774566474	True	True	0.09144514946428464	0.0881176386759341	0.1633362614993067
liver	R-MMU-1483255_PI_METABOLISM			-0.0007571286229070812			False	False		False	True	-0.0007571286229070812	-0.0007571286229070812	-0.0007571286229070812
liver	R-MMU-1483257_PHOSPHOLIPID_METABOLISM	0.04821539840331542	0.01164115853181749	0.005571110313190001			False	False	0.7485549132947977	True	True	0.01164115853181749	0.005571110313190001	0.04821539840331542
liver	R-MMU-1500931_CELL_CELL_COMMUNICATION	-0.071858405417455	-0.028261894470126947	0.12476427041199237			False	False	0.861271676300578	True	False	-0.028261894470126947	-0.071858405417455	0.12476427041199237
liver	R-MMU-156580_PHASE_II_CONJUGATION_OF_COMPOUNDS	-0.0036902586889964923	-0.014604646969480587	0.06668166068621013			False	False	0.4595375722543353	True	False	-0.0036902586889964923	-0.014604646969480587	0.06668166068621013
liver	R-MMU-156588_GLUCURONIDATION	-0.06371080171663243	-5.110904394980565e-05	0.006961150511112371			False	False	0.8294797687861272	True	False	-5.110904394980565e-05	-0.06371080171663243	0.006961150511112371
liver	R-MMU-156590_GLUTATHIONE_CONJUGATION	0.029082913687851448		0.0033489520159565413	Glutathione conjugation	context_sensitive	True	False	0.653179190751445	False	True	0.016215932851903994	0.0033489520159565413	0.029082913687851448
liver	R-MMU-1566948_ELASTIC_FIBRE_FORMATION	-0.01757891295520122	-0.0869272544762417	0.006513470045746039			False	False	0.5895953757225434	True	False	-0.01757891295520122	-0.0869272544762417	0.006513470045746039
liver	R-MMU-157579_TELOMERE_MAINTENANCE	0.015147520568646797	0.010260525297266818	0.010425888739848739			False	False	0.5664739884393064	True	True	0.010425888739848739	0.010260525297266818	0.015147520568646797
liver	R-MMU-157858_GAP_JUNCTION_TRAFFICKING_AND_REGULATION	0.017091814583902003	-0.000189931644790289	0.007458896886276415			False	False	0.5809248554913294	True	False	0.007458896886276415	-0.000189931644790289	0.017091814583902003
liver	R-MMU-15869_METABOLISM_OF_NUCLEOTIDES	-0.028206694474856398	-0.03939214815208721	-0.042457271913291364			False	False	0.6445086705202312	True	True	-0.03939214815208721	-0.042457271913291364	-0.028206694474856398
liver	R-MMU-162582_SIGNAL_TRANSDUCTION	-0.030183704145309596	-0.0626268133573988	-0.08147920720093227			False	False	0.6647398843930635	True	True	-0.0626268133573988	-0.08147920720093227	-0.030183704145309596
liver	R-MMU-1630316_GLYCOSAMINOGLYCAN_METABOLISM	-0.03930497797692755	-0.0388279428569596	-0.046802564180831535			False	False	0.7196531791907514	True	True	-0.03930497797692755	-0.046802564180831535	-0.0388279428569596
liver	R-MMU-163125_POST_TRANSLATIONAL_MODIFICATION_SYNTHESIS_OF_GPI_ANCHORED_PROTEINS	-0.06514546287258131	0.07668228369038113	0.05021199275876085			False	False	0.838150289017341	True	False	0.05021199275876085	-0.06514546287258131	0.07668228369038113
liver	R-MMU-1632852_MACROAUTOPHAGY	-0.0012178593336144164	-0.00016404006384872417	-0.002305448814921579			False	False	0.3063583815028902	True	True	-0.0012178593336144164	-0.002305448814921579	-0.00016404006384872417
liver	R-MMU-163685_INTEGRATION_OF_ENERGY_METABOLISM	0.0018140464739176848	-0.15606276415373155	-0.003043021259063386			False	False	0.37283236994219654	True	False	-0.003043021259063386	-0.15606276415373155	0.0018140464739176848
liver	R-MMU-1638074_KERATAN_SULFATE_KERATIN_METABOLISM	-0.00018670302547039706					False	False	0.08959537572254335	False	True	-0.00018670302547039706	-0.00018670302547039706	-0.00018670302547039706
liver	R-MMU-1640170_CELL_CYCLE	-0.12611435471694016	-0.1656898267782899	-0.20449752190737613			False	False	0.9653179190751445	True	True	-0.1656898267782899	-0.20449752190737613	-0.12611435471694016
liver	R-MMU-1650814_COLLAGEN_BIOSYNTHESIS_AND_MODIFYING_ENZYMES	0.008499942989378052	-0.10629027439929115	-0.04237282553046595			False	False	0.5317919075144508	True	False	-0.04237282553046595	-0.10629027439929115	0.008499942989378052
liver	R-MMU-166016_TOLL_LIKE_RECEPTOR_4_TLR4_CASCADE	0.1945450405277786	-0.010377670887804448	0.002190219101231121			False	True	0.9942196531791907	True	False	0.002190219101231121	-0.010377670887804448	0.1945450405277786
liver	R-MMU-166058_MYD88_MAL_TIRAP_CASCADE_INITIATED_ON_PLASMA_MEMBRANE	0.0029051562207118215	-0.0004135524246411031	0.004664324396930992			False	False	0.42485549132947975	True	False	0.0029051562207118215	-0.0004135524246411031	0.004664324396930992
liver	R-MMU-166166_MYD88_INDEPENDENT_TLR4_CASCADE	0.0003264769885365129	-0.007314560150242055	-0.0020938359375133843			False	False	0.11849710982658959	True	False	-0.0020938359375133843	-0.007314560150242055	0.0003264769885365129
liver	R-MMU-166520_SIGNALING_BY_NTRKS	-0.0009624288911306599	-0.0019433911560804485	0.0015593469905097075			False	False	0.27167630057803466	True	False	-0.0009624288911306599	-0.0019433911560804485	0.0015593469905097075
liver	R-MMU-166658_COMPLEMENT_CASCADE	-0.14197568629130491	-0.11395130236913383	-0.09025932608793519			False	False	0.976878612716763	True	True	-0.11395130236913383	-0.14197568629130491	-0.09025932608793519
liver	R-MMU-166663_INITIAL_TRIGGERING_OF_COMPLEMENT	-0.03870027355075317	0.0022541120499879027	0.05963728094368988			False	False	0.7109826589595376	True	False	0.0022541120499879027	-0.03870027355075317	0.05963728094368988
liver	R-MMU-168138_TOLL_LIKE_RECEPTOR_9_TLR9_CASCADE	0.0034320713248511326	3.823210750752513e-05	-0.01630676913564217			False	False	0.4479768786127168	True	False	3.823210750752513e-05	-0.01630676913564217	0.0034320713248511326
liver	R-MMU-168142_TOLL_LIKE_RECEPTOR_10_TLR10_CASCADE	-0.0013272310338723167	0.00010144785363521676	0.0015863285973251474			False	False	0.315028901734104	True	False	0.00010144785363521676	-0.0013272310338723167	0.0015863285973251474
liver	R-MMU-168164_TOLL_LIKE_RECEPTOR_3_TLR3_CASCADE	-0.002172628923797733	0.0021013309471275164	0.0018711148878600321			False	False	0.38439306358381503	True	False	0.0018711148878600321	-0.002172628923797733	0.0021013309471275164
liver	R-MMU-168176_TOLL_LIKE_RECEPTOR_5_TLR5_CASCADE	-0.003341918969097202	-0.0008114232966886399	-0.0010313688959844656			False	False	0.4421965317919075	True	True	-0.0010313688959844656	-0.003341918969097202	-0.0008114232966886399
liver	R-MMU-168179_TOLL_LIKE_RECEPTOR_TLR1_TLR2_CASCADE		-0.002752066389020732	-0.0008930700085921029			False	False		False	True	-0.0018225681988064174	-0.002752066389020732	-0.0008930700085921029
liver	R-MMU-168181_TOLL_LIKE_RECEPTOR_7_8_TLR7_8_CASCADE	-0.00034439580716937485	0.007513831526868253	0.005615920443071726			False	False	0.1329479768786127	True	False	0.005615920443071726	-0.00034439580716937485	0.007513831526868253
liver	R-MMU-168188_TOLL_LIKE_RECEPTOR_TLR6_TLR2_CASCADE	0.0016209061852318907	0.000543368766862398				False	False	0.3439306358381503	False	True	0.0010821374760471444	0.000543368766862398	0.0016209061852318907
liver	R-MMU-168249_INNATE_IMMUNE_SYSTEM	0.008171063323000511	-0.18065583402002278	-0.2687302892200801			False	False	0.5260115606936416	True	False	-0.18065583402002278	-0.2687302892200801	0.008171063323000511
liver	R-MMU-168256_IMMUNE_SYSTEM	-0.20061652107533617	-0.21001269405687656	-0.2646020909966185			False	False	0.9971098265895953	True	True	-0.21001269405687656	-0.2646020909966185	-0.20061652107533617
liver	R-MMU-168898_TOLL_LIKE_RECEPTOR_CASCADES	-0.09064088252706633	-0.10989535889180276	-0.20012470960681447			False	False	0.9017341040462428	True	True	-0.10989535889180276	-0.20012470960681447	-0.09064088252706633
liver	R-MMU-170834_SIGNALING_BY_TGF_BETA_RECEPTOR_COMPLEX	-0.02678574324981889	-0.013684001295346573	0.033060804997850336			False	False	0.638728323699422	True	False	-0.013684001295346573	-0.02678574324981889	0.033060804997850336
liver	R-MMU-174824_PLASMA_LIPOPROTEIN_ASSEMBLY_REMODELING_AND_CLEARANCE	0.03888011079885203	0.08881633393987658	0.08124370723834985			False	False	0.7138728323699421	True	True	0.08124370723834985	0.03888011079885203	0.08881633393987658
liver	R-MMU-181438_TOLL_LIKE_RECEPTOR_2_TLR2_CASCADE	0.0017485734810387468					False	False	0.3670520231213873	False	True	0.0017485734810387468	0.0017485734810387468	0.0017485734810387468
liver	R-MMU-1852241_ORGANELLE_BIOGENESIS_AND_MAINTENANCE	0.005742486871587862		0.0018419872768180921			False	False	0.48554913294797686	False	True	0.0037922370742029775	0.0018419872768180921	0.005742486871587862
liver	R-MMU-186797_SIGNALING_BY_PDGF	-0.01616518310430596	-0.0664400472781269	-0.006174925182074971			False	False	0.569364161849711	True	True	-0.01616518310430596	-0.0664400472781269	-0.006174925182074971
liver	R-MMU-187037_SIGNALING_BY_NTRK1_TRKA	-0.0016982709276084946	-0.0006589681581055582	-0.0026485755864912005			False	False	0.3554913294797688	True	True	-0.0016982709276084946	-0.0026485755864912005	-0.0006589681581055582
liver	R-MMU-189445_METABOLISM_OF_PORPHYRINS	-0.0032622309706651365	0.06062807898144799	0.03171004826540034			False	False	0.4393063583815029	True	False	0.03171004826540034	-0.0032622309706651365	0.06062807898144799
liver	R-MMU-190828_GAP_JUNCTION_TRAFFICKING	0.00015058177578420904	0.04902574591810405	0.0027505696936557895			False	False	0.07225433526011561	True	True	0.0027505696936557895	0.00015058177578420904	0.04902574591810405
liver	R-MMU-190861_GAP_JUNCTION_ASSEMBLY			0.0014991804978634522			False	False		False	True	0.0014991804978634522	0.0014991804978634522	0.0014991804978634522
liver	R-MMU-191273_CHOLESTEROL_BIOSYNTHESIS	-0.09930969310347389	0.007831400458814336	0.039297982674566946			False	False	0.9277456647398844	True	False	0.007831400458814336	-0.09930969310347389	0.039297982674566946
liver	R-MMU-192105_SYNTHESIS_OF_BILE_ACIDS_AND_BILE_SALTS	-0.00031216321040570166	0.01307257320142051	0.0026390365266879936			False	False	0.11271676300578035	True	False	0.0026390365266879936	-0.00031216321040570166	0.01307257320142051
liver	R-MMU-193368_SYNTHESIS_OF_BILE_ACIDS_AND_BILE_SALTS_VIA_7ALPHA_HYDROXYCHOLESTEROL	-0.0008166313872489947		0.000145229017402404			False	False	0.24277456647398843	False	False	-0.0003357011849232953	-0.0008166313872489947	0.000145229017402404
liver	R-MMU-193648_NRAGE_SIGNALS_DEATH_THROUGH_JNK	-1.2698821134334372e-05	0.0011762822195129298	0.0021934110223702876			False	False	0.011560693641618497	True	False	0.0011762822195129298	-1.2698821134334372e-05	0.0021934110223702876
liver	R-MMU-193704_P75_NTR_RECEPTOR_MEDIATED_SIGNALLING	-0.007564963575967606	-0.14012784770261383	-0.03257529832378533			False	False	0.5202312138728323	True	True	-0.03257529832378533	-0.14012784770261383	-0.007564963575967606
liver	R-MMU-194068_BILE_ACID_AND_BILE_SALT_METABOLISM	0.0034999188333486595	0.004421720052649243	-0.028836062187208095			False	False	0.45375722543352603	True	False	0.0034999188333486595	-0.028836062187208095	0.004421720052649243
liver	R-MMU-194138_SIGNALING_BY_VEGF	-0.10317610424228454	-0.06928241457655229	-0.07970336130415555			False	False	0.9421965317919075	True	True	-0.07970336130415555	-0.10317610424228454	-0.06928241457655229
liver	R-MMU-194315_SIGNALING_BY_RHO_GTPASES	0.0399437893172124	-0.2038935374466701	-0.11563057136792756			False	False	0.7254335260115607	True	False	-0.11563057136792756	-0.2038935374466701	0.0399437893172124
liver	R-MMU-195258_RHO_GTPASE_EFFECTORS	-0.10463634811710402	-0.16615972453313982	-0.06493725341331033			False	False	0.9450867052023122	True	True	-0.10463634811710402	-0.16615972453313982	-0.06493725341331033
liver	R-MMU-195721_SIGNALING_BY_WNT	-0.016199183176354846	-0.04137611544613009	0.03886871172027384			False	False	0.5722543352601156	True	False	-0.016199183176354846	-0.04137611544613009	0.03886871172027384
liver	R-MMU-196071_METABOLISM_OF_STEROID_HORMONES	0.15126132716027968	0.04268614104725513	0.12161121262191374			False	False	0.9826589595375722	True	True	0.12161121262191374	0.04268614104725513	0.15126132716027968
liver	R-MMU-196849_METABOLISM_OF_WATER_SOLUBLE_VITAMINS_AND_COFACTORS	0.05237605792276443	0.05419984297463849	0.08094903568360998			False	False	0.7601156069364162	True	True	0.05419984297463849	0.05237605792276443	0.08094903568360998
liver	R-MMU-196854_METABOLISM_OF_VITAMINS_AND_COFACTORS	-0.007435574699746672	0.027135124241776443	0.03747892391714487			False	False	0.5115606936416185	True	False	0.027135124241776443	-0.007435574699746672	0.03747892391714487
liver	R-MMU-198933_IMMUNOREGULATORY_INTERACTIONS_BETWEEN_A_LYMPHOID_AND_A_NON_LYMPHOID_CELL	-0.07568945013437356	0.0005873218278411585	-0.09643904187697742			False	False	0.869942196531792	True	False	-0.07568945013437356	-0.09643904187697742	0.0005873218278411585
liver	R-MMU-199418_NEGATIVE_REGULATION_OF_THE_PI3K_AKT_NETWORK	-0.030868752236910844	0.0019470708369293565	0.003941378202492051			False	False	0.6676300578034682	True	False	0.0019470708369293565	-0.030868752236910844	0.003941378202492051
liver	R-MMU-199977_ER_TO_GOLGI_ANTEROGRADE_TRANSPORT	0.0001587478050264319	0.001684016362511595	-0.0018814133295870423			False	False	0.07803468208092486	True	False	0.0001587478050264319	-0.0018814133295870423	0.001684016362511595
liver	R-MMU-199991_MEMBRANE_TRAFFICKING	-0.05570717869657884	-0.08081682557646672	-0.12326173683608213			False	False	0.7774566473988439	True	True	-0.08081682557646672	-0.12326173683608213	-0.05570717869657884
liver	R-MMU-201681_TCF_DEPENDENT_SIGNALING_IN_RESPONSE_TO_WNT	-0.016867857148009147	0.01412968460186088	-0.01740150190443851			False	False	0.5780346820809249	True	False	-0.016867857148009147	-0.01740150190443851	0.01412968460186088
liver	R-MMU-2022090_ASSEMBLY_OF_COLLAGEN_FIBRILS_AND_OTHER_MULTIMERIC_STRUCTURES	0.0025990426062532323	-0.03939384852910769	-0.0106226970051411			False	False	0.41329479768786126	True	False	-0.0106226970051411	-0.03939384852910769	0.0025990426062532323
liver	R-MMU-202403_TCR_SIGNALING	-0.09655078716473306	-0.06387227765345879	-0.009684486587108854	T-cell receptor signaling	complementary	True	False	0.9248554913294798	True	True	-0.06387227765345879	-0.09655078716473306	-0.009684486587108854
liver	R-MMU-202733_CELL_SURFACE_INTERACTIONS_AT_THE_VASCULAR_WALL	-0.1484330415392139	-0.20076579179606968	-0.18376024794686463			False	False	0.9797687861271677	True	True	-0.18376024794686463	-0.20076579179606968	-0.1484330415392139
liver	R-MMU-2029480_FCGAMMA_RECEPTOR_FCGR_DEPENDENT_PHAGOCYTOSIS	0.008637922342971314	-0.003574572738581494	-0.007611259737668108			False	False	0.5346820809248555	True	False	-0.003574572738581494	-0.007611259737668108	0.008637922342971314
liver	R-MMU-2029482_REGULATION_OF_ACTIN_DYNAMICS_FOR_PHAGOCYTIC_CUP_FORMATION	-0.000668098696319259	0.00044706026519159383	-0.00036678963473843734			False	False	0.21676300578034682	True	False	-0.00036678963473843734	-0.000668098696319259	0.00044706026519159383
liver	R-MMU-204998_CELL_DEATH_SIGNALLING_VIA_NRAGE_NRIF_AND_NADE	-0.01829036815943156	-0.00663471709992447	-0.05479289864489113			False	False	0.5924855491329479	True	True	-0.01829036815943156	-0.05479289864489113	-0.00663471709992447
liver	R-MMU-211859_BIOLOGICAL_OXIDATIONS	0.09189007144443095	0.09444625312001645	0.015538163705554253			False	False	0.9075144508670521	True	True	0.09189007144443095	0.015538163705554253	0.09444625312001645
liver	R-MMU-211897_CYTOCHROME_P450_ARRANGED_BY_SUBSTRATE_TYPE	0.2391881175291052	0.11310702927089895	0.04497890037767542	Cytochrome P450	context_sensitive	True	True	1.0	True	True	0.11310702927089895	0.04497890037767542	0.2391881175291052
liver	R-MMU-211935_FATTY_ACIDS	0.0004409445524141529	0.0027686203585093098	0.007981150430302435			False	False	0.16473988439306358	True	True	0.0027686203585093098	0.0004409445524141529	0.007981150430302435
liver	R-MMU-211945_PHASE_I_FUNCTIONALIZATION_OF_COMPOUNDS	0.0022575331925136334	0.06477677417740721	0.14494758377112135			False	False	0.3872832369942196	True	True	0.06477677417740721	0.0022575331925136334	0.14494758377112135
liver	R-MMU-211958_MISCELLANEOUS_SUBSTRATES	-0.0015215324842354839		-0.0038955357848596884			False	False	0.32947976878612717	False	True	-0.002708534134547586	-0.0038955357848596884	-0.0015215324842354839
liver	R-MMU-211976_ENDOGENOUS_STEROLS	0.000834883281605417					False	False	0.2514450867052023	False	True	0.000834883281605417	0.000834883281605417	0.000834883281605417
liver	R-MMU-211981_XENOBIOTICS	0.0017184126873712186	-0.015734675731761315	0.23774359840338763			False	False	0.36127167630057805	True	False	0.0017184126873712186	-0.015734675731761315	0.23774359840338763
liver	R-MMU-212165_EPIGENETIC_REGULATION_OF_GENE_EXPRESSION	0.00948074519032625	-0.003955138059104588	-0.005568525012312513			False	False	0.5433526011560693	True	False	-0.003955138059104588	-0.005568525012312513	0.00948074519032625
liver	R-MMU-212300_PRC2_METHYLATES_HISTONES_AND_DNA	0.0003634132509155714	-0.0007621226894894836	-0.0005106512363883232			False	False	0.1416184971098266	True	False	-0.0005106512363883232	-0.0007621226894894836	0.0003634132509155714
liver	R-MMU-212436_GENERIC_TRANSCRIPTION_PATHWAY	0.03537053863846577	0.018539049797982547	-0.04511719375020165			False	False	0.6820809248554913	True	False	0.018539049797982547	-0.04511719375020165	0.03537053863846577
liver	R-MMU-2129379_MOLECULES_ASSOCIATED_WITH_ELASTIC_FIBRES	-0.02984217472029651	0.0168215852505997	-0.07183749377228694			False	False	0.6589595375722543	True	False	-0.02984217472029651	-0.07183749377228694	0.0168215852505997
liver	R-MMU-2132295_MHC_CLASS_II_ANTIGEN_PRESENTATION	-0.16017220024177137	-0.029073511183877417	-0.15765867258879396	MHC class II antigen presentation	complementary	True	True	0.9884393063583815	True	True	-0.15765867258879396	-0.16017220024177137	-0.029073511183877417
liver	R-MMU-2142691_SYNTHESIS_OF_LEUKOTRIENES_LT_AND_EOXINS_EX		-0.03407440093646698	0.0013180322538977097			False	False		False	False	-0.016378184341284633	-0.03407440093646698	0.0013180322538977097
liver	R-MMU-2142753_ARACHIDONATE_METABOLISM	-0.06838882930292098	-0.16658528500367803	-0.15083835596135614			False	False	0.8439306358381503	True	True	-0.15083835596135614	-0.16658528500367803	-0.06838882930292098
liver	R-MMU-216083_INTEGRIN_CELL_SURFACE_INTERACTIONS	-0.03414068042259143	0.013767731287438906	-0.018117190328545814			False	False	0.6763005780346821	True	False	-0.018117190328545814	-0.03414068042259143	0.013767731287438906
liver	R-MMU-2162123_SYNTHESIS_OF_PROSTAGLANDINS_PG_AND_THROMBOXANES_TX	9.385567352286681e-06		-0.0010487890449950956			False	False	0.008670520231213872	False	False	-0.0005197017388214045	-0.0010487890449950956	9.385567352286681e-06
liver	R-MMU-2168880_SCAVENGING_OF_HEME_FROM_PLASMA		-0.015477711112161984				False	False		False	True	-0.015477711112161984	-0.015477711112161984	-0.015477711112161984
liver	R-MMU-2172127_DAP12_INTERACTIONS	-0.0004697368784836203					False	False	0.17052023121387283	False	True	-0.0004697368784836203	-0.0004697368784836203	-0.0004697368784836203
liver	R-MMU-2173782_BINDING_AND_UPTAKE_OF_LIGANDS_BY_SCAVENGER_RECEPTORS	-0.0869364382487017	-0.09047132135008905	-0.0933648032369189			False	False	0.8930635838150289	True	True	-0.09047132135008905	-0.0933648032369189	-0.0869364382487017
liver	R-MMU-2173789_TGF_BETA_RECEPTOR_SIGNALING_ACTIVATES_SMADS	0.005686452916800558	-0.01647444784487155	-0.03582651966071354			False	False	0.48265895953757226	True	False	-0.01647444784487155	-0.03582651966071354	0.005686452916800558
liver	R-MMU-2187338_VISUAL_PHOTOTRANSDUCTION	-0.024854487425135387	-0.042233070272791974	-0.030733800086291008			False	False	0.6242774566473989	True	True	-0.030733800086291008	-0.042233070272791974	-0.024854487425135387
liver	R-MMU-2262752_CELLULAR_RESPONSES_TO_STRESS	0.006416521540217474	-0.000192402955480242	0.0710098441347321			False	False	0.49421965317919075	True	False	0.006416521540217474	-0.000192402955480242	0.0710098441347321
liver	R-MMU-2299718_CONDENSATION_OF_PROPHASE_CHROMOSOMES	0.002321288830689814	-0.0018765802810645292	-0.004714458337904398			False	False	0.3959537572254335	True	False	-0.0018765802810645292	-0.004714458337904398	0.002321288830689814
liver	R-MMU-2454202_FC_EPSILON_RECEPTOR_FCERI_SIGNALING	-0.0015263963848523667	0.005690551841846752	0.0017671000252223027			False	False	0.33236994219653176	True	False	0.0017671000252223027	-0.0015263963848523667	0.005690551841846752
liver	R-MMU-2467813_SEPARATION_OF_SISTER_CHROMATIDS	-0.0002036849829017623	-0.0012635499390435444	0.07314916938575167			False	False	0.09248554913294797	True	False	-0.0002036849829017623	-0.0012635499390435444	0.07314916938575167
liver	R-MMU-2500257_RESOLUTION_OF_SISTER_CHROMATID_COHESION	6.660184596900137e-05	-0.004201040421492916	0.001222911507354758			False	False	0.03468208092485549	True	False	6.660184596900137e-05	-0.004201040421492916	0.001222911507354758
liver	R-MMU-2555396_MITOTIC_METAPHASE_AND_ANAPHASE	-0.0014707423879157778	-0.005979634155537922	0.0023251587531639257			False	False	0.3236994219653179	True	False	-0.0014707423879157778	-0.005979634155537922	0.0023251587531639257
liver	R-MMU-2559583_CELLULAR_SENESCENCE	-0.007436491473279944	0.008414763745395803	-0.020806940482406323			False	False	0.5144508670520231	True	False	-0.007436491473279944	-0.020806940482406323	0.008414763745395803
liver	R-MMU-2559586_DNA_DAMAGE_TELOMERE_STRESS_INDUCED_SENESCENCE	0.05609987607450453	-0.02951530507170606	-0.004243610557166289			False	False	0.7832369942196532	True	False	-0.004243610557166289	-0.02951530507170606	0.05609987607450453
liver	R-MMU-2565942_REGULATION_OF_PLK1_ACTIVITY_AT_G2_M_TRANSITION	0.001849055703283731	0.002967138756038128	0.001440924920889083			False	False	0.37572254335260113	True	True	0.001849055703283731	0.001440924920889083	0.002967138756038128
liver	R-MMU-2672351_STIMULI_SENSING_CHANNELS	0.002954941329228845	-0.006125270222160898	0.020237394751108966			False	False	0.4277456647398844	True	False	0.002954941329228845	-0.006125270222160898	0.020237394751108966
liver	R-MMU-2682334_EPH_EPHRIN_SIGNALING	0.00047547107656769683	-0.002246126109594362	0.0248076571177559			False	False	0.1791907514450867	True	False	0.00047547107656769683	-0.002246126109594362	0.0248076571177559
liver	R-MMU-2980736_PEPTIDE_HORMONE_METABOLISM	0.0286531807197699	0.04646102508672208	0.06302015962662026			False	False	0.6502890173410405	True	True	0.04646102508672208	0.0286531807197699	0.06302015962662026
liver	R-MMU-2990846_SUMOYLATION	-0.057373893337255046	-0.00043923051135133956	0.06916078954377299			False	False	0.7976878612716763	True	False	-0.00043923051135133956	-0.057373893337255046	0.06916078954377299
liver	R-MMU-2995410_NUCLEAR_ENVELOPE_NE_REASSEMBLY	7.132351794553955e-05		0.00042073140106141485			False	False	0.03757225433526012	False	True	0.0002460274595034772	7.132351794553955e-05	0.00042073140106141485
liver	R-MMU-3000171_NON_INTEGRIN_MEMBRANE_ECM_INTERACTIONS	0.00771472393095021	0.037124774053058696	-0.024744285617063357			False	False	0.523121387283237	True	False	0.00771472393095021	-0.024744285617063357	0.037124774053058696
liver	R-MMU-3000178_ECM_PROTEOGLYCANS	-0.09556772244035347	-0.018862400570503556	0.003610968629385927			False	False	0.9132947976878613	True	False	-0.018862400570503556	-0.09556772244035347	0.003610968629385927
liver	R-MMU-3108232_SUMO_E3_LIGASES_SUMOYLATE_TARGET_PROTEINS	0.0023793643092995284	-0.007000797258965495	0.0008584970217565136			False	False	0.3988439306358382	True	False	0.0008584970217565136	-0.007000797258965495	0.0023793643092995284
liver	R-MMU-3214841_PKMTS_METHYLATE_HISTONE_LYSINES	0.00014917988658670871	-0.0020888213449322614	0.00019491794152296993			False	False	0.06936416184971098	True	False	0.00014917988658670871	-0.0020888213449322614	0.00019491794152296993
liver	R-MMU-3214842_HDMS_DEMETHYLATE_HISTONES		-0.0036042952723303453	-0.00309243845288329			False	False		False	True	-0.0033483668626068178	-0.0036042952723303453	-0.00309243845288329
liver	R-MMU-3214847_HATS_ACETYLATE_HISTONES	-0.0005624934779754938	0.0012071208218792972	-0.0002256252853612934			False	False	0.1936416184971098	True	False	-0.0002256252853612934	-0.0005624934779754938	0.0012071208218792972
liver	R-MMU-3214858_RMTS_METHYLATE_HISTONE_ARGININES	-0.00034509195463745655	-0.00246710022862575	0.003785438842797753			False	False	0.13583815028901733	True	False	-0.00034509195463745655	-0.00246710022862575	0.003785438842797753
liver	R-MMU-3247509_CHROMATIN_MODIFYING_ENZYMES	0.05272837927689139	-0.012051932629086215	-0.024201434186609094			False	False	0.7630057803468208	True	False	-0.012051932629086215	-0.024201434186609094	0.05272837927689139
liver	R-MMU-3371497_HSP90_CHAPERONE_CYCLE_FOR_STEROID_HORMONE_RECEPTORS_SHR_IN_THE_PRESENCE_OF_LIGAND	0.0005028728588149992	0.0006257681597650132	-0.001705440962079436			False	False	0.18497109826589594	True	False	0.0005028728588149992	-0.001705440962079436	0.0006257681597650132
liver	R-MMU-3371556_CELLULAR_RESPONSE_TO_HEAT_STRESS	0.022023941618187954		0.06914962935013558			False	False	0.6069364161849711	False	True	0.045586785484161764	0.022023941618187954	0.06914962935013558
liver	R-MMU-352230_AMINO_ACID_TRANSPORT_ACROSS_THE_PLASMA_MEMBRANE	0.022670550292413817	0.07905905905661122	-0.0038005192350634154			False	False	0.6127167630057804	True	False	0.022670550292413817	-0.0038005192350634154	0.07905905905661122
liver	R-MMU-3700989_TRANSCRIPTIONAL_REGULATION_BY_TP53	0.06918089634744493	0.05275155759144144	-0.004766196047849856			False	False	0.8526011560693642	True	False	0.05275155759144144	-0.004766196047849856	0.06918089634744493
liver	R-MMU-372790_SIGNALING_BY_GPCR	-0.09542829264206207	-0.1387698065037041	0.1413010405378905			False	True	0.9104046242774566	True	False	-0.09542829264206207	-0.1387698065037041	0.1413010405378905
liver	R-MMU-373076_CLASS_A_1_RHODOPSIN_LIKE_RECEPTORS	-0.017118480554479246	-0.03169676495523431	-0.11098409040386441			False	False	0.5838150289017341	True	True	-0.03169676495523431	-0.11098409040386441	-0.017118480554479246
liver	R-MMU-373755_SEMAPHORIN_INTERACTIONS	-0.03760356029445765	-0.06628116393120057	-0.06544021269728129			False	False	0.6965317919075145	True	True	-0.06544021269728129	-0.06628116393120057	-0.03760356029445765
liver	R-MMU-373760_L1CAM_INTERACTIONS	5.302206821442956e-06	0.005727541971170353	-0.006186176229808151			False	False	0.005780346820809248	True	False	5.302206821442956e-06	-0.006186176229808151	0.005727541971170353
liver	R-MMU-375165_NCAM_SIGNALING_FOR_NEURITE_OUT_GROWTH		0.0018278456017689134	0.001262212896457366			False	False		False	True	0.0015450292491131397	0.001262212896457366	0.0018278456017689134
liver	R-MMU-375276_PEPTIDE_LIGAND_BINDING_RECEPTORS	-0.09604925050095746	-0.17462547454705318	-0.09932796472635447			False	False	0.9219653179190751	True	True	-0.09932796472635447	-0.17462547454705318	-0.09604925050095746
liver	R-MMU-380108_CHEMOKINE_RECEPTORS_BIND_CHEMOKINES	-0.08504468216367392	-0.0753223033198803	-0.058115164933977406			False	False	0.8872832369942196	True	True	-0.0753223033198803	-0.08504468216367392	-0.058115164933977406
liver	R-MMU-380320_RECRUITMENT_OF_NUMA_TO_MITOTIC_CENTROSOMES	0.0012998825587950617	0.0037032026326279527	0.0003701241262088109			False	False	0.31213872832369943	True	True	0.0012998825587950617	0.0003701241262088109	0.0037032026326279527
liver	R-MMU-381426_REGULATION_OF_INSULIN_LIKE_GROWTH_FACTOR_IGF_TRANSPORT_AND_UPTAKE_BY_INSULIN_LIKE_GROWTH_FACTOR_BINDING_PROTEINS_IGFBPS	0.06370417715162909	0.061295759561214844	0.06378382867980428			False	False	0.8265895953757225	True	True	0.06370417715162909	0.061295759561214844	0.06378382867980428
liver	R-MMU-382551_TRANSPORT_OF_SMALL_MOLECULES	0.0001419590589781805	-0.026957330105842604	-0.0767705908863289			False	False	0.06358381502890173	True	False	-0.026957330105842604	-0.0767705908863289	0.0001419590589781805
liver	R-MMU-382556_ABC_FAMILY_PROTEIN_MEDIATED_TRANSPORT	0.03808119644146653	0.04666175400292394	0.044731274147489675			False	False	0.7052023121387283	True	True	0.044731274147489675	0.03808119644146653	0.04666175400292394
liver	R-MMU-383280_NUCLEAR_RECEPTOR_TRANSCRIPTION_PATHWAY	0.0013425500666402023	0.040409793314486506	0.00016810687442689754			False	False	0.3179190751445087	True	True	0.0013425500666402023	0.00016810687442689754	0.040409793314486506
liver	R-MMU-388396_GPCR_DOWNSTREAM_SIGNALLING	-0.06906636013337897	0.019568934300927033	-0.05849604629375129			False	False	0.846820809248555	True	False	-0.05849604629375129	-0.06906636013337897	0.019568934300927033
liver	R-MMU-388841_REGULATION_OF_T_CELL_ACTIVATION_BY_CD28_FAMILY	0.007428635325955406	2.5181359909812878e-05	-0.005598633244538329			False	False	0.5086705202312138	True	False	2.5181359909812878e-05	-0.005598633244538329	0.007428635325955406
liver	R-MMU-389948_CO_INHIBITION_BY_PD_1	-0.0031043415272827045	-0.0741731407477578	0.00817810814958122			False	False	0.43352601156069365	True	False	-0.0031043415272827045	-0.0741731407477578	0.00817810814958122
liver	R-MMU-392499_METABOLISM_OF_PROTEINS	-0.05110449755399271	-0.03869298570129631	-0.05356492725608355			False	False	0.7572254335260116	True	True	-0.05110449755399271	-0.05356492725608355	-0.03869298570129631
liver	R-MMU-397014_MUSCLE_CONTRACTION	-0.017507313148260373	0.02988178709451019	0.06088373521163111			False	False	0.5867052023121387	True	False	0.02988178709451019	-0.017507313148260373	0.06088373521163111
liver	R-MMU-416476_G_ALPHA_Q_SIGNALLING_EVENTS	0.02630746112365997	-0.04973000394105422	-0.004036287014973447			False	False	0.6329479768786127	True	False	-0.004036287014973447	-0.04973000394105422	0.02630746112365997
liver	R-MMU-416482_G_ALPHA_12_13_SIGNALLING_EVENTS	-0.0006700916623451649	0.0017486225087257306	-0.0022390816511755843			False	False	0.21965317919075145	True	False	-0.0006700916623451649	-0.0022390816511755843	0.0017486225087257306
liver	R-MMU-418346_PLATELET_HOMEOSTASIS	-0.0036113437464637605	-0.039612235504606956	-0.0006174258567199482			False	False	0.45664739884393063	True	True	-0.0036113437464637605	-0.039612235504606956	-0.0006174258567199482
liver	R-MMU-418555_G_ALPHA_S_SIGNALLING_EVENTS	0.06400041154578384	0.002569280145975404	-0.0007473481984334102			False	False	0.8323699421965318	True	False	0.002569280145975404	-0.0007473481984334102	0.06400041154578384
liver	R-MMU-418594_G_ALPHA_I_SIGNALLING_EVENTS	-0.07655910665681029	-0.04224089638542243	-0.129268145929359			False	False	0.8728323699421965	True	True	-0.07655910665681029	-0.129268145929359	-0.04224089638542243
liver	R-MMU-418990_ADHERENS_JUNCTIONS_INTERACTIONS	-0.026027250431793186	-0.08426659067166845	0.015232968049191487			False	False	0.630057803468208	True	False	-0.026027250431793186	-0.08426659067166845	0.015232968049191487
liver	R-MMU-421270_CELL_CELL_JUNCTION_ORGANIZATION	0.012203875893456728	-0.05625813563430082	-0.03604499105920187			False	False	0.5549132947976878	True	False	-0.03604499105920187	-0.05625813563430082	0.012203875893456728
liver	R-MMU-422356_REGULATION_OF_INSULIN_SECRETION	-0.10064666829843345	0.011219520787237636	-0.08653713942504249	Regulation of insulin secretion	aligned	True	True	0.9364161849710982	True	False	-0.08653713942504249	-0.10064666829843345	0.011219520787237636
liver	R-MMU-422475_AXON_GUIDANCE	-0.07341905536889533	-0.10021381102587512	-0.06267410715948953			False	False	0.8670520231213873	True	True	-0.07341905536889533	-0.10021381102587512	-0.06267410715948953
liver	R-MMU-425407_SLC_MEDIATED_TRANSMEMBRANE_TRANSPORT	0.058563167400773476	0.10296552105985413	0.05974453101818124			False	False	0.8121387283236994	True	True	0.05974453101818124	0.058563167400773476	0.10296552105985413
liver	R-MMU-428157_SPHINGOLIPID_METABOLISM	0.012604129066892353	-0.010791146096904913	-0.007385784869046982			False	False	0.5578034682080925	True	False	-0.007385784869046982	-0.010791146096904913	0.012604129066892353
liver	R-MMU-437239_RECYCLING_PATHWAY_OF_L1	-0.0006029614688608253	0.002068993352305413	-0.002121231480559152			False	False	0.20520231213872833	True	False	-0.0006029614688608253	-0.002121231480559152	0.002068993352305413
liver	R-MMU-4420097_VEGFA_VEGFR2_PATHWAY	-0.037284857690681794	0.014134842495725173	-0.015702057317871075			False	False	0.6907514450867052	True	False	-0.015702057317871075	-0.037284857690681794	0.014134842495725173
liver	R-MMU-445355_SMOOTH_MUSCLE_CONTRACTION	0.002283997219834391	0.0664403440130865	0.06610678591391075			False	False	0.3901734104046243	True	True	0.06610678591391075	0.002283997219834391	0.0664403440130865
liver	R-MMU-446203_ASPARAGINE_N_LINKED_GLYCOSYLATION	0.010404645220504228	0.004392528479730246	0.035766322563133654			False	False	0.5520231213872833	True	True	0.010404645220504228	0.004392528479730246	0.035766322563133654
liver	R-MMU-446652_INTERLEUKIN_1_FAMILY_SIGNALING	-0.004355449369451892	0.019955654803350577	0.0012764177617435924			False	False	0.4653179190751445	True	False	0.0012764177617435924	-0.004355449369451892	0.019955654803350577
liver	R-MMU-446728_CELL_JUNCTION_ORGANIZATION	0.02507290965485217	-0.04552678421516156	-0.06064712040249818			False	False	0.6271676300578035	True	False	-0.04552678421516156	-0.06064712040249818	0.02507290965485217
liver	R-MMU-449147_SIGNALING_BY_INTERLEUKINS	-0.10098096536751018	-0.12262771467613251	-0.09994407088571344			False	False	0.9393063583815029	True	True	-0.10098096536751018	-0.12262771467613251	-0.09994407088571344
liver	R-MMU-453274_MITOTIC_G2_G2_M_PHASES	0.0006061987164884912	0.004933713174138798	0.09153822709880133			False	False	0.20809248554913296	True	True	0.004933713174138798	0.0006061987164884912	0.09153822709880133
liver	R-MMU-453279_MITOTIC_G1_PHASE_AND_G1_S_TRANSITION	0.0017074410888222422	0.009825997660466722	-0.009045217775211912			False	False	0.3583815028901734	True	False	0.0017074410888222422	-0.009045217775211912	0.009825997660466722
liver	R-MMU-4839726_CHROMATIN_ORGANIZATION	0.0024644938747945266	0.02909581647487014	0.012370604498652593			False	False	0.40173410404624277	True	True	0.012370604498652593	0.0024644938747945266	0.02909581647487014
liver	R-MMU-500792_GPCR_LIGAND_BINDING	-0.05582423795046463	0.05172163476192202	-0.030289800803014806			False	False	0.7803468208092486	True	False	-0.030289800803014806	-0.05582423795046463	0.05172163476192202
liver	R-MMU-5173105_O_LINKED_GLYCOSYLATION	-0.001854963726311483	-0.11865785636120085	-0.05621015017813458			False	False	0.3786127167630058	True	True	-0.05621015017813458	-0.11865785636120085	-0.001854963726311483
liver	R-MMU-5173214_O_GLYCOSYLATION_OF_TSR_DOMAIN_CONTAINING_PROTEINS	-0.0787582981101547	0.00883082383692486	-0.03125128207592064			False	False	0.8815028901734104	True	False	-0.03125128207592064	-0.0787582981101547	0.00883082383692486
liver	R-MMU-5357801_PROGRAMMED_CELL_DEATH	-0.06612963632865762	0.07366201884601278	-0.11475993183530053			False	False	0.8410404624277457	True	False	-0.06612963632865762	-0.11475993183530053	0.07366201884601278
liver	R-MMU-5358351_SIGNALING_BY_HEDGEHOG	0.001789407502149043	-0.015103008214819347	0.0455286139410934			False	False	0.3699421965317919	True	False	0.001789407502149043	-0.015103008214819347	0.0455286139410934
liver	R-MMU-5362517_SIGNALING_BY_RETINOIC_ACID	0.002528983438638962	0.02781081272045598	0.0007845256920434817			False	False	0.407514450867052	True	True	0.002528983438638962	0.0007845256920434817	0.02781081272045598
liver	R-MMU-5365859_RA_BIOSYNTHESIS_PATHWAY	-4.761488676792863e-05		-0.0005909801586885286			False	False	0.02601156069364162	False	True	-0.0003192975227282286	-0.0005909801586885286	-4.761488676792863e-05
liver	R-MMU-5423646_AFLATOXIN_ACTIVATION_AND_DETOXIFICATION	-0.00013437201948774568	0.004531311375830437				False	False	0.057803468208092484	False	False	0.0021984696781713457	-0.00013437201948774568	0.004531311375830437
liver	R-MMU-556833_METABOLISM_OF_LIPIDS	0.06072834659138433	0.049934720820005406	0.09272388969249748			False	False	0.8179190751445087	True	True	0.06072834659138433	0.049934720820005406	0.09272388969249748
liver	R-MMU-5576891_CARDIAC_CONDUCTION	-0.11440058379170677	-0.0764959867278436	-0.07841398307674201			False	True	0.9595375722543352	True	True	-0.07841398307674201	-0.11440058379170677	-0.0764959867278436
liver	R-MMU-5610787_HEDGEHOG_OFF_STATE	0.00026154519390065033	0.005833913879980365	0.005280270994731009			False	False	0.1069364161849711	True	True	0.005280270994731009	0.00026154519390065033	0.005833913879980365
liver	R-MMU-5617833_CILIUM_ASSEMBLY	2.3572861476551588e-05	0.0017920192198068285	-0.02995458321823352			False	False	0.017341040462427744	True	False	2.3572861476551588e-05	-0.02995458321823352	0.0017920192198068285
liver	R-MMU-5620912_ANCHORING_OF_THE_BASAL_BODY_TO_THE_PLASMA_MEMBRANE	0.00010675520625867856	-0.0013531142766589432	-0.00029565615806263843			False	False	0.049132947976878616	True	False	-0.00029565615806263843	-0.0013531142766589432	0.00010675520625867856
liver	R-MMU-5621481_C_TYPE_LECTIN_RECEPTORS_CLRS	0.03151412104260815	-0.02529554248545879	-0.0069241839432988474			False	False	0.6705202312138728	True	False	-0.0069241839432988474	-0.02529554248545879	0.03151412104260815
liver	R-MMU-5626467_RHO_GTPASES_ACTIVATE_IQGAPS		-0.0009448870004590117	-0.00029752040744052317			False	False		False	True	-0.0006212037039497675	-0.0009448870004590117	-0.00029752040744052317
liver	R-MMU-5633007_REGULATION_OF_TP53_ACTIVITY	-4.7607010047513934e-05	0.0034598681390271523	0.002830641121435603			False	False	0.023121387283236993	True	False	0.002830641121435603	-4.7607010047513934e-05	0.0034598681390271523
liver	R-MMU-5653656_VESICLE_MEDIATED_TRANSPORT	-0.006453415369027482	-0.06259739345106041	-0.006743731403980391			False	False	0.49710982658959535	True	True	-0.006743731403980391	-0.06259739345106041	-0.006453415369027482
liver	R-MMU-5663220_RHO_GTPASES_ACTIVATE_FORMINS	7.447971548678019e-05	0.14065442044811372	-0.002261941240311661			False	False	0.04046242774566474	True	False	7.447971548678019e-05	-0.002261941240311661	0.14065442044811372
liver	R-MMU-5673001_RAF_MAP_KINASE_CASCADE	-0.04524199022386314	-0.028678928680100624	-0.05385531793801711			False	False	0.7456647398843931	True	True	-0.04524199022386314	-0.05385531793801711	-0.028678928680100624
liver	R-MMU-5683057_MAPK_FAMILY_SIGNALING_CASCADES	-0.06495908295570926	0.10360743168834921	0.03269528040759342			False	False	0.8352601156069365	True	False	0.03269528040759342	-0.06495908295570926	0.10360743168834921
liver	R-MMU-5684996_MAPK1_MAPK3_SIGNALING	-0.057138157204483044	-0.08332182695681492	-0.13487024286927482			False	False	0.7947976878612717	True	True	-0.08332182695681492	-0.13487024286927482	-0.057138157204483044
liver	R-MMU-5688426_DEUBIQUITINATION	0.0026280497000393402	-0.03980627027813351	0.12611746848022037			False	False	0.4161849710982659	True	False	0.0026280497000393402	-0.03980627027813351	0.12611746848022037
liver	R-MMU-5689880_UB_SPECIFIC_PROCESSING_PROTEASES	-0.0005330794596258278	0.010154730493607537	-0.00242277561033452			False	False	0.1907514450867052	True	False	-0.0005330794596258278	-0.00242277561033452	0.010154730493607537
liver	R-MMU-5693532_DNA_DOUBLE_STRAND_BREAK_REPAIR	-0.0009145669905061427	0.010057682677629604	-0.09680048712868197			False	False	0.2630057803468208	True	False	-0.0009145669905061427	-0.09680048712868197	0.010057682677629604
liver	R-MMU-5693538_HOMOLOGY_DIRECTED_REPAIR	-0.1245371725252512	0.011236561868360919	-0.0977339717351012			False	True	0.9624277456647399	True	False	-0.0977339717351012	-0.1245371725252512	0.011236561868360919
liver	R-MMU-5693565_RECRUITMENT_AND_ATM_MEDIATED_PHOSPHORYLATION_OF_REPAIR_AND_SIGNALING_PROTEINS_AT_DNA_DOUBLE_STRAND_BREAKS	0.002312880668336453	-0.0028231841686751314	-0.0040437491170150445			False	False	0.3930635838150289	True	False	-0.0028231841686751314	-0.0040437491170150445	0.002312880668336453
liver	R-MMU-5693567_HDR_THROUGH_HOMOLOGOUS_RECOMBINATION_HRR_OR_SINGLE_STRAND_ANNEALING_SSA	-0.00023327022656515457	0.009466871399608645	-0.0010398129967794055			False	False	0.09826589595375723	True	False	-0.00023327022656515457	-0.0010398129967794055	0.009466871399608645
liver	R-MMU-5693571_NONHOMOLOGOUS_END_JOINING_NHEJ	-6.434002892616749e-05	0.00033836557350308766	-0.002870472202489013			False	False	0.031791907514450865	True	False	-6.434002892616749e-05	-0.002870472202489013	0.00033836557350308766
liver	R-MMU-5693606_DNA_DOUBLE_STRAND_BREAK_RESPONSE	0.00152799675948964	0.003237883583871469	-0.0030335446928333766			False	False	0.3352601156069364	True	False	0.00152799675948964	-0.0030335446928333766	0.003237883583871469
liver	R-MMU-5693607_PROCESSING_OF_DNA_DOUBLE_STRAND_BREAK_ENDS	0.00047478532434106223	0.0006985958832459137	-0.003381711788710766			False	False	0.17630057803468208	True	False	0.00047478532434106223	-0.003381711788710766	0.0006985958832459137
liver	R-MMU-597592_POST_TRANSLATIONAL_PROTEIN_MODIFICATION	-0.04942571281813386	-0.05204795388880763	-0.10703510453582883			False	False	0.7543352601156069	True	True	-0.05204795388880763	-0.10703510453582883	-0.04942571281813386
liver	R-MMU-606279_DEPOSITION_OF_NEW_CENPA_CONTAINING_NUCLEOSOMES_AT_THE_CENTROMERE	-0.00038032933418617385	0.004099826352885183	-4.93852045830771e-05			False	False	0.15606936416184972	True	False	-4.93852045830771e-05	-0.00038032933418617385	0.004099826352885183
liver	R-MMU-611105_RESPIRATORY_ELECTRON_TRANSPORT	-0.0055024091020520055					False	False	0.4797687861271676	False	True	-0.0055024091020520055	-0.0055024091020520055	-0.0055024091020520055
liver	R-MMU-6794362_PROTEIN_PROTEIN_INTERACTIONS_AT_SYNAPSES	-0.023085813591993427	0.05305556481298681	-0.016172829025736423			False	False	0.6184971098265896	True	False	-0.016172829025736423	-0.023085813591993427	0.05305556481298681
liver	R-MMU-6798695_NEUTROPHIL_DEGRANULATION	-0.16011518463891586	-0.19276164495936082	-0.03223007128832833			False	False	0.9855491329479769	True	True	-0.16011518463891586	-0.19276164495936082	-0.03223007128832833
liver	R-MMU-6803157_ANTIMICROBIAL_PEPTIDES	-0.019194302191020685		-0.031494026954605604			False	False	0.5953757225433526	False	True	-0.025344164572813146	-0.031494026954605604	-0.019194302191020685
liver	R-MMU-6805567_KERATINIZATION	-0.0075155810811191855	0.026513067050176493				False	False	0.5173410404624278	False	False	0.009498742984528654	-0.0075155810811191855	0.026513067050176493
liver	R-MMU-6806667_METABOLISM_OF_FAT_SOLUBLE_VITAMINS	0.08736502206632571	-0.0071689861234712935	0.0729495677568898			False	False	0.8959537572254336	True	False	0.0729495677568898	-0.0071689861234712935	0.08736502206632571
liver	R-MMU-6806834_SIGNALING_BY_MET	0.016860727688493286	0.0010380275900654257	0.017049647228361154			False	False	0.5751445086705202	True	True	0.016860727688493286	0.0010380275900654257	0.017049647228361154
liver	R-MMU-6807878_COPI_MEDIATED_ANTEROGRADE_TRANSPORT	0.0001452526012779527	-0.010386764377574352	-0.004247104506275359			False	False	0.06647398843930635	True	False	-0.004247104506275359	-0.010386764377574352	0.0001452526012779527
liver	R-MMU-6809371_FORMATION_OF_THE_CORNIFIED_ENVELOPE	0.014200406933640507		0.05975897499175088			False	False	0.5606936416184971	False	True	0.0369796909626957	0.014200406933640507	0.05975897499175088
liver	R-MMU-6811434_COPI_DEPENDENT_GOLGI_TO_ER_RETROGRADE_TRAFFIC	-0.16612296882159155	-0.07592354948311883	-0.1481228844784569			False	True	0.9913294797687862	True	True	-0.1481228844784569	-0.16612296882159155	-0.07592354948311883
liver	R-MMU-6811436_COPI_INDEPENDENT_GOLGI_TO_ER_RETROGRADE_TRAFFIC	0.0003427472451861948	-0.0007050881109366725				False	False	0.13005780346820808	False	False	-0.00018117043287523883	-0.0007050881109366725	0.0003427472451861948
liver	R-MMU-6811442_INTRA_GOLGI_AND_RETROGRADE_GOLGI_TO_ER_TRAFFIC	0.0006199560030009639	0.004826855713895586	-0.006421356008764897			False	False	0.21098265895953758	True	False	0.0006199560030009639	-0.006421356008764897	0.004826855713895586
liver	R-MMU-6811558_PI5P_PP2A_AND_IER3_REGULATE_PI3K_AKT_SIGNALING	4.938143538403854e-06	-0.03081743729016224	0.018881722371491015			False	False	0.002890173410404624	True	False	4.938143538403854e-06	-0.03081743729016224	0.018881722371491015
liver	R-MMU-68875_MITOTIC_PROPHASE	0.0009139671144379566	-0.009587458463592024	0.0019685311226249726			False	False	0.26011560693641617	True	False	0.0009139671144379566	-0.009587458463592024	0.0019685311226249726
liver	R-MMU-68877_MITOTIC_PROMETAPHASE	0.0010687221592802678	0.003998051554643509	0.0032320391892440097			False	False	0.2861271676300578	True	True	0.0032320391892440097	0.0010687221592802678	0.003998051554643509
liver	R-MMU-68882_MITOTIC_ANAPHASE	-0.00033941821371639476	-0.0069120554342307575	-0.00023318262073150544			False	False	0.12427745664739884	True	True	-0.00033941821371639476	-0.0069120554342307575	-0.00023318262073150544
liver	R-MMU-68886_M_PHASE	-0.038558616638968916	-0.1402857032731045	-0.12718931719342413			False	False	0.708092485549133	True	True	-0.12718931719342413	-0.1402857032731045	-0.038558616638968916
liver	R-MMU-69206_G1_S_TRANSITION	-5.316244470012475e-05	0.0003604959447386175	-0.0025307792641911307			False	False	0.028901734104046242	True	False	-5.316244470012475e-05	-0.0025307792641911307	0.0003604959447386175
liver	R-MMU-69239_SYNTHESIS_OF_DNA	0.0005987877059424531	-0.006504971887011793				False	False	0.2023121387283237	False	False	-0.00295309209053467	-0.006504971887011793	0.0005987877059424531
liver	R-MMU-69242_S_PHASE	1.934151564300132e-05	0.006077465237147022	0.005763914701402454			False	False	0.014450867052023121	True	True	0.005763914701402454	1.934151564300132e-05	0.006077465237147022
liver	R-MMU-69275_G2_M_TRANSITION	0.05749164954465598	0.0055523866157312154	-0.007747442741819604			False	False	0.8034682080924855	True	False	0.0055523866157312154	-0.007747442741819604	0.05749164954465598
liver	R-MMU-69278_CELL_CYCLE_MITOTIC	-0.12823600647695838	-0.2081562117086535	0.0265437436086452			False	False	0.9710982658959537	True	False	-0.12823600647695838	-0.2081562117086535	0.0265437436086452
liver	R-MMU-69306_DNA_REPLICATION	0.029400972109833563	-0.002924317122756917	0.016963142955064237			False	False	0.6560693641618497	True	False	0.016963142955064237	-0.002924317122756917	0.029400972109833563
liver	R-MMU-69473_G2_M_DNA_DAMAGE_CHECKPOINT	0.0004909294712272583	-0.0013692783726081833	-0.001805797118361344			False	False	0.18208092485549132	True	False	-0.0013692783726081833	-0.001805797118361344	0.0004909294712272583
liver	R-MMU-69481_G2_M_CHECKPOINTS	0.003251575053738806	0.007489949777844371	0.002669330802882219			False	False	0.43641618497109824	True	True	0.003251575053738806	0.002669330802882219	0.007489949777844371
liver	R-MMU-69618_MITOTIC_SPINDLE_CHECKPOINT	0.0008045822478067475	0.0010225956261747846	-0.0005226025762576352			False	False	0.2398843930635838	True	False	0.0008045822478067475	-0.0005226025762576352	0.0010225956261747846
liver	R-MMU-69620_CELL_CYCLE_CHECKPOINTS	0.0016722472303523114	-0.06601452734615036	-0.12021126788878107			False	False	0.35260115606936415	True	False	-0.06601452734615036	-0.12021126788878107	0.0016722472303523114
liver	R-MMU-70171_GLYCOLYSIS		0.0026452594904946094	-0.005268249997337726			False	False		False	False	-0.0013114952534215585	-0.005268249997337726	0.0026452594904946094
liver	R-MMU-70326_GLUCOSE_METABOLISM	-0.005865563525517989	-0.01091291664633932	0.010855982897355917			False	False	0.4884393063583815	True	False	-0.005865563525517989	-0.01091291664633932	0.010855982897355917
liver	R-MMU-71291_METABOLISM_OF_AMINO_ACIDS_AND_DERIVATIVES	0.07143874425352328	0.04252693037478095	0.13001054847235016			False	False	0.8583815028901735	True	True	0.07143874425352328	0.04252693037478095	0.13001054847235016
liver	R-MMU-71387_METABOLISM_OF_CARBOHYDRATES_AND_CARBOHYDRATE_DERIVATIVES	0.056850983740722685	0.05076593503504184	0.10191682758315138			False	False	0.7890173410404624	True	True	0.056850983740722685	0.05076593503504184	0.10191682758315138
liver	R-MMU-72766_TRANSLATION	0.002790617909002694		0.002760581382022259			False	False	0.42196531791907516	False	True	0.0027755996455124765	0.002760581382022259	0.002790617909002694
liver	R-MMU-73857_RNA_POLYMERASE_II_TRANSCRIPTION	-0.05826729320051478	-0.027220524807778666	-0.010490485399086414			False	False	0.8063583815028902	True	True	-0.027220524807778666	-0.05826729320051478	-0.010490485399086414
liver	R-MMU-73884_BASE_EXCISION_REPAIR	0.000312455900979534	-0.001187653642216431	0.024939546895347223			False	False	0.11560693641618497	True	False	0.000312455900979534	-0.001187653642216431	0.024939546895347223
liver	R-MMU-73886_CHROMOSOME_MAINTENANCE	0.0005096296051343892	-0.00038258713267859575	-0.03187225189491746			False	False	0.18786127167630057	True	False	-0.00038258713267859575	-0.03187225189491746	0.0005096296051343892
liver	R-MMU-73887_DEATH_RECEPTOR_SIGNALING	-0.023357066953705485	-0.12073669115505567	-0.05155505989833131			False	False	0.6213872832369942	True	True	-0.05155505989833131	-0.12073669115505567	-0.023357066953705485
liver	R-MMU-73894_DNA_REPAIR	-0.007343435432318734	-0.19932764722749102	-0.08868671478485197			False	False	0.5057803468208093	True	True	-0.08868671478485197	-0.19932764722749102	-0.007343435432318734
liver	R-MMU-73927_DEPURINATION	-0.00039591855122462556	0.001600370517400046	0.00019464545320064147			False	False	0.15895953757225434	True	False	0.00019464545320064147	-0.00039591855122462556	0.001600370517400046
liver	R-MMU-73929_BASE_EXCISION_REPAIR_AP_SITE_FORMATION	-0.0019596993868825708	-0.0002125162112487764	-0.0020578008184037573			False	False	0.3815028901734104	True	True	-0.0019596993868825708	-0.0020578008184037573	-0.0002125162112487764
liver	R-MMU-74160_GENE_EXPRESSION_TRANSCRIPTION	0.04149168339729574	-0.09748207291815544	-0.09476129958758453			False	False	0.7369942196531792	True	False	-0.09476129958758453	-0.09748207291815544	0.04149168339729574
liver	R-MMU-75105_FATTY_ACYL_COA_BIOSYNTHESIS	-0.05867737133218254		-0.007412789163797869			False	False	0.815028901734104	False	True	-0.0330450802479902	-0.05867737133218254	-0.007412789163797869
liver	R-MMU-75153_APOPTOTIC_EXECUTION_PHASE	0.000958964751692358		-0.0012458600075962805			False	False	0.26878612716763006	False	False	-0.00014344762795196126	-0.0012458600075962805	0.000958964751692358
liver	R-MMU-76002_PLATELET_ACTIVATION_SIGNALING_AND_AGGREGATION	-0.07928378805591926	-0.07497748205040689	-0.10749438992560037			False	False	0.884393063583815	True	True	-0.07928378805591926	-0.10749438992560037	-0.07497748205040689
liver	R-MMU-76005_RESPONSE_TO_ELEVATED_PLATELET_CYTOSOLIC_CA2	-0.10801536864502656	-0.10745978374574602	0.032019265132627			False	False	0.953757225433526	True	False	-0.10745978374574602	-0.10801536864502656	0.032019265132627
liver	R-MMU-76009_PLATELET_AGGREGATION_PLUG_FORMATION		0.003898781491864847	-0.007003337074476622			False	False		False	False	-0.0015522777913058875	-0.007003337074476622	0.003898781491864847
liver	R-MMU-774815_NUCLEOSOME_ASSEMBLY	0.0005979160939858331	0.0007119346518468073	-0.004204185990675196			False	False	0.1994219653179191	True	False	0.0005979160939858331	-0.004204185990675196	0.0007119346518468073
liver	R-MMU-8848021_SIGNALING_BY_PTK6	-0.008928905885006878	-0.051551899395825565				False	False	0.5404624277456648	False	True	-0.03024040264041622	-0.051551899395825565	-0.008928905885006878
liver	R-MMU-8852135_PROTEIN_UBIQUITINATION	0.001490582061928005	0.005519971737448848	-0.006777237247411863			False	False	0.3265895953757225	True	False	0.001490582061928005	-0.006777237247411863	0.005519971737448848
liver	R-MMU-8852276_THE_ROLE_OF_GTSE1_IN_G2_M_PROGRESSION_AFTER_G2_CHECKPOINT	-0.00037801415626479296	0.000455348026476387	0.0006949794590032509			False	False	0.15028901734104047	True	False	0.000455348026476387	-0.00037801415626479296	0.0006949794590032509
liver	R-MMU-8854518_AURKA_ACTIVATION_BY_TPX2	-0.0003422344564207557	0.0008979346761869494	0.007412458287301235			False	False	0.12716763005780346	True	False	0.0008979346761869494	-0.0003422344564207557	0.007412458287301235
liver	R-MMU-8856688_GOLGI_TO_ER_RETROGRADE_TRANSPORT	0.0005826240370395216	-0.20233287294571375	-0.0336781573688986			False	False	0.19653179190751446	True	False	-0.0336781573688986	-0.20233287294571375	0.0005826240370395216
liver	R-MMU-8856825_CARGO_RECOGNITION_FOR_CLATHRIN_MEDIATED_ENDOCYTOSIS	0.0025002261763635543	-0.005402674893372705	-0.10271044500654525			False	False	0.4046242774566474	True	False	-0.005402674893372705	-0.10271044500654525	0.0025002261763635543
liver	R-MMU-8856828_CLATHRIN_MEDIATED_ENDOCYTOSIS	0.07239716798938982	0.04611373233608214	0.0358616580410162			False	False	0.8641618497109826	True	True	0.04611373233608214	0.0358616580410162	0.07239716798938982
liver	R-MMU-8866654_E3_UBIQUITIN_LIGASES_UBIQUITINATE_TARGET_PROTEINS	0.0011769976403856845	-0.00227292961392149	0.0010250133647100959			False	False	0.30057803468208094	True	False	0.0010250133647100959	-0.00227292961392149	0.0011769976403856845
liver	R-MMU-8878171_TRANSCRIPTIONAL_REGULATION_BY_RUNX1	0.00489791981892536	0.03244071710433033	0.039867937981534665			False	False	0.47398843930635837	True	True	0.03244071710433033	0.00489791981892536	0.039867937981534665
liver	R-MMU-8936459_RUNX1_REGULATES_GENES_INVOLVED_IN_MEGAKARYOCYTE_DIFFERENTIATION_AND_PLATELET_FUNCTION	0.0003716364229484289	0.0014520258882849855	0.0014500547697663313			False	False	0.14739884393063585	True	True	0.0014500547697663313	0.0003716364229484289	0.0014520258882849855
liver	R-MMU-8939211_ESR_MEDIATED_SIGNALING	0.0017404295686801892	0.004258637125538546	0.05658555414855311			False	False	0.36416184971098264	True	True	0.004258637125538546	0.0017404295686801892	0.05658555414855311
liver	R-MMU-8948216_COLLAGEN_CHAIN_TRIMERIZATION	0.0025903305834415365	-0.002446124230275541				False	False	0.41040462427745666	False	False	7.21031765829978e-05	-0.002446124230275541	0.0025903305834415365
liver	R-MMU-8951664_NEDDYLATION	0.09991272605463926	0.17145378540645168	0.09620838001219423			False	False	0.930635838150289	True	True	0.09991272605463926	0.09620838001219423	0.17145378540645168
liver	R-MMU-8953854_METABOLISM_OF_RNA	0.0341932581172555	0.042165075456773636	0.0397219349469373			False	False	0.6791907514450867	True	True	0.0397219349469373	0.0341932581172555	0.042165075456773636
liver	R-MMU-8953897_CELLULAR_RESPONSES_TO_STIMULI	0.09000185098808848	0.10118385676314431	0.0761513948238337			False	False	0.8988439306358381	True	True	0.09000185098808848	0.0761513948238337	0.10118385676314431
liver	R-MMU-8957275_POST_TRANSLATIONAL_PROTEIN_PHOSPHORYLATION	-0.05616555272299937	0.00348802191747368	0.027471192974558772			False	False	0.7861271676300579	True	False	0.00348802191747368	-0.05616555272299937	0.027471192974558772
liver	R-MMU-8957322_METABOLISM_OF_STEROIDS	0.02859244367157408	0.107849169184738	0.004094334449787041			False	False	0.6473988439306358	True	True	0.02859244367157408	0.004094334449787041	0.107849169184738
liver	R-MMU-8963899_PLASMA_LIPOPROTEIN_REMODELING	-0.03981540345559603	-0.018405177668768747	-0.03209171236076339			False	False	0.7225433526011561	True	True	-0.03209171236076339	-0.03981540345559603	-0.018405177668768747
liver	R-MMU-8964043_PLASMA_LIPOPROTEIN_CLEARANCE	-0.03615418525436308		-0.06711301931852698			False	False	0.6878612716763006	False	True	-0.05163360228644503	-0.06711301931852698	-0.03615418525436308
liver	R-MMU-8978868_FATTY_ACID_METABOLISM	-0.058406785596556876	-0.004332646781453575	-0.015950788425188676			False	False	0.8092485549132948	True	True	-0.015950788425188676	-0.058406785596556876	-0.004332646781453575
liver	R-MMU-8980692_RHOA_GTPASE_CYCLE	-0.05356321315036339	-0.10859280154578865	0.03719973664558894			False	False	0.7687861271676301	True	False	-0.05356321315036339	-0.10859280154578865	0.03719973664558894
liver	R-MMU-9006925_INTRACELLULAR_SIGNALING_BY_SECOND_MESSENGERS	-0.09579283824702345	-0.11196984576462402	-0.04633218148866791			False	False	0.9190751445086706	True	True	-0.09579283824702345	-0.11196984576462402	-0.04633218148866791
liver	R-MMU-9006927_SIGNALING_BY_NON_RECEPTOR_TYROSINE_KINASES	-0.00037045095578283876	0.0027426883968061882	-0.11696437444416685			False	False	0.14450867052023122	True	False	-0.00037045095578283876	-0.11696437444416685	0.0027426883968061882
liver	R-MMU-9006931_SIGNALING_BY_NUCLEAR_RECEPTORS	0.006645859394559042	0.01939649606956504	0.027392399631333712			False	False	0.5	True	True	0.01939649606956504	0.006645859394559042	0.027392399631333712
liver	R-MMU-9006934_SIGNALING_BY_RECEPTOR_TYROSINE_KINASES	-0.035822030930538616	-0.04310112641692938	-0.03565713064817415			False	False	0.684971098265896	True	True	-0.035822030930538616	-0.04310112641692938	-0.03565713064817415
liver	R-MMU-9006936_SIGNALING_BY_TGFB_FAMILY_MEMBERS	0.05701877778783522	0.01048260818857354	-0.014567460397301857			False	False	0.791907514450867	True	False	0.01048260818857354	-0.014567460397301857	0.05701877778783522
liver	R-MMU-9009391_EXTRA_NUCLEAR_ESTROGEN_SIGNALING	0.022631337441769223	0.04351419700758621	-0.004398360337836848			False	False	0.6098265895953757	True	False	0.022631337441769223	-0.004398360337836848	0.04351419700758621
liver	R-MMU-9012999_RHO_GTPASE_CYCLE	-0.13056156285534398	-0.012463576740275267	0.06378412966129837	Rho-family GTPase cycle	complementary	True	True	0.9739884393063584	True	False	-0.012463576740275267	-0.13056156285534398	0.06378412966129837
liver	R-MMU-9013026_RHOB_GTPASE_CYCLE	0.003486238150969657	0.0029552175535431597	-0.09016550636353651			False	False	0.4508670520231214	True	False	0.0029552175535431597	-0.09016550636353651	0.003486238150969657
liver	R-MMU-9013106_RHOC_GTPASE_CYCLE	-0.0014495137175785265	-0.0015159841688084162	-0.00011537048222859258			False	False	0.3208092485549133	True	True	-0.0014495137175785265	-0.0015159841688084162	-0.00011537048222859258
liver	R-MMU-9013148_CDC42_GTPASE_CYCLE	0.0009376063318176524	0.05129723566456734	0.00019972412654924962			False	False	0.2658959537572254	True	True	0.0009376063318176524	0.00019972412654924962	0.05129723566456734
liver	R-MMU-9013149_RAC1_GTPASE_CYCLE	0.040577626609209015	0.022191486567504793	-0.026045409405959008			False	False	0.7312138728323699	True	False	0.022191486567504793	-0.026045409405959008	0.040577626609209015
liver	R-MMU-9013404_RAC2_GTPASE_CYCLE	0.0007928579483376965	-0.003582208167865113	0.0026677452151596904			False	False	0.23699421965317918	True	False	0.0007928579483376965	-0.003582208167865113	0.0026677452151596904
liver	R-MMU-9013406_RHOQ_GTPASE_CYCLE	0.00011239349934468972	0.0027401969887574018	-0.0002391517576105522			False	False	0.05491329479768786	True	False	0.00011239349934468972	-0.0002391517576105522	0.0027401969887574018
liver	R-MMU-9013408_RHOG_GTPASE_CYCLE	-0.0001515736836739594	0.0011589003194708409	0.002125975923040086			False	False	0.07514450867052024	True	False	0.0011589003194708409	-0.0001515736836739594	0.002125975923040086
liver	R-MMU-9013423_RAC3_GTPASE_CYCLE	0.00016279452239469783	-0.0021834533370574207	0.004921122484908294			False	False	0.08092485549132948	True	False	0.00016279452239469783	-0.0021834533370574207	0.004921122484908294
liver	R-MMU-9018519_ESTROGEN_DEPENDENT_GENE_EXPRESSION	0.00010999219893316977	-0.0006277093471996087	-0.003275642964563399			False	False	0.05202312138728324	True	False	-0.0006277093471996087	-0.003275642964563399	0.00010999219893316977
liver	R-MMU-9018677_BIOSYNTHESIS_OF_DHA_DERIVED_SPMS	-0.001627396770062983	-0.003878456958545242	0.003772829790334204			False	False	0.34971098265895956	True	False	-0.001627396770062983	-0.003878456958545242	0.003772829790334204
liver	R-MMU-9018678_BIOSYNTHESIS_OF_SPECIALIZED_PRORESOLVING_MEDIATORS_SPMS	-0.0006932061888336651	0.01376307629452309	0.0022110446012819527			False	False	0.22254335260115607	True	False	0.0022110446012819527	-0.0006932061888336651	0.01376307629452309
liver	R-MMU-9020702_INTERLEUKIN_1_SIGNALING	-0.0011912630378943904	-0.002405955556700251	0.034443463905536986			False	False	0.30346820809248554	True	False	-0.0011912630378943904	-0.002405955556700251	0.034443463905536986
liver	R-MMU-9033241_PEROXISOMAL_PROTEIN_IMPORT	0.12637981747934743	0.1366044732010059	-0.005555673049276411			False	False	0.9682080924855492	True	False	0.12637981747934743	-0.005555673049276411	0.1366044732010059
liver	R-MMU-9035034_RHOF_GTPASE_CYCLE	9.160560026244614e-05		-0.0038580717748449888			False	False	0.04335260115606936	False	False	-0.0018832330872912712	-0.0038580717748449888	9.160560026244614e-05
liver	R-MMU-913531_INTERFERON_SIGNALING	-0.04039787598617463	0.004878587889567488	-0.07435687317540084			False	False	0.7283236994219653	True	False	-0.04039787598617463	-0.07435687317540084	0.004878587889567488
liver	R-MMU-913709_O_LINKED_GLYCOSYLATION_OF_MUCINS	-0.06986455282520224		0.0007315050994931301			False	False	0.8554913294797688	False	False	-0.034566523862854553	-0.06986455282520224	0.0007315050994931301
liver	R-MMU-936837_ION_TRANSPORT_BY_P_TYPE_ATPASES	-0.026458697549651335	-0.027944294036263723	-0.03711397873061627			False	False	0.6358381502890174	True	True	-0.027944294036263723	-0.03711397873061627	-0.026458697549651335
liver	R-MMU-937061_TRIF_TICAM1_MEDIATED_TLR4_SIGNALING	-0.0011053076898713261	-0.0019089300824269902	0.0023028458284093498			False	False	0.29190751445086704	True	False	-0.0011053076898713261	-0.0019089300824269902	0.0023028458284093498
liver	R-MMU-948021_TRANSPORT_TO_THE_GOLGI_AND_SUBSEQUENT_MODIFICATION	0.0006465868570581213	0.005207819989994516	-0.002283311807868457			False	False	0.2138728323699422	True	False	0.0006465868570581213	-0.002283311807868457	0.005207819989994516
liver	R-MMU-9609507_PROTEIN_LOCALIZATION	-0.037359190941129675	0.029808791931333768	0.0532424585545046			False	False	0.6936416184971098	True	False	0.029808791931333768	-0.037359190941129675	0.0532424585545046
liver	R-MMU-9612973_AUTOPHAGY	0.00023127874133279424	0.00237702301565373	-5.184681243605889e-06			False	False	0.0953757225433526	True	False	0.00023127874133279424	-5.184681243605889e-06	0.00237702301565373
liver	R-MMU-9646399_AGGREPHAGY	-0.0016254070520382705	-0.0012174831790566127	0.0036431104030044134			False	False	0.3468208092485549	True	False	-0.0012174831790566127	-0.0016254070520382705	0.0036431104030044134
liver	R-MMU-9648025_EML4_AND_NUDC_IN_MITOTIC_SPINDLE_FORMATION	0.0008724697550784608	0.0016484160299751111	-0.00021625119932053207			False	False	0.25722543352601157	True	False	0.0008724697550784608	-0.00021625119932053207	0.0016484160299751111
liver	R-MMU-9663891_SELECTIVE_AUTOPHAGY	0.001548314228077053	0.004636657625010941	-0.0026926855290528347			False	False	0.33815028901734107	True	False	0.001548314228077053	-0.0026926855290528347	0.004636657625010941
liver	R-MMU-9670095_INHIBITION_OF_DNA_RECOMBINATION_AT_TELOMERE	-0.00035021135162462494	0.0013170263683347223	0.0044943086687258185			False	False	0.13872832369942195	True	False	0.0013170263683347223	-0.00035021135162462494	0.0044943086687258185
liver	R-MMU-9675108_NERVOUS_SYSTEM_DEVELOPMENT	0.005279734392141508	0.036159330282074784	0.03469205121707496			False	False	0.476878612716763	True	True	0.03469205121707496	0.005279734392141508	0.036159330282074784
liver	R-MMU-9696264_RND3_GTPASE_CYCLE		-0.0015353208840289483				False	False		False	True	-0.0015353208840289483	-0.0015353208840289483	-0.0015353208840289483
liver	R-MMU-9696273_RND1_GTPASE_CYCLE	-0.006873532252951722	-0.026058248092341606	0.007200204534626812			False	False	0.5028901734104047	True	False	-0.006873532252951722	-0.026058248092341606	0.007200204534626812
liver	R-MMU-9707564_CYTOPROTECTION_BY_HMOX1		0.010512437780682915	-0.0023915721414958266			False	False		False	False	0.004060432819593544	-0.0023915721414958266	0.010512437780682915
liver	R-MMU-9709957_SENSORY_PERCEPTION	0.03891539939080688	0.05256408748375744	0.06122943491119739			False	False	0.7167630057803468	True	True	0.05256408748375744	0.03891539939080688	0.06122943491119739
liver	R-MMU-9711123_CELLULAR_RESPONSE_TO_CHEMICAL_STRESS	-0.020629324150398677	-0.013117317924074987	0.018794031194054095			False	False	0.6011560693641619	True	False	-0.013117317924074987	-0.020629324150398677	0.018794031194054095
liver	R-MMU-9716542_SIGNALING_BY_RHO_GTPASES_MIRO_GTPASES_AND_RHOBTB3	-0.07683769403266227	-0.07962787766928074	-0.1363620402105263			False	False	0.8757225433526011	True	True	-0.07962787766928074	-0.1363620402105263	-0.07683769403266227
liver	R-MMU-9748784_DRUG_ADME	-0.0620317482482724	-0.06900939709455628	0.06858826705579806			False	False	0.8236994219653179	True	False	-0.0620317482482724	-0.06900939709455628	0.06858826705579806
liver	R-MMU-9749641_ASPIRIN_ADME	0.05441347444480833	-0.027815109073905425	-0.03629573321149507			False	False	0.7745664739884393	True	False	-0.027815109073905425	-0.03629573321149507	0.05441347444480833
liver	R-MMU-975138_TRAF6_MEDIATED_INDUCTION_OF_NFKB_AND_MAP_KINASES_UPON_TLR7_8_OR_9_ACTIVATION	-0.0010221946609907469	0.0051258923085890015	-0.005675500520109657			False	False	0.2745664739884393	True	False	-0.0010221946609907469	-0.005675500520109657	0.0051258923085890015
liver	R-MMU-975155_MYD88_DEPENDENT_CASCADE_INITIATED_ON_ENDOSOME	-0.0010456084165303046	0.17291950840255463	-0.004205506992640681			False	False	0.28034682080924855	True	False	-0.0010456084165303046	-0.004205506992640681	0.17291950840255463
liver	R-MMU-9753281_PARACETAMOL_ADME	-0.00038007983178088263	0.00048705950058990425	-0.0009016124743543269			False	False	0.1531791907514451	True	False	-0.00038007983178088263	-0.0009016124743543269	0.00048705950058990425
liver	R-MMU-9754706_ATORVASTATIN_ADME	0.00047270271478941925					False	False	0.17341040462427745	False	True	0.00047270271478941925	0.00047270271478941925	0.00047270271478941925
liver	R-MMU-975634_RETINOID_METABOLISM_AND_TRANSPORT	-0.042636540453782165	-0.0021329597908593665	-0.0015425441923923283			False	False	0.7398843930635838	True	True	-0.0021329597908593665	-0.042636540453782165	-0.0015425441923923283
liver	R-MMU-9757110_PREDNISONE_ADME	-0.09560604956362143	0.0002659053877275581	0.04960589963083918			False	False	0.9161849710982659	True	False	0.0002659053877275581	-0.09560604956362143	0.04960589963083918
liver	R-MMU-975871_MYD88_CASCADE_INITIATED_ON_PLASMA_MEMBRANE	0.0007593014019286805	0.0005554830974530873	0.000583232394737355			False	False	0.22832369942196531	True	True	0.000583232394737355	0.0005554830974530873	0.0007593014019286805
liver	R-MMU-9759476_REGULATION_OF_HOMOTYPIC_CELL_CELL_ADHESION	-0.004269055876934456	0.0009784660578693268	-0.0017382054245823077			False	False	0.4624277456647399	True	False	-0.0017382054245823077	-0.004269055876934456	0.0009784660578693268
liver	R-MMU-9764265_REGULATION_OF_CDH1_EXPRESSION_AND_FUNCTION	0.0010481591132538402	-0.0011666264981994262	-0.007381728848580743			False	False	0.2832369942196532	True	False	-0.0011666264981994262	-0.007381728848580743	0.0010481591132538402
liver	R-MMU-9764274_REGULATION_OF_EXPRESSION_AND_FUNCTION_OF_TYPE_I_CLASSICAL_CADHERINS	0.06913054031020424	0.018084326608542735	-0.021694336412088087			False	False	0.8497109826589595	True	False	0.018084326608542735	-0.021694336412088087	0.06913054031020424
liver	R-MMU-9764560_REGULATION_OF_CDH1_GENE_TRANSCRIPTION	0.0007845758206560434	-0.00428604562043834	0.061477116699141666			False	False	0.23410404624277456	True	False	0.0007845758206560434	-0.00428604562043834	0.061477116699141666
liver	R-MMU-9764725_NEGATIVE_REGULATION_OF_CDH1_GENE_TRANSCRIPTION	0.0004646226907210728	0.0011996712569889508	0.0009597634224355649			False	False	0.1676300578034682	True	True	0.0009597634224355649	0.0004646226907210728	0.0011996712569889508
liver	R-MMU-9769739_REGULATION_OF_CLOTTING_CASCADE	0.030130941965413556	0.09292565743071926	0.1329195873395928			False	False	0.661849710982659	True	True	0.09292565743071926	0.030130941965413556	0.1329195873395928
liver	R-MMU-9769740_COAGULATION_PATHWAY	0.022818774040930283	-0.00016294669515992677	-0.008631233035553947			False	False	0.615606936416185	True	False	-0.00016294669515992677	-0.008631233035553947	0.022818774040930283
liver	R-MMU-977606_REGULATION_OF_COMPLEMENT_CASCADE	-0.033930796479587425	-0.11647282728294525	-0.021608410247675614			False	False	0.6734104046242775	True	True	-0.033930796479587425	-0.11647282728294525	-0.021608410247675614
liver	R-MMU-9818564_EPIGENETIC_REGULATION_OF_GENE_EXPRESSION_BY_MLL3_AND_MLL4_COMPLEXES	0.0046490491690317545	0.06010078117922117	-0.00346585594461737			False	False	0.47109826589595377	True	False	0.0046490491690317545	-0.00346585594461737	0.06010078117922117
liver	R-MMU-983168_ANTIGEN_PROCESSING_UBIQUITINATION_PROTEASOME_DEGRADATION	-0.00338819151764504	-0.08498075723453605	0.00700031752004497			False	False	0.44508670520231214	True	False	-0.00338819151764504	-0.08498075723453605	0.00700031752004497
liver	R-MMU-983169_CLASS_I_MHC_MEDIATED_ANTIGEN_PROCESSING_PRESENTATION	-0.10468793796515481	-0.030888422125835174	-0.07482910226749273			False	False	0.9479768786127167	True	True	-0.07482910226749273	-0.10468793796515481	-0.030888422125835174
liver	R-MMU-983189_KINESINS	-0.04436804140089338	-0.0056752808120377075	-0.008757679482550854			False	False	0.7427745664739884	True	True	-0.008757679482550854	-0.04436804140089338	-0.0056752808120377075
liver	R-MMU-983231_FACTORS_INVOLVED_IN_MEGAKARYOCYTE_DEVELOPMENT_AND_PLATELET_PRODUCTION	-0.008182384882721615	-0.0322163267246343	-0.01208418331924036			False	False	0.5289017341040463	True	True	-0.01208418331924036	-0.0322163267246343	-0.008182384882721615
liver	R-MMU-9833482_PKR_MEDIATED_SIGNALING	0.010348034997000672	0.0016692789568167569	-0.024703896358638077			False	False	0.5491329479768786	True	False	0.0016692789568167569	-0.024703896358638077	0.010348034997000672
liver	R-MMU-983705_SIGNALING_BY_THE_B_CELL_RECEPTOR_BCR		-0.009648888819154624	-0.025339727936457286			False	False		False	True	-0.017494308377805953	-0.025339727936457286	-0.009648888819154624
liver	R-MMU-983712_ION_CHANNEL_TRANSPORT	-0.052900453513326375	-0.07301432556590406	0.03668443040171123			False	False	0.7658959537572254	True	False	-0.052900453513326375	-0.07301432556590406	0.03668443040171123
liver	R-MMU-9837999_MITOCHONDRIAL_PROTEIN_DEGRADATION	0.10012357824430533	0.01726642111932546	0.02408903810019483			False	False	0.9335260115606936	True	True	0.02408903810019483	0.01726642111932546	0.10012357824430533
liver	R-MMU-9841922_MLL4_AND_MLL3_COMPLEXES_REGULATE_EXPRESSION_OF_PPARG_TARGET_GENES_IN_ADIPOGENESIS_AND_HEPATIC_STEATOSIS	0.0010259908064119852	0.00017780900584475292	-0.0013438330172977119			False	False	0.2774566473988439	True	False	0.00017780900584475292	-0.0013438330172977119	0.0010259908064119852
liver	R-MMU-9842860_REGULATION_OF_ENDOGENOUS_RETROELEMENTS	0.001229479456765259	0.0009772294172978062	-0.00023901921244690247			False	False	0.3092485549132948	True	False	0.0009772294172978062	-0.00023901921244690247	0.001229479456765259
liver	R-MMU-9843940_REGULATION_OF_ENDOGENOUS_RETROELEMENTS_BY_KRAB_ZFP_PROTEINS	-0.001104986037631687	-0.00010853737195807192	-0.0014563695287660543			False	False	0.28901734104046245	True	True	-0.001104986037631687	-0.0014563695287660543	-0.00010853737195807192
liver	R-MMU-9851695_EPIGENETIC_REGULATION_OF_ADIPOGENESIS_GENES_BY_MLL3_AND_MLL4_COMPLEXES	0.0007757964467962401	-0.002023195686180813	-0.0032845759152783406			False	False	0.23121387283236994	True	False	-0.002023195686180813	-0.0032845759152783406	0.0007757964467962401
liver	R-MMU-9855142_CELLULAR_RESPONSES_TO_MECHANICAL_STIMULI	-0.00018380782212559915	0.0023786287818754184	0.0010276919336657236			False	False	0.08670520231213873	True	False	0.0010276919336657236	-0.00018380782212559915	0.0023786287818754184
liver	R-MMU-9860931_RESPONSE_OF_ENDOTHELIAL_CELLS_TO_SHEAR_STRESS	0.00026359035667727866	-0.0011917468119613428	0.003810488074103133			False	False	0.10982658959537572	True	False	0.00026359035667727866	-0.0011917468119613428	0.003810488074103133
liver	R-MMU-9909648_REGULATION_OF_PD_L1_CD274_EXPRESSION	0.00023734318006558814	0.0032165077950457323	0.0003166808860535214			False	False	0.10115606936416185	True	True	0.0003166808860535214	0.00023734318006558814	0.0032165077950457323
liver	R-MMU-9909649_REGULATION_OF_PD_L1_CD274_TRANSCRIPTION	-0.0008250503489336542	-0.0008162669739408011	-0.0023350837637651726			False	False	0.24855491329479767	True	True	-0.0008250503489336542	-0.0023350837637651726	-0.0008162669739408011
liver	R-MMU-9917777_EPIGENETIC_REGULATION_BY_WDR5_CONTAINING_HISTONE_MODIFYING_COMPLEXES	0.00018333538851191946	0.07685021128498852	0.03278896804532084			False	False	0.0838150289017341	True	True	0.03278896804532084	0.00018333538851191946	0.07685021128498852
liver	R-MMU-9932444_ATP_DEPENDENT_CHROMATIN_REMODELERS	-0.001170226038327991	0.0003593794801123925	0.000666570992575391			False	False	0.2976878612716763	True	False	0.0003593794801123925	-0.001170226038327991	0.000666570992575391
liver	R-MMU-9937848_CHD_CHROMATIN_REMODELERS	0.02165032834387827	0.03755998799105291	0.0038277518387845183			False	False	0.6040462427745664	True	True	0.02165032834387827	0.0038277518387845183	0.03755998799105291
liver	R-MMU-9937850_NURD_COMPLEX_ASSEMBLY	0.00043755305296697795	-0.004464060173884522	-0.0031245457644791036			False	False	0.16184971098265896	True	False	-0.0031245457644791036	-0.004464060173884522	0.00043755305296697795
liver	R-MMU-9940951_INTERACTION_OF_NURD_COMPLEXES_WITH_TRANSCRIPTION_FACTORS	-0.0007317977927965332	-0.0010615563310177726	0.006803586216104883			False	False	0.2254335260115607	True	False	-0.0007317977927965332	-0.0010615563310177726	0.006803586216104883
liver	R-MMU-9943965_CHD3_CHD4_CHD5_SUBFAMILY	-2.7069463586493603e-05	-0.0019428387987122126	-0.018160925154714798			False	False	0.02023121387283237	True	True	-0.0019428387987122126	-0.018160925154714798	-2.7069463586493603e-05
liver	R-MMU-9955298_SLC_MEDIATED_TRANSPORT_OF_ORGANIC_ANIONS	0.0003351325974451119	-0.03145611929009613	-0.02639546618469909			False	False	0.12138728323699421	True	False	-0.02639546618469909	-0.03145611929009613	0.0003351325974451119
liver	R-MMU-9958825_ACTIVATION_OF_STAT3_BY_CADHERIN_ENGAGEMENT		0.0033726668217154256	-2.7600975523554316e-06			False	False		False	False	0.001684953362081535	-2.7600975523554316e-06	0.0033726668217154256
liver	R-MMU-9958863_SLC_MEDIATED_TRANSPORT_OF_AMINO_ACIDS	0.04914586489899615	0.019671705592475754	0.08149407284503321			False	False	0.7514450867052023	True	True	0.04914586489899615	0.019671705592475754	0.08149407284503321
liver	R-MMU-9975921_ASSEMBLY_OF_THE_9_0_PRIMARY_CILIUM	0.03769865094898499	-0.03659268832258067	0.02688196679048427			False	False	0.6994219653179191	True	False	0.02688196679048427	-0.03659268832258067	0.03769865094898499
skin	R-MMU-109581_APOPTOSIS	-0.12525930412723715	-0.3087079110631977	-0.10781717539308662			False	False	0.718213058419244	True	True	-0.12525930412723715	-0.3087079110631977	-0.10781717539308662
skin	R-MMU-109582_HEMOSTASIS	0.09405075057194774	0.2139004906516925	0.1498905355998581			False	False	0.6219931271477663	True	True	0.1498905355998581	0.09405075057194774	0.2139004906516925
skin	R-MMU-110330_RECOGNITION_AND_ASSOCIATION_OF_DNA_GLYCOSYLASE_WITH_SITE_CONTAINING_AN_AFFECTED_PURINE	0.0017829470727439313					False	False	0.09965635738831616	False	True	0.0017829470727439313	0.0017829470727439313	0.0017829470727439313
skin	R-MMU-110331_CLEAVAGE_OF_THE_DAMAGED_PURINE	-0.003041348819309324	-0.004277710420052808				False	False	0.15120274914089346	False	True	-0.003659529619681066	-0.004277710420052808	-0.003041348819309324
skin	R-MMU-111465_APOPTOTIC_CLEAVAGE_OF_CELLULAR_PROTEINS	-0.14725360645446575		-0.08912925387864612			False	False	0.7766323024054983	False	True	-0.11819143016655594	-0.14725360645446575	-0.08912925387864612
skin	R-MMU-112314_NEUROTRANSMITTER_RECEPTORS_AND_POSTSYNAPTIC_SIGNAL_TRANSMISSION	-0.15003976601948565		-0.18043059249539517			False	False	0.7800687285223368	False	True	-0.1652351792574404	-0.18043059249539517	-0.15003976601948565
skin	R-MMU-112315_TRANSMISSION_ACROSS_CHEMICAL_SYNAPSES	-0.02869454259681464	0.03447101565116073	-0.005323071289876843			False	False	0.37800687285223367	True	False	-0.005323071289876843	-0.02869454259681464	0.03447101565116073
skin	R-MMU-112316_NEURONAL_SYSTEM	0.21474846563485725	0.3049066594510898	0.30924988643230567			False	False	0.8900343642611683	True	True	0.3049066594510898	0.21474846563485725	0.30924988643230567
skin	R-MMU-114608_PLATELET_DEGRANULATION	0.051891133436363625	-0.056920600211319776	-0.029125765199627878			False	False	0.47079037800687284	True	False	-0.029125765199627878	-0.056920600211319776	0.051891133436363625
skin	R-MMU-1169410_ANTIMICROBIAL_MECHANISM_OF_IFN_STIMULATED_GENES	0.061922102318157	-0.010939045526790805	0.06676337133572346			False	False	0.5120274914089347	True	False	0.061922102318157	-0.010939045526790805	0.06676337133572346
skin	R-MMU-1236975_ANTIGEN_PROCESSING_CROSS_PRESENTATION	0.07899519894202552	0.10310445475337947				False	False	0.570446735395189	False	True	0.09104982684770249	0.07899519894202552	0.10310445475337947
skin	R-MMU-1257604_PIP3_ACTIVATES_AKT_SIGNALING	-0.10107766457252233	0.15285399179143627	-0.14603159360325624			False	False	0.6460481099656358	True	False	-0.10107766457252233	-0.14603159360325624	0.15285399179143627
skin	R-MMU-1266695_INTERLEUKIN_7_SIGNALING	-0.0044126890831715304					False	False	0.1958762886597938	False	True	-0.0044126890831715304	-0.0044126890831715304	-0.0044126890831715304
skin	R-MMU-1266738_DEVELOPMENTAL_BIOLOGY	-0.8333855167567784	-0.005061510024366574	-1.3949694407021662			False	False	0.9965635738831615	True	True	-0.8333855167567784	-1.3949694407021662	-0.005061510024366574
skin	R-MMU-1280215_CYTOKINE_SIGNALING_IN_IMMUNE_SYSTEM	0.1470286752082278	0.12967810081845207	0.30272786229616955			False	False	0.7731958762886598	True	True	0.1470286752082278	0.12967810081845207	0.30272786229616955
skin	R-MMU-1280218_ADAPTIVE_IMMUNE_SYSTEM	0.16373979752950463	0.360255400055622	0.30720515942142484			False	False	0.8041237113402062	True	True	0.30720515942142484	0.16373979752950463	0.360255400055622
skin	R-MMU-1296071_POTASSIUM_CHANNELS	0.19539922135050858	-0.005436218528903049	-0.16007397398065748			False	False	0.865979381443299	True	False	-0.005436218528903049	-0.16007397398065748	0.19539922135050858
skin	R-MMU-141424_AMPLIFICATION_OF_SIGNAL_FROM_THE_KINETOCHORES	-0.006262488206185982					False	False	0.23711340206185566	False	True	-0.006262488206185982	-0.006262488206185982	-0.006262488206185982
skin	R-MMU-141444_AMPLIFICATION_OF_SIGNAL_FROM_UNATTACHED_KINETOCHORES_VIA_A_MAD2_INHIBITORY_SIGNAL	0.013969071760707068	-0.0035856964466453125	0.005163431248686158			False	False	0.30584192439862545	True	False	0.005163431248686158	-0.0035856964466453125	0.013969071760707068
skin	R-MMU-1428517_AEROBIC_RESPIRATION_AND_RESPIRATORY_ELECTRON_TRANSPORT	0.07208535681144783	0.18622886799175956	0.1316989311873561			False	False	0.5532646048109966	True	True	0.1316989311873561	0.07208535681144783	0.18622886799175956
skin	R-MMU-1430728_METABOLISM	-0.024497326340155407	0.025868681586478665	-0.05981382529239735			False	False	0.3470790378006873	True	False	-0.024497326340155407	-0.05981382529239735	0.025868681586478665
skin	R-MMU-1442490_COLLAGEN_DEGRADATION	0.03431127648388174	-0.13331354913290797	-0.1263905310912945			False	False	0.4020618556701031	True	False	-0.1263905310912945	-0.13331354913290797	0.03431127648388174
skin	R-MMU-1474228_DEGRADATION_OF_THE_EXTRACELLULAR_MATRIX	0.1724987669437179	-0.017082181055223272	0.30354375465167904			False	False	0.8213058419243986	True	False	0.1724987669437179	-0.017082181055223272	0.30354375465167904
skin	R-MMU-1474244_EXTRACELLULAR_MATRIX_ORGANIZATION	-0.027117516232057604	0.026397040599858073	0.07688080480108073			False	False	0.3711340206185567	True	False	0.026397040599858073	-0.027117516232057604	0.07688080480108073
skin	R-MMU-1474290_COLLAGEN_FORMATION	-0.05282058219457745	0.011470586219918458	-0.046949707075846246			False	False	0.47766323024054985	True	False	-0.046949707075846246	-0.05282058219457745	0.011470586219918458
skin	R-MMU-1483206_GLYCEROPHOSPHOLIPID_BIOSYNTHESIS	-0.08582809381986754	-0.08582847664161349	0.12511246483551924			False	False	0.5945017182130584	True	False	-0.08582809381986754	-0.08582847664161349	0.12511246483551924
skin	R-MMU-1483257_PHOSPHOLIPID_METABOLISM	-0.09162170269241542	-0.20110603586627676	-0.1332890143609693			False	False	0.6048109965635738	True	True	-0.1332890143609693	-0.20110603586627676	-0.09162170269241542
skin	R-MMU-1500931_CELL_CELL_COMMUNICATION	0.15013789920736312	0.19358716593921663	0.019378530544036748			False	False	0.7835051546391752	True	True	0.15013789920736312	0.019378530544036748	0.19358716593921663
skin	R-MMU-156580_PHASE_II_CONJUGATION_OF_COMPOUNDS	-0.2548713580596757	0.10319650341731797	-0.5275699838715665	Phase II detoxification	context_sensitive	True	True	0.9278350515463918	True	False	-0.2548713580596757	-0.5275699838715665	0.10319650341731797
skin	R-MMU-156590_GLUTATHIONE_CONJUGATION	0.2913721746831193	-0.0653099740955167	-0.0025669140389863823			False	False	0.9587628865979382	True	False	-0.0025669140389863823	-0.0653099740955167	0.2913721746831193
skin	R-MMU-1566948_ELASTIC_FIBRE_FORMATION	0.0533086149877565	-0.0174971911809587	-0.02071462882006032			False	False	0.48109965635738833	True	False	-0.0174971911809587	-0.02071462882006032	0.0533086149877565
skin	R-MMU-157579_TELOMERE_MAINTENANCE	-0.008919572917088251					False	False	0.2646048109965636	False	True	-0.008919572917088251	-0.008919572917088251	-0.008919572917088251
skin	R-MMU-157858_GAP_JUNCTION_TRAFFICKING_AND_REGULATION	0.11041161512884995		0.11202260640088879			False	False	0.6769759450171822	False	True	0.11121711076486937	0.11041161512884995	0.11202260640088879
skin	R-MMU-15869_METABOLISM_OF_NUCLEOTIDES	-0.37224481780245533	-0.32891553992247924	0.3914375925752589			False	False	0.9862542955326461	True	False	-0.32891553992247924	-0.37224481780245533	0.3914375925752589
skin	R-MMU-1592389_ACTIVATION_OF_MATRIX_METALLOPROTEINASES	-0.060800803288632056	0.006929517275497164	-0.05128401582387029			False	False	0.5017182130584192	True	False	-0.05128401582387029	-0.060800803288632056	0.006929517275497164
skin	R-MMU-162582_SIGNAL_TRANSDUCTION	0.13618440309276977	0.09383470376971441	0.12354747991759707			False	False	0.738831615120275	True	True	0.12354747991759707	0.09383470376971441	0.13618440309276977
skin	R-MMU-1630316_GLYCOSAMINOGLYCAN_METABOLISM	0.04068209451842982	-0.07468164408328594	-0.07464943289650901			False	False	0.41924398625429554	True	False	-0.07464943289650901	-0.07468164408328594	0.04068209451842982
skin	R-MMU-163125_POST_TRANSLATIONAL_MODIFICATION_SYNTHESIS_OF_GPI_ANCHORED_PROTEINS	-0.12197473742694494	-0.0853576912351585	-0.1783975182682971			False	False	0.7147766323024055	True	True	-0.12197473742694494	-0.1783975182682971	-0.0853576912351585
skin	R-MMU-1632852_MACROAUTOPHAGY	0.15551008944020023	-0.026521308682261324	0.0910263403715444			False	False	0.7903780068728522	True	False	0.0910263403715444	-0.026521308682261324	0.15551008944020023
skin	R-MMU-163685_INTEGRATION_OF_ENERGY_METABOLISM	-0.007015110777511935	0.019729602803694846	0.024257180771309488			False	False	0.24742268041237114	True	False	0.019729602803694846	-0.007015110777511935	0.024257180771309488
skin	R-MMU-1638074_KERATAN_SULFATE_KERATIN_METABOLISM	0.14421872592483165		-0.030352270109651348			False	False	0.7628865979381443	False	False	0.05693322790759015	-0.030352270109651348	0.14421872592483165
skin	R-MMU-1638091_HEPARAN_SULFATE_HEPARIN_HS_GAG_METABOLISM	-0.001093373194743281		-0.10430278319837794			False	False	0.061855670103092786	False	True	-0.05269807819656061	-0.10430278319837794	-0.001093373194743281
skin	R-MMU-1640170_CELL_CYCLE	-0.29761187380247195	-0.307931494768297	-0.3167260403831472			False	False	0.9690721649484536	True	True	-0.307931494768297	-0.3167260403831472	-0.29761187380247195
skin	R-MMU-1650814_COLLAGEN_BIOSYNTHESIS_AND_MODIFYING_ENZYMES	0.019539580311461035	0.06257490040714157	0.015180975876749603			False	False	0.32989690721649484	True	True	0.019539580311461035	0.015180975876749603	0.06257490040714157
skin	R-MMU-166016_TOLL_LIKE_RECEPTOR_4_TLR4_CASCADE		-0.044417207043930484	0.009422305275565335			False	False		False	False	-0.017497450884182576	-0.044417207043930484	0.009422305275565335
skin	R-MMU-1660662_GLYCOSPHINGOLIPID_METABOLISM	-0.00029236686434510234	-0.19597575361329078	0.009425186460154172			False	False	0.020618556701030927	True	False	-0.00029236686434510234	-0.19597575361329078	0.009425186460154172
skin	R-MMU-166166_MYD88_INDEPENDENT_TLR4_CASCADE	-0.002368305902215755					False	False	0.12714776632302405	False	True	-0.002368305902215755	-0.002368305902215755	-0.002368305902215755
skin	R-MMU-166658_COMPLEMENT_CASCADE	0.06467646995259606	0.1616212405905103	0.048136834000088245			False	False	0.5257731958762887	True	True	0.06467646995259606	0.048136834000088245	0.1616212405905103
skin	R-MMU-168138_TOLL_LIKE_RECEPTOR_9_TLR9_CASCADE	-0.026532924316675557	0.003963075126817742				False	False	0.36769759450171824	False	False	-0.011284924594928906	-0.026532924316675557	0.003963075126817742
skin	R-MMU-168249_INNATE_IMMUNE_SYSTEM	0.2434467673921363	0.2038638563701666	0.27046284684363825			False	False	0.9175257731958762	True	True	0.2434467673921363	0.2038638563701666	0.27046284684363825
skin	R-MMU-168256_IMMUNE_SYSTEM	0.03201919202241702	0.1456055604084702	0.1351541539256599			False	False	0.38831615120274915	True	True	0.1351541539256599	0.03201919202241702	0.1456055604084702
skin	R-MMU-168898_TOLL_LIKE_RECEPTOR_CASCADES	0.08600982926039295	-0.06515662397328531	-0.09733537095238175			False	False	0.5979381443298969	True	False	-0.06515662397328531	-0.09733537095238175	0.08600982926039295
skin	R-MMU-170834_SIGNALING_BY_TGF_BETA_RECEPTOR_COMPLEX	-0.0930006891365187	-0.09316332277458782	0.18906269989038318			False	False	0.6151202749140894	True	False	-0.0930006891365187	-0.09316332277458782	0.18906269989038318
skin	R-MMU-174824_PLASMA_LIPOPROTEIN_ASSEMBLY_REMODELING_AND_CLEARANCE	-0.04828031035229533		-0.05525154813405989			False	False	0.4536082474226804	False	True	-0.05176592924317761	-0.05525154813405989	-0.04828031035229533
skin	R-MMU-177929_SIGNALING_BY_EGFR	-0.050884269528864094		-0.05621377720494419			False	False	0.46735395189003437	False	True	-0.05354902336690415	-0.05621377720494419	-0.050884269528864094
skin	R-MMU-1852241_ORGANELLE_BIOGENESIS_AND_MAINTENANCE		0.07434576975943648				False	False		False	True	0.07434576975943648	0.07434576975943648	0.07434576975943648
skin	R-MMU-186797_SIGNALING_BY_PDGF	-0.07289118648989905	0.03376186838873385	0.03257212093026762			False	False	0.5601374570446735	True	False	0.03257212093026762	-0.07289118648989905	0.03376186838873385
skin	R-MMU-190828_GAP_JUNCTION_TRAFFICKING	-0.4075693501595991			Gap-junction trafficking	complementary	True	True	0.9896907216494846	False	True	-0.4075693501595991	-0.4075693501595991	-0.4075693501595991
skin	R-MMU-190861_GAP_JUNCTION_ASSEMBLY		-0.2886106145509347	-0.30149750949712867			False	False		False	True	-0.29505406202403167	-0.30149750949712867	-0.2886106145509347
skin	R-MMU-191273_CHOLESTEROL_BIOSYNTHESIS	-0.15741326067284994	-0.13745718432408235				False	False	0.7938144329896907	False	True	-0.14743522249846613	-0.15741326067284994	-0.13745718432408235
skin	R-MMU-193648_NRAGE_SIGNALS_DEATH_THROUGH_JNK	0.20905242786372227	-0.009741673089624047	0.00416767578312826			False	False	0.8831615120274914	True	False	0.00416767578312826	-0.009741673089624047	0.20905242786372227
skin	R-MMU-193704_P75_NTR_RECEPTOR_MEDIATED_SIGNALLING	-0.032390222092710794	-0.0185573525974216	-0.11650282177928416			False	False	0.3917525773195876	True	True	-0.032390222092710794	-0.11650282177928416	-0.0185573525974216
skin	R-MMU-194138_SIGNALING_BY_VEGF	0.025500428740120484	-0.00040061241076112347	0.07166253590736314			False	False	0.36082474226804123	True	False	0.025500428740120484	-0.00040061241076112347	0.07166253590736314
skin	R-MMU-194315_SIGNALING_BY_RHO_GTPASES	-0.2601285887293992	-0.13295882938423734	-0.2843739875354687			False	False	0.9415807560137457	True	True	-0.2601285887293992	-0.2843739875354687	-0.13295882938423734
skin	R-MMU-195258_RHO_GTPASE_EFFECTORS	-0.21439796095773525	-0.35106863029904306	-0.12214493115142651			False	False	0.8865979381443299	True	True	-0.21439796095773525	-0.35106863029904306	-0.12214493115142651
skin	R-MMU-195721_SIGNALING_BY_WNT	-0.1351016807446038	-0.2292073433408214	-0.15793542757505316			False	False	0.7353951890034365	True	True	-0.15793542757505316	-0.2292073433408214	-0.1351016807446038
skin	R-MMU-196849_METABOLISM_OF_WATER_SOLUBLE_VITAMINS_AND_COFACTORS	-0.018375854514759437	0.01157630123504873	0.12704939378566374			False	False	0.3230240549828179	True	False	0.01157630123504873	-0.018375854514759437	0.12704939378566374
skin	R-MMU-196854_METABOLISM_OF_VITAMINS_AND_COFACTORS	0.17147879074584485	0.1871209880085637	0.2841013925855574			False	False	0.8178694158075601	True	True	0.1871209880085637	0.17147879074584485	0.2841013925855574
skin	R-MMU-1971475_GLYCOSAMINOGLYCAN_PROTEIN_LINKAGE_REGION_BIOSYNTHESIS	-0.13401154525225953					False	False	0.7319587628865979	False	True	-0.13401154525225953	-0.13401154525225953	-0.13401154525225953
skin	R-MMU-198933_IMMUNOREGULATORY_INTERACTIONS_BETWEEN_A_LYMPHOID_AND_A_NON_LYMPHOID_CELL	-0.00039493609064322754	-0.021155207234582713	-0.09271789315408467			False	False	0.027491408934707903	True	True	-0.021155207234582713	-0.09271789315408467	-0.00039493609064322754
skin	R-MMU-199418_NEGATIVE_REGULATION_OF_THE_PI3K_AKT_NETWORK	-0.14011640837605885	0.15867050044059447	-0.11320364748648769			False	False	0.7457044673539519	True	False	-0.11320364748648769	-0.14011640837605885	0.15867050044059447
skin	R-MMU-199991_MEMBRANE_TRAFFICKING	-0.1935512838472134	-0.051020632990563475	-0.17641312943886275			False	False	0.8556701030927835	True	True	-0.17641312943886275	-0.1935512838472134	-0.051020632990563475
skin	R-MMU-201681_TCF_DEPENDENT_SIGNALING_IN_RESPONSE_TO_WNT	-0.06621648489059896	-0.022219973498542402	-0.16817029879591652			False	False	0.5360824742268041	True	True	-0.06621648489059896	-0.16817029879591652	-0.022219973498542402
skin	R-MMU-2022090_ASSEMBLY_OF_COLLAGEN_FIBRILS_AND_OTHER_MULTIMERIC_STRUCTURES	0.03398983078513424	-0.08193855580149477	0.09842651523830416			False	False	0.39862542955326463	True	False	0.03398983078513424	-0.08193855580149477	0.09842651523830416
skin	R-MMU-2022928_HS_GAG_BIOSYNTHESIS		-0.022695174250841738				False	False		False	True	-0.022695174250841738	-0.022695174250841738	-0.022695174250841738
skin	R-MMU-202403_TCR_SIGNALING	-0.09889618667681506	-0.11566795067968721	-0.06342254924977844			False	False	0.6391752577319587	True	True	-0.09889618667681506	-0.11566795067968721	-0.06342254924977844
skin	R-MMU-202733_CELL_SURFACE_INTERACTIONS_AT_THE_VASCULAR_WALL	0.043930623657560695	0.026212567714292007	0.04861361703608711			False	False	0.4329896907216495	True	True	0.043930623657560695	0.026212567714292007	0.04861361703608711
skin	R-MMU-2029480_FCGAMMA_RECEPTOR_FCGR_DEPENDENT_PHAGOCYTOSIS	0.2836183370042355	0.2265676243812688	0.32525250703748015			False	True	0.9518900343642611	True	True	0.2836183370042355	0.2265676243812688	0.32525250703748015
skin	R-MMU-2029482_REGULATION_OF_ACTIN_DYNAMICS_FOR_PHAGOCYTIC_CUP_FORMATION	-0.1711310204517544					False	False	0.8144329896907216	False	True	-0.1711310204517544	-0.1711310204517544	-0.1711310204517544
skin	R-MMU-204998_CELL_DEATH_SIGNALLING_VIA_NRAGE_NRIF_AND_NADE	-0.0009257215185575927	-0.030093137945552				False	False	0.05154639175257732	False	True	-0.015509429732054797	-0.030093137945552	-0.0009257215185575927
skin	R-MMU-211859_BIOLOGICAL_OXIDATIONS	0.08472404003394478	-0.1469290849494064	0.2018419010734538			False	False	0.5910652920962199	True	False	0.08472404003394478	-0.1469290849494064	0.2018419010734538
skin	R-MMU-211897_CYTOCHROME_P450_ARRANGED_BY_SUBSTRATE_TYPE	0.02929471664360447	-0.04729509769360276	0.011184160590629905			False	False	0.38144329896907214	True	False	0.011184160590629905	-0.04729509769360276	0.02929471664360447
skin	R-MMU-211945_PHASE_I_FUNCTIONALIZATION_OF_COMPOUNDS	-0.08033384986589577	0.12446949363724961	-0.11728434146730464			False	False	0.5773195876288659	True	False	-0.08033384986589577	-0.11728434146730464	0.12446949363724961
skin	R-MMU-212165_EPIGENETIC_REGULATION_OF_GENE_EXPRESSION	0.010618835209037747	0.0451147540489013	0.10793419328345745			False	False	0.27835051546391754	True	True	0.0451147540489013	0.010618835209037747	0.10793419328345745
skin	R-MMU-212300_PRC2_METHYLATES_HISTONES_AND_DNA	-0.14364938627325533	-0.376200735239673	-0.07198681204506023			False	False	0.7594501718213058	True	True	-0.14364938627325533	-0.376200735239673	-0.07198681204506023
skin	R-MMU-212436_GENERIC_TRANSCRIPTION_PATHWAY	-0.10999464280790357	-0.034316489333245194	-0.005956513863193032			False	False	0.6735395189003437	True	True	-0.034316489333245194	-0.10999464280790357	-0.005956513863193032
skin	R-MMU-2129379_MOLECULES_ASSOCIATED_WITH_ELASTIC_FIBRES	-0.10564843740309234	0.08900201389631845	0.1684716315138446			False	False	0.6666666666666666	True	False	0.08900201389631845	-0.10564843740309234	0.1684716315138446
skin	R-MMU-2132295_MHC_CLASS_II_ANTIGEN_PRESENTATION	-0.047082673386053285	-0.3376406329842103	-0.09568631137781329			False	False	0.44329896907216493	True	True	-0.09568631137781329	-0.3376406329842103	-0.047082673386053285
skin	R-MMU-2142753_ARACHIDONATE_METABOLISM	0.04752600078298332	-0.22441734393330234	-0.07436169537494684			False	False	0.44673539518900346	True	False	-0.07436169537494684	-0.22441734393330234	0.04752600078298332
skin	R-MMU-216083_INTEGRIN_CELL_SURFACE_INTERACTIONS	-0.0028268966992734215	-0.039487627340144	-0.0562747616866028			False	False	0.14432989690721648	True	True	-0.039487627340144	-0.0562747616866028	-0.0028268966992734215
skin	R-MMU-2173782_BINDING_AND_UPTAKE_OF_LIGANDS_BY_SCAVENGER_RECEPTORS	0.03839951040966686	0.026967437949140655	-0.03558750343686871			False	False	0.41580756013745707	True	False	0.026967437949140655	-0.03558750343686871	0.03839951040966686
skin	R-MMU-2173789_TGF_BETA_RECEPTOR_SIGNALING_ACTIVATES_SMADS	-0.0583101470910796	0.17607326197622716	-0.1353091680055467			False	False	0.4879725085910653	True	False	-0.0583101470910796	-0.1353091680055467	0.17607326197622716
skin	R-MMU-2187338_VISUAL_PHOTOTRANSDUCTION	-0.3253856787875864	0.054161685503039174	0.23304009503304535			False	True	0.9759450171821306	True	False	0.054161685503039174	-0.3253856787875864	0.23304009503304535
skin	R-MMU-2262752_CELLULAR_RESPONSES_TO_STRESS	-0.06814192609454191	-0.04752319673046227	0.16553857697956917			False	False	0.5463917525773195	True	False	-0.04752319673046227	-0.06814192609454191	0.16553857697956917
skin	R-MMU-2299718_CONDENSATION_OF_PROPHASE_CHROMOSOMES	-0.0036955050325568188	-0.006194218675579036	-0.3334910116210083			False	False	0.17525773195876287	True	True	-0.006194218675579036	-0.3334910116210083	-0.0036955050325568188
skin	R-MMU-2467813_SEPARATION_OF_SISTER_CHROMATIDS	-0.0012060963461165595	-0.0002349064046212121	-0.007183370594747028			False	False	0.06872852233676977	True	True	-0.0012060963461165595	-0.007183370594747028	-0.0002349064046212121
skin	R-MMU-2500257_RESOLUTION_OF_SISTER_CHROMATID_COHESION	8.637372177396363e-05	-0.010670843788930932	-0.004247015784652802			False	False	0.006872852233676976	True	False	-0.004247015784652802	-0.010670843788930932	8.637372177396363e-05
skin	R-MMU-2555396_MITOTIC_METAPHASE_AND_ANAPHASE	0.019391066116757037	-0.006416108318700158	-0.11076752825956938			False	False	0.32646048109965636	True	False	-0.006416108318700158	-0.11076752825956938	0.019391066116757037
skin	R-MMU-2559583_CELLULAR_SENESCENCE	-0.10549048983044916	0.058305601645888765	-0.20837306784470014			False	False	0.6597938144329897	True	False	-0.10549048983044916	-0.20837306784470014	0.058305601645888765
skin	R-MMU-2559586_DNA_DAMAGE_TELOMERE_STRESS_INDUCED_SENESCENCE	-0.29678094066508937	-0.314122412480893	-0.37635524802986264			False	False	0.9656357388316151	True	True	-0.314122412480893	-0.37635524802986264	-0.29678094066508937
skin	R-MMU-2672351_STIMULI_SENSING_CHANNELS	-0.208759672688787	0.051999517449456356	0.035564946441857204			False	False	0.8762886597938144	True	False	0.035564946441857204	-0.208759672688787	0.051999517449456356
skin	R-MMU-2682334_EPH_EPHRIN_SIGNALING	-0.01658934222256025	-0.31689466127852206	-0.003137329534606593			False	False	0.3161512027491409	True	True	-0.01658934222256025	-0.31689466127852206	-0.003137329534606593
skin	R-MMU-2980736_PEPTIDE_HORMONE_METABOLISM	0.3060397674559543	9.618248396237039e-05	-0.14728835736886423			False	False	0.9725085910652921	True	False	9.618248396237039e-05	-0.14728835736886423	0.3060397674559543
skin	R-MMU-2990846_SUMOYLATION	-0.12717240936710522	-0.13995305411545367	0.00844727111754385			False	False	0.7250859106529209	True	False	-0.12717240936710522	-0.13995305411545367	0.00844727111754385
skin	R-MMU-3000171_NON_INTEGRIN_MEMBRANE_ECM_INTERACTIONS	0.09633704597771581	0.16242892940959777	0.05407496535433276			False	False	0.6288659793814433	True	True	0.09633704597771581	0.05407496535433276	0.16242892940959777
skin	R-MMU-3000178_ECM_PROTEOGLYCANS	-0.00015482553525349827	-0.17136682911440282	0.08297852904137866			False	False	0.013745704467353952	True	False	-0.00015482553525349827	-0.17136682911440282	0.08297852904137866
skin	R-MMU-3108232_SUMO_E3_LIGASES_SUMOYLATE_TARGET_PROTEINS	-0.048963410091142655	-0.003182051257353403	-0.19322792537335196			False	False	0.4570446735395189	True	True	-0.048963410091142655	-0.19322792537335196	-0.003182051257353403
skin	R-MMU-3214841_PKMTS_METHYLATE_HISTONE_LYSINES	-0.0002939288110504162		0.004821676097026582			False	False	0.024054982817869417	False	False	0.0022638736429880825	-0.0002939288110504162	0.004821676097026582
skin	R-MMU-3214842_HDMS_DEMETHYLATE_HISTONES	0.0016465355201080965					False	False	0.09278350515463918	False	True	0.0016465355201080965	0.0016465355201080965	0.0016465355201080965
skin	R-MMU-3214847_HATS_ACETYLATE_HISTONES	-0.0008318223259463046	-0.006564011916070263				False	False	0.044673539518900345	False	True	-0.003697917121008284	-0.006564011916070263	-0.0008318223259463046
skin	R-MMU-3214858_RMTS_METHYLATE_HISTONE_ARGININES	0.004834650864276093		0.005823705370315876			False	False	0.20618556701030927	False	True	0.005329178117295984	0.004834650864276093	0.005823705370315876
skin	R-MMU-3247509_CHROMATIN_MODIFYING_ENZYMES	-0.6630485382809012	-0.7012429160440016	-0.7411648554853136	Chromatin-modifying enzymes	complementary	True	True	0.993127147766323	True	True	-0.7012429160440016	-0.7411648554853136	-0.6630485382809012
skin	R-MMU-3371497_HSP90_CHAPERONE_CYCLE_FOR_STEROID_HORMONE_RECEPTORS_SHR_IN_THE_PRESENCE_OF_LIGAND	0.002174115962604992					False	False	0.11683848797250859	False	True	0.002174115962604992	0.002174115962604992	0.002174115962604992
skin	R-MMU-3371556_CELLULAR_RESPONSE_TO_HEAT_STRESS	0.14496445578207598					False	False	0.7697594501718213	False	True	0.14496445578207598	0.14496445578207598	0.14496445578207598
skin	R-MMU-352230_AMINO_ACID_TRANSPORT_ACROSS_THE_PLASMA_MEMBRANE	0.11170509724122814	0.029656918024206964	-0.1019711082339536			False	False	0.6804123711340206	True	False	0.029656918024206964	-0.1019711082339536	0.11170509724122814
skin	R-MMU-3700989_TRANSCRIPTIONAL_REGULATION_BY_TP53	-0.015411026708937625	-0.11746684065382774	-0.11603794162480058			False	False	0.3127147766323024	True	True	-0.11603794162480058	-0.11746684065382774	-0.015411026708937625
skin	R-MMU-372790_SIGNALING_BY_GPCR	0.11904027672394829	0.32430345236930713	0.24386593889859154			False	False	0.7044673539518901	True	True	0.24386593889859154	0.11904027672394829	0.32430345236930713
skin	R-MMU-373076_CLASS_A_1_RHODOPSIN_LIKE_RECEPTORS	-0.025481998095516694	-0.060922058443753334	0.13533350327773333			False	False	0.35738831615120276	True	False	-0.025481998095516694	-0.060922058443753334	0.13533350327773333
skin	R-MMU-373755_SEMAPHORIN_INTERACTIONS	-0.06698912323067517	0.015223239765486007	0.14227252226950443			False	False	0.5395189003436426	True	False	0.015223239765486007	-0.06698912323067517	0.14227252226950443
skin	R-MMU-373760_L1CAM_INTERACTIONS		-0.0028776452412958534				False	False		False	True	-0.0028776452412958534	-0.0028776452412958534	-0.0028776452412958534
skin	R-MMU-375165_NCAM_SIGNALING_FOR_NEURITE_OUT_GROWTH		-0.002380762115660067				False	False		False	True	-0.002380762115660067	-0.002380762115660067	-0.002380762115660067
skin	R-MMU-375276_PEPTIDE_LIGAND_BINDING_RECEPTORS	0.17937528997962074	-0.07563086363736495	-0.14506710161981043			False	False	0.8247422680412371	True	False	-0.07563086363736495	-0.14506710161981043	0.17937528997962074
skin	R-MMU-380108_CHEMOKINE_RECEPTORS_BIND_CHEMOKINES	-0.012222495097908959	-0.08425445270556427	0.12786787235606945			False	False	0.29553264604810997	True	False	-0.012222495097908959	-0.08425445270556427	0.12786787235606945
skin	R-MMU-381426_REGULATION_OF_INSULIN_LIKE_GROWTH_FACTOR_IGF_TRANSPORT_AND_UPTAKE_BY_INSULIN_LIKE_GROWTH_FACTOR_BINDING_PROTEINS_IGFBPS	0.05874394671107349	0.15531823012094614	0.3363366192484938			False	False	0.4948453608247423	True	True	0.15531823012094614	0.05874394671107349	0.3363366192484938
skin	R-MMU-382551_TRANSPORT_OF_SMALL_MOLECULES	0.08248375639509124	0.055246551877990546	0.06575316047536761			False	False	0.584192439862543	True	True	0.06575316047536761	0.055246551877990546	0.08248375639509124
skin	R-MMU-3858494_BETA_CATENIN_INDEPENDENT_WNT_SIGNALING	-0.14450258216053957	-0.07681606237206051				False	False	0.7663230240549829	False	True	-0.11065932226630004	-0.14450258216053957	-0.07681606237206051
skin	R-MMU-388396_GPCR_DOWNSTREAM_SIGNALLING	0.20347143950890498	0.12636325617269187	-0.006013056383572579			False	False	0.872852233676976	True	False	0.12636325617269187	-0.006013056383572579	0.20347143950890498
skin	R-MMU-388841_REGULATION_OF_T_CELL_ACTIVATION_BY_CD28_FAMILY	0.011954448661532438	0.08820215259642634	-0.18675094220246324			False	False	0.2920962199312715	True	False	0.011954448661532438	-0.18675094220246324	0.08820215259642634
skin	R-MMU-389948_CO_INHIBITION_BY_PD_1			-0.025304157029106867			False	False		False	True	-0.025304157029106867	-0.025304157029106867	-0.025304157029106867
skin	R-MMU-390522_STRIATED_MUSCLE_CONTRACTION	0.29670093458887087	0.5255107141167374	0.6433821383476878			False	False	0.9621993127147767	True	True	0.5255107141167374	0.29670093458887087	0.6433821383476878
skin	R-MMU-392499_METABOLISM_OF_PROTEINS	-0.025242293698386487	0.12071642747341871	0.06253082043903972			False	False	0.3539518900343643	True	False	0.06253082043903972	-0.025242293698386487	0.12071642747341871
skin	R-MMU-3928665_EPH_EPHRIN_MEDIATED_REPULSION_OF_CELLS	-0.18705735805315346		-0.3980296520928983			False	False	0.8419243986254296	False	True	-0.2925435050730259	-0.3980296520928983	-0.18705735805315346
skin	R-MMU-397014_MUSCLE_CONTRACTION	0.3388753469586921	-0.1580614620804539	-0.16355535239323013			False	True	0.9828178694158075	True	False	-0.1580614620804539	-0.16355535239323013	0.3388753469586921
skin	R-MMU-416476_G_ALPHA_Q_SIGNALLING_EVENTS	0.03773199363146374	-0.16741472036372484	0.12191229154248624			False	False	0.41237113402061853	True	False	0.03773199363146374	-0.16741472036372484	0.12191229154248624
skin	R-MMU-416482_G_ALPHA_12_13_SIGNALLING_EVENTS	0.004879941834097896					False	False	0.20962199312714777	False	True	0.004879941834097896	0.004879941834097896	0.004879941834097896
skin	R-MMU-418346_PLATELET_HOMEOSTASIS	0.04580831055560431		-0.02213261512578193			False	False	0.436426116838488	False	False	0.01183784771491119	-0.02213261512578193	0.04580831055560431
skin	R-MMU-418555_G_ALPHA_S_SIGNALLING_EVENTS	-0.028117640790093934	0.11286991952932841	0.14264895804611907			False	False	0.3745704467353952	True	False	0.11286991952932841	-0.028117640790093934	0.14264895804611907
skin	R-MMU-418594_G_ALPHA_I_SIGNALLING_EVENTS	-0.0025343253564841517	0.013370463237462457	0.05434923427751204			False	False	0.13745704467353953	True	False	0.013370463237462457	-0.0025343253564841517	0.05434923427751204
skin	R-MMU-418990_ADHERENS_JUNCTIONS_INTERACTIONS	-0.10561423477765906	0.17175015856220088	0.2082918833545542			False	False	0.6632302405498282	True	False	0.17175015856220088	-0.10561423477765906	0.2082918833545542
skin	R-MMU-419037_NCAM1_INTERACTIONS	-0.0017221999818819785	0.016989202925921938				False	False	0.09621993127147767	False	False	0.0076335014720199795	-0.0017221999818819785	0.016989202925921938
skin	R-MMU-421270_CELL_CELL_JUNCTION_ORGANIZATION	-0.19682953212206802	-0.16175485549551652	-0.0762576979297258	Cell-cell junction organization	aligned	True	False	0.8694158075601375	True	True	-0.16175485549551652	-0.19682953212206802	-0.0762576979297258
skin	R-MMU-422356_REGULATION_OF_INSULIN_SECRETION	-0.022758973644014704					False	False	0.3402061855670103	False	True	-0.022758973644014704	-0.022758973644014704	-0.022758973644014704
skin	R-MMU-422475_AXON_GUIDANCE	0.09544809959272811	-0.03284227405177942	0.1506262736792486			False	False	0.6254295532646048	True	False	0.09544809959272811	-0.03284227405177942	0.1506262736792486
skin	R-MMU-425407_SLC_MEDIATED_TRANSMEMBRANE_TRANSPORT	-0.12540605249738612	0.013495238388587552	-0.1447550229808501			False	False	0.7216494845360825	True	False	-0.12540605249738612	-0.1447550229808501	0.013495238388587552
skin	R-MMU-428157_SPHINGOLIPID_METABOLISM	-0.19430572590622455	-0.17897886992210835	-0.19857330766141246	Sphingolipid metabolism	complementary	True	False	0.8591065292096219	True	True	-0.19430572590622455	-0.19857330766141246	-0.17897886992210835
skin	R-MMU-4420097_VEGFA_VEGFR2_PATHWAY	0.003247307205342942	0.007332425073604478	0.0007339595565302263			False	False	0.15807560137457044	True	True	0.003247307205342942	0.0007339595565302263	0.007332425073604478
skin	R-MMU-445355_SMOOTH_MUSCLE_CONTRACTION	0.1861583564587985	0.20880921813698405	0.24664478992592573			False	False	0.8350515463917526	True	True	0.20880921813698405	0.1861583564587985	0.24664478992592573
skin	R-MMU-446203_ASPARAGINE_N_LINKED_GLYCOSYLATION	-0.2577938717961678	-0.00017116634572266585	0.20703881881159839			False	False	0.9381443298969072	True	False	-0.00017116634572266585	-0.2577938717961678	0.20703881881159839
skin	R-MMU-446652_INTERLEUKIN_1_FAMILY_SIGNALING	-0.21724567392008684	-0.3413888637859299	-0.354398225737037			False	False	0.8934707903780069	True	True	-0.3413888637859299	-0.354398225737037	-0.21724567392008684
skin	R-MMU-446728_CELL_JUNCTION_ORGANIZATION	0.011022971815966601	0.23771010930570532	0.09715829137515504			False	False	0.2852233676975945	True	True	0.09715829137515504	0.011022971815966601	0.23771010930570532
skin	R-MMU-449147_SIGNALING_BY_INTERLEUKINS	0.11379177804605267	0.26520401752628037	0.13871939984626083			False	False	0.6838487972508591	True	True	0.13871939984626083	0.11379177804605267	0.26520401752628037
skin	R-MMU-453274_MITOTIC_G2_G2_M_PHASES	-0.22289652749922464	-0.20810622988874275				False	False	0.9072164948453608	False	True	-0.2155013786939837	-0.22289652749922464	-0.20810622988874275
skin	R-MMU-453279_MITOTIC_G1_PHASE_AND_G1_S_TRANSITION	-0.11442090593079567		-0.032083436462209854			False	False	0.6907216494845361	False	True	-0.07325217119650276	-0.11442090593079567	-0.032083436462209854
skin	R-MMU-4839726_CHROMATIN_ORGANIZATION	-0.2879150712740431	0.22165503867016648	0.07357486373427229			False	False	0.9553264604810997	True	False	0.07357486373427229	-0.2879150712740431	0.22165503867016648
skin	R-MMU-500792_GPCR_LIGAND_BINDING	0.09887904797304625	0.13067490289738612	0.04562222674844937			False	False	0.6357388316151202	True	True	0.09887904797304625	0.04562222674844937	0.13067490289738612
skin	R-MMU-5173105_O_LINKED_GLYCOSYLATION	0.025549602993886183	0.13740355632672346	0.2939176750349128			False	False	0.3642611683848797	True	True	0.13740355632672346	0.025549602993886183	0.2939176750349128
skin	R-MMU-5173214_O_GLYCOSYLATION_OF_TSR_DOMAIN_CONTAINING_PROTEINS	-0.020697215933020995	-0.05129152753121565	-0.33231279887692583			False	False	0.3333333333333333	True	True	-0.05129152753121565	-0.33231279887692583	-0.020697215933020995
skin	R-MMU-5357801_PROGRAMMED_CELL_DEATH	-0.04818259600611371	0.07167940848985468	0.07130907925748715			False	False	0.45017182130584193	True	False	0.07130907925748715	-0.04818259600611371	0.07167940848985468
skin	R-MMU-5358351_SIGNALING_BY_HEDGEHOG	-0.2357627724753544	-0.363538229410677	-0.43171186619799307	Hedgehog signaling	complementary	True	False	0.9106529209621993	True	True	-0.363538229410677	-0.43171186619799307	-0.2357627724753544
skin	R-MMU-5362517_SIGNALING_BY_RETINOIC_ACID	-0.14141825855383217	0.37698308628937754				False	False	0.7560137457044673	False	False	0.11778241386777269	-0.14141825855383217	0.37698308628937754
skin	R-MMU-556833_METABOLISM_OF_LIPIDS	-0.058524966430533475	0.09960186230639707	0.012763913823763703			False	False	0.49140893470790376	True	False	0.012763913823763703	-0.058524966430533475	0.09960186230639707
skin	R-MMU-5576891_CARDIAC_CONDUCTION	-0.09873104219342554	0.24942073385105448	0.1851139119039563			False	False	0.6323024054982818	True	False	0.1851139119039563	-0.09873104219342554	0.24942073385105448
skin	R-MMU-5578775_ION_HOMEOSTASIS	0.13830090908337755	0.43806248252294866	0.4133332450913523			False	False	0.7422680412371134	True	True	0.4133332450913523	0.13830090908337755	0.43806248252294866
skin	R-MMU-5610787_HEDGEHOG_OFF_STATE	0.005598528382137151					False	False	0.22336769759450173	False	True	0.005598528382137151	0.005598528382137151	0.005598528382137151
skin	R-MMU-5617833_CILIUM_ASSEMBLY	0.03014372934090907					False	False	0.3848797250859107	False	True	0.03014372934090907	0.03014372934090907	0.03014372934090907
skin	R-MMU-5633007_REGULATION_OF_TP53_ACTIVITY	-0.0004909663262714822	0.014089659908283696	0.0372366300946394			False	False	0.030927835051546393	True	False	0.014089659908283696	-0.0004909663262714822	0.0372366300946394
skin	R-MMU-5653656_VESICLE_MEDIATED_TRANSPORT	0.1950734380247651	-0.04392222548024086	0.15855289034463063			False	False	0.8625429553264605	True	False	0.15855289034463063	-0.04392222548024086	0.1950734380247651
skin	R-MMU-5663220_RHO_GTPASES_ACTIVATE_FORMINS	0.0005985959953515871		-0.03369442875760322			False	False	0.041237113402061855	False	False	-0.016547916381125818	-0.03369442875760322	0.0005985959953515871
skin	R-MMU-5673001_RAF_MAP_KINASE_CASCADE	-0.0016422818305866411	0.04217069136534823	-0.009998538560605915			False	False	0.08934707903780069	True	False	-0.0016422818305866411	-0.009998538560605915	0.04217069136534823
skin	R-MMU-5683057_MAPK_FAMILY_SIGNALING_CASCADES	0.010887286041750802	-0.1002590273239855	-0.039960416615762454			False	False	0.281786941580756	True	False	-0.039960416615762454	-0.1002590273239855	0.010887286041750802
skin	R-MMU-5684996_MAPK1_MAPK3_SIGNALING	0.059740238691073005	0.03235306069577568	0.0794336822131889			False	False	0.49828178694158076	True	True	0.059740238691073005	0.03235306069577568	0.0794336822131889
skin	R-MMU-5688426_DEUBIQUITINATION	-0.10452558455319864	0.09287737660139733	-0.03139255235113419			False	False	0.6563573883161512	True	False	-0.03139255235113419	-0.10452558455319864	0.09287737660139733
skin	R-MMU-5689880_UB_SPECIFIC_PROCESSING_PROTEASES	-0.001842006166052632	-0.012060461917611641	-0.12451923340135122			False	False	0.10309278350515463	True	True	-0.012060461917611641	-0.12451923340135122	-0.001842006166052632
skin	R-MMU-5693532_DNA_DOUBLE_STRAND_BREAK_REPAIR	0.000998054350705297		-0.14022327857274494			False	False	0.054982817869415807	False	False	-0.06961261211101982	-0.14022327857274494	0.000998054350705297
skin	R-MMU-5693538_HOMOLOGY_DIRECTED_REPAIR		-0.019790182701780255	-0.0014068911512688277			False	False		False	True	-0.010598536926524542	-0.019790182701780255	-0.0014068911512688277
skin	R-MMU-5693567_HDR_THROUGH_HOMOLOGOUS_RECOMBINATION_HRR_OR_SINGLE_STRAND_ANNEALING_SSA	-0.011766569298516745	-0.004693279106603499				False	False	0.28865979381443296	False	True	-0.008229924202560123	-0.011766569298516745	-0.004693279106603499
skin	R-MMU-5693571_NONHOMOLOGOUS_END_JOINING_NHEJ	-0.0008483682534043939					False	False	0.048109965635738834	False	True	-0.0008483682534043939	-0.0008483682534043939	-0.0008483682534043939
skin	R-MMU-5693606_DNA_DOUBLE_STRAND_BREAK_RESPONSE	-0.007364937395755805	-0.006130161785130872	-0.025548190860813825			False	False	0.25773195876288657	True	True	-0.007364937395755805	-0.025548190860813825	-0.006130161785130872
skin	R-MMU-5693607_PROCESSING_OF_DNA_DOUBLE_STRAND_BREAK_ENDS	-0.0034460011088042176	-0.005567984097155733				False	False	0.16838487972508592	False	True	-0.0045069926029799754	-0.005567984097155733	-0.0034460011088042176
skin	R-MMU-597592_POST_TRANSLATIONAL_PROTEIN_MODIFICATION	0.23860609519519746	0.26015189347071593	0.23123900335694889			False	False	0.9140893470790378	True	True	0.23860609519519746	0.23123900335694889	0.26015189347071593
skin	R-MMU-606279_DEPOSITION_OF_NEW_CENPA_CONTAINING_NUCLEOSOMES_AT_THE_CENTROMERE	-0.00538499683500997	0.008302776249303116	0.00722311372221137			False	False	0.21649484536082475	True	False	0.00722311372221137	-0.00538499683500997	0.008302776249303116
skin	R-MMU-6783589_INTERLEUKIN_6_FAMILY_SIGNALING	0.0344590082597909					False	False	0.40893470790378006	False	True	0.0344590082597909	0.0344590082597909	0.0344590082597909
skin	R-MMU-6798695_NEUTROPHIL_DEGRANULATION	-0.19330149347510184	0.33859673780170096	-0.1366849908670041			False	False	0.852233676975945	True	False	-0.1366849908670041	-0.19330149347510184	0.33859673780170096
skin	R-MMU-6803157_ANTIMICROBIAL_PEPTIDES	-0.061401275695974665	-0.09645241133565918	-0.0811633754802264			False	False	0.5051546391752577	True	True	-0.0811633754802264	-0.09645241133565918	-0.061401275695974665
skin	R-MMU-6805567_KERATINIZATION	-1.220864622405193	-2.1561223113880916	0.25360148798117116	Keratinization	aligned	True	True	1.0	True	False	-1.220864622405193	-2.1561223113880916	0.25360148798117116
skin	R-MMU-6806667_METABOLISM_OF_FAT_SOLUBLE_VITAMINS	-0.00340843288505272	0.2363308850824916				False	False	0.16494845360824742	False	False	0.11646122609871944	-0.00340843288505272	0.2363308850824916
skin	R-MMU-6806834_SIGNALING_BY_MET	-0.04933620386979439	0.023840206411350328	0.0021783505087254124			False	False	0.4639175257731959	True	False	0.0021783505087254124	-0.04933620386979439	0.023840206411350328
skin	R-MMU-6809371_FORMATION_OF_THE_CORNIFIED_ENVELOPE	-0.08405085714513565	-0.5005478878916354	-1.1164496615040762			False	False	0.5876288659793815	True	True	-0.5005478878916354	-1.1164496615040762	-0.08405085714513565
skin	R-MMU-6811434_COPI_DEPENDENT_GOLGI_TO_ER_RETROGRADE_TRAFFIC	-0.2729868426746412	-0.3366588434428229	-0.08938573959542799			False	True	0.9484536082474226	True	True	-0.2729868426746412	-0.3366588434428229	-0.08938573959542799
skin	R-MMU-6811442_INTRA_GOLGI_AND_RETROGRADE_GOLGI_TO_ER_TRAFFIC	-0.1015957311722691	-0.17432192468491495	-0.35579169233081265			False	False	0.6494845360824743	True	True	-0.17432192468491495	-0.35579169233081265	-0.1015957311722691
skin	R-MMU-6811558_PI5P_PP2A_AND_IER3_REGULATE_PI3K_AKT_SIGNALING	0.04215242039543244	-0.20714655089511122	0.22467328980124934			False	False	0.422680412371134	True	False	0.04215242039543244	-0.20714655089511122	0.22467328980124934
skin	R-MMU-68875_MITOTIC_PROPHASE	1.2789000945863499e-05	-0.02257445590897351	0.0016704624847900037			False	False	0.003436426116838488	True	False	1.2789000945863499e-05	-0.02257445590897351	0.0016704624847900037
skin	R-MMU-68877_MITOTIC_PROMETAPHASE	-0.07977413343372762	-0.2999140939017942				False	False	0.5738831615120275	False	True	-0.1898441136677609	-0.2999140939017942	-0.07977413343372762
skin	R-MMU-68882_MITOTIC_ANAPHASE	0.007156238458249957		0.007104811377380826			False	False	0.2542955326460481	False	True	0.0071305249178153915	0.007104811377380826	0.007156238458249957
skin	R-MMU-68886_M_PHASE	-0.2715551212136453	-0.2626024143097687	-0.16932746451620592			False	False	0.9450171821305842	True	True	-0.2626024143097687	-0.2715551212136453	-0.16932746451620592
skin	R-MMU-69206_G1_S_TRANSITION	-0.01373090572608542					False	False	0.3024054982817869	False	True	-0.01373090572608542	-0.01373090572608542	-0.01373090572608542
skin	R-MMU-69239_SYNTHESIS_OF_DNA	-0.0025688235346653997					False	False	0.140893470790378	False	True	-0.0025688235346653997	-0.0025688235346653997	-0.0025688235346653997
skin	R-MMU-69242_S_PHASE	0.0032639588691297616	0.000931824810991936				False	False	0.16151202749140894	False	True	0.0020978918400608487	0.000931824810991936	0.0032639588691297616
skin	R-MMU-69275_G2_M_TRANSITION	-0.004174300977305821	-0.013781920075291788	-0.20277505520013292			False	False	0.18556701030927836	True	True	-0.013781920075291788	-0.20277505520013292	-0.004174300977305821
skin	R-MMU-69278_CELL_CYCLE_MITOTIC	0.04320117366733128	-0.3042015057692753	-0.4522653315002216			False	False	0.4261168384879725	True	False	-0.3042015057692753	-0.4522653315002216	0.04320117366733128
skin	R-MMU-69306_DNA_REPLICATION	-0.024760695649277065		0.026492090541531992			False	False	0.35051546391752575	False	False	0.0008656974461274634	-0.024760695649277065	0.026492090541531992
skin	R-MMU-69473_G2_M_DNA_DAMAGE_CHECKPOINT	-0.002021586434278974					False	False	0.1134020618556701	False	True	-0.002021586434278974	-0.002021586434278974	-0.002021586434278974
skin	R-MMU-69481_G2_M_CHECKPOINTS	-0.001945501567619884	0.004259074896653466	-0.01096050796815966			False	False	0.10652920962199312	True	False	-0.001945501567619884	-0.01096050796815966	0.004259074896653466
skin	R-MMU-69618_MITOTIC_SPINDLE_CHECKPOINT	0.013125110987936206	-0.0045126432389019115	-0.0005822757470592765			False	False	0.29896907216494845	True	False	-0.0005822757470592765	-0.0045126432389019115	0.013125110987936206
skin	R-MMU-69620_CELL_CYCLE_CHECKPOINTS	0.003184917921234163	-0.2847019280536505	0.0017419527424673044			False	False	0.15463917525773196	True	False	0.0017419527424673044	-0.2847019280536505	0.003184917921234163
skin	R-MMU-70326_GLUCOSE_METABOLISM	0.22017594486967926	0.20433442313330005	-0.03420928004442706			False	False	0.8969072164948454	True	False	0.20433442313330005	-0.03420928004442706	0.22017594486967926
skin	R-MMU-71291_METABOLISM_OF_AMINO_ACIDS_AND_DERIVATIVES	0.20902159021889935	-0.028269962360167582	0.46908178443279275			False	False	0.8797250859106529	True	False	0.20902159021889935	-0.028269962360167582	0.46908178443279275
skin	R-MMU-71387_METABOLISM_OF_CARBOHYDRATES_AND_CARBOHYDRATE_DERIVATIVES	-0.18387536447368427	0.3142935273771928	0.3247701872906787			False	False	0.8316151202749141	True	False	0.3142935273771928	-0.18387536447368427	0.3247701872906787
skin	R-MMU-72766_TRANSLATION		0.11398475217419457	0.06399632826634148			False	False		False	True	0.08899054022026803	0.06399632826634148	0.11398475217419457
skin	R-MMU-73857_RNA_POLYMERASE_II_TRANSCRIPTION	-0.010280158590997642	0.0003265426213893696	-0.08006348709241544			False	False	0.27491408934707906	True	False	-0.010280158590997642	-0.08006348709241544	0.0003265426213893696
skin	R-MMU-73884_BASE_EXCISION_REPAIR	-0.0030268154470902016					False	False	0.14776632302405499	False	True	-0.0030268154470902016	-0.0030268154470902016	-0.0030268154470902016
skin	R-MMU-73886_CHROMOSOME_MAINTENANCE	-0.005679120399020468	-0.01490083560148281	-0.02364926545720981			False	False	0.2268041237113402	True	True	-0.01490083560148281	-0.02364926545720981	-0.005679120399020468
skin	R-MMU-73887_DEATH_RECEPTOR_SIGNALING	-0.0433458251249336	-0.15326576267898293	-0.13629392779372695			False	False	0.42955326460481097	True	True	-0.13629392779372695	-0.15326576267898293	-0.0433458251249336
skin	R-MMU-73894_DNA_REPAIR	-0.25708370219105087	-0.3221797297519715	-0.22573419826798555	DNA repair	context_sensitive	True	False	0.9347079037800687	True	True	-0.25708370219105087	-0.3221797297519715	-0.22573419826798555
skin	R-MMU-73927_DEPURINATION	0.002419048737143143	-0.038534694629770265	-0.025560785928695578			False	False	0.13402061855670103	True	False	-0.025560785928695578	-0.038534694629770265	0.002419048737143143
skin	R-MMU-73929_BASE_EXCISION_REPAIR_AP_SITE_FORMATION	0.010255154780676942					False	False	0.27147766323024053	False	True	0.010255154780676942	0.010255154780676942	0.010255154780676942
skin	R-MMU-74160_GENE_EXPRESSION_TRANSCRIPTION	-0.052236354302675814	-0.0641984679771405	-0.05773033466817279			False	False	0.4742268041237113	True	True	-0.05773033466817279	-0.0641984679771405	-0.052236354302675814
skin	R-MMU-74752_SIGNALING_BY_INSULIN_RECEPTOR	-0.06148562146800459					False	False	0.5085910652920962	False	True	-0.06148562146800459	-0.06148562146800459	-0.06148562146800459
skin	R-MMU-75153_APOPTOTIC_EXECUTION_PHASE	0.0014247655666312319	-0.03502121790855883				False	False	0.0859106529209622	False	False	-0.0167982261709638	-0.03502121790855883	0.0014247655666312319
skin	R-MMU-76002_PLATELET_ACTIVATION_SIGNALING_AND_AGGREGATION	0.08628576867419824	0.10401571838118022	0.20206913954771386			False	False	0.6013745704467354	True	True	0.10401571838118022	0.08628576867419824	0.20206913954771386
skin	R-MMU-76005_RESPONSE_TO_ELEVATED_PLATELET_CYTOSOLIC_CA2	0.002389813823631163	0.2391168244213282	0.16847332948919014			False	False	0.13058419243986255	True	True	0.16847332948919014	0.002389813823631163	0.2391168244213282
skin	R-MMU-774815_NUCLEOSOME_ASSEMBLY	0.0012179025179248626					False	False	0.07216494845360824	False	True	0.0012179025179248626	0.0012179025179248626	0.0012179025179248626
skin	R-MMU-8848021_SIGNALING_BY_PTK6	0.005569528128226207					False	False	0.21993127147766323	False	True	0.005569528128226207	0.005569528128226207	0.005569528128226207
skin	R-MMU-8856688_GOLGI_TO_ER_RETROGRADE_TRANSPORT	-0.007578664710555291		-0.00017834344969728006			False	False	0.2611683848797251	False	True	-0.003878504080126286	-0.007578664710555291	-0.00017834344969728006
skin	R-MMU-8856825_CARGO_RECOGNITION_FOR_CLATHRIN_MEDIATED_ENDOCYTOSIS	-0.032613494850256976	0.18911337312558832	-0.15557565749522861			False	False	0.3951890034364261	True	False	-0.032613494850256976	-0.15557565749522861	0.18911337312558832
skin	R-MMU-8856828_CLATHRIN_MEDIATED_ENDOCYTOSIS	0.19187863212884104	0.2300172798718775	0.20494947547692274			False	False	0.8487972508591065	True	True	0.20494947547692274	0.19187863212884104	0.2300172798718775
skin	R-MMU-8875878_MET_PROMOTES_CELL_MOTILITY	0.11755525561227183					False	False	0.697594501718213	False	True	0.11755525561227183	0.11755525561227183	0.11755525561227183
skin	R-MMU-8878171_TRANSCRIPTIONAL_REGULATION_BY_RUNX1	-0.0467606021361864	-0.11026942974530392	-0.19584682875761303			False	False	0.43986254295532645	True	True	-0.11026942974530392	-0.19584682875761303	-0.0467606021361864
skin	R-MMU-8936459_RUNX1_REGULATES_GENES_INVOLVED_IN_MEGAKARYOCYTE_DIFFERENTIATION_AND_PLATELET_FUNCTION	-0.11948899778410416	-0.31939628172443296	-0.06479869833013567			False	False	0.7079037800687286	True	True	-0.11948899778410416	-0.31939628172443296	-0.06479869833013567
skin	R-MMU-8939211_ESR_MEDIATED_SIGNALING	-0.08160258316903421	0.009145064037605885	-0.11181759546704317			False	False	0.5807560137457045	True	False	-0.08160258316903421	-0.11181759546704317	0.009145064037605885
skin	R-MMU-8948216_COLLAGEN_CHAIN_TRIMERIZATION	-0.024098549098883686					False	False	0.3436426116838488	False	True	-0.024098549098883686	-0.024098549098883686	-0.024098549098883686
skin	R-MMU-8951664_NEDDYLATION	-0.16926635682349808	-0.2415029210154175	0.16369035686071234			False	False	0.8109965635738832	True	False	-0.16926635682349808	-0.2415029210154175	0.16369035686071234
skin	R-MMU-8953854_METABOLISM_OF_RNA	-0.15991661216244454	-0.28772981922096513	-0.20741531594933096			False	False	0.8006872852233677	True	True	-0.20741531594933096	-0.28772981922096513	-0.15991661216244454
skin	R-MMU-8953897_CELLULAR_RESPONSES_TO_STIMULI	-0.06431345134281392	-0.08130438316675519	0.03776877903154389			False	False	0.5189003436426117	True	False	-0.06431345134281392	-0.08130438316675519	0.03776877903154389
skin	R-MMU-8957275_POST_TRANSLATIONAL_PROTEIN_PHOSPHORYLATION	0.09257564227184119	-0.004713139569740343	0.030913328951842983			False	False	0.6116838487972509	True	False	0.030913328951842983	-0.004713139569740343	0.09257564227184119
skin	R-MMU-8957322_METABOLISM_OF_STEROIDS	0.22042618261656002	-0.3245732676897262	-0.31336195952891194			False	False	0.9003436426116839	True	False	-0.31336195952891194	-0.3245732676897262	0.22042618261656002
skin	R-MMU-8978868_FATTY_ACID_METABOLISM	-0.14022416288348175	0.26955178238760574	-0.07108640084015612			False	False	0.7491408934707904	True	False	-0.07108640084015612	-0.14022416288348175	0.26955178238760574
skin	R-MMU-8980692_RHOA_GTPASE_CYCLE	-0.06486006086395087	-0.2256740492674553	0.1186676521590907			False	False	0.5292096219931272	True	False	-0.06486006086395087	-0.2256740492674553	0.1186676521590907
skin	R-MMU-9006925_INTRACELLULAR_SIGNALING_BY_SECOND_MESSENGERS	-0.25677680213388293	0.3653428929332004	0.27497223929434716			False	False	0.9312714776632303	True	False	0.27497223929434716	-0.25677680213388293	0.3653428929332004
skin	R-MMU-9006927_SIGNALING_BY_NON_RECEPTOR_TYROSINE_KINASES			0.2269246939016126			False	False		False	True	0.2269246939016126	0.2269246939016126	0.2269246939016126
skin	R-MMU-9006931_SIGNALING_BY_NUCLEAR_RECEPTORS	0.06491133490266704	-0.06532362671805796	0.06591525654961923			False	False	0.5326460481099656	True	False	0.06491133490266704	-0.06532362671805796	0.06591525654961923
skin	R-MMU-9006934_SIGNALING_BY_RECEPTOR_TYROSINE_KINASES	0.06745318827152	0.07728572614969174	0.16316344436927613			False	False	0.5429553264604811	True	True	0.07728572614969174	0.06745318827152	0.16316344436927613
skin	R-MMU-9006936_SIGNALING_BY_TGFB_FAMILY_MEMBERS	0.07385953283372763	0.11554456754302678	0.043075308276612635			False	False	0.563573883161512	True	True	0.07385953283372763	0.043075308276612635	0.11554456754302678
skin	R-MMU-9009391_EXTRA_NUCLEAR_ESTROGEN_SIGNALING	0.004750428657965	0.005277509875504387				False	False	0.2027491408934708	False	True	0.005013969266734693	0.004750428657965	0.005277509875504387
skin	R-MMU-9012999_RHO_GTPASE_CYCLE	-0.22225033753159226	0.2133203730528956	0.11521944590482457			False	False	0.9037800687285223	True	False	0.11521944590482457	-0.22225033753159226	0.2133203730528956
skin	R-MMU-9013026_RHOB_GTPASE_CYCLE	0.0010869347617092167	-0.0784294374158559	0.015941550512298393			False	False	0.058419243986254296	True	False	0.0010869347617092167	-0.0784294374158559	0.015941550512298393
skin	R-MMU-9013106_RHOC_GTPASE_CYCLE	-0.0022692494910589232		0.0033124708206633893			False	False	0.12371134020618557	False	False	0.000521610664802233	-0.0022692494910589232	0.0033124708206633893
skin	R-MMU-9013148_CDC42_GTPASE_CYCLE	-0.004994361125510146	-0.2857128981080317	0.2177477077923977			False	False	0.21305841924398625	True	False	-0.004994361125510146	-0.2857128981080317	0.2177477077923977
skin	R-MMU-9013149_RAC1_GTPASE_CYCLE	0.010042809324561438	-0.23828583299510234	-0.15742034870316324			False	False	0.26804123711340205	True	False	-0.15742034870316324	-0.23828583299510234	0.010042809324561438
skin	R-MMU-9013404_RAC2_GTPASE_CYCLE			-0.0009045240217765415			False	False		False	True	-0.0009045240217765415	-0.0009045240217765415	-0.0009045240217765415
skin	R-MMU-9013406_RHOQ_GTPASE_CYCLE	0.03442953416894381		0.007209186130108278			False	False	0.4054982817869416	False	True	0.020819360149526043	0.007209186130108278	0.03442953416894381
skin	R-MMU-9013408_RHOG_GTPASE_CYCLE	-0.01518461503719653	-0.002209131400829345	-0.000656355717166178			False	False	0.30927835051546393	True	True	-0.002209131400829345	-0.01518461503719653	-0.000656355717166178
skin	R-MMU-9013423_RAC3_GTPASE_CYCLE	-0.0005041554514449686		0.01181366401775403			False	False	0.03436426116838488	False	False	0.005654754283154531	-0.0005041554514449686	0.01181366401775403
skin	R-MMU-9018519_ESTROGEN_DEPENDENT_GENE_EXPRESSION	-0.004355065802623604					False	False	0.19243986254295534	False	True	-0.004355065802623604	-0.004355065802623604	-0.004355065802623604
skin	R-MMU-913531_INTERFERON_SIGNALING	0.12831890263893111	0.23203944305213972	0.160361563094524			False	False	0.7285223367697594	True	True	0.160361563094524	0.12831890263893111	0.23203944305213972
skin	R-MMU-913709_O_LINKED_GLYCOSYLATION_OF_MUCINS	-0.18367991983152132		-0.3023662356318669			False	False	0.8281786941580757	False	True	-0.2430230777316941	-0.3023662356318669	-0.18367991983152132
skin	R-MMU-917937_IRON_UPTAKE_AND_TRANSPORT	-0.1141558456792043	0.14629091433907715	-0.007404990041091352			False	False	0.6872852233676976	True	False	-0.007404990041091352	-0.1141558456792043	0.14629091433907715
skin	R-MMU-936837_ION_TRANSPORT_BY_P_TYPE_ATPASES	0.07483590743276317		-0.03392454502557593			False	False	0.5670103092783505	False	False	0.020455681203593618	-0.03392454502557593	0.07483590743276317
skin	R-MMU-948021_TRANSPORT_TO_THE_GOLGI_AND_SUBSEQUENT_MODIFICATION	-0.1532016004826865	0.01799608161041423				False	False	0.7869415807560137	False	False	-0.06760275943613614	-0.1532016004826865	0.01799608161041423
skin	R-MMU-9612973_AUTOPHAGY	-0.07213781373157001	-0.17828896436500533				False	False	0.5567010309278351	False	True	-0.12521338904828766	-0.17828896436500533	-0.07213781373157001
skin	R-MMU-9648025_EML4_AND_NUDC_IN_MITOTIC_SPINDLE_FORMATION	0.006113929723692187	-0.003783911166653376	-0.0008739367952888561			False	False	0.23367697594501718	True	False	-0.0008739367952888561	-0.003783911166653376	0.006113929723692187
skin	R-MMU-9670095_INHIBITION_OF_DNA_RECOMBINATION_AT_TELOMERE	0.003882920374120965		0.00799718539023569			False	False	0.17869415807560138	False	True	0.005940052882178327	0.003882920374120965	0.00799718539023569
skin	R-MMU-9675108_NERVOUS_SYSTEM_DEVELOPMENT	-0.2525274931607178	-0.13438924086097107	-0.19872690959447548			False	False	0.9243986254295533	True	True	-0.19872690959447548	-0.2525274931607178	-0.13438924086097107
skin	R-MMU-9696273_RND1_GTPASE_CYCLE	0.0013130768837386591					False	False	0.07560137457044673	False	True	0.0013130768837386591	0.0013130768837386591	0.0013130768837386591
skin	R-MMU-9709957_SENSORY_PERCEPTION	0.11451798292707789	-0.46330763844818357	-0.17788397878725634			False	False	0.6941580756013745	True	False	-0.17788397878725634	-0.46330763844818357	0.11451798292707789
skin	R-MMU-9711123_CELLULAR_RESPONSE_TO_CHEMICAL_STRESS	0.16549490491405297	0.1919594040151514	0.2799201335147529			False	False	0.8075601374570447	True	True	0.1919594040151514	0.16549490491405297	0.2799201335147529
skin	R-MMU-9716542_SIGNALING_BY_RHO_GTPASES_MIRO_GTPASES_AND_RHOBTB3	0.0034961383268918476	0.14684769921885532	0.2555415747366206			False	False	0.1718213058419244	True	True	0.14684769921885532	0.0034961383268918476	0.2555415747366206
skin	R-MMU-9730414_MITF_M_REGULATED_MELANOCYTE_DEVELOPMENT	-0.05528851273361246	-0.1219769766476294	-0.06510292653918572			False	False	0.4845360824742268	True	True	-0.06510292653918572	-0.1219769766476294	-0.05528851273361246
skin	R-MMU-9748784_DRUG_ADME	0.1002587667279816	0.2519397094157983	0.08845435983696626			False	False	0.6426116838487973	True	True	0.1002587667279816	0.08845435983696626	0.2519397094157983
skin	R-MMU-9749641_ASPIRIN_ADME	-0.09222589467534988					False	False	0.6082474226804123	False	True	-0.09222589467534988	-0.09222589467534988	-0.09222589467534988
skin	R-MMU-975155_MYD88_DEPENDENT_CASCADE_INITIATED_ON_ENDOSOME	0.0013385513368750223	-0.10625276586363643				False	False	0.07903780068728522	False	False	-0.0524571072633807	-0.10625276586363643	0.0013385513368750223
skin	R-MMU-975634_RETINOID_METABOLISM_AND_TRANSPORT	0.004056364001817297	0.13016421110402288	0.029726884498542435			False	False	0.18213058419243985	True	True	0.029726884498542435	0.004056364001817297	0.13016421110402288
skin	R-MMU-9759476_REGULATION_OF_HOMOTYPIC_CELL_CELL_ADHESION	0.06431351393725855	-0.2563731559599362	-0.18311270569528615			False	False	0.5223367697594502	True	False	-0.18311270569528615	-0.2563731559599362	0.06431351393725855
skin	R-MMU-9764265_REGULATION_OF_CDH1_EXPRESSION_AND_FUNCTION	-0.3363073966678983	-0.008981581174840951	-0.21500357255428856			False	False	0.979381443298969	True	True	-0.21500357255428856	-0.3363073966678983	-0.008981581174840951
skin	R-MMU-9764274_REGULATION_OF_EXPRESSION_AND_FUNCTION_OF_TYPE_I_CLASSICAL_CADHERINS	-0.0069411983597288665	-0.20717107993949938				False	False	0.24398625429553264	False	True	-0.10705613914961412	-0.20717107993949938	-0.0069411983597288665
skin	R-MMU-9764560_REGULATION_OF_CDH1_GENE_TRANSCRIPTION	-0.0011421282213171173	-0.12064274998597384	-0.3257830770028264			False	False	0.06529209621993128	True	True	-0.12064274998597384	-0.3257830770028264	-0.0011421282213171173
skin	R-MMU-9764725_NEGATIVE_REGULATION_OF_CDH1_GENE_TRANSCRIPTION	-0.2449240993497919	-0.009942834329598612	-0.003147278490807682			False	False	0.9209621993127147	True	True	-0.009942834329598612	-0.2449240993497919	-0.003147278490807682
skin	R-MMU-9769735_INITIATION_OF_COAGULATION_CASCADE	0.017657766284347867					False	False	0.31958762886597936	False	True	0.017657766284347867	0.017657766284347867	0.017657766284347867
skin	R-MMU-9769739_REGULATION_OF_CLOTTING_CASCADE	0.06250093339606594	0.02164937965237908	-0.05555100960211764			False	False	0.5154639175257731	True	False	0.02164937965237908	-0.05555100960211764	0.06250093339606594
skin	R-MMU-9769740_COAGULATION_PATHWAY	0.11828699302999296	0.09826330413175625	0.1310834462516391			False	False	0.7010309278350515	True	True	0.11828699302999296	0.09826330413175625	0.1310834462516391
skin	R-MMU-977606_REGULATION_OF_COMPLEMENT_CASCADE	-0.10601222512192084	-0.11625859583830855	-0.06933671692672334			False	False	0.6701030927835051	True	True	-0.10601222512192084	-0.11625859583830855	-0.06933671692672334
skin	R-MMU-9818564_EPIGENETIC_REGULATION_OF_GENE_EXPRESSION_BY_MLL3_AND_MLL4_COMPLEXES	-0.15977256838219742	-0.0008885677567723307				False	False	0.7972508591065293	False	True	-0.08033056806948487	-0.15977256838219742	-0.0008885677567723307
skin	R-MMU-983168_ANTIGEN_PROCESSING_UBIQUITINATION_PROTEASOME_DEGRADATION		0.0033400205393483116	-0.08505617864030657			False	False		False	False	-0.040858079050479126	-0.08505617864030657	0.0033400205393483116
skin	R-MMU-983169_CLASS_I_MHC_MEDIATED_ANTIGEN_PROCESSING_PRESENTATION	0.1868713296072125	0.04562113693026737	-0.09182165168660279			False	False	0.8384879725085911	True	False	0.04562113693026737	-0.09182165168660279	0.1868713296072125
skin	R-MMU-983189_KINESINS	-0.006855727374422825		0.0001084098904718207			False	False	0.24054982817869416	False	False	-0.003373658741975502	-0.006855727374422825	0.0001084098904718207
skin	R-MMU-983231_FACTORS_INVOLVED_IN_MEGAKARYOCYTE_DEVELOPMENT_AND_PLATELET_PRODUCTION	0.07077514292215135	-0.10638107173503768	-0.004610556212168604			False	False	0.5498281786941581	True	False	-0.004610556212168604	-0.10638107173503768	0.07077514292215135
skin	R-MMU-9833482_PKR_MEDIATED_SIGNALING	0.00018918246656392866	0.004421199354783096				False	False	0.01718213058419244	False	True	0.0023051909106735122	0.00018918246656392866	0.004421199354783096
skin	R-MMU-983712_ION_CHANNEL_TRANSPORT	-0.12150493960756686	-0.14724218437037048	-0.08823550437444627			False	False	0.711340206185567	True	True	-0.12150493960756686	-0.14724218437037048	-0.08823550437444627
skin	R-MMU-9841922_MLL4_AND_MLL3_COMPLEXES_REGULATE_EXPRESSION_OF_PPARG_TARGET_GENES_IN_ADIPOGENESIS_AND_HEPATIC_STEATOSIS	-0.0005710409014681889	-0.058723937763898205				False	False	0.037800687285223365	False	True	-0.029647489332683196	-0.058723937763898205	-0.0005710409014681889
skin	R-MMU-9842860_REGULATION_OF_ENDOGENOUS_RETROELEMENTS	0.14080179072286902	0.043509645915204696	0.20894078746033154			False	False	0.7525773195876289	True	True	0.14080179072286902	0.043509645915204696	0.20894078746033154
skin	R-MMU-9843940_REGULATION_OF_ENDOGENOUS_RETROELEMENTS_BY_KRAB_ZFP_PROTEINS	0.0042351543684436485	0.07647515497789735				False	False	0.18900343642611683	False	True	0.040355154673170496	0.0042351543684436485	0.07647515497789735
skin	R-MMU-9851695_EPIGENETIC_REGULATION_OF_ADIPOGENESIS_GENES_BY_MLL3_AND_MLL4_COMPLEXES	-0.007060310771959108	-0.01216920600088871				False	False	0.2508591065292096	False	True	-0.009614758386423908	-0.01216920600088871	-0.007060310771959108
skin	R-MMU-9855142_CELLULAR_RESPONSES_TO_MECHANICAL_STIMULI	0.0020182200584715217					False	False	0.10996563573883161	False	True	0.0020182200584715217	0.0020182200584715217	0.0020182200584715217
skin	R-MMU-9860931_RESPONSE_OF_ENDOTHELIAL_CELLS_TO_SHEAR_STRESS			-0.012459459176084086			False	False		False	True	-0.012459459176084086	-0.012459459176084086	-0.012459459176084086
skin	R-MMU-9909648_REGULATION_OF_PD_L1_CD274_EXPRESSION	-0.022455780406902357	-0.005301921046766126				False	False	0.33676975945017185	False	True	-0.013878850726834242	-0.022455780406902357	-0.005301921046766126
skin	R-MMU-9909649_REGULATION_OF_PD_L1_CD274_TRANSCRIPTION	-0.004533542782835141	0.0007084259539943306	-0.3122095185320973			False	False	0.19931271477663232	True	False	-0.004533542782835141	-0.3122095185320973	0.0007084259539943306
skin	R-MMU-9913351_FORMATION_OF_THE_DYSTROPHIN_GLYCOPROTEIN_COMPLEX_DGC	0.09382670831580675	0.04433730203954766	0.24368841408375863			False	False	0.6185567010309279	True	True	0.09382670831580675	0.04433730203954766	0.24368841408375863
skin	R-MMU-9917777_EPIGENETIC_REGULATION_BY_WDR5_CONTAINING_HISTONE_MODIFYING_COMPLEXES	-0.00012611010647749452	0.0054234374733829515	0.010329338930597332			False	False	0.010309278350515464	True	False	0.0054234374733829515	-0.00012611010647749452	0.010329338930597332
skin	R-MMU-9932444_ATP_DEPENDENT_CHROMATIN_REMODELERS	-0.10445112425236576	-0.1280944315207886	-0.1756723376639744			False	False	0.6529209621993127	True	True	-0.1280944315207886	-0.1756723376639744	-0.10445112425236576
skin	R-MMU-9937848_CHD_CHROMATIN_REMODELERS	-0.04932401256502658	-0.17752762890198293	0.04809239357228428			False	False	0.46048109965635736	True	False	-0.04932401256502658	-0.17752762890198293	0.04809239357228428
skin	R-MMU-9937850_NURD_COMPLEX_ASSEMBLY	0.0022519489802830506					False	False	0.12027491408934708	False	True	0.0022519489802830506	0.0022519489802830506	0.0022519489802830506
skin	R-MMU-9940951_INTERACTION_OF_NURD_COMPLEXES_WITH_TRANSCRIPTION_FACTORS	-0.005992087230730372	-0.056664577109263675	-0.032675558400695665			False	False	0.23024054982817868	True	True	-0.032675558400695665	-0.056664577109263675	-0.005992087230730372
skin	R-MMU-9943965_CHD3_CHD4_CHD5_SUBFAMILY	0.0014121966903730225	-0.11361184323537217	-0.07593471413433368			False	False	0.08247422680412371	True	False	-0.07593471413433368	-0.11361184323537217	0.0014121966903730225
skin	R-MMU-9958825_ACTIVATION_OF_STAT3_BY_CADHERIN_ENGAGEMENT		-0.1374823208451401	-0.04979190178394693			False	False		False	True	-0.09363711131454351	-0.1374823208451401	-0.04979190178394693
skin	R-MMU-9958863_SLC_MEDIATED_TRANSPORT_OF_AMINO_ACIDS	-0.1880948586401799	-0.21747780471736222	-0.1773519302394558			False	False	0.845360824742268	True	True	-0.1880948586401799	-0.21747780471736222	-0.1773519302394558
skin	R-MMU-9975921_ASSEMBLY_OF_THE_9_0_PRIMARY_CILIUM			0.04774147459817457			False	False		False	True	0.04774147459817457	0.04774147459817457	0.04774147459817457
soleus	R-MMU-109581_APOPTOSIS	0.26371895361111125	0.024551252740740732				False	False	0.9830508474576272	False	True	0.14413510317592598	0.024551252740740732	0.26371895361111125
soleus	R-MMU-109582_HEMOSTASIS	0.2295372588888882	0.20642385259259285	0.18525644537037037			False	True	0.976271186440678	True	True	0.20642385259259285	0.18525644537037037	0.2295372588888882
soleus	R-MMU-110330_RECOGNITION_AND_ASSOCIATION_OF_DNA_GLYCOSYLASE_WITH_SITE_CONTAINING_AN_AFFECTED_PURINE	-1.8769955185185653e-05	-0.00021475173659259365	-0.0006295602030555559			False	False	0.003389830508474576	True	True	-0.00021475173659259365	-0.0006295602030555559	-1.8769955185185653e-05
soleus	R-MMU-110331_CLEAVAGE_OF_THE_DAMAGED_PURINE	5.2578113518518835e-05	-0.0016540020932962966	0.001449656656222222			False	False	0.010169491525423728	True	False	5.2578113518518835e-05	-0.0016540020932962966	0.001449656656222222
soleus	R-MMU-111885_OPIOID_SIGNALLING	-0.0006627930861481482		-0.00035458085092592625			False	False	0.10508474576271186	False	True	-0.0005086869685370372	-0.0006627930861481482	-0.00035458085092592625
soleus	R-MMU-112314_NEUROTRANSMITTER_RECEPTORS_AND_POSTSYNAPTIC_SIGNAL_TRANSMISSION	-0.008996377080555546		-0.0005922142899629627			False	False	0.5322033898305085	False	True	-0.004794295685259254	-0.008996377080555546	-0.0005922142899629627
soleus	R-MMU-112315_TRANSMISSION_ACROSS_CHEMICAL_SYNAPSES	0.04163876491666674	-0.010924749555555557	-0.03715373120370372			False	False	0.735593220338983	True	False	-0.010924749555555557	-0.03715373120370372	0.04163876491666674
soleus	R-MMU-112316_NEURONAL_SYSTEM	-0.022203954444444562	-0.03577249259259219	0.008224434999999955			False	False	0.6576271186440678	True	False	-0.022203954444444562	-0.03577249259259219	0.008224434999999955
soleus	R-MMU-114608_PLATELET_DEGRANULATION	0.1818508744074074	0.256627719074074	0.18489639984074072			False	False	0.9627118644067797	True	True	0.18489639984074072	0.1818508744074074	0.256627719074074
soleus	R-MMU-1169410_ANTIMICROBIAL_MECHANISM_OF_IFN_STIMULATED_GENES	0.0027002066638518534	0.004569922105851853	-0.0018163040055555546			False	False	0.3423728813559322	True	False	0.0027002066638518534	-0.0018163040055555546	0.004569922105851853
soleus	R-MMU-1257604_PIP3_ACTIVATES_AKT_SIGNALING	-0.12223984303240737	-0.005422377409166668	-0.03794750108296294			False	True	0.9084745762711864	True	True	-0.03794750108296294	-0.12223984303240737	-0.005422377409166668
soleus	R-MMU-1266738_DEVELOPMENTAL_BIOLOGY	-0.03216710592592594	-0.04333249666666639	-0.01380679462962986			False	False	0.7186440677966102	True	True	-0.03216710592592594	-0.04333249666666639	-0.01380679462962986
soleus	R-MMU-1280215_CYTOKINE_SIGNALING_IN_IMMUNE_SYSTEM	-0.07893582536481485	0.09803602555555553	0.011277245740740849	Cytokine signaling	context_sensitive	True	False	0.8338983050847457	True	False	0.011277245740740849	-0.07893582536481485	0.09803602555555553
soleus	R-MMU-1280218_ADAPTIVE_IMMUNE_SYSTEM	0.008464525185185146	0.12044070298148142	0.13493792324074047			False	False	0.5254237288135594	True	True	0.12044070298148142	0.008464525185185146	0.13493792324074047
soleus	R-MMU-1296071_POTASSIUM_CHANNELS	-0.046708392870370395	-0.04829428962962967	0.05818570999999976			False	False	0.7661016949152543	True	False	-0.046708392870370395	-0.04829428962962967	0.05818570999999976
soleus	R-MMU-1296072_VOLTAGE_GATED_POTASSIUM_CHANNELS	0.0058214293203703625	0.07133358732333334	0.05371794931481488			False	False	0.46779661016949153	True	True	0.05371794931481488	0.0058214293203703625	0.07133358732333334
soleus	R-MMU-141424_AMPLIFICATION_OF_SIGNAL_FROM_THE_KINETOCHORES	0.0002221527660740733	-0.0008172604863888894	-0.005045849168759259			False	False	0.04406779661016949	True	False	-0.0008172604863888894	-0.005045849168759259	0.0002221527660740733
soleus	R-MMU-141444_AMPLIFICATION_OF_SIGNAL_FROM_UNATTACHED_KINETOCHORES_VIA_A_MAD2_INHIBITORY_SIGNAL	-0.0004962845837962968	-0.0006389803778703708	0.0003403103634444446			False	False	0.07796610169491526	True	False	-0.0004962845837962968	-0.0006389803778703708	0.0003403103634444446
soleus	R-MMU-1428517_AEROBIC_RESPIRATION_AND_RESPIRATORY_ELECTRON_TRANSPORT	-0.0928252815648148	-0.007940298240740754	-0.053503460370370494			False	False	0.8508474576271187	True	True	-0.053503460370370494	-0.0928252815648148	-0.007940298240740754
soleus	R-MMU-1430728_METABOLISM	0.18089965277777775	0.20195892129629497	0.18869643611111245			False	False	0.9593220338983051	True	True	0.18869643611111245	0.18089965277777775	0.20195892129629497
soleus	R-MMU-1433557_SIGNALING_BY_SCF_KIT	-0.002138654182	0.00040898158398148133	0.002404561827962962			False	False	0.29152542372881357	True	False	0.00040898158398148133	-0.002138654182	0.002404561827962962
soleus	R-MMU-1442490_COLLAGEN_DEGRADATION	0.20723795886851845	0.28695709724074087	0.008363605625555603			False	False	0.9728813559322034	True	True	0.20723795886851845	0.008363605625555603	0.28695709724074087
soleus	R-MMU-1474228_DEGRADATION_OF_THE_EXTRACELLULAR_MATRIX	0.16769317537037023	-0.13639976574074084	0.19768826546296284	Extracellular matrix degradation	complementary	True	True	0.9423728813559322	True	False	0.16769317537037023	-0.13639976574074084	0.19768826546296284
soleus	R-MMU-1474244_EXTRACELLULAR_MATRIX_ORGANIZATION	-0.04304353851851861	-0.004274187777777587	-0.09155150277777742			False	False	0.7423728813559322	True	True	-0.04304353851851861	-0.09155150277777742	-0.004274187777777587
soleus	R-MMU-1474290_COLLAGEN_FORMATION	-0.07610768248148149	0.010377094259259145	-0.04646095157407406			False	False	0.823728813559322	True	False	-0.04646095157407406	-0.07610768248148149	0.010377094259259145
soleus	R-MMU-1483206_GLYCEROPHOSPHOLIPID_BIOSYNTHESIS	0.0047150836494444445		0.0020666752565185183			False	False	0.4406779661016949	False	True	0.0033908794529814816	0.0020666752565185183	0.0047150836494444445
soleus	R-MMU-1483249_INOSITOL_PHOSPHATE_METABOLISM	0.01494987451740741	0.03716269330555557	-0.022089201749999992			False	False	0.6033898305084746	True	False	0.01494987451740741	-0.022089201749999992	0.03716269330555557
soleus	R-MMU-1483255_PI_METABOLISM			0.0007705935405370367			False	False		False	True	0.0007705935405370367	0.0007705935405370367	0.0007705935405370367
soleus	R-MMU-1483257_PHOSPHOLIPID_METABOLISM	0.017175903619537032	0.030317513914814836	-0.007213234192370371			False	False	0.6237288135593221	True	False	0.017175903619537032	-0.007213234192370371	0.030317513914814836
soleus	R-MMU-1500931_CELL_CELL_COMMUNICATION	0.030538651111111054	0.0473885951851852	-0.09620284685185183			False	False	0.7084745762711865	True	False	0.030538651111111054	-0.09620284685185183	0.0473885951851852
soleus	R-MMU-156580_PHASE_II_CONJUGATION_OF_COMPOUNDS	-0.03745375526296296	-0.05784777199999999	0.061020709403703736			False	False	0.7254237288135593	True	False	-0.03745375526296296	-0.05784777199999999	0.061020709403703736
soleus	R-MMU-1566948_ELASTIC_FIBRE_FORMATION	-0.02977111981481484	-0.09846122371851852	-0.1033699257111111			False	False	0.6915254237288135	True	True	-0.09846122371851852	-0.1033699257111111	-0.02977111981481484
soleus	R-MMU-157579_TELOMERE_MAINTENANCE	0.00042653744685185164	-0.002609210134074074	-0.003290588410370369			False	False	0.061016949152542375	True	False	-0.002609210134074074	-0.003290588410370369	0.00042653744685185164
soleus	R-MMU-157858_GAP_JUNCTION_TRAFFICKING_AND_REGULATION		0.00010341384287037084	0.0022623605750000018			False	False		False	True	0.0011828872089351863	0.00010341384287037084	0.0022623605750000018
soleus	R-MMU-15869_METABOLISM_OF_NUCLEOTIDES	-0.022559415379629688	0.013882318759259346	-0.044019343944444546			False	False	0.6644067796610169	True	False	-0.022559415379629688	-0.044019343944444546	0.013882318759259346
soleus	R-MMU-162582_SIGNAL_TRANSDUCTION	0.0930968688888892	0.10997889203703703	0.054725523333333324			False	False	0.8542372881355932	True	True	0.0930968688888892	0.054725523333333324	0.10997889203703703
soleus	R-MMU-1630316_GLYCOSAMINOGLYCAN_METABOLISM	-0.11738103454074077	-0.13580741338888896	-0.11925456461851851	Glycosaminoglycan metabolism	complementary	True	False	0.9016949152542373	True	True	-0.11925456461851851	-0.13580741338888896	-0.11738103454074077
soleus	R-MMU-163125_POST_TRANSLATIONAL_MODIFICATION_SYNTHESIS_OF_GPI_ANCHORED_PROTEINS	0.16310867615740746	0.026797089787037025	0.15203483515740737			False	False	0.9389830508474576	True	True	0.15203483515740737	0.026797089787037025	0.16310867615740746
soleus	R-MMU-1632852_MACROAUTOPHAGY	-0.019226934259259403	-0.033620599629629565	0.027659882777777645			False	False	0.6372881355932203	True	False	-0.019226934259259403	-0.033620599629629565	0.027659882777777645
soleus	R-MMU-163685_INTEGRATION_OF_ENERGY_METABOLISM	-0.00015932720777777723	-0.0648546451574074	-0.07340701169444443			False	False	0.030508474576271188	True	True	-0.0648546451574074	-0.07340701169444443	-0.00015932720777777723
soleus	R-MMU-1638074_KERATAN_SULFATE_KERATIN_METABOLISM			-0.0918952566481482			False	False		False	True	-0.0918952566481482	-0.0918952566481482	-0.0918952566481482
soleus	R-MMU-1640170_CELL_CYCLE	0.33848072999999995	0.30105686185185226	0.29005798444444447			False	False	0.9898305084745763	True	True	0.30105686185185226	0.29005798444444447	0.33848072999999995
soleus	R-MMU-1650814_COLLAGEN_BIOSYNTHESIS_AND_MODIFYING_ENZYMES	-0.01492101252222211	-0.08100770357574075	-0.15256124607407398			False	False	0.6	True	True	-0.08100770357574075	-0.15256124607407398	-0.01492101252222211
soleus	R-MMU-166016_TOLL_LIKE_RECEPTOR_4_TLR4_CASCADE	-0.007958914824907409	-0.001958074048203704	-0.03805497581481478			False	False	0.5152542372881356	True	True	-0.007958914824907409	-0.03805497581481478	-0.001958074048203704
soleus	R-MMU-1660499_SYNTHESIS_OF_PIPS_AT_THE_PLASMA_MEMBRANE	-0.0013608562523148146	-0.00045126628801111135	-0.0026496136672962962			False	False	0.18305084745762712	True	True	-0.0013608562523148146	-0.0026496136672962962	-0.00045126628801111135
soleus	R-MMU-166166_MYD88_INDEPENDENT_TLR4_CASCADE	-0.003863272516851852	0.005240339557777775	0.0007577869577777781			False	False	0.4101694915254237	True	False	0.0007577869577777781	-0.003863272516851852	0.005240339557777775
soleus	R-MMU-166520_SIGNALING_BY_NTRKS	0.0068118746512962946	-0.0007125512607037036	-0.02377647138787037			False	False	0.49491525423728816	True	False	-0.0007125512607037036	-0.02377647138787037	0.0068118746512962946
soleus	R-MMU-166658_COMPLEMENT_CASCADE	-0.011634636859259223	0.05831903596296306	0.06299032661111108			False	False	0.5796610169491525	True	False	0.05831903596296306	-0.011634636859259223	0.06299032661111108
soleus	R-MMU-166663_INITIAL_TRIGGERING_OF_COMPLEMENT	0.09458341375925912	-0.02827763126666667	-0.00089327533087037			False	False	0.864406779661017	True	False	-0.00089327533087037	-0.02827763126666667	0.09458341375925912
soleus	R-MMU-168138_TOLL_LIKE_RECEPTOR_9_TLR9_CASCADE	-0.007128895543703703	-0.005468658445185188	0.0031169876101851865			False	False	0.5050847457627119	True	False	-0.005468658445185188	-0.007128895543703703	0.0031169876101851865
soleus	R-MMU-168164_TOLL_LIKE_RECEPTOR_3_TLR3_CASCADE	0.004947657602148148	-0.002511654135092592				False	False	0.44745762711864406	False	False	0.0012180017335277778	-0.002511654135092592	0.004947657602148148
soleus	R-MMU-168181_TOLL_LIKE_RECEPTOR_7_8_TLR7_8_CASCADE	-0.003071748698259259	0.003196726744351852	0.0030470585789629627			False	False	0.3694915254237288	True	False	0.0030470585789629627	-0.003071748698259259	0.003196726744351852
soleus	R-MMU-168249_INNATE_IMMUNE_SYSTEM	-0.035760776814814786	0.2476139585951852	0.17165655448148143			False	False	0.7220338983050848	True	False	0.17165655448148143	-0.035760776814814786	0.2476139585951852
soleus	R-MMU-168256_IMMUNE_SYSTEM	0.43541418666666676	0.32799281537037067	0.32508193592592516	Immune-system signaling	context_sensitive	True	True	1.0	True	True	0.32799281537037067	0.32508193592592516	0.43541418666666676
soleus	R-MMU-168643_NUCLEOTIDE_BINDING_DOMAIN_LEUCINE_RICH_REPEAT_CONTAINING_RECEPTOR_NLR_SIGNALING_PATHWAYS	0.0048383092305555545	-0.042028122194444434				False	False	0.4440677966101695	False	False	-0.01859490648194444	-0.042028122194444434	0.0048383092305555545
soleus	R-MMU-168898_TOLL_LIKE_RECEPTOR_CASCADES	0.03040234375651855	0.04595066481481495	0.00637614201601852			False	False	0.7016949152542373	True	True	0.03040234375651855	0.00637614201601852	0.04595066481481495
soleus	R-MMU-170834_SIGNALING_BY_TGF_BETA_RECEPTOR_COMPLEX	-0.0020753475216296305	0.12350684738888888	0.17971650914814827			False	False	0.27796610169491526	True	False	0.12350684738888888	-0.0020753475216296305	0.17971650914814827
soleus	R-MMU-174143_APC_C_MEDIATED_DEGRADATION_OF_CELL_CYCLE_PROTEINS		-0.006502827067407406				False	False		False	True	-0.006502827067407406	-0.006502827067407406	-0.006502827067407406
soleus	R-MMU-174824_PLASMA_LIPOPROTEIN_ASSEMBLY_REMODELING_AND_CLEARANCE	0.006684074934814858	0.13704321420185187	0.4246299053814815			False	False	0.4847457627118644	True	True	0.13704321420185187	0.006684074934814858	0.4246299053814815
soleus	R-MMU-177929_SIGNALING_BY_EGFR		-0.0017731280806666666	-0.0031223103972222214			False	False		False	True	-0.002447719238944444	-0.0031223103972222214	-0.0017731280806666666
soleus	R-MMU-1852241_ORGANELLE_BIOGENESIS_AND_MAINTENANCE	0.0037344696701481477	-0.0026553445870555557	0.0011051571672222222			False	False	0.39322033898305087	True	False	0.0011051571672222222	-0.0026553445870555557	0.0037344696701481477
soleus	R-MMU-186797_SIGNALING_BY_PDGF	0.04863130166296296	-0.001007526530555556	0.007645875447351851			False	False	0.7796610169491526	True	False	0.007645875447351851	-0.001007526530555556	0.04863130166296296
soleus	R-MMU-190236_SIGNALING_BY_FGFR	-0.031369092420740735	-0.022639917340740747				False	False	0.711864406779661	False	True	-0.027004504880740743	-0.031369092420740735	-0.022639917340740747
soleus	R-MMU-190828_GAP_JUNCTION_TRAFFICKING	-0.001696728805092593					False	False	0.23728813559322035	False	True	-0.001696728805092593	-0.001696728805092593	-0.001696728805092593
soleus	R-MMU-190861_GAP_JUNCTION_ASSEMBLY			-0.001167924807888889			False	False		False	True	-0.001167924807888889	-0.001167924807888889	-0.001167924807888889
soleus	R-MMU-193648_NRAGE_SIGNALS_DEATH_THROUGH_JNK	0.0006796207936981485	0.001715588496111111	-0.0013641364292592596			False	False	0.10847457627118644	True	False	0.0006796207936981485	-0.0013641364292592596	0.001715588496111111
soleus	R-MMU-193704_P75_NTR_RECEPTOR_MEDIATED_SIGNALLING	-0.0019380456677777775	-0.0035478425184814802	-0.003936255279999999			False	False	0.2576271186440678	True	True	-0.0035478425184814802	-0.003936255279999999	-0.0019380456677777775
soleus	R-MMU-194138_SIGNALING_BY_VEGF	-0.09950242181111112	-0.10429779057407408	0.010668731929444444			False	False	0.8779661016949153	True	False	-0.09950242181111112	-0.10429779057407408	0.010668731929444444
soleus	R-MMU-194315_SIGNALING_BY_RHO_GTPASES	0.17731494666666678	0.11750851509074083	0.05946587907407408			False	False	0.9559322033898305	True	True	0.11750851509074083	0.05946587907407408	0.17731494666666678
soleus	R-MMU-195258_RHO_GTPASE_EFFECTORS	0.054215366883333345	0.00019993961175555504	0.009771211101296293			False	False	0.7864406779661017	True	True	0.009771211101296293	0.00019993961175555504	0.054215366883333345
soleus	R-MMU-195721_SIGNALING_BY_WNT	-0.11190390553703705	0.013117461203703717	-0.07801373962962965			False	False	0.888135593220339	True	False	-0.07801373962962965	-0.11190390553703705	0.013117461203703717
soleus	R-MMU-196849_METABOLISM_OF_WATER_SOLUBLE_VITAMINS_AND_COFACTORS	-0.0015100545058518513	-0.017896003021851847	-0.012710040772592593			False	False	0.21016949152542372	True	True	-0.012710040772592593	-0.017896003021851847	-0.0015100545058518513
soleus	R-MMU-196854_METABOLISM_OF_VITAMINS_AND_COFACTORS	-0.12679809906574077	0.1292658530925924	0.09012656749999999			False	False	0.9152542372881356	True	False	0.09012656749999999	-0.12679809906574077	0.1292658530925924
soleus	R-MMU-1971475_GLYCOSAMINOGLYCAN_PROTEIN_LINKAGE_REGION_BIOSYNTHESIS	-0.0019333117703703706		-0.005022403434629628			False	False	0.2542372881355932	False	True	-0.0034778576024999995	-0.005022403434629628	-0.0019333117703703706
soleus	R-MMU-198933_IMMUNOREGULATORY_INTERACTIONS_BETWEEN_A_LYMPHOID_AND_A_NON_LYMPHOID_CELL	0.06452535137962961	-0.057084817322222224	-0.004127130620370345			False	False	0.8	True	False	-0.004127130620370345	-0.057084817322222224	0.06452535137962961
soleus	R-MMU-199418_NEGATIVE_REGULATION_OF_THE_PI3K_AKT_NETWORK	-0.0014203105972962966	-0.005947400626925926	0.002218353407499999			False	False	0.19661016949152543	True	False	-0.0014203105972962966	-0.005947400626925926	0.002218353407499999
soleus	R-MMU-199977_ER_TO_GOLGI_ANTEROGRADE_TRANSPORT	0.0020644240457259257	0.0006208146127777778	-0.0029077224787037036			False	False	0.2745762711864407	True	False	0.0006208146127777778	-0.0029077224787037036	0.0020644240457259257
soleus	R-MMU-199991_MEMBRANE_TRAFFICKING	0.12953740833333316	0.10833510296296296	0.14828632925925947			False	False	0.9220338983050848	True	True	0.12953740833333316	0.10833510296296296	0.14828632925925947
soleus	R-MMU-201681_TCF_DEPENDENT_SIGNALING_IN_RESPONSE_TO_WNT	-0.03048926368518501	-0.12100653044907411	-0.08068105800740742			False	False	0.7050847457627119	True	True	-0.08068105800740742	-0.12100653044907411	-0.03048926368518501
soleus	R-MMU-2022090_ASSEMBLY_OF_COLLAGEN_FIBRILS_AND_OTHER_MULTIMERIC_STRUCTURES	0.0012555827003703699	-0.003239793491481483	-0.0025297859074074093			False	False	0.17966101694915254	True	False	-0.0025297859074074093	-0.003239793491481483	0.0012555827003703699
soleus	R-MMU-202403_TCR_SIGNALING	0.0003110751799999996	-0.007279314159259249				False	False	0.05423728813559322	False	False	-0.003484119489629625	-0.007279314159259249	0.0003110751799999996
soleus	R-MMU-202424_DOWNSTREAM_TCR_SIGNALING	-0.00022645120025925947	-0.0006962507933333334	-0.026370237018518577			False	False	0.04745762711864407	True	True	-0.0006962507933333334	-0.026370237018518577	-0.00022645120025925947
soleus	R-MMU-202427_PHOSPHORYLATION_OF_CD3_AND_TCR_ZETA_CHAINS			-0.002871435717185186			False	False		False	True	-0.002871435717185186	-0.002871435717185186	-0.002871435717185186
soleus	R-MMU-202433_GENERATION_OF_SECOND_MESSENGER_MOLECULES	-0.0053452168907407414					False	False	0.4576271186440678	False	True	-0.0053452168907407414	-0.0053452168907407414	-0.0053452168907407414
soleus	R-MMU-202733_CELL_SURFACE_INTERACTIONS_AT_THE_VASCULAR_WALL	0.06382681844814819	0.0662187671703704	0.17729080576851863			False	False	0.7966101694915254	True	True	0.0662187671703704	0.06382681844814819	0.17729080576851863
soleus	R-MMU-2029480_FCGAMMA_RECEPTOR_FCGR_DEPENDENT_PHAGOCYTOSIS	0.011850317077777778	-0.007159319555925927	-0.0025298580799999987			False	False	0.5864406779661017	True	False	-0.0025298580799999987	-0.007159319555925927	0.011850317077777778
soleus	R-MMU-2029482_REGULATION_OF_ACTIN_DYNAMICS_FOR_PHAGOCYTIC_CUP_FORMATION	-0.003375392873333332					False	False	0.37966101694915255	False	True	-0.003375392873333332	-0.003375392873333332	-0.003375392873333332
soleus	R-MMU-204998_CELL_DEATH_SIGNALLING_VIA_NRAGE_NRIF_AND_NADE	-0.006073880683703702	-0.000337135816296295	-0.003631022145370369			False	False	0.4745762711864407	True	True	-0.003631022145370369	-0.006073880683703702	-0.000337135816296295
soleus	R-MMU-211859_BIOLOGICAL_OXIDATIONS	-0.17447066966666672	0.05350706676851855	0.012586206262962881			False	False	0.9525423728813559	True	False	0.012586206262962881	-0.17447066966666672	0.05350706676851855
soleus	R-MMU-211945_PHASE_I_FUNCTIONALIZATION_OF_COMPOUNDS	-0.0271748641203704	-0.1221971361851852	-0.015605359037037109			False	False	0.6779661016949152	True	True	-0.0271748641203704	-0.1221971361851852	-0.015605359037037109
soleus	R-MMU-212165_EPIGENETIC_REGULATION_OF_GENE_EXPRESSION	0.00043800400915555503	-0.0030132860238318514	-0.0033756639300000016			False	False	0.06440677966101695	True	False	-0.0030132860238318514	-0.0033756639300000016	0.00043800400915555503
soleus	R-MMU-212300_PRC2_METHYLATES_HISTONES_AND_DNA	-0.015317976211481482	-0.0021956079922400003	-0.0017774003009444442			False	False	0.6067796610169491	True	True	-0.0021956079922400003	-0.015317976211481482	-0.0017774003009444442
soleus	R-MMU-212436_GENERIC_TRANSCRIPTION_PATHWAY	-0.06595550722222214	0.10001861018518514	0.10833588052962968			False	False	0.8067796610169492	True	False	0.10001861018518514	-0.06595550722222214	0.10833588052962968
soleus	R-MMU-2129379_MOLECULES_ASSOCIATED_WITH_ELASTIC_FIBRES	-0.12238201649185186	-0.0015062163375925933	-0.00012573391455555512			False	False	0.911864406779661	True	True	-0.0015062163375925933	-0.12238201649185186	-0.00012573391455555512
soleus	R-MMU-2132295_MHC_CLASS_II_ANTIGEN_PRESENTATION	0.0007884720675925926	0.01483877935185183	0.0463398865185185			False	False	0.12542372881355932	True	True	0.01483877935185183	0.0007884720675925926	0.0463398865185185
soleus	R-MMU-216083_INTEGRIN_CELL_SURFACE_INTERACTIONS	-0.04639589542037037	-0.1434121845092593	-0.14878484349629637			False	False	0.7627118644067796	True	True	-0.1434121845092593	-0.14878484349629637	-0.04639589542037037
soleus	R-MMU-2168880_SCAVENGING_OF_HEME_FROM_PLASMA			0.0004023137540740739			False	False		False	True	0.0004023137540740739	0.0004023137540740739	0.0004023137540740739
soleus	R-MMU-2173782_BINDING_AND_UPTAKE_OF_LIGANDS_BY_SCAVENGER_RECEPTORS		0.13180061625				False	False		False	True	0.13180061625	0.13180061625	0.13180061625
soleus	R-MMU-2173789_TGF_BETA_RECEPTOR_SIGNALING_ACTIVATES_SMADS	-0.0006526806318518531	0.004539893749555555	0.0027718609880555555			False	False	0.1016949152542373	True	False	0.0027718609880555555	-0.0006526806318518531	0.004539893749555555
soleus	R-MMU-2187338_VISUAL_PHOTOTRANSDUCTION	0.0020570375871851853	-0.004196551147833334				False	False	0.2711864406779661	False	False	-0.0010697567803240743	-0.004196551147833334	0.0020570375871851853
soleus	R-MMU-2262752_CELLULAR_RESPONSES_TO_STRESS	0.04498393407407445	-0.06223424055555501	0.01660344222222247			False	False	0.7593220338983051	True	False	0.01660344222222247	-0.06223424055555501	0.04498393407407445
soleus	R-MMU-2299718_CONDENSATION_OF_PROPHASE_CHROMOSOMES	0.012724272025000002	0.2945640754814816	0.0007986062094444447			False	False	0.5898305084745763	True	True	0.012724272025000002	0.0007986062094444447	0.2945640754814816
soleus	R-MMU-2404192_SIGNALING_BY_TYPE_1_INSULIN_LIKE_GROWTH_FACTOR_1_RECEPTOR_IGF1R	-0.005196899436796296	0.0037038203566666654	-7.886797259259295e-05			False	False	0.4542372881355932	True	False	-7.886797259259295e-05	-0.005196899436796296	0.0037038203566666654
soleus	R-MMU-2428924_IGF1R_SIGNALING_CASCADE		0.0009932922387222217				False	False		False	True	0.0009932922387222217	0.0009932922387222217	0.0009932922387222217
soleus	R-MMU-2428928_IRS_RELATED_EVENTS_TRIGGERED_BY_IGF1R	-0.0014762492782592611	-0.0019576692725740744	0.0023239407065185186			False	False	0.2033898305084746	True	False	-0.0014762492782592611	-0.0019576692725740744	0.0023239407065185186
soleus	R-MMU-2454202_FC_EPSILON_RECEPTOR_FCERI_SIGNALING	-0.0037514677894259253	0.009534771388555555				False	False	0.4033898305084746	False	False	0.002891651799564815	-0.0037514677894259253	0.009534771388555555
soleus	R-MMU-2467813_SEPARATION_OF_SISTER_CHROMATIDS	-0.004107119272777778	-0.007227155189481481	-0.00040781092175926005			False	False	0.42033898305084744	True	True	-0.004107119272777778	-0.007227155189481481	-0.00040781092175926005
soleus	R-MMU-2500257_RESOLUTION_OF_SISTER_CHROMATID_COHESION	0.0009254561632592597	0.003906852063333334	-0.003950190391962962			False	False	0.14576271186440679	True	False	0.0009254561632592597	-0.003950190391962962	0.003906852063333334
soleus	R-MMU-2555396_MITOTIC_METAPHASE_AND_ANAPHASE	-0.0021644918231481496	-0.009578335329851853	-0.00012078850725925731			False	False	0.29491525423728815	True	True	-0.0021644918231481496	-0.009578335329851853	-0.00012078850725925731
soleus	R-MMU-2559583_CELLULAR_SENESCENCE	0.024951468888888956	0.15568402931481484	0.11393328737777775			False	False	0.6745762711864407	True	True	0.11393328737777775	0.024951468888888956	0.15568402931481484
soleus	R-MMU-2559586_DNA_DAMAGE_TELOMERE_STRESS_INDUCED_SENESCENCE	0.011492439271111113	0.006745086879333343	0.03459038234537038			False	False	0.5728813559322034	True	True	0.011492439271111113	0.006745086879333343	0.03459038234537038
soleus	R-MMU-2565942_REGULATION_OF_PLK1_ACTIVITY_AT_G2_M_TRANSITION		0.003332376939629629				False	False		False	True	0.003332376939629629	0.003332376939629629	0.003332376939629629
soleus	R-MMU-2672351_STIMULI_SENSING_CHANNELS		-0.013228579221111115				False	False		False	True	-0.013228579221111115	-0.013228579221111115	-0.013228579221111115
soleus	R-MMU-2980736_PEPTIDE_HORMONE_METABOLISM	-0.04472769508333332	-0.06426284420370369	-0.054455199703703716			False	False	0.7559322033898305	True	True	-0.054455199703703716	-0.06426284420370369	-0.04472769508333332
soleus	R-MMU-2990846_SUMOYLATION	-0.004336104851055556	-0.007804859167181479	-0.0017614138100462958			False	False	0.43389830508474575	True	True	-0.004336104851055556	-0.007804859167181479	-0.0017614138100462958
soleus	R-MMU-2995410_NUCLEAR_ENVELOPE_NE_REASSEMBLY		0.0004348736805555556				False	False		False	True	0.0004348736805555556	0.0004348736805555556	0.0004348736805555556
soleus	R-MMU-3000171_NON_INTEGRIN_MEMBRANE_ECM_INTERACTIONS	0.09401046231481484	0.06847983859259248	-0.018808502000000022			False	False	0.8610169491525423	True	False	0.06847983859259248	-0.018808502000000022	0.09401046231481484
soleus	R-MMU-3000178_ECM_PROTEOGLYCANS	0.0001065485314814818	-0.006248454417074075	-0.0006387064616666677			False	False	0.020338983050847456	True	False	-0.0006387064616666677	-0.006248454417074075	0.0001065485314814818
soleus	R-MMU-3108232_SUMO_E3_LIGASES_SUMOYLATE_TARGET_PROTEINS	0.0015598528265	-0.0019015471888888889	0.009449118856481484			False	False	0.2135593220338983	True	False	0.0015598528265	-0.0019015471888888889	0.009449118856481484
soleus	R-MMU-3214841_PKMTS_METHYLATE_HISTONE_LYSINES	0.0005345258124518517	-0.0002997335706666666	-0.0015561424828370377			False	False	0.08135593220338982	True	False	-0.0002997335706666666	-0.0015561424828370377	0.0005345258124518517
soleus	R-MMU-3214842_HDMS_DEMETHYLATE_HISTONES		0.0007039037196407407				False	False		False	True	0.0007039037196407407	0.0007039037196407407	0.0007039037196407407
soleus	R-MMU-3214847_HATS_ACETYLATE_HISTONES	-0.00023830208212037034		-0.002563954034074074			False	False	0.05084745762711865	False	True	-0.0014011280580972223	-0.002563954034074074	-0.00023830208212037034
soleus	R-MMU-3214858_RMTS_METHYLATE_HISTONE_ARGININES	0.0004920505254444445	0.0002939486492592591	-0.004716212574			False	False	0.07457627118644068	True	False	0.0002939486492592591	-0.004716212574	0.0004920505254444445
soleus	R-MMU-3247509_CHROMATIN_MODIFYING_ENZYMES	0.013514966792740743	-0.03508650543703704	-1.1917464444446043e-05			False	False	0.5932203389830508	True	False	-1.1917464444446043e-05	-0.03508650543703704	0.013514966792740743
soleus	R-MMU-3299685_DETOXIFICATION_OF_REACTIVE_OXYGEN_SPECIES			0.0017796153260185195			False	False		False	True	0.0017796153260185195	0.0017796153260185195	0.0017796153260185195
soleus	R-MMU-3371497_HSP90_CHAPERONE_CYCLE_FOR_STEROID_HORMONE_RECEPTORS_SHR_IN_THE_PRESENCE_OF_LIGAND		-0.006653452760925927	-0.000562133124925927			False	False		False	True	-0.003607792942925927	-0.006653452760925927	-0.000562133124925927
soleus	R-MMU-3371556_CELLULAR_RESPONSE_TO_HEAT_STRESS	0.001419285237037038	-0.0052798488925925495				False	False	0.19322033898305085	False	False	-0.001930281827777756	-0.0052798488925925495	0.001419285237037038
soleus	R-MMU-352230_AMINO_ACID_TRANSPORT_ACROSS_THE_PLASMA_MEMBRANE	-0.0002109155169629635		0.08868391239			False	False	0.04067796610169491	False	False	0.044236498436518515	-0.0002109155169629635	0.08868391239
soleus	R-MMU-3700989_TRANSCRIPTIONAL_REGULATION_BY_TP53	0.01959823683064815	-0.1441408516814814	-0.014822594111111123			False	False	0.6406779661016949	True	False	-0.014822594111111123	-0.1441408516814814	0.01959823683064815
soleus	R-MMU-372790_SIGNALING_BY_GPCR	0.34730751083333344	0.14635462320000003	0.09195798592592593			False	False	0.9932203389830508	True	True	0.14635462320000003	0.09195798592592593	0.34730751083333344
soleus	R-MMU-373076_CLASS_A_1_RHODOPSIN_LIKE_RECEPTORS	-0.14255604937037028	0.16852123055925924	0.059440709622222226			False	False	0.9288135593220339	True	False	0.059440709622222226	-0.14255604937037028	0.16852123055925924
soleus	R-MMU-373755_SEMAPHORIN_INTERACTIONS	-0.001179137317148148	-0.00856891342462963	0.002286442574388889			False	False	0.1694915254237288	True	False	-0.001179137317148148	-0.00856891342462963	0.002286442574388889
soleus	R-MMU-373760_L1CAM_INTERACTIONS	-0.009872939474999998	0.0016729832227777785	-0.002200611143148149			False	False	0.5525423728813559	True	False	-0.002200611143148149	-0.009872939474999998	0.0016729832227777785
soleus	R-MMU-375165_NCAM_SIGNALING_FOR_NEURITE_OUT_GROWTH	-0.0005976389461296293	0.0012645934160185185				False	False	0.0847457627118644	False	False	0.0003334772349444446	-0.0005976389461296293	0.0012645934160185185
soleus	R-MMU-375276_PEPTIDE_LIGAND_BINDING_RECEPTORS	0.04738841500000002	0.2531439741481481	0.0018472037062962955			False	False	0.7694915254237288	True	True	0.04738841500000002	0.0018472037062962955	0.2531439741481481
soleus	R-MMU-380108_CHEMOKINE_RECEPTORS_BIND_CHEMOKINES			0.11399194532962953			False	False		False	True	0.11399194532962953	0.11399194532962953	0.11399194532962953
soleus	R-MMU-380320_RECRUITMENT_OF_NUMA_TO_MITOTIC_CENTROSOMES	-0.0008801719469444446	-0.0041617036055555555	0.0018344069434074078			False	False	0.13898305084745763	True	False	-0.0008801719469444446	-0.0041617036055555555	0.0018344069434074078
soleus	R-MMU-381426_REGULATION_OF_INSULIN_LIKE_GROWTH_FACTOR_IGF_TRANSPORT_AND_UPTAKE_BY_INSULIN_LIKE_GROWTH_FACTOR_BINDING_PROTEINS_IGFBPS	0.047880866735185164	0.1159492048888889	-0.04207514554444441			False	False	0.7728813559322034	True	False	0.047880866735185164	-0.04207514554444441	0.1159492048888889
soleus	R-MMU-382551_TRANSPORT_OF_SMALL_MOLECULES	0.16811013537037045	0.16323789388888876	0.14157769518518512			False	False	0.9457627118644067	True	True	0.16323789388888876	0.14157769518518512	0.16811013537037045
soleus	R-MMU-382556_ABC_FAMILY_PROTEIN_MEDIATED_TRANSPORT	0.005653113494444463	-0.0040646401481481504	0.0009544807348147999			False	False	0.4610169491525424	True	False	0.0009544807348147999	-0.0040646401481481504	0.005653113494444463
soleus	R-MMU-383280_NUCLEAR_RECEPTOR_TRANSCRIPTION_PATHWAY		0.017285681867407404				False	False		False	True	0.017285681867407404	0.017285681867407404	0.017285681867407404
soleus	R-MMU-3858494_BETA_CATENIN_INDEPENDENT_WNT_SIGNALING		-0.006090127321574074	0.0009005946255555569			False	False		False	False	-0.002594766348009258	-0.006090127321574074	0.0009005946255555569
soleus	R-MMU-388396_GPCR_DOWNSTREAM_SIGNALLING	-0.0021353329074075647	0.0550921203703704	0.00999159240740736			False	False	0.288135593220339	True	False	0.00999159240740736	-0.0021353329074075647	0.0550921203703704
soleus	R-MMU-388841_REGULATION_OF_T_CELL_ACTIVATION_BY_CD28_FAMILY	0.005101689725111114	0.09860945709259263	0.053430999856666696			False	False	0.45084745762711864	True	True	0.053430999856666696	0.005101689725111114	0.09860945709259263
soleus	R-MMU-389356_CO_STIMULATION_BY_CD28	-0.00018994419090740734	0.0010811392776851848	-0.0027195861657037033			False	False	0.03389830508474576	True	False	-0.00018994419090740734	-0.0027195861657037033	0.0010811392776851848
soleus	R-MMU-389948_CO_INHIBITION_BY_PD_1	-0.08016788916111112	-0.002630337900759259	0.00288941601837037			False	False	0.8372881355932204	True	False	-0.002630337900759259	-0.08016788916111112	0.00288941601837037
soleus	R-MMU-390522_STRIATED_MUSCLE_CONTRACTION	0.09018795722222224	-0.03313615166666691	-0.014670992962963147	Striated-muscle contraction	context_sensitive	True	True	0.847457627118644	True	False	-0.014670992962963147	-0.03313615166666691	0.09018795722222224
soleus	R-MMU-392499_METABOLISM_OF_PROTEINS	0.11339856129629548	0.04487372314814871	0.11223053999999937			False	False	0.8915254237288136	True	True	0.11223053999999937	0.04487372314814871	0.11339856129629548
soleus	R-MMU-397014_MUSCLE_CONTRACTION	0.01903734814814702	0.08922397870370465	0.09597756481481372			False	False	0.6338983050847458	True	True	0.08922397870370465	0.01903734814814702	0.09597756481481372
soleus	R-MMU-416476_G_ALPHA_Q_SIGNALLING_EVENTS	0.009082290703074074	0.025232225153703703	-0.03391366706537037			False	False	0.5389830508474577	True	False	0.009082290703074074	-0.03391366706537037	0.025232225153703703
soleus	R-MMU-416482_G_ALPHA_12_13_SIGNALLING_EVENTS	-0.0020773991222407403	-0.0023077312173814812	0.003422606132444444			False	False	0.28135593220338984	True	False	-0.0020773991222407403	-0.0023077312173814812	0.003422606132444444
soleus	R-MMU-418346_PLATELET_HOMEOSTASIS		0.003550022582222223				False	False		False	True	0.003550022582222223	0.003550022582222223	0.003550022582222223
soleus	R-MMU-418555_G_ALPHA_S_SIGNALLING_EVENTS	0.006894000859666665	-0.03606337377222226	0.0015644068079629636			False	False	0.49830508474576274	True	False	0.0015644068079629636	-0.03606337377222226	0.006894000859666665
soleus	R-MMU-418594_G_ALPHA_I_SIGNALLING_EVENTS	-0.1740394551737037	0.16493819072037041	0.21202641649407408			False	True	0.9491525423728814	True	False	0.16493819072037041	-0.1740394551737037	0.21202641649407408
soleus	R-MMU-418990_ADHERENS_JUNCTIONS_INTERACTIONS	0.009675973192407414	-0.020039335194444438	-0.001425261154107408			False	False	0.5491525423728814	True	False	-0.001425261154107408	-0.020039335194444438	0.009675973192407414
soleus	R-MMU-419037_NCAM1_INTERACTIONS	-0.0004763092933259259	-0.004033413632407407	-0.0058983902294703705			False	False	0.0711864406779661	True	True	-0.004033413632407407	-0.0058983902294703705	-0.0004763092933259259
soleus	R-MMU-421270_CELL_CELL_JUNCTION_ORGANIZATION	0.11693088359259256	0.1014316677222223	0.10955400030555555			False	False	0.8983050847457628	True	True	0.10955400030555555	0.1014316677222223	0.11693088359259256
soleus	R-MMU-422356_REGULATION_OF_INSULIN_SECRETION	0.0014757025984555557	-0.0031794443616666667				False	False	0.2	False	False	-0.0008518708816055555	-0.0031794443616666667	0.0014757025984555557
soleus	R-MMU-422475_AXON_GUIDANCE	-0.04310890449074073	0.008489668981481438	0.07171488231666664			False	False	0.7457627118644068	True	False	0.008489668981481438	-0.04310890449074073	0.07171488231666664
soleus	R-MMU-425407_SLC_MEDIATED_TRANSMEMBRANE_TRANSPORT	-0.12833571190740733	0.09426095381481492	0.030452673444444318			False	False	0.9186440677966101	True	False	0.030452673444444318	-0.12833571190740733	0.09426095381481492
soleus	R-MMU-425410_METAL_ION_SLC_TRANSPORTERS			-0.0011829438591851851			False	False		False	True	-0.0011829438591851851	-0.0011829438591851851	-0.0011829438591851851
soleus	R-MMU-428157_SPHINGOLIPID_METABOLISM	0.01151108499061111	0.03986422704814816	-0.0013025358074074064			False	False	0.576271186440678	True	False	0.01151108499061111	-0.0013025358074074064	0.03986422704814816
soleus	R-MMU-437239_RECYCLING_PATHWAY_OF_L1	0.0008770738557629626					False	False	0.13559322033898305	False	True	0.0008770738557629626	0.0008770738557629626	0.0008770738557629626
soleus	R-MMU-4420097_VEGFA_VEGFR2_PATHWAY	0.001618443155185185	-0.00878557251574074	-0.00045262800238888976			False	False	0.22372881355932203	True	False	-0.00045262800238888976	-0.00878557251574074	0.001618443155185185
soleus	R-MMU-445355_SMOOTH_MUSCLE_CONTRACTION	0.021982437292148146					False	False	0.6542372881355932	False	True	0.021982437292148146	0.021982437292148146	0.021982437292148146
soleus	R-MMU-446203_ASPARAGINE_N_LINKED_GLYCOSYLATION	0.011773288208981483	-0.07151221012314814	-0.014616150009444462			False	False	0.5830508474576271	True	False	-0.014616150009444462	-0.07151221012314814	0.011773288208981483
soleus	R-MMU-446728_CELL_JUNCTION_ORGANIZATION	-0.028016297407407187	0.009837655925925892	0.015560835370370304			False	False	0.6813559322033899	True	False	0.009837655925925892	-0.028016297407407187	0.015560835370370304
soleus	R-MMU-449147_SIGNALING_BY_INTERLEUKINS	0.03205123638888885	0.1039395498703704	0.1877300410442592			False	False	0.7152542372881356	True	True	0.1039395498703704	0.03205123638888885	0.1877300410442592
soleus	R-MMU-451927_INTERLEUKIN_2_FAMILY_SIGNALING	-0.001029195429259259	0.002971166776481481				False	False	0.15932203389830507	False	False	0.000970985673611111	-0.001029195429259259	0.002971166776481481
soleus	R-MMU-453274_MITOTIC_G2_G2_M_PHASES	0.002803132531111112	0.0012166150892592585	-0.002932845285555555			False	False	0.34915254237288135	True	False	0.0012166150892592585	-0.002932845285555555	0.002803132531111112
soleus	R-MMU-453276_REGULATION_OF_MITOTIC_CELL_CYCLE		-0.001805963406574073				False	False		False	True	-0.001805963406574073	-0.001805963406574073	-0.001805963406574073
soleus	R-MMU-453279_MITOTIC_G1_PHASE_AND_G1_S_TRANSITION	0.0029585530354444447	-0.004870369118518518	0.0036745753231481487			False	False	0.3559322033898305	True	False	0.0029585530354444447	-0.004870369118518518	0.0036745753231481487
soleus	R-MMU-4839726_CHROMATIN_ORGANIZATION	-0.008104673333333423	0.0026272653703706497	0.010303952407407483			False	False	0.5186440677966102	True	False	0.0026272653703706497	-0.008104673333333423	0.010303952407407483
soleus	R-MMU-500792_GPCR_LIGAND_BINDING	-0.01870350542592586	-0.09782590022407407	0.19169619719907405			False	False	0.6305084745762712	True	False	-0.01870350542592586	-0.09782590022407407	0.19169619719907405
soleus	R-MMU-512988_INTERLEUKIN_3_INTERLEUKIN_5_AND_GM_CSF_SIGNALING	-0.00241540382537037	0.007622644961981483	-0.0009347640401851844			False	False	0.3254237288135593	True	False	-0.0009347640401851844	-0.00241540382537037	0.007622644961981483
soleus	R-MMU-5173105_O_LINKED_GLYCOSYLATION	-0.04265915357407408	-0.021641653057037042	-0.08609290012962961			False	False	0.7389830508474576	True	True	-0.04265915357407408	-0.08609290012962961	-0.021641653057037042
soleus	R-MMU-5173214_O_GLYCOSYLATION_OF_TSR_DOMAIN_CONTAINING_PROTEINS	-0.09327516782777774	-0.08843812600185182	-0.02745786398074072			False	False	0.8576271186440678	True	True	-0.08843812600185182	-0.09327516782777774	-0.02745786398074072
soleus	R-MMU-5357801_PROGRAMMED_CELL_DEATH		0.1825034487037033	0.28236026388888874			False	False		False	True	0.23243185629629604	0.1825034487037033	0.28236026388888874
soleus	R-MMU-5358351_SIGNALING_BY_HEDGEHOG	-0.002240381499537037	-0.005080676871333334	-3.595186266666545e-05			False	False	0.3050847457627119	True	True	-0.002240381499537037	-0.005080676871333334	-3.595186266666545e-05
soleus	R-MMU-5362517_SIGNALING_BY_RETINOIC_ACID		-0.08677843667037034				False	False		False	True	-0.08677843667037034	-0.08677843667037034	-0.08677843667037034
soleus	R-MMU-556833_METABOLISM_OF_LIPIDS	-0.147234460037037	-0.1616450467592593	-0.11322130138425934			False	False	0.9322033898305084	True	True	-0.147234460037037	-0.1616450467592593	-0.11322130138425934
soleus	R-MMU-5576891_CARDIAC_CONDUCTION	-0.06708452140740744	-0.0839141625925925	0.023633022092592586			False	False	0.8101694915254237	True	False	-0.06708452140740744	-0.0839141625925925	0.023633022092592586
soleus	R-MMU-5578775_ION_HOMEOSTASIS	0.01592747023872222	0.0007593097315370375				False	False	0.6135593220338983	False	True	0.00834338998512963	0.0007593097315370375	0.01592747023872222
soleus	R-MMU-5610787_HEDGEHOG_OFF_STATE	0.0014832448263888897	0.0014760124640925954				False	False	0.20677966101694914	False	True	0.0014796286452407425	0.0014760124640925954	0.0014832448263888897
soleus	R-MMU-5617833_CILIUM_ASSEMBLY	-0.029545031111111175		0.00026314003510000025			False	False	0.688135593220339	False	False	-0.014640945538005587	-0.029545031111111175	0.00026314003510000025
soleus	R-MMU-5621481_C_TYPE_LECTIN_RECEPTORS_CLRS	-0.004485125434259257	0.022582783264388884	0.0033268369069259264			False	False	0.43728813559322033	True	False	0.0033268369069259264	-0.004485125434259257	0.022582783264388884
soleus	R-MMU-5626467_RHO_GTPASES_ACTIVATE_IQGAPS	-0.0022565382433333337	0.0040869349934925915	0.004817895657407407			False	False	0.30847457627118646	True	False	0.0040869349934925915	-0.0022565382433333337	0.004817895657407407
soleus	R-MMU-5628897_TP53_REGULATES_METABOLIC_GENES	0.01074996187374074					False	False	0.5559322033898305	False	True	0.01074996187374074	0.01074996187374074	0.01074996187374074
soleus	R-MMU-5633007_REGULATION_OF_TP53_ACTIVITY	-0.002082050858148148	0.006454814124629628	0.002502222686466667			False	False	0.2847457627118644	True	False	0.002502222686466667	-0.002082050858148148	0.006454814124629628
soleus	R-MMU-5653656_VESICLE_MEDIATED_TRANSPORT	0.09813424870370364	0.04737688388888891	0.09237237703703682			False	True	0.8745762711864407	True	True	0.09237237703703682	0.04737688388888891	0.09813424870370364
soleus	R-MMU-5654736_SIGNALING_BY_FGFR1	-0.001944944064703705	0.006907359967703703				False	False	0.26440677966101694	False	False	0.002481207951499999	-0.001944944064703705	0.006907359967703703
soleus	R-MMU-5663220_RHO_GTPASES_ACTIVATE_FORMINS	-0.0019392707002962957	-0.0024279805892222224	-0.008433383736703702			False	False	0.26101694915254237	True	True	-0.0024279805892222224	-0.008433383736703702	-0.0019392707002962957
soleus	R-MMU-5668541_TNFR2_NON_CANONICAL_NF_KB_PATHWAY	0.0773125400572222	0.09993070889629628	-0.004734961865814814			False	False	0.8271186440677966	True	False	0.0773125400572222	-0.004734961865814814	0.09993070889629628
soleus	R-MMU-5673001_RAF_MAP_KINASE_CASCADE	0.09471221081481478	0.001714862255555551	-0.11860039620370368			False	False	0.8677966101694915	True	False	0.001714862255555551	-0.11860039620370368	0.09471221081481478
soleus	R-MMU-5683057_MAPK_FAMILY_SIGNALING_CASCADES	0.00963205479074074	0.04267300484259263	0.1120345669444444			False	False	0.5457627118644067	True	True	0.04267300484259263	0.00963205479074074	0.1120345669444444
soleus	R-MMU-5684996_MAPK1_MAPK3_SIGNALING	0.08615074557407403	0.14877308962962954	0.06120318551851859			False	False	0.8440677966101695	True	True	0.08615074557407403	0.06120318551851859	0.14877308962962954
soleus	R-MMU-5688426_DEUBIQUITINATION	-0.02405576535925925	0.00384081995037037	-0.008663095046296301			False	False	0.6711864406779661	True	False	-0.008663095046296301	-0.02405576535925925	0.00384081995037037
soleus	R-MMU-5689603_UCH_PROTEINASES	-0.0006068606945925915	0.0014085682846296306				False	False	0.08813559322033898	False	False	0.00040085379501851956	-0.0006068606945925915	0.0014085682846296306
soleus	R-MMU-5689880_UB_SPECIFIC_PROCESSING_PROTEASES	-0.0027830263749444445	-0.02656795080185186	-0.0059833255777778			False	False	0.34576271186440677	True	True	-0.0059833255777778	-0.02656795080185186	-0.0027830263749444445
soleus	R-MMU-5689901_METALLOPROTEASE_DUBS			-0.006187792647925926			False	False		False	True	-0.006187792647925926	-0.006187792647925926	-0.006187792647925926
soleus	R-MMU-5693532_DNA_DOUBLE_STRAND_BREAK_REPAIR	0.01400439430888889	-0.13206358921296293	-0.17206035581481482			False	False	0.5966101694915255	True	False	-0.13206358921296293	-0.17206035581481482	0.01400439430888889
soleus	R-MMU-5693538_HOMOLOGY_DIRECTED_REPAIR	-0.00318508177074074	-0.0015882561605925943				False	False	0.3728813559322034	False	True	-0.002386668965666667	-0.00318508177074074	-0.0015882561605925943
soleus	R-MMU-5693565_RECRUITMENT_AND_ATM_MEDIATED_PHOSPHORYLATION_OF_REPAIR_AND_SIGNALING_PROTEINS_AT_DNA_DOUBLE_STRAND_BREAKS	-0.002452909552407407					False	False	0.3288135593220339	False	True	-0.002452909552407407	-0.002452909552407407	-0.002452909552407407
soleus	R-MMU-5693567_HDR_THROUGH_HOMOLOGOUS_RECOMBINATION_HRR_OR_SINGLE_STRAND_ANNEALING_SSA	-0.007642908405407407	-0.004982008112037035	0.0012292485394444443			False	False	0.511864406779661	True	False	-0.004982008112037035	-0.007642908405407407	0.0012292485394444443
soleus	R-MMU-5693571_NONHOMOLOGOUS_END_JOINING_NHEJ		-0.00010501194648148179	-5.216359424074071e-05			False	False		False	True	-7.858777036111124e-05	-0.00010501194648148179	-5.216359424074071e-05
soleus	R-MMU-5693606_DNA_DOUBLE_STRAND_BREAK_RESPONSE	0.021965924896296302	0.0008601190424074064				False	False	0.6508474576271186	False	True	0.011413021969351855	0.0008601190424074064	0.021965924896296302
soleus	R-MMU-5693607_PROCESSING_OF_DNA_DOUBLE_STRAND_BREAK_ENDS	0.004040690920370369	-7.909200425925925e-05				False	False	0.4135593220338983	False	False	0.001980799458055555	-7.909200425925925e-05	0.004040690920370369
soleus	R-MMU-597592_POST_TRANSLATIONAL_PROTEIN_MODIFICATION	-0.0227367202574074	0.13047635462962956	-0.04458985944444457			False	False	0.6677966101694915	True	False	-0.0227367202574074	-0.04458985944444457	0.13047635462962956
soleus	R-MMU-606279_DEPOSITION_OF_NEW_CENPA_CONTAINING_NUCLEOSOMES_AT_THE_CENTROMERE	0.000990319449111112	0.0003056447170370358	-0.002094257373248148			False	False	0.15593220338983052	True	False	0.0003056447170370358	-0.002094257373248148	0.000990319449111112
soleus	R-MMU-6798695_NEUTROPHIL_DEGRANULATION	0.1966453010574074	0.2025538565092592	0.27342365062962953			False	False	0.9661016949152542	True	True	0.2025538565092592	0.1966453010574074	0.27342365062962953
soleus	R-MMU-6803157_ANTIMICROBIAL_PEPTIDES	0.10331772220296294	0.05205906925925907	0.3394291107833333			False	False	0.8813559322033898	True	True	0.10331772220296294	0.05205906925925907	0.3394291107833333
soleus	R-MMU-6804756_REGULATION_OF_TP53_ACTIVITY_THROUGH_PHOSPHORYLATION		-0.0017028258302037044	-0.0034719834290925923			False	False		False	True	-0.0025874046296481485	-0.0034719834290925923	-0.0017028258302037044
soleus	R-MMU-6805567_KERATINIZATION	0.2595322945481482	0.43500135129629586	0.6541623994444444			False	False	0.9796610169491525	True	True	0.43500135129629586	0.2595322945481482	0.6541623994444444
soleus	R-MMU-6806667_METABOLISM_OF_FAT_SOLUBLE_VITAMINS	-0.0022120778590740743		-0.0018446411137777782			False	False	0.3016949152542373	False	True	-0.002028359486425926	-0.0022120778590740743	-0.0018446411137777782
soleus	R-MMU-6806834_SIGNALING_BY_MET	0.0001437249989814822		-0.014968532761851871			False	False	0.02711864406779661	False	False	-0.0074124038814351945	-0.014968532761851871	0.0001437249989814822
soleus	R-MMU-6807878_COPI_MEDIATED_ANTEROGRADE_TRANSPORT	0.0016084746368333332	0.0021733362847611115				False	False	0.22033898305084745	False	True	0.0018909054607972224	0.0016084746368333332	0.0021733362847611115
soleus	R-MMU-6809371_FORMATION_OF_THE_CORNIFIED_ENVELOPE	0.4029332148148146	0.2744955719444448	0.4504757321481481			False	True	0.9966101694915255	True	True	0.4029332148148146	0.2744955719444448	0.4504757321481481
soleus	R-MMU-6811434_COPI_DEPENDENT_GOLGI_TO_ER_RETROGRADE_TRAFFIC	-0.0024141514068703705	0.17494437483240743	-0.0009888558793333328			False	False	0.3220338983050847	True	False	-0.0009888558793333328	-0.0024141514068703705	0.17494437483240743
soleus	R-MMU-6811442_INTRA_GOLGI_AND_RETROGRADE_GOLGI_TO_ER_TRAFFIC	0.002302862155092593	0.0023070151126666663	-0.005540421288148148			False	False	0.31186440677966104	True	False	0.002302862155092593	-0.005540421288148148	0.0023070151126666663
soleus	R-MMU-6811558_PI5P_PP2A_AND_IER3_REGULATE_PI3K_AKT_SIGNALING	-0.002350152660648148	-0.0005896885455555561	0.0017152151798148147			False	False	0.31864406779661014	True	False	-0.0005896885455555561	-0.002350152660648148	0.0017152151798148147
soleus	R-MMU-68875_MITOTIC_PROPHASE	-0.011415506247777778	-0.0015361708377777765	-0.005388973296481481			False	False	0.5694915254237288	True	True	-0.005388973296481481	-0.011415506247777778	-0.0015361708377777765
soleus	R-MMU-68877_MITOTIC_PROMETAPHASE	0.0019497758170370363	-0.0016839189285925919	-0.0030310187592592617			False	False	0.2677966101694915	True	False	-0.0016839189285925919	-0.0030310187592592617	0.0019497758170370363
soleus	R-MMU-68882_MITOTIC_ANAPHASE	-0.006545377325222222	0.006044250358925926	0.010467516317592596			False	False	0.48135593220338985	True	False	0.006044250358925926	-0.006545377325222222	0.010467516317592596
soleus	R-MMU-68886_M_PHASE	-0.029145614831296296	0.24086972278148144	0.03629199168981481			False	False	0.6847457627118644	True	False	0.03629199168981481	-0.029145614831296296	0.24086972278148144
soleus	R-MMU-69206_G1_S_TRANSITION		-0.0010861370074074078	0.003408079638296296			False	False		False	False	0.0011609713154444442	-0.0010861370074074078	0.003408079638296296
soleus	R-MMU-69231_CYCLIN_D_ASSOCIATED_EVENTS_IN_G1	0.00902309549398148		-0.0018848896667592579			False	False	0.535593220338983	False	False	0.0035691029136111115	-0.0018848896667592579	0.00902309549398148
soleus	R-MMU-69236_G1_PHASE	0.0006809789948148148		0.006128983468333336			False	False	0.11186440677966102	False	True	0.0034049812315740755	0.0006809789948148148	0.006128983468333336
soleus	R-MMU-69242_S_PHASE	0.0023180108518148146	0.0008499712250000004	-0.00027336579927777805			False	False	0.3152542372881356	True	False	0.0008499712250000004	-0.00027336579927777805	0.0023180108518148146
soleus	R-MMU-69275_G2_M_TRANSITION	-0.0037394003062962973	-0.004821075466666667	-0.003135919142222221			False	False	0.4	True	True	-0.0037394003062962973	-0.004821075466666667	-0.003135919142222221
soleus	R-MMU-69278_CELL_CYCLE_MITOTIC	0.0009288354444444794	0.1070214918518518	0.23172947902777782			False	False	0.14915254237288136	True	True	0.1070214918518518	0.0009288354444444794	0.23172947902777782
soleus	R-MMU-69473_G2_M_DNA_DAMAGE_CHECKPOINT	0.0016686524218888891	-0.002756033428277779	0.0023411309997407406			False	False	0.2305084745762712	True	False	0.0016686524218888891	-0.002756033428277779	0.0023411309997407406
soleus	R-MMU-69481_G2_M_CHECKPOINTS	0.006733845432481481	-0.004047205935296296	0.002743662586185186			False	False	0.488135593220339	True	False	0.002743662586185186	-0.004047205935296296	0.006733845432481481
soleus	R-MMU-69618_MITOTIC_SPINDLE_CHECKPOINT	-0.0021758487657777778	0.0011020487953333344	-0.0008732026053703705			False	False	0.2983050847457627	True	False	-0.0008732026053703705	-0.0021758487657777778	0.0011020487953333344
soleus	R-MMU-69620_CELL_CYCLE_CHECKPOINTS	0.009466078277962961	4.432494374074364e-05	0.023905278422407406			False	False	0.5423728813559322	True	True	0.009466078277962961	4.432494374074364e-05	0.023905278422407406
soleus	R-MMU-71291_METABOLISM_OF_AMINO_ACIDS_AND_DERIVATIVES	0.020827927555555587	0.01955690165740757	0.036903685740740544			False	False	0.6440677966101694	True	True	0.020827927555555587	0.01955690165740757	0.036903685740740544
soleus	R-MMU-71387_METABOLISM_OF_CARBOHYDRATES_AND_CARBOHYDRATE_DERIVATIVES	-0.0074903212870370455	0.04447397642592595	0.07697488222222204			False	False	0.5084745762711864	True	False	0.04447397642592595	-0.0074903212870370455	0.07697488222222204
soleus	R-MMU-73857_RNA_POLYMERASE_II_TRANSCRIPTION	-0.030318088148148254	0.019750046851852183	-0.07098953277777764			False	False	0.6983050847457627	True	False	-0.030318088148148254	-0.07098953277777764	0.019750046851852183
soleus	R-MMU-73884_BASE_EXCISION_REPAIR	0.0033960399390370374	-0.002904292641999999	0.003613692289685186			False	False	0.38305084745762713	True	False	0.0033960399390370374	-0.002904292641999999	0.003613692289685186
soleus	R-MMU-73886_CHROMOSOME_MAINTENANCE	-0.004308108535703704	0.12460215101851846	0.005106521949629631			False	False	0.43050847457627117	True	False	0.005106521949629631	-0.004308108535703704	0.12460215101851846
soleus	R-MMU-73887_DEATH_RECEPTOR_SIGNALING	-0.022531180574074106	0.01115365988888887	0.11417599096296298			False	False	0.6610169491525424	True	False	0.01115365988888887	-0.022531180574074106	0.11417599096296298
soleus	R-MMU-73894_DNA_REPAIR	0.14011846759259247	0.23427778759259255	0.22096396962962958	DNA repair	complementary	True	True	0.9254237288135593	True	True	0.22096396962962958	0.14011846759259247	0.23427778759259255
soleus	R-MMU-73927_DEPURINATION	0.0030610188825555564	-0.0020230671598518517	-0.0034360663824814807			False	False	0.36610169491525424	True	False	-0.0020230671598518517	-0.0034360663824814807	0.0030610188825555564
soleus	R-MMU-73929_BASE_EXCISION_REPAIR_AP_SITE_FORMATION	0.0007712551390185186					False	False	0.12203389830508475	False	True	0.0007712551390185186	0.0007712551390185186	0.0007712551390185186
soleus	R-MMU-74160_GENE_EXPRESSION_TRANSCRIPTION	0.10618394185185176	-0.06980046981481484	0.04639079259259319			False	False	0.8847457627118644	True	False	0.04639079259259319	-0.06980046981481484	0.10618394185185176
soleus	R-MMU-74751_INSULIN_RECEPTOR_SIGNALLING_CASCADE			-0.0018347082252777767			False	False		False	True	-0.0018347082252777767	-0.0018347082252777767	-0.0018347082252777767
soleus	R-MMU-74752_SIGNALING_BY_INSULIN_RECEPTOR		0.002110646804388889				False	False		False	True	0.002110646804388889	0.002110646804388889	0.002110646804388889
soleus	R-MMU-75105_FATTY_ACYL_COA_BIOSYNTHESIS		0.0009193873140000003	0.0004263091583333336			False	False		False	True	0.0006728482361666669	0.0004263091583333336	0.0009193873140000003
soleus	R-MMU-76002_PLATELET_ACTIVATION_SIGNALING_AND_AGGREGATION	0.06238720100000004	-0.05984700296296308	0.29032470568518526			False	False	0.7932203389830509	True	False	0.06238720100000004	-0.05984700296296308	0.29032470568518526
soleus	R-MMU-76005_RESPONSE_TO_ELEVATED_PLATELET_CYTOSOLIC_CA2	-0.07818972670370368	0.03684686892962966	0.2665348599351853			False	False	0.8305084745762712	True	False	0.03684686892962966	-0.07818972670370368	0.2665348599351853
soleus	R-MMU-774815_NUCLEOSOME_ASSEMBLY	-0.006107948987037035	6.164948299999965e-05	0.002517011595740741			False	False	0.47796610169491527	True	False	6.164948299999965e-05	-0.006107948987037035	0.002517011595740741
soleus	R-MMU-8848021_SIGNALING_BY_PTK6		-0.02685050296981482	0.0009547499066962962			False	False		False	False	-0.012947876531559262	-0.02685050296981482	0.0009547499066962962
soleus	R-MMU-8852276_THE_ROLE_OF_GTSE1_IN_G2_M_PROGRESSION_AFTER_G2_CHECKPOINT	0.003467025212037037	-0.0015122556159259278	0.00432972684111111			False	False	0.3864406779661017	True	False	0.003467025212037037	-0.0015122556159259278	0.00432972684111111
soleus	R-MMU-8856688_GOLGI_TO_ER_RETROGRADE_TRANSPORT	-0.0011967479902777777	0.0012894759483148136	-0.0015281697440740745			False	False	0.17288135593220338	True	False	-0.0011967479902777777	-0.0015281697440740745	0.0012894759483148136
soleus	R-MMU-8856825_CARGO_RECOGNITION_FOR_CLATHRIN_MEDIATED_ENDOCYTOSIS	-0.003313995420740739	0.023011302405555555	0.013873750959925926			False	False	0.376271186440678	True	False	0.013873750959925926	-0.003313995420740739	0.023011302405555555
soleus	R-MMU-8856828_CLATHRIN_MEDIATED_ENDOCYTOSIS	0.06923150832037038	0.005942861037037043	-0.0009280743433703707			False	False	0.8135593220338984	True	False	0.005942861037037043	-0.0009280743433703707	0.06923150832037038
soleus	R-MMU-8874081_MET_ACTIVATES_PTK2_SIGNALING		0.0030827679494851855				False	False		False	True	0.0030827679494851855	0.0030827679494851855	0.0030827679494851855
soleus	R-MMU-8875878_MET_PROMOTES_CELL_MOTILITY	-0.0019078910530518519	-0.0015915028538148156	0.0015182634785185177			False	False	0.25084745762711863	True	False	-0.0015915028538148156	-0.0019078910530518519	0.0015182634785185177
soleus	R-MMU-8878171_TRANSCRIPTIONAL_REGULATION_BY_RUNX1	0.0017569162460370387	-0.0034020679555555548	0.22796150451851852			False	False	0.24067796610169492	True	False	0.0017569162460370387	-0.0034020679555555548	0.22796150451851852
soleus	R-MMU-8936459_RUNX1_REGULATES_GENES_INVOLVED_IN_MEGAKARYOCYTE_DIFFERENTIATION_AND_PLATELET_FUNCTION	-0.007045357316111111	-0.005516298313333327	-0.0016077809749533332			False	False	0.5016949152542373	True	True	-0.005516298313333327	-0.007045357316111111	-0.0016077809749533332
soleus	R-MMU-8939211_ESR_MEDIATED_SIGNALING	-0.017127220667407402	-0.004566533103685185	-0.0011420134060370363			False	False	0.6203389830508474	True	True	-0.004566533103685185	-0.017127220667407402	-0.0011420134060370363
soleus	R-MMU-8948216_COLLAGEN_CHAIN_TRIMERIZATION	-0.004277879481111112	8.871941233333448e-05	-0.08284177056666667			False	False	0.423728813559322	True	False	-0.004277879481111112	-0.08284177056666667	8.871941233333448e-05
soleus	R-MMU-8951664_NEDDYLATION	-0.09729831721814815	-0.11122525099888887	0.22064962018518516			False	False	0.8711864406779661	True	False	-0.09729831721814815	-0.11122525099888887	0.22064962018518516
soleus	R-MMU-8953854_METABOLISM_OF_RNA	-0.003735098333333372	-0.06990032037037046	0.07006117564814807			False	False	0.39661016949152544	True	False	-0.003735098333333372	-0.06990032037037046	0.07006117564814807
soleus	R-MMU-8953897_CELLULAR_RESPONSES_TO_STIMULI	0.05177199388888898	0.03717344537037034	0.07186166537037038			False	False	0.7830508474576271	True	True	0.05177199388888898	0.03717344537037034	0.07186166537037038
soleus	R-MMU-8957275_POST_TRANSLATIONAL_PROTEIN_PHOSPHORYLATION		0.05596330927870372	-0.13349141638703702			False	False		False	False	-0.03876405355416665	-0.13349141638703702	0.05596330927870372
soleus	R-MMU-8957322_METABOLISM_OF_STEROIDS		-0.00594835690472222	0.18831904400518518			False	False		False	False	0.09118534355023147	-0.00594835690472222	0.18831904400518518
soleus	R-MMU-8964043_PLASMA_LIPOPROTEIN_CLEARANCE		0.0798756756185185				False	False		False	True	0.0798756756185185	0.0798756756185185	0.0798756756185185
soleus	R-MMU-8978868_FATTY_ACID_METABOLISM	-0.19826229757407407	-0.1705157967629629	-0.11019873197222226	Fatty-acid metabolism	context_sensitive	True	True	0.9694915254237289	True	True	-0.1705157967629629	-0.19826229757407407	-0.11019873197222226
soleus	R-MMU-8980692_RHOA_GTPASE_CYCLE	0.0001933736277777761	0.2042716993796296	0.008288975878518519			False	False	0.03728813559322034	True	True	0.008288975878518519	0.0001933736277777761	0.2042716993796296
soleus	R-MMU-9006925_INTRACELLULAR_SIGNALING_BY_SECOND_MESSENGERS	-0.02134909670925926	-0.014518282203703691	0.03251753348703704			False	False	0.6474576271186441	True	False	-0.014518282203703691	-0.02134909670925926	0.03251753348703704
soleus	R-MMU-9006927_SIGNALING_BY_NON_RECEPTOR_TYROSINE_KINASES		-0.0002578654158703696	0.004740271513			False	False		False	False	0.002241203048564815	-0.0002578654158703696	0.004740271513
soleus	R-MMU-9006931_SIGNALING_BY_NUCLEAR_RECEPTORS	0.008160058092592534	0.03132582977777774	-0.04415142074074089			False	False	0.5220338983050847	True	False	0.008160058092592534	-0.04415142074074089	0.03132582977777774
soleus	R-MMU-9006934_SIGNALING_BY_RECEPTOR_TYROSINE_KINASES	-0.058751094851851926	0.038081340675925945	0.08878022740740706			False	False	0.7898305084745763	True	False	0.038081340675925945	-0.058751094851851926	0.08878022740740706
soleus	R-MMU-9006936_SIGNALING_BY_TGFB_FAMILY_MEMBERS	-0.040819064092592505	-0.011605685555555653	-0.03908296550000003			False	False	0.7322033898305085	True	True	-0.03908296550000003	-0.040819064092592505	-0.011605685555555653
soleus	R-MMU-9009391_EXTRA_NUCLEAR_ESTROGEN_SIGNALING	6.37825719259262e-05	-0.0014033708245277763	0.002310450034194444			False	False	0.013559322033898305	True	False	6.37825719259262e-05	-0.0014033708245277763	0.002310450034194444
soleus	R-MMU-9012999_RHO_GTPASE_CYCLE	0.06499429855555557	0.07696885974074082	0.029752459666666804			False	False	0.8033898305084746	True	True	0.06499429855555557	0.029752459666666804	0.07696885974074082
soleus	R-MMU-9013026_RHOB_GTPASE_CYCLE	-0.0030352945933333334	0.002364728745	-0.003561601623055556			False	False	0.36271186440677966	True	False	-0.0030352945933333334	-0.003561601623055556	0.002364728745
soleus	R-MMU-9013106_RHOC_GTPASE_CYCLE	-0.0009125564133148143	-0.0002351418877222213	0.0021509650581481485			False	False	0.1423728813559322	True	False	-0.0002351418877222213	-0.0009125564133148143	0.0021509650581481485
soleus	R-MMU-9013148_CDC42_GTPASE_CYCLE	0.0028335481790185183	-0.06423014748148151	-0.07224243446481483			False	False	0.3525423728813559	True	False	-0.06423014748148151	-0.07224243446481483	0.0028335481790185183
soleus	R-MMU-9013149_RAC1_GTPASE_CYCLE	-0.038934864913888895	-0.14381491522222217	-0.12478357527777777			False	False	0.7288135593220338	True	True	-0.12478357527777777	-0.14381491522222217	-0.038934864913888895
soleus	R-MMU-9013404_RAC2_GTPASE_CYCLE	0.0001184721375000005	0.0030475955831481476	0.0028133970006481482			False	False	0.023728813559322035	True	True	0.0028133970006481482	0.0001184721375000005	0.0030475955831481476
soleus	R-MMU-9013406_RHOQ_GTPASE_CYCLE	0.0014008128307592595	0.00292898883712963	0.0012957322672222224			False	False	0.18983050847457628	True	True	0.0014008128307592595	0.0012957322672222224	0.00292898883712963
soleus	R-MMU-9013408_RHOG_GTPASE_CYCLE		0.0025931796187037034	-0.0032117373509629632			False	False		False	False	-0.0003092788661296299	-0.0032117373509629632	0.0025931796187037034
soleus	R-MMU-9013423_RAC3_GTPASE_CYCLE	-0.0016838022549999995	0.002065407969851851	0.002704580800740741			False	False	0.23389830508474577	True	False	0.002065407969851851	-0.0016838022549999995	0.002704580800740741
soleus	R-MMU-9018519_ESTROGEN_DEPENDENT_GENE_EXPRESSION	0.00189690376	0.0003759186841944453	0.0004658418544444447			False	False	0.24745762711864408	True	True	0.0004658418544444447	0.0003759186841944453	0.00189690376
soleus	R-MMU-913531_INTERFERON_SIGNALING	-0.11743010003703692	-0.1638271502240741	-0.14375732799814814			False	False	0.9050847457627119	True	True	-0.14375732799814814	-0.1638271502240741	-0.11743010003703692
soleus	R-MMU-913709_O_LINKED_GLYCOSYLATION_OF_MUCINS			0.11105392062962958			False	False		False	True	0.11105392062962958	0.11105392062962958	0.11105392062962958
soleus	R-MMU-917937_IRON_UPTAKE_AND_TRANSPORT	0.0010344282344814815	-0.000728443553574076				False	False	0.16271186440677965	False	False	0.0001529923404537028	-0.000728443553574076	0.0010344282344814815
soleus	R-MMU-937061_TRIF_TICAM1_MEDIATED_TLR4_SIGNALING	0.00566428116111111	-0.0009740307016666644	-0.001596161671481481			False	False	0.46440677966101696	True	False	-0.0009740307016666644	-0.001596161671481481	0.00566428116111111
soleus	R-MMU-948021_TRANSPORT_TO_THE_GOLGI_AND_SUBSEQUENT_MODIFICATION	-0.0008232848509444444	0.0016199988531481484	-0.031033220676851853			False	False	0.1288135593220339	True	False	-0.0008232848509444444	-0.031033220676851853	0.0016199988531481484
soleus	R-MMU-9609507_PROTEIN_LOCALIZATION	-0.015358355337037046	-0.018052640572222223	-0.007741256184925927			False	False	0.6101694915254238	True	True	-0.015358355337037046	-0.018052640572222223	-0.007741256184925927
soleus	R-MMU-9612973_AUTOPHAGY			-0.003241413303185185			False	False		False	True	-0.003241413303185185	-0.003241413303185185	-0.003241413303185185
soleus	R-MMU-9648025_EML4_AND_NUDC_IN_MITOTIC_SPINDLE_FORMATION	0.0006293910575555549	-0.0010361010392999994	-7.258875711111095e-05			False	False	0.09491525423728814	True	False	-7.258875711111095e-05	-0.0010361010392999994	0.0006293910575555549
soleus	R-MMU-9663891_SELECTIVE_AUTOPHAGY	0.0009874305766666683	0.0037826173485185194	-0.004966858721			False	False	0.15254237288135594	True	False	0.0009874305766666683	-0.004966858721	0.0037826173485185194
soleus	R-MMU-9670095_INHIBITION_OF_DNA_RECOMBINATION_AT_TELOMERE	0.0006262898357407406	0.0003278763570370372	-0.002940095253185186			False	False	0.09152542372881356	True	False	0.0003278763570370372	-0.002940095253185186	0.0006262898357407406
soleus	R-MMU-9675108_NERVOUS_SYSTEM_DEVELOPMENT	-0.06944030440740741	-0.08536290314814815	0.038356833703703686			False	False	0.8203389830508474	True	False	-0.06944030440740741	-0.08536290314814815	0.038356833703703686
soleus	R-MMU-9709957_SENSORY_PERCEPTION	0.16232117815555555	0.16289625201481478	0.13269586451666662			False	False	0.9355932203389831	True	True	0.16232117815555555	0.13269586451666662	0.16289625201481478
soleus	R-MMU-9711123_CELLULAR_RESPONSE_TO_CHEMICAL_STRESS	0.008702910431111112	-0.01311884443574074	-0.011138282846666667			False	False	0.5288135593220339	True	False	-0.011138282846666667	-0.01311884443574074	0.008702910431111112
soleus	R-MMU-9716542_SIGNALING_BY_RHO_GTPASES_MIRO_GTPASES_AND_RHOBTB3	0.06933076436481479	0.13763683444444416	0.1547442039814814			False	False	0.8169491525423729	True	True	0.13763683444444416	0.06933076436481479	0.1547442039814814
soleus	R-MMU-9748784_DRUG_ADME	0.04445680136851852	0.027195008953203714	-0.0006294325907407564			False	False	0.752542372881356	True	False	0.027195008953203714	-0.0006294325907407564	0.04445680136851852
soleus	R-MMU-975138_TRAF6_MEDIATED_INDUCTION_OF_NFKB_AND_MAP_KINASES_UPON_TLR7_8_OR_9_ACTIVATION	0.0006415430176296288	0.00038662461155555583				False	False	0.09830508474576272	False	True	0.0005140838145925923	0.00038662461155555583	0.0006415430176296288
soleus	R-MMU-975155_MYD88_DEPENDENT_CASCADE_INITIATED_ON_ENDOSOME	4.1147165740740344e-05	0.0024450407187777776	-0.001723438062714815			False	False	0.006779661016949152	True	False	4.1147165740740344e-05	-0.001723438062714815	0.0024450407187777776
soleus	R-MMU-975634_RETINOID_METABOLISM_AND_TRANSPORT		-0.0016787689607407408	0.0008612989635925927			False	False		False	False	-0.0004087349985740741	-0.0016787689607407408	0.0008612989635925927
soleus	R-MMU-9759476_REGULATION_OF_HOMOTYPIC_CELL_CELL_ADHESION	-0.011303644156481482	0.009488750545444444	-0.0018472571540740733			False	False	0.5627118644067797	True	False	-0.0018472571540740733	-0.011303644156481482	0.009488750545444444
soleus	R-MMU-9764265_REGULATION_OF_CDH1_EXPRESSION_AND_FUNCTION	-0.0007090809947407397	0.00439648371824074	0.004165499712518519			False	False	0.1152542372881356	True	False	0.004165499712518519	-0.0007090809947407397	0.00439648371824074
soleus	R-MMU-9764274_REGULATION_OF_EXPRESSION_AND_FUNCTION_OF_TYPE_I_CLASSICAL_CADHERINS	0.00404599346537037	-0.007221543925925926	-0.0004054721191296291			False	False	0.41694915254237286	True	False	-0.0004054721191296291	-0.007221543925925926	0.00404599346537037
soleus	R-MMU-9764560_REGULATION_OF_CDH1_GENE_TRANSCRIPTION	0.002588507898388889	-0.005089974716851852	0.00300395681429111			False	False	0.33559322033898303	True	False	0.002588507898388889	-0.005089974716851852	0.00300395681429111
soleus	R-MMU-9764725_NEGATIVE_REGULATION_OF_CDH1_GENE_TRANSCRIPTION	0.0012479400894444452	-0.00014985998237037053	-0.0031927041707407416			False	False	0.17627118644067796	True	False	-0.00014985998237037053	-0.0031927041707407416	0.0012479400894444452
soleus	R-MMU-9769735_INITIATION_OF_COAGULATION_CASCADE	0.0013933983134259253		0.0015885781121851852			False	False	0.1864406779661017	False	True	0.0014909882128055552	0.0013933983134259253	0.0015885781121851852
soleus	R-MMU-9769739_REGULATION_OF_CLOTTING_CASCADE		0.016862472137037066	0.0012215900698148156			False	False		False	True	0.00904203110342594	0.0012215900698148156	0.016862472137037066
soleus	R-MMU-9769740_COAGULATION_PATHWAY	-0.048231056842592594	0.00869916135	0.05660838157407411			False	False	0.7762711864406779	True	False	0.00869916135	-0.048231056842592594	0.05660838157407411
soleus	R-MMU-977606_REGULATION_OF_COMPLEMENT_CASCADE	-0.01607525741481482	-0.12865503148148152	-0.1234605818888889			False	False	0.6169491525423729	True	True	-0.1234605818888889	-0.12865503148148152	-0.01607525741481482
soleus	R-MMU-9818564_EPIGENETIC_REGULATION_OF_GENE_EXPRESSION_BY_MLL3_AND_MLL4_COMPLEXES	0.2683527891111111	0.0011909718662222234	-0.009753678624444444			False	False	0.9864406779661017	True	False	0.0011909718662222234	-0.009753678624444444	0.2683527891111111
soleus	R-MMU-983168_ANTIGEN_PROCESSING_UBIQUITINATION_PROTEASOME_DEGRADATION	0.006775795077037035	-0.023967857340740768	-0.10358936241481483			False	False	0.4915254237288136	True	False	-0.023967857340740768	-0.10358936241481483	0.006775795077037035
soleus	R-MMU-983169_CLASS_I_MHC_MEDIATED_ANTIGEN_PROCESSING_PRESENTATION	-0.02993036353703704	0.17966457022222215	0.13495528111666663			False	False	0.6949152542372882	True	False	0.13495528111666663	-0.02993036353703704	0.17966457022222215
soleus	R-MMU-983189_KINESINS	0.115286135	0.005492698140481482	0.005466037687592594			False	False	0.8949152542372881	True	True	0.005492698140481482	0.005466037687592594	0.115286135
soleus	R-MMU-983231_FACTORS_INVOLVED_IN_MEGAKARYOCYTE_DEVELOPMENT_AND_PLATELET_PRODUCTION	-0.011215051236481482	-0.052639847131444435	0.15895604872129632			False	False	0.559322033898305	True	False	-0.011215051236481482	-0.052639847131444435	0.15895604872129632
soleus	R-MMU-9833482_PKR_MEDIATED_SIGNALING	0.0004514627301851852	0.0024470019525185184	-0.0015321549741962965			False	False	0.06779661016949153	True	False	0.0004514627301851852	-0.0015321549741962965	0.0024470019525185184
soleus	R-MMU-983695_ANTIGEN_ACTIVATES_B_CELL_RECEPTOR_BCR_LEADING_TO_GENERATION_OF_SECOND_MESSENGERS		-0.00042179652712962874				False	False		False	True	-0.00042179652712962874	-0.00042179652712962874	-0.00042179652712962874
soleus	R-MMU-983705_SIGNALING_BY_THE_B_CELL_RECEPTOR_BCR	0.04363636223703707	-0.011381480047222226	0.001848141898407407			False	False	0.7491525423728813	True	False	0.001848141898407407	-0.011381480047222226	0.04363636223703707
soleus	R-MMU-983712_ION_CHANNEL_TRANSPORT	0.011317071796296227	0.08092395907407406	0.018596950092592584			False	False	0.5661016949152542	True	True	0.018596950092592584	0.011317071796296227	0.08092395907407406
soleus	R-MMU-9841922_MLL4_AND_MLL3_COMPLEXES_REGULATE_EXPRESSION_OF_PPARG_TARGET_GENES_IN_ADIPOGENESIS_AND_HEPATIC_STEATOSIS	-0.0026364319905555545	-0.002857789236759259	0.24470195744444445			False	False	0.3389830508474576	True	False	-0.0026364319905555545	-0.002857789236759259	0.24470195744444445
soleus	R-MMU-9842860_REGULATION_OF_ENDOGENOUS_RETROELEMENTS	0.004294344213592593	-0.0025640911031481473	0.0040269033116481475			False	False	0.4271186440677966	True	False	0.0040269033116481475	-0.0025640911031481473	0.004294344213592593
soleus	R-MMU-9843940_REGULATION_OF_ENDOGENOUS_RETROELEMENTS_BY_KRAB_ZFP_PROTEINS	-0.0003261942109259255		-0.000847850566296297			False	False	0.0576271186440678	False	True	-0.0005870223886111113	-0.000847850566296297	-0.0003261942109259255
soleus	R-MMU-9851695_EPIGENETIC_REGULATION_OF_ADIPOGENESIS_GENES_BY_MLL3_AND_MLL4_COMPLEXES	-0.0015967849803888892	-0.02824155735462963	-0.008807658539814814			False	False	0.21694915254237288	True	True	-0.008807658539814814	-0.02824155735462963	-0.0015967849803888892
soleus	R-MMU-9855142_CELLULAR_RESPONSES_TO_MECHANICAL_STIMULI	-0.0008692311173703705	0.0013537185310000001	0.000726128404485185			False	False	0.13220338983050847	True	False	0.000726128404485185	-0.0008692311173703705	0.0013537185310000001
soleus	R-MMU-9860931_RESPONSE_OF_ENDOTHELIAL_CELLS_TO_SHEAR_STRESS	-0.0018689373909999993		-0.0017690209462962972			False	False	0.2440677966101695	False	True	-0.0018189791686481483	-0.0018689373909999993	-0.0017690209462962972
soleus	R-MMU-9909648_REGULATION_OF_PD_L1_CD274_EXPRESSION	-0.0011446501894444444	-0.0013255112525925917	-0.011828525676666654			False	False	0.16610169491525423	True	True	-0.0013255112525925917	-0.011828525676666654	-0.0011446501894444444
soleus	R-MMU-9909649_REGULATION_OF_PD_L1_CD274_TRANSCRIPTION	-0.0016229938081851862	-0.0003407261646296289	-0.004560347602407408			False	False	0.2271186440677966	True	True	-0.0016229938081851862	-0.004560347602407408	-0.0003407261646296289
soleus	R-MMU-9913351_FORMATION_OF_THE_DYSTROPHIN_GLYCOPROTEIN_COMPLEX_DGC	-0.006036974203148149		0.04293178473703701			False	False	0.4711864406779661	False	False	0.01844740526694443	-0.006036974203148149	0.04293178473703701
soleus	R-MMU-9917777_EPIGENETIC_REGULATION_BY_WDR5_CONTAINING_HISTONE_MODIFYING_COMPLEXES	-0.0029996447751111117	0.001234271922333333	0.007118917609444444			False	False	0.3593220338983051	True	False	0.001234271922333333	-0.0029996447751111117	0.007118917609444444
soleus	R-MMU-9932444_ATP_DEPENDENT_CHROMATIN_REMODELERS	0.08318113449999996	-0.0025190671337962972	-0.0018281211324074073			False	False	0.8406779661016949	True	False	-0.0018281211324074073	-0.0025190671337962972	0.08318113449999996
soleus	R-MMU-9937848_CHD_CHROMATIN_REMODELERS	6.458355766666675e-05	0.001017577755444445	-0.040950269833333386			False	False	0.01694915254237288	True	False	6.458355766666675e-05	-0.040950269833333386	0.001017577755444445
soleus	R-MMU-9937850_NURD_COMPLEX_ASSEMBLY			0.0013563294072962949			False	False		False	True	0.0013563294072962949	0.0013563294072962949	0.0013563294072962949
soleus	R-MMU-9940951_INTERACTION_OF_NURD_COMPLEXES_WITH_TRANSCRIPTION_FACTORS	0.0007610693237037029	0.004128893627037038	-0.008026190433703702			False	False	0.11864406779661017	True	False	0.0007610693237037029	-0.008026190433703702	0.004128893627037038
soleus	R-MMU-9943965_CHD3_CHD4_CHD5_SUBFAMILY	0.003527531682037037	-0.0003118349382962967	-0.0069948403114444445			False	False	0.3898305084745763	True	False	-0.0003118349382962967	-0.0069948403114444445	0.003527531682037037
soleus	R-MMU-9955298_SLC_MEDIATED_TRANSPORT_OF_ORGANIC_ANIONS	0.018166869975925936	-0.03912303841666667	-0.053514923962037025			False	False	0.6271186440677966	True	False	-0.03912303841666667	-0.053514923962037025	0.018166869975925936
soleus	R-MMU-9958825_ACTIVATION_OF_STAT3_BY_CADHERIN_ENGAGEMENT	0.0038443663780740756					False	False	0.4067796610169492	False	True	0.0038443663780740756	0.0038443663780740756	0.0038443663780740756
soleus	R-MMU-9958863_SLC_MEDIATED_TRANSPORT_OF_AMINO_ACIDS			-0.0003155028656666656			False	False		False	True	-0.0003155028656666656	-0.0003155028656666656	-0.0003155028656666656
soleus	R-MMU-9975921_ASSEMBLY_OF_THE_9_0_PRIMARY_CILIUM	0.0025883622832592597	0.021478438518518567	0.019349002407407445			False	False	0.33220338983050846	True	True	0.019349002407407445	0.0025883622832592597	0.021478438518518567
thymus	R-MMU-109581_APOPTOSIS	-0.3820839966280702	-0.5051983519473685	-0.24361492625359654			False	True	0.8975265017667845	True	True	-0.3820839966280702	-0.5051983519473685	-0.24361492625359654
thymus	R-MMU-109582_HEMOSTASIS	0.4934601408666669	0.3027286947719293	0.27634138080701753			False	False	0.9363957597173145	True	True	0.3027286947719293	0.27634138080701753	0.4934601408666669
thymus	R-MMU-110330_RECOGNITION_AND_ASSOCIATION_OF_DNA_GLYCOSYLASE_WITH_SITE_CONTAINING_AN_AFFECTED_PURINE	0.007231417448543861	0.006453819091138596	-0.00013768078283508817			False	False	0.2508833922261484	True	False	0.006453819091138596	-0.00013768078283508817	0.007231417448543861
thymus	R-MMU-110331_CLEAVAGE_OF_THE_DAMAGED_PURINE	-0.006198458411629824	-0.006499034663850876	0.006637871767863157			False	False	0.2226148409893993	True	False	-0.006198458411629824	-0.006499034663850876	0.006637871767863157
thymus	R-MMU-111465_APOPTOTIC_CLEAVAGE_OF_CELLULAR_PROTEINS		0.0012512976764298253				False	False		False	True	0.0012512976764298253	0.0012512976764298253	0.0012512976764298253
thymus	R-MMU-111885_OPIOID_SIGNALLING	-0.002674998625891229	-0.0047097699359017545	0.0006757440056745622			False	False	0.12367491166077739	True	False	-0.002674998625891229	-0.0047097699359017545	0.0006757440056745622
thymus	R-MMU-112314_NEUROTRANSMITTER_RECEPTORS_AND_POSTSYNAPTIC_SIGNAL_TRANSMISSION	-0.3581995713786842	-0.44011682332789476	-0.40361692785929826			False	True	0.8798586572438163	True	True	-0.40361692785929826	-0.44011682332789476	-0.3581995713786842
thymus	R-MMU-112315_TRANSMISSION_ACROSS_CHEMICAL_SYNAPSES	-0.05961199186666668	0.07896796065789471	-0.14949283407368422			False	False	0.5159010600706714	True	False	-0.05961199186666668	-0.14949283407368422	0.07896796065789471
thymus	R-MMU-112316_NEURONAL_SYSTEM	0.2127493426315789	0.062438875122807234	0.3025293199473686			False	False	0.7491166077738516	True	True	0.2127493426315789	0.062438875122807234	0.3025293199473686
thymus	R-MMU-114604_GPVI_MEDIATED_ACTIVATION_CASCADE			0.0028460581371228064			False	False		False	True	0.0028460581371228064	0.0028460581371228064	0.0028460581371228064
thymus	R-MMU-114608_PLATELET_DEGRANULATION	0.29924416974736834	0.35186693837789473	0.5826861694754386			False	False	0.8374558303886925	True	True	0.35186693837789473	0.29924416974736834	0.5826861694754386
thymus	R-MMU-1169410_ANTIMICROBIAL_MECHANISM_OF_IFN_STIMULATED_GENES	0.29779971488710527	0.008575849042667385	-0.0038309896538666678			False	False	0.8303886925795053	True	False	0.008575849042667385	-0.0038309896538666678	0.29779971488710527
thymus	R-MMU-1236975_ANTIGEN_PROCESSING_CROSS_PRESENTATION	-0.06105405290519299					False	False	0.5229681978798587	False	True	-0.06105405290519299	-0.06105405290519299	-0.06105405290519299
thymus	R-MMU-1257604_PIP3_ACTIVATES_AKT_SIGNALING	-0.1804037120668071	0.3907366408052702	0.11180874095087723			False	False	0.696113074204947	True	False	0.11180874095087723	-0.1804037120668071	0.3907366408052702
thymus	R-MMU-1266695_INTERLEUKIN_7_SIGNALING		8.156471753482428e-05				False	False		False	True	8.156471753482428e-05	8.156471753482428e-05	8.156471753482428e-05
thymus	R-MMU-1266738_DEVELOPMENTAL_BIOLOGY	0.25972871728070174	0.2912577486736842	0.26210290586666674			False	False	0.8021201413427562	True	True	0.26210290586666674	0.25972871728070174	0.2912577486736842
thymus	R-MMU-1280215_CYTOKINE_SIGNALING_IN_IMMUNE_SYSTEM	0.154039180122807	0.46051630618070194	0.334555504			False	False	0.6643109540636042	True	True	0.334555504	0.154039180122807	0.46051630618070194
thymus	R-MMU-1280218_ADAPTIVE_IMMUNE_SYSTEM	-0.3213933765087721	0.04215189745614025	-0.17103631339228073			False	False	0.8551236749116607	True	False	-0.17103631339228073	-0.3213933765087721	0.04215189745614025
thymus	R-MMU-1296071_POTASSIUM_CHANNELS	-0.34831702943000004	-0.3986892004385789	-0.15933649539824563			False	False	0.8657243816254417	True	True	-0.34831702943000004	-0.3986892004385789	-0.15933649539824563
thymus	R-MMU-141424_AMPLIFICATION_OF_SIGNAL_FROM_THE_KINETOCHORES	0.012178514353887721	-0.0011051875176052632	-0.005724375965385964			False	False	0.3321554770318021	True	False	-0.0011051875176052632	-0.005724375965385964	0.012178514353887721
thymus	R-MMU-141444_AMPLIFICATION_OF_SIGNAL_FROM_UNATTACHED_KINETOCHORES_VIA_A_MAD2_INHIBITORY_SIGNAL	-0.004093864008101754	0.0018659194096719302	0.00011158054355087689			False	False	0.17667844522968199	True	False	0.00011158054355087689	-0.004093864008101754	0.0018659194096719302
thymus	R-MMU-1428517_AEROBIC_RESPIRATION_AND_RESPIRATORY_ELECTRON_TRANSPORT	0.7163978376688599	0.531360553798246	0.6179165441900001			False	True	0.9717314487632509	True	True	0.6179165441900001	0.531360553798246	0.7163978376688599
thymus	R-MMU-1430728_METABOLISM	0.6153945210526309	0.5248435143333334	0.4507373246666669			False	False	0.9575971731448764	True	True	0.5248435143333334	0.4507373246666669	0.6153945210526309
thymus	R-MMU-1433557_SIGNALING_BY_SCF_KIT	-0.022175000066912278	-0.0023786984666666665				False	False	0.4028268551236749	False	True	-0.012276849266789472	-0.022175000066912278	-0.0023786984666666665
thymus	R-MMU-1442490_COLLAGEN_DEGRADATION			0.04590340884210518			False	False		False	True	0.04590340884210518	0.04590340884210518	0.04590340884210518
thymus	R-MMU-1474228_DEGRADATION_OF_THE_EXTRACELLULAR_MATRIX	-0.17964315739649123	-0.18553520828070158	0.37896928145578945			False	False	0.6925795053003534	True	False	-0.17964315739649123	-0.18553520828070158	0.37896928145578945
thymus	R-MMU-1474244_EXTRACELLULAR_MATRIX_ORGANIZATION	0.431807671177193	0.35519557018964926	0.2670200803477193	Extracellular matrix organization	complementary	True	True	0.9081272084805654	True	True	0.35519557018964926	0.2670200803477193	0.431807671177193
thymus	R-MMU-1474290_COLLAGEN_FORMATION	-0.2254498520052631	-0.103581535293193	-0.09996379190877203			False	False	0.7703180212014135	True	True	-0.103581535293193	-0.2254498520052631	-0.09996379190877203
thymus	R-MMU-1483206_GLYCEROPHOSPHOLIPID_BIOSYNTHESIS		-0.0017749910606245616	0.16004858152070173			False	False		False	False	0.07913679523003858	-0.0017749910606245616	0.16004858152070173
thymus	R-MMU-1483249_INOSITOL_PHOSPHATE_METABOLISM		-0.15381722343157894	-0.0006122705986491339			False	False		False	True	-0.07721474701511404	-0.15381722343157894	-0.0006122705986491339
thymus	R-MMU-1483255_PI_METABOLISM		-0.0009520865436105263	-0.00048382214828245637			False	False		False	True	-0.0007179543459464913	-0.0009520865436105263	-0.00048382214828245637
thymus	R-MMU-1483257_PHOSPHOLIPID_METABOLISM	0.02221873291052624	0.1910925252977895	0.22025201116221052			False	False	0.40636042402826855	True	True	0.1910925252977895	0.02221873291052624	0.22025201116221052
thymus	R-MMU-1500931_CELL_CELL_COMMUNICATION	-0.1941045124929825	0.17249144640210531	-0.1520923500578947			False	False	0.7173144876325088	True	False	-0.1520923500578947	-0.1941045124929825	0.17249144640210531
thymus	R-MMU-156580_PHASE_II_CONJUGATION_OF_COMPOUNDS		0.012430588273684129	0.1165172778319298			False	False		False	True	0.06447393305280696	0.012430588273684129	0.1165172778319298
thymus	R-MMU-1566948_ELASTIC_FIBRE_FORMATION	-0.07454713241463157	0.020067868183301075	-0.04424760288105263			False	False	0.5406360424028268	True	False	-0.04424760288105263	-0.07454713241463157	0.020067868183301075
thymus	R-MMU-156827_L13A_MEDIATED_TRANSLATIONAL_SILENCING_OF_CERULOPLASMIN_EXPRESSION		-0.49076218148245604	0.004496444161021054			False	False		False	False	-0.24313286866071748	-0.49076218148245604	0.004496444161021054
thymus	R-MMU-157118_SIGNALING_BY_NOTCH	-0.048904053032666664	0.031970670993684176	0.043151567454561404			False	False	0.4876325088339223	True	False	0.031970670993684176	-0.048904053032666664	0.043151567454561404
thymus	R-MMU-157579_TELOMERE_MAINTENANCE	-0.5554702357489474	-0.4094261297946316	-0.6068961751094737			False	False	0.9469964664310954	True	True	-0.5554702357489474	-0.6068961751094737	-0.4094261297946316
thymus	R-MMU-157858_GAP_JUNCTION_TRAFFICKING_AND_REGULATION	-0.0039798991482061395		-0.018055081388350873			False	False	0.16607773851590105	False	True	-0.011017490268278507	-0.018055081388350873	-0.0039798991482061395
thymus	R-MMU-15869_METABOLISM_OF_NUCLEOTIDES	-1.042990064164298	-0.9700525994382456	-0.802133984941228			False	False	0.9929328621908127	True	True	-0.9700525994382456	-1.042990064164298	-0.802133984941228
thymus	R-MMU-162582_SIGNAL_TRANSDUCTION	0.4515207469824561	0.44150290685964866	0.4319420712807017			False	True	0.9293286219081273	True	True	0.44150290685964866	0.4319420712807017	0.4515207469824561
thymus	R-MMU-1630316_GLYCOSAMINOGLYCAN_METABOLISM	-0.29358011803684203	-0.20561972191403513	0.1426012470561404			False	False	0.823321554770318	True	False	-0.20561972191403513	-0.29358011803684203	0.1426012470561404
thymus	R-MMU-163125_POST_TRANSLATIONAL_MODIFICATION_SYNTHESIS_OF_GPI_ANCHORED_PROTEINS	0.21788610579298245		0.2088408860589473			False	False	0.7597173144876325	False	True	0.21336349592596487	0.2088408860589473	0.21788610579298245
thymus	R-MMU-1632852_MACROAUTOPHAGY			-0.09090950723508776			False	False		False	True	-0.09090950723508776	-0.09090950723508776	-0.09090950723508776
thymus	R-MMU-163685_INTEGRATION_OF_ENERGY_METABOLISM			-0.15768091149298247			False	False		False	True	-0.15768091149298247	-0.15768091149298247	-0.15768091149298247
thymus	R-MMU-1640170_CELL_CYCLE	-0.6041117926684211	-1.3892808665670178	0.12537496675438603			False	False	0.9540636042402827	True	False	-0.6041117926684211	-1.3892808665670178	0.12537496675438603
thymus	R-MMU-1650814_COLLAGEN_BIOSYNTHESIS_AND_MODIFYING_ENZYMES		-0.20353763276491232	0.009752469472982445			False	False		False	False	-0.09689258164596494	-0.20353763276491232	0.009752469472982445
thymus	R-MMU-166016_TOLL_LIKE_RECEPTOR_4_TLR4_CASCADE	0.031172404336975434	0.003389304041894736	0.017729911544210518			False	False	0.43109540636042404	True	True	0.017729911544210518	0.003389304041894736	0.031172404336975434
thymus	R-MMU-1660499_SYNTHESIS_OF_PIPS_AT_THE_PLASMA_MEMBRANE		0.00020218587933157933	-0.0019851669197017544			False	False		False	False	-0.0008914905201850876	-0.0019851669197017544	0.00020218587933157933
thymus	R-MMU-166058_MYD88_MAL_TIRAP_CASCADE_INITIATED_ON_PLASMA_MEMBRANE	-0.0007994056833771941	0.005075043660778948	0.0043093740431929825			False	False	0.038869257950530034	True	False	0.0043093740431929825	-0.0007994056833771941	0.005075043660778948
thymus	R-MMU-166166_MYD88_INDEPENDENT_TLR4_CASCADE	0.31243925484736845	-0.00589831620763772	-0.008795768858367019	Innate TLR signaling	complementary	True	True	0.8480565371024735	True	False	-0.00589831620763772	-0.008795768858367019	0.31243925484736845
thymus	R-MMU-166520_SIGNALING_BY_NTRKS	-0.003272749845128071	-0.0016041220483491228	0.001874919141980702			False	False	0.13780918727915195	True	False	-0.0016041220483491228	-0.003272749845128071	0.001874919141980702
thymus	R-MMU-166658_COMPLEMENT_CASCADE	0.03137142737807019	-0.2830974994333334				False	False	0.43462897526501765	False	False	-0.1258630360276316	-0.2830974994333334	0.03137142737807019
thymus	R-MMU-166663_INITIAL_TRIGGERING_OF_COMPLEMENT			-0.16959688527263148			False	False		False	True	-0.16959688527263148	-0.16959688527263148	-0.16959688527263148
thymus	R-MMU-168138_TOLL_LIKE_RECEPTOR_9_TLR9_CASCADE	0.2682553679054386	-0.000901019949253508	0.009777724533824559			False	False	0.8056537102473498	True	False	0.009777724533824559	-0.000901019949253508	0.2682553679054386
thymus	R-MMU-168142_TOLL_LIKE_RECEPTOR_10_TLR10_CASCADE	-0.006088477011429824	0.00716355597268772	-0.0318504098263158			False	False	0.21554770318021202	True	False	-0.006088477011429824	-0.0318504098263158	0.00716355597268772
thymus	R-MMU-168164_TOLL_LIKE_RECEPTOR_3_TLR3_CASCADE	0.007215181113666351	0.003680705711807017	-0.003624298374017542			False	False	0.24734982332155478	True	False	0.003680705711807017	-0.003624298374017542	0.007215181113666351
thymus	R-MMU-168176_TOLL_LIKE_RECEPTOR_5_TLR5_CASCADE	-0.0011690207621508773	0.0077304441617543854	0.00755959502785965			False	False	0.0636042402826855	True	False	0.00755959502785965	-0.0011690207621508773	0.0077304441617543854
thymus	R-MMU-168179_TOLL_LIKE_RECEPTOR_TLR1_TLR2_CASCADE	0.008470967413829824	0.007216125317982457	0.010964222651901756			False	False	0.2791519434628975	True	True	0.008470967413829824	0.007216125317982457	0.010964222651901756
thymus	R-MMU-168181_TOLL_LIKE_RECEPTOR_7_8_TLR7_8_CASCADE	0.019384032652736843	0.02145915658561402	0.22843547582350876			False	False	0.38869257950530034	True	True	0.02145915658561402	0.019384032652736843	0.22843547582350876
thymus	R-MMU-168188_TOLL_LIKE_RECEPTOR_TLR6_TLR2_CASCADE	-0.008451122027947372		-0.0041113150080701755			False	False	0.2756183745583039	False	True	-0.006281218518008774	-0.008451122027947372	-0.0041113150080701755
thymus	R-MMU-168249_INNATE_IMMUNE_SYSTEM	0.24417848423017544	0.35259169030982457	0.38176446570343864			False	False	0.784452296819788	True	True	0.35259169030982457	0.24417848423017544	0.38176446570343864
thymus	R-MMU-168256_IMMUNE_SYSTEM	0.37255813638596535	0.13307157808771936	0.03378020873684236			False	False	0.8904593639575972	True	True	0.13307157808771936	0.03378020873684236	0.37255813638596535
thymus	R-MMU-168643_NUCLEOTIDE_BINDING_DOMAIN_LEUCINE_RICH_REPEAT_CONTAINING_RECEPTOR_NLR_SIGNALING_PATHWAYS	0.03543483990275613	-0.07840024039877191	-0.006122706610438605			False	False	0.4558303886925795	True	False	-0.006122706610438605	-0.07840024039877191	0.03543483990275613
thymus	R-MMU-168898_TOLL_LIKE_RECEPTOR_CASCADES	0.07799327162456136	0.2076062676864913	0.12544484510947368			False	False	0.5441696113074205	True	True	0.12544484510947368	0.07799327162456136	0.2076062676864913
thymus	R-MMU-170834_SIGNALING_BY_TGF_BETA_RECEPTOR_COMPLEX	0.35329819584263156	-0.004549185659598244	-6.763757036842141e-05			False	False	0.8763250883392226	True	False	-6.763757036842141e-05	-0.004549185659598244	0.35329819584263156
thymus	R-MMU-173623_CLASSICAL_ANTIBODY_MEDIATED_COMPLEMENT_ACTIVATION			0.1256495231217474			False	False		False	True	0.1256495231217474	0.1256495231217474	0.1256495231217474
thymus	R-MMU-174143_APC_C_MEDIATED_DEGRADATION_OF_CELL_CYCLE_PROTEINS		0.001865489239958596	-0.009389448995210527			False	False		False	False	-0.0037619798776259653	-0.009389448995210527	0.001865489239958596
thymus	R-MMU-174824_PLASMA_LIPOPROTEIN_ASSEMBLY_REMODELING_AND_CLEARANCE	0.25512184572403507	0.4133844308245614	0.4073379434561405			False	False	0.7950530035335689	True	True	0.4073379434561405	0.25512184572403507	0.4133844308245614
thymus	R-MMU-177929_SIGNALING_BY_EGFR	-0.01623588795816492	0.07437450042456137	0.1492902059185965			False	False	0.36395759717314485	True	False	0.07437450042456137	-0.01623588795816492	0.1492902059185965
thymus	R-MMU-181438_TOLL_LIKE_RECEPTOR_2_TLR2_CASCADE	1.0194238343859407e-05	-0.004425624719114035	0.0033563084318684196			False	False	0.0035335689045936395	True	False	1.0194238343859407e-05	-0.004425624719114035	0.0033563084318684196
thymus	R-MMU-1852241_ORGANELLE_BIOGENESIS_AND_MAINTENANCE		-0.01221926470757895	0.002321915008771931			False	False		False	False	-0.0049486748494035095	-0.01221926470757895	0.002321915008771931
thymus	R-MMU-186797_SIGNALING_BY_PDGF		-0.1662691111098245	-0.11215105442035087			False	False		False	True	-0.13921008276508767	-0.1662691111098245	-0.11215105442035087
thymus	R-MMU-190828_GAP_JUNCTION_TRAFFICKING		-0.0037154987806505254				False	False		False	True	-0.0037154987806505254	-0.0037154987806505254	-0.0037154987806505254
thymus	R-MMU-193648_NRAGE_SIGNALS_DEATH_THROUGH_JNK	0.002409856170007017		-0.005125764744057895			False	False	0.10247349823321555	False	False	-0.001357954287025439	-0.005125764744057895	0.002409856170007017
thymus	R-MMU-193704_P75_NTR_RECEPTOR_MEDIATED_SIGNALLING	0.007134645345670177	-0.005101630837833332	0.004477156721578947			False	False	0.24381625441696114	True	False	0.004477156721578947	-0.005101630837833332	0.007134645345670177
thymus	R-MMU-194138_SIGNALING_BY_VEGF	-0.002509977024421051	0.13849609159824552	0.18379570182280708			False	False	0.11307420494699646	True	False	0.13849609159824552	-0.002509977024421051	0.18379570182280708
thymus	R-MMU-194315_SIGNALING_BY_RHO_GTPASES	-0.07152736949122795	0.008695558719297924	-0.5304675777			False	False	0.5371024734982333	True	False	-0.07152736949122795	-0.5304675777	0.008695558719297924
thymus	R-MMU-195258_RHO_GTPASE_EFFECTORS	-0.2385832587184035	-0.340573492465614	-0.403359530137544			False	False	0.7809187279151943	True	True	-0.340573492465614	-0.403359530137544	-0.2385832587184035
thymus	R-MMU-195721_SIGNALING_BY_WNT	-0.19924090943684208	0.124811507214035	0.15040195985964902			False	False	0.7314487632508834	True	False	0.124811507214035	-0.19924090943684208	0.15040195985964902
thymus	R-MMU-196849_METABOLISM_OF_WATER_SOLUBLE_VITAMINS_AND_COFACTORS	-0.30792685947000004	-0.0017164188010778333				False	False	0.8445229681978799	False	True	-0.15482163913553892	-0.30792685947000004	-0.0017164188010778333
thymus	R-MMU-196854_METABOLISM_OF_VITAMINS_AND_COFACTORS	-0.22729692280701755	-0.16602348667017539	0.20919300238596494			False	False	0.773851590106007	True	False	-0.16602348667017539	-0.22729692280701755	0.20919300238596494
thymus	R-MMU-198933_IMMUNOREGULATORY_INTERACTIONS_BETWEEN_A_LYMPHOID_AND_A_NON_LYMPHOID_CELL	-0.5009776116961404	-0.6171937039105263	-0.6248517052631578	Lymphoid-stromal interactions	complementary	True	False	0.9399293286219081	True	True	-0.6171937039105263	-0.6248517052631578	-0.5009776116961404
thymus	R-MMU-199418_NEGATIVE_REGULATION_OF_THE_PI3K_AKT_NETWORK	0.009843985347491212	0.045054838229614036	0.014690656167154387			False	False	0.3003533568904594	True	True	0.014690656167154387	0.009843985347491212	0.045054838229614036
thymus	R-MMU-199977_ER_TO_GOLGI_ANTEROGRADE_TRANSPORT	-0.0002267000227403505	0.0036663705321859654				False	False	0.014134275618374558	False	False	0.0017198352547228074	-0.0002267000227403505	0.0036663705321859654
thymus	R-MMU-199991_MEMBRANE_TRAFFICKING	-0.18444182411929824	-0.43679586752807004	-0.3757014414561404			False	False	0.7067137809187279	True	True	-0.3757014414561404	-0.43679586752807004	-0.18444182411929824
thymus	R-MMU-201681_TCF_DEPENDENT_SIGNALING_IN_RESPONSE_TO_WNT	-0.2176325443096491	-0.26435553857578953	-0.3013793981035088			False	False	0.7561837455830389	True	True	-0.26435553857578953	-0.3013793981035088	-0.2176325443096491
thymus	R-MMU-2022090_ASSEMBLY_OF_COLLAGEN_FIBRILS_AND_OTHER_MULTIMERIC_STRUCTURES	-0.11676119980350888	-0.001283039209631579				False	False	0.6007067137809188	False	True	-0.05902211950657023	-0.11676119980350888	-0.001283039209631579
thymus	R-MMU-202403_TCR_SIGNALING	-0.25506835137543843	-0.23954669008771937	-0.19959605137543845	T-cell receptor signaling	aligned	True	True	0.7915194346289752	True	True	-0.23954669008771937	-0.25506835137543843	-0.19959605137543845
thymus	R-MMU-202424_DOWNSTREAM_TCR_SIGNALING			-0.1271657330947193			False	False		False	True	-0.1271657330947193	-0.1271657330947193	-0.1271657330947193
thymus	R-MMU-202427_PHOSPHORYLATION_OF_CD3_AND_TCR_ZETA_CHAINS	-0.03395347318245616					False	False	0.4452296819787986	False	True	-0.03395347318245616	-0.03395347318245616	-0.03395347318245616
thymus	R-MMU-202430_TRANSLOCATION_OF_ZAP_70_TO_IMMUNOLOGICAL_SYNAPSE		-0.017774183632947367				False	False		False	True	-0.017774183632947367	-0.017774183632947367	-0.017774183632947367
thymus	R-MMU-202433_GENERATION_OF_SECOND_MESSENGER_MOLECULES			-0.17326731149122815			False	False		False	True	-0.17326731149122815	-0.17326731149122815	-0.17326731149122815
thymus	R-MMU-202733_CELL_SURFACE_INTERACTIONS_AT_THE_VASCULAR_WALL	0.003443553868245608	-0.07693423416491227	0.058005387734035116			False	False	0.14840989399293286	True	False	0.003443553868245608	-0.07693423416491227	0.058005387734035116
thymus	R-MMU-2029480_FCGAMMA_RECEPTOR_FCGR_DEPENDENT_PHAGOCYTOSIS		0.31840360887035085	0.005590761737061399			False	False		False	True	0.16199718530370613	0.005590761737061399	0.31840360887035085
thymus	R-MMU-2029481_FCGR_ACTIVATION		0.10704537909684209	-0.029421230910877207			False	False		False	False	0.03881207409298244	-0.029421230910877207	0.10704537909684209
thymus	R-MMU-2029485_ROLE_OF_PHOSPHOLIPIDS_IN_PHAGOCYTOSIS	-0.04313376259901404					False	False	0.47703180212014135	False	True	-0.04313376259901404	-0.04313376259901404	-0.04313376259901404
thymus	R-MMU-204998_CELL_DEATH_SIGNALLING_VIA_NRAGE_NRIF_AND_NADE	0.037311040158210525	-0.012161221321598248	-0.01800303484336491			False	False	0.4628975265017668	True	False	-0.012161221321598248	-0.01800303484336491	0.037311040158210525
thymus	R-MMU-211859_BIOLOGICAL_OXIDATIONS	0.13696014114912278	0.2345177054789473	0.042899281228070095			False	False	0.6431095406360424	True	True	0.13696014114912278	0.042899281228070095	0.2345177054789473
thymus	R-MMU-211945_PHASE_I_FUNCTIONALIZATION_OF_COMPOUNDS	-0.13016793200526316	-0.1386565527982458	0.2226055548596491			False	False	0.6254416961130742	True	False	-0.13016793200526316	-0.1386565527982458	0.2226055548596491
thymus	R-MMU-212165_EPIGENETIC_REGULATION_OF_GENE_EXPRESSION		0.18113449366526316	0.005147301877827191			False	False		False	True	0.09314089777154518	0.005147301877827191	0.18113449366526316
thymus	R-MMU-212300_PRC2_METHYLATES_HISTONES_AND_DNA	0.0016389172233666656	-0.011173356977719298	-0.5687084282947369			False	False	0.08480565371024736	True	False	-0.011173356977719298	-0.5687084282947369	0.0016389172233666656
thymus	R-MMU-212436_GENERIC_TRANSCRIPTION_PATHWAY	-0.6303390344845614	-0.056072255719298345	-0.5107341148596491			False	False	0.9611307420494699	True	True	-0.5107341148596491	-0.6303390344845614	-0.056072255719298345
thymus	R-MMU-2129379_MOLECULES_ASSOCIATED_WITH_ELASTIC_FIBRES		-0.13243202966842105	-0.05492407733719298			False	False		False	True	-0.09367805350280702	-0.13243202966842105	-0.05492407733719298
thymus	R-MMU-2132295_MHC_CLASS_II_ANTIGEN_PRESENTATION	0.14154271444298247	0.40833233236842104	0.11872130885964904			False	False	0.6501766784452296	True	True	0.14154271444298247	0.11872130885964904	0.40833233236842104
thymus	R-MMU-2142753_ARACHIDONATE_METABOLISM	0.1738063646845614	-0.0372636267269123	0.1256008965014035			False	False	0.6855123674911661	True	False	0.1256008965014035	-0.0372636267269123	0.1738063646845614
thymus	R-MMU-216083_INTEGRIN_CELL_SURFACE_INTERACTIONS	0.11415631370873684	0.2574857761817544	-0.055630996195017546			False	False	0.5936395759717314	True	False	0.11415631370873684	-0.055630996195017546	0.2574857761817544
thymus	R-MMU-2168880_SCAVENGING_OF_HEME_FROM_PLASMA	0.5057024796403508	0.4464769922280702	0.6578263410701757			False	False	0.9434628975265018	True	True	0.5057024796403508	0.4464769922280702	0.6578263410701757
thymus	R-MMU-2172127_DAP12_INTERACTIONS	0.1560754438789474		0.15006468405684212			False	False	0.6713780918727915	False	True	0.15307006396789474	0.15006468405684212	0.1560754438789474
thymus	R-MMU-2173782_BINDING_AND_UPTAKE_OF_LIGANDS_BY_SCAVENGER_RECEPTORS	0.14041084539859647	-0.12482021540175434	-0.10408568663087717			False	False	0.6466431095406361	True	False	-0.10408568663087717	-0.12482021540175434	0.14041084539859647
thymus	R-MMU-2173789_TGF_BETA_RECEPTOR_SIGNALING_ACTIVATES_SMADS	-0.005035348431982456	0.35646857923273684	0.3098891302865614			False	False	0.1978798586572438	True	False	0.3098891302865614	-0.005035348431982456	0.35646857923273684
thymus	R-MMU-2187338_VISUAL_PHOTOTRANSDUCTION	0.026073098544561406	-0.1312225365484211	-0.13934772771929826			False	False	0.4204946996466431	True	False	-0.1312225365484211	-0.13934772771929826	0.026073098544561406
thymus	R-MMU-2262752_CELLULAR_RESPONSES_TO_STRESS	-0.3810774206982456	-0.07266421135087722	-0.3134365855298246			False	False	0.8939929328621908	True	True	-0.3134365855298246	-0.3810774206982456	-0.07266421135087722
thymus	R-MMU-2299718_CONDENSATION_OF_PROPHASE_CHROMOSOMES	0.012759083014877192	0.00670929887602807	-0.008305625888184212			False	False	0.33568904593639576	True	False	0.00670929887602807	-0.008305625888184212	0.012759083014877192
thymus	R-MMU-2454202_FC_EPSILON_RECEPTOR_FCERI_SIGNALING	-0.05386700970526311	0.1043829901070176	0.07251299245263156			False	False	0.49823321554770317	True	False	0.07251299245263156	-0.05386700970526311	0.1043829901070176
thymus	R-MMU-2467813_SEPARATION_OF_SISTER_CHROMATIDS	0.010397634123442105	0.0002941988314877195	0.007314880603701754			False	False	0.31448763250883394	True	True	0.007314880603701754	0.0002941988314877195	0.010397634123442105
thymus	R-MMU-2500257_RESOLUTION_OF_SISTER_CHROMATID_COHESION	0.011692473654254385	0.006160080767307017	-0.007992294306766668			False	False	0.3286219081272085	True	False	0.006160080767307017	-0.007992294306766668	0.011692473654254385
thymus	R-MMU-2555396_MITOTIC_METAPHASE_AND_ANAPHASE	-0.12760341316771928	-0.0035222892662070174	-0.008720312110210526			False	False	0.6219081272084805	True	True	-0.008720312110210526	-0.12760341316771928	-0.0035222892662070174
thymus	R-MMU-2559580_OXIDATIVE_STRESS_INDUCED_SENESCENCE		0.004222063777754387				False	False		False	True	0.004222063777754387	0.004222063777754387	0.004222063777754387
thymus	R-MMU-2559583_CELLULAR_SENESCENCE	0.05821104696210526	0.0652106217989473	-0.37672070711210526			False	False	0.5123674911660777	True	False	0.05821104696210526	-0.37672070711210526	0.0652106217989473
thymus	R-MMU-2559586_DNA_DAMAGE_TELOMERE_STRESS_INDUCED_SENESCENCE	-1.1341249837282457	-1.197959451036842	-0.8567498589263156			False	False	0.9964664310954063	True	True	-1.1341249837282457	-1.197959451036842	-0.8567498589263156
thymus	R-MMU-2565942_REGULATION_OF_PLK1_ACTIVITY_AT_G2_M_TRANSITION	-0.005898591798782456	0.0027576145106526315	7.53022644192974e-05			False	False	0.21201413427561838	True	False	7.53022644192974e-05	-0.005898591798782456	0.0027576145106526315
thymus	R-MMU-2672351_STIMULI_SENSING_CHANNELS	0.17787761862982462	0.19552089506175435	0.09233529315614031			False	False	0.6890459363957597	True	True	0.17787761862982462	0.09233529315614031	0.19552089506175435
thymus	R-MMU-2730905_ROLE_OF_LAT2_NTAL_LAB_ON_CALCIUM_MOBILIZATION			0.13257765943536842			False	False		False	True	0.13257765943536842	0.13257765943536842	0.13257765943536842
thymus	R-MMU-2871796_FCERI_MEDIATED_MAPK_ACTIVATION		0.06763386224201753				False	False		False	True	0.06763386224201753	0.06763386224201753	0.06763386224201753
thymus	R-MMU-2871809_FCERI_MEDIATED_CA_2_MOBILIZATION			0.25516569878403506			False	False		False	True	0.25516569878403506	0.25516569878403506	0.25516569878403506
thymus	R-MMU-2980736_PEPTIDE_HORMONE_METABOLISM	0.3297276647964912	0.34147895268947365	0.3407982970526316			False	False	0.8586572438162544	True	True	0.3407982970526316	0.3297276647964912	0.34147895268947365
thymus	R-MMU-2990846_SUMOYLATION	-0.006573335241014916	0.013792597707741227	0.008364331577305262			False	False	0.23674911660777384	True	False	0.008364331577305262	-0.006573335241014916	0.013792597707741227
thymus	R-MMU-2995410_NUCLEAR_ENVELOPE_NE_REASSEMBLY		-0.006564012927445614	0.0026460864531412283			False	False		False	False	-0.001958963237152193	-0.006564012927445614	0.0026460864531412283
thymus	R-MMU-3000171_NON_INTEGRIN_MEMBRANE_ECM_INTERACTIONS	0.20710042446666677	0.09261064970526314	0.03767173737192984			False	False	0.7455830388692579	True	True	0.09261064970526314	0.03767173737192984	0.20710042446666677
thymus	R-MMU-3000178_ECM_PROTEOGLYCANS		-0.12034635969298231	0.22774830229298254			False	False		False	False	0.053700971300000115	-0.12034635969298231	0.22774830229298254
thymus	R-MMU-3108232_SUMO_E3_LIGASES_SUMOYLATE_TARGET_PROTEINS	0.010302148370963157	-0.45360672073200015	-0.2413787560738946			False	False	0.30742049469964666	True	False	-0.2413787560738946	-0.45360672073200015	0.010302148370963157
thymus	R-MMU-3214841_PKMTS_METHYLATE_HISTONE_LYSINES		0.00012335014663368422	0.0007092266383157897			False	False		False	True	0.00041628839247473696	0.00012335014663368422	0.0007092266383157897
thymus	R-MMU-3214842_HDMS_DEMETHYLATE_HISTONES	0.0005480115657719297	0.0012856007187375435	-0.002388534620112281			False	False	0.024734982332155476	True	False	0.0005480115657719297	-0.002388534620112281	0.0012856007187375435
thymus	R-MMU-3214847_HATS_ACETYLATE_HISTONES	-0.0013148532088771898	-0.9829368163617545	-0.7923769227887718			False	False	0.0706713780918728	True	True	-0.7923769227887718	-0.9829368163617545	-0.0013148532088771898
thymus	R-MMU-3214858_RMTS_METHYLATE_HISTONE_ARGININES	-0.00010159745292982435	-0.0044998069850105266	-0.44007943655052617			False	False	0.007067137809187279	True	True	-0.0044998069850105266	-0.44007943655052617	-0.00010159745292982435
thymus	R-MMU-3247509_CHROMATIN_MODIFYING_ENZYMES	-0.881874070357193	-0.5631323167354386	0.01400892334822807			False	False	0.9787985865724381	True	False	-0.5631323167354386	-0.881874070357193	0.01400892334822807
thymus	R-MMU-3700989_TRANSCRIPTIONAL_REGULATION_BY_TP53	-0.003920854970000003	-0.577757480382456	-0.20882930105964914			False	False	0.1625441696113074	True	True	-0.20882930105964914	-0.577757480382456	-0.003920854970000003
thymus	R-MMU-372790_SIGNALING_BY_GPCR	0.3611514744842105	-0.12008477036333334	-0.1316419976842104			False	False	0.8833922261484098	True	False	-0.12008477036333334	-0.1316419976842104	0.3611514744842105
thymus	R-MMU-373076_CLASS_A_1_RHODOPSIN_LIKE_RECEPTORS	0.06292022354110526	-0.1935972902280701	0.00032385783684221183			False	False	0.5300353356890459	True	False	0.00032385783684221183	-0.1935972902280701	0.06292022354110526
thymus	R-MMU-373080_CLASS_B_2_SECRETIN_FAMILY_RECEPTORS		-0.029499340603508794	0.0036361092978947295			False	False		False	False	-0.012931615652807033	-0.029499340603508794	0.0036361092978947295
thymus	R-MMU-373755_SEMAPHORIN_INTERACTIONS		0.10538527587017543	0.007412173584561444			False	False		False	True	0.05639872472736844	0.007412173584561444	0.10538527587017543
thymus	R-MMU-373760_L1CAM_INTERACTIONS		-0.010145902993582454				False	False		False	True	-0.010145902993582454	-0.010145902993582454	-0.010145902993582454
thymus	R-MMU-375165_NCAM_SIGNALING_FOR_NEURITE_OUT_GROWTH	-0.007968392704643858					False	False	0.26148409893992935	False	True	-0.007968392704643858	-0.007968392704643858	-0.007968392704643858
thymus	R-MMU-375276_PEPTIDE_LIGAND_BINDING_RECEPTORS	0.0393525242290526	-0.25361793484210515	0.026823954614035105			False	False	0.46996466431095407	True	False	0.026823954614035105	-0.25361793484210515	0.0393525242290526
thymus	R-MMU-380108_CHEMOKINE_RECEPTORS_BIND_CHEMOKINES	-0.13592391386666672	0.08112824674736854	-0.07783879084210524			False	False	0.6395759717314488	True	False	-0.07783879084210524	-0.13592391386666672	0.08112824674736854
thymus	R-MMU-380320_RECRUITMENT_OF_NUMA_TO_MITOTIC_CENTROSOMES	0.002842615577789474	-0.0023224074826859653	0.00405014803849386			False	False	0.127208480565371	True	False	0.002842615577789474	-0.0023224074826859653	0.00405014803849386
thymus	R-MMU-381426_REGULATION_OF_INSULIN_LIKE_GROWTH_FACTOR_IGF_TRANSPORT_AND_UPTAKE_BY_INSULIN_LIKE_GROWTH_FACTOR_BINDING_PROTEINS_IGFBPS	0.18379596324385977	-0.15426502652631613	0.18945991780701743			False	False	0.7031802120141343	True	False	0.18379596324385977	-0.15426502652631613	0.18945991780701743
thymus	R-MMU-382551_TRANSPORT_OF_SMALL_MOLECULES	0.4523729386315788	0.4053903876070176	0.43500714152631603			False	False	0.9328621908127208	True	True	0.43500714152631603	0.4053903876070176	0.4523729386315788
thymus	R-MMU-383280_NUCLEAR_RECEPTOR_TRANSCRIPTION_PATHWAY	0.11680323075418948	-0.0559334920961579	0.12967359133617543			False	False	0.6042402826855123	True	False	0.11680323075418948	-0.0559334920961579	0.12967359133617543
thymus	R-MMU-388396_GPCR_DOWNSTREAM_SIGNALLING	-0.14263905510526328	-0.0474888100175439	0.2010910128421052			False	False	0.6537102473498233	True	False	-0.0474888100175439	-0.14263905510526328	0.2010910128421052
thymus	R-MMU-388841_REGULATION_OF_T_CELL_ACTIVATION_BY_CD28_FAMILY	-0.11004004111052645	-0.24046815270152636	-0.13362432795964915			False	False	0.5901060070671378	True	True	-0.13362432795964915	-0.24046815270152636	-0.11004004111052645
thymus	R-MMU-389356_CO_STIMULATION_BY_CD28		-0.002659210477154561	0.0054986495093543855			False	False		False	False	0.0014197195160999122	-0.002659210477154561	0.0054986495093543855
thymus	R-MMU-389948_CO_INHIBITION_BY_PD_1	0.027969306897192975	-0.08224203452807011	-0.01762328779949123			False	False	0.42402826855123676	True	False	-0.01762328779949123	-0.08224203452807011	0.027969306897192975
thymus	R-MMU-392499_METABOLISM_OF_PROTEINS	-0.36351026859649094	-0.15539284949122828	-0.26221607447368367			False	False	0.8869257950530035	True	True	-0.26221607447368367	-0.36351026859649094	-0.15539284949122828
thymus	R-MMU-397014_MUSCLE_CONTRACTION	0.3850010369807017	0.3385374417228072	0.4042193048094738			False	False	0.901060070671378	True	True	0.3850010369807017	0.3385374417228072	0.4042193048094738
thymus	R-MMU-416476_G_ALPHA_Q_SIGNALLING_EVENTS	0.10058813595438601	0.15611884990526317	0.2869885113578947			False	False	0.5759717314487632	True	True	0.15611884990526317	0.10058813595438601	0.2869885113578947
thymus	R-MMU-416482_G_ALPHA_12_13_SIGNALLING_EVENTS	-0.05445649104	0.002224464155342105	-0.0035579610951824566			False	False	0.5017667844522968	True	False	-0.0035579610951824566	-0.05445649104	0.002224464155342105
thymus	R-MMU-418346_PLATELET_HOMEOSTASIS		-0.27315273457543865	0.0208303099578947			False	False		False	False	-0.12616121230877198	-0.27315273457543865	0.0208303099578947
thymus	R-MMU-418555_G_ALPHA_S_SIGNALLING_EVENTS	-0.0012701099707017826	-0.016289342795087706	0.26433500078596495			False	False	0.06713780918727916	True	False	-0.0012701099707017826	-0.016289342795087706	0.26433500078596495
thymus	R-MMU-418594_G_ALPHA_I_SIGNALLING_EVENTS	0.33078348677543856	0.389866831539649	0.5045848476168421			False	False	0.8621908127208481	True	True	0.389866831539649	0.33078348677543856	0.5045848476168421
thymus	R-MMU-418990_ADHERENS_JUNCTIONS_INTERACTIONS	0.03609394713929824	0.19376496526291226	0.10448452606315786			False	False	0.45936395759717313	True	True	0.10448452606315786	0.03609394713929824	0.19376496526291226
thymus	R-MMU-421270_CELL_CELL_JUNCTION_ORGANIZATION	0.257274383517614	0.19729869389605265	-0.1887315771111579			False	False	0.7985865724381626	True	False	0.19729869389605265	-0.1887315771111579	0.257274383517614
thymus	R-MMU-422356_REGULATION_OF_INSULIN_SECRETION	-0.20432193433105264	0.0007099148049333335	-0.00875636321052627			False	False	0.7385159010600707	True	False	-0.00875636321052627	-0.20432193433105264	0.0007099148049333335
thymus	R-MMU-422475_AXON_GUIDANCE	-0.22430938871929826	-0.21031461086249129	-0.12333541276350882			False	False	0.7632508833922261	True	True	-0.21031461086249129	-0.22430938871929826	-0.12333541276350882
thymus	R-MMU-425407_SLC_MEDIATED_TRANSMEMBRANE_TRANSPORT	0.28818352816140347	-0.18867641523157896	-0.26315165024912274			False	False	0.8197879858657244	True	False	-0.18867641523157896	-0.26315165024912274	0.28818352816140347
thymus	R-MMU-428157_SPHINGOLIPID_METABOLISM			-0.34873472238035086			False	False		False	True	-0.34873472238035086	-0.34873472238035086	-0.34873472238035086
thymus	R-MMU-4420097_VEGFA_VEGFR2_PATHWAY	0.009078628178982456	0.006360169438399998	0.06086502591575438			False	False	0.2862190812720848	True	True	0.009078628178982456	0.006360169438399998	0.06086502591575438
thymus	R-MMU-446203_ASPARAGINE_N_LINKED_GLYCOSYLATION	0.4391501264992983	0.29415466994385964	0.492754527654386			False	False	0.9222614840989399	True	True	0.4391501264992983	0.29415466994385964	0.492754527654386
thymus	R-MMU-446652_INTERLEUKIN_1_FAMILY_SIGNALING			0.1023283589671579			False	False		False	True	0.1023283589671579	0.1023283589671579	0.1023283589671579
thymus	R-MMU-446728_CELL_JUNCTION_ORGANIZATION	0.10353052033974348	0.27522477375789467	-0.19091487912280705			False	False	0.5830388692579506	True	False	0.10353052033974348	-0.19091487912280705	0.27522477375789467
thymus	R-MMU-448424_INTERLEUKIN_17_SIGNALING	-0.014794217758949124					False	False	0.35335689045936397	False	True	-0.014794217758949124	-0.014794217758949124	-0.014794217758949124
thymus	R-MMU-449147_SIGNALING_BY_INTERLEUKINS	0.3138840244210527	-0.18455886607017544	0.008958691122806917			False	False	0.8515901060070671	True	False	0.008958691122806917	-0.18455886607017544	0.3138840244210527
thymus	R-MMU-450294_MAP_KINASE_ACTIVATION	0.0006120195636803508		0.0016190820697143866			False	False	0.03180212014134275	False	True	0.0011155508166973687	0.0006120195636803508	0.0016190820697143866
thymus	R-MMU-451927_INTERLEUKIN_2_FAMILY_SIGNALING	0.005514590390197369	-0.003714824291189474	0.009797528209585961			False	False	0.20848056537102475	True	False	0.005514590390197369	-0.003714824291189474	0.009797528209585961
thymus	R-MMU-453274_MITOTIC_G2_G2_M_PHASES	0.09420380644824562	-0.12123651830385959	0.023366806987087718			False	False	0.5618374558303887	True	False	0.023366806987087718	-0.12123651830385959	0.09420380644824562
thymus	R-MMU-453276_REGULATION_OF_MITOTIC_CELL_CYCLE	-0.009323836040707018	0.0004204063234543854	-0.0020689335043157894			False	False	0.2968197879858657	True	False	-0.0020689335043157894	-0.009323836040707018	0.0004204063234543854
thymus	R-MMU-453279_MITOTIC_G1_PHASE_AND_G1_S_TRANSITION	-0.011676870156740357		0.015927584530859653			False	False	0.3250883392226148	False	False	0.0021253571870596477	-0.011676870156740357	0.015927584530859653
thymus	R-MMU-4839726_CHROMATIN_ORGANIZATION	-0.20145324515789453	-0.26941188569473706	-0.2577514464561404			False	False	0.734982332155477	True	True	-0.2577514464561404	-0.26941188569473706	-0.20145324515789453
thymus	R-MMU-500792_GPCR_LIGAND_BINDING	-0.025269535070175264	0.2701923286492983	-0.06932851352210531			False	False	0.4169611307420495	True	False	-0.025269535070175264	-0.06932851352210531	0.2701923286492983
thymus	R-MMU-512988_INTERLEUKIN_3_INTERLEUKIN_5_AND_GM_CSF_SIGNALING	0.004876799067261403		-0.011778974702571929			False	False	0.19434628975265017	False	False	-0.0034510878176552628	-0.011778974702571929	0.004876799067261403
thymus	R-MMU-5173105_O_LINKED_GLYCOSYLATION	-0.18190173135807014	-0.09005652322184209	-0.015692443404561364			False	False	0.6996466431095406	True	True	-0.09005652322184209	-0.18190173135807014	-0.015692443404561364
thymus	R-MMU-5173214_O_GLYCOSYLATION_OF_TSR_DOMAIN_CONTAINING_PROTEINS			0.12296699716382456			False	False		False	True	0.12296699716382456	0.12296699716382456	0.12296699716382456
thymus	R-MMU-5218859_REGULATED_NECROSIS			0.12238636711929832			False	False		False	True	0.12238636711929832	0.12238636711929832	0.12238636711929832
thymus	R-MMU-5357801_PROGRAMMED_CELL_DEATH	-0.44781356980175424	-0.34390154178421045	-0.3467708292982453			False	False	0.9257950530035336	True	True	-0.3467708292982453	-0.44781356980175424	-0.34390154178421045
thymus	R-MMU-5358351_SIGNALING_BY_HEDGEHOG	-0.018157174945614023	-0.13109922703508764	-0.029071231929824325			False	False	0.37809187279151946	True	True	-0.029071231929824325	-0.13109922703508764	-0.018157174945614023
thymus	R-MMU-556833_METABOLISM_OF_LIPIDS	0.04654046491228077	0.07338301781578929	0.060208860675438555			False	False	0.4840989399293286	True	True	0.060208860675438555	0.04654046491228077	0.07338301781578929
thymus	R-MMU-5576891_CARDIAC_CONDUCTION		-0.03148328998692983	-0.12771913211245614			False	False		False	True	-0.07960121104969298	-0.12771913211245614	-0.03148328998692983
thymus	R-MMU-5578775_ION_HOMEOSTASIS		0.0472918623435088	0.07911683485403509			False	False		False	True	0.06320434859877194	0.0472918623435088	0.07911683485403509
thymus	R-MMU-5610787_HEDGEHOG_OFF_STATE	0.007232382968385964		0.00042738896949122776			False	False	0.254416961130742	False	True	0.003829885968938596	0.00042738896949122776	0.007232382968385964
thymus	R-MMU-5617833_CILIUM_ASSEMBLY	-0.27670884505192983	-0.043747653701754485	-0.08561411015789475			False	False	0.8091872791519434	True	True	-0.08561411015789475	-0.27670884505192983	-0.043747653701754485
thymus	R-MMU-5621481_C_TYPE_LECTIN_RECEPTORS_CLRS	-0.03147401358771932	-0.014197538872771916	0.09849241431789474			False	False	0.4381625441696113	True	False	-0.014197538872771916	-0.03147401358771932	0.09849241431789474
thymus	R-MMU-5626467_RHO_GTPASES_ACTIVATE_IQGAPS		0.0125961286317807				False	False		False	True	0.0125961286317807	0.0125961286317807	0.0125961286317807
thymus	R-MMU-5633007_REGULATION_OF_TP53_ACTIVITY		-0.012414469419842108	0.015012702174070178			False	False		False	False	0.0012991163771140348	-0.012414469419842108	0.015012702174070178
thymus	R-MMU-5653656_VESICLE_MEDIATED_TRANSPORT	0.08664787578456137	-0.09636492584385957	-0.08051347876491226			False	False	0.5547703180212014	True	False	-0.08051347876491226	-0.09636492584385957	0.08664787578456137
thymus	R-MMU-5663220_RHO_GTPASES_ACTIVATE_FORMINS	-0.006171747406361404	0.009806575514070177	-0.014973715282307018			False	False	0.21908127208480566	True	False	-0.006171747406361404	-0.014973715282307018	0.009806575514070177
thymus	R-MMU-5668541_TNFR2_NON_CANONICAL_NF_KB_PATHWAY	-0.1668588294196491	0.014634470203508766	0.14415076961403503			False	False	0.6819787985865724	True	False	0.014634470203508766	-0.1668588294196491	0.14415076961403503
thymus	R-MMU-5673001_RAF_MAP_KINASE_CASCADE	-0.2798681826407018	0.03350024641543862	0.07344285529473686			False	False	0.8127208480565371	True	False	0.03350024641543862	-0.2798681826407018	0.07344285529473686
thymus	R-MMU-5683057_MAPK_FAMILY_SIGNALING_CASCADES	-0.02089108428947365	-0.11479723020877194	-0.16177748278736842			False	False	0.3957597173144876	True	True	-0.11479723020877194	-0.16177748278736842	-0.02089108428947365
thymus	R-MMU-5684996_MAPK1_MAPK3_SIGNALING	0.2991769475456843	0.32866526593157896	-0.4245037069435087			False	False	0.833922261484099	True	False	0.2991769475456843	-0.4245037069435087	0.32866526593157896
thymus	R-MMU-5685942_HDR_THROUGH_HOMOLOGOUS_RECOMBINATION_HRR	-0.016464200730818595		0.0030230123316929815			False	False	0.3674911660777385	False	False	-0.006720594199562807	-0.016464200730818595	0.0030230123316929815
thymus	R-MMU-5688426_DEUBIQUITINATION	-0.22478377491298246	0.2767738249312281	-0.01890114383157897			False	False	0.7667844522968198	True	False	-0.01890114383157897	-0.22478377491298246	0.2767738249312281
thymus	R-MMU-5689603_UCH_PROTEINASES		0.002182978662087719	-0.0074132560834000005			False	False		False	False	-0.0026151387106561406	-0.0074132560834000005	0.002182978662087719
thymus	R-MMU-5689880_UB_SPECIFIC_PROCESSING_PROTEASES	0.008648116015743858	0.11094347386456146	-0.013279153178280701			False	False	0.2826855123674912	True	False	0.008648116015743858	-0.013279153178280701	0.11094347386456146
thymus	R-MMU-5689901_METALLOPROTEASE_DUBS	0.005502725490173685	0.0007965986973614038	0.017137646828105264			False	False	0.2049469964664311	True	True	0.005502725490173685	0.0007965986973614038	0.017137646828105264
thymus	R-MMU-5693532_DNA_DOUBLE_STRAND_BREAK_REPAIR	-0.008234072660419298	0.012841522468754394	-0.2459253582789474			False	False	0.26501766784452296	True	False	-0.008234072660419298	-0.2459253582789474	0.012841522468754394
thymus	R-MMU-5693538_HOMOLOGY_DIRECTED_REPAIR	-0.05036656783012281	0.005621342562928947	-0.023348592066166664			False	False	0.49469964664310956	True	False	-0.023348592066166664	-0.05036656783012281	0.005621342562928947
thymus	R-MMU-5693565_RECRUITMENT_AND_ATM_MEDIATED_PHOSPHORYLATION_OF_REPAIR_AND_SIGNALING_PROTEINS_AT_DNA_DOUBLE_STRAND_BREAKS	0.0043125204139898244	-0.008357332775519298	0.00941365779154386			False	False	0.18021201413427562	True	False	0.0043125204139898244	-0.008357332775519298	0.00941365779154386
thymus	R-MMU-5693567_HDR_THROUGH_HOMOLOGOUS_RECOMBINATION_HRR_OR_SINGLE_STRAND_ANNEALING_SSA	0.0037271387234035108	0.0058218206069298225	0.005069328607522806			False	False	0.15901060070671377	True	True	0.005069328607522806	0.0037271387234035108	0.0058218206069298225
thymus	R-MMU-5693571_NONHOMOLOGOUS_END_JOINING_NHEJ	0.004577477743561402	0.0064073236451649114	-0.006211701150957894			False	False	0.18374558303886926	True	False	0.004577477743561402	-0.006211701150957894	0.0064073236451649114
thymus	R-MMU-5693606_DNA_DOUBLE_STRAND_BREAK_RESPONSE	0.09527423680403509	-0.032875544187719284	0.019693716434491228			False	False	0.568904593639576	True	False	0.019693716434491228	-0.032875544187719284	0.09527423680403509
thymus	R-MMU-5693607_PROCESSING_OF_DNA_DOUBLE_STRAND_BREAK_ENDS	0.015125718542947367	-0.0032790386687982453	0.005997418296792985			False	False	0.3568904593639576	True	False	0.005997418296792985	-0.0032790386687982453	0.015125718542947367
thymus	R-MMU-597592_POST_TRANSLATIONAL_PROTEIN_MODIFICATION	0.43361728812543865	0.5726668191080702	0.3848008991105262			False	False	0.9151943462897526	True	True	0.43361728812543865	0.3848008991105262	0.5726668191080702
thymus	R-MMU-606279_DEPOSITION_OF_NEW_CENPA_CONTAINING_NUCLEOSOMES_AT_THE_CENTROMERE	0.00839632943142456	-0.007879601509464911	0.01056367699823228			False	False	0.27208480565371024	True	False	0.00839632943142456	-0.007879601509464911	0.01056367699823228
thymus	R-MMU-6791226_MAJOR_PATHWAY_OF_RRNA_PROCESSING_IN_THE_NUCLEOLUS_AND_CYTOSOL	-0.43702191371754384					False	False	0.9187279151943463	False	True	-0.43702191371754384	-0.43702191371754384	-0.43702191371754384
thymus	R-MMU-6798695_NEUTROPHIL_DEGRANULATION	0.34881875881929825	0.37044914566842124	0.0401981060929825			False	False	0.872791519434629	True	True	0.34881875881929825	0.0401981060929825	0.37044914566842124
thymus	R-MMU-6803157_ANTIMICROBIAL_PEPTIDES	0.24441254484210514	0.36483308449543866	0.02261433932491217			False	False	0.7879858657243817	True	True	0.24441254484210514	0.02261433932491217	0.36483308449543866
thymus	R-MMU-6804756_REGULATION_OF_TP53_ACTIVITY_THROUGH_PHOSPHORYLATION		0.0002384010613771928	0.012333473487964907			False	False		False	True	0.00628593727467105	0.0002384010613771928	0.012333473487964907
thymus	R-MMU-6805567_KERATINIZATION	0.1976261184824561	0.006832073824561391	-0.007702279456140282			False	False	0.7279151943462897	True	False	0.006832073824561391	-0.007702279456140282	0.1976261184824561
thymus	R-MMU-6806667_METABOLISM_OF_FAT_SOLUBLE_VITAMINS		0.0004162493539157897	-0.04945377904807016			False	False		False	False	-0.024518764847077185	-0.04945377904807016	0.0004162493539157897
thymus	R-MMU-6806834_SIGNALING_BY_MET		-0.17904720044049122	-0.2122737639892982			False	False		False	True	-0.1956604822148947	-0.2122737639892982	-0.17904720044049122
thymus	R-MMU-6809371_FORMATION_OF_THE_CORNIFIED_ENVELOPE	0.13582083688771923	0.05073726595087726	0.10335405092807015			False	False	0.6360424028268551	True	True	0.10335405092807015	0.05073726595087726	0.13582083688771923
thymus	R-MMU-6811434_COPI_DEPENDENT_GOLGI_TO_ER_RETROGRADE_TRAFFIC	-0.9291800423580702	-0.9900928093920175	0.025449115447605263			False	True	0.9823321554770318	True	False	-0.9291800423580702	-0.9900928093920175	0.025449115447605263
thymus	R-MMU-6811442_INTRA_GOLGI_AND_RETROGRADE_GOLGI_TO_ER_TRAFFIC	0.004595644790154385	-7.6145023308772e-05	-0.22987537083465268			False	False	0.1872791519434629	True	False	-7.6145023308772e-05	-0.22987537083465268	0.004595644790154385
thymus	R-MMU-6811558_PI5P_PP2A_AND_IER3_REGULATE_PI3K_AKT_SIGNALING		0.2589490036175439	-0.09060761746491225			False	False		False	False	0.08417069307631583	-0.09060761746491225	0.2589490036175439
thymus	R-MMU-68875_MITOTIC_PROPHASE	0.003455933115185965	-0.012350172573778946	0.004517276943108773			False	False	0.15547703180212014	True	False	0.003455933115185965	-0.012350172573778946	0.004517276943108773
thymus	R-MMU-68877_MITOTIC_PROMETAPHASE	-0.010596084225982457	-0.0064841127812333334	-0.002036658709055264			False	False	0.3215547703180212	True	True	-0.0064841127812333334	-0.010596084225982457	-0.002036658709055264
thymus	R-MMU-68882_MITOTIC_ANAPHASE	0.004727478008118948	-0.31388546966315795	0.004187611492957192			False	False	0.19081272084805653	True	False	0.004187611492957192	-0.31388546966315795	0.004727478008118948
thymus	R-MMU-68886_M_PHASE	-0.06726184753771931	-0.5564960319803507	-0.38072271428242105			False	False	0.5335689045936396	True	True	-0.38072271428242105	-0.5564960319803507	-0.06726184753771931
thymus	R-MMU-68962_ACTIVATION_OF_THE_PRE_REPLICATIVE_COMPLEX			0.009548324344691227			False	False		False	True	0.009548324344691227	0.009548324344691227	0.009548324344691227
thymus	R-MMU-69002_DNA_REPLICATION_PRE_INITIATION	0.0009583347950263159	-0.007305462261357895	0.00660067463587719			False	False	0.04946996466431095	True	False	0.0009583347950263159	-0.007305462261357895	0.00660067463587719
thymus	R-MMU-69052_SWITCHING_OF_ORIGINS_TO_A_POST_REPLICATIVE_STATE	-0.016591340959438598	-0.004790365711494736				False	False	0.3710247349823322	False	True	-0.010690853335466667	-0.016591340959438598	-0.004790365711494736
thymus	R-MMU-69206_G1_S_TRANSITION	-0.01384763230364211	0.0033468957177280713	-0.0061262532566491255			False	False	0.34275618374558303	True	False	-0.0061262532566491255	-0.01384763230364211	0.0033468957177280713
thymus	R-MMU-69231_CYCLIN_D_ASSOCIATED_EVENTS_IN_G1		-0.004379158906789473	0.004668361807929821			False	False		False	False	0.00014460145057017433	-0.004379158906789473	0.004668361807929821
thymus	R-MMU-69236_G1_PHASE	0.003447929325935088		-0.01445594895149123			False	False	0.1519434628975265	False	False	-0.00550400981277807	-0.01445594895149123	0.003447929325935088
thymus	R-MMU-69239_SYNTHESIS_OF_DNA	0.0031163692287070168		-0.006158238782600877			False	False	0.13427561837455831	False	False	-0.0015209347769469302	-0.006158238782600877	0.0031163692287070168
thymus	R-MMU-69242_S_PHASE	-0.08368088990914035	0.021480848245210526	-0.027600700588736853			False	False	0.5477031802120141	True	False	-0.027600700588736853	-0.08368088990914035	0.021480848245210526
thymus	R-MMU-69273_CYCLIN_A_B1_B2_ASSOCIATED_EVENTS_DURING_G2_M_TRANSITION			0.0029734821819684207			False	False		False	True	0.0029734821819684207	0.0029734821819684207	0.0029734821819684207
thymus	R-MMU-69275_G2_M_TRANSITION	-0.013528060200964911	0.012706066912905262	-0.11196859194578948			False	False	0.3392226148409894	True	False	-0.013528060200964911	-0.11196859194578948	0.012706066912905262
thymus	R-MMU-69278_CELL_CYCLE_MITOTIC	-1.438332769986316	0.3057222018245612	-1.1942289314649122	Mitotic cell cycle	aligned	True	True	1.0	True	False	-1.1942289314649122	-1.438332769986316	0.3057222018245612
thymus	R-MMU-69306_DNA_REPLICATION	0.0013444558253824569		-0.008248586279070175			False	False	0.07420494699646643	False	False	-0.0034520652268438595	-0.008248586279070175	0.0013444558253824569
thymus	R-MMU-69473_G2_M_DNA_DAMAGE_CHECKPOINT	0.00038426038900701723	-0.002383960149830178	-0.0022146903295035087			False	False	0.0176678445229682	True	False	-0.0022146903295035087	-0.002383960149830178	0.00038426038900701723
thymus	R-MMU-69481_G2_M_CHECKPOINTS	0.02031970263481579	0.0034153305190280695	-0.013880167667004386			False	False	0.392226148409894	True	False	0.0034153305190280695	-0.013880167667004386	0.02031970263481579
thymus	R-MMU-69618_MITOTIC_SPINDLE_CHECKPOINT	-0.006371649907473684	0.005304139624385968	-0.004158581585210526			False	False	0.22968197879858657	True	False	-0.004158581585210526	-0.006371649907473684	0.005304139624385968
thymus	R-MMU-69620_CELL_CYCLE_CHECKPOINTS	-0.12240321088147366	0.009872746675245615	-0.5023889204291228			False	False	0.6148409893992933	True	False	-0.12240321088147366	-0.5023889204291228	0.009872746675245615
thymus	R-MMU-71291_METABOLISM_OF_AMINO_ACIDS_AND_DERIVATIVES	0.2974644997898246	0.33532005326228065	0.16670892581929825			False	False	0.8268551236749117	True	True	0.2974644997898246	0.16670892581929825	0.33532005326228065
thymus	R-MMU-71387_METABOLISM_OF_CARBOHYDRATES_AND_CARBOHYDRATE_DERIVATIVES	0.006353595440350845	0.1413734155614034	-0.01554564705263175			False	False	0.22614840989399293	True	False	0.006353595440350845	-0.01554564705263175	0.1413734155614034
thymus	R-MMU-72312_RRNA_PROCESSING		-0.11953256086035088				False	False		False	True	-0.11953256086035088	-0.11953256086035088	-0.11953256086035088
thymus	R-MMU-72613_EUKARYOTIC_TRANSLATION_INITIATION			0.018287707853456143			False	False		False	True	0.018287707853456143	0.018287707853456143	0.018287707853456143
thymus	R-MMU-72649_TRANSLATION_INITIATION_COMPLEX_FORMATION	0.0029252922928157893					False	False	0.13074204946996468	False	True	0.0029252922928157893	0.0029252922928157893	0.0029252922928157893
thymus	R-MMU-72662_ACTIVATION_OF_THE_MRNA_UPON_BINDING_OF_THE_CAP_BINDING_COMPLEX_AND_EIFS_AND_SUBSEQUENT_BINDING_TO_43S	0.0008362232294824565					False	False	0.04240282685512368	False	True	0.0008362232294824565	0.0008362232294824565	0.0008362232294824565
thymus	R-MMU-72689_FORMATION_OF_A_POOL_OF_FREE_40S_SUBUNITS	-0.1845850855389473	-0.005122616197687719				False	False	0.7102473498233216	False	True	-0.09485385086831752	-0.1845850855389473	-0.005122616197687719
thymus	R-MMU-72702_RIBOSOMAL_SCANNING_AND_START_CODON_RECOGNITION		-0.007190669598564037				False	False		False	True	-0.007190669598564037	-0.007190669598564037	-0.007190669598564037
thymus	R-MMU-72706_GTP_HYDROLYSIS_AND_JOINING_OF_THE_60S_RIBOSOMAL_SUBUNIT	-0.0021200436162280723		-0.006749865171992981			False	False	0.08833922261484099	False	True	-0.004434954394110527	-0.006749865171992981	-0.0021200436162280723
thymus	R-MMU-72737_CAP_DEPENDENT_TRANSLATION_INITIATION		0.006513323452210529				False	False		False	True	0.006513323452210529	0.006513323452210529	0.006513323452210529
thymus	R-MMU-72766_TRANSLATION		0.0473718671838597	0.5239432221311577			False	False		False	True	0.2856575446575087	0.0473718671838597	0.5239432221311577
thymus	R-MMU-73857_RNA_POLYMERASE_II_TRANSCRIPTION	-0.11496207247368409	-0.6478054091157895	-0.32388859535087694			False	False	0.5971731448763251	True	True	-0.32388859535087694	-0.6478054091157895	-0.11496207247368409
thymus	R-MMU-73884_BASE_EXCISION_REPAIR	-0.0010044805604035104	0.0029295565997508803	0.0036257284506491226			False	False	0.05653710247349823	True	False	0.0029295565997508803	-0.0010044805604035104	0.0036257284506491226
thymus	R-MMU-73886_CHROMOSOME_MAINTENANCE	-0.12194606173577194	-0.013209411918831576	-0.0011690245347403517			False	False	0.6113074204946997	True	True	-0.013209411918831576	-0.12194606173577194	-0.0011690245347403517
thymus	R-MMU-73887_DEATH_RECEPTOR_SIGNALING	0.2138089368473684	0.13353659131052636	0.07005772764203504			False	False	0.7526501766784452	True	True	0.13353659131052636	0.07005772764203504	0.2138089368473684
thymus	R-MMU-73894_DNA_REPAIR	-1.0068827600368422	-0.9015843860249124	-0.8037649369084209	DNA repair	complementary	True	False	0.9893992932862191	True	True	-0.9015843860249124	-1.0068827600368422	-0.8037649369084209
thymus	R-MMU-73927_DEPURINATION	0.0026747948058947367	0.013253605923982453	0.006287273074494737			False	False	0.12014134275618374	True	True	0.006287273074494737	0.0026747948058947367	0.013253605923982453
thymus	R-MMU-73929_BASE_EXCISION_REPAIR_AP_SITE_FORMATION	-0.0010129201592000007	0.0018109496266666704	-0.00912357910804386			False	False	0.06007067137809187	True	False	-0.0010129201592000007	-0.00912357910804386	0.0018109496266666704
thymus	R-MMU-74160_GENE_EXPRESSION_TRANSCRIPTION	-0.054908735070175574	0.07146508664912261	-0.3812149260350877			False	False	0.5053003533568905	True	False	-0.054908735070175574	-0.3812149260350877	0.07146508664912261
thymus	R-MMU-75153_APOPTOTIC_EXECUTION_PHASE			0.009201437259999997			False	False		False	True	0.009201437259999997	0.009201437259999997	0.009201437259999997
thymus	R-MMU-76002_PLATELET_ACTIVATION_SIGNALING_AND_AGGREGATION	0.3485828727964912	0.6120018656751753	0.09869284546491242			False	False	0.8692579505300353	True	True	0.3485828727964912	0.09869284546491242	0.6120018656751753
thymus	R-MMU-76005_RESPONSE_TO_ELEVATED_PLATELET_CYTOSOLIC_CA2	-0.1439751379473683	-0.2118812200175438	-0.04978894122456139			False	False	0.657243816254417	True	True	-0.1439751379473683	-0.2118812200175438	-0.04978894122456139
thymus	R-MMU-774815_NUCLEOSOME_ASSEMBLY	0.006516934444131579	0.0049615350362371925	-0.002635687893203509			False	False	0.2332155477031802	True	False	0.0049615350362371925	-0.002635687893203509	0.006516934444131579
thymus	R-MMU-8852135_PROTEIN_UBIQUITINATION		-3.3263127519298116e-05				False	False		False	True	-3.3263127519298116e-05	-3.3263127519298116e-05	-3.3263127519298116e-05
thymus	R-MMU-8852276_THE_ROLE_OF_GTSE1_IN_G2_M_PROGRESSION_AFTER_G2_CHECKPOINT		-0.0017936582973028074	-0.009572732872372631			False	False		False	True	-0.005683195584837719	-0.009572732872372631	-0.0017936582973028074
thymus	R-MMU-8854518_AURKA_ACTIVATION_BY_TPX2		-9.556985564210607e-05	-0.0009515566758421051			False	False		False	True	-0.0005235632657421056	-0.0009515566758421051	-9.556985564210607e-05
thymus	R-MMU-8856688_GOLGI_TO_ER_RETROGRADE_TRANSPORT	-0.6729473669126315	0.019153451562379825	-0.8477960462933334			False	False	0.9681978798586572	True	False	-0.6729473669126315	-0.8477960462933334	0.019153451562379825
thymus	R-MMU-8856825_CARGO_RECOGNITION_FOR_CLATHRIN_MEDIATED_ENDOCYTOSIS	-0.010388642403719298	0.37633929885771933	0.025181665435719296			False	False	0.31095406360424027	True	False	0.025181665435719296	-0.010388642403719298	0.37633929885771933
thymus	R-MMU-8856828_CLATHRIN_MEDIATED_ENDOCYTOSIS	-0.12648753251263156	-0.02851853000701756	0.052648102263508745			False	False	0.6183745583038869	True	False	-0.02851853000701756	-0.12648753251263156	0.052648102263508745
thymus	R-MMU-8866654_E3_UBIQUITIN_LIGASES_UBIQUITINATE_TARGET_PROTEINS		-0.000460241795245614	-0.006210323511667544			False	False		False	True	-0.003335282653456579	-0.006210323511667544	-0.000460241795245614
thymus	R-MMU-8868773_RRNA_PROCESSING_IN_THE_NUCLEUS_AND_CYTOSOL			-0.17003437961333331			False	False		False	True	-0.17003437961333331	-0.17003437961333331	-0.17003437961333331
thymus	R-MMU-8878171_TRANSCRIPTIONAL_REGULATION_BY_RUNX1	0.0933349364385964	0.14252467736105262	0.13928748654210527			False	False	0.558303886925795	True	True	0.13928748654210527	0.0933349364385964	0.14252467736105262
thymus	R-MMU-8936459_RUNX1_REGULATES_GENES_INVOLVED_IN_MEGAKARYOCYTE_DIFFERENTIATION_AND_PLATELET_FUNCTION	-0.003358511214350879	-0.005278533394621052	-0.007409832116070175			False	False	0.1413427561837456	True	True	-0.005278533394621052	-0.007409832116070175	-0.003358511214350879
thymus	R-MMU-8939211_ESR_MEDIATED_SIGNALING	-0.41075057712739477	0.3375871977635088	-0.22869078329122808			False	False	0.9045936395759717	True	False	-0.22869078329122808	-0.41075057712739477	0.3375871977635088
thymus	R-MMU-8951664_NEDDYLATION	-0.43208778926561403	-0.512534712292421	0.3092133094081052			False	False	0.911660777385159	True	False	-0.43208778926561403	-0.512534712292421	0.3092133094081052
thymus	R-MMU-8953854_METABOLISM_OF_RNA	-0.15961613078947354	-0.22358637410526364	-0.1544624499298247			False	False	0.6749116607773852	True	True	-0.15961613078947354	-0.22358637410526364	-0.1544624499298247
thymus	R-MMU-8953897_CELLULAR_RESPONSES_TO_STIMULI	0.09700162038771934	-0.3671307775754386	-0.02541324442105264			False	False	0.5724381625441696	True	False	-0.02541324442105264	-0.3671307775754386	0.09700162038771934
thymus	R-MMU-8957275_POST_TRANSLATIONAL_PROTEIN_PHOSPHORYLATION	0.28171635224912267	-0.01804891766666663	0.33724288949122805			False	False	0.8162544169611308	True	False	0.28171635224912267	-0.01804891766666663	0.33724288949122805
thymus	R-MMU-8957322_METABOLISM_OF_STEROIDS	-0.5799021726164035	-0.3894945737863158	0.3458504892671929			False	False	0.950530035335689	True	False	-0.3894945737863158	-0.5799021726164035	0.3458504892671929
thymus	R-MMU-8963899_PLASMA_LIPOPROTEIN_REMODELING		-0.0051873985243859385				False	False		False	True	-0.0051873985243859385	-0.0051873985243859385	-0.0051873985243859385
thymus	R-MMU-8978868_FATTY_ACID_METABOLISM	0.13281242656140355	0.1455827414673685	0.27322018825052635			False	False	0.6289752650176679	True	True	0.1455827414673685	0.13281242656140355	0.27322018825052635
thymus	R-MMU-8980692_RHOA_GTPASE_CYCLE	-0.812444811658421	-0.10072694298596492	-0.4783944643340351	RHOA cytoskeletal cycle	complementary	True	True	0.9752650176678446	True	True	-0.4783944643340351	-0.812444811658421	-0.10072694298596492
thymus	R-MMU-9006925_INTRACELLULAR_SIGNALING_BY_SECOND_MESSENGERS	0.18998363843684213	0.04740191547368435	0.15105745501192983			False	False	0.7137809187279152	True	True	0.15105745501192983	0.04740191547368435	0.18998363843684213
thymus	R-MMU-9006931_SIGNALING_BY_NUCLEAR_RECEPTORS	0.09433147672807018	-0.05550756520136842	-0.250170942445614			False	False	0.5653710247349824	True	False	-0.05550756520136842	-0.250170942445614	0.09433147672807018
thymus	R-MMU-9006934_SIGNALING_BY_RECEPTOR_TYROSINE_KINASES	0.10513728383333328	-0.12244858026315782	0.07406605608771902			False	False	0.5865724381625441	True	False	0.07406605608771902	-0.12244858026315782	0.10513728383333328
thymus	R-MMU-9006936_SIGNALING_BY_TGFB_FAMILY_MEMBERS	0.016738941470859643	0.270633483360807	0.18051428572280698			False	False	0.3745583038869258	True	True	0.18051428572280698	0.016738941470859643	0.270633483360807
thymus	R-MMU-9007101_RAB_REGULATION_OF_TRAFFICKING	0.061776002603859646	0.0549973230861053	-0.09197862966210525			False	False	0.5265017667844523	True	False	0.0549973230861053	-0.09197862966210525	0.061776002603859646
thymus	R-MMU-9009391_EXTRA_NUCLEAR_ESTROGEN_SIGNALING	0.004076534123866665	-0.0012335549929824567	-0.12231793559003515			False	False	0.17314487632508835	True	False	-0.0012335549929824567	-0.12231793559003515	0.004076534123866665
thymus	R-MMU-9012999_RHO_GTPASE_CYCLE	-0.647662682062807	-0.4925839326168421	-0.12086470411403516			False	False	0.9646643109540636	True	True	-0.4925839326168421	-0.647662682062807	-0.12086470411403516
thymus	R-MMU-9013026_RHOB_GTPASE_CYCLE	0.014002529794736837	-0.008293336403899298	0.0033936632844122822			False	False	0.3462897526501767	True	False	0.0033936632844122822	-0.008293336403899298	0.014002529794736837
thymus	R-MMU-9013106_RHOC_GTPASE_CYCLE	-0.0022735681345192995	-0.03927808009368422	-0.05527072027601755			False	False	0.0989399293286219	True	True	-0.03927808009368422	-0.05527072027601755	-0.0022735681345192995
thymus	R-MMU-9013148_CDC42_GTPASE_CYCLE	0.009135002854575438	0.007159591560122807	0.014532317221249123			False	False	0.28975265017667845	True	True	0.009135002854575438	0.007159591560122807	0.014532317221249123
thymus	R-MMU-9013149_RAC1_GTPASE_CYCLE	-0.300010485439621	-0.25237384325438594	0.4207452667370175			False	False	0.8409893992932862	True	False	-0.25237384325438594	-0.300010485439621	0.4207452667370175
thymus	R-MMU-9013404_RAC2_GTPASE_CYCLE	-0.0014726339883859643	-0.007524256821307018	-0.030396890570175483			False	False	0.07773851590106007	True	True	-0.007524256821307018	-0.030396890570175483	-0.0014726339883859643
thymus	R-MMU-9013406_RHOQ_GTPASE_CYCLE	-0.03412942475543859	0.0014272565929385967	0.051438558203263166			False	False	0.44876325088339225	True	False	0.0014272565929385967	-0.03412942475543859	0.051438558203263166
thymus	R-MMU-9013408_RHOG_GTPASE_CYCLE		-0.0006392124341789479				False	False		False	True	-0.0006392124341789479	-0.0006392124341789479	-0.0006392124341789479
thymus	R-MMU-9013423_RAC3_GTPASE_CYCLE	-0.0022570059739982465	0.005359638669438598	-0.0023396288363298247			False	False	0.09540636042402827	True	False	-0.0022570059739982465	-0.0023396288363298247	0.005359638669438598
thymus	R-MMU-9018519_ESTROGEN_DEPENDENT_GENE_EXPRESSION		0.0017998983973684195	-0.0027242047279743857			False	False		False	False	-0.0004621531653029831	-0.0027242047279743857	0.0017998983973684195
thymus	R-MMU-9035034_RHOF_GTPASE_CYCLE		-0.08416071077950878	-0.0012689210829964913			False	False		False	True	-0.042714815931252634	-0.08416071077950878	-0.0012689210829964913
thymus	R-MMU-913531_INTERFERON_SIGNALING	-0.02979958338285966	0.19677530210175442	0.29411637859824563			False	False	0.4275618374558304	True	False	0.19677530210175442	-0.02979958338285966	0.29411637859824563
thymus	R-MMU-913709_O_LINKED_GLYCOSYLATION_OF_MUCINS		-0.1586162285950877	-0.05438286006864035			False	False		False	True	-0.10649954433186402	-0.1586162285950877	-0.05438286006864035
thymus	R-MMU-927802_NONSENSE_MEDIATED_DECAY_NMD			0.006350070828042105			False	False		False	True	0.006350070828042105	0.006350070828042105	0.006350070828042105
thymus	R-MMU-936837_ION_TRANSPORT_BY_P_TYPE_ATPASES	0.046501690837894724	0.09811473865894733	0.19655262370399998			False	False	0.48056537102473496	True	True	0.09811473865894733	0.046501690837894724	0.19655262370399998
thymus	R-MMU-937061_TRIF_TICAM1_MEDIATED_TLR4_SIGNALING	-0.0025883259641017544	0.33535515302621055	0.26582303999824564			False	False	0.1166077738515901	True	False	0.26582303999824564	-0.0025883259641017544	0.33535515302621055
thymus	R-MMU-948021_TRANSPORT_TO_THE_GOLGI_AND_SUBSEQUENT_MODIFICATION			0.05431985451754384			False	False		False	True	0.05431985451754384	0.05431985451754384	0.05431985451754384
thymus	R-MMU-9612973_AUTOPHAGY	-0.15570222705403508	-0.16483256655298248	-0.002188175088650878			False	False	0.6678445229681979	True	True	-0.15570222705403508	-0.16483256655298248	-0.002188175088650878
thymus	R-MMU-9648025_EML4_AND_NUDC_IN_MITOTIC_SPINDLE_FORMATION	0.0033983786596280706	-0.0020804864522017542	-0.010022919590582456			False	False	0.14487632508833923	True	False	-0.0020804864522017542	-0.010022919590582456	0.0033983786596280706
thymus	R-MMU-9663891_SELECTIVE_AUTOPHAGY		0.002169728636786666	-0.03125836145610702			False	False		False	False	-0.014544316409660175	-0.03125836145610702	0.002169728636786666
thymus	R-MMU-9670095_INHIBITION_OF_DNA_RECOMBINATION_AT_TELOMERE	-0.0004803970758526316	-0.018071267255473682	0.0006957261492561404			False	False	0.02120141342756184	True	False	-0.0004803970758526316	-0.018071267255473682	0.0006957261492561404
thymus	R-MMU-9675108_NERVOUS_SYSTEM_DEVELOPMENT	-0.049180266642105196	0.11595314024561401	-0.10353246349824566			False	False	0.4911660777385159	True	False	-0.049180266642105196	-0.10353246349824566	0.11595314024561401
thymus	R-MMU-9696264_RND3_GTPASE_CYCLE			0.0017662617810350952			False	False		False	True	0.0017662617810350952	0.0017662617810350952	0.0017662617810350952
thymus	R-MMU-9696270_RND2_GTPASE_CYCLE	0.0001508004447982458	-0.003383396561768421				False	False	0.01060070671378092	False	False	-0.0016162980584850876	-0.003383396561768421	0.0001508004447982458
thymus	R-MMU-9696273_RND1_GTPASE_CYCLE	0.023539559241122825		-0.00275452467145614			False	False	0.4134275618374558	False	False	0.010392517284833341	-0.00275452467145614	0.023539559241122825
thymus	R-MMU-9707564_CYTOPROTECTION_BY_HMOX1		-0.00847279148621754				False	False		False	True	-0.00847279148621754	-0.00847279148621754	-0.00847279148621754
thymus	R-MMU-9709957_SENSORY_PERCEPTION	-0.06014928986614039	-0.3481755709129824	-0.14118426569833334			False	False	0.519434628975265	True	True	-0.14118426569833334	-0.3481755709129824	-0.06014928986614039
thymus	R-MMU-9711123_CELLULAR_RESPONSE_TO_CHEMICAL_STRESS	0.010456862604166669					False	False	0.31802120141342755	False	True	0.010456862604166669	0.010456862604166669	0.010456862604166669
thymus	R-MMU-9716542_SIGNALING_BY_RHO_GTPASES_MIRO_GTPASES_AND_RHOBTB3	-0.03435256448429825	-0.8390247368438596	-0.4359354522070175			False	False	0.45229681978798586	True	True	-0.4359354522070175	-0.8390247368438596	-0.03435256448429825
thymus	R-MMU-9748784_DRUG_ADME	0.19422263429122816	0.3164001754971929	-0.24670713884045609			False	False	0.7208480565371025	True	False	0.19422263429122816	-0.24670713884045609	0.3164001754971929
thymus	R-MMU-975138_TRAF6_MEDIATED_INDUCTION_OF_NFKB_AND_MAP_KINASES_UPON_TLR7_8_OR_9_ACTIVATION	-0.03223686233414035	0.13654388775614035	-0.0060620113663508775			False	False	0.4416961130742049	True	False	-0.0060620113663508775	-0.03223686233414035	0.13654388775614035
thymus	R-MMU-975155_MYD88_DEPENDENT_CASCADE_INITIATED_ON_ENDOSOME	0.0024375102635912278	-0.012748234447514033	-0.0013420348224175427			False	False	0.10600706713780919	True	False	-0.0013420348224175427	-0.012748234447514033	0.0024375102635912278
thymus	R-MMU-975871_MYD88_CASCADE_INITIATED_ON_PLASMA_MEMBRANE	-0.0022052238417543868	-0.004653568960828948	0.0023737306616315804			False	False	0.09187279151943463	True	False	-0.0022052238417543868	-0.004653568960828948	0.0023737306616315804
thymus	R-MMU-9759476_REGULATION_OF_HOMOTYPIC_CELL_CELL_ADHESION	-0.00990840557128772	-0.006335486748326316	0.008642636972612281			False	False	0.303886925795053	True	False	-0.006335486748326316	-0.00990840557128772	0.008642636972612281
thymus	R-MMU-9764265_REGULATION_OF_CDH1_EXPRESSION_AND_FUNCTION	0.009266779542789474	-0.09324563838456137	-0.0056061255925315785			False	False	0.29328621908127206	True	False	-0.0056061255925315785	-0.09324563838456137	0.009266779542789474
thymus	R-MMU-9764274_REGULATION_OF_EXPRESSION_AND_FUNCTION_OF_TYPE_I_CLASSICAL_CADHERINS	0.015263018884561403	-0.010696981514868417	-0.05488578556421053			False	False	0.36042402826855124	True	False	-0.010696981514868417	-0.05488578556421053	0.015263018884561403
thymus	R-MMU-9764560_REGULATION_OF_CDH1_GENE_TRANSCRIPTION	-0.014384495555184212	-0.7147503729473685	-0.013830049961350874			False	False	0.3498233215547703	True	True	-0.014384495555184212	-0.7147503729473685	-0.013830049961350874
thymus	R-MMU-9764561_REGULATION_OF_CDH1_FUNCTION		0.0014398910588596526				False	False		False	True	0.0014398910588596526	0.0014398910588596526	0.0014398910588596526
thymus	R-MMU-9764725_NEGATIVE_REGULATION_OF_CDH1_GENE_TRANSCRIPTION	0.039218223608771925	-0.017777968373192975	-0.017497444089278946			False	False	0.4664310954063604	True	False	-0.017497444089278946	-0.017777968373192975	0.039218223608771925
thymus	R-MMU-9769735_INITIATION_OF_COAGULATION_CASCADE			-0.08006788977326317			False	False		False	True	-0.08006788977326317	-0.08006788977326317	-0.08006788977326317
thymus	R-MMU-9769739_REGULATION_OF_CLOTTING_CASCADE	-0.0398323412651755	0.2521256350792983	0.2626456953263999			False	False	0.4734982332155477	True	False	0.2521256350792983	-0.0398323412651755	0.2626456953263999
thymus	R-MMU-9769740_COAGULATION_PATHWAY		-0.07053461505477195	0.04684370449719298			False	False		False	False	-0.011845455278789482	-0.07053461505477195	0.04684370449719298
thymus	R-MMU-977606_REGULATION_OF_COMPLEMENT_CASCADE	0.23382173664561418	0.2811447666491228	0.12902648980701764			False	False	0.7773851590106007	True	True	0.23382173664561418	0.12902648980701764	0.2811447666491228
thymus	R-MMU-9818564_EPIGENETIC_REGULATION_OF_GENE_EXPRESSION_BY_MLL3_AND_MLL4_COMPLEXES	0.007072472037614036	-0.004228450939754385	-0.0009439599865508769			False	False	0.24028268551236748	True	False	-0.0009439599865508769	-0.004228450939754385	0.007072472037614036
thymus	R-MMU-983168_ANTIGEN_PROCESSING_UBIQUITINATION_PROTEASOME_DEGRADATION	-0.15159349960842108	0.07017132895449127	-0.02212442235438597			False	False	0.6607773851590106	True	False	-0.02212442235438597	-0.15159349960842108	0.07017132895449127
thymus	R-MMU-983169_CLASS_I_MHC_MEDIATED_ANTIGEN_PROCESSING_PRESENTATION	0.1330912978578947	0.22490803565087725	0.19079729013403507			False	False	0.6325088339222615	True	True	0.19079729013403507	0.1330912978578947	0.22490803565087725
thymus	R-MMU-983189_KINESINS	-0.0008456310416421048	0.002771345899956139	-0.07012919302385967			False	False	0.045936395759717315	True	False	-0.0008456310416421048	-0.07012919302385967	0.002771345899956139
thymus	R-MMU-983231_FACTORS_INVOLVED_IN_MEGAKARYOCYTE_DEVELOPMENT_AND_PLATELET_PRODUCTION	0.1009937313585965	0.09480807477336843	0.06638558359614027			False	False	0.5795053003533569	True	True	0.09480807477336843	0.06638558359614027	0.1009937313585965
thymus	R-MMU-9833482_PKR_MEDIATED_SIGNALING		0.000791811718887719	0.007635718043207019			False	False		False	True	0.004213764881047369	0.000791811718887719	0.007635718043207019
thymus	R-MMU-983695_ANTIGEN_ACTIVATES_B_CELL_RECEPTOR_BCR_LEADING_TO_GENERATION_OF_SECOND_MESSENGERS	-0.018845322381973683					False	False	0.38162544169611307	False	True	-0.018845322381973683	-0.018845322381973683	-0.018845322381973683
thymus	R-MMU-983705_SIGNALING_BY_THE_B_CELL_RECEPTOR_BCR	-0.11748920026894738	-0.13108650728894738	-0.1206312963494737			False	False	0.607773851590106	True	True	-0.1206312963494737	-0.13108650728894738	-0.11748920026894738
thymus	R-MMU-983712_ION_CHANNEL_TRANSPORT	0.1945580029701755	0.1328643030877194	0.020415597754385728			False	False	0.7243816254416962	True	True	0.1328643030877194	0.020415597754385728	0.1945580029701755
thymus	R-MMU-9841922_MLL4_AND_MLL3_COMPLEXES_REGULATE_EXPRESSION_OF_PPARG_TARGET_GENES_IN_ADIPOGENESIS_AND_HEPATIC_STEATOSIS	0.019093827981103508	0.0063014304464175455	0.011900530783089473			False	False	0.38515901060070673	True	True	0.011900530783089473	0.0063014304464175455	0.019093827981103508
thymus	R-MMU-9842860_REGULATION_OF_ENDOGENOUS_RETROELEMENTS	0.008282821862122805	-0.012642426158219297	0.0015899272853870466			False	False	0.26855123674911663	True	False	0.0015899272853870466	-0.012642426158219297	0.008282821862122805
thymus	R-MMU-9843940_REGULATION_OF_ENDOGENOUS_RETROELEMENTS_BY_KRAB_ZFP_PROTEINS	0.001528429936470176	-0.00291520959962807	0.10457503242477192			False	False	0.0812720848056537	True	False	0.001528429936470176	-0.00291520959962807	0.10457503242477192
thymus	R-MMU-9851695_EPIGENETIC_REGULATION_OF_ADIPOGENESIS_GENES_BY_MLL3_AND_MLL4_COMPLEXES	-0.9405745326589475	-0.0019436102355964927	-0.0023831165950245594			False	False	0.9858657243816255	True	True	-0.0023831165950245594	-0.9405745326589475	-0.0019436102355964927
thymus	R-MMU-9855142_CELLULAR_RESPONSES_TO_MECHANICAL_STIMULI	-0.0006694316691157889	-0.0007029489097792981	0.014162239203763157			False	False	0.0353356890459364	True	False	-0.0006694316691157889	-0.0007029489097792981	0.014162239203763157
thymus	R-MMU-9860931_RESPONSE_OF_ENDOTHELIAL_CELLS_TO_SHEAR_STRESS	0.002445277770709649	-0.001402981497719298	0.0023770722337561412			False	False	0.10954063604240283	True	False	0.0023770722337561412	-0.001402981497719298	0.002445277770709649
thymus	R-MMU-9909648_REGULATION_OF_PD_L1_CD274_EXPRESSION	-0.023274338089007016	0.009821693080522807	-0.032888821140526325			False	False	0.4098939929328622	True	False	-0.023274338089007016	-0.032888821140526325	0.009821693080522807
thymus	R-MMU-9909649_REGULATION_OF_PD_L1_CD274_TRANSCRIPTION	0.0075172114505263135	0.02251036854406316	-0.008921100899622805			False	False	0.2579505300353357	True	False	0.0075172114505263135	-0.008921100899622805	0.02251036854406316
thymus	R-MMU-9917777_EPIGENETIC_REGULATION_BY_WDR5_CONTAINING_HISTONE_MODIFYING_COMPLEXES	-0.004036669997035088	-0.008425137193754387	0.011821741228296493			False	False	0.1696113074204947	True	False	-0.004036669997035088	-0.008425137193754387	0.011821741228296493
thymus	R-MMU-9932444_ATP_DEPENDENT_CHROMATIN_REMODELERS	0.20652254163912281	-0.2784647443445614	0.08808196242429825			False	False	0.7420494699646644	True	False	0.08808196242429825	-0.2784647443445614	0.20652254163912281
thymus	R-MMU-9937848_CHD_CHROMATIN_REMODELERS	0.0050795464577719305	-0.017788892553964937	0.0005418056180280687			False	False	0.20141342756183744	True	False	0.0005418056180280687	-0.017788892553964937	0.0050795464577719305
thymus	R-MMU-9937850_NURD_COMPLEX_ASSEMBLY	-0.0009777874630614032	-0.3773508893357895	-0.0013505871019298243			False	False	0.053003533568904596	True	True	-0.0013505871019298243	-0.3773508893357895	-0.0009777874630614032
thymus	R-MMU-9940951_INTERACTION_OF_NURD_COMPLEXES_WITH_TRANSCRIPTION_FACTORS	-0.16591731407789484	0.006086816826219298	-0.03432294345614031			False	False	0.6784452296819788	True	False	-0.03432294345614031	-0.16591731407789484	0.006086816826219298
thymus	R-MMU-9943965_CHD3_CHD4_CHD5_SUBFAMILY	-0.0005905617108771931	0.016644834315185965	0.0023595993534561424			False	False	0.028268551236749116	True	False	0.0023595993534561424	-0.0005905617108771931	0.016644834315185965
thymus	R-MMU-9948299_RIBOSOME_ASSOCIATED_QUALITY_CONTROL			0.001336369552000001			False	False		False	True	0.001336369552000001	0.001336369552000001	0.001336369552000001
thymus	R-MMU-9954714_PELO_HBS1L_AND_ABCE1_DISSOCIATE_A_RIBOSOME_ON_A_NON_STOP_MRNA			-0.05377721315087698			False	False		False	True	-0.05377721315087698	-0.05377721315087698	-0.05377721315087698
thymus	R-MMU-9958825_ACTIVATION_OF_STAT3_BY_CADHERIN_ENGAGEMENT	-0.02097800107014807	-0.017239933674775436	0.0033433473171105253			False	False	0.3992932862190813	True	False	-0.017239933674775436	-0.02097800107014807	0.0033433473171105253
thymus	R-MMU-9958863_SLC_MEDIATED_TRANSPORT_OF_AMINO_ACIDS	-0.056466908436491235	-0.3656260704614035	-0.11348612846315782			False	False	0.508833922261484	True	True	-0.11348612846315782	-0.3656260704614035	-0.056466908436491235
thymus	R-MMU-9975921_ASSEMBLY_OF_THE_9_0_PRIMARY_CILIUM	-0.08400722717543849	-0.4827948732029824	-0.32193434005666666			False	False	0.5512367491166078	True	True	-0.32193434005666666	-0.4827948732029824	-0.08400722717543849
